entity_id,safe_id,name,name_en,description_len,release_tier,concept_kind,degree,coverage_role,batch,cardable,card_status,infograph_status
ctc:v11g-13a9994c50acce777819aa2a,ctc_v11g-13a9994c50acce777819aa2a,闭环极点,closed_loop_poles,23,gold,mathematical_object,5,formal_objective,A,True,ok,accepted
ctc:v11g-a3d09e397d88f3ae13bc9d89,ctc_v11g-a3d09e397d88f3ae13bc9d89,参数根轨迹,parameter_root_locus,49,gold,representation_kind,4,formal_objective,A,True,ok,accepted
ctc:v11g-97c34f1eca6199404a4ccf79,ctc_v11g-97c34f1eca6199404a4ccf79,反应曲线,reaction_curve,188,gold,representation_kind,3,explicit_extension,A,True,ok,accepted
ctc:v11g-b6a581c8f216ccd9cdccb66a,ctc_v11g-b6a581c8f216ccd9cdccb66a,反应曲线参数,reaction_curve_parameters,165,gold,mathematical_object,3,explicit_extension,A,True,ok,accepted
ctc:v11g-d20816e0005b7c325c7f4477,ctc_v11g-d20816e0005b7c325c7f4477,等效开环传递函数,equivalent_open_loop_transfer_function,32,gold,representation_kind,3,formal_objective,A,True,ok,accepted
ctc:90af7a0497e616bbe6249c30,ctc_90af7a0497e616bbe6249c30,在时间域描述系统动态性能的数学…,v5c_differential_equation_model_targeted,27,gold,representation_kind,2,formal_objective,A,True,ok,accepted
ctc:c782502fe412ef828c662650,ctc_c782502fe412ef828c662650,合同明确要求 composit…,v5c_closed_loop_transfer_function_companion,209,gold,representation_kind,2,formal_objective,A,True,ok,accepted
ctc:v11g-2d0a8b878047bb6a5effc783,ctc_v11g-2d0a8b878047bb6a5effc783,在绘制参数根轨迹之前引入的概念,equivalent_unity_feedback_system,43,gold,system_kind,2,formal_objective,A,True,ok,accepted
ctc:v11g-713ffa8d5c112a3c2dc1569e,ctc_v11g-713ffa8d5c112a3c2dc1569e,常规根轨迹,conventional_gain_root_locus,30,gold,representation_kind,2,formal_objective,A,True,ok,accepted
ctc:v11g-95859dcad651c20058bf8726,ctc_v11g-95859dcad651c20058bf8726,开环零点,open_loop_zeros,21,gold,mathematical_object,2,formal_objective,A,True,ok,accepted
ctc:v11g-bde559972a3c77718ce84d2e,ctc_v11g-bde559972a3c77718ce84d2e,广义根轨迹,generalized_root_locus,47,gold,representation_kind,2,formal_objective,A,True,ok,accepted
ctc:modeling-1b36aff609b370e792d9dee6,ctc_modeling-1b36aff609b370e792d9dee6,The concept that analogous,modeling_1b36aff609b370e792d9dee6,176,silver,theoretical_construct,1,necessary_prerequisite,A,True,ok,accepted
ctc:modeling-2326548c33d3005ed44b3f18,ctc_modeling-2326548c33d3005ed44b3f18,variable that is measured,modeling_2326548c33d3005ed44b3f18,174,silver,theoretical_construct,1,necessary_prerequisite,A,True,ok,accepted
ctc:modeling-3abaeb7a2cbf8d77276bf23c,ctc_modeling-3abaeb7a2cbf8d77276bf23c,领域概念,modeling_3abaeb7a2cbf8d77276bf23c,184,silver,theoretical_construct,1,necessary_prerequisite,A,True,ok,accepted
ctc:modeling-a5274fe5fb3f346f6aff0ddd,ctc_modeling-a5274fe5fb3f346f6aff0ddd,Analytical results and tools,modeling_a5274fe5fb3f346f6aff0ddd,186,silver,analysis_method,1,explicit_extension,A,True,ok,accepted
ctc:v11g-110792a593c8f23f058bf750,ctc_v11g-110792a593c8f23f058bf750,I型系统,type_one_system,20,gold,system_kind,1,formal_objective,A,True,ok,accepted
ctc:v11g-8dbc090e09d5c07e280c6319,ctc_v11g-8dbc090e09d5c07e280c6319,静态速度误差系数,static_velocity_error_constant,25,gold,performance_metric,1,formal_objective,A,True,ok,accepted
ctc:v11g-d25e6196c789c546f7a61064,ctc_v11g-d25e6196c789c546f7a61064,正反馈内回路,positive_feedback_inner_loop,34,gold,system_component,1,formal_objective,A,True,ok,accepted
ctc:v11g-e73425ff41e0f022a641c4cd,ctc_v11g-e73425ff41e0f022a641c4cd,K_G*,forward_path_root_locus_gain,34,gold,mathematical_object,1,formal_objective,A,True,ok,accepted
ctc:v11g-f0a551cbfb667c38018a1aa9,ctc_v11g-f0a551cbfb667c38018a1aa9,开环极点,open_loop_poles,21,gold,mathematical_object,1,formal_objective,A,True,ok,accepted
ctc:v12g-15b7fb1d68889848e3c50c46,ctc_v12g-15b7fb1d68889848e3c50c46,根轨迹增益,root_locus_gain,26,gold,mathematical_object,1,formal_objective,A,True,ok,accepted
ctc:0f418dc24d2aacaaafdcdcc0,ctc_0f418dc24d2aacaaafdcdcc0,前向通路上各支路增益之乘积,modeling_v2r_recovered_73552d8da29fbd2073b5f21a,25,silver,theoretical_construct,0,formal_objective,A,True,ok,accepted
ctc:909e732d40f972bf760fa8ff,ctc_909e732d40f972bf760fa8ff,v5c disturbance targeted,v5c_disturbance_targeted,288,gold,signal_role,0,explicit_extension,A,True,ok,accepted
ctc:modeling-035c9d54765ac2b02802c971,ctc_modeling-035c9d54765ac2b02802c971,离散系统,modeling_035c9d54765ac2b02802c971,96,silver,theoretical_construct,0,explicit_extension,A,True,ok,accepted
ctc:modeling-07799c3f876317e36fe669f8,ctc_modeling-07799c3f876317e36fe669f8,信号流图的特征式,modeling_07799c3f876317e36fe669f8,160,silver,theoretical_construct,0,formal_objective,A,True,ok,accepted
ctc:modeling-0810a8f6329a55f3696b8b21,ctc_modeling-0810a8f6329a55f3696b8b21,离散系统状态方程中矩阵 G 的…,modeling_0810a8f6329a55f3696b8b21,30,silver,theoretical_construct,0,explicit_extension,A,True,ok,accepted
ctc:modeling-0ae282f545b3c7aad3f3b142,ctc_modeling-0ae282f545b3c7aad3f3b142,领域概念,modeling_0ae282f545b3c7aad3f3b142,156,silver,analysis_method,0,explicit_extension,A,True,ok,accepted
ctc:modeling-0cb360fdf4bd5a71b47de347,ctc_modeling-0cb360fdf4bd5a71b47de347,method to derive state,modeling_0cb360fdf4bd5a71b47de347,244,silver,analysis_method,0,explicit_extension,A,True,ok,accepted
ctc:modeling-0d2d78a5b1450e4732ac262c,ctc_modeling-0d2d78a5b1450e4732ac262c,领域概念,modeling_0d2d78a5b1450e4732ac262c,150,silver,analysis_method,0,necessary_prerequisite,A,True,ok,accepted
ctc:modeling-0dd26e5dad1221fb520f0be6,ctc_modeling-0dd26e5dad1221fb520f0be6,偏差向量至反馈向量之间的传递矩…,modeling_0dd26e5dad1221fb520f0be6,26,silver,theoretical_construct,0,explicit_extension,A,True,ok,accepted
ctc:modeling-1324d28fa14e065c6bf101be,ctc_modeling-1324d28fa14e065c6bf101be,求解齐次状态方程的一种方法,modeling_1324d28fa14e065c6bf101be,50,silver,analysis_method,0,explicit_extension,A,True,ok,accepted
ctc:modeling-137c3394c7a146209fe2cd37,ctc_modeling-137c3394c7a146209fe2cd37,领域概念,modeling_137c3394c7a146209fe2cd37,155,silver,analysis_method,0,necessary_prerequisite,A,True,ok,accepted
ctc:modeling-14dc921a2171d3adbe16bbf1,ctc_modeling-14dc921a2171d3adbe16bbf1,根据系统机理建立微分或差分方程…,modeling_14dc921a2171d3adbe16bbf1,59,silver,analysis_method,0,explicit_extension,A,True,ok,accepted
ctc:modeling-1687db68b267504e01f6f2b4,ctc_modeling-1687db68b267504e01f6f2b4,先由系统原理图画出系统方框图,modeling_1687db68b267504e01f6f2b4,37,silver,analysis_method,0,formal_objective,A,True,ok,accepted
ctc:modeling-1856c331960e3c439dcc999f,ctc_modeling-1856c331960e3c439dcc999f,领域概念,modeling_1856c331960e3c439dcc999f,287,silver,analysis_method,0,explicit_extension,A,True,ok,accepted
ctc:modeling-19fcaf11e98efb8b7abe46b7,ctc_modeling-19fcaf11e98efb8b7abe46b7,将系统结构图转换为信号流图的方法,modeling_19fcaf11e98efb8b7abe46b7,119,silver,analysis_method,0,formal_objective,A,True,ok,accepted
ctc:modeling-1ca9b9e7c47289b157be60ab,ctc_modeling-1ca9b9e7c47289b157be60ab,输入向量至输出向量之间的传递矩阵,modeling_1ca9b9e7c47289b157be60ab,17,silver,theoretical_construct,0,explicit_extension,A,False,ok,accepted
ctc:modeling-1d8759ac1188e2de38f75ed3,ctc_modeling-1d8759ac1188e2de38f75ed3,The path of the,modeling_1d8759ac1188e2de38f75ed3,88,silver,theoretical_construct,0,explicit_extension,A,True,ok,accepted
ctc:modeling-2175d5717ff3333e7780bba0,ctc_modeling-2175d5717ff3333e7780bba0,线性定常微分方程的求解方法有经…,modeling_2175d5717ff3333e7780bba0,40,silver,analysis_method,0,formal_objective,A,True,ok,accepted
ctc:modeling-24b7f0a084cdfe7e6f1b42dc,ctc_modeling-24b7f0a084cdfe7e6f1b42dc,Methods for the solution,modeling_24b7f0a084cdfe7e6f1b42dc,95,silver,analysis_method,0,explicit_extension,A,True,ok,accepted
ctc:modeling-26ca57c1d48b4588cb72f6a0,ctc_modeling-26ca57c1d48b4588cb72f6a0,system that is both,modeling_26ca57c1d48b4588cb72f6a0,98,silver,theoretical_construct,0,necessary_prerequisite,A,True,ok,accepted
ctc:modeling-2b2438ba804d1feebcee9a96,ctc_modeling-2b2438ba804d1feebcee9a96,method for obtaining the,modeling_2b2438ba804d1feebcee9a96,196,silver,analysis_method,0,necessary_prerequisite,A,True,ok,accepted
ctc:modeling-30d05b970a0d4a71c9d243c3,ctc_modeling-30d05b970a0d4a71c9d243c3,Various levels of simulation,modeling_30d05b970a0d4a71c9d243c3,408,silver,theoretical_construct,0,explicit_extension,A,True,ok,accepted
ctc:modeling-32c90d17122e73c35abdab90,ctc_modeling-32c90d17122e73c35abdab90,领域概念,modeling_32c90d17122e73c35abdab90,119,silver,theoretical_construct,0,explicit_extension,A,True,ok,accepted
ctc:modeling-342138cd12f0e7fce63c7dc3,ctc_modeling-342138cd12f0e7fce63c7dc3,离散系统状态方程中矩阵 G 和…,modeling_342138cd12f0e7fce63c7dc3,32,silver,theoretical_construct,0,explicit_extension,A,True,ok,accepted
ctc:modeling-348746457d644126ff8ecf77,ctc_modeling-348746457d644126ff8ecf77,一个含约当块的矩阵,modeling_348746457d644126ff8ecf77,49,silver,theoretical_construct,0,explicit_extension,A,True,ok,accepted
ctc:modeling-352b9bfe27ba1ab6b9c9672e,ctc_modeling-352b9bfe27ba1ab6b9c9672e,When the sensor and,modeling_352b9bfe27ba1ab6b9c9672e,118,silver,theoretical_construct,0,explicit_extension,A,True,ok,accepted
ctc:modeling-38bfb4cb62b1e9f867f951ae,ctc_modeling-38bfb4cb62b1e9f867f951ae,输入向量至偏差向量之间的传递矩阵,modeling_38bfb4cb62b1e9f867f951ae,17,silver,theoretical_construct,0,explicit_extension,A,False,ok,accepted
ctc:modeling-3b82234a76ee637f43e7eb31,ctc_modeling-3b82234a76ee637f43e7eb31,1) 确定输入量和输出量,modeling_3b82234a76ee637f43e7eb31,33,silver,analysis_method,0,formal_objective,A,True,ok,accepted
ctc:modeling-405a39dbba1f6754b8e08afc,ctc_modeling-405a39dbba1f6754b8e08afc,信号流图中每个单独回路的增益,modeling_405a39dbba1f6754b8e08afc,15,silver,theoretical_construct,0,formal_objective,A,False,ok,accepted
ctc:modeling-43db7af217e7530329f7d3ee,ctc_modeling-43db7af217e7530329f7d3ee,将传递函数分解为严格有理真分式…,modeling_43db7af217e7530329f7d3ee,56,silver,analysis_method,0,explicit_extension,A,True,ok,accepted
ctc:modeling-4633e458d7b6508b49488fbb,ctc_modeling-4633e458d7b6508b49488fbb,领域概念,modeling_4633e458d7b6508b49488fbb,150,silver,analysis_method,0,necessary_prerequisite,A,True,ok,accepted
ctc:modeling-46c092af27c437226e4dc849,ctc_modeling-46c092af27c437226e4dc849,状态空间表达式中n×p的系数矩阵,modeling_46c092af27c437226e4dc849,24,silver,theoretical_construct,0,explicit_extension,A,True,ok,accepted
ctc:modeling-47a00ebb2fb5027988fd918d,ctc_modeling-47a00ebb2fb5027988fd918d,type of ideal element,modeling_47a00ebb2fb5027988fd918d,157,silver,theoretical_construct,0,necessary_prerequisite,A,True,ok,accepted
ctc:modeling-4ab0ef32a4b6e8688292e5d1,ctc_modeling-4ab0ef32a4b6e8688292e5d1,signal that is zero,modeling_4ab0ef32a4b6e8688292e5d1,53,silver,theoretical_construct,0,necessary_prerequisite,A,True,ok,accepted
ctc:modeling-4c7a0114a15c9e4039f6d193,ctc_modeling-4c7a0114a15c9e4039f6d193,回路中所有支路增益之乘积,modeling_4c7a0114a15c9e4039f6d193,22,silver,theoretical_construct,0,formal_objective,A,True,ok,accepted
ctc:modeling-4d823b7e3681c86fecb9559a,ctc_modeling-4d823b7e3681c86fecb9559a,The coefficients in partial,modeling_4d823b7e3681c86fecb9559a,193,silver,theoretical_construct,0,necessary_prerequisite,A,True,ok,accepted
ctc:modeling-508c28b45e84e9ad245a12e1,ctc_modeling-508c28b45e84e9ad245a12e1,领域概念,modeling_508c28b45e84e9ad245a12e1,171,silver,analysis_method,0,necessary_prerequisite,A,True,ok,accepted
ctc:modeling-542407d995b04730d1803912,ctc_modeling-542407d995b04730d1803912,用线性微分方程描述的元件或系统,modeling_542407d995b04730d1803912,16,silver,theoretical_construct,0,formal_objective,A,False,ok,accepted
ctc:modeling-54c8aa23c2b86182e3cd9bd8,ctc_modeling-54c8aa23c2b86182e3cd9bd8,在经典控制理论中,modeling_54c8aa23c2b86182e3cd9bd8,84,silver,analysis_method,0,explicit_extension,A,True,ok,accepted
ctc:modeling-5727d74e4587f60fe7b011ae,ctc_modeling-5727d74e4587f60fe7b011ae,二阶微分方程,modeling_5727d74e4587f60fe7b011ae,55,silver,theoretical_construct,0,formal_objective,A,True,ok,accepted
ctc:modeling-591b33e87b9709fd8e130365,ctc_modeling-591b33e87b9709fd8e130365,为避免状态方程中出现输入导数项,modeling_591b33e87b9709fd8e130365,106,silver,analysis_method,0,explicit_extension,A,True,ok,accepted
ctc:modeling-59dac2e92350a8942f2838bf,ctc_modeling-59dac2e92350a8942f2838bf,领域概念,modeling_59dac2e92350a8942f2838bf,86,silver,analysis_method,0,explicit_extension,A,True,ok,accepted
ctc:modeling-5a8212ba438fbb1d8c953300,ctc_modeling-5a8212ba438fbb1d8c953300,An alternative approach to,modeling_5a8212ba438fbb1d8c953300,306,silver,analysis_method,0,explicit_extension,A,True,ok,accepted
ctc:modeling-6212bcf51507051ef6765954,ctc_modeling-6212bcf51507051ef6765954,状态空间表达式中n×n的系数矩阵,modeling_6212bcf51507051ef6765954,24,silver,theoretical_construct,0,explicit_extension,A,True,ok,accepted
ctc:modeling-655f0fd8bf0c0c43b2d79f1e,ctc_modeling-655f0fd8bf0c0c43b2d79f1e,device composed of electric,modeling_655f0fd8bf0c0c43b2d79f1e,101,silver,theoretical_construct,0,explicit_extension,A,True,ok,accepted
ctc:modeling-698adafe19696afc3498a321,ctc_modeling-698adafe19696afc3498a321,某一输出量仅受某一输入量控制的…,modeling_698adafe19696afc3498a321,28,silver,theoretical_construct,0,explicit_extension,A,True,ok,accepted
ctc:modeling-70434ed48871b3f245571e56,ctc_modeling-70434ed48871b3f245571e56,基于系统内部结构分析的数学模型,modeling_70434ed48871b3f245571e56,29,silver,theoretical_construct,0,explicit_extension,A,True,ok,accepted
ctc:modeling-71a76d12eda374c0191ffca3,ctc_modeling-71a76d12eda374c0191ffca3,两相伺服电动机时间常数Tm=J…,modeling_71a76d12eda374c0191ffca3,25,silver,theoretical_construct,0,formal_objective,A,True,ok,accepted
ctc:modeling-74c7bd3161fdfc16eaf91e7d,ctc_modeling-74c7bd3161fdfc16eaf91e7d,领域概念,modeling_74c7bd3161fdfc16eaf91e7d,117,silver,analysis_method,0,necessary_prerequisite,A,True,ok,accepted
ctc:modeling-799ffe58feb1471183f23786,ctc_modeling-799ffe58feb1471183f23786,离散系统结构图中的元件,modeling_799ffe58feb1471183f23786,64,silver,theoretical_construct,0,explicit_extension,A,True,ok,accepted
ctc:modeling-7aef273143199795496abedb,ctc_modeling-7aef273143199795496abedb,移动引出点或比较点,modeling_7aef273143199795496abedb,39,silver,analysis_method,0,formal_objective,A,True,ok,accepted
ctc:modeling-7b79aff5bd212553226ee1e7,ctc_modeling-7b79aff5bd212553226ee1e7,状态空间表达式中q×p的系数矩阵,modeling_7b79aff5bd212553226ee1e7,26,silver,theoretical_construct,0,explicit_extension,A,True,ok,accepted
ctc:modeling-7d3f65e0e26470e469650c4d,ctc_modeling-7d3f65e0e26470e469650c4d,领域概念,modeling_7d3f65e0e26470e469650c4d,239,silver,analysis_method,0,necessary_prerequisite,A,True,ok,accepted
ctc:modeling-7fa2352b16acf995839bcabf,ctc_modeling-7fa2352b16acf995839bcabf,representation of the motion,modeling_7fa2352b16acf995839bcabf,89,silver,theoretical_construct,0,explicit_extension,A,True,ok,accepted
ctc:modeling-82926f44dbd08d4b847f084c,ctc_modeling-82926f44dbd08d4b847f084c,根据结构图的信号线明确传递的信…,modeling_82926f44dbd08d4b847f084c,138,silver,analysis_method,0,formal_objective,A,True,ok,accepted
ctc:modeling-86c3ed202ffa91dda515b737,ctc_modeling-86c3ed202ffa91dda515b737,用拉普拉斯变换法求解线性定常微…,modeling_86c3ed202ffa91dda515b737,41,silver,analysis_method,0,formal_objective,A,True,ok,accepted
ctc:modeling-88620d843ba8358a9c157a2c,ctc_modeling-88620d843ba8358a9c157a2c,领域概念,modeling_88620d843ba8358a9c157a2c,85,silver,analysis_method,0,necessary_prerequisite,A,True,ok,accepted
ctc:modeling-88803865ceb9957c00782479,ctc_modeling-88803865ceb9957c00782479,离散化状态方程中用于从当前状态…,modeling_88803865ceb9957c00782479,76,silver,theoretical_construct,0,explicit_extension,A,True,ok,accepted
ctc:modeling-8c219613b911f03debf71de2,ctc_modeling-8c219613b911f03debf71de2,先列写网络的微分方程,modeling_8c219613b911f03debf71de2,74,silver,analysis_method,0,formal_objective,A,True,ok,accepted
ctc:modeling-8d1b0642d97aee74f32e4376,ctc_modeling-8d1b0642d97aee74f32e4376,考虑初始条件,modeling_8d1b0642d97aee74f32e4376,102,silver,analysis_method,0,formal_objective,A,True,ok,accepted
ctc:modeling-954f858741527b57a495472c,ctc_modeling-954f858741527b57a495472c,The operational amplifier in,modeling_954f858741527b57a495472c,96,silver,theoretical_construct,0,explicit_extension,A,True,ok,accepted
ctc:modeling-9693e33e440380c4bb0d1269,ctc_modeling-9693e33e440380c4bb0d1269,The distribution of internal,modeling_9693e33e440380c4bb0d1269,281,silver,theoretical_construct,0,necessary_prerequisite,A,True,ok,accepted
ctc:modeling-a18617af9cc8138f30c71543,ctc_modeling-a18617af9cc8138f30c71543,传递函数因式分解为一次因子和二…,modeling_a18617af9cc8138f30c71543,49,silver,theoretical_construct,0,formal_objective,A,True,ok,accepted
ctc:modeling-a30f001ebd5a123a456a51da,ctc_modeling-a30f001ebd5a123a456a51da,网络的单位阶跃响应,modeling_a30f001ebd5a123a456a51da,26,silver,theoretical_construct,0,formal_objective,A,True,ok,accepted
ctc:modeling-a6cbd3670d6f4922a66a4807,ctc_modeling-a6cbd3670d6f4922a66a4807,rectangular pulse of width,modeling_a6cbd3670d6f4922a66a4807,71,silver,theoretical_construct,0,necessary_prerequisite,A,True,ok,accepted
ctc:modeling-afa39b57a646673e84b55f09,ctc_modeling-afa39b57a646673e84b55f09,在电位器输出端接有负载时所产生…,modeling_afa39b57a646673e84b55f09,101,silver,theoretical_construct,0,formal_objective,A,True,ok,accepted
ctc:modeling-b3a99f432633e974b125d627,ctc_modeling-b3a99f432633e974b125d627,可控标准型与可观测标准型之间的…,modeling_b3a99f432633e974b125d627,20,silver,theoretical_construct,0,explicit_extension,A,True,ok,accepted
ctc:modeling-b51e05d922d0e35d648451de,ctc_modeling-b51e05d922d0e35d648451de,The complex plane used,modeling_b51e05d922d0e35d648451de,90,silver,theoretical_construct,0,necessary_prerequisite,A,True,ok,accepted
ctc:modeling-b699c4eaa00f8d6535c87e2e,ctc_modeling-b699c4eaa00f8d6535c87e2e,离散化状态方程中与输入 u(k…,modeling_b699c4eaa00f8d6535c87e2e,62,silver,theoretical_construct,0,explicit_extension,A,True,ok,accepted
ctc:modeling-bc3ed7b4cd301d0313edf349,ctc_modeling-bc3ed7b4cd301d0313edf349,通过设计前馈补偿器 G_d(s…,modeling_bc3ed7b4cd301d0313edf349,90,silver,analysis_method,0,explicit_extension,A,True,ok,accepted
ctc:modeling-bddaef2510e39cbb62d60df2,ctc_modeling-bddaef2510e39cbb62d60df2,表示对信号进行的数学变换,modeling_bddaef2510e39cbb62d60df2,49,silver,theoretical_construct,0,formal_objective,A,True,ok,accepted
ctc:modeling-c0090e2fe39e944d697af3d6,ctc_modeling-c0090e2fe39e944d697af3d6,通过设计串联补偿器 G_c(s…,modeling_c0090e2fe39e944d697af3d6,98,silver,analysis_method,0,explicit_extension,A,True,ok,accepted
ctc:modeling-c0359c7c7e3a044d422b43d4,ctc_modeling-c0359c7c7e3a044d422b43d4,将微分方程或积分方程通过拉氏变…,modeling_c0359c7c7e3a044d422b43d4,68,silver,analysis_method,0,formal_objective,A,True,ok,accepted
ctc:modeling-c04df490ee00ab5968835058,ctc_modeling-c04df490ee00ab5968835058,领域概念,modeling_c04df490ee00ab5968835058,160,silver,theoretical_construct,0,explicit_extension,A,True,ok,accepted
ctc:modeling-c0913d0807ab432c65d73f9d,ctc_modeling-c0913d0807ab432c65d73f9d,描述离散时间系统状态随时间演化…,modeling_c0913d0807ab432c65d73f9d,75,silver,theoretical_construct,0,explicit_extension,A,True,ok,accepted
ctc:modeling-c499b71d908bd8fe4124c533,ctc_modeling-c499b71d908bd8fe4124c533,首先考虑负载效应分别列写系统各…,modeling_c499b71d908bd8fe4124c533,75,silver,analysis_method,0,formal_objective,A,True,ok,accepted
ctc:modeling-c7e02ad3e9eb1c529a54d16a,ctc_modeling-c7e02ad3e9eb1c529a54d16a,离散化状态方程的解,modeling_c7e02ad3e9eb1c529a54d16a,22,silver,theoretical_construct,0,explicit_extension,A,True,ok,accepted
ctc:modeling-c800e57165a6a2552cbac118,ctc_modeling-c800e57165a6a2552cbac118,当 $b_n=0$ 时,modeling_c800e57165a6a2552cbac118,84,silver,analysis_method,0,explicit_extension,A,True,ok,accepted
ctc:modeling-cb573e77fe3892ee15580d09,ctc_modeling-cb573e77fe3892ee15580d09,状态空间表达式中q×n的系数矩阵,modeling_cb573e77fe3892ee15580d09,24,silver,theoretical_construct,0,explicit_extension,A,True,ok,accepted
ctc:modeling-cf63ae3c432de6daba31b636,ctc_modeling-cf63ae3c432de6daba31b636,通过选择状态变量 $x_1 =…,modeling_cf63ae3c432de6daba31b636,96,silver,analysis_method,0,explicit_extension,A,True,ok,accepted
ctc:modeling-d1d778fef91f78f0d3490f87,ctc_modeling-d1d778fef91f78f0d3490f87,The impulse response is,modeling_d1d778fef91f78f0d3490f87,108,silver,theoretical_construct,0,necessary_prerequisite,A,True,ok,accepted
ctc:modeling-db7aabf07d906f63b237e10d,ctc_modeling-db7aabf07d906f63b237e10d,"λ₁,",modeling_db7aabf07d906f63b237e10d,125,silver,theoretical_construct,0,formal_objective,A,True,ok,accepted
ctc:modeling-e4ceb6ad3afccdbda0ae3d91,ctc_modeling-e4ceb6ad3afccdbda0ae3d91,初始条件为零时,modeling_e4ceb6ad3afccdbda0ae3d91,37,silver,theoretical_construct,0,explicit_extension,A,True,ok,accepted
ctc:modeling-e4d5dedd058631068d41b452,ctc_modeling-e4d5dedd058631068d41b452,The process of analyzing,modeling_e4d5dedd058631068d41b452,324,silver,analysis_method,0,necessary_prerequisite,A,True,ok,accepted
ctc:modeling-e8a0502ecb67f574a5cb6c1b,ctc_modeling-e8a0502ecb67f574a5cb6c1b,流图余因子式 Δ_k,modeling_e8a0502ecb67f574a5cb6c1b,59,silver,theoretical_construct,0,formal_objective,A,True,ok,accepted
ctc:modeling-ef0228881c8874509244b517,ctc_modeling-ef0228881c8874509244b517,反映系统内部变量和输入变量间因…,modeling_ef0228881c8874509244b517,41,silver,theoretical_construct,0,formal_objective,A,True,ok,accepted
ctc:modeling-f1fa95c18225ac436316bb71,ctc_modeling-f1fa95c18225ac436316bb71,系统状态在状态空间中随时间变化…,modeling_f1fa95c18225ac436316bb71,19,silver,theoretical_construct,0,explicit_extension,A,False,ok,accepted
ctc:modeling-f3651eb0cd08666096abebe0,ctc_modeling-f3651eb0cd08666096abebe0,The steps to obtain,modeling_f3651eb0cd08666096abebe0,281,silver,analysis_method,0,necessary_prerequisite,A,True,ok,accepted
ctc:modeling-f6fc65484fb95cf89b67364f,ctc_modeling-f6fc65484fb95cf89b67364f,脉冲传递函数,modeling_f6fc65484fb95cf89b67364f,25,silver,theoretical_construct,0,explicit_extension,A,True,ok,accepted
ctc:modeling-f7f31cc3da9f59e28b9239f5,ctc_modeling-f7f31cc3da9f59e28b9239f5,由幂级数 $\mathrm{e…,modeling_f7f31cc3da9f59e28b9239f5,169,silver,theoretical_construct,0,explicit_extension,A,True,ok,accepted
ctc:modeling-fc65ded76a1e17c5fddcbd66,ctc_modeling-fc65ded76a1e17c5fddcbd66,求解齐次状态方程的一种方法,modeling_fc65ded76a1e17c5fddcbd66,135,silver,analysis_method,0,explicit_extension,A,True,ok,accepted
ctc:modeling-v2r-split-0045791b9009bbe457f6e17a,ctc_modeling-v2r-split-0045791b9009bbe457f6e17a,领域概念,modeling_v2r_split_0045791b9009bbe457f6e17a,154,silver,theoretical_construct,0,necessary_prerequisite,A,True,ok,accepted
ctc:v11g-01781c7700bbf33340d39614,ctc_v11g-01781c7700bbf33340d39614,系统临界稳定时的开环增益,critical_open_loop_gain,27,gold,mathematical_object,0,formal_objective,A,True,ok,accepted
ctc:v11g-076d3bf7d03f4a7a06d5371a,ctc_v11g-076d3bf7d03f4a7a06d5371a,K_H*,feedback_path_root_locus_gain,34,gold,mathematical_object,0,formal_objective,A,True,ok,accepted
ctc:v11g-11d00d2120a83f5e05efdb6e,ctc_v11g-11d00d2120a83f5e05efdb6e,当闭环极点为复数极点时,underdamped_system,35,gold,system_kind,0,formal_objective,A,True,ok,accepted
ctc:v11g-5a7e22337cb506e673b9affe,ctc_v11g-5a7e22337cb506e673b9affe,控制系统中包含有正反馈内回路的…,positive_feedback_system,18,gold,system_kind,0,formal_objective,A,False,ok,accepted
ctc:v11g-67c03c5207c095a08e761361,ctc_v11g-67c03c5207c095a08e761361,当所有闭环极点位于实轴上时,overdamped_system,36,gold,system_kind,0,formal_objective,A,True,ok,accepted
ctc:v11g-6b04c8283d317cd809eae369,ctc_v11g-6b04c8283d317cd809eae369,notch compensation,notch_compensation,148,gold,design_method,0,explicit_extension,A,True,ok,accepted
ctc:v11g-73552d8da29fbd2073b5f21a,ctc_v11g-73552d8da29fbd2073b5f21a,前向通路增益,forward_path_gain,27,gold,mathematical_object,0,formal_objective,A,True,ok,accepted
ctc:v11g-a066f5e5a1852fcde776a250,ctc_v11g-a066f5e5a1852fcde776a250,当闭环两个实数极点重合时,critically_damped_system,45,gold,system_kind,0,formal_objective,A,True,ok,accepted
ctc:v11g-c3abeee0067f823ed190d79e,ctc_v11g-c3abeee0067f823ed190d79e,开环传递函数中时间常数形式表示…,open_loop_gain,35,gold,mathematical_object,0,formal_objective,A,True,ok,accepted
ctc:v11g-c7228e5d5d171b0633b246e3,ctc_v11g-c7228e5d5d171b0633b246e3,反馈通路传递函数H(s)=1的…,unity_feedback_system,22,gold,system_kind,0,formal_objective,A,True,ok,accepted
ctkg:v3e-object-66dd287a007d9b2b74781de5,ctkg_v3e-object-66dd287a007d9b2b74781de5,采样控制系统,,38,gold,,20,,B,True,ok,accepted
ctkg:v3e-object-d09d1eba56a786a96d39d085,ctkg_v3e-object-d09d1eba56a786a96d39d085,稳定性,,28,silver,,13,,B,True,ok,accepted
ctc:modeling-865eb1c8824e157c2f05a903,ctc_modeling-865eb1c8824e157c2f05a903,传递函数,transfer_function,45,gold,representation_kind,9,excluded_with_rationale,B,True,ok,accepted
ctc:v11g-e8d4b4f1c63aa5a052b15538,ctc_v11g-e8d4b4f1c63aa5a052b15538,根轨迹法,root_locus_method,190,gold,analysis_method,9,excluded_with_rationale,B,True,ok,accepted
ctkg:v3e-object-2ca939471631d90bd6098990,ctkg_v3e-object-2ca939471631d90bd6098990,保持器,,43,gold,,9,,B,True,ok,accepted
ctkg:v3e-object-453ccee1d99fcde47aefa517,ctkg_v3e-object-453ccee1d99fcde47aefa517,memoryless nonlinearity,memoryless nonlinearity,122,gold,,9,,B,True,ok,accepted
ctkg:v3e-object-513a1e2247cca470ce88783f,ctkg_v3e-object-513a1e2247cca470ce88783f,Discrete equivalent,Discrete equivalent,141,silver,,9,,B,True,ok,accepted
ctkg:v3e-object-953374e261302cfdff02144d,ctkg_v3e-object-953374e261302cfdff02144d,相平面,,36,gold,,9,,B,True,ok,accepted
ctc:modeling-v2r-split-8f6ccd6e0cf66fa155c20aeb,ctc_modeling-v2r-split-8f6ccd6e0cf66fa155c20aeb,root of the denominator,modeling_v2r_split_8f6ccd6e0cf66fa155c20aeb,245,gold,theoretical_construct,8,excluded_with_rationale,B,True,ok,accepted
ctc:v11g-40ac1517fc1bfb398dd75afe,ctc_v11g-40ac1517fc1bfb398dd75afe,特征方程,characteristic_equation,143,gold,mathematical_object,8,excluded_with_rationale,B,True,ok,accepted
ctkg:v3e-object-0a05ec9e84791b95d3794bc0,ctkg_v3e-object-0a05ec9e84791b95d3794bc0,Compensator,Compensator,105,gold,,8,,B,True,ok,accepted
ctkg:v3e-object-1107a657eb90b8264d4dac38,ctkg_v3e-object-1107a657eb90b8264d4dac38,非线性系统,,34,gold,,8,,B,True,ok,accepted
ctkg:v3e-object-376c29d091d24239e88fc4c4,ctkg_v3e-object-376c29d091d24239e88fc4c4,极限环,,87,gold,,8,,B,True,ok,accepted
ctkg:v3e-object-4791b5ce2a4a06f41b0b6f2c,ctkg_v3e-object-4791b5ce2a4a06f41b0b6f2c,Difference equations,Difference equations,20,silver,,8,,B,True,ok,accepted
ctkg:v3e-object-80b836e636775916830b5a21,ctkg_v3e-object-80b836e636775916830b5a21,相轨迹,,59,gold,,8,,B,True,ok,accepted
ctkg:v3e-object-ba8cd00d72479d23476d2061,ctkg_v3e-object-ba8cd00d72479d23476d2061,奇点,,56,gold,,8,,B,True,ok,accepted
ctkg:v3e-object-a24b53236c203ab7f9d5f504,ctkg_v3e-object-a24b53236c203ab7f9d5f504,Equilibrium Point,Equilibrium Point,90,gold,,7,,B,True,ok,accepted
ctc:modeling-00d2998755974a1329049aac,ctc_modeling-00d2998755974a1329049aac,增益,gain,32,gold,theoretical_construct,6,excluded_with_rationale,B,True,ok,accepted
ctc:modeling-6e03c54be64721caf66c75c5,ctc_modeling-6e03c54be64721caf66c75c5,state space model,state_space_model,45,gold,representation_kind,6,excluded_with_rationale,B,True,ok,accepted
ctc:modeling-8010502b57930c3dcb915af9,ctc_modeling-8010502b57930c3dcb915af9,零点,zero,32,gold,theoretical_construct,6,excluded_with_rationale,B,True,ok,accepted
ctkg:v3e-object-0b94edb93771b955eedd5d9f,ctkg_v3e-object-0b94edb93771b955eedd5d9f,得到闭环对数幅频和相频曲线,,95,gold,,6,,B,True,ok,accepted
ctkg:v3e-object-1b7b0dc48c95ff419467dd86,ctkg_v3e-object-1b7b0dc48c95ff419467dd86,模拟信号,,54,gold,,6,,B,True,ok,accepted
ctkg:v3e-object-22c09bec3824e6b6d0e4d83b,ctkg_v3e-object-22c09bec3824e6b6d0e4d83b,Phase-lead compensator,Phase-lead compensator,22,gold,,6,,B,True,ok,accepted
ctkg:v3e-object-232e387ed53e92abee078346,ctkg_v3e-object-232e387ed53e92abee078346,截止频率,,22,gold,,6,,B,True,ok,accepted
ctkg:v3e-object-36f969bb5befa8ef9f8d0a99,ctkg_v3e-object-36f969bb5befa8ef9f8d0a99,Frequency response method,Frequency response method,143,gold,,6,,B,True,ok,accepted
ctkg:v3e-object-411b4330ef1d812cf20b125d,ctkg_v3e-object-411b4330ef1d812cf20b125d,Root-Locus Techn,Root-Locus Technique for Nonlinear Systems,169,gold,,6,,B,True,ok,accepted
ctkg:v3e-object-51cfdcf1f943a39dfc550be1,ctkg_v3e-object-51cfdcf1f943a39dfc550be1,Stable System,Stable System,60,silver,,6,,B,True,ok,accepted
ctkg:v3e-object-8a7f5fdab24fd119e93f1c2f,ctkg_v3e-object-8a7f5fdab24fd119e93f1c2f,Resonant frequency,Resonant frequency,105,gold,,6,,B,True,ok,accepted
ctkg:v3e-object-cfdae92ada72d7710e7f1cee,ctkg_v3e-object-cfdae92ada72d7710e7f1cee,Routh-Hurwitz stability criterion,Routh-Hurwitz stability criterion,33,gold,,6,,B,True,ok,accepted
ctkg:v3e-canonical-b03bdd7d909a44a2830459ca,ctkg_v3e-canonical-b03bdd7d909a44a2830459ca,典型输入信号,,36,silver,theoretical_construct,5,,B,True,ok,accepted
ctkg:v3e-object-0e5df270abeaa062e3a81d33,ctkg_v3e-object-0e5df270abeaa062e3a81d33,采样过程,,36,silver,,5,,B,True,ok,accepted
ctkg:v3e-object-224a99f37dc359e50c070e54,ctkg_v3e-object-224a99f37dc359e50c070e54,Tracking error,Tracking error,78,silver,,5,,B,True,ok,accepted
ctkg:v3e-object-6592690fdccf416b0340917b,ctkg_v3e-object-6592690fdccf416b0340917b,带宽频率,,25,gold,,5,,B,True,ok,accepted
ctkg:v3e-object-7aa500461c5109b7cffd9b19,ctkg_v3e-object-7aa500461c5109b7cffd9b19,Routh array,Routh array,194,gold,,5,,B,True,ok,accepted
ctkg:v3e-object-7b59e975b2aaa6100b970b52,ctkg_v3e-object-7b59e975b2aaa6100b970b52,描述函数法,,107,gold,,5,,B,True,ok,accepted
ctkg:v3e-object-a0e00fe181b9ba65bda1824c,ctkg_v3e-object-a0e00fe181b9ba65bda1824c,相平面法,,82,gold,,5,,B,True,ok,accepted
ctkg:v3e-object-ed01c7b027040e58ad92fa35,ctkg_v3e-object-ed01c7b027040e58ad92fa35,线性定常离散系统,,33,gold,,5,,B,True,ok,accepted
ctkg:v3e-object-f1df5739a34bf55489aeeeeb,ctkg_v3e-object-f1df5739a34bf55489aeeeeb,校正装置,,72,silver,,5,,B,True,ok,accepted
ctkg:v3e-object-fb46cb0e4c4a87cac57dc14f,ctkg_v3e-object-fb46cb0e4c4a87cac57dc14f,A/D converter,A/D converter,110,gold,,5,,B,True,ok,accepted
ctc:modeling-9121dc2c97afa77f52ce0220,ctc_modeling-9121dc2c97afa77f52ce0220,signal flow graph,signal_flow_graph,45,gold,representation_kind,4,excluded_with_rationale,B,True,ok,accepted
ctkg:v3e-canonical-137c2c4e6fd2c142416cd412,ctkg_v3e-canonical-137c2c4e6fd2c142416cd412,动态性能指标,,37,silver,theoretical_construct,4,,B,True,ok,accepted
ctkg:v3e-canonical-d0323a65e86911f11fa1e579,ctkg_v3e-canonical-d0323a65e86911f11fa1e579,副回路,,32,silver,theoretical_construct,4,,B,True,ok,accepted
ctkg:v3e-object-0008b516b8ac52f0e05c7596,ctkg_v3e-object-0008b516b8ac52f0e05c7596,谐振峰值,,20,gold,,4,,B,True,ok,accepted
ctkg:v3e-object-003aff0599f6e3790bfdb93a,ctkg_v3e-object-003aff0599f6e3790bfdb93a,根轨迹法,Root locus method,138,gold,,4,,B,True,ok,accepted
ctkg:v3e-object-08f6a7abc7b7ea5ad8d1063c,ctkg_v3e-object-08f6a7abc7b7ea5ad8d1063c,Eigenvalue,Eigenvalue,80,silver,,4,,B,True,ok,accepted
ctkg:v3e-object-166cf6d8d911865faa1f8f30,ctkg_v3e-object-166cf6d8d911865faa1f8f30,Digital-to-analog (D/A) converter,Digital-to-analog (D/A) converter,33,silver,,4,,B,True,ok,accepted
ctkg:v3e-object-16f7c2fa5fc07204ca43c086,ctkg_v3e-object-16f7c2fa5fc07204ca43c086,PID控制器,,57,gold,,4,,B,True,ok,accepted
ctkg:v3e-object-1b720d82e3de003a38fa57f6,ctkg_v3e-object-1b720d82e3de003a38fa57f6,Cascade Compensator,Cascade Compensator,94,silver,,4,,B,True,ok,accepted
ctkg:v3e-object-1c159c9cc34ce696a62bf837,ctkg_v3e-object-1c159c9cc34ce696a62bf837,相角裕度,,28,gold,,4,,B,True,ok,accepted
ctkg:v3e-object-2a6df9c2e027152138c44554,ctkg_v3e-object-2a6df9c2e027152138c44554,离散时间系统,,65,gold,,4,,B,True,ok,accepted
ctkg:v3e-object-2f3ebf66b229bd1917da4b41,ctkg_v3e-object-2f3ebf66b229bd1917da4b41,Gain Margin (GM),Gain Margin (GM),105,gold,,4,,B,True,ok,accepted
ctkg:v3e-object-381b2e1644e5dcb97bdc790b,ctkg_v3e-object-381b2e1644e5dcb97bdc790b,Zero-order hold (ZOH),Zero-order hold (ZOH),91,gold,,4,,B,True,ok,accepted
ctkg:v3e-object-38d4679bf3335318b0f4afb7,ctkg_v3e-object-38d4679bf3335318b0f4afb7,频率特性,,93,gold,,4,,B,True,ok,accepted
ctkg:v3e-object-3d704911971a572aac4e975e,ctkg_v3e-object-3d704911971a572aac4e975e,等效增益,,64,gold,,4,,B,True,ok,accepted
ctkg:v3e-object-4f3c574bf5cd52ae72e30600,ctkg_v3e-object-4f3c574bf5cd52ae72e30600,Describing Function,Describing Function,228,gold,,4,,B,True,ok,accepted
ctkg:v3e-object-531c51135a4903c618a0fc8b,ctkg_v3e-object-531c51135a4903c618a0fc8b,谐振频率,,21,gold,,4,,B,True,ok,accepted
ctkg:v3e-object-5353a18bed51a9273ba59709,ctkg_v3e-object-5353a18bed51a9273ba59709,Describing Function Method,Describing Function Method,189,gold,,4,,B,True,ok,accepted
ctkg:v3e-object-655c25a7c9e926bc0004b983,ctkg_v3e-object-655c25a7c9e926bc0004b983,Nonlinear System,Nonlinear System,101,gold,,4,,B,True,ok,accepted
ctkg:v3e-object-7055a0e2be50abb18ea92c6a,ctkg_v3e-object-7055a0e2be50abb18ea92c6a,Decibel (dB),Decibel (dB),118,gold,,4,,B,True,ok,accepted
ctkg:v3e-object-710cc7b05bccac04bdf10d66,ctkg_v3e-object-710cc7b05bccac04bdf10d66,Asymptotic tracking,Asymptotic tracking,99,silver,,4,,B,True,ok,accepted
ctkg:v3e-object-757a3f48777c318642e275e3,ctkg_v3e-object-757a3f48777c318642e275e3,Estimator Gain S,Estimator Gain Selection via Pole Placement,151,gold,,4,,B,True,ok,accepted
ctkg:v3e-object-84350edf4a87ec7d0552e03e,ctkg_v3e-object-84350edf4a87ec7d0552e03e,Phase-Lead Compensator,Phase-Lead Compensator,79,gold,,4,,B,True,ok,accepted
ctkg:v3e-object-873f5f00bcc6ce4ae802fd6f,ctkg_v3e-object-873f5f00bcc6ce4ae802fd6f,z-transform,z-transform,89,gold,,4,,B,True,ok,accepted
ctkg:v3e-object-92d2247647a43c16c2a637b8,ctkg_v3e-object-92d2247647a43c16c2a637b8,Sampled-data system,Sampled-data system,55,gold,,4,,B,True,ok,accepted
ctkg:v3e-object-ae1017494c7f2d20cd53efad,ctkg_v3e-object-ae1017494c7f2d20cd53efad,自激振荡,,47,gold,,4,,B,True,ok,accepted
ctkg:v3e-object-b3fb723e0aebb8b4dca3e23c,ctkg_v3e-object-b3fb723e0aebb8b4dca3e23c,信号复现过程,,33,gold,,4,,B,True,ok,accepted
ctkg:v3e-object-c437a7c8ef65d5677ad5c387,ctkg_v3e-object-c437a7c8ef65d5677ad5c387,Compensation,Compensation,169,silver,,4,,B,True,ok,accepted
ctkg:v3e-object-c48ceeda1ba4dc2b7714e367,ctkg_v3e-object-c48ceeda1ba4dc2b7714e367,Discrete design,Discrete design,85,silver,,4,,B,True,ok,accepted
ctkg:v3e-object-ca34eff2440293f793a1aafa,ctkg_v3e-object-ca34eff2440293f793a1aafa,Circle Criterion,Circle Criterion,318,gold,,4,,B,True,ok,accepted
ctkg:v3e-object-cd2b9611c4934fe067e8786a,ctkg_v3e-object-cd2b9611c4934fe067e8786a,Sample-Rate Selection,Sample-Rate Selection,113,gold,,4,,B,True,ok,accepted
ctkg:v3e-object-d812fa08ed1f541982be0df4,ctkg_v3e-object-d812fa08ed1f541982be0df4,D/A转换器,,29,gold,,4,,B,True,ok,accepted
ctkg:v3e-object-f61357354fd32305fac8755b,ctkg_v3e-object-f61357354fd32305fac8755b,利用开环频域指标估算时域性能方法,,25,gold,,4,,B,True,ok,accepted
ctkg:v3e-object-fa4f7e4a46c0790f96077531,ctkg_v3e-object-fa4f7e4a46c0790f96077531,衰减曲线法,,101,gold,,4,,B,True,ok,accepted
ctc:modeling-227e674315b4da2f1a20ee31,ctc_modeling-227e674315b4da2f1a20ee31,dynamic system,dynamic_system,42,gold,theoretical_construct,3,excluded_with_rationale,B,True,ok,accepted
ctc:v11g-5845390ded447e37f06ea222,ctc_v11g-5845390ded447e37f06ea222,根轨迹,root_locus,90,gold,representation_kind,3,excluded_with_rationale,B,True,ok,accepted
ctc:v12g-e3580535c0a12b79e0509f97,ctc_v12g-e3580535c0a12b79e0509f97,negative gain root locus,negative_gain_root_locus,102,gold,theoretical_construct,3,excluded_with_rationale,B,True,ok,accepted
ctkg:v3e-object-01daeca5c38811f6a58fcb01,ctkg_v3e-object-01daeca5c38811f6a58fcb01,Equivalent gain ,Equivalent gain analysis using root locus,174,gold,,3,,B,True,ok,accepted
ctkg:v3e-object-0bfd48327659b66aa7d95f32,ctkg_v3e-object-0bfd48327659b66aa7d95f32,Determining GM from root locus,Determining GM from root locus,30,gold,,3,,B,True,ok,accepted
ctkg:v3e-object-12baf451eabe4bb9e3a7eb0f,ctkg_v3e-object-12baf451eabe4bb9e3a7eb0f,Reference input,Reference input,89,silver,,3,,B,True,ok,accepted
ctkg:v3e-object-17cae71babbbfe193c0124a4,ctkg_v3e-object-17cae71babbbfe193c0124a4,Integration compensator,Integration compensator,23,silver,,3,,B,True,ok,accepted
ctkg:v3e-object-191274d4aa5307678e583641,ctkg_v3e-object-191274d4aa5307678e583641,Bode plots (logarithmic plots),Bode plots (logarithmic plots),30,gold,,3,,B,True,ok,accepted
ctkg:v3e-object-23665070dce851fbb0ebda8b,ctkg_v3e-object-23665070dce851fbb0ebda8b,Auxiliary polynomial,Auxiliary polynomial,181,gold,,3,,B,True,ok,accepted
ctkg:v3e-object-256b7b4e6dd8071dc7ce3512,ctkg_v3e-object-256b7b4e6dd8071dc7ce3512,z变换,,57,gold,,3,,B,True,ok,accepted
ctkg:v3e-object-2b6644abd74af728f92d1b25,ctkg_v3e-object-2b6644abd74af728f92d1b25,等倾线,,31,gold,,3,,B,True,ok,accepted
ctkg:v3e-object-3f8e288fedb8ba46bfd02185,ctkg_v3e-object-3f8e288fedb8ba46bfd02185,频率响应法校正设计,,51,gold,,3,,B,True,ok,accepted
ctkg:v3e-object-3fe181aa7c0967f58d1dbfee,ctkg_v3e-object-3fe181aa7c0967f58d1dbfee,比例控制规律,,53,gold,,3,,B,True,ok,accepted
ctkg:v3e-object-42be29933b0ae43fc424465b,ctkg_v3e-object-42be29933b0ae43fc424465b,Estimator Error Poles,Estimator Error Poles,78,silver,,3,,B,True,ok,accepted
ctkg:v3e-object-5104f48a9527029987e0519a,ctkg_v3e-object-5104f48a9527029987e0519a,前馈校正,,73,silver,,3,,B,True,ok,accepted
ctkg:v3e-object-5592624b3ec200b86f7b744d,ctkg_v3e-object-5592624b3ec200b86f7b744d,Observability,Observability,197,gold,,3,,B,True,ok,accepted
ctkg:v3e-object-5856b2f2fd4c962c52631609,ctkg_v3e-object-5856b2f2fd4c962c52631609,阻尼比,Damping ratio,81,gold,,3,,B,True,ok,accepted
ctkg:v3e-object-5a821f717b644300ab32cf21,ctkg_v3e-object-5a821f717b644300ab32cf21,对数幅频渐近特性曲线,,79,gold,,3,,B,True,ok,accepted
ctkg:v3e-object-5eb50007d0dc046e1646374d,ctkg_v3e-object-5eb50007d0dc046e1646374d,D/A converter,D/A converter,76,gold,,3,,B,True,ok,accepted
ctkg:v3e-object-62bfe5336223892d2ee2592a,ctkg_v3e-object-62bfe5336223892d2ee2592a,Determining GM from Bode plot,Determining GM from Bode plot,102,gold,,3,,B,True,ok,accepted
ctkg:v3e-object-64e8b62fbd0bb7ae801304db,ctkg_v3e-object-64e8b62fbd0bb7ae801304db,特征方程,Characteristic equation,23,gold,,3,,B,True,ok,accepted
ctkg:v3e-object-65968c0bbb3a54d4c9247dd0,ctkg_v3e-object-65968c0bbb3a54d4c9247dd0,Internal model design,Internal model design,87,silver,,3,,B,True,ok,accepted
ctkg:v3e-object-67d5555e935df3a1d09971f1,ctkg_v3e-object-67d5555e935df3a1d09971f1,复现过程,,61,gold,,3,,B,True,ok,accepted
ctkg:v3e-object-683669a4b467dc55ddcf5d48,ctkg_v3e-object-683669a4b467dc55ddcf5d48,朱利稳定判据,,56,gold,,3,,B,True,ok,accepted
ctkg:v3e-object-695b9c7d4ee82924a8d65b12,ctkg_v3e-object-695b9c7d4ee82924a8d65b12,Pole placement b,Pole placement by coefficient matching in control canonical form,262,gold,,3,,B,True,ok,accepted
ctkg:v3e-object-6ecfad78b7fb0ba7b233047c,ctkg_v3e-object-6ecfad78b7fb0ba7b233047c,数字控制系统,,30,gold,,3,,B,True,ok,accepted
ctkg:v3e-object-762239378940cb45b78991b3,ctkg_v3e-object-762239378940cb45b78991b3,采样器,,46,silver,,3,,B,True,ok,accepted
ctkg:v3e-object-7cae3d7feb631906644f0fad,ctkg_v3e-object-7cae3d7feb631906644f0fad,Neutral Stability,Neutral Stability,132,silver,,3,,B,True,ok,accepted
ctkg:v3e-object-7f2e4a28791adc1aab82c6d2,ctkg_v3e-object-7f2e4a28791adc1aab82c6d2,read-only memory (ROM),read-only memory (ROM),22,gold,,3,,B,True,ok,accepted
ctkg:v3e-object-821d0c6dd9fb62ae909fb60f,ctkg_v3e-object-821d0c6dd9fb62ae909fb60f,稳定极限环,,107,gold,,3,,B,True,ok,accepted
ctkg:v3e-object-8d8c5b1f62747c3d046a53cb,ctkg_v3e-object-8d8c5b1f62747c3d046a53cb,系统不可观测,,175,gold,,3,,B,True,ok,accepted
ctkg:v3e-object-9967c0867249bf4c1a625dab,ctkg_v3e-object-9967c0867249bf4c1a625dab,相频特性,,37,gold,,3,,B,True,ok,accepted
ctkg:v3e-object-9b91b4b29c27f8d8916d9626,ctkg_v3e-object-9b91b4b29c27f8d8916d9626,Full-state observer,Full-state observer,164,gold,,3,,B,True,ok,accepted
ctkg:v3e-object-a20d4b8eab718e1261ba5442,ctkg_v3e-object-a20d4b8eab718e1261ba5442,奇线,,40,gold,,3,,B,True,ok,accepted
ctkg:v3e-object-d1a6e648c1524a51f3c42346,ctkg_v3e-object-d1a6e648c1524a51f3c42346,描述函数,,47,gold,,3,,B,True,ok,accepted
ctkg:v3e-object-d5867ef3a2e3dc60bcbeeec5,ctkg_v3e-object-d5867ef3a2e3dc60bcbeeec5,相变量,,29,gold,,3,,B,True,ok,accepted
ctkg:v3e-object-e472548752b2e2acc7854586,ctkg_v3e-object-e472548752b2e2acc7854586,Resonant magnitude,Resonant magnitude,79,gold,,3,,B,True,ok,accepted
ctkg:v3e-object-ebae53fe552177ee1b57cd74,ctkg_v3e-object-ebae53fe552177ee1b57cd74,平衡点附近增量线性化方法,,65,gold,,3,,B,True,ok,accepted
ctkg:v3e-object-fac170446815fe168f9a5469,ctkg_v3e-object-fac170446815fe168f9a5469,对角线规范型判据,,57,gold,,3,,B,True,ok,accepted
ctkg:v3e-object-fb437f813c7792e130b8a3df,ctkg_v3e-object-fb437f813c7792e130b8a3df,给定稳定度检验方法,,199,gold,,3,,B,True,ok,accepted
ctkg:v3e-object-fb97ed4cffee0e2317af990e,ctkg_v3e-object-fb97ed4cffee0e2317af990e,Bode diagram,Bode diagram,123,gold,,3,,B,True,ok,accepted
ctkg:v3e-object-fc04597b173e68c152f0c971,ctkg_v3e-object-fc04597b173e68c152f0c971,可观测性,,78,gold,,3,,B,True,ok,accepted
ctkg:v3e-object-fc2e0621725b902101011b9d,ctkg_v3e-object-fc2e0621725b902101011b9d,开关线,,35,gold,,3,,B,True,ok,accepted
ctkg:v3e-object-fe85b0f6dfed46e36c9f87a0,ctkg_v3e-object-fe85b0f6dfed46e36c9f87a0,Bel,Bel,105,gold,,3,,B,True,ok,accepted
ctc:modeling-5da44f2fc98d268259459e04,ctc_modeling-5da44f2fc98d268259459e04,impulse response,impulse_response,44,gold,theoretical_construct,2,excluded_with_rationale,B,True,ok,accepted
ctc:v11g-3919da0292885d130aff2c77,ctc_v11g-3919da0292885d130aff2c77,反应速率,reaction_rate_r,140,gold,performance_metric,2,excluded_with_rationale,B,True,ok,accepted
ctc:v11g-5322cdb3c781cb7b9828732a,ctc_v11g-5322cdb3c781cb7b9828732a,nonminimum phase system,nonminimum_phase_system,74,gold,system_kind,2,excluded_with_rationale,B,True,ok,accepted
ctc:v11g-eae7ec2310ca8844d0af49bb,ctc_v11g-eae7ec2310ca8844d0af49bb,传输延迟,transport_delay,106,gold,performance_metric,2,excluded_with_rationale,B,True,ok,accepted
ctkg:v3e-canonical-00c82f915797f85ae708834a,ctkg_v3e-canonical-00c82f915797f85ae708834a,前馈通路,,49,silver,theoretical_construct,2,,B,True,ok,accepted
ctkg:v3e-canonical-09a1d7c35806072ff403281d,ctkg_v3e-canonical-09a1d7c35806072ff403281d,主回路,,40,silver,theoretical_construct,2,,B,True,ok,accepted
ctkg:v3e-canonical-11f09aa0d0d4b13271f48dc5,ctkg_v3e-canonical-11f09aa0d0d4b13271f48dc5,主调节器,,25,silver,theoretical_construct,2,,B,True,ok,accepted
ctkg:v3e-canonical-47995819305793bf4c946953,ctkg_v3e-canonical-47995819305793bf4c946953,极点,Pole,115,silver,theoretical_construct,2,,B,True,ok,accepted
ctkg:v3e-canonical-4c11f89842e11d4bc17a5b71,ctkg_v3e-canonical-4c11f89842e11d4bc17a5b71,副调节器,,25,silver,theoretical_construct,2,,B,True,ok,accepted
ctkg:v3e-canonical-adb3110b78ea9d623101aaa7,ctkg_v3e-canonical-adb3110b78ea9d623101aaa7,Partial-fraction expansion,Partial-fraction expansion,242,silver,theoretical_construct,2,,B,True,ok,accepted
ctkg:v3e-canonical-cdaeaeb76fbe3feb33aa40b3,ctkg_v3e-canonical-cdaeaeb76fbe3feb33aa40b3,Undamped natural frequency omega n,Undamped natural frequency omega_n,91,silver,theoretical_construct,2,,B,True,ok,accepted
ctkg:v3e-canonical-ef5630b5a74449df22ea0222,ctkg_v3e-canonical-ef5630b5a74449df22ea0222,Fast pole and slow pole,Fast pole and slow pole,65,silver,theoretical_construct,2,,B,True,ok,accepted
ctkg:v3e-object-02ce94d02ad32ee9bc5528e9,ctkg_v3e-object-02ce94d02ad32ee9bc5528e9,Resonant peak,Resonant peak,54,gold,,2,,B,True,ok,accepted
ctkg:v3e-object-074ba027193fc06624e26f0a,ctkg_v3e-object-074ba027193fc06624e26f0a,Nyquist-Shannon sampling theorem,Nyquist-Shannon sampling theorem,269,gold,,2,,B,True,ok,accepted
ctkg:v3e-object-0bec8a41b344fe9a1e16c5e3,ctkg_v3e-object-0bec8a41b344fe9a1e16c5e3,Hysteresis Nonlinearity,Hysteresis Nonlinearity,23,gold,,2,,B,True,ok,accepted
ctkg:v3e-object-0ede09d12722cabc48d82ce4,ctkg_v3e-object-0ede09d12722cabc48d82ce4,Phase-Lead Design Using the Bode Plot,Phase-Lead Design Using the Bode Plot,252,gold,,2,,B,True,ok,accepted
ctkg:v3e-object-10c37fd947ba55593ff03ede,ctkg_v3e-object-10c37fd947ba55593ff03ede,性能指标,,78,gold,,2,,B,True,ok,accepted
ctkg:v3e-object-11feec6295c98da3e56a7832,ctkg_v3e-object-11feec6295c98da3e56a7832,Estimator Gain S,Estimator Gain Selection via Coefficient Comparison,161,silver,,2,,B,True,ok,accepted
ctkg:v3e-object-14b61e56571539bbfb630ae7,ctkg_v3e-object-14b61e56571539bbfb630ae7,小偏差线性化法,,42,gold,,2,,B,True,ok,accepted
ctkg:v3e-object-14c49cc217ebff19a8763b5b,ctkg_v3e-object-14c49cc217ebff19a8763b5b,z变换算子,,27,gold,,2,,B,True,ok,accepted
ctkg:v3e-object-17f97568592a217c1d332948,ctkg_v3e-object-17f97568592a217c1d332948,Compensated system,Compensated system,50,silver,,2,,B,True,ok,accepted
ctkg:v3e-object-18dc6cccc99e95f3ae794561,ctkg_v3e-object-18dc6cccc99e95f3ae794561,aliasing,aliasing,216,gold,,2,,B,True,ok,accepted
ctkg:v3e-object-1a1dd2df4f2e6bfba96c435c,ctkg_v3e-object-1a1dd2df4f2e6bfba96c435c,穿越频率,,22,gold,,2,,B,True,ok,accepted
ctkg:v3e-object-1ca4635beaad42eaac5ec29e,ctkg_v3e-object-1ca4635beaad42eaac5ec29e,Nonlinear Element with Sinusoidal Input,Nonlinear Element with Sinusoidal Input,39,gold,,2,,B,True,ok,accepted
ctkg:v3e-object-21637e32df41e433f01db54b,ctkg_v3e-object-21637e32df41e433f01db54b,等倾线法,,74,gold,,2,,B,True,ok,accepted
ctkg:v3e-object-241503a6440d96140036a51f,ctkg_v3e-object-241503a6440d96140036a51f,anti-alias prefilter,anti-alias prefilter,116,gold,,2,,B,True,ok,accepted
ctkg:v3e-object-24abf351ed0af6684efdb4b7,ctkg_v3e-object-24abf351ed0af6684efdb4b7,非齐次状态方程,,43,silver,,2,,B,True,ok,accepted
ctkg:v3e-object-2b3daca16f4fb57b9da083bd,ctkg_v3e-object-2b3daca16f4fb57b9da083bd,Frequency-Respon,Frequency-Response Based Stability Analysis,114,gold,,2,,B,True,ok,accepted
ctkg:v3e-object-2c2f917a06c974fda55b52fd,ctkg_v3e-object-2c2f917a06c974fda55b52fd,Amplitude quantization error,Amplitude quantization error,118,gold,,2,,B,True,ok,accepted
ctkg:v3e-object-2c60af6bdfb932de8cc33ca5,ctkg_v3e-object-2c60af6bdfb932de8cc33ca5,Sampler,Sampler,61,gold,,2,,B,True,ok,accepted
ctkg:v3e-object-2d3e13db4965d78a3919bba8,ctkg_v3e-object-2d3e13db4965d78a3919bba8,MATLAB绘制相轨迹,,61,gold,,2,,B,True,ok,accepted
ctkg:v3e-object-2eb64f744b929432a6394ee5,ctkg_v3e-object-2eb64f744b929432a6394ee5,Symmetrical root pairs,Symmetrical root pairs,22,silver,,2,,B,True,ok,accepted
ctkg:v3e-object-2f12669555aed67867c3b7cd,ctkg_v3e-object-2f12669555aed67867c3b7cd,零阶保持器,,59,gold,,2,,B,True,ok,accepted
ctkg:v3e-object-2fd3b8dfc79284046cb06990,ctkg_v3e-object-2fd3b8dfc79284046cb06990,A/D转换器,,29,gold,,2,,B,True,ok,accepted
ctkg:v3e-object-35264ec175b811e30fa55aab,ctkg_v3e-object-35264ec175b811e30fa55aab,Method 2: Using ,Method 2: Using tracking error as compensator input,83,silver,,2,,B,True,ok,accepted
ctkg:v3e-object-3584625f5f11346155d538d3,ctkg_v3e-object-3584625f5f11346155d538d3,平衡状态稳定性,,84,silver,,2,,B,True,ok,accepted
ctkg:v3e-object-36e31a50f047919209d08c48,ctkg_v3e-object-36e31a50f047919209d08c48,Output Compensation,Output Compensation,76,silver,,2,,B,True,ok,accepted
ctkg:v3e-object-3784992e294bb2f120cdc0df,ctkg_v3e-object-3784992e294bb2f120cdc0df,Controllability matrix,Controllability matrix,146,gold,,2,,B,True,ok,accepted
ctkg:v3e-object-3bf89181c7be53ac268d5785,ctkg_v3e-object-3bf89181c7be53ac268d5785,带宽,Bandwidth,100,gold,,2,,B,True,ok,accepted
ctkg:v3e-object-3d61744c1f15d0d0bbf20902,ctkg_v3e-object-3d61744c1f15d0d0bbf20902,Precision,Precision,74,silver,,2,,B,True,ok,accepted
ctkg:v3e-object-3e15ed6ae20f1d1e4d170e57,ctkg_v3e-object-3e15ed6ae20f1d1e4d170e57,equivalent gain,equivalent gain,140,gold,,2,,B,True,ok,accepted
ctkg:v3e-object-3eecf8e1bd7a80cd6b11646d,ctkg_v3e-object-3eecf8e1bd7a80cd6b11646d,阻尼自然频率,,20,gold,,2,,B,True,ok,accepted
ctkg:v3e-object-44abb05a48944f9fee9a9d01,ctkg_v3e-object-44abb05a48944f9fee9a9d01,相平面法分析非线性系统,,66,gold,,2,,B,True,ok,accepted
ctkg:v3e-object-55036b61ed3fe680ef13f904,ctkg_v3e-object-55036b61ed3fe680ef13f904,Input Compensation,Input Compensation,67,gold,,2,,B,True,ok,accepted
ctkg:v3e-object-59f5159cc11cb67f131e14a1,ctkg_v3e-object-59f5159cc11cb67f131e14a1,Transformation t,Transformation to modal form using eigenvectors,155,silver,,2,,B,True,ok,accepted
ctkg:v3e-object-5aa119c1211318de57450e5b,ctkg_v3e-object-5aa119c1211318de57450e5b,Eigenvector,Eigenvector,82,silver,,2,,B,True,ok,accepted
ctkg:v3e-object-5e3ecb030d6a454633f0a09a,ctkg_v3e-object-5e3ecb030d6a454633f0a09a,内模控制器,,47,silver,,2,,B,True,ok,accepted
ctkg:v3e-object-62fdc01d171ed1ecf803d7d9,ctkg_v3e-object-62fdc01d171ed1ecf803d7d9,比例-微分控制规律,,72,gold,,2,,B,True,ok,accepted
ctkg:v3e-object-7669cc1cb18986463cbcfdf6,ctkg_v3e-object-7669cc1cb18986463cbcfdf6,可观测性规范分解,,28,gold,,2,,B,True,ok,accepted
ctkg:v3e-object-76a08234eba9eed51ed0733b,ctkg_v3e-object-76a08234eba9eed51ed0733b,Lyapunov's First Method,Lyapunov's First Method,320,gold,,2,,B,True,ok,accepted
ctkg:v3e-object-7aeaea4f1aef78c48c3e8340,ctkg_v3e-object-7aeaea4f1aef78c48c3e8340,Ackermann's formula,Ackermann's formula,252,gold,,2,,B,True,ok,accepted
ctkg:v3e-object-7d0f4558ea9feb4c470dd47b,ctkg_v3e-object-7d0f4558ea9feb4c470dd47b,系统完全可观测,,175,gold,,2,,B,True,ok,accepted
ctkg:v3e-object-7eb703ff92835fa45948a0bf,ctkg_v3e-object-7eb703ff92835fa45948a0bf,离散模拟信号,,47,gold,,2,,B,True,ok,accepted
ctkg:v3e-object-7f8322d930ad015c80e143ed,ctkg_v3e-object-7f8322d930ad015c80e143ed,Digital-to-analog converter,Digital-to-analog converter,27,silver,,2,,B,True,ok,accepted
ctkg:v3e-object-8496155b16d82318d90949d0,ctkg_v3e-object-8496155b16d82318d90949d0,Frequency Response,Frequency Response,104,gold,,2,,B,True,ok,accepted
ctkg:v3e-object-865b301177a623225344064f,ctkg_v3e-object-865b301177a623225344064f,BIBO stability,BIBO stability,168,silver,,2,,B,True,ok,accepted
ctkg:v3e-object-87148367d17fdbebd5a95319,ctkg_v3e-object-87148367d17fdbebd5a95319,开环采样系统,,40,gold,,2,,B,True,ok,accepted
ctkg:v3e-object-89a95ab28be324dc6d7040c5,ctkg_v3e-object-89a95ab28be324dc6d7040c5,Disturbance Rejection,Disturbance Rejection,195,silver,,2,,B,True,ok,accepted
ctkg:v3e-object-89ada9ada357e26bcd83dc11,ctkg_v3e-object-89ada9ada357e26bcd83dc11,线性离散系统,,23,gold,,2,,B,True,ok,accepted
ctkg:v3e-object-963133ef890ba8f3bfeefcc5,ctkg_v3e-object-963133ef890ba8f3bfeefcc5,线性采样系统,,41,gold,,2,,B,True,ok,accepted
ctkg:v3e-object-9a7f6e28a612b00c77f8ea94,ctkg_v3e-object-9a7f6e28a612b00c77f8ea94,Phase-lead design using the root locus,Phase-lead design using the root locus,202,gold,,2,,B,True,ok,accepted
ctkg:v3e-object-9acaab765d45527c6988c564,ctkg_v3e-object-9acaab765d45527c6988c564,polar plot,polar plot,124,gold,,2,,B,True,ok,accepted
ctkg:v3e-object-9b795692bacd0f13270cc086,ctkg_v3e-object-9b795692bacd0f13270cc086,秩判据,,64,gold,,2,,B,True,ok,accepted
ctkg:v3e-object-9c2c202d7940f9cd4af8fae8,ctkg_v3e-object-9c2c202d7940f9cd4af8fae8,采样周期,,24,gold,,2,,B,True,ok,accepted
ctkg:v3e-object-9dd164e548b83a92f3777044,ctkg_v3e-object-9dd164e548b83a92f3777044,否包含元素全…,Diagonal canonical form observability criterion,44,gold,,2,,B,True,ok,accepted
ctkg:v3e-object-ab4dc18aac53ac6636d05ca5,ctkg_v3e-object-ab4dc18aac53ac6636d05ca5,Full-state feedback design procedure,Full-state feedback design procedure,169,gold,,2,,B,True,ok,accepted
ctkg:v3e-object-ae46ad7afbc5b4cd102501c7,ctkg_v3e-object-ae46ad7afbc5b4cd102501c7,可观测性规范分解方法,,37,gold,,2,,B,True,ok,accepted
ctkg:v3e-object-b193b69b94a9f4a6cc656cff,ctkg_v3e-object-b193b69b94a9f4a6cc656cff,Zero steady-state error,Zero steady-state error,143,silver,,2,,B,True,ok,accepted
ctkg:v3e-object-b23d7969cb791dfac72b6319,ctkg_v3e-object-b23d7969cb791dfac72b6319,闭环采样系统,,26,gold,,2,,B,True,ok,accepted
ctkg:v3e-object-b3c5cdff9a0cefd89c42db14,ctkg_v3e-object-b3c5cdff9a0cefd89c42db14,Absolute Stability,Absolute Stability,170,silver,,2,,B,True,ok,accepted
ctkg:v3e-object-b51bc504a48917b2c5ec25c3,ctkg_v3e-object-b51bc504a48917b2c5ec25c3,Feedback Compensation,Feedback Compensation,75,silver,,2,,B,True,ok,accepted
ctkg:v3e-object-b73224087c9c0475612e8635,ctkg_v3e-object-b73224087c9c0475612e8635,Phase-Lag Compensator,Phase-Lag Compensator,92,gold,,2,,B,True,ok,accepted
ctkg:v3e-object-bf30e8212ba68b5629f44826,ctkg_v3e-object-bf30e8212ba68b5629f44826,状态可控,,157,gold,,2,,B,True,ok,accepted
ctkg:v3e-object-c36a6e957077c474e91e17ab,ctkg_v3e-object-c36a6e957077c474e91e17ab,运动稳定性,,68,silver,,2,,B,True,ok,accepted
ctkg:v3e-object-c6fd3f071d7b3ea64acf9760,ctkg_v3e-object-c6fd3f071d7b3ea64acf9760,Routh-Hurwitz stability criterion method,Routh-Hurwitz stability criterion method,222,gold,,2,,B,True,ok,accepted
ctkg:v3e-object-c7afebd82a4a7968e83b34d7,ctkg_v3e-object-c7afebd82a4a7968e83b34d7,Lur'e problem,Lur'e problem,112,gold,,2,,B,True,ok,accepted
ctkg:v3e-object-c866a4872c0f99bf61bb4859,ctkg_v3e-object-c866a4872c0f99bf61bb4859,不稳定极限环,,111,gold,,2,,B,True,ok,accepted
ctkg:v3e-object-cd4048f0bc048834a85d7816,ctkg_v3e-object-cd4048f0bc048834a85d7816,采样持续时间,,21,gold,,2,,B,True,ok,accepted
ctkg:v3e-object-d537d542fc83f3d91e2f6d72,ctkg_v3e-object-d537d542fc83f3d91e2f6d72,coulomb plus viscous friction,coulomb plus viscous friction,29,gold,,2,,B,True,ok,accepted
ctkg:v3e-object-d80dfe6ce979515d21845c81,ctkg_v3e-object-d80dfe6ce979515d21845c81,串联滞后-超前校正,,103,gold,,2,,B,True,ok,accepted
ctkg:v3e-object-d930507f1d5291f37ede5af7,ctkg_v3e-object-d930507f1d5291f37ede5af7,反演积分法,,44,gold,,2,,B,True,ok,accepted
ctkg:v3e-object-dd83c852f8ae95a9d7f5041f,ctkg_v3e-object-dd83c852f8ae95a9d7f5041f,Aizermann's conjecture,Aizermann's conjecture,22,gold,,2,,B,True,ok,accepted
ctkg:v3e-object-de1fcfcdabd2e7cb8d74e01a,ctkg_v3e-object-de1fcfcdabd2e7cb8d74e01a,齐次状态方程,,34,silver,,2,,B,True,ok,accepted
ctkg:v3e-object-de873c97a924107857f79242,ctkg_v3e-object-de873c97a924107857f79242,幅频特性,,37,gold,,2,,B,True,ok,accepted
ctkg:v3e-object-e56e84bbefb19024f10b648c,ctkg_v3e-object-e56e84bbefb19024f10b648c,小范围稳定系统,,67,silver,,2,,B,True,ok,accepted
ctkg:v3e-object-e9b365b3f16db46b1e342744,ctkg_v3e-object-e9b365b3f16db46b1e342744,sample and hold device,sample and hold device,22,gold,,2,,B,True,ok,accepted
ctkg:v3e-object-ef5734bee71ec75e999c13bf,ctkg_v3e-object-ef5734bee71ec75e999c13bf,Computing poles ,Computing poles via characteristic equation,68,silver,,2,,B,True,ok,accepted
ctkg:v3e-object-f1582fd7cc28d16eb111854d,ctkg_v3e-object-f1582fd7cc28d16eb111854d,可控性,,97,gold,,2,,B,True,ok,accepted
ctkg:v3e-object-fbebd7b09546031f82f974ed,ctkg_v3e-object-fbebd7b09546031f82f974ed,前置滤波器,,54,silver,,2,,B,True,ok,accepted
ctc:modeling-1897336a3fe60360d9fea3aa,ctc_modeling-1897336a3fe60360d9fea3aa,领域概念,modeling_1897336a3fe60360d9fea3aa,212,silver,analysis_method,1,excluded_with_rationale,B,True,ok,accepted
ctc:modeling-2088bbde171b2e9ef66070d5,ctc_modeling-2088bbde171b2e9ef66070d5,block diagram reduction,block_diagram_reduction,51,gold,analysis_method,1,excluded_with_rationale,B,True,ok,accepted
ctc:modeling-57c56ef58df2315f765a32dc,ctc_modeling-57c56ef58df2315f765a32dc,formula for evaluating the,modeling_57c56ef58df2315f765a32dc,143,gold,analysis_method,1,excluded_with_rationale,B,True,ok,accepted
ctc:modeling-6ba251594a75698f1a092f8d,ctc_modeling-6ba251594a75698f1a092f8d,系统的输入-输出描述,modeling_6ba251594a75698f1a092f8d,33,silver,theoretical_construct,1,excluded_with_rationale,B,True,ok,accepted
ctc:modeling-745a1d21b416613f01958a3e,ctc_modeling-745a1d21b416613f01958a3e,The ratio of the,modeling_745a1d21b416613f01958a3e,135,silver,theoretical_construct,1,excluded_with_rationale,B,True,ok,accepted
ctc:modeling-930ada7e5567a735a2feadc9,ctc_modeling-930ada7e5567a735a2feadc9,block diagram,block_diagram,41,gold,representation_kind,1,excluded_with_rationale,B,True,ok,accepted
ctc:modeling-987e08a63a394f1a848101dc,ctc_modeling-987e08a63a394f1a848101dc,只有输入支路而没有输出支路的节点,modeling_987e08a63a394f1a848101dc,29,silver,theoretical_construct,1,excluded_with_rationale,B,True,ok,accepted
ctc:modeling-a2b2e4c67cee79eef87f3b81,ctc_modeling-a2b2e4c67cee79eef87f3b81,forward path,forward_path,40,gold,theoretical_construct,1,excluded_with_rationale,B,True,ok,accepted
ctc:modeling-c2650bdf6df39c39c8ac378c,ctc_modeling-c2650bdf6df39c39c8ac378c,variable that is measured,modeling_c2650bdf6df39c39c8ac378c,157,silver,theoretical_construct,1,excluded_with_rationale,B,True,ok,accepted
ctc:modeling-c343400ab0cc996416d5a18a,ctc_modeling-c343400ab0cc996416d5a18a,领域概念,modeling_c343400ab0cc996416d5a18a,107,silver,theoretical_construct,1,excluded_with_rationale,B,True,ok,accepted
ctc:modeling-c5b0f0ad36036b531f6bcdec,ctc_modeling-c5b0f0ad36036b531f6bcdec,The transfer function from,modeling_c5b0f0ad36036b531f6bcdec,163,silver,theoretical_construct,1,excluded_with_rationale,B,True,ok,accepted
ctc:modeling-cde581a02e8cf843a69b8a69,ctc_modeling-cde581a02e8cf843a69b8a69,input,input,33,gold,theoretical_construct,1,excluded_with_rationale,B,True,ok,accepted
ctc:modeling-ec82c77661197d36bca28424,ctc_modeling-ec82c77661197d36bca28424,Designing the control law,modeling_ec82c77661197d36bca28424,87,silver,analysis_method,1,excluded_with_rationale,B,True,ok,accepted
ctc:modeling-v2r-5585bf06f0e579bc1c362ac2,ctc_modeling-v2r-5585bf06f0e579bc1c362ac2,loop,loop,32,gold,theoretical_construct,1,excluded_with_rationale,B,True,ok,accepted
ctc:v11g-160c78d3827065aca5585f55,ctc_v11g-160c78d3827065aca5585f55,evans root locus construction method,evans_root_locus_construction_method,121,gold,analysis_method,1,excluded_with_rationale,B,True,ok,accepted
ctc:v11g-1ebbddfa13931f700f437271,ctc_v11g-1ebbddfa13931f700f437271,angle of departure,angle_of_departure,64,gold,mathematical_object,1,excluded_with_rationale,B,True,ok,accepted
ctc:v11g-24c15d67a9c0976814a4d3c2,ctc_v11g-24c15d67a9c0976814a4d3c2,exhaust gas sensor,exhaust_gas_sensor,91,gold,system_component,1,excluded_with_rationale,B,True,ok,accepted
ctc:v11g-3a468572771e0b54e23a6ef5,ctc_v11g-3a468572771e0b54e23a6ef5,graphical gain calculation method,graphical_gain_calculation_method,179,gold,analysis_method,1,excluded_with_rationale,B,True,ok,accepted
ctc:v11g-69118dc66489d66b1732901b,ctc_v11g-69118dc66489d66b1732901b,闭环传递函数,closed_loop_transfer_function,124,gold,representation_kind,1,excluded_with_rationale,B,True,ok,accepted
ctc:v11g-6c5064d654265c2b32389beb,ctc_v11g-6c5064d654265c2b32389beb,gain stabilization,gain_stabilization,133,gold,design_method,1,excluded_with_rationale,B,True,ok,accepted
ctc:v11g-843da2b954f4e9b0d550f09a,ctc_v11g-843da2b954f4e9b0d550f09a,root_locus_contr,root_locus_controller_parameter_selection_method,144,gold,design_method,1,excluded_with_rationale,B,True,ok,accepted
ctc:v11g-991f1cc82c973b44856c40f1,ctc_v11g-991f1cc82c973b44856c40f1,angle of arrival,angle_of_arrival,68,gold,mathematical_object,1,excluded_with_rationale,B,True,ok,accepted
ctc:v11g-9c541f3aa2bc9db1fe6a6c02,ctc_v11g-9c541f3aa2bc9db1fe6a6c02,阻尼比,damping_ratio,105,gold,performance_metric,1,excluded_with_rationale,B,True,ok,accepted
ctc:v11g-b79da91dde120d5d6d3721cd,ctc_v11g-b79da91dde120d5d6d3721cd,zeros of l s,zeros_of_l_s,33,gold,mathematical_object,1,excluded_with_rationale,B,True,ok,accepted
ctc:v11g-bd59ac156c37a1e319ab71c8,ctc_v11g-bd59ac156c37a1e319ab71c8,poles of l s,poles_of_l_s,33,gold,mathematical_object,1,excluded_with_rationale,B,True,ok,accepted
ctc:v11g-d71c2fc537d5d1aa270768ec,ctc_v11g-d71c2fc537d5d1aa270768ec,three way catalyst,three_way_catalyst,114,gold,system_component,1,excluded_with_rationale,B,True,ok,accepted
ctc:v11g-daefb900250d1b7d86e36bdd,ctc_v11g-daefb900250d1b7d86e36bdd,ultimate gain,ultimate_gain,109,gold,performance_metric,1,excluded_with_rationale,B,True,ok,accepted
ctkg:v3e-canonical-04fd7f69994f8821467462e5,ctkg_v3e-canonical-04fd7f69994f8821467462e5,One-sided (unilateral) Laplace transform,One-sided (unilateral) Laplace transform,180,silver,theoretical_construct,1,,B,True,ok,accepted
ctkg:v3e-canonical-060bc33f21e93205ee271eda,ctkg_v3e-canonical-060bc33f21e93205ee271eda,Cover-up method ,Cover-up method for partial fraction expansion,215,silver,analysis_method,1,,B,True,ok,accepted
ctkg:v3e-canonical-0f7959abbcc9c7170d23770b,ctkg_v3e-canonical-0f7959abbcc9c7170d23770b,非主导极点,,62,silver,theoretical_construct,1,,B,True,ok,accepted
ctkg:v3e-canonical-128a0f144821b8292a40f391,ctkg_v3e-canonical-128a0f144821b8292a40f391,前馈控制,,40,silver,theoretical_construct,1,,B,True,ok,accepted
ctkg:v3e-canonical-1c6e0da621b7f363c81a8901,ctkg_v3e-canonical-1c6e0da621b7f363c81a8901,ℒ  Laplace transform,ℒ_ Laplace transform,132,silver,theoretical_construct,1,,B,True,ok,accepted
ctkg:v3e-canonical-2ec135b0a8506867adbe4bf1,ctkg_v3e-canonical-2ec135b0a8506867adbe4bf1,Convolution,Convolution,124,silver,theoretical_construct,1,,B,True,ok,accepted
ctkg:v3e-canonical-39f6714b8cafaaf18e43b898,ctkg_v3e-canonical-39f6714b8cafaaf18e43b898,串级控制方法,,48,silver,analysis_method,1,,B,True,ok,accepted
ctkg:v3e-canonical-3cdfb3f6b1edd3c75bb9b69b,ctkg_v3e-canonical-3cdfb3f6b1edd3c75bb9b69b,测速反馈控制,,60,silver,theoretical_construct,1,,B,True,ok,accepted
ctkg:v3e-canonical-4ce9b77cff23117a65f42588,ctkg_v3e-canonical-4ce9b77cff23117a65f42588,有零点的二阶系统,,58,silver,theoretical_construct,1,,B,True,ok,accepted
ctkg:v3e-canonical-4d3c6d91fa4b39f8e6f0e3e3,ctkg_v3e-canonical-4d3c6d91fa4b39f8e6f0e3e3,Left half-plane (LHP),Left half-plane (LHP),21,silver,theoretical_construct,1,,B,True,ok,accepted
ctkg:v3e-canonical-5182a714c3b04737e54be937,ctkg_v3e-canonical-5182a714c3b04737e54be937,复合控制系统,,45,silver,theoretical_construct,1,,B,True,ok,accepted
ctkg:v3e-canonical-7147bc2427dae1863e06ef77,ctkg_v3e-canonical-7147bc2427dae1863e06ef77,闭环主导极点,,81,silver,theoretical_construct,1,,B,True,ok,accepted
ctkg:v3e-canonical-772065f42947b660c72584f3,ctkg_v3e-canonical-772065f42947b660c72584f3,二阶系统,,27,silver,theoretical_construct,1,,B,True,ok,accepted
ctkg:v3e-canonical-7e46e083227dc119d597d82b,ctkg_v3e-canonical-7e46e083227dc119d597d82b,Frequency response,Frequency response,122,silver,theoretical_construct,1,,B,True,ok,accepted
ctkg:v3e-canonical-8821eda7812d88a26a449d71,ctkg_v3e-canonical-8821eda7812d88a26a449d71,利用MATLAB进行高阶系统建…,,25,silver,analysis_method,1,,B,True,ok,accepted
ctkg:v3e-canonical-8d146e4add26f71181e7c891,ctkg_v3e-canonical-8d146e4add26f71181e7c891,Right half-plane (RHP),Right half-plane (RHP),22,silver,theoretical_construct,1,,B,True,ok,accepted
ctkg:v3e-canonical-8d214840417a4c3b5780c715,ctkg_v3e-canonical-8d214840417a4c3b5780c715,稳态误差,,46,silver,theoretical_construct,1,,B,True,ok,accepted
ctkg:v3e-canonical-8d825b96ea1a50aab0eb7e6c,ctkg_v3e-canonical-8d825b96ea1a50aab0eb7e6c,一阶系统,,27,silver,theoretical_construct,1,,B,True,ok,accepted
ctkg:v3e-canonical-9988510f6127d3086f4aa265,ctkg_v3e-canonical-9988510f6127d3086f4aa265,峰值时间,,20,silver,theoretical_construct,1,,B,True,ok,accepted
ctkg:v3e-canonical-9cd2a9dfb0f7f3d457247609,ctkg_v3e-canonical-9cd2a9dfb0f7f3d457247609,调节时间,,28,silver,theoretical_construct,1,,B,True,ok,accepted
ctkg:v3e-canonical-a9f8ff29f0e4550a22bfcc67,ctkg_v3e-canonical-a9f8ff29f0e4550a22bfcc67,上升时间,,21,silver,theoretical_construct,1,,B,True,ok,accepted
ctkg:v3e-canonical-ab642a336bbbbafc6327f6f2,ctkg_v3e-canonical-ab642a336bbbbafc6327f6f2,阻尼比,,32,silver,theoretical_construct,1,,B,True,ok,accepted
ctkg:v3e-canonical-af59ae82af84ba274864a121,ctkg_v3e-canonical-af59ae82af84ba274864a121,一阶系统的单位脉冲响应,,44,silver,theoretical_construct,1,,B,True,ok,accepted
ctkg:v3e-canonical-b1b7acfdda35086ace2d7091,ctkg_v3e-canonical-b1b7acfdda35086ace2d7091,Partial-fraction,Partial-fraction expansion method for distinct poles,52,silver,analysis_method,1,,B,True,ok,accepted
ctkg:v3e-canonical-bc4ff6668a7e4eed69404826,ctkg_v3e-canonical-bc4ff6668a7e4eed69404826,Steady-state error e ss,Steady-state error e_ss,87,silver,theoretical_construct,1,,B,True,ok,accepted
ctkg:v3e-canonical-c02b9566a9d9964dbab5cc5d,ctkg_v3e-canonical-c02b9566a9d9964dbab5cc5d,Computing response via convolution,Computing response via convolution,143,silver,analysis_method,1,,B,True,ok,accepted
ctkg:v3e-canonical-d2d3366e7f924f0ab8b19205,ctkg_v3e-canonical-d2d3366e7f924f0ab8b19205,串级控制系统,,48,silver,theoretical_construct,1,,B,True,ok,accepted
ctkg:v3e-canonical-e5eec53e01f5ac974d074ac4,ctkg_v3e-canonical-e5eec53e01f5ac974d074ac4,误差响应,,37,silver,theoretical_construct,1,,B,True,ok,accepted
ctkg:v3e-canonical-ea380a2917dde24b49c608e4,ctkg_v3e-canonical-ea380a2917dde24b49c608e4,可求出单位阶跃响应,,43,silver,analysis_method,1,,B,True,ok,accepted
ctkg:v3e-object-0079fafb4b8e0579bedea1a6,ctkg_v3e-object-0079fafb4b8e0579bedea1a6,External Stability,External Stability,84,gold,,1,,B,True,ok,accepted
ctkg:v3e-object-015051ab889bc2e6b3fd1b54,ctkg_v3e-object-015051ab889bc2e6b3fd1b54,稳定焦点,,27,gold,,1,,B,True,ok,accepted
ctkg:v3e-object-07c345d26a1c74830e0a5c94,ctkg_v3e-object-07c345d26a1c74830e0a5c94,Arc at infinity in Nyquist plot,Arc at infinity in Nyquist plot,105,gold,,1,,B,True,ok,accepted
ctkg:v3e-object-09160b112423a1c2afe77578,ctkg_v3e-object-09160b112423a1c2afe77578,Maximum phase lead frequency ω m,Maximum phase lead frequency ω_m,129,gold,,1,,B,True,ok,accepted
ctkg:v3e-object-0ca481aed329f4e6c74c8d30,ctkg_v3e-object-0ca481aed329f4e6c74c8d30,Experimental fre,Experimental frequency response determination,186,gold,,1,,B,True,ok,accepted
ctkg:v3e-object-0e2fd1303478a746919816fc,ctkg_v3e-object-0e2fd1303478a746919816fc,级数求和法,,40,gold,,1,,B,True,ok,accepted
ctkg:v3e-object-0ffd784a046b2ff6fc583d23,ctkg_v3e-object-0ffd784a046b2ff6fc583d23,Duality-Based Estimator Design,Duality-Based Estimator Design,119,silver,,1,,B,True,ok,accepted
ctkg:v3e-object-10392ceace3daf30af90f6e7,ctkg_v3e-object-10392ceace3daf30af90f6e7,迭代法,,47,gold,,1,,B,True,ok,accepted
ctkg:v3e-object-110c156932e90fe902935cb1,ctkg_v3e-object-110c156932e90fe902935cb1,Phase stabilization,Phase stabilization,206,silver,,1,,B,True,ok,accepted
ctkg:v3e-object-133c90435f61b9a83b7d4aaf,ctkg_v3e-object-133c90435f61b9a83b7d4aaf,Controllability,Controllability,188,gold,,1,,B,True,ok,accepted
ctkg:v3e-object-13e696ca025028445460f1df,ctkg_v3e-object-13e696ca025028445460f1df,Bandwidth frequency,Bandwidth frequency,93,gold,,1,,B,True,ok,accepted
ctkg:v3e-object-1405f7f72c012a10e7cf60bc,ctkg_v3e-object-1405f7f72c012a10e7cf60bc,Nonminimum-Phase Compensator,Nonminimum-Phase Compensator,28,silver,,1,,B,True,ok,accepted
ctkg:v3e-object-1423d2e4d994f098d268dc5e,ctkg_v3e-object-1423d2e4d994f098d268dc5e,校正问题,,62,silver,,1,,B,True,ok,accepted
ctkg:v3e-object-1724fe5a62311ceb13ab05bd,ctkg_v3e-object-1724fe5a62311ceb13ab05bd,格拉姆矩阵判据,,52,gold,,1,,B,True,ok,accepted
ctkg:v3e-object-2025acc5e7afefa0ece210e2,ctkg_v3e-object-2025acc5e7afefa0ece210e2,Estimator Error,Estimator Error,86,silver,,1,,B,True,ok,accepted
ctkg:v3e-object-23a1c9229387ded552fbdbb3,ctkg_v3e-object-23a1c9229387ded552fbdbb3,PBH秩判据,,44,gold,,1,,B,True,ok,accepted
ctkg:v3e-object-27f13707df83e3cfd476ba33,ctkg_v3e-object-27f13707df83e3cfd476ba33,Sampled data,Sampled data,66,silver,,1,,B,True,ok,accepted
ctkg:v3e-object-2be71df1c8c0152ac5f69c1b,ctkg_v3e-object-2be71df1c8c0152ac5f69c1b,Steady-state tracking error,Steady-state tracking error,84,silver,,1,,B,True,ok,accepted
ctkg:v3e-object-2c4bb4e99c2a8a48b91e625a,ctkg_v3e-object-2c4bb4e99c2a8a48b91e625a,random-access memory (RAM),random-access memory (RAM),26,gold,,1,,B,True,ok,accepted
ctkg:v3e-object-2e2707d377000d69ac75b508,ctkg_v3e-object-2e2707d377000d69ac75b508,幅相频率特性曲线,,39,gold,,1,,B,True,ok,accepted
ctkg:v3e-object-2e91a0da0c74ca85ce8f952b,ctkg_v3e-object-2e91a0da0c74ca85ce8f952b,Determining PM from Bode plot,Determining PM from Bode plot,60,gold,,1,,B,True,ok,accepted
ctkg:v3e-object-30cb7d43e8cbe99fe69e5e39,ctkg_v3e-object-30cb7d43e8cbe99fe69e5e39,Sampling period,Sampling period,66,gold,,1,,B,True,ok,accepted
ctkg:v3e-object-327cafd07ac8956536bab418,ctkg_v3e-object-327cafd07ac8956536bab418,Routh's method f,Routh's method for parameter range determination,159,gold,,1,,B,True,ok,accepted
ctkg:v3e-object-37427c0ceefae90634f93312,ctkg_v3e-object-37427c0ceefae90634f93312,Sector conditions,Sector conditions,114,gold,,1,,B,True,ok,accepted
ctkg:v3e-object-393198bac91c71d371b1c217,ctkg_v3e-object-393198bac91c71d371b1c217,朱利阵列,,49,gold,,1,,B,True,ok,accepted
ctkg:v3e-object-3973827146163f9a2a059307,ctkg_v3e-object-3973827146163f9a2a059307,Desired closed-loop poles location,Desired closed-loop poles location,132,silver,,1,,B,True,ok,accepted
ctkg:v3e-object-3af39a858b2949296df5387f,ctkg_v3e-object-3af39a858b2949296df5387f,幅值谱,,23,gold,,1,,B,True,ok,accepted
ctkg:v3e-object-3d75878fdf803ba103376aab,ctkg_v3e-object-3d75878fdf803ba103376aab,Analog-to-digital converter,Analog-to-digital converter,27,silver,,1,,B,True,ok,accepted
ctkg:v3e-object-3dcfcc93901edd979be43f5c,ctkg_v3e-object-3dcfcc93901edd979be43f5c,否包含元素全…,Diagonal canonical form controllability criterion,44,gold,,1,,B,True,ok,accepted
ctkg:v3e-object-3ede6055b0d6c0cf75f44e89,ctkg_v3e-object-3ede6055b0d6c0cf75f44e89,Natural unforced response,Natural unforced response,124,gold,,1,,B,True,ok,accepted
ctkg:v3e-object-401d4e9068e3907ca0e6ccc5,ctkg_v3e-object-401d4e9068e3907ca0e6ccc5,Using tzero to c,Using tzero to compute transmission zeros,41,silver,,1,,B,True,ok,accepted
ctkg:v3e-object-42f4fff2329a29d38cbcd4bc,ctkg_v3e-object-42f4fff2329a29d38cbcd4bc,系统带宽,,75,gold,,1,,B,True,ok,accepted
ctkg:v3e-object-43b963b5d880cd12d43fd450,ctkg_v3e-object-43b963b5d880cd12d43fd450,Using vector margin to assess stability,Using vector margin to assess stability,39,gold,,1,,B,True,ok,accepted
ctkg:v3e-object-4442a6f7404caafa6d0ab8e7,ctkg_v3e-object-4442a6f7404caafa6d0ab8e7,Transmission zero,Transmission zero,93,silver,,1,,B,True,ok,accepted
ctkg:v3e-object-4750f985e21b1a39f40e0473,ctkg_v3e-object-4750f985e21b1a39f40e0473,Output compensation (as a scheme),Output compensation (as a scheme),137,gold,,1,,B,True,ok,accepted
ctkg:v3e-object-476e6f531eebde6502af36f6,ctkg_v3e-object-476e6f531eebde6502af36f6,w域中的劳斯稳定判据,,46,gold,,1,,B,True,ok,accepted
ctkg:v3e-object-4a235944f67a06a4209d2422,ctkg_v3e-object-4a235944f67a06a4209d2422,Bode plot techniques,Bode plot techniques,163,gold,,1,,B,True,ok,accepted
ctkg:v3e-object-4b7254aa73329cdcc5057159,ctkg_v3e-object-4b7254aa73329cdcc5057159,Separation principle,Separation principle,203,gold,,1,,B,True,ok,accepted
ctkg:v3e-object-4cccd13f596146e4afdba37c,ctkg_v3e-object-4cccd13f596146e4afdba37c,Closed-loop system transfer function,Closed-loop system transfer function,36,gold,,1,,B,True,ok,accepted
ctkg:v3e-object-4d4f55b60c7a23596a921468,ctkg_v3e-object-4d4f55b60c7a23596a921468,Zerodegree root locus,Zerodegree root locus,94,silver,,1,,B,True,ok,accepted
ctkg:v3e-object-4f050a1dd9ee29fe0988036d,ctkg_v3e-object-4f050a1dd9ee29fe0988036d,增广系统可控性,,75,gold,,1,,B,True,ok,accepted
ctkg:v3e-object-51995a76d497d06a87b69675,ctkg_v3e-object-51995a76d497d06a87b69675,连续时间系统,,67,gold,,1,,B,True,ok,accepted
ctkg:v3e-object-542c371afb4374a5f7b7be5f,ctkg_v3e-object-542c371afb4374a5f7b7be5f,矩阵指数函数,,64,silver,,1,,B,True,ok,accepted
ctkg:v3e-object-548b056b7b4bc0e10290af72,ctkg_v3e-object-548b056b7b4bc0e10290af72,平衡状态,,39,gold,,1,,B,True,ok,accepted
ctkg:v3e-object-54aa39858b6bf59ab61d64b6,ctkg_v3e-object-54aa39858b6bf59ab61d64b6,部分分式法,,103,gold,,1,,B,True,ok,accepted
ctkg:v3e-object-551346c07dd0adc110d95089,ctkg_v3e-object-551346c07dd0adc110d95089,不稳定节点,,21,gold,,1,,B,True,ok,accepted
ctkg:v3e-object-56e0945e8704fa9f3c1dc356,ctkg_v3e-object-56e0945e8704fa9f3c1dc356,低频段,,36,gold,,1,,B,True,ok,accepted
ctkg:v3e-object-570b74ec5294ac993add9b5f,ctkg_v3e-object-570b74ec5294ac993add9b5f,Marginally Stable System,Marginally Stable System,351,silver,,1,,B,True,ok,accepted
ctkg:v3e-object-581ad59cfd51bb25e50aa652,ctkg_v3e-object-581ad59cfd51bb25e50aa652,Effect of Anti-Alias Prefilter,Effect of Anti-Alias Prefilter,128,silver,,1,,B,True,ok,accepted
ctkg:v3e-object-58432d31be025457910862bc,ctkg_v3e-object-58432d31be025457910862bc,离散系统的可控性与可达性,,56,gold,,1,,B,True,ok,accepted
ctkg:v3e-object-58de4bcc9bc42be0ce31abb7,ctkg_v3e-object-58de4bcc9bc42be0ce31abb7,Bounded Input Bo,Bounded Input Bounded Output (BIBO) Stability,73,silver,,1,,B,True,ok,accepted
ctkg:v3e-object-591e649bbeef70e3da154910,ctkg_v3e-object-591e649bbeef70e3da154910,半稳定极限环,,69,gold,,1,,B,True,ok,accepted
ctkg:v3e-object-5b84bbf04a0ca0921a70e2e4,ctkg_v3e-object-5b84bbf04a0ca0921a70e2e4,串联超前校正,,45,gold,,1,,B,True,ok,accepted
ctkg:v3e-object-5baddb9163a6af3f17f2522d,ctkg_v3e-object-5baddb9163a6af3f17f2522d,Small-signal analysis,Small-signal analysis,132,gold,,1,,B,True,ok,accepted
ctkg:v3e-object-5c2ad2da07903ca99b2b1f08,ctkg_v3e-object-5c2ad2da07903ca99b2b1f08,Frequency-domain performance measures,Frequency-domain performance measures,198,gold,,1,,B,True,ok,accepted
ctkg:v3e-object-5e2c57363c60521b3839a751,ctkg_v3e-object-5e2c57363c60521b3839a751,综合法（期望特性法）,,60,silver,,1,,B,True,ok,accepted
ctkg:v3e-object-5e75417369e6729db63a90a6,ctkg_v3e-object-5e75417369e6729db63a90a6,Modal form,Modal form,95,silver,,1,,B,True,ok,accepted
ctkg:v3e-object-60799f4e66c540f93f3c0085,ctkg_v3e-object-60799f4e66c540f93f3c0085,加权序列,,57,gold,,1,,B,True,ok,accepted
ctkg:v3e-object-623dcdfc6bbae9f9b1a40d27,ctkg_v3e-object-623dcdfc6bbae9f9b1a40d27,大范围稳定系统,,62,silver,,1,,B,True,ok,accepted
ctkg:v3e-object-63919e7aa7d3d49925074a68,ctkg_v3e-object-63919e7aa7d3d49925074a68,Saturation Nonlinearity,Saturation Nonlinearity,23,gold,,1,,B,True,ok,accepted
ctkg:v3e-object-63e0a0d95493513e939f9acd,ctkg_v3e-object-63e0a0d95493513e939f9acd,State transition,State transition matrix in Laplace domain,77,gold,,1,,B,True,ok,accepted
ctkg:v3e-object-673ca3fc1e1f241021746105,ctkg_v3e-object-673ca3fc1e1f241021746105,Observer Canonical Form,Observer Canonical Form,130,silver,,1,,B,True,ok,accepted
ctkg:v3e-object-68b0b2f3295bb357fcb48d7d,ctkg_v3e-object-68b0b2f3295bb357fcb48d7d,Reduced-order observer,Reduced-order observer,115,gold,,1,,B,True,ok,accepted
ctkg:v3e-object-69529eb08c9279e8b19dc4f6,ctkg_v3e-object-69529eb08c9279e8b19dc4f6,交接频率,,58,gold,,1,,B,True,ok,accepted
ctkg:v3e-object-6d78bc7ec6f37d397dd08c67,ctkg_v3e-object-6d78bc7ec6f37d397dd08c67,Relative Stability,Relative Stability,139,silver,,1,,B,True,ok,accepted
ctkg:v3e-object-70598dd5728797c1595207c9,ctkg_v3e-object-70598dd5728797c1595207c9,Kalman filter,Kalman filter,120,silver,,1,,B,True,ok,accepted
ctkg:v3e-object-714380036f5fc0b5608b23b2,ctkg_v3e-object-714380036f5fc0b5608b23b2,counting scheme A/D conversion,counting scheme A/D conversion,30,gold,,1,,B,True,ok,accepted
ctkg:v3e-object-763fd65e573e7a65dfc4b79c,ctkg_v3e-object-763fd65e573e7a65dfc4b79c,Nyquist图,Nyquist plot,131,gold,,1,,B,True,ok,accepted
ctkg:v3e-object-7761615701fb4915a76924ff,ctkg_v3e-object-7761615701fb4915a76924ff,Crossover frequency,Crossover frequency,97,gold,,1,,B,True,ok,accepted
ctkg:v3e-object-78558546607d8234fb2ce368,ctkg_v3e-object-78558546607d8234fb2ce368,周期信号的频谱,,42,gold,,1,,B,True,ok,accepted
ctkg:v3e-object-7920406a5dc429be713c5890,ctkg_v3e-object-7920406a5dc429be713c5890,Feedback compensation (as a scheme),Feedback compensation (as a scheme),116,silver,,1,,B,True,ok,accepted
ctkg:v3e-object-79a7b9064a607526e69fb64b,ctkg_v3e-object-79a7b9064a607526e69fb64b,内模控制器设计方法,,65,silver,,1,,B,True,ok,accepted
ctkg:v3e-object-79d38366402d1a9806e1ed46,ctkg_v3e-object-79d38366402d1a9806e1ed46,输出可控性矩阵 (output…,,39,gold,,1,,B,True,ok,accepted
ctkg:v3e-object-7ca2c75eb92f65075a8ec793,ctkg_v3e-object-7ca2c75eb92f65075a8ec793,successive-approximation technique,successive-approximation technique,193,gold,,1,,B,True,ok,accepted
ctkg:v3e-object-7d20806108956a0f52c08f3a,ctkg_v3e-object-7d20806108956a0f52c08f3a,Proportional plu,Proportional plus integral (PI) controller,79,gold,,1,,B,True,ok,accepted
ctkg:v3e-object-7d3704ae133f6be94bf5991b,ctkg_v3e-object-7d3704ae133f6be94bf5991b,脉冲传递函数,,44,gold,,1,,B,True,ok,accepted
ctkg:v3e-object-7e19f05879897a5e2d7c3e97,ctkg_v3e-object-7e19f05879897a5e2d7c3e97,Ackermann's form,Ackermann's formula for state feedback gain,370,gold,,1,,B,True,ok,accepted
ctkg:v3e-object-7e274b7e5ef258bd54400783,ctkg_v3e-object-7e274b7e5ef258bd54400783,自然频率,Natural frequency,139,gold,,1,,B,True,ok,accepted
ctkg:v3e-object-7ec200eb09dcb2beb627f1eb,ctkg_v3e-object-7ec200eb09dcb2beb627f1eb,Duality-Based Es,Duality-Based Estimator Design Using acker/place,125,silver,,1,,B,True,ok,accepted
ctkg:v3e-object-80d226d08d089c2c8bbd2219,ctkg_v3e-object-80d226d08d089c2c8bbd2219,直接积分法求相轨迹,,35,gold,,1,,B,True,ok,accepted
ctkg:v3e-object-83d0805f5bcd8a6654402540,ctkg_v3e-object-83d0805f5bcd8a6654402540,Cascade compensation,Cascade compensation,119,silver,,1,,B,True,ok,accepted
ctkg:v3e-object-863069c1389e01dcca80138a,ctkg_v3e-object-863069c1389e01dcca80138a,Marginal stability,Marginal stability,188,silver,,1,,B,True,ok,accepted
ctkg:v3e-object-8a3c314c47ad84ae14ce5cb8,ctkg_v3e-object-8a3c314c47ad84ae14ce5cb8,Phase stabilizat,Phase stabilization via notch compensation,208,silver,,1,,B,True,ok,accepted
ctkg:v3e-object-8ba6baca586dfe58f396b9a0,ctkg_v3e-object-8ba6baca586dfe58f396b9a0,Phase-lead compe,Phase-lead compensator design for phase margin or root locus reshaping,229,gold,,1,,B,True,ok,accepted
ctkg:v3e-object-8c3a7904cf80848febaed676,ctkg_v3e-object-8c3a7904cf80848febaed676,Open-loop system poles location,Open-loop system poles location,83,silver,,1,,B,True,ok,accepted
ctkg:v3e-object-8cf39aebda1d87c8394a3f9d,ctkg_v3e-object-8cf39aebda1d87c8394a3f9d,relay with dead zone,relay with dead zone,20,gold,,1,,B,True,ok,accepted
ctkg:v3e-object-8db9674c3550d1d151df7573,ctkg_v3e-object-8db9674c3550d1d151df7573,周期采样,,33,gold,,1,,B,True,ok,accepted
ctkg:v3e-object-8e2d1a59b0583cad1108b4b6,ctkg_v3e-object-8e2d1a59b0583cad1108b4b6,幂级数法,,57,gold,,1,,B,True,ok,accepted
ctkg:v3e-object-8eef39678d2ca15d781ee16d,ctkg_v3e-object-8eef39678d2ca15d781ee16d,Observer poles,Observer poles,75,silver,,1,,B,True,ok,accepted
ctkg:v3e-object-8f93b6b3842cc39fa81d8bc1,ctkg_v3e-object-8f93b6b3842cc39fa81d8bc1,主要带与次要带,,58,gold,,1,,B,True,ok,accepted
ctkg:v3e-object-90a70b314d799971df539598,ctkg_v3e-object-90a70b314d799971df539598,否成立,Output controllability rank test,53,gold,,1,,B,True,ok,accepted
ctkg:v3e-object-97fe46ae03d1bbad4abbc906,ctkg_v3e-object-97fe46ae03d1bbad4abbc906,系统可控,,88,gold,,1,,B,True,ok,accepted
ctkg:v3e-object-983964fdaa7a8bf62f5dc787,ctkg_v3e-object-983964fdaa7a8bf62f5dc787,幅相频率特性曲线绘制方法,,127,gold,,1,,B,True,ok,accepted
ctkg:v3e-object-9b3052d4d15a96d495d8e6f5,ctkg_v3e-object-9b3052d4d15a96d495d8e6f5,积分控制规律,,46,gold,,1,,B,True,ok,accepted
ctkg:v3e-object-a241f1b04d77793cee60f9d5,ctkg_v3e-object-a241f1b04d77793cee60f9d5,Zero-Memory Nonlinear Element,Zero-Memory Nonlinear Element,105,gold,,1,,B,True,ok,accepted
ctkg:v3e-object-a3f9fdd2166d349dd51d7ce0,ctkg_v3e-object-a3f9fdd2166d349dd51d7ce0,w变换（双线性变换）,,63,gold,,1,,B,True,ok,accepted
ctkg:v3e-object-a4bbf36e5da58c0e926d8829,ctkg_v3e-object-a4bbf36e5da58c0e926d8829,比例-积分控制规律,,53,gold,,1,,B,True,ok,accepted
ctkg:v3e-object-a5bc9701adc27b91f6da074b,ctkg_v3e-object-a5bc9701adc27b91f6da074b,First column of Routh array,First column of Routh array,27,gold,,1,,B,True,ok,accepted
ctkg:v3e-object-a9170d459013db92d3250926,ctkg_v3e-object-a9170d459013db92d3250926,Nichols chart for compensated system,Nichols chart for compensated system,111,silver,,1,,B,True,ok,accepted
ctkg:v3e-object-a98f424dd074fcab4c1d1f23,ctkg_v3e-object-a98f424dd074fcab4c1d1f23,Symmetric Root Locus (SRL) Method,Symmetric Root Locus (SRL) Method,423,silver,,1,,B,True,ok,accepted
ctkg:v3e-object-ac356855cd7f28c6cbacea72,ctkg_v3e-object-ac356855cd7f28c6cbacea72,Signal-flow graph state model,Signal-flow graph state model,206,gold,,1,,B,True,ok,accepted
ctkg:v3e-object-ade57f97833b42fe6394301d,ctkg_v3e-object-ade57f97833b42fe6394301d,否成立,PBH rank test method for controllability,31,gold,,1,,B,True,ok,accepted
ctkg:v3e-object-aeb5c6a36d9a565300cacaa7,ctkg_v3e-object-aeb5c6a36d9a565300cacaa7,分析法（试探法）,,51,silver,,1,,B,True,ok,accepted
ctkg:v3e-object-b0da8811ce5c0b404585f821,ctkg_v3e-object-b0da8811ce5c0b404585f821,Stability boundary,Stability boundary,90,silver,,1,,B,True,ok,accepted
ctkg:v3e-object-b202f2a7c47a97c1f0e1efe8,ctkg_v3e-object-b202f2a7c47a97c1f0e1efe8,滞后深度,,21,gold,,1,,B,True,ok,accepted
ctkg:v3e-object-b43972ad376b62e88a817ba1,ctkg_v3e-object-b43972ad376b62e88a817ba1,Desired closed-loop poles,Desired closed-loop poles,77,silver,,1,,B,True,ok,accepted
ctkg:v3e-object-b6a2408064ca869300339823,ctkg_v3e-object-b6a2408064ca869300339823,非周期采样,,34,gold,,1,,B,True,ok,accepted
ctkg:v3e-object-b8d0052e096e5047cdccb00e,ctkg_v3e-object-b8d0052e096e5047cdccb00e,Linear Quadratic Regulator (LQR),Linear Quadratic Regulator (LQR),32,silver,,1,,B,True,ok,accepted
ctkg:v3e-object-b95aad56e25e573b0902c1c3,ctkg_v3e-object-b95aad56e25e573b0902c1c3,Input compensation (as a scheme),Input compensation (as a scheme),149,silver,,1,,B,True,ok,accepted
ctkg:v3e-object-ba2eb78058c4284d923a28eb,ctkg_v3e-object-ba2eb78058c4284d923a28eb,Ackermann's formula for observer gain,Ackermann's formula for observer gain,100,silver,,1,,B,True,ok,accepted
ctkg:v3e-object-bc4ed78c68c59c9b4ab42d4d,ctkg_v3e-object-bc4ed78c68c59c9b4ab42d4d,Axis Shift Method for Relative Stability,Axis Shift Method for Relative Stability,180,silver,,1,,B,True,ok,accepted
ctkg:v3e-object-be9c82d423b46b7fc6937236,ctkg_v3e-object-be9c82d423b46b7fc6937236,对数频率特性曲线,,57,gold,,1,,B,True,ok,accepted
ctkg:v3e-object-c2881833cb4d8b1e415dc742,ctkg_v3e-object-c2881833cb4d8b1e415dc742,幅值裕度,,29,gold,,1,,B,True,ok,accepted
ctkg:v3e-object-c39d1d0090637db4b51bde73,ctkg_v3e-object-c39d1d0090637db4b51bde73,绘制概略开环幅相特性曲线方法,,86,gold,,1,,B,True,ok,accepted
ctkg:v3e-object-c7bd7c6faa85c19988a82491,ctkg_v3e-object-c7bd7c6faa85c19988a82491,内模,,41,silver,,1,,B,True,ok,accepted
ctkg:v3e-object-ca9a0f1d11f07f2bbd471a38,ctkg_v3e-object-ca9a0f1d11f07f2bbd471a38,Bode图,Bode plot,122,gold,,1,,B,True,ok,accepted
ctkg:v3e-object-cbbab19b11fc34557c78b5c6,ctkg_v3e-object-cbbab19b11fc34557c78b5c6,Normalized characteristic equation,Normalized characteristic equation,34,gold,,1,,B,True,ok,accepted
ctkg:v3e-object-cbfe80d3da0902843e4ec358,ctkg_v3e-object-cbfe80d3da0902843e4ec358,稳定节点,,20,gold,,1,,B,True,ok,accepted
ctkg:v3e-object-cc879188760f9c79394713cb,ctkg_v3e-object-cc879188760f9c79394713cb,s平面到z平面的映射,,57,gold,,1,,B,True,ok,accepted
ctkg:v3e-object-cd935c229d64107e30b8c1a7,ctkg_v3e-object-cd935c229d64107e30b8c1a7,增广系统,,32,silver,,1,,B,True,ok,accepted
ctkg:v3e-object-cfee5cc12bf4f8da26e41ff1,ctkg_v3e-object-cfee5cc12bf4f8da26e41ff1,Vector Margin,Vector Margin,75,gold,,1,,B,True,ok,accepted
ctkg:v3e-object-d36def50dedc036b5c5db035,ctkg_v3e-object-d36def50dedc036b5c5db035,Pole placement,Pole placement,151,gold,,1,,B,True,ok,accepted
ctkg:v3e-object-d4e994e83801bfcca363b375,ctkg_v3e-object-d4e994e83801bfcca363b375,不稳定焦点,,28,gold,,1,,B,True,ok,accepted
ctkg:v3e-object-d5145d73b0cb5535eac9e81b,ctkg_v3e-object-d5145d73b0cb5535eac9e81b,实奇点,,44,gold,,1,,B,True,ok,accepted
ctkg:v3e-object-d564eeb57b51d635721c5e78,ctkg_v3e-object-d564eeb57b51d635721c5e78,Tracking-error estimator,Tracking-error estimator,107,silver,,1,,B,True,ok,accepted
ctkg:v3e-object-d80da04d9d355b4af6fec9f9,ctkg_v3e-object-d80da04d9d355b4af6fec9f9,Phase-lead compensator,Phase-lead compensator,130,gold,,1,,B,True,ok,accepted
ctkg:v3e-object-d8ef97d0d84c5b3d7b209fd7,ctkg_v3e-object-d8ef97d0d84c5b3d7b209fd7,对数频率特性曲线绘制方法,,85,gold,,1,,B,True,ok,accepted
ctkg:v3e-object-d9716ac7221be94d7e69f7d3,ctkg_v3e-object-d9716ac7221be94d7e69f7d3,Kalman state-space decomposition,Kalman state-space decomposition,120,gold,,1,,B,True,ok,accepted
ctkg:v3e-object-dc100c0a7e752839af01bbea,ctkg_v3e-object-dc100c0a7e752839af01bbea,离散系统,,39,gold,,1,,B,True,ok,accepted
ctkg:v3e-object-dc824b634d98afec12f44ff1,ctkg_v3e-object-dc824b634d98afec12f44ff1,Control canonical form,Control canonical form,316,gold,,1,,B,True,ok,accepted
ctkg:v3e-object-dcb227bd6a2bb08a122e52d0,ctkg_v3e-object-dcb227bd6a2bb08a122e52d0,复合校正,,34,silver,,1,,B,True,ok,accepted
ctkg:v3e-object-dee6731dcc0faa231340dac9,ctkg_v3e-object-dee6731dcc0faa231340dac9,Decibel,Decibel,88,gold,,1,,B,True,ok,accepted
ctkg:v3e-object-e106c00b460b0d79496f817b,ctkg_v3e-object-e106c00b460b0d79496f817b,Tracking Effectiveness,Tracking Effectiveness,142,silver,,1,,B,True,ok,accepted
ctkg:v3e-object-e1caec9f68da5c573be699d5,ctkg_v3e-object-e1caec9f68da5c573be699d5,串联校正,,32,silver,,1,,B,True,ok,accepted
ctkg:v3e-object-e281edb0bf991d873b515ce3,ctkg_v3e-object-e281edb0bf991d873b515ce3,虚奇点,,44,gold,,1,,B,True,ok,accepted
ctkg:v3e-object-e28c6b3ef5b1335c8a086f34,ctkg_v3e-object-e28c6b3ef5b1335c8a086f34,Full-state feedback,Full-state feedback,151,gold,,1,,B,True,ok,accepted
ctkg:v3e-object-e43a521f65d1388d6cf5a06e,ctkg_v3e-object-e43a521f65d1388d6cf5a06e,Open-loop system poles,Open-loop system poles,30,silver,,1,,B,True,ok,accepted
ctkg:v3e-object-e70e153907f2fa8a69ad2c62,ctkg_v3e-object-e70e153907f2fa8a69ad2c62,Observer poles location,Observer poles location,114,silver,,1,,B,True,ok,accepted
ctkg:v3e-object-e80f5d56ce06409842363584,ctkg_v3e-object-e80f5d56ce06409842363584,频率特性实验确定方法,,75,gold,,1,,B,True,ok,accepted
ctkg:v3e-object-e90594bf67aa0149a800d9db,ctkg_v3e-object-e90594bf67aa0149a800d9db,负倒描述函数,,52,gold,,1,,B,True,ok,accepted
ctkg:v3e-object-e9769878ab175b13dde19719,ctkg_v3e-object-e9769878ab175b13dde19719,分度系数,,48,silver,,1,,B,True,ok,accepted
ctkg:v3e-object-ecc6832589e61331293846d6,ctkg_v3e-object-ecc6832589e61331293846d6,理想采样器,,46,gold,,1,,B,True,ok,accepted
ctkg:v3e-object-ed6a447b53f709e139144374,ctkg_v3e-object-ed6a447b53f709e139144374,采样频谱主分量,,34,gold,,1,,B,True,ok,accepted
ctkg:v3e-object-ee34b938a6fb68864ccf4aa7,ctkg_v3e-object-ee34b938a6fb68864ccf4aa7,Command following,Command following,83,silver,,1,,B,True,ok,accepted
ctkg:v3e-object-ee4c217b305b05786c0b89a9,ctkg_v3e-object-ee4c217b305b05786c0b89a9,Sinusoidal steady-state response,Sinusoidal steady-state response,164,gold,,1,,B,True,ok,accepted
ctkg:v3e-object-ee95c608a2f3782742d28d92,ctkg_v3e-object-ee95c608a2f3782742d28d92,Graphical evalua,Graphical evaluation of polar plot using s-plane vectors,56,gold,,1,,B,True,ok,accepted
ctkg:v3e-object-f0c0278d57559730f124c4e3,ctkg_v3e-object-f0c0278d57559730f124c4e3,解码过程,,31,gold,,1,,B,True,ok,accepted
ctkg:v3e-object-f16be3d3c310b5ceeae86b3f,ctkg_v3e-object-f16be3d3c310b5ceeae86b3f,采样频谱补分量,,32,gold,,1,,B,True,ok,accepted
ctkg:v3e-object-f46e9da31098d70fca946f63,ctkg_v3e-object-f46e9da31098d70fca946f63,programmable read-only memory (EPROM),programmable read-only memory (EPROM),37,gold,,1,,B,True,ok,accepted
ctkg:v3e-object-f5e744188b4f574f567a1a8e,ctkg_v3e-object-f5e744188b4f574f567a1a8e,状态转移矩阵,,51,gold,,1,,B,True,ok,accepted
ctkg:v3e-object-f8337fda41fd8e3fe22e87f7,ctkg_v3e-object-f8337fda41fd8e3fe22e87f7,multiplexer,multiplexer,141,gold,,1,,B,True,ok,accepted
ctkg:v3e-object-f86059edf7249257b142b471,ctkg_v3e-object-f86059edf7249257b142b471,C1 contour,C1 contour,108,gold,,1,,B,True,ok,accepted
ctkg:v3e-object-fa27f7e0f03c7c18dd56786d,ctkg_v3e-object-fa27f7e0f03c7c18dd56786d,conformal mapping,conformal mapping,88,gold,,1,,B,True,ok,accepted
ctkg:v3e-object-fb1bfa608ae42d3fc3c40d8c,ctkg_v3e-object-fb1bfa608ae42d3fc3c40d8c,Cascade compensation design approach,Cascade compensation design approach,296,silver,,1,,B,True,ok,accepted
ctc:modeling-023f560241f0e47081f0f59e,ctc_modeling-023f560241f0e47081f0f59e,state variable,state_variable,42,gold,theoretical_construct,0,excluded_with_rationale,B,True,ok,accepted
ctc:modeling-029518e82a518c01bc626b66,ctc_modeling-029518e82a518c01bc626b66,领域概念,modeling_029518e82a518c01bc626b66,135,silver,theoretical_construct,0,excluded_with_rationale,B,True,ok,accepted
ctc:modeling-05fbe60f54c183c4e3ded892,ctc_modeling-05fbe60f54c183c4e3ded892,The operation of converting,modeling_05fbe60f54c183c4e3ded892,97,silver,theoretical_construct,0,excluded_with_rationale,B,True,ok,accepted
ctc:modeling-0f6572562d2ba1a5b005f2c5,ctc_modeling-0f6572562d2ba1a5b005f2c5,pole zero gain form,pole_zero_gain_form,47,gold,representation_kind,0,excluded_with_rationale,B,True,ok,accepted
ctc:modeling-16649db0eecaaa63f87f2a4a,ctc_modeling-16649db0eecaaa63f87f2a4a,state vector,state_vector,40,gold,theoretical_construct,0,excluded_with_rationale,B,True,ok,accepted
ctc:modeling-1740c61b0819b8d938fbd13c,ctc_modeling-1740c61b0819b8d938fbd13c,The matrix sI,modeling_1740c61b0819b8d938fbd13c,32,silver,theoretical_construct,0,excluded_with_rationale,B,True,ok,accepted
ctc:modeling-18ec3e9de306f59f8feb27a1,ctc_modeling-18ec3e9de306f59f8feb27a1,领域概念,modeling_18ec3e9de306f59f8feb27a1,125,silver,analysis_method,0,excluded_with_rationale,B,True,ok,accepted
ctc:modeling-194b73effe783f6d40153135,ctc_modeling-194b73effe783f6d40153135,The product of the,modeling_194b73effe783f6d40153135,133,silver,theoretical_construct,0,excluded_with_rationale,B,True,ok,accepted
ctc:modeling-1a01abb71d037ed52c2bc394,ctc_modeling-1a01abb71d037ed52c2bc394,反映系统变量间因果关系和变换关…,modeling_1a01abb71d037ed52c2bc394,24,silver,theoretical_construct,0,excluded_with_rationale,B,True,ok,accepted
ctc:modeling-1ca93c10f7b87df4cc16b696,ctc_modeling-1ca93c10f7b87df4cc16b696,Control design methods based,modeling_1ca93c10f7b87df4cc16b696,94,silver,analysis_method,0,excluded_with_rationale,B,True,ok,accepted
ctc:modeling-1f9d48d8fc305d13a1ad4763,ctc_modeling-1f9d48d8fc305d13a1ad4763,阻尼系数,modeling_1f9d48d8fc305d13a1ad4763,35,silver,theoretical_construct,0,excluded_with_rationale,B,True,ok,accepted
ctc:modeling-239e401e0fcc8485f3a0533d,ctc_modeling-239e401e0fcc8485f3a0533d,set of manipulations to,modeling_239e401e0fcc8485f3a0533d,146,silver,analysis_method,0,excluded_with_rationale,B,True,ok,accepted
ctc:modeling-257734be226a35d7124a77c8,ctc_modeling-257734be226a35d7124a77c8,diagram used to determine,modeling_257734be226a35d7124a77c8,111,silver,analysis_method,0,excluded_with_rationale,B,True,ok,accepted
ctc:modeling-279d8e08fb8dbe4bdfd80b95,ctc_modeling-279d8e08fb8dbe4bdfd80b95,row matrix in the,modeling_279d8e08fb8dbe4bdfd80b95,46,silver,theoretical_construct,0,excluded_with_rationale,B,True,ok,accepted
ctc:modeling-2897ba298baf9901ef5633e3,ctc_modeling-2897ba298baf9901ef5633e3,takeoff point,takeoff_point,41,gold,theoretical_construct,0,excluded_with_rationale,B,True,ok,accepted
ctc:modeling-28fa6deb965991972437f316,ctc_modeling-28fa6deb965991972437f316,method of using computer,modeling_28fa6deb965991972437f316,226,silver,analysis_method,0,excluded_with_rationale,B,True,ok,accepted
ctc:modeling-290a601cb41e32841fe66084,ctc_modeling-290a601cb41e32841fe66084,summing junction,summing_junction,44,gold,theoretical_construct,0,excluded_with_rationale,B,True,ok,accepted
ctc:modeling-29d527b6e9effbb6adcabc45,ctc_modeling-29d527b6e9effbb6adcabc45,领域概念,modeling_29d527b6e9effbb6adcabc45,80,silver,theoretical_construct,0,excluded_with_rationale,B,True,ok,accepted
ctc:modeling-31d6c35bb311ba59057d5952,ctc_modeling-31d6c35bb311ba59057d5952,领域概念,modeling_31d6c35bb311ba59057d5952,67,silver,theoretical_construct,0,excluded_with_rationale,B,True,ok,accepted
ctc:modeling-3296b051e82a7e96fa31dcd9,ctc_modeling-3296b051e82a7e96fa31dcd9,求解离散动态方程的一种常用方法,modeling_3296b051e82a7e96fa31dcd9,45,silver,analysis_method,0,excluded_with_rationale,B,True,ok,accepted
ctc:modeling-34d3b4c651b0047e6e180fe2,ctc_modeling-34d3b4c651b0047e6e180fe2,method for modeling fluid,modeling_34d3b4c651b0047e6e180fe2,291,silver,analysis_method,0,excluded_with_rationale,B,True,ok,accepted
ctc:modeling-34de45f2470f6c09c7d96698,ctc_modeling-34de45f2470f6c09c7d96698,linearization,linearization,41,gold,analysis_method,0,excluded_with_rationale,B,True,ok,accepted
ctc:modeling-35ceac27e10f3aedb135cbab,ctc_modeling-35ceac27e10f3aedb135cbab,An matrix in the,modeling_35ceac27e10f3aedb135cbab,43,silver,theoretical_construct,0,excluded_with_rationale,B,True,ok,accepted
ctc:modeling-385c515b4d8dbb550b664072,ctc_modeling-385c515b4d8dbb550b664072,Input and output points,modeling_385c515b4d8dbb550b664072,60,silver,theoretical_construct,0,excluded_with_rationale,B,True,ok,accepted
ctc:modeling-39a4d08c5d9a2a86dcb90e73,ctc_modeling-39a4d08c5d9a2a86dcb90e73,The roots of the,modeling_39a4d08c5d9a2a86dcb90e73,84,silver,theoretical_construct,0,excluded_with_rationale,B,True,ok,accepted
ctc:modeling-3d5825588c001e4faf3af7bc,ctc_modeling-3d5825588c001e4faf3af7bc,表征系统内部变量及输入变量和输…,modeling_3d5825588c001e4faf3af7bc,40,silver,theoretical_construct,0,excluded_with_rationale,B,True,ok,accepted
ctc:modeling-3d919906545f3c2891c3f444,ctc_modeling-3d919906545f3c2891c3f444,tau RC the time,modeling_3d919906545f3c2891c3f444,43,silver,theoretical_construct,0,excluded_with_rationale,B,True,ok,accepted
ctc:modeling-42946f0d5ec8b73ea7158b0d,ctc_modeling-42946f0d5ec8b73ea7158b0d,用于测量角速度并将它转换成电压…,modeling_42946f0d5ec8b73ea7158b0d,41,silver,theoretical_construct,0,excluded_with_rationale,B,True,ok,accepted
ctc:modeling-42e60317a7f829d9743436fb,ctc_modeling-42e60317a7f829d9743436fb,The roots of the,modeling_42e60317a7f829d9743436fb,126,silver,theoretical_construct,0,excluded_with_rationale,B,True,ok,accepted
ctc:modeling-44e603669ad0e6bf331b1511,ctc_modeling-44e603669ad0e6bf331b1511,feedback loop in signal-flow,modeling_44e603669ad0e6bf331b1511,77,silver,theoretical_construct,0,excluded_with_rationale,B,True,ok,accepted
ctc:modeling-47e8eb68c1aa5cd068c72e54,ctc_modeling-47e8eb68c1aa5cd068c72e54,feedback loop where the,modeling_47e8eb68c1aa5cd068c72e54,113,silver,theoretical_construct,0,excluded_with_rationale,B,True,ok,accepted
ctc:modeling-49366083a7c2d25157dff636,ctc_modeling-49366083a7c2d25157dff636,用于简化离散化输入矩阵 G(T…,modeling_49366083a7c2d25157dff636,48,silver,analysis_method,0,excluded_with_rationale,B,True,ok,accepted
ctc:modeling-4deaeff05024e26119625b3f,ctc_modeling-4deaeff05024e26119625b3f,Constant that relates motor,modeling_4deaeff05024e26119625b3f,127,silver,theoretical_construct,0,excluded_with_rationale,B,True,ok,accepted
ctc:modeling-4df124031c5a8ee564df38c9,ctc_modeling-4df124031c5a8ee564df38c9,只有信号输出支路而没有信号输入…,modeling_4df124031c5a8ee564df38c9,33,silver,theoretical_construct,0,excluded_with_rationale,B,True,ok,accepted
ctc:modeling-4f409ac5d92008a186021024,ctc_modeling-4f409ac5d92008a186021024,控制系统中广泛应用的一种小功率…,modeling_4f409ac5d92008a186021024,69,silver,theoretical_construct,0,excluded_with_rationale,B,True,ok,accepted
ctc:modeling-4f6741e807ce91bcc0c55edc,ctc_modeling-4f6741e807ce91bcc0c55edc,描述系统内部每个时刻所处状况的…,modeling_4f6741e807ce91bcc0c55edc,25,silver,theoretical_construct,0,excluded_with_rationale,B,True,ok,accepted
ctc:modeling-4fe8840f2c796861bf5d2dae,ctc_modeling-4fe8840f2c796861bf5d2dae,在一个很小的范…,modeling_4fe8840f2c796861bf5d2dae,57,silver,analysis_method,0,excluded_with_rationale,B,True,ok,accepted
ctc:modeling-50096472169ff29f3d25b2d1,ctc_modeling-50096472169ff29f3d25b2d1,The plane of position,modeling_50096472169ff29f3d25b2d1,66,silver,theoretical_construct,0,excluded_with_rationale,B,True,ok,accepted
ctc:modeling-50485fae7510cd7e2e73f19c,ctc_modeling-50485fae7510cd7e2e73f19c,表示对两个以上的信号进行加减运算,modeling_50485fae7510cd7e2e73f19c,35,silver,theoretical_construct,0,excluded_with_rationale,B,True,ok,accepted
ctc:modeling-509a4d362899c7dae1f7fd55,ctc_modeling-509a4d362899c7dae1f7fd55,method for simplifying block,modeling_509a4d362899c7dae1f7fd55,116,silver,analysis_method,0,excluded_with_rationale,B,True,ok,accepted
ctc:modeling-50ed406e4478b481d868adfb,ctc_modeling-50ed406e4478b481d868adfb,The determinant of the,modeling_50ed406e4478b481d868adfb,95,silver,theoretical_construct,0,excluded_with_rationale,B,True,ok,accepted
ctc:modeling-552949e161c8ec77272f5d01,ctc_modeling-552949e161c8ec77272f5d01,system where the output,modeling_552949e161c8ec77272f5d01,116,silver,theoretical_construct,0,excluded_with_rationale,B,True,ok,accepted
ctc:modeling-55e31330cbbe990cf7ad21f4,ctc_modeling-55e31330cbbe990cf7ad21f4,The time response of,modeling_55e31330cbbe990cf7ad21f4,118,silver,theoretical_construct,0,excluded_with_rationale,B,True,ok,accepted
ctc:modeling-56a9fb0159828d74278483da,ctc_modeling-56a9fb0159828d74278483da,阀门流量系数Ku,modeling_56a9fb0159828d74278483da,43,silver,theoretical_construct,0,excluded_with_rationale,B,True,ok,accepted
ctc:modeling-57fe9fb7d5fdd731b82b9408,ctc_modeling-57fe9fb7d5fdd731b82b9408,对于具有连续变化的非线性特性函数,modeling_57fe9fb7d5fdd731b82b9408,42,silver,analysis_method,0,excluded_with_rationale,B,True,ok,accepted
ctc:modeling-597d8adce926a462905a0f63,ctc_modeling-597d8adce926a462905a0f63,领域概念,modeling_597d8adce926a462905a0f63,169,silver,theoretical_construct,0,excluded_with_rationale,B,True,ok,accepted
ctc:modeling-5e62391de61ac1af304601cb,ctc_modeling-5e62391de61ac1af304601cb,领域概念,modeling_5e62391de61ac1af304601cb,116,silver,theoretical_construct,0,excluded_with_rationale,B,True,ok,accepted
ctc:modeling-5f0178db5e9334312de23135,ctc_modeling-5f0178db5e9334312de23135,求解离散动态方程的一种方法,modeling_5f0178db5e9334312de23135,24,silver,analysis_method,0,excluded_with_rationale,B,True,ok,accepted
ctc:modeling-63b5f9f3e52c50193ddb626f,ctc_modeling-63b5f9f3e52c50193ddb626f,The roots of the,modeling_63b5f9f3e52c50193ddb626f,107,silver,theoretical_construct,0,excluded_with_rationale,B,True,ok,accepted
ctc:modeling-697391470a76199a5aa695d7,ctc_modeling-697391470a76199a5aa695d7,The determinant with the,modeling_697391470a76199a5aa695d7,76,silver,theoretical_construct,0,excluded_with_rationale,B,True,ok,accepted
ctc:modeling-6987c534ece89cf4c3586091,ctc_modeling-6987c534ece89cf4c3586091,每一个输入量影响所有输出量,modeling_6987c534ece89cf4c3586091,33,silver,theoretical_construct,0,excluded_with_rationale,B,True,ok,accepted
ctc:modeling-6b165cbc25cc6e0afb6f4614,ctc_modeling-6b165cbc25cc6e0afb6f4614,The rotational inertia of,modeling_6b165cbc25cc6e0afb6f4614,88,silver,theoretical_construct,0,excluded_with_rationale,B,True,ok,accepted
ctc:modeling-6bc695e4ba1784407e920056,ctc_modeling-6bc695e4ba1784407e920056,The time constant of,modeling_6bc695e4ba1784407e920056,169,silver,theoretical_construct,0,excluded_with_rationale,B,True,ok,accepted
ctc:modeling-6ed1719a7e3ec5719fba4276,ctc_modeling-6ed1719a7e3ec5719fba4276,An matrix in the,modeling_6ed1719a7e3ec5719fba4276,43,silver,theoretical_construct,0,excluded_with_rationale,B,True,ok,accepted
ctc:modeling-70629af71e754aac8b740638,ctc_modeling-70629af71e754aac8b740638,procedure to obtain set,modeling_70629af71e754aac8b740638,218,silver,analysis_method,0,excluded_with_rationale,B,True,ok,accepted
ctc:modeling-70b08efcf6bb085e05de94cd,ctc_modeling-70b08efcf6bb085e05de94cd,领域概念,modeling_70b08efcf6bb085e05de94cd,177,silver,analysis_method,0,excluded_with_rationale,B,True,ok,accepted
ctc:modeling-736212ccb3694d44a24fa358,ctc_modeling-736212ccb3694d44a24fa358,output,output,34,gold,theoretical_construct,0,excluded_with_rationale,B,True,ok,accepted
ctc:modeling-73858eee00fb3199420afaf9,ctc_modeling-73858eee00fb3199420afaf9,Constant that relates the,modeling_73858eee00fb3199420afaf9,122,silver,theoretical_construct,0,excluded_with_rationale,B,True,ok,accepted
ctc:modeling-7734a0845c335f160395bac0,ctc_modeling-7734a0845c335f160395bac0,mathematical model,mathematical_model,46,gold,theoretical_construct,0,excluded_with_rationale,B,True,ok,accepted
ctc:modeling-7eda83cdbc9e753480c9189c,ctc_modeling-7eda83cdbc9e753480c9189c,以n个状态变量作为基底所组成的…,modeling_7eda83cdbc9e753480c9189c,20,silver,theoretical_construct,0,excluded_with_rationale,B,True,ok,accepted
ctc:modeling-7ef5ce337a4ffe79fc6bc123,ctc_modeling-7ef5ce337a4ffe79fc6bc123,领域概念,modeling_7ef5ce337a4ffe79fc6bc123,116,silver,theoretical_construct,0,excluded_with_rationale,B,True,ok,accepted
ctc:modeling-80022cac122c3cd819ff4f51,ctc_modeling-80022cac122c3cd819ff4f51,两相伺服电动机的转矩-速度特性…,modeling_80022cac122c3cd819ff4f51,74,silver,analysis_method,0,excluded_with_rationale,B,True,ok,accepted
ctc:modeling-87e2a628713912440978a4ac,ctc_modeling-87e2a628713912440978a4ac,system without component in,modeling_87e2a628713912440978a4ac,121,silver,theoretical_construct,0,excluded_with_rationale,B,True,ok,accepted
ctc:modeling-88b31a8b95da7d5a6fbcabbf,ctc_modeling-88b31a8b95da7d5a6fbcabbf,Time constant of the,modeling_88b31a8b95da7d5a6fbcabbf,79,silver,theoretical_construct,0,excluded_with_rationale,B,True,ok,accepted
ctc:modeling-88ca0516dba9ab8b7d08cf39,ctc_modeling-88ca0516dba9ab8b7d08cf39,Time constant of the,modeling_88ca0516dba9ab8b7d08cf39,82,silver,theoretical_construct,0,excluded_with_rationale,B,True,ok,accepted
ctc:modeling-890515b8726faee2a75243f0,ctc_modeling-890515b8726faee2a75243f0,general element with an,modeling_890515b8726faee2a75243f0,152,silver,theoretical_construct,0,excluded_with_rationale,B,True,ok,accepted
ctc:modeling-892213909ed6f15a62b43309,ctc_modeling-892213909ed6f15a62b43309,system whose output does,modeling_892213909ed6f15a62b43309,92,silver,theoretical_construct,0,excluded_with_rationale,B,True,ok,accepted
ctc:modeling-8a0ff75844bf161eeea3c542,ctc_modeling-8a0ff75844bf161eeea3c542,set of state variables,modeling_8a0ff75844bf161eeea3c542,150,silver,theoretical_construct,0,excluded_with_rationale,B,True,ok,accepted
ctc:modeling-8aa475ed6514adc11f9b5c8d,ctc_modeling-8aa475ed6514adc11f9b5c8d,一个由反馈闭合的整体,modeling_8aa475ed6514adc11f9b5c8d,46,silver,theoretical_construct,0,excluded_with_rationale,B,True,ok,accepted
ctc:modeling-8bf044c43e3936166dff5b1c,ctc_modeling-8bf044c43e3936166dff5b1c,领域概念,modeling_8bf044c43e3936166dff5b1c,104,silver,theoretical_construct,0,excluded_with_rationale,B,True,ok,accepted
ctc:modeling-8c8d6e7cf3e42a3cfc970dcb,ctc_modeling-8c8d6e7cf3e42a3cfc970dcb,system with several input,modeling_8c8d6e7cf3e42a3cfc970dcb,47,silver,theoretical_construct,0,excluded_with_rationale,B,True,ok,accepted
ctc:modeling-8d3c115cdb81c364733e1e43,ctc_modeling-8d3c115cdb81c364733e1e43,The frequency of undamped,modeling_8d3c115cdb81c364733e1e43,98,silver,theoretical_construct,0,excluded_with_rationale,B,True,ok,accepted
ctc:modeling-8da5f6b9e31ffc9cd7f99f2b,ctc_modeling-8da5f6b9e31ffc9cd7f99f2b,将严格有理真分式N(s)/D(…,modeling_8da5f6b9e31ffc9cd7f99f2b,75,silver,analysis_method,0,excluded_with_rationale,B,True,ok,accepted
ctc:modeling-8e366031873dad8735f0502c,ctc_modeling-8e366031873dad8735f0502c,由网络输入电压产生的输出分量,modeling_8e366031873dad8735f0502c,23,silver,theoretical_construct,0,excluded_with_rationale,B,True,ok,accepted
ctc:modeling-91ba2fdc8dde496250e3fd3a,ctc_modeling-91ba2fdc8dde496250e3fd3a,领域概念,modeling_91ba2fdc8dde496250e3fd3a,89,silver,theoretical_construct,0,excluded_with_rationale,B,True,ok,accepted
ctc:modeling-921bc3037657731382363bae,ctc_modeling-921bc3037657731382363bae,The natural or unforced,modeling_921bc3037657731382363bae,86,silver,theoretical_construct,0,excluded_with_rationale,B,True,ok,accepted
ctc:modeling-92585a5a20a461e4bd471802,ctc_modeling-92585a5a20a461e4bd471802,领域概念,modeling_92585a5a20a461e4bd471802,182,silver,analysis_method,0,excluded_with_rationale,B,True,ok,accepted
ctc:modeling-92c8c5f262eab442578925e6,ctc_modeling-92c8c5f262eab442578925e6,K1,modeling_92c8c5f262eab442578925e6,46,silver,theoretical_construct,0,excluded_with_rationale,B,True,ok,accepted
ctc:modeling-9496aabdf225c6359c6ca1cc,ctc_modeling-9496aabdf225c6359c6ca1cc,feedback loop where the,modeling_9496aabdf225c6359c6ca1cc,141,silver,theoretical_construct,0,excluded_with_rationale,B,True,ok,accepted
ctc:modeling-96baafc3f8054624b245801f,ctc_modeling-96baafc3f8054624b245801f,纯延迟时间,modeling_96baafc3f8054624b245801f,47,silver,theoretical_construct,0,excluded_with_rationale,B,True,ok,accepted
ctc:modeling-973bf20855fa91de0e571199,ctc_modeling-973bf20855fa91de0e571199,The voltage across an,modeling_973bf20855fa91de0e571199,104,silver,theoretical_construct,0,excluded_with_rationale,B,True,ok,accepted
ctc:modeling-9b8a43928af77103270d5f9c,ctc_modeling-9b8a43928af77103270d5f9c,nontouching loops,nontouching_loops,45,gold,theoretical_construct,0,excluded_with_rationale,B,True,ok,accepted
ctc:modeling-9ba52fe3ff16aed315b747c8,ctc_modeling-9ba52fe3ff16aed315b747c8,mathematical tool used to,modeling_9ba52fe3ff16aed315b747c8,87,silver,analysis_method,0,excluded_with_rationale,B,True,ok,accepted
ctc:modeling-9c45067d35487ce7a3ce6871,ctc_modeling-9c45067d35487ce7a3ce6871,The voltage across resistor,modeling_9c45067d35487ce7a3ce6871,80,silver,theoretical_construct,0,excluded_with_rationale,B,True,ok,accepted
ctc:modeling-9ed0a45a858cba840a8775a3,ctc_modeling-9ed0a45a858cba840a8775a3,在控制系统中广泛用作执行机构,modeling_9ed0a45a858cba840a8775a3,34,silver,theoretical_construct,0,excluded_with_rationale,B,True,ok,accepted
ctc:modeling-a0578e35574b6bf2399d6a93,ctc_modeling-a0578e35574b6bf2399d6a93,Two loops that share,modeling_a0578e35574b6bf2399d6a93,46,silver,theoretical_construct,0,excluded_with_rationale,B,True,ok,accepted
ctc:modeling-a4b27ffcac4ec72c414a553b,ctc_modeling-a4b27ffcac4ec72c414a553b,function that is for,modeling_a4b27ffcac4ec72c414a553b,43,silver,theoretical_construct,0,excluded_with_rationale,B,True,ok,accepted
ctc:modeling-a650a5ff9a3147b7d49b45b0,ctc_modeling-a650a5ff9a3147b7d49b45b0,单容水槽增益K=Ku R,modeling_a650a5ff9a3147b7d49b45b0,30,silver,theoretical_construct,0,excluded_with_rationale,B,True,ok,accepted
ctc:modeling-a802f59edc4ae0f920912630,ctc_modeling-a802f59edc4ae0f920912630,带有箭头的直线,modeling_a802f59edc4ae0f920912630,36,silver,theoretical_construct,0,excluded_with_rationale,B,True,ok,accepted
ctc:modeling-aa10e4daa1e969c557f6ef83,ctc_modeling-aa10e4daa1e969c557f6ef83,mathematical model of system,modeling_aa10e4daa1e969c557f6ef83,209,silver,theoretical_construct,0,excluded_with_rationale,B,True,ok,accepted
ctc:modeling-aae409768220828b9a79a1b4,ctc_modeling-aae409768220828b9a79a1b4,对于输入量中不含导数项的单输入…,modeling_aae409768220828b9a79a1b4,70,silver,analysis_method,0,excluded_with_rationale,B,True,ok,accepted
ctc:modeling-acda4bbdef07ca9542e1d914,ctc_modeling-acda4bbdef07ca9542e1d914,type of ideal element,modeling_acda4bbdef07ca9542e1d914,156,silver,theoretical_construct,0,excluded_with_rationale,B,True,ok,accepted
ctc:modeling-ae27798a12142653b684e425,ctc_modeling-ae27798a12142653b684e425,method of analyzing linear,modeling_ae27798a12142653b684e425,142,silver,analysis_method,0,excluded_with_rationale,B,True,ok,accepted
ctc:modeling-b2fd214ec64665147e16ff9d,ctc_modeling-b2fd214ec64665147e16ff9d,device whose input is,modeling_b2fd214ec64665147e16ff9d,150,silver,theoretical_construct,0,excluded_with_rationale,B,True,ok,accepted
ctc:modeling-b39d2fc34a2e7f4d7a214652,ctc_modeling-b39d2fc34a2e7f4d7a214652,测速发电机输出斜率Kt,modeling_b39d2fc34a2e7f4d7a214652,25,silver,theoretical_construct,0,excluded_with_rationale,B,True,ok,accepted
ctc:modeling-b5aa1e9d744b24db0fdc4884,ctc_modeling-b5aa1e9d744b24db0fdc4884,一对电位器组成误差检测器时,modeling_b5aa1e9d744b24db0fdc4884,35,silver,theoretical_construct,0,excluded_with_rationale,B,True,ok,accepted
ctc:modeling-b778b7ffce8e779719191d7f,ctc_modeling-b778b7ffce8e779719191d7f,construct that estimates the,modeling_b778b7ffce8e779719191d7f,64,silver,theoretical_construct,0,excluded_with_rationale,B,True,ok,accepted
ctc:modeling-b78ed64321ecf6db80e791bc,ctc_modeling-b78ed64321ecf6db80e791bc,两相伺服电动机堵转转矩Ms,modeling_b78ed64321ecf6db80e791bc,46,silver,theoretical_construct,0,excluded_with_rationale,B,True,ok,accepted
ctc:modeling-b7bed1c1ee540651b7c02d87,ctc_modeling-b7bed1c1ee540651b7c02d87,method to estimate key,modeling_b7bed1c1ee540651b7c02d87,134,silver,analysis_method,0,excluded_with_rationale,B,True,ok,accepted
ctc:modeling-b7d2b341a154e6866de96630,ctc_modeling-b7d2b341a154e6866de96630,领域概念,modeling_b7d2b341a154e6866de96630,104,silver,theoretical_construct,0,excluded_with_rationale,B,True,ok,accepted
ctc:modeling-bb52102ba5f63982e27e329a,ctc_modeling-bb52102ba5f63982e27e329a,parallel connection,parallel_connection,47,gold,theoretical_construct,0,excluded_with_rationale,B,True,ok,accepted
ctc:modeling-bcacecb383311e8f70f58eda,ctc_modeling-bcacecb383311e8f70f58eda,当bn=0时,modeling_bcacecb383311e8f70f58eda,74,silver,analysis_method,0,excluded_with_rationale,B,True,ok,accepted
ctc:modeling-bd4e3f71bf3101874e055029,ctc_modeling-bd4e3f71bf3101874e055029,system in which one,modeling_bd4e3f71bf3101874e055029,72,silver,theoretical_construct,0,excluded_with_rationale,B,True,ok,accepted
ctc:modeling-c00613a7c1461d8693f43488,ctc_modeling-c00613a7c1461d8693f43488,领域概念,modeling_c00613a7c1461d8693f43488,114,silver,theoretical_construct,0,excluded_with_rationale,B,True,ok,accepted
ctc:modeling-c11008d631001e9adf28c536,ctc_modeling-c11008d631001e9adf28c536,领域概念,modeling_c11008d631001e9adf28c536,132,silver,theoretical_construct,0,excluded_with_rationale,B,True,ok,accepted
ctc:modeling-c52664289f7d9f3378930894,ctc_modeling-c52664289f7d9f3378930894,The determinant with the,modeling_c52664289f7d9f3378930894,61,silver,theoretical_construct,0,excluded_with_rationale,B,True,ok,accepted
ctc:modeling-c64dfb875b6343ff32d0acb2,ctc_modeling-c64dfb875b6343ff32d0acb2,领域概念,modeling_c64dfb875b6343ff32d0acb2,153,silver,theoretical_construct,0,excluded_with_rationale,B,True,ok,accepted
ctc:modeling-caf967347827c5f93ed59795,ctc_modeling-caf967347827c5f93ed59795,由初始条件产生的输出分量,modeling_caf967347827c5f93ed59795,21,silver,theoretical_construct,0,excluded_with_rationale,B,True,ok,accepted
ctc:modeling-caf9d1bfa4acd33993e1d039,ctc_modeling-caf9d1bfa4acd33993e1d039,流出端负载阀门的阻力,modeling_caf9d1bfa4acd33993e1d039,50,silver,theoretical_construct,0,excluded_with_rationale,B,True,ok,accepted
ctc:modeling-cb1f9e419f63a3e53ccc336b,ctc_modeling-cb1f9e419f63a3e53ccc336b,领域概念,modeling_cb1f9e419f63a3e53ccc336b,111,silver,analysis_method,0,excluded_with_rationale,B,True,ok,accepted
ctc:modeling-cba517bb72cccbe819db88e9,ctc_modeling-cba517bb72cccbe819db88e9,point in block diagram,modeling_cba517bb72cccbe819db88e9,127,silver,theoretical_construct,0,excluded_with_rationale,B,True,ok,accepted
ctc:modeling-ccef964f06e57a0ef5e51635,ctc_modeling-ccef964f06e57a0ef5e51635,Solve for the highest,modeling_ccef964f06e57a0ef5e51635,197,silver,analysis_method,0,excluded_with_rationale,B,True,ok,accepted
ctc:modeling-cd450f490c2d0e12795560a9,ctc_modeling-cd450f490c2d0e12795560a9,K1,modeling_cd450f490c2d0e12795560a9,46,silver,theoretical_construct,0,excluded_with_rationale,B,True,ok,accepted
ctc:modeling-cf35c2ab1653eb95eecdb745,ctc_modeling-cf35c2ab1653eb95eecdb745,An integral transform that,modeling_cf35c2ab1653eb95eecdb745,156,silver,theoretical_construct,0,excluded_with_rationale,B,True,ok,accepted
ctc:modeling-cfe23fc89a7d2442f25e31e1,ctc_modeling-cfe23fc89a7d2442f25e31e1,type of ideal element,modeling_cfe23fc89a7d2442f25e31e1,163,silver,theoretical_construct,0,excluded_with_rationale,B,True,ok,accepted
ctc:modeling-d13998ec5f975280e3d339f7,ctc_modeling-d13998ec5f975280e3d339f7,component that scales an,modeling_d13998ec5f975280e3d339f7,69,silver,theoretical_construct,0,excluded_with_rationale,B,True,ok,accepted
ctc:modeling-d55636bf45da33ce5a6c5084,ctc_modeling-d55636bf45da33ce5a6c5084,The column vector that,modeling_d55636bf45da33ce5a6c5084,69,silver,theoretical_construct,0,excluded_with_rationale,B,True,ok,accepted
ctc:modeling-d558fb5e651ada9ab0cf60e9,ctc_modeling-d558fb5e651ada9ab0cf60e9,离散化系统中用于描述状态转移的…,modeling_d558fb5e651ada9ab0cf60e9,46,silver,theoretical_construct,0,excluded_with_rationale,B,True,ok,accepted
ctc:modeling-d5d32667c2633ba60a243b36,ctc_modeling-d5d32667c2633ba60a243b36,The initial conditions of,modeling_d5d32667c2633ba60a243b36,138,silver,theoretical_construct,0,excluded_with_rationale,B,True,ok,accepted
ctc:modeling-d76278bb06547fd1acb9718d,ctc_modeling-d76278bb06547fd1acb9718d,The roots of the,modeling_d76278bb06547fd1acb9718d,119,silver,theoretical_construct,0,excluded_with_rationale,B,True,ok,accepted
ctc:modeling-d978f6c1e3903da5373e65e3,ctc_modeling-d978f6c1e3903da5373e65e3,Knowledge of the initial,modeling_d978f6c1e3903da5373e65e3,234,silver,theoretical_construct,0,excluded_with_rationale,B,True,ok,accepted
ctc:modeling-e2066e5e888d36826fd01d4d,ctc_modeling-e2066e5e888d36826fd01d4d,领域概念,modeling_e2066e5e888d36826fd01d4d,107,silver,theoretical_construct,0,excluded_with_rationale,B,True,ok,accepted
ctc:modeling-e304e644d69b0f1be6d6eca4,ctc_modeling-e304e644d69b0f1be6d6eca4,The output of system,modeling_e304e644d69b0f1be6d6eca4,104,silver,theoretical_construct,0,excluded_with_rationale,B,True,ok,accepted
ctc:modeling-e442dacbfef4a0d7ea3c4c15,ctc_modeling-e442dacbfef4a0d7ea3c4c15,feedback connection,feedback_connection,121,gold,theoretical_construct,0,excluded_with_rationale,B,True,ok,accepted
ctc:modeling-e4b326508cc8d382de9da525,ctc_modeling-e4b326508cc8d382de9da525,When the numerator degree,modeling_e4b326508cc8d382de9da525,184,silver,theoretical_construct,0,excluded_with_rationale,B,True,ok,accepted
ctc:modeling-e96fa139bbc059f3e779e62e,ctc_modeling-e96fa139bbc059f3e779e62e,scalar in the state-variable,modeling_e96fa139bbc059f3e779e62e,36,silver,theoretical_construct,0,excluded_with_rationale,B,True,ok,accepted
ctc:modeling-ea4a7ab91e2d3f6b2fb02260,ctc_modeling-ea4a7ab91e2d3f6b2fb02260,两相伺服电动机传递系数Km=C…,modeling_ea4a7ab91e2d3f6b2fb02260,25,silver,theoretical_construct,0,excluded_with_rationale,B,True,ok,accepted
ctc:modeling-ea5098dadda2a392d132f06c,ctc_modeling-ea5098dadda2a392d132f06c,graphical model that relates,modeling_ea5098dadda2a392d132f06c,154,silver,theoretical_construct,0,excluded_with_rationale,B,True,ok,accepted
ctc:modeling-eac6404c25ea4a8f89cc3f5b,ctc_modeling-eac6404c25ea4a8f89cc3f5b,method to expand rational,modeling_eac6404c25ea4a8f89cc3f5b,101,silver,analysis_method,0,excluded_with_rationale,B,True,ok,accepted
ctc:modeling-ebf5a771fd114720de11f6e3,ctc_modeling-ebf5a771fd114720de11f6e3,series connection,series_connection,45,gold,theoretical_construct,0,excluded_with_rationale,B,True,ok,accepted
ctc:modeling-ec763ecf3151981eb739b352,ctc_modeling-ec763ecf3151981eb739b352,An ideal current source,modeling_ec763ecf3151981eb739b352,100,silver,theoretical_construct,0,excluded_with_rationale,B,True,ok,accepted
ctc:modeling-f2e26b86d409ca068e2cee20,ctc_modeling-f2e26b86d409ca068e2cee20,Time constant of the,modeling_f2e26b86d409ca068e2cee20,77,silver,theoretical_construct,0,excluded_with_rationale,B,True,ok,accepted
ctc:modeling-f657ca93b0857c4560ba8c77,ctc_modeling-f657ca93b0857c4560ba8c77,method for writing circuit,modeling_f657ca93b0857c4560ba8c77,183,silver,analysis_method,0,excluded_with_rationale,B,True,ok,accepted
ctc:modeling-f67b645861d91ec61618959b,ctc_modeling-f67b645861d91ec61618959b,system whose motion is,modeling_f67b645861d91ec61618959b,151,silver,theoretical_construct,0,excluded_with_rationale,B,True,ok,accepted
ctc:modeling-f6875bd8fd4ad1250d8980d8,ctc_modeling-f6875bd8fd4ad1250d8980d8,One can often linearize,modeling_f6875bd8fd4ad1250d8980d8,189,silver,analysis_method,0,excluded_with_rationale,B,True,ok,accepted
ctc:modeling-v2r-8e433b427ffa0e0dc5fd3d64,ctc_modeling-v2r-8e433b427ffa0e0dc5fd3d64,branch gain,branch_gain,39,gold,theoretical_construct,0,excluded_with_rationale,B,True,ok,accepted
ctc:v11g-046d539f3b7005bb49884851,ctc_v11g-046d539f3b7005bb49884851,self loop transmittance l n,self_loop_transmittance_l_n,81,gold,mathematical_object,0,excluded_with_rationale,B,True,ok,accepted
ctc:v11g-1c9f955b68fd25e1f4ad86f6,ctc_v11g-1c9f955b68fd25e1f4ad86f6,调节时间,settling_time,75,gold,performance_metric,0,excluded_with_rationale,B,True,ok,accepted
ctc:v11g-21fba199a9fdef15887d600f,ctc_v11g-21fba199a9fdef15887d600f,lag compensation,lag_compensation,104,gold,design_method,0,excluded_with_rationale,B,True,ok,accepted
ctc:v11g-2628d227495a3860151a16c1,ctc_v11g-2628d227495a3860151a16c1,imaginary axis crossing,imaginary_axis_crossing,62,gold,mathematical_object,0,excluded_with_rationale,B,True,ok,accepted
ctc:v11g-29bcae62e44c52ed219e6687,ctc_v11g-29bcae62e44c52ed219e6687,logarithmic sensitivity,logarithmic_sensitivity,207,gold,performance_metric,0,excluded_with_rationale,B,True,ok,accepted
ctc:v11g-2c9038984a34b530385c3e4a,ctc_v11g-2c9038984a34b530385c3e4a,monic polynomial,monic_polynomial,62,gold,mathematical_object,0,excluded_with_rationale,B,True,ok,accepted
ctc:v11g-35bacac12472ebce3fd8ca03,ctc_v11g-35bacac12472ebce3fd8ca03,lumped parameter circuit,lumped_parameter_circuit,91,gold,system_component,0,excluded_with_rationale,B,True,ok,accepted
ctc:v11g-40aced4eb1298f7db801690b,ctc_v11g-40aced4eb1298f7db801690b,branches of the root locus,branches_of_the_root_locus,116,gold,representation_kind,0,excluded_with_rationale,B,True,ok,accepted
ctc:v11g-44d931dcd9405d845e782f87,ctc_v11g-44d931dcd9405d845e782f87,distributed rc network,distributed_rc_network,134,gold,system_component,0,excluded_with_rationale,B,True,ok,accepted
ctc:v11g-462227b4794133f894bdd0a8,ctc_v11g-462227b4794133f894bdd0a8,breakaway point,breakaway_point,90,gold,mathematical_object,0,excluded_with_rationale,B,True,ok,accepted
ctc:v11g-485febfa90a27cfcedd997ff,ctc_v11g-485febfa90a27cfcedd997ff,ultimate period,ultimate_period,112,gold,performance_metric,0,excluded_with_rationale,B,True,ok,accepted
ctc:v11g-4aec82cd79a002c70fb185b3,ctc_v11g-4aec82cd79a002c70fb185b3,loop transfer function l s,loop_transfer_function_l_s,107,gold,representation_kind,0,excluded_with_rationale,B,True,ok,accepted
ctc:v11g-4bb347d0f2aa8859a18073de,ctc_v11g-4bb347d0f2aa8859a18073de,seven steps for sketching a root locus,seven_steps_for_sketching_a_root_locus,240,gold,analysis_method,0,excluded_with_rationale,B,True,ok,accepted
ctc:v11g-4c152561a989c34245c538b6,ctc_v11g-4c152561a989c34245c538b6,asymptote,asymptote,85,gold,representation_kind,0,excluded_with_rationale,B,True,ok,accepted
ctc:v11g-546566f01ae374379ec78c1e,ctc_v11g-546566f01ae374379ec78c1e,two step parameter design method,two_step_parameter_design_method,139,gold,design_method,0,excluded_with_rationale,B,True,ok,accepted
ctc:v11g-6bfefff084f66202b9af9dd4,ctc_v11g-6bfefff084f66202b9af9dd4,ziegler nichols pid tuning method,ziegler_nichols_pid_tuning_method,150,gold,design_method,0,excluded_with_rationale,B,True,ok,accepted
ctc:v11g-79840533ef35fdf38b995397,ctc_v11g-79840533ef35fdf38b995397,variable parameter k,variable_parameter_k,79,gold,mathematical_object,0,excluded_with_rationale,B,True,ok,accepted
ctc:v11g-7b077c33b2c8dde2b1980d10,ctc_v11g-7b077c33b2c8dde2b1980d10,percent overshoot,percent_overshoot,96,gold,performance_metric,0,excluded_with_rationale,B,True,ok,accepted
ctc:v11g-91ad9d6426185f59dea4a418,ctc_v11g-91ad9d6426185f59dea4a418,稳态误差,steady_state_error,77,gold,performance_metric,0,excluded_with_rationale,B,True,ok,accepted
ctc:v11g-93b322aec104af4eb69aa152,ctc_v11g-93b322aec104af4eb69aa152,pid tuning,pid_tuning,62,gold,design_method,0,excluded_with_rationale,B,True,ok,accepted
ctc:v11g-9dfc90c240d6bf3ebc285faf,ctc_v11g-9dfc90c240d6bf3ebc285faf,frequency of oscillation,frequency_of_oscillation,78,gold,performance_metric,0,excluded_with_rationale,B,True,ok,accepted
ctc:v11g-a8b5ea28f2d127b68833e809,ctc_v11g-a8b5ea28f2d127b68833e809,transponder tags,transponder_tags,99,gold,system_component,0,excluded_with_rationale,B,True,ok,accepted
ctc:v11g-ab8978b79838ecaf3e856d0f,ctc_v11g-ab8978b79838ecaf3e856d0f,quarter amplitude decay,quarter_amplitude_decay,146,gold,criterion,0,excluded_with_rationale,B,True,ok,accepted
ctc:v11g-b9ec91385b0eff9dbbb78681,ctc_v11g-b9ec91385b0eff9dbbb78681,borderline stability,borderline_stability,106,gold,system_property,0,excluded_with_rationale,B,True,ok,accepted
ctc:v11g-bc5c0019cf8dd79ee47861ea,ctc_v11g-bc5c0019cf8dd79ee47861ea,root contours,root_contours,129,gold,representation_kind,0,excluded_with_rationale,B,True,ok,accepted
ctc:v11g-c8c8aef0d010e68842be7236,ctc_v11g-c8c8aef0d010e68842be7236,integral controller,integral_controller,49,gold,system_component,0,excluded_with_rationale,B,True,ok,accepted
ctc:v11g-ca75f7e80d0a7ffd93fcbae5,ctc_v11g-ca75f7e80d0a7ffd93fcbae5,continuation locus,continuation_locus,179,gold,analysis_method,0,excluded_with_rationale,B,True,ok,accepted
ctc:v11g-caa20b325717f0a3c570f16b,ctc_v11g-caa20b325717f0a3c570f16b,time delay,time_delay,128,gold,phenomenon,0,excluded_with_rationale,B,True,ok,accepted
ctc:v11g-cd72ae39f59955a649bff662,ctc_v11g-cd72ae39f59955a649bff662,exhaust gas recirculation egr,exhaust_gas_recirculation_egr,96,gold,design_method,0,excluded_with_rationale,B,True,ok,accepted
ctc:v11g-d33302c76f8fb40aa020b7aa,ctc_v11g-d33302c76f8fb40aa020b7aa,angle of the asymptotes,angle_of_the_asymptotes,69,gold,mathematical_object,0,excluded_with_rationale,B,True,ok,accepted
ctc:v11g-d81f72b09d08ab1f36c29305,ctc_v11g-d81f72b09d08ab1f36c29305,相距很近的闭环零点和极点,pole_zero_dipole,32,gold,mathematical_object,0,excluded_with_rationale,B,True,ok,accepted
ctc:v11g-d8b2b97adf60410d7cbf4b0f,ctc_v11g-d8b2b97adf60410d7cbf4b0f,root sensitivity,root_sensitivity,74,gold,performance_metric,0,excluded_with_rationale,B,True,ok,accepted
ctc:v11g-e00aa88647adaaf1c5d57462,ctc_v11g-e00aa88647adaaf1c5d57462,asymptote centroid,asymptote_centroid,41,gold,mathematical_object,0,excluded_with_rationale,B,True,ok,accepted
ctc:v11g-e63bdb130c5a92d4eb8d936d,ctc_v11g-e63bdb130c5a92d4eb8d936d,filter compensator,filter_compensator,140,gold,system_component,0,excluded_with_rationale,B,True,ok,accepted
ctc:v11g-e85c0145d63244c46853c9cf,ctc_v11g-e85c0145d63244c46853c9cf,lead compensation,lead_compensation,135,gold,design_method,0,excluded_with_rationale,B,True,ok,accepted
ctc:v11g-f3a9655898917afa28e9c600,ctc_v11g-f3a9655898917afa28e9c600,manual pid tuning methods,manual_pid_tuning_methods,102,gold,design_method,0,excluded_with_rationale,B,True,ok,accepted
ctc:v12g-8f6f1a49cc2cbdfe216e5204,ctc_v12g-8f6f1a49cc2cbdfe216e5204,dominant roots,dominant_roots,137,gold,system_property,0,excluded_with_rationale,B,True,ok,accepted
ctc:v12g-b536959708e2d0fe3c8c791a,ctc_v12g-b536959708e2d0fe3c8c791a,自然频率,natural_frequency,183,gold,performance_metric,0,excluded_with_rationale,B,True,ok,accepted
ctc:v12g-b6ec19cda5342874277159e7,ctc_v12g-b6ec19cda5342874277159e7,real axis root locus,real_axis_root_locus,99,gold,mathematical_object,0,excluded_with_rationale,B,True,ok,accepted
ctc:v12g-d1e6f12e1e95f6477c66bdc1,ctc_v12g-d1e6f12e1e95f6477c66bdc1,break in point,break_in_point,74,gold,phenomenon,0,excluded_with_rationale,B,True,ok,accepted
ctkg:v3e-canonical-01549ef9b34888b89b55f224,ctkg_v3e-canonical-01549ef9b34888b89b55f224,终值定理法求稳态误差,,33,silver,analysis_method,0,,B,True,ok,accepted
ctkg:v3e-canonical-02cce0b1ff76d0c0dbaba18a,ctkg_v3e-canonical-02cce0b1ff76d0c0dbaba18a,一阶系统的单位加速度响应,,61,silver,theoretical_construct,0,,B,True,ok,accepted
ctkg:v3e-canonical-09e1c3e14609b082a4501ead,ctkg_v3e-canonical-09e1c3e14609b082a4501ead,静态误差系数法求稳态误差,,69,silver,analysis_method,0,,B,True,ok,accepted
ctkg:v3e-canonical-0a39d839518b55dc77e9d083,ctkg_v3e-canonical-0a39d839518b55dc77e9d083,Qualitative anal,Qualitative analysis using pole-zero locations,177,silver,analysis_method,0,,B,True,ok,accepted
ctkg:v3e-canonical-0ac685dbd2c95e94576fcf5b,ctkg_v3e-canonical-0ac685dbd2c95e94576fcf5b,Damped natural frequency omega d,Damped natural frequency omega_d,80,silver,theoretical_construct,0,,B,True,ok,accepted
ctkg:v3e-canonical-0fa44601675cb175f5df9562,ctkg_v3e-canonical-0fa44601675cb175f5df9562,Steady-state response,Steady-state response,21,silver,theoretical_construct,0,,B,True,ok,accepted
ctkg:v3e-canonical-15b23d588244f407f6ed4b35,ctkg_v3e-canonical-15b23d588244f407f6ed4b35,Undamped Natural Frequency,Undamped Natural Frequency,85,silver,theoretical_construct,0,,B,True,ok,accepted
ctkg:v3e-canonical-1647a1b078950a5b81783825,ctkg_v3e-canonical-1647a1b078950a5b81783825,测速反馈控制改善系统性能的方法,,91,silver,analysis_method,0,,B,True,ok,accepted
ctkg:v3e-canonical-1ea3eb2ff15aa544b230f02f,ctkg_v3e-canonical-1ea3eb2ff15aa544b230f02f,Determining y(t),Determining y(t) using Laplace transform (5-step procedure),179,silver,analysis_method,0,,B,True,ok,accepted
ctkg:v3e-canonical-207d2721a1e69d2051980b49,ctkg_v3e-canonical-207d2721a1e69d2051980b49,Pole-zero constellation,Pole-zero constellation,110,silver,theoretical_construct,0,,B,True,ok,accepted
ctkg:v3e-canonical-22a72191e400b17e9a066416,ctkg_v3e-canonical-22a72191e400b17e9a066416,用矩形脉动函数近似单位脉冲函数…,,74,silver,analysis_method,0,,B,True,ok,accepted
ctkg:v3e-canonical-23e85dbf38c6880d27e4d02b,ctkg_v3e-canonical-23e85dbf38c6880d27e4d02b,阻尼系数,,52,silver,theoretical_construct,0,,B,True,ok,accepted
ctkg:v3e-canonical-26666fcfa05a85fef00fa4dd,ctkg_v3e-canonical-26666fcfa05a85fef00fa4dd,过阻尼二阶系统动态性能指标工程…,,48,silver,analysis_method,0,,B,True,ok,accepted
ctkg:v3e-canonical-303314b2f1d601cdba5e3f99,ctkg_v3e-canonical-303314b2f1d601cdba5e3f99,Step input,Step input,69,silver,theoretical_construct,0,,B,True,ok,accepted
ctkg:v3e-canonical-3311578f3f7796d3b9ff0830,ctkg_v3e-canonical-3311578f3f7796d3b9ff0830,时间常数,,33,silver,theoretical_construct,0,,B,True,ok,accepted
ctkg:v3e-canonical-3f9a17723cabd4ab7d19c3da,ctkg_v3e-canonical-3f9a17723cabd4ab7d19c3da,Unit impulse function,Unit impulse function,21,silver,theoretical_construct,0,,B,True,ok,accepted
ctkg:v3e-canonical-40d0c236680874a1246a0536,ctkg_v3e-canonical-40d0c236680874a1246a0536,Damping ratio zeta,Damping ratio zeta,120,silver,theoretical_construct,0,,B,True,ok,accepted
ctkg:v3e-canonical-416fc2acf005a7da54f9fce3,ctkg_v3e-canonical-416fc2acf005a7da54f9fce3,Position Error Constant (K p),Position Error Constant (K_p),190,silver,theoretical_construct,0,,B,True,ok,accepted
ctkg:v3e-canonical-423faabaff2ff11b70399228,ctkg_v3e-canonical-423faabaff2ff11b70399228,临界阻尼系数,,34,silver,theoretical_construct,0,,B,True,ok,accepted
ctkg:v3e-canonical-47b1f3cc3b2b99907ed5541d,ctkg_v3e-canonical-47b1f3cc3b2b99907ed5541d,Parabolic input,Parabolic input,72,silver,theoretical_construct,0,,B,True,ok,accepted
ctkg:v3e-canonical-4b313e6e83be36dcd1a914f3,ctkg_v3e-canonical-4b313e6e83be36dcd1a914f3,Damping ratio ζ,Damping ratio ζ,151,silver,theoretical_construct,0,,B,True,ok,accepted
ctkg:v3e-canonical-502e49562e7e2a940900a00f,ctkg_v3e-canonical-502e49562e7e2a940900a00f,Finding transfer,Finding transfer function by assuming exponential solution,109,silver,analysis_method,0,,B,True,ok,accepted
ctkg:v3e-canonical-503d2c6683ea029b37af79d3,ctkg_v3e-canonical-503d2c6683ea029b37af79d3,Causal system,Causal system,137,silver,theoretical_construct,0,,B,True,ok,accepted
ctkg:v3e-canonical-504581e399675b9792ab8502,ctkg_v3e-canonical-504581e399675b9792ab8502,Bode plots,Bode plots,155,silver,theoretical_construct,0,,B,True,ok,accepted
ctkg:v3e-canonical-589fba9b74d146b6eea6b269,ctkg_v3e-canonical-589fba9b74d146b6eea6b269,Phase (frequency response),Phase (frequency response),73,silver,theoretical_construct,0,,B,True,ok,accepted
ctkg:v3e-canonical-5feb0e2f507966e1ca9ac627,ctkg_v3e-canonical-5feb0e2f507966e1ca9ac627,Time Constant,Time Constant,53,silver,theoretical_construct,0,,B,True,ok,accepted
ctkg:v3e-canonical-62cf713a7c61ab2457825678,ctkg_v3e-canonical-62cf713a7c61ab2457825678,一阶系统的单位斜坡响应,,44,silver,theoretical_construct,0,,B,True,ok,accepted
ctkg:v3e-canonical-6461b91e08c647ceff0ceeee,ctkg_v3e-canonical-6461b91e08c647ceff0ceeee,Velocity Error Constant (K v),Velocity Error Constant (K_v),200,silver,theoretical_construct,0,,B,True,ok,accepted
ctkg:v3e-canonical-677f91cec4356ce5a40ceb97,ctkg_v3e-canonical-677f91cec4356ce5a40ceb97,Routh approximat,Routh approximation method for order reduction,165,silver,analysis_method,0,,B,True,ok,accepted
ctkg:v3e-canonical-6bb580c242f908566ab53b18,ctkg_v3e-canonical-6bb580c242f908566ab53b18,临界阻尼,,36,silver,theoretical_construct,0,,B,True,ok,accepted
ctkg:v3e-canonical-6db84c73a9b0e833400e64fc,ctkg_v3e-canonical-6db84c73a9b0e833400e64fc,比例-微分控制,,62,silver,theoretical_construct,0,,B,True,ok,accepted
ctkg:v3e-canonical-6dbb5c144b45c1f35822330c,ctkg_v3e-canonical-6dbb5c144b45c1f35822330c,无零点的二阶系统,,22,silver,theoretical_construct,0,,B,True,ok,accepted
ctkg:v3e-canonical-6f26ed3a4175ff1a87158ec5,ctkg_v3e-canonical-6f26ed3a4175ff1a87158ec5,Acceleration Error Constant (K a),Acceleration Error Constant (K_a),212,silver,theoretical_construct,0,,B,True,ok,accepted
ctkg:v3e-canonical-6f4cdd499aa7be5c5b2ffa0f,ctkg_v3e-canonical-6f4cdd499aa7be5c5b2ffa0f,常用的确定一阶系统时间常数的方…,,26,silver,analysis_method,0,,B,True,ok,accepted
ctkg:v3e-canonical-7173c7880ad344bc6a0d012d,ctkg_v3e-canonical-7173c7880ad344bc6a0d012d,Frequency respon,Frequency response matching method for order reduction,188,silver,analysis_method,0,,B,True,ok,accepted
ctkg:v3e-canonical-7dd23917c751bd4b10cfc11f,ctkg_v3e-canonical-7dd23917c751bd4b10cfc11f,非零初始条件响应分量,,109,silver,theoretical_construct,0,,B,True,ok,accepted
ctkg:v3e-canonical-7ee407860ee485f1e1b1f3d1,ctkg_v3e-canonical-7ee407860ee485f1e1b1f3d1,自然频率,,31,silver,theoretical_construct,0,,B,True,ok,accepted
ctkg:v3e-canonical-85a699e349c4185cc163c16e,ctkg_v3e-canonical-85a699e349c4185cc163c16e,Two-sided Laplace transform,Two-sided Laplace transform,103,silver,theoretical_construct,0,,B,True,ok,accepted
ctkg:v3e-canonical-85a8c51ad4bbae148e040776,ctkg_v3e-canonical-85a8c51ad4bbae148e040776,利用单位脉冲响应求闭环传递函数…,,89,silver,analysis_method,0,,B,True,ok,accepted
ctkg:v3e-canonical-8d347fba98e0aff074800c8e,ctkg_v3e-canonical-8d347fba98e0aff074800c8e,Insignificant pole,Insignificant pole,140,silver,theoretical_construct,0,,B,True,ok,accepted
ctkg:v3e-canonical-91f03880e67e6587b27f7039,ctkg_v3e-canonical-91f03880e67e6587b27f7039,开环增益,,28,silver,theoretical_construct,0,,B,True,ok,accepted
ctkg:v3e-canonical-9c5f83612d3255aa5805a9cb,ctkg_v3e-canonical-9c5f83612d3255aa5805a9cb,Natural frequency ω n,Natural frequency ω_n,59,silver,theoretical_construct,0,,B,True,ok,accepted
ctkg:v3e-canonical-9cfc0f6b382440f46c1f3302,ctkg_v3e-canonical-9cfc0f6b382440f46c1f3302,Rise time T r,Rise time T_r,170,silver,theoretical_construct,0,,B,True,ok,accepted
ctkg:v3e-canonical-a2746b2f0c88f376c4d86e7a,ctkg_v3e-canonical-a2746b2f0c88f376c4d86e7a,Peak Time,Peak Time,66,silver,theoretical_construct,0,,B,True,ok,accepted
ctkg:v3e-canonical-a781b2b377529226a4c5d077,ctkg_v3e-canonical-a781b2b377529226a4c5d077,系统型别,,67,silver,theoretical_construct,0,,B,True,ok,accepted
ctkg:v3e-canonical-ac9111bcfe5798a35bf92638,ctkg_v3e-canonical-ac9111bcfe5798a35bf92638,机电时间常数,,21,silver,theoretical_construct,0,,B,True,ok,accepted
ctkg:v3e-canonical-ad988c74286cfcad2c3fdf98,ctkg_v3e-canonical-ad988c74286cfcad2c3fdf98,欠阻尼,,40,silver,theoretical_construct,0,,B,True,ok,accepted
ctkg:v3e-canonical-ade112ca8305a54c0b76a828,ctkg_v3e-canonical-ade112ca8305a54c0b76a828,Rise Time,Rise Time,72,silver,theoretical_construct,0,,B,True,ok,accepted
ctkg:v3e-canonical-b09a84cc18c0b52151894b0f,ctkg_v3e-canonical-b09a84cc18c0b52151894b0f,比例-微分控制改善系统性能的方法,,55,silver,analysis_method,0,,B,True,ok,accepted
ctkg:v3e-canonical-b13c33b1236afe625bffacb7,ctkg_v3e-canonical-b13c33b1236afe625bffacb7,Settling time T s,Settling time T_s,96,silver,theoretical_construct,0,,B,True,ok,accepted
ctkg:v3e-canonical-b1fa48122cb30019661f9eaa,ctkg_v3e-canonical-b1fa48122cb30019661f9eaa,Peak time T p,Peak time T_p,76,silver,theoretical_construct,0,,B,True,ok,accepted
ctkg:v3e-canonical-b2d966c11bb22eca4c7bd77e,ctkg_v3e-canonical-b2d966c11bb22eca4c7bd77e,Poles and zeros of T(s),Poles and zeros of T(s),201,silver,theoretical_construct,0,,B,True,ok,accepted
ctkg:v3e-canonical-b9fa7b3ae0d8d7044619ac55,ctkg_v3e-canonical-b9fa7b3ae0d8d7044619ac55,过阻尼,,53,silver,theoretical_construct,0,,B,True,ok,accepted
ctkg:v3e-canonical-bd426885220680f04a9aed17,ctkg_v3e-canonical-bd426885220680f04a9aed17,复合控制方法,,58,silver,analysis_method,0,,B,True,ok,accepted
ctkg:v3e-canonical-bd871a5da052c90d142e285a,ctkg_v3e-canonical-bd871a5da052c90d142e285a,Transient response,Transient response,90,silver,theoretical_construct,0,,B,True,ok,accepted
ctkg:v3e-canonical-bdaced0dc441be53ee6a1b64,ctkg_v3e-canonical-bdaced0dc441be53ee6a1b64,Time invariance,Time invariance,126,silver,theoretical_construct,0,,B,True,ok,accepted
ctkg:v3e-canonical-bf7bc53bf8286e07fa6035cc,ctkg_v3e-canonical-bf7bc53bf8286e07fa6035cc,临界阻尼响应,,28,silver,theoretical_construct,0,,B,True,ok,accepted
ctkg:v3e-canonical-c036bd461db04fbed7e079fd,ctkg_v3e-canonical-c036bd461db04fbed7e079fd,实验测定一阶系统时间常数的方法,,34,silver,analysis_method,0,,B,True,ok,accepted
ctkg:v3e-canonical-c6fafdb175fcf88882f8b91f,ctkg_v3e-canonical-c6fafdb175fcf88882f8b91f,Damped Natural Frequency,Damped Natural Frequency,107,silver,theoretical_construct,0,,B,True,ok,accepted
ctkg:v3e-canonical-c8eb5072bc1783d917169c9a,ctkg_v3e-canonical-c8eb5072bc1783d917169c9a,稳态过程,,36,silver,theoretical_construct,0,,B,True,ok,accepted
ctkg:v3e-canonical-c97db3319c6da0c0371648d5,ctkg_v3e-canonical-c97db3319c6da0c0371648d5,无阻尼振荡频率,,28,silver,theoretical_construct,0,,B,True,ok,accepted
ctkg:v3e-canonical-cc82e137f42aa09df514e615,ctkg_v3e-canonical-cc82e137f42aa09df514e615,用一对共轭复数主导极点对应的二…,,65,silver,analysis_method,0,,B,True,ok,accepted
ctkg:v3e-canonical-d1d8f9f3725b9a8440cdd486,ctkg_v3e-canonical-d1d8f9f3725b9a8440cdd486,过阻尼响应,,28,silver,theoretical_construct,0,,B,True,ok,accepted
ctkg:v3e-canonical-d510dc60d0922c1ec40e6df2,ctkg_v3e-canonical-d510dc60d0922c1ec40e6df2,Truxal's Formula,Truxal's Formula,99,silver,theoretical_construct,0,,B,True,ok,accepted
ctkg:v3e-canonical-d798b1df9c92d6d95229853b,ctkg_v3e-canonical-d798b1df9c92d6d95229853b,Amplitude ratio,Amplitude ratio,91,silver,theoretical_construct,0,,B,True,ok,accepted
ctkg:v3e-canonical-d970bf0f83666cbccb0fbd76,ctkg_v3e-canonical-d970bf0f83666cbccb0fbd76,Steady state,Steady state,91,silver,theoretical_construct,0,,B,True,ok,accepted
ctkg:v3e-canonical-da95a03f3b851fcd7239eac2,ctkg_v3e-canonical-da95a03f3b851fcd7239eac2,Design Synthesis,Design Synthesis Using Time-Domain Specifications,173,silver,analysis_method,0,,B,True,ok,accepted
ctkg:v3e-canonical-de2d118612aaa2d2d0061b93,ctkg_v3e-canonical-de2d118612aaa2d2d0061b93,Finding transfer,Finding transfer function via Laplace transform of ODE,134,silver,analysis_method,0,,B,True,ok,accepted
ctkg:v3e-canonical-de9cd255c7e8770506442de0,ctkg_v3e-canonical-de9cd255c7e8770506442de0,Superposition principle,Superposition principle,227,silver,theoretical_construct,0,,B,True,ok,accepted
ctkg:v3e-canonical-e13adcff8a7f8bc37a3579c2,ctkg_v3e-canonical-e13adcff8a7f8bc37a3579c2,Neglecting insig,Neglecting insignificant poles for order reduction,184,silver,analysis_method,0,,B,True,ok,accepted
ctkg:v3e-canonical-e22de9c6670a15c39d8e6b71,ctkg_v3e-canonical-e22de9c6670a15c39d8e6b71,误差信号,,72,silver,theoretical_construct,0,,B,True,ok,accepted
ctkg:v3e-canonical-e3d758f51052980656178128,ctkg_v3e-canonical-e3d758f51052980656178128,System Type,System Type,229,silver,theoretical_construct,0,,B,True,ok,accepted
ctkg:v3e-canonical-e48cc89f8ed152e7f44ba43f,ctkg_v3e-canonical-e48cc89f8ed152e7f44ba43f,一阶系统的单位阶跃响应,,39,silver,theoretical_construct,0,,B,True,ok,accepted
ctkg:v3e-canonical-eac850b3c1b21e7bef64f738,ctkg_v3e-canonical-eac850b3c1b21e7bef64f738,Percent overshoot P.O.,Percent overshoot P.O.,102,silver,theoretical_construct,0,,B,True,ok,accepted
ctkg:v3e-canonical-eaee7091900b796af8d937c1,ctkg_v3e-canonical-eaee7091900b796af8d937c1,超调量,Overshoot,125,silver,theoretical_construct,0,,B,True,ok,accepted
ctkg:v3e-canonical-ed3a4babf006b2fd746765e8,ctkg_v3e-canonical-ed3a4babf006b2fd746765e8,System Type for ,System Type for Regulation and Disturbance Rejection,144,silver,theoretical_construct,0,,B,True,ok,accepted
ctkg:v3e-canonical-f04d9bd8bbd3d7197e2c3b56,ctkg_v3e-canonical-f04d9bd8bbd3d7197e2c3b56,Negative Real Part of Pole,Negative Real Part of Pole,117,silver,theoretical_construct,0,,B,True,ok,accepted
ctkg:v3e-canonical-f1592d0294e49b97a717c2f0,ctkg_v3e-canonical-f1592d0294e49b97a717c2f0,Ramp input,Ramp input,70,silver,theoretical_construct,0,,B,True,ok,accepted
ctkg:v3e-canonical-f9718484925341d6ce1dec78,ctkg_v3e-canonical-f9718484925341d6ce1dec78,动态过程,,34,silver,theoretical_construct,0,,B,True,ok,accepted
ctkg:v3e-canonical-fc1c6377378e65e48e0f12fc,ctkg_v3e-canonical-fc1c6377378e65e48e0f12fc,Time constant tau,Time constant tau,96,silver,theoretical_construct,0,,B,True,ok,accepted
ctkg:v3e-object-001f3d1e666624493091691f,ctkg_v3e-object-001f3d1e666624493091691f,最大滞后角,,46,gold,,0,,B,True,ok,accepted
ctkg:v3e-object-01d6ba4cfbef38693c611d4a,ctkg_v3e-object-01d6ba4cfbef38693c611d4a,argument principle,argument principle,167,gold,,0,,B,True,ok,accepted
ctkg:v3e-object-02f9f0ab62cde123ae7dcc9a,ctkg_v3e-object-02f9f0ab62cde123ae7dcc9a,Left Companion Matrix,Left Companion Matrix,120,silver,,0,,B,True,ok,accepted
ctkg:v3e-object-055bf5ba7d4fe5f6a75cdd79,ctkg_v3e-object-055bf5ba7d4fe5f6a75cdd79,Type-two system,Type-two system,91,silver,,0,,B,True,ok,accepted
ctkg:v3e-object-077a4ec4c19112baa379c0f5,ctkg_v3e-object-077a4ec4c19112baa379c0f5,Asynchronous Sampling,Asynchronous Sampling,500,silver,,0,,B,True,ok,accepted
ctkg:v3e-object-0946a016c136cdf4a417ed62,ctkg_v3e-object-0946a016c136cdf4a417ed62,Break point,Break point,191,gold,,0,,B,True,ok,accepted
ctkg:v3e-object-0b64035d71e363318c3d8d2d,ctkg_v3e-object-0b64035d71e363318c3d8d2d,频率法校正,,56,gold,,0,,B,True,ok,accepted
ctkg:v3e-object-0bb7941e989275e607a110d0,ctkg_v3e-object-0bb7941e989275e607a110d0,Using ss2tf to c,Using ss2tf to compute transfer function from state-space model,63,silver,,0,,B,True,ok,accepted
ctkg:v3e-object-0c84769e1c4d260e0fdedff6,ctkg_v3e-object-0c84769e1c4d260e0fdedff6,Attenuation factor 1/α in compensator,Attenuation factor 1/α in compensator,77,silver,,0,,B,True,ok,accepted
ctkg:v3e-object-0cf99c642f502f5984fc4317,ctkg_v3e-object-0cf99c642f502f5984fc4317,Time-domain performance measures,Time-domain performance measures,148,silver,,0,,B,True,ok,accepted
ctkg:v3e-object-0eadd6f972de0e7b503343cf,ctkg_v3e-object-0eadd6f972de0e7b503343cf,PID controller d,PID controller design procedure for spacecraft attitude control,404,gold,,0,,B,True,ok,accepted
ctkg:v3e-object-0f28cd2360a6b3aef63500c3,ctkg_v3e-object-0f28cd2360a6b3aef63500c3,Uncompensated system,Uncompensated system,110,silver,,0,,B,True,ok,accepted
ctkg:v3e-object-0fb119433b4fd68aebe1b4f8,ctkg_v3e-object-0fb119433b4fd68aebe1b4f8,离散系统的可控性矩阵 (dis…,,52,gold,,0,,B,True,ok,accepted
ctkg:v3e-object-1010934a92a0dacb1caec1e2,ctkg_v3e-object-1010934a92a0dacb1caec1e2,穿越频率,,67,gold,,0,,B,True,ok,accepted
ctkg:v3e-object-1046498f1c5d17864ddaeb71,ctkg_v3e-object-1046498f1c5d17864ddaeb71,等ω线映射,,47,gold,,0,,B,True,ok,accepted
ctkg:v3e-object-1170a798229324f8a6276262,ctkg_v3e-object-1170a798229324f8a6276262,不可变部分,,57,silver,,0,,B,True,ok,accepted
ctkg:v3e-object-1814aa5f9d6ef8ed0ef75dfa,ctkg_v3e-object-1814aa5f9d6ef8ed0ef75dfa,谐振频率,,48,gold,,0,,B,True,ok,accepted
ctkg:v3e-object-18c55a9b153179a638ff5dc2,ctkg_v3e-object-18c55a9b153179a638ff5dc2,Evaluating effec,Evaluating effects of gain changes using frequency-response data,120,gold,,0,,B,True,ok,accepted
ctkg:v3e-object-1946643d6912e8d8aeb2decb,ctkg_v3e-object-1946643d6912e8d8aeb2decb,Internal Model Principle,Internal Model Principle,239,silver,,0,,B,True,ok,accepted
ctkg:v3e-object-195ec8a545b19a1f37188170,ctkg_v3e-object-195ec8a545b19a1f37188170,Disturbance Rejection Bandwidth (ω DRB),Disturbance Rejection Bandwidth (ω_DRB),178,gold,,0,,B,True,ok,accepted
ctkg:v3e-object-1e13d3d21a22463755b103b2,ctkg_v3e-object-1e13d3d21a22463755b103b2,Ackermann's Formula for Estimator,Ackermann's Formula for Estimator,85,gold,,0,,B,True,ok,accepted
ctkg:v3e-object-1ed9bb587fbb95c4e2057ba8,ctkg_v3e-object-1ed9bb587fbb95c4e2057ba8,比例-积分-微分控制规律,,45,gold,,0,,B,True,ok,accepted
ctkg:v3e-object-1ef3d6dbbf9b4f1ecd79f80b,ctkg_v3e-object-1ef3d6dbbf9b4f1ecd79f80b,系统不完全可控,,92,gold,,0,,B,True,ok,accepted
ctkg:v3e-object-1f331a007aa3ca6c2c95d297,ctkg_v3e-object-1f331a007aa3ca6c2c95d297,Estimation error,Estimation error,112,gold,,0,,B,True,ok,accepted
ctkg:v3e-object-1f9eb1e90b66894a079a56de,ctkg_v3e-object-1f9eb1e90b66894a079a56de,Dominant Second-Order Poles Method,Dominant Second-Order Poles Method,322,silver,,0,,B,True,ok,accepted
ctkg:v3e-object-22d70476ed16c55e186daa40,ctkg_v3e-object-22d70476ed16c55e186daa40,Using roots to c,Using roots to compute poles from denominator polynomial,56,silver,,0,,B,True,ok,accepted
ctkg:v3e-object-232cff230e48397cf46cb944,ctkg_v3e-object-232cff230e48397cf46cb944,microcontroller,microcontroller,149,gold,,0,,B,True,ok,accepted
ctkg:v3e-object-2352b539ff08187f42885709,ctkg_v3e-object-2352b539ff08187f42885709,时间常数,,45,silver,,0,,B,True,ok,accepted
ctkg:v3e-object-23ce934816d236fcc2836d27,ctkg_v3e-object-23ce934816d236fcc2836d27,Dominant poles,Dominant poles,52,silver,,0,,B,True,ok,accepted
ctkg:v3e-object-241ca37a0246525596c75694,ctkg_v3e-object-241ca37a0246525596c75694,Zero-order hold,Zero-order hold,79,gold,,0,,B,True,ok,accepted
ctkg:v3e-object-2496ae999e2b3f64959076f2,ctkg_v3e-object-2496ae999e2b3f64959076f2,Graph determinant in signal-flow graph,Graph determinant in signal-flow graph,126,gold,,0,,B,True,ok,accepted
ctkg:v3e-object-26855d3b2dc6161c8705b439,ctkg_v3e-object-26855d3b2dc6161c8705b439,无源校正网络,,27,silver,,0,,B,True,ok,accepted
ctkg:v3e-object-27e0a7e37803fbebc1b6f65a,ctkg_v3e-object-27e0a7e37803fbebc1b6f65a,对数幅相曲线,,47,gold,,0,,B,True,ok,accepted
ctkg:v3e-object-302e66995736fab70bde0338,ctkg_v3e-object-302e66995736fab70bde0338,构造可观测性矩阵V=[C,Observability rank test method,48,gold,,0,,B,True,ok,accepted
ctkg:v3e-object-31596a5fab1911f024a4b8db,ctkg_v3e-object-31596a5fab1911f024a4b8db,Symmetric Root Locus (SRL),Symmetric Root Locus (SRL),280,silver,,0,,B,True,ok,accepted
ctkg:v3e-object-31fd73d9e24d1077744bf193,ctkg_v3e-object-31fd73d9e24d1077744bf193,Root locus metho,Root locus method for PI compensator design,220,gold,,0,,B,True,ok,accepted
ctkg:v3e-object-331ee4b283af66a85a6bfa1c,ctkg_v3e-object-331ee4b283af66a85a6bfa1c,Open-Loop Estimator,Open-Loop Estimator,111,silver,,0,,B,True,ok,accepted
ctkg:v3e-object-35b4c7c6116be04938f2e7a4,ctkg_v3e-object-35b4c7c6116be04938f2e7a4,非周期函数的频谱,,40,gold,,0,,B,True,ok,accepted
ctkg:v3e-object-368b8560c68e643a92671358,ctkg_v3e-object-368b8560c68e643a92671358,Matrix Exponenti,Matrix Exponential Method for Solving State Equations,107,silver,,0,,B,True,ok,accepted
ctkg:v3e-object-36d86885777b10cabbae029e,ctkg_v3e-object-36d86885777b10cabbae029e,Sampled-data second-order system,Sampled-data second-order system,129,gold,,0,,B,True,ok,accepted
ctkg:v3e-object-3847cfa432063f1287f51ce5,ctkg_v3e-object-3847cfa432063f1287f51ce5,Frequency-Response Stability Test,Frequency-Response Stability Test,234,gold,,0,,B,True,ok,accepted
ctkg:v3e-object-3e6161451d16517ada4cd5e8,ctkg_v3e-object-3e6161451d16517ada4cd5e8,中频区宽度,,31,silver,,0,,B,True,ok,accepted
ctkg:v3e-object-42df8c524c1d9b3e8ae03275,ctkg_v3e-object-42df8c524c1d9b3e8ae03275,期望的开环频率特性形状,,52,gold,,0,,B,True,ok,accepted
ctkg:v3e-object-49224bdecd0196394fb8008a,ctkg_v3e-object-49224bdecd0196394fb8008a,Controllability ,Controllability Gramian matrix criterion method,47,gold,,0,,B,True,ok,accepted
ctkg:v3e-object-4a74e178b598d5d576c2ad57,ctkg_v3e-object-4a74e178b598d5d576c2ad57,开环幅相特性曲线起点,,46,gold,,0,,B,True,ok,accepted
ctkg:v3e-object-4c3c3615b8526799e61d3615,ctkg_v3e-object-4c3c3615b8526799e61d3615,Closed-Loop Estimator,Closed-Loop Estimator,117,silver,,0,,B,True,ok,accepted
ctkg:v3e-object-4e9d614060ecb62c201b58d8,ctkg_v3e-object-4e9d614060ecb62c201b58d8,Contour evaluation,Contour evaluation,102,gold,,0,,B,True,ok,accepted
ctkg:v3e-object-51398ddba323aa3beeb5d89a,ctkg_v3e-object-51398ddba323aa3beeb5d89a,Zero-assignment estimator,Zero-assignment estimator,139,silver,,0,,B,True,ok,accepted
ctkg:v3e-object-53d71370dc7c98dc11b24a37,ctkg_v3e-object-53d71370dc7c98dc11b24a37,Notch Compensation,Notch Compensation,78,silver,,0,,B,True,ok,accepted
ctkg:v3e-object-54095598351974e2167111f2,ctkg_v3e-object-54095598351974e2167111f2,Zero-Order Hold (ZOH) Method,Zero-Order Hold (ZOH) Method,187,gold,,0,,B,True,ok,accepted
ctkg:v3e-object-552526e2ba53ccbf629d1cd8,ctkg_v3e-object-552526e2ba53ccbf629d1cd8,Type-one system,Type-one system,67,gold,,0,,B,True,ok,accepted
ctkg:v3e-object-567eb255d7d82d8b4e029f6d,ctkg_v3e-object-567eb255d7d82d8b4e029f6d,状态可达,,170,silver,,0,,B,True,ok,accepted
ctkg:v3e-object-57afdf17705015f8527052c5,ctkg_v3e-object-57afdf17705015f8527052c5,Neutral Stability,Neutral Stability,148,gold,,0,,B,True,ok,accepted
ctkg:v3e-object-58cea2373f68416e096759a9,ctkg_v3e-object-58cea2373f68416e096759a9,Dominant roots,Dominant roots,222,gold,,0,,B,True,ok,accepted
ctkg:v3e-object-58d24ff14a6b0b0cab5d393f,ctkg_v3e-object-58d24ff14a6b0b0cab5d393f,傅里叶系数,,25,gold,,0,,B,True,ok,accepted
ctkg:v3e-object-592ae79b5fc586a27e9dd7f2,ctkg_v3e-object-592ae79b5fc586a27e9dd7f2,Unstable System,Unstable System,167,silver,,0,,B,True,ok,accepted
ctkg:v3e-object-5a7582dcb72b1d33d09ca641,ctkg_v3e-object-5a7582dcb72b1d33d09ca641,非最小相位环节,,68,gold,,0,,B,True,ok,accepted
ctkg:v3e-object-5d994cbb7a93157b1cb02932,ctkg_v3e-object-5d994cbb7a93157b1cb02932,Path cofactor in signal-flow graph,Path cofactor in signal-flow graph,98,silver,,0,,B,True,ok,accepted
ctkg:v3e-object-5e8744158554d1c79e590de4,ctkg_v3e-object-5e8744158554d1c79e590de4,Phase Margin (PM),Phase Margin (PM),69,gold,,0,,B,True,ok,accepted
ctkg:v3e-object-5ed6282c976442e9747881b4,ctkg_v3e-object-5ed6282c976442e9747881b4,Bode plot construction method,Bode plot construction method,209,gold,,0,,B,True,ok,accepted
ctkg:v3e-object-64830154d494eaf7d38d905c,ctkg_v3e-object-64830154d494eaf7d38d905c,高阶系统时域指标估算经验公式法,,32,gold,,0,,B,True,ok,accepted
ctkg:v3e-object-64dfc92ef15f84903e6cdd8a,ctkg_v3e-object-64dfc92ef15f84903e6cdd8a,Compensator Design via Pole Placement,Compensator Design via Pole Placement,37,gold,,0,,B,True,ok,accepted
ctkg:v3e-object-670bb910ee2a73c3ebcc0c39,ctkg_v3e-object-670bb910ee2a73c3ebcc0c39,Weak controllability,Weak controllability,278,silver,,0,,B,True,ok,accepted
ctkg:v3e-object-6877b35880ea442923e49a5e,ctkg_v3e-object-6877b35880ea442923e49a5e,Internal stability,Internal stability,97,silver,,0,,B,True,ok,accepted
ctkg:v3e-object-68df257f762f259aef82b607,ctkg_v3e-object-68df257f762f259aef82b607,Full-Order Estimator,Full-Order Estimator,90,silver,,0,,B,True,ok,accepted
ctkg:v3e-object-69488c745082536d87afd1a7,ctkg_v3e-object-69488c745082536d87afd1a7,Closed-loop bandwidth,Closed-loop bandwidth,165,gold,,0,,B,True,ok,accepted
ctkg:v3e-object-6a408c0b64c072f7bea3db47,ctkg_v3e-object-6a408c0b64c072f7bea3db47,Dominant second-order pole locations,Dominant second-order pole locations,109,gold,,0,,B,True,ok,accepted
ctkg:v3e-object-6aab5205709de2fd044b4024,ctkg_v3e-object-6aab5205709de2fd044b4024,奈奎斯特稳定判据（奈氏判据）,,76,gold,,0,,B,True,ok,accepted
ctkg:v3e-object-6ca8140f61e8805a2e5c8201,ctkg_v3e-object-6ca8140f61e8805a2e5c8201,Matched Pole-Zero (MPZ) Method,Matched Pole-Zero (MPZ) Method,311,silver,,0,,B,True,ok,accepted
ctkg:v3e-object-6d1db6977ad62639b73afe79,ctkg_v3e-object-6d1db6977ad62639b73afe79,等σ线映射,,44,gold,,0,,B,True,ok,accepted
ctkg:v3e-object-6e5d7c7223f605f9c16bda61,ctkg_v3e-object-6e5d7c7223f605f9c16bda61,Regulator,Regulator,87,silver,,0,,B,True,ok,accepted
ctkg:v3e-object-6f45ed4aa09cbebb25093412,ctkg_v3e-object-6f45ed4aa09cbebb25093412,Using roots to c,Using roots to compute zeros from numerator polynomial,54,silver,,0,,B,True,ok,accepted
ctkg:v3e-object-701047b791dcb064a8224082,ctkg_v3e-object-701047b791dcb064a8224082,Bryson's Rule,Bryson's Rule,199,silver,,0,,B,True,ok,accepted
ctkg:v3e-object-780e0248e98d1a241ff3f3d5,ctkg_v3e-object-780e0248e98d1a241ff3f3d5,量化过程,,84,gold,,0,,B,True,ok,accepted
ctkg:v3e-object-785280d429b7e1a5f2f5db53,ctkg_v3e-object-785280d429b7e1a5f2f5db53,Nyquist stability criterion,Nyquist stability criterion,133,gold,,0,,B,True,ok,accepted
ctkg:v3e-object-7aef0becfa3e700facb7a80e,ctkg_v3e-object-7aef0becfa3e700facb7a80e,开环幅相特性曲线终点,,53,gold,,0,,B,True,ok,accepted
ctkg:v3e-object-7fd09957133988dbf413a2df,ctkg_v3e-object-7fd09957133988dbf413a2df,时域法校正,,56,gold,,0,,B,True,ok,accepted
ctkg:v3e-object-801c2bf7fd001c355296f342,ctkg_v3e-object-801c2bf7fd001c355296f342,Transformation t,Transformation to Observer Canonical Form,150,gold,,0,,B,True,ok,accepted
ctkg:v3e-object-8092204c03a8af260e3e672f,ctkg_v3e-object-8092204c03a8af260e3e672f,离散系统时域性能指标,,67,gold,,0,,B,True,ok,accepted
ctkg:v3e-object-81a7cae1259fabcfe3390cd2,ctkg_v3e-object-81a7cae1259fabcfe3390cd2,Resonant-peak magnitude Mr,Resonant-peak magnitude Mr,117,gold,,0,,B,True,ok,accepted
ctkg:v3e-object-820fb2c5830d5ebc1878a753,ctkg_v3e-object-820fb2c5830d5ebc1878a753,Reduced-order estimator design method,Reduced-order estimator design method,189,silver,,0,,B,True,ok,accepted
ctkg:v3e-object-83b0bd3fc503270cb174a500,ctkg_v3e-object-83b0bd3fc503270cb174a500,Lead Compensation,Lead Compensation,255,gold,,0,,B,True,ok,accepted
ctkg:v3e-object-84d4e25a62819cdb7ccb6caf,ctkg_v3e-object-84d4e25a62819cdb7ccb6caf,Type-zero system,Type-zero system,67,gold,,0,,B,True,ok,accepted
ctkg:v3e-object-86a182d9c2c23936967de7ef,ctkg_v3e-object-86a182d9c2c23936967de7ef,Safety margin in phase-lead design,Safety margin in phase-lead design,93,gold,,0,,B,True,ok,accepted
ctkg:v3e-object-86d5f30d2f3bbb90aaccb759,ctkg_v3e-object-86d5f30d2f3bbb90aaccb759,等ζ线映射,,52,gold,,0,,B,True,ok,accepted
ctkg:v3e-object-87119ed807a83a53c1444215,ctkg_v3e-object-87119ed807a83a53c1444215,Lag Compensation,Lag Compensation,74,gold,,0,,B,True,ok,accepted
ctkg:v3e-object-8b07ea11e0e619b2bc498119,ctkg_v3e-object-8b07ea11e0e619b2bc498119,Field Programmable Gate Arrays,Field Programmable Gate Arrays,72,gold,,0,,B,True,ok,accepted
ctkg:v3e-object-8ecd4d6352467b3444880809,ctkg_v3e-object-8ecd4d6352467b3444880809,Reduced-Order Estimator,Reduced-Order Estimator,116,silver,,0,,B,True,ok,accepted
ctkg:v3e-object-8eea21c512dc1ece3c5d1630,ctkg_v3e-object-8eea21c512dc1ece3c5d1630,临界比例度法,,129,gold,,0,,B,True,ok,accepted
ctkg:v3e-object-905e09b9921961a6115e4603,ctkg_v3e-object-905e09b9921961a6115e4603,Conditionally Stable System,Conditionally Stable System,27,gold,,0,,B,True,ok,accepted
ctkg:v3e-object-90b61fb22c14c7c7328d0283,ctkg_v3e-object-90b61fb22c14c7c7328d0283,Evaluation of st,Evaluation of state transition matrix via signal-flow graph,139,gold,,0,,B,True,ok,accepted
ctkg:v3e-object-90fe9648723adb7fc20557a7,ctkg_v3e-object-90fe9648723adb7fc20557a7,Steady-state accuracy,Steady-state accuracy,152,silver,,0,,B,True,ok,accepted
ctkg:v3e-object-92036a27c9d71cee9eb07bf5,ctkg_v3e-object-92036a27c9d71cee9eb07bf5,格拉姆矩阵判据 (Gramia…,,52,gold,,0,,B,True,ok,accepted
ctkg:v3e-object-924174fe69be3e335cca76d8,ctkg_v3e-object-924174fe69be3e335cca76d8,有源校正装置,,29,silver,,0,,B,True,ok,accepted
ctkg:v3e-object-938404536c1bcf749b8cda6d,ctkg_v3e-object-938404536c1bcf749b8cda6d,格拉姆矩阵判据 (Gramia…,,54,gold,,0,,B,True,ok,accepted
ctkg:v3e-object-96f2adc33e58f93e24be1b42,ctkg_v3e-object-96f2adc33e58f93e24be1b42,Determining PM from Nyquist plot,Determining PM from Nyquist plot,32,gold,,0,,B,True,ok,accepted
ctkg:v3e-object-98863d255f5bdc0c59c9b50b,ctkg_v3e-object-98863d255f5bdc0c59c9b50b,否成立,PBH rank test method for observability,32,gold,,0,,B,True,ok,accepted
ctkg:v3e-object-9a0b2bbcc18b62af283ab92d,ctkg_v3e-object-9a0b2bbcc18b62af283ab92d,Computing zeros ,Computing zeros via determinant condition,65,silver,,0,,B,True,ok,accepted
ctkg:v3e-object-9e88045efd51f4067f98fe34,ctkg_v3e-object-9e88045efd51f4067f98fe34,tf2ss: transfer ,tf2ss: transfer function to state-space conversion,100,silver,,0,,B,True,ok,accepted
ctkg:v3e-object-a05dd61cea712e5b19868b66,ctkg_v3e-object-a05dd61cea712e5b19868b66,离散系统时域分析法,,92,gold,,0,,B,True,ok,accepted
ctkg:v3e-object-a1d3ebe12a90c2bf346948ab,ctkg_v3e-object-a1d3ebe12a90c2bf346948ab,Matrix Exponential,Matrix Exponential,88,silver,,0,,B,True,ok,accepted
ctkg:v3e-object-a4a5ad4fbaf4f8f87fa5f49c,ctkg_v3e-object-a4a5ad4fbaf4f8f87fa5f49c,最大超前角频率,,26,gold,,0,,B,True,ok,accepted
ctkg:v3e-object-a6fbcdc8f28199ec0f54ceeb,ctkg_v3e-object-a6fbcdc8f28199ec0f54ceeb,Method 1: Decoup,Method 1: Decoupling estimation error from reference input,170,gold,,0,,B,True,ok,accepted
ctkg:v3e-object-a71a5210c13aa5d476ee8044,ctkg_v3e-object-a71a5210c13aa5d476ee8044,采样器,,83,gold,,0,,B,True,ok,accepted
ctkg:v3e-object-a95a8e278a89a433477bc1e0,ctkg_v3e-object-a95a8e278a89a433477bc1e0,纵坐标为L(ω)单位为分贝,,42,gold,,0,,B,True,ok,accepted
ctkg:v3e-object-a9ab5986ee63ecaae648e840,ctkg_v3e-object-a9ab5986ee63ecaae648e840,Servomechanism position controller,Servomechanism position controller,34,silver,,0,,B,True,ok,accepted
ctkg:v3e-object-a9ee0638045ceeb7e66d2ba0,ctkg_v3e-object-a9ee0638045ceeb7e66d2ba0,Undamped oscillation,Undamped oscillation,95,silver,,0,,B,True,ok,accepted
ctkg:v3e-object-ac5da367d445afc46b4baca3,ctkg_v3e-object-ac5da367d445afc46b4baca3,谐振峰值,,43,gold,,0,,B,True,ok,accepted
ctkg:v3e-object-ad9dd2d6032f3c150c03fc49,ctkg_v3e-object-ad9dd2d6032f3c150c03fc49,Compensated crossover frequency,Compensated crossover frequency,126,silver,,0,,B,True,ok,accepted
ctkg:v3e-object-adb78e525721874d42e70f67,ctkg_v3e-object-adb78e525721874d42e70f67,SRL estimator design method,SRL estimator design method,170,silver,,0,,B,True,ok,accepted
ctkg:v3e-object-aecaf4cad61113646c40ec0c,ctkg_v3e-object-aecaf4cad61113646c40ec0c,Log-magnitude-phase diagram,Log-magnitude-phase diagram,130,gold,,0,,B,True,ok,accepted
ctkg:v3e-object-aee09af112d5234757265089,ctkg_v3e-object-aee09af112d5234757265089,Duality,Duality,80,silver,,0,,B,True,ok,accepted
ctkg:v3e-object-b0cbf122498bca9269e55406,ctkg_v3e-object-b0cbf122498bca9269e55406,延迟环节,,24,gold,,0,,B,True,ok,accepted
ctkg:v3e-object-b1568607de5e6fd3cba5663f,ctkg_v3e-object-b1568607de5e6fd3cba5663f,State transition matrix,State transition matrix,217,gold,,0,,B,True,ok,accepted
ctkg:v3e-object-b2db4c45d82c99790ab8ca35,ctkg_v3e-object-b2db4c45d82c99790ab8ca35,李雅普诺夫稳定性分析方法,,148,silver,,0,,B,True,ok,accepted
ctkg:v3e-object-b3598aaee3272eb677b2c47e,ctkg_v3e-object-b3598aaee3272eb677b2c47e,离散系统的可控性矩阵 (dis…,,53,gold,,0,,B,True,ok,accepted
ctkg:v3e-object-b542152b1fb2cbb25d81dbb2,ctkg_v3e-object-b542152b1fb2cbb25d81dbb2,最小相位系统,,29,gold,,0,,B,True,ok,accepted
ctkg:v3e-object-b667b9f8df2202d92a43a966,ctkg_v3e-object-b667b9f8df2202d92a43a966,可观测性阵 (observab…,,28,gold,,0,,B,True,ok,accepted
ctkg:v3e-object-b84a9a5a29d23a93ad44adc8,ctkg_v3e-object-b84a9a5a29d23a93ad44adc8,Integral Control,Integral Control,99,gold,,0,,B,True,ok,accepted
ctkg:v3e-object-b95f9fc61d2a3ef440ed8fff,ctkg_v3e-object-b95f9fc61d2a3ef440ed8fff,Truncating numer,Truncating numerator polynomial to remove extraneous roots,58,silver,,0,,B,True,ok,accepted
ctkg:v3e-object-ba51f9dd280fa844cebe297d,ctkg_v3e-object-ba51f9dd280fa844cebe297d,最小相位环节,,67,gold,,0,,B,True,ok,accepted
ctkg:v3e-object-bb17295c711f6c4ef4ffd134,ctkg_v3e-object-bb17295c711f6c4ef4ffd134,Pole placement using place() function,Pole placement using place() function,91,gold,,0,,B,True,ok,accepted
ctkg:v3e-object-bb3ac0bfaa166046c6c19f8f,ctkg_v3e-object-bb3ac0bfaa166046c6c19f8f,Regulator problem,Regulator problem,138,silver,,0,,B,True,ok,accepted
ctkg:v3e-object-bd932075b5f988acebafc1b5,ctkg_v3e-object-bd932075b5f988acebafc1b5,Tustin's Method (Bilinear Approximation),Tustin's Method (Bilinear Approximation),217,silver,,0,,B,True,ok,accepted
ctkg:v3e-object-bdb527f3245189eaf48b43e5,ctkg_v3e-object-bdb527f3245189eaf48b43e5,Prefilter,Prefilter,226,gold,,0,,B,True,ok,accepted
ctkg:v3e-object-c257d94caf0f579cc0a8dd67,ctkg_v3e-object-c257d94caf0f579cc0a8dd67,Gain stabilization,Gain stabilization,193,silver,,0,,B,True,ok,accepted
ctkg:v3e-object-c2ca694b46d8bbfd36e1d92d,ctkg_v3e-object-c2ca694b46d8bbfd36e1d92d,Design by Discre,Design by Discrete Equivalent (Emulation),216,silver,,0,,B,True,ok,accepted
ctkg:v3e-object-c37dc9f35581438ab89f7f7c,ctkg_v3e-object-c37dc9f35581438ab89f7f7c,Observability Gr,Observability Gramian matrix criterion method,45,gold,,0,,B,True,ok,accepted
ctkg:v3e-object-c429eb75a78f367236589b27,ctkg_v3e-object-c429eb75a78f367236589b27,Neutrally stable,Neutrally stable,123,silver,,0,,B,True,ok,accepted
ctkg:v3e-object-c44c33ab59ce32f3a260d687,ctkg_v3e-object-c44c33ab59ce32f3a260d687,Settling time with 2% criterion,Settling time with 2% criterion,71,gold,,0,,B,True,ok,accepted
ctkg:v3e-object-cb18c47f552c6b128f9b52c8,ctkg_v3e-object-cb18c47f552c6b128f9b52c8,Detectability,Detectability,116,silver,,0,,B,True,ok,accepted
ctkg:v3e-object-cccba806baf3e7a86cade9e4,ctkg_v3e-object-cccba806baf3e7a86cade9e4,Right half-plane roots,Right half-plane roots,22,gold,,0,,B,True,ok,accepted
ctkg:v3e-object-cd815451e75b895951dd747e,ctkg_v3e-object-cd815451e75b895951dd747e,Evaluation of st,Evaluation of state transition matrix via matrix inversion,129,gold,,0,,B,True,ok,accepted
ctkg:v3e-object-ceba589bd42774a013eabc27,ctkg_v3e-object-ceba589bd42774a013eabc27,最大滞后角频率,,28,gold,,0,,B,True,ok,accepted
ctkg:v3e-object-d1834c74e0aa9ac9d84af39e,ctkg_v3e-object-d1834c74e0aa9ac9d84af39e,Autonomous estimator,Autonomous estimator,125,gold,,0,,B,True,ok,accepted
ctkg:v3e-object-d193b6e8d31cd34677110ff5,ctkg_v3e-object-d193b6e8d31cd34677110ff5,Harmonic Balance Analysis,Harmonic Balance Analysis,25,gold,,0,,B,True,ok,accepted
ctkg:v3e-object-db0fc6571dad5000caf9cbf7,ctkg_v3e-object-db0fc6571dad5000caf9cbf7,Strophoid plane curve,Strophoid plane curve,121,gold,,0,,B,True,ok,accepted
ctkg:v3e-object-dc50b3677e3701df866374cd,ctkg_v3e-object-dc50b3677e3701df866374cd,Analog-to-digital (A/D) converter,Analog-to-digital (A/D) converter,33,silver,,0,,B,True,ok,accepted
ctkg:v3e-object-ddbe1d931c3e5677361c2470,ctkg_v3e-object-ddbe1d931c3e5677361c2470,Position error constant,Position error constant,92,gold,,0,,B,True,ok,accepted
ctkg:v3e-object-de79f06574782620fb5a2094,ctkg_v3e-object-de79f06574782620fb5a2094,Twin-T Network,Twin-T Network,218,gold,,0,,B,True,ok,accepted
ctkg:v3e-object-df82d7abb92fef100c7944eb,ctkg_v3e-object-df82d7abb92fef100c7944eb,decade,decade,158,gold,,0,,B,True,ok,accepted
ctkg:v3e-object-df836fc47a815d82f963b7a8,ctkg_v3e-object-df836fc47a815d82f963b7a8,Zero assignment ,Zero assignment using Truxal's formula for lag compensation,185,silver,,0,,B,True,ok,accepted
ctkg:v3e-object-e16a21bf52b0d6a12485f477,ctkg_v3e-object-e16a21bf52b0d6a12485f477,break frequency (corner frequency),break frequency (corner frequency),76,gold,,0,,B,True,ok,accepted
ctkg:v3e-object-e5bf87e0d969b6eec24c6d11,ctkg_v3e-object-e5bf87e0d969b6eec24c6d11,DSP chips,DSP chips,210,gold,,0,,B,True,ok,accepted
ctkg:v3e-object-eb888786c5eb738a65d705f7,ctkg_v3e-object-eb888786c5eb738a65d705f7,Stabilizability,Stabilizability,120,silver,,0,,B,True,ok,accepted
ctkg:v3e-object-eb888f17c38a0db4c0e3233d,ctkg_v3e-object-eb888f17c38a0db4c0e3233d,离散系统时域分析法（z变换法）,,92,gold,,0,,B,True,ok,accepted
ctkg:v3e-object-ed9641f893aef73d04f6caf0,ctkg_v3e-object-ed9641f893aef73d04f6caf0,Maximum magnitud,Maximum magnitude of closed-loop frequency response M_pω,68,gold,,0,,B,True,ok,accepted
ctkg:v3e-object-ef115a405fa43a15296f00ed,ctkg_v3e-object-ef115a405fa43a15296f00ed,Composite gain Nbar,Composite gain Nbar,98,silver,,0,,B,True,ok,accepted
ctkg:v3e-object-ef6fc9931fcf63871a394970,ctkg_v3e-object-ef6fc9931fcf63871a394970,Closed-loop System with Nonlinearity,Closed-loop System with Nonlinearity,128,gold,,0,,B,True,ok,accepted
ctkg:v3e-object-f04f82217525c5c412d0d180,ctkg_v3e-object-f04f82217525c5c412d0d180,非最小相位系统,,28,gold,,0,,B,True,ok,accepted
ctkg:v3e-object-f1c8cab76dae17e688eaa668,ctkg_v3e-object-f1c8cab76dae17e688eaa668,否成立,Discrete-time controllability rank test,46,gold,,0,,B,True,ok,accepted
ctkg:v3e-object-f20650600a6b6301d29c6025,ctkg_v3e-object-f20650600a6b6301d29c6025,最大超前角,,44,gold,,0,,B,True,ok,accepted
ctkg:v3e-object-f610316f690e0731396e26ab,ctkg_v3e-object-f610316f690e0731396e26ab,Airplane control system,Airplane control system,23,silver,,0,,B,True,ok,accepted
ctkg:v3e-object-f8d3e5fdd92e5393820683bb,ctkg_v3e-object-f8d3e5fdd92e5393820683bb,Modified Matched Pole-Zero (MMPZ) Method,Modified Matched Pole-Zero (MMPZ) Method,210,silver,,0,,B,True,ok,accepted
ctkg:v3e-object-f91e625707410c1dc36188cb,ctkg_v3e-object-f91e625707410c1dc36188cb,Velocity constant,Velocity constant,92,gold,,0,,B,True,ok,accepted
ctkg:v3e-object-f9ac171d68c8622f62106397,ctkg_v3e-object-f9ac171d68c8622f62106397,串联滞后校正,,75,gold,,0,,B,True,ok,accepted
ctkg:v3e-object-ff560d5d53d578d0bc57baeb,ctkg_v3e-object-ff560d5d53d578d0bc57baeb,输出可控性,,54,gold,,0,,B,True,ok,accepted
ctkg:v3e-object-a36f17ddac0ec65e08118916,ctkg_v3e-object-a36f17ddac0ec65e08118916,Discrete signal,Discrete signal,15,gold,,11,,C,False,blocked,accepted
ctkg:v3e-object-0648b4124cfb8bb86fb66bd1,ctkg_v3e-object-0648b4124cfb8bb86fb66bd1,Sample period,Sample period,13,silver,,10,,C,False,blocked,accepted
ctkg:v3e-object-27eb45a250307fcc571ac92c,ctkg_v3e-object-27eb45a250307fcc571ac92c,Sample rate,Sample rate,11,silver,,8,,C,False,blocked,accepted
ctkg:v3e-object-3efb972a33b0a45162a5d04a,ctkg_v3e-object-3efb972a33b0a45162a5d04a,根轨迹,Root locus,10,gold,,5,,C,False,blocked,accepted
ctkg:domainconcept:9f33e6bc76dc80328b66a6dc,ctkg_domainconcept_9f33e6bc76dc80328b66a6dc,Lyapunov Direct Method,Lyapunov Direct Method,0,gold,,4,,C,False,blocked,accepted
ctkg:v3e-object-150dc51f4f7d4306dab82a18,ctkg_v3e-object-150dc51f4f7d4306dab82a18,脉冲序列,,4,gold,,4,,C,False,blocked,accepted
ctkg:domainconcept:5e637ae64f351feabf64218f,ctkg_domainconcept_5e637ae64f351feabf64218f,李雅普诺夫函数候选,,0,gold,,3,,C,False,blocked,accepted
ctkg:domainconcept:9a8a7e75e47dc5117ebb7adc,ctkg_domainconcept_9a8a7e75e47dc5117ebb7adc,李雅普诺夫函数,,0,gold,,3,,C,False,blocked,accepted
ctkg:v3e-object-1ee77aa2b862870735a63c50,ctkg_v3e-object-1ee77aa2b862870735a63c50,相平面图,,19,gold,,3,,C,False,blocked,accepted
ctkg:v3e-object-508501381207b32fdb98c6c2,ctkg_v3e-object-508501381207b32fdb98c6c2,比例系数,,4,gold,,3,,C,False,ok,accepted
ctkg:v3e-object-9457cf16dcef3b40a9253837,ctkg_v3e-object-9457cf16dcef3b40a9253837,阶梯信号,,4,gold,,3,,C,False,blocked,accepted
ctkg:v3e-object-a2b0a7b010b1060501e788c2,ctkg_v3e-object-a2b0a7b010b1060501e788c2,数字信号,,4,gold,,3,,C,False,blocked,accepted
ctkg:v3e-object-b0896b071da350e2cc6ca186,ctkg_v3e-object-b0896b071da350e2cc6ca186,间隙特性,,4,gold,,3,,C,False,blocked,accepted
ctkg:v3e-object-bda94d95d799211be70fabf9,ctkg_v3e-object-bda94d95d799211be70fabf9,自振荡,,3,gold,,3,,C,False,blocked,accepted
ctkg:v3e-object-d881210ed83df13e00d2e095,ctkg_v3e-object-d881210ed83df13e00d2e095,死区特性,,4,gold,,3,,C,False,blocked,accepted
ctkg:v3e-object-f2f59dc7fc5571446872d432,ctkg_v3e-object-f2f59dc7fc5571446872d432,系统完全可控,,6,gold,,3,,C,False,blocked,accepted
ctkg:domainconcept:0d613f0b723fa4a95a006064,ctkg_domainconcept_0d613f0b723fa4a95a006064,Lyapunov Stability,Lyapunov Stability,0,gold,,2,,C,False,blocked,accepted
ctkg:domainconcept:28bfca2df331c329cea26464,ctkg_domainconcept_28bfca2df331c329cea26464,朱利稳定判据,,0,gold,,2,,C,False,blocked,accepted
ctkg:domainconcept:3ffc77366f538e92e13a0296,ctkg_domainconcept_3ffc77366f538e92e13a0296,能量函数（李雅普诺夫）,,0,gold,,2,,C,False,blocked,accepted
ctkg:domainconcept:4dd405f4b14b1c56c98340c1,ctkg_domainconcept_4dd405f4b14b1c56c98340c1,Lyapunov function,Lyapunov function,0,gold,,2,,C,False,blocked,accepted
ctkg:domainconcept:a09e623edf21b6aaa676b0a5,ctkg_domainconcept_a09e623edf21b6aaa676b0a5,Lyapunov Function,Lyapunov Function,0,gold,,2,,C,False,blocked,accepted
ctkg:domainconcept:bcb4481c7a310fb698ee71fb,ctkg_domainconcept_bcb4481c7a310fb698ee71fb,Positive Definite Function,Positive Definite Function,0,gold,,2,,C,False,blocked,accepted
ctkg:domainconcept:fe96c44d0bc1b877a573201e,ctkg_domainconcept_fe96c44d0bc1b877a573201e,Lyapunov function candidate,Lyapunov function candidate,0,gold,,2,,C,False,blocked,accepted
ctkg:v3e-canonical-16ddaebf2fe19d65ecc35886,ctkg_v3e-canonical-16ddaebf2fe19d65ecc35886,Natural response,Natural response,16,silver,theoretical_construct,2,,C,False,ok,accepted
ctkg:v3e-canonical-47a2e3c44742b45c55ac902d,ctkg_v3e-canonical-47a2e3c44742b45c55ac902d,闭环极点,,4,silver,theoretical_construct,2,,C,False,blocked,accepted
ctkg:v3e-canonical-4f62334f630ea074128ec396,ctkg_v3e-canonical-4f62334f630ea074128ec396,单位阶跃函数,,6,silver,theoretical_construct,2,,C,False,blocked,accepted
ctkg:v3e-canonical-7d2ba18dbf550046f8683e0d,ctkg_v3e-canonical-7d2ba18dbf550046f8683e0d,Transmission zeros,Transmission zeros,18,silver,theoretical_construct,2,,C,False,ok,accepted
ctkg:v3e-object-01762eade052b1f22b1318c1,ctkg_v3e-object-01762eade052b1f22b1318c1,P控制器,,4,gold,,2,,C,False,blocked,accepted
ctkg:v3e-object-098bda907dad6f5e7b697506,ctkg_v3e-object-098bda907dad6f5e7b697506,Limit Cycle,Limit Cycle,11,gold,,2,,C,False,blocked,accepted
ctkg:v3e-object-15bb04de4783aac94efc5a01,ctkg_v3e-object-15bb04de4783aac94efc5a01,Schmitt Trigger,Schmitt Trigger,15,gold,,2,,C,False,blocked,accepted
ctkg:v3e-object-271dc725adcf9cbd115e003f,ctkg_v3e-object-271dc725adcf9cbd115e003f,误差采样控制,,6,gold,,2,,C,False,blocked,accepted
ctkg:v3e-object-2805a69722f0a741c2479d22,ctkg_v3e-object-2805a69722f0a741c2479d22,PD控制器,,5,gold,,2,,C,False,blocked,accepted
ctkg:v3e-object-5c7e75fb7bc3c6a2e80d8bb4,ctkg_v3e-object-5c7e75fb7bc3c6a2e80d8bb4,一阶保持器,,18,gold,,2,,C,False,blocked,accepted
ctkg:v3e-object-5ed5fc7d05f77452e100406b,ctkg_v3e-object-5ed5fc7d05f77452e100406b,双极限环,,4,gold,,2,,C,False,blocked,accepted
ctkg:v3e-object-60dc281db22fe43eefe4ae57,ctkg_v3e-object-60dc281db22fe43eefe4ae57,Finite word length,Finite word length,18,silver,,2,,C,False,blocked,accepted
ctkg:v3e-object-60e97b106df3b47840a4b6fd,ctkg_v3e-object-60e97b106df3b47840a4b6fd,衰减比,,3,gold,,2,,C,False,blocked,accepted
ctkg:v3e-object-69aaaef625010f7755f253e8,ctkg_v3e-object-69aaaef625010f7755f253e8,死区,,2,gold,,2,,C,False,blocked,accepted
ctkg:v3e-object-6cac20a7c9621cb54a42d57d,ctkg_v3e-object-6cac20a7c9621cb54a42d57d,采样开关,,4,gold,,2,,C,False,blocked,accepted
ctkg:v3e-object-8064c799039f6d83a3cf4f29,ctkg_v3e-object-8064c799039f6d83a3cf4f29,Continuous signal,Continuous signal,17,silver,,2,,C,False,blocked,accepted
ctkg:v3e-object-828de2183a73570e15acd937,ctkg_v3e-object-828de2183a73570e15acd937,PWM放大器,,6,gold,,2,,C,False,blocked,accepted
ctkg:v3e-object-89f58618b8927a2026f2799b,ctkg_v3e-object-89f58618b8927a2026f2799b,微分时间常数,,6,gold,,2,,C,False,blocked,accepted
ctkg:v3e-object-9e5c7acbf973dd58acd749ef,ctkg_v3e-object-9e5c7acbf973dd58acd749ef,分隔线,,3,gold,,2,,C,False,blocked,accepted
ctkg:v3e-object-a9730b9a039605d79315e24f,ctkg_v3e-object-a9730b9a039605d79315e24f,摩擦特性,,4,gold,,2,,C,False,blocked,accepted
ctkg:v3e-object-b2913d437161b8d1e3eecfdf,ctkg_v3e-object-b2913d437161b8d1e3eecfdf,理想脉冲,,4,gold,,2,,C,False,blocked,accepted
ctkg:v3e-object-bc0986d0d67b0409733e3b95,ctkg_v3e-object-bc0986d0d67b0409733e3b95,信号复现滤波器,,7,gold,,2,,C,False,blocked,accepted
ctkg:v3e-object-edc0d1a17b9cbb23167788e0,ctkg_v3e-object-edc0d1a17b9cbb23167788e0,谐波线性化,,5,gold,,2,,C,False,blocked,accepted
ctkg:v3e-object-f3ae1a478d0e8faba241ebbb,ctkg_v3e-object-f3ae1a478d0e8faba241ebbb,preloaded spring,preloaded spring,16,gold,,2,,C,False,blocked,accepted
ctkg:domainconcept:48a62baa3d95389c7fdea7f6,ctkg_domainconcept_48a62baa3d95389c7fdea7f6,Phase-lead compensator,Phase-lead compensator,0,gold,,1,,C,False,blocked,accepted
ctkg:domainconcept:64d1931785ee06183744e4e4,ctkg_domainconcept_64d1931785ee06183744e4e4,超前校正网络,,0,gold,,1,,C,False,blocked,accepted
ctkg:domainconcept:69b64bbfce9e45828d270eb4,ctkg_domainconcept_69b64bbfce9e45828d270eb4,First-Order Plant Discrete Model,First-Order Plant Discrete Model,0,gold,,1,,C,False,blocked,accepted
ctkg:domainconcept:84a6b99accd85ba35da5a6a6,ctkg_domainconcept_84a6b99accd85ba35da5a6a6,开环脉冲传递函数,,0,gold,,1,,C,False,blocked,accepted
ctkg:domainconcept:9b5b7d8e1adf2c35463467a8,ctkg_domainconcept_9b5b7d8e1adf2c35463467a8,Unit circle in z-plane,Unit circle in z-plane,0,gold,,1,,C,False,blocked,accepted
ctkg:domainconcept:9bec0d6aa9ae6cf731207e85,ctkg_domainconcept_9bec0d6aa9ae6cf731207e85,Root locus z-plane method,Root locus z-plane method,0,gold,,1,,C,False,blocked,accepted
ctkg:v3e-canonical-0e5d22ed0afee37f65584d36,ctkg_v3e-canonical-0e5d22ed0afee37f65584d36,正弦函数,,4,silver,theoretical_construct,1,,C,False,blocked,accepted
ctkg:v3e-canonical-115de5ef0289a778cf5b69c6,ctkg_v3e-canonical-115de5ef0289a778cf5b69c6,Final Value Theorem,Final Value Theorem,19,silver,theoretical_construct,1,,C,False,ok,accepted
ctkg:v3e-canonical-23c4127cb1ffab795d290351,ctkg_v3e-canonical-23c4127cb1ffab795d290351,Modes of the system,Modes of the system,19,silver,theoretical_construct,1,,C,False,blocked,accepted
ctkg:v3e-canonical-312d1dfa7e96b9cc6f46e253,ctkg_v3e-canonical-312d1dfa7e96b9cc6f46e253,单位阶跃响应,,6,silver,theoretical_construct,1,,C,False,blocked,accepted
ctkg:v3e-canonical-37b4b074acb6cd0044127737,ctkg_v3e-canonical-37b4b074acb6cd0044127737,Cover-up method,Cover-up method,15,silver,theoretical_construct,1,,C,False,blocked,accepted
ctkg:v3e-canonical-471a0b49b030d7d76e7e7159,ctkg_v3e-canonical-471a0b49b030d7d76e7e7159,Band center,Band center,11,silver,theoretical_construct,1,,C,False,blocked,accepted
ctkg:v3e-canonical-62bea9217008b56901615d9a,ctkg_v3e-canonical-62bea9217008b56901615d9a,单位斜坡函数,,6,silver,theoretical_construct,1,,C,False,blocked,accepted
ctkg:v3e-canonical-cd25e47d10ddfec280e82fde,ctkg_v3e-canonical-cd25e47d10ddfec280e82fde,单位加速度函数,,7,silver,theoretical_construct,1,,C,False,blocked,accepted
ctkg:v3e-canonical-df3167f36376f526f6ec5562,ctkg_v3e-canonical-df3167f36376f526f6ec5562,超调量,,17,silver,theoretical_construct,1,,C,False,blocked,accepted
ctkg:v3e-canonical-f8bf6b65acbd8dc67f1032e3,ctkg_v3e-canonical-f8bf6b65acbd8dc67f1032e3,单位脉冲函数,,6,silver,theoretical_construct,1,,C,False,blocked,accepted
ctkg:v3e-object-1a1e0cd76a6ae24441079e22,ctkg_v3e-object-1a1e0cd76a6ae24441079e22,数字控制器,,5,gold,,1,,C,False,blocked,accepted
ctkg:v3e-object-239fecfdb347e1a48fb9d7cc,ctkg_v3e-object-239fecfdb347e1a48fb9d7cc,完全可达,,4,silver,,1,,C,False,blocked,accepted
ctkg:v3e-object-2c7489771bec99ead56be2ef,ctkg_v3e-object-2c7489771bec99ead56be2ef,gain with dead zone,gain with dead zone,19,gold,,1,,C,False,blocked,accepted
ctkg:v3e-object-33f3fab8ae4fb405d2c60ad4,ctkg_v3e-object-33f3fab8ae4fb405d2c60ad4,Ideal sampler,Ideal sampler,13,gold,,1,,C,False,blocked,accepted
ctkg:v3e-object-35942e1152c99bd94bdecd00,ctkg_v3e-object-35942e1152c99bd94bdecd00,I控制器,,4,silver,,1,,C,False,blocked,accepted
ctkg:v3e-object-385e97c5f142fee4c5791b7f,ctkg_v3e-object-385e97c5f142fee4c5791b7f,幂级数法求解齐次状态方程,,12,silver,,1,,C,False,blocked,accepted
ctkg:v3e-object-3aa81efa3f16e1fc9210fdc8,ctkg_v3e-object-3aa81efa3f16e1fc9210fdc8,多极双通道旋转变压器,,10,gold,,1,,C,False,blocked,accepted
ctkg:v3e-object-49948e2349b89d3c04b12d39,ctkg_v3e-object-49948e2349b89d3c04b12d39,脉冲控制器,,5,gold,,1,,C,False,blocked,accepted
ctkg:v3e-object-526906541f641018cd576367,ctkg_v3e-object-526906541f641018cd576367,通过变量替换检验给定稳定度的方法,,16,gold,,1,,C,False,blocked,accepted
ctkg:v3e-object-563729def6c074a2e1ae6d1d,ctkg_v3e-object-563729def6c074a2e1ae6d1d,继电特性,,4,gold,,1,,C,False,blocked,accepted
ctkg:v3e-object-61714a8a2f0cfb4c33ab4552,ctkg_v3e-object-61714a8a2f0cfb4c33ab4552,Nyquist rate,Nyquist rate,12,gold,,1,,C,False,blocked,accepted
ctkg:v3e-object-62869ccc95b976e198517c73,ctkg_v3e-object-62869ccc95b976e198517c73,复合控制信号,,6,gold,,1,,C,False,blocked,accepted
ctkg:v3e-object-68d64f3444ac7af6336f1f81,ctkg_v3e-object-68d64f3444ac7af6336f1f81,PI控制器,,5,silver,,1,,C,False,blocked,accepted
ctkg:v3e-object-7555b4760da0d42ee2e4c36a,ctkg_v3e-object-7555b4760da0d42ee2e4c36a,积分法求解非齐次状态方程,,12,silver,,1,,C,False,blocked,accepted
ctkg:v3e-object-78aceee1453c8c629dcfdd7e,ctkg_v3e-object-78aceee1453c8c629dcfdd7e,低速爬行现象,,6,gold,,1,,C,False,blocked,accepted
ctkg:v3e-object-875c91c5ad48c74f08a863e3,ctkg_v3e-object-875c91c5ad48c74f08a863e3,Free running,Free running,12,silver,,1,,C,False,blocked,accepted
ctkg:v3e-object-8c4354096b719a1d5e090da4,ctkg_v3e-object-8c4354096b719a1d5e090da4,Laplace transform,Laplace transform,17,silver,,1,,C,False,ok,accepted
ctkg:v3e-object-902a7486fad0f7f8ea7accb9,ctkg_v3e-object-902a7486fad0f7f8ea7accb9,状态完全可达,,6,silver,,1,,C,False,blocked,accepted
ctkg:v3e-object-9615125c7f9a504980e7ca04,ctkg_v3e-object-9615125c7f9a504980e7ca04,前馈信号,,4,gold,,1,,C,False,blocked,accepted
ctkg:v3e-object-99e2b54e9474379206799dfa,ctkg_v3e-object-99e2b54e9474379206799dfa,正阻尼,,3,gold,,1,,C,False,blocked,accepted
ctkg:v3e-object-9a4c8dc9963685a6c39a5653,ctkg_v3e-object-9a4c8dc9963685a6c39a5653,容许控制,,4,silver,,1,,C,False,blocked,accepted
ctkg:v3e-object-9bad410f2b9662132c16c8f2,ctkg_v3e-object-9bad410f2b9662132c16c8f2,z变换法,,4,silver,,1,,C,False,blocked,accepted
ctkg:v3e-object-a0440022b39b4796d91d4e3d,ctkg_v3e-object-a0440022b39b4796d91d4e3d,绝对式轴角编码,,7,gold,,1,,C,False,blocked,accepted
ctkg:v3e-object-a31f4a2e9bdbef014d44cfb8,ctkg_v3e-object-a31f4a2e9bdbef014d44cfb8,反馈校正,,19,silver,,1,,C,False,blocked,accepted
ctkg:v3e-object-aa79b6fedda690cfd68855aa,ctkg_v3e-object-aa79b6fedda690cfd68855aa,relay,relay,5,gold,,1,,C,False,ok,accepted
ctkg:v3e-object-af604268b1e07a0ddba886f3,ctkg_v3e-object-af604268b1e07a0ddba886f3,Nichols chart,Nichols chart,13,silver,,1,,C,False,blocked,accepted
ctkg:v3e-object-b202af6c06c27c558d00e9f4,ctkg_v3e-object-b202af6c06c27c558d00e9f4,拉普拉斯变换法求解非齐次状态方程,,16,silver,,1,,C,False,blocked,accepted
ctkg:v3e-object-bbde87998fe5c58705383e29,ctkg_v3e-object-bbde87998fe5c58705383e29,可控性判别阵,,6,gold,,1,,C,False,blocked,accepted
ctkg:v3e-object-bf9e8241330bdf92c90e15f7,ctkg_v3e-object-bf9e8241330bdf92c90e15f7,积分时间常数,,6,gold,,1,,C,False,blocked,accepted
ctkg:v3e-object-c3d7e85e2b60c3320db8a44a,ctkg_v3e-object-c3d7e85e2b60c3320db8a44a,Quantization error,Quantization error,18,gold,,1,,C,False,blocked,accepted
ctkg:v3e-object-cc99ebc4a8c2b5b89c7f02d0,ctkg_v3e-object-cc99ebc4a8c2b5b89c7f02d0,饱和特性,,4,gold,,1,,C,False,blocked,accepted
ctkg:v3e-object-d7425132087d7b73ba04acb6,ctkg_v3e-object-d7425132087d7b73ba04acb6,flash memory,flash memory,12,gold,,1,,C,False,blocked,accepted
ctkg:v3e-object-da8cedbf0ebbeecfe0b184b6,ctkg_v3e-object-da8cedbf0ebbeecfe0b184b6,拉普拉斯变换法求解齐次状态方程,,15,silver,,1,,C,False,blocked,accepted
ctkg:v3e-object-eacdf5b7407bac89d24540ed,ctkg_v3e-object-eacdf5b7407bac89d24540ed,quantization,quantization,12,gold,,1,,C,False,blocked,accepted
ctc:modeling-20f3dc8367288f2a5908a82b,ctc_modeling-20f3dc8367288f2a5908a82b,系数矩阵元素随时间变化的线性系统,modeling_20f3dc8367288f2a5908a82b,17,silver,theoretical_construct,0,excluded_with_rationale,C,False,blocked,accepted
ctc:modeling-423b845366304dc755fefcea,ctc_modeling-423b845366304dc755fefcea,领域概念,modeling_423b845366304dc755fefcea,0,silver,analysis_method,0,excluded_with_rationale,C,False,blocked,accepted
ctc:modeling-42c9620057d98bfd31df8233,ctc_modeling-42c9620057d98bfd31df8233,输出方程中D不为零的系统,modeling_42c9620057d98bfd31df8233,13,silver,theoretical_construct,0,excluded_with_rationale,C,False,blocked,accepted
ctc:modeling-4650485d80a606436bc37cc2,ctc_modeling-4650485d80a606436bc37cc2,系统的输入和输出变量,modeling_4650485d80a606436bc37cc2,11,silver,theoretical_construct,0,excluded_with_rationale,C,False,blocked,accepted
ctc:modeling-6280f0cd5c8f281d399cb327,ctc_modeling-6280f0cd5c8f281d399cb327,系统在时间域中的行为或运动信息…,modeling_6280f0cd5c8f281d399cb327,19,silver,theoretical_construct,0,excluded_with_rationale,C,False,blocked,accepted
ctc:modeling-71f0e8d834291c2c7d5e25b9,ctc_modeling-71f0e8d834291c2c7d5e25b9,输出方程中D≡0的系统,modeling_71f0e8d834291c2c7d5e25b9,12,silver,theoretical_construct,0,excluded_with_rationale,C,False,ok,accepted
ctc:modeling-c26fddc50074ec84707d5950,ctc_modeling-c26fddc50074ec84707d5950,系数矩阵各元素都是常数的线性系统,modeling_c26fddc50074ec84707d5950,17,silver,theoretical_construct,0,excluded_with_rationale,C,False,blocked,accepted
ctc:modeling-ce9bffbe8ce00d29cf2c0738,ctc_modeling-ce9bffbe8ce00d29cf2c0738,既有输入支路又有输出支路的节点,modeling_ce9bffbe8ce00d29cf2c0738,16,silver,theoretical_construct,0,excluded_with_rationale,C,False,blocked,accepted
ctc:modeling-f6940765c7e8e5b74be204e0,ctc_modeling-f6940765c7e8e5b74be204e0,领域概念,modeling_f6940765c7e8e5b74be204e0,0,silver,analysis_method,0,excluded_with_rationale,C,False,blocked,accepted
ctkg:domainconcept:00c33c72030aa254c651c5ad,ctkg_domainconcept_00c33c72030aa254c651c5ad,正定性（标量函数）,,0,gold,,0,,C,False,blocked,accepted
ctkg:domainconcept:01352d9fa7bd87ffcb11e7c8,ctkg_domainconcept_01352d9fa7bd87ffcb11e7c8,题7-22系统结构图,,0,gold,,0,,C,False,blocked,accepted
ctkg:domainconcept:05c3bce244e51f0c3dae9747,ctkg_domainconcept_05c3bce244e51f0c3dae9747,误差脉冲传递函数,,0,gold,,0,,C,False,blocked,accepted
ctkg:domainconcept:09da4c7fe48a9407a1d68ec5,ctkg_domainconcept_09da4c7fe48a9407a1d68ec5,Discrete Analysis Procedure,Discrete Analysis Procedure,0,gold,,0,,C,False,blocked,accepted
ctkg:domainconcept:0dfe26d4bf0c2174a0a4b176,ctkg_domainconcept_0dfe26d4bf0c2174a0a4b176,负半定性（标量函数）,,0,gold,,0,,C,False,blocked,accepted
ctkg:domainconcept:0e906643242ab739e7ea2c35,ctkg_domainconcept_0e906643242ab739e7ea2c35,二阶采样系统结构图,,0,gold,,0,,C,False,blocked,accepted
ctkg:domainconcept:1126ce54b22f0fafb3f6e916,ctkg_domainconcept_1126ce54b22f0fafb3f6e916,无纹波最少拍系统设计方法,,0,gold,,0,,C,False,blocked,accepted
ctkg:domainconcept:1574c7db84468964721bb443,ctkg_domainconcept_1574c7db84468964721bb443,主导极点,,0,gold,,0,,C,False,blocked,accepted
ctkg:domainconcept:1a8ef03e3724854770d0995b,ctkg_domainconcept_1a8ef03e3724854770d0995b,离散化设计方法,,0,gold,,0,,C,False,blocked,accepted
ctkg:domainconcept:1b04b9a147b0c7ffb5908e4e,ctkg_domainconcept_1b04b9a147b0c7ffb5908e4e,最少拍系统,,0,gold,,0,,C,False,blocked,accepted
ctkg:domainconcept:1d3fbc0debb0aa898ddc8773,ctkg_domainconcept_1d3fbc0debb0aa898ddc8773,题7-19闭环离散系统模型,,0,gold,,0,,C,False,blocked,accepted
ctkg:domainconcept:1de40a30b1c09d8f5bdd595a,ctkg_domainconcept_1de40a30b1c09d8f5bdd595a,超调量 σ%,,0,gold,,0,,C,False,blocked,accepted
ctkg:domainconcept:1e4a6b47555798ad4ccae81d,ctkg_domainconcept_1e4a6b47555798ad4ccae81d,Positive Definite Matrix,Positive Definite Matrix,0,gold,,0,,C,False,blocked,accepted
ctkg:domainconcept:1fe958ff9947220990074dbc,ctkg_domainconcept_1fe958ff9947220990074dbc,正半定性（标量函数）,,0,gold,,0,,C,False,blocked,accepted
ctkg:domainconcept:2207a84d0bef6d71a51fe50b,ctkg_domainconcept_2207a84d0bef6d71a51fe50b,题7-25系统结构图,,0,gold,,0,,C,False,blocked,accepted
ctkg:domainconcept:236ec108cc45299398bac0b8,ctkg_domainconcept_236ec108cc45299398bac0b8,Digital compensator,Digital compensator,0,gold,,0,,C,False,blocked,accepted
ctkg:domainconcept:275296ae58e9a926faac7ae3,ctkg_domainconcept_275296ae58e9a926faac7ae3,速度误差系数,,0,gold,,0,,C,False,blocked,accepted
ctkg:domainconcept:289e3beca59c9ef373836b12,ctkg_domainconcept_289e3beca59c9ef373836b12,零阶保持器,,0,gold,,0,,C,False,blocked,accepted
ctkg:domainconcept:28c066f4f9ccd20a720fc299,ctkg_domainconcept_28c066f4f9ccd20a720fc299,单位阶跃响应曲线,,0,gold,,0,,C,False,blocked,accepted
ctkg:domainconcept:28c7b2fa3807573e2160fad0,ctkg_domainconcept_28c7b2fa3807573e2160fad0,稳态误差 e(∞),,0,gold,,0,,C,False,blocked,accepted
ctkg:domainconcept:34a8b4f81f0f5b8cf9f04107,ctkg_domainconcept_34a8b4f81f0f5b8cf9f04107,Equilibrium State,Equilibrium State,0,gold,,0,,C,False,blocked,accepted
ctkg:domainconcept:357a51cbd9882d80503815d3,ctkg_domainconcept_357a51cbd9882d80503815d3,误差脉冲传递函数,,0,gold,,0,,C,False,blocked,accepted
ctkg:domainconcept:364221ded81ca2a0139d013a,ctkg_domainconcept_364221ded81ca2a0139d013a,最少拍系统设计方法,,0,gold,,0,,C,False,blocked,accepted
ctkg:domainconcept:36950d29dd27bdca0a483237,ctkg_domainconcept_36950d29dd27bdca0a483237,最少拍系统设计方法,,0,gold,,0,,C,False,blocked,accepted
ctkg:domainconcept:3741d57a147fed5d8c495e34,ctkg_domainconcept_3741d57a147fed5d8c495e34,Pole-zero cancel,Pole-zero cancellation in digital control design,0,gold,,0,,C,False,blocked,accepted
ctkg:domainconcept:38cc333389960ef01572e768,ctkg_domainconcept_38cc333389960ef01572e768,Pure Discrete Equivalent System,Pure Discrete Equivalent System,0,gold,,0,,C,False,blocked,accepted
ctkg:domainconcept:39456197a7214a933f3d5e83,ctkg_domainconcept_39456197a7214a933f3d5e83,有纹波最少拍系统结构图（图7-…,,0,gold,,0,,C,False,blocked,accepted
ctkg:domainconcept:3bdef317703581e0a2e1b82f,ctkg_domainconcept_3bdef317703581e0a2e1b82f,题7-20闭环离散系统模型,,0,gold,,0,,C,False,blocked,accepted
ctkg:domainconcept:3f2b9364d6712170bfd6fb24,ctkg_domainconcept_3f2b9364d6712170bfd6fb24,stability matrix,stability matrix,0,gold,,0,,C,False,blocked,accepted
ctkg:domainconcept:402f9f89ded980774ffb02c4,ctkg_domainconcept_402f9f89ded980774ffb02c4,forward rectangular integration,forward rectangular integration,0,gold,,0,,C,False,blocked,accepted
ctkg:domainconcept:42b62edf88d848137713e690,ctkg_domainconcept_42b62edf88d848137713e690,Digital lag compensation,Digital lag compensation,0,gold,,0,,C,False,blocked,accepted
ctkg:domainconcept:4440d7aea649c55d0359385c,ctkg_domainconcept_4440d7aea649c55d0359385c,Eigenvalue,Eigenvalue,0,gold,,0,,C,False,blocked,accepted
ctkg:domainconcept:471808457837d110fa167faf,ctkg_domainconcept_471808457837d110fa167faf,负定性（标量函数）,,0,gold,,0,,C,False,blocked,accepted
ctkg:domainconcept:4763f84157de71b678a091e7,ctkg_domainconcept_4763f84157de71b678a091e7,题7-23数字控制系统模型,,0,gold,,0,,C,False,blocked,accepted
ctkg:domainconcept:48988e52fe44c4738e0647cf,ctkg_domainconcept_48988e52fe44c4738e0647cf,闭环脉冲传递函数 Φ(z),,0,gold,,0,,C,False,blocked,accepted
ctkg:domainconcept:492c3f3c5e6d3c57cc074391,ctkg_domainconcept_492c3f3c5e6d3c57cc074391,最少拍系统,,0,gold,,0,,C,False,blocked,accepted
ctkg:domainconcept:4b8188f6e3ad1985a3208055,ctkg_domainconcept_4b8188f6e3ad1985a3208055,数字校正装置,,0,gold,,0,,C,False,blocked,accepted
ctkg:domainconcept:4b98e3fbe8d7e5267277361f,ctkg_domainconcept_4b98e3fbe8d7e5267277361f,李雅普诺夫第一法（间接法）,,0,gold,,0,,C,False,blocked,accepted
ctkg:domainconcept:51031d894f2189c8d2db8f36,ctkg_domainconcept_51031d894f2189c8d2db8f36,题7-26系统结构图,,0,gold,,0,,C,False,blocked,accepted
ctkg:domainconcept:53433e0044a66cd171c6e1d1,ctkg_domainconcept_53433e0044a66cd171c6e1d1,Digital compensator,Digital compensator,0,gold,,0,,C,False,blocked,accepted
ctkg:domainconcept:57f94170125768449cdfa1ba,ctkg_domainconcept_57f94170125768449cdfa1ba,受扰运动,,0,gold,,0,,C,False,blocked,accepted
ctkg:domainconcept:59058addd30398485c529e9f,ctkg_domainconcept_59058addd30398485c529e9f,数字控制器,,0,gold,,0,,C,False,blocked,accepted
ctkg:domainconcept:599dd42ca76813165e301c5b,ctkg_domainconcept_599dd42ca76813165e301c5b,positive definite matrix,positive definite matrix,0,gold,,0,,C,False,blocked,accepted
ctkg:domainconcept:59abd9632700f1634517f74c,ctkg_domainconcept_59abd9632700f1634517f74c,Discrete State-Space Design Methods,Discrete State-Space Design Methods,0,gold,,0,,C,False,blocked,accepted
ctkg:domainconcept:5f49b022cd74414f3b342231,ctkg_domainconcept_5f49b022cd74414f3b342231,一致稳定性,,0,gold,,0,,C,False,blocked,accepted
ctkg:domainconcept:60729cbdf747b39c2ff781bb,ctkg_domainconcept_60729cbdf747b39c2ff781bb,直接z域补偿器设计方法,,0,gold,,0,,C,False,blocked,accepted
ctkg:domainconcept:61472f9425cd8eaba17968db,ctkg_domainconcept_61472f9425cd8eaba17968db,Discrete Design,Discrete Design,0,gold,,0,,C,False,blocked,accepted
ctkg:domainconcept:6979e99f60e2642ff3d70d4b,ctkg_domainconcept_6979e99f60e2642ff3d70d4b,z-plane root locus,z-plane root locus,0,gold,,0,,C,False,blocked,accepted
ctkg:domainconcept:6ab0d98e17a500ee2a2f5133,ctkg_domainconcept_6ab0d98e17a500ee2a2f5133,无纹波最少拍系统,,0,gold,,0,,C,False,blocked,accepted
ctkg:domainconcept:6e5429ed119ba2156807f7a0,ctkg_domainconcept_6e5429ed119ba2156807f7a0,模拟化设计方法,,0,gold,,0,,C,False,blocked,accepted
ctkg:domainconcept:6ec72a95052d52a56c6074ef,ctkg_domainconcept_6ec72a95052d52a56c6074ef,题7-23系统结构图,,0,gold,,0,,C,False,blocked,accepted
ctkg:domainconcept:729526b31fd86a3f058b87ad,ctkg_domainconcept_729526b31fd86a3f058b87ad,Constant damping ratio curves in z-plane,Constant damping ratio curves in z-plane,0,gold,,0,,C,False,blocked,accepted
ctkg:domainconcept:78189b463d4f111e115c4201,ctkg_domainconcept_78189b463d4f111e115c4201,向后差分法,,0,gold,,0,,C,False,blocked,accepted
ctkg:domainconcept:79bb55c4c06d07fd357ec824,ctkg_domainconcept_79bb55c4c06d07fd357ec824,Continuous State-Space Design Methods,Continuous State-Space Design Methods,0,gold,,0,,C,False,blocked,accepted
ctkg:domainconcept:7a638e1fe4a39f6b09d2cd5a,ctkg_domainconcept_7a638e1fe4a39f6b09d2cd5a,调节时间 t_s,,0,gold,,0,,C,False,blocked,accepted
ctkg:domainconcept:7b0f2a56598df8c8638bc63f,ctkg_domainconcept_7b0f2a56598df8c8638bc63f,Region of Attraction,Region of Attraction,0,gold,,0,,C,False,blocked,accepted
ctkg:domainconcept:7ba6b61691803d7422f99c16,ctkg_domainconcept_7ba6b61691803d7422f99c16,闭环脉冲传递函数,,0,gold,,0,,C,False,blocked,accepted
ctkg:domainconcept:7d7b2c2093e1b52795076344,ctkg_domainconcept_7d7b2c2093e1b52795076344,Curves of consta,Curves of constant damping ratio in z-plane (Figure 13.27),0,gold,,0,,C,False,blocked,accepted
ctkg:domainconcept:7ea75380edbf9be4e15dd503,ctkg_domainconcept_7ea75380edbf9be4e15dd503,特征方程,Characteristic Equation,0,gold,,0,,C,False,blocked,accepted
ctkg:domainconcept:80cea7656ffd01203a570296,ctkg_domainconcept_80cea7656ffd01203a570296,稳态跟踪误差,,0,gold,,0,,C,False,blocked,accepted
ctkg:domainconcept:819e5c8e8bb74988bfaf76cb,ctkg_domainconcept_819e5c8e8bb74988bfaf76cb,Root locus plot ,Root locus plot in z-plane (Figure 13.25),0,gold,,0,,C,False,blocked,accepted
ctkg:domainconcept:821f239699f8571f105125f0,ctkg_domainconcept_821f239699f8571f105125f0,二阶采样系统模型,,0,gold,,0,,C,False,blocked,accepted
ctkg:domainconcept:83e1bbae1654f73fec3c77f3,ctkg_domainconcept_83e1bbae1654f73fec3c77f3,无纹波最少拍系统,,0,gold,,0,,C,False,blocked,accepted
ctkg:domainconcept:8596324a9d5a50d2998e7d97,ctkg_domainconcept_8596324a9d5a50d2998e7d97,广义被控对象脉冲传递函数,,0,gold,,0,,C,False,blocked,accepted
ctkg:domainconcept:86e0adb71633ae527d8afb11,ctkg_domainconcept_86e0adb71633ae527d8afb11,forward rectangu,forward rectangular integration for integral approximation,0,gold,,0,,C,False,blocked,accepted
ctkg:domainconcept:879cc307466d1a688cd3747f,ctkg_domainconcept_879cc307466d1a688cd3747f,题7-25闭环离散系统模型,,0,gold,,0,,C,False,blocked,accepted
ctkg:domainconcept:8985a8b639467c8e28fad417,ctkg_domainconcept_8985a8b639467c8e28fad417,李雅普诺夫第二法（直接法）,,0,gold,,0,,C,False,blocked,accepted
ctkg:domainconcept:8a31109fa1ad3612b30e7a9a,ctkg_domainconcept_8a31109fa1ad3612b30e7a9a,欧几里得范数,,0,gold,,0,,C,False,blocked,accepted
ctkg:domainconcept:8daad3ce03210f036d591c02,ctkg_domainconcept_8daad3ce03210f036d591c02,stability in the large,stability in the large,0,gold,,0,,C,False,blocked,accepted
ctkg:domainconcept:9411610b02962c59cae258a3,ctkg_domainconcept_9411610b02962c59cae258a3,G_c(s)-D(z) 变换方法,,0,gold,,0,,C,False,blocked,accepted
ctkg:domainconcept:9431ee70cd4c3af657882c63,ctkg_domainconcept_9431ee70cd4c3af657882c63,直接数字设计法,,0,gold,,0,,C,False,blocked,accepted
ctkg:domainconcept:951014d55276cafabac48a25,ctkg_domainconcept_951014d55276cafabac48a25,Lyapunov equation,Lyapunov equation,0,gold,,0,,C,False,blocked,accepted
ctkg:domainconcept:9788d660e7e83cadc79a4ba6,ctkg_domainconcept_9788d660e7e83cadc79a4ba6,G_c(s)-D(z) 变换方法,,0,gold,,0,,C,False,blocked,accepted
ctkg:domainconcept:98fd8fbe7aa3340c7fe6bc08,ctkg_domainconcept_98fd8fbe7aa3340c7fe6bc08,Root locus plot ,Root locus plot for compensated system (Figure 13.26),0,gold,,0,,C,False,blocked,accepted
ctkg:domainconcept:9971389501e6c9bf6d378160,ctkg_domainconcept_9971389501e6c9bf6d378160,题7-20系统结构图,,0,gold,,0,,C,False,blocked,accepted
ctkg:domainconcept:9e0ece5ddc1de81897928b5f,ctkg_domainconcept_9e0ece5ddc1de81897928b5f,采样周期,,0,gold,,0,,C,False,blocked,accepted
ctkg:domainconcept:9f0b378f72741e96820b891b,ctkg_domainconcept_9f0b378f72741e96820b891b,Lyapunov's first method,Lyapunov's first method,0,gold,,0,,C,False,blocked,accepted
ctkg:domainconcept:a007da62df7bd509e16eab25,ctkg_domainconcept_a007da62df7bd509e16eab25,Discrete Proportional Control,Discrete Proportional Control,0,gold,,0,,C,False,blocked,accepted
ctkg:domainconcept:a183d0a0001c3553cc638558,ctkg_domainconcept_a183d0a0001c3553cc638558,Discrete Models,Discrete Models,0,gold,,0,,C,False,blocked,accepted
ctkg:domainconcept:a3186afbaab04b331226cdc9,ctkg_domainconcept_a3186afbaab04b331226cdc9,Instability,Instability,0,gold,,0,,C,False,blocked,accepted
ctkg:domainconcept:a45eae6f2246a7b9b35bf444,ctkg_domainconcept_a45eae6f2246a7b9b35bf444,连续到离散等效设计方法,,0,gold,,0,,C,False,blocked,accepted
ctkg:domainconcept:a55a1dccfb81a726e05539cc,ctkg_domainconcept_a55a1dccfb81a726e05539cc,G c(s)-to-D(z) conversion method,G_c(s)-to-D(z) conversion method,0,gold,,0,,C,False,blocked,accepted
ctkg:domainconcept:a85bf0c53a7d633a260a63d7,ctkg_domainconcept_a85bf0c53a7d633a260a63d7,单位反馈线性定常离散系统（例7…,,0,gold,,0,,C,False,blocked,accepted
ctkg:domainconcept:a9db9c0d98a9759008f3c37b,ctkg_domainconcept_a9db9c0d98a9759008f3c37b,题7-17闭环离散系统模型,,0,gold,,0,,C,False,blocked,accepted
ctkg:domainconcept:aa8ea79b87e1a61e5f117b98,ctkg_domainconcept_aa8ea79b87e1a61e5f117b98,数字控制器 D(z),,0,gold,,0,,C,False,blocked,accepted
ctkg:domainconcept:ad75410e5a16550ce25a6d8a,ctkg_domainconcept_ad75410e5a16550ce25a6d8a,一拍系统,,0,gold,,0,,C,False,blocked,accepted
ctkg:domainconcept:adbc098775012a91ff4207e3,ctkg_domainconcept_adbc098775012a91ff4207e3,无纹波最少拍系统设计方法,,0,gold,,0,,C,False,blocked,accepted
ctkg:domainconcept:b00a275496bb3493dc1436b9,ctkg_domainconcept_b00a275496bb3493dc1436b9,Lyapunov's second method,Lyapunov's second method,0,gold,,0,,C,False,blocked,accepted
ctkg:domainconcept:b33901638cba88f3f2ea5a20,ctkg_domainconcept_b33901638cba88f3f2ea5a20,Discrete Integral Control,Discrete Integral Control,0,gold,,0,,C,False,blocked,accepted
ctkg:domainconcept:b35807c25dd0d822dda119c8,ctkg_domainconcept_b35807c25dd0d822dda119c8,不稳定性,,0,gold,,0,,C,False,blocked,accepted
ctkg:domainconcept:b4252232f738d2575767fd6b,ctkg_domainconcept_b4252232f738d2575767fd6b,Entry point in z-plane root locus,Entry point in z-plane root locus,0,gold,,0,,C,False,blocked,accepted
ctkg:domainconcept:b4aa88340e051572c027eb23,ctkg_domainconcept_b4aa88340e051572c027eb23,Lyapunov Indirect Method,Lyapunov Indirect Method,0,gold,,0,,C,False,blocked,accepted
ctkg:domainconcept:b59579e9d355b2e2d44352b0,ctkg_domainconcept_b59579e9d355b2e2d44352b0,根轨迹,,0,gold,,0,,C,False,blocked,accepted
ctkg:domainconcept:b621a897dafceaba35cce329,ctkg_domainconcept_b621a897dafceaba35cce329,题7-26闭环离散系统模型,,0,gold,,0,,C,False,blocked,accepted
ctkg:domainconcept:b6aa705c3bcc3630a4c1962b,ctkg_domainconcept_b6aa705c3bcc3630a4c1962b,采样周期,,0,gold,,0,,C,False,blocked,accepted
ctkg:domainconcept:b7b9b4cd76509c25cf2b5b28,ctkg_domainconcept_b7b9b4cd76509c25cf2b5b28,z 特征方程,,0,gold,,0,,C,False,blocked,accepted
ctkg:domainconcept:b7fc2ba69b902e77c74aea53,ctkg_domainconcept_b7fc2ba69b902e77c74aea53,Lyapunov stability,Lyapunov stability,0,gold,,0,,C,False,blocked,accepted
ctkg:domainconcept:b9e17d7d49dcfcec06ee70e7,ctkg_domainconcept_b9e17d7d49dcfcec06ee70e7,题7-17系统结构图,,0,gold,,0,,C,False,blocked,accepted
ctkg:domainconcept:bb073f59e79dbee61e794fa1,ctkg_domainconcept_bb073f59e79dbee61e794fa1,Discrete Derivative Control,Discrete Derivative Control,0,gold,,0,,C,False,blocked,accepted
ctkg:domainconcept:bbb77635a4753e2de17d81ca,ctkg_domainconcept_bbb77635a4753e2de17d81ca,典型输入,,0,gold,,0,,C,False,blocked,accepted
ctkg:domainconcept:bca773190d368f3faaaab995,ctkg_domainconcept_bca773190d368f3faaaab995,数字控制器脉冲传递函数,,0,gold,,0,,C,False,blocked,accepted
ctkg:domainconcept:bcb984982bdc0a405f967351,ctkg_domainconcept_bcb984982bdc0a405f967351,Lyapunov's indirect method,Lyapunov's indirect method,0,gold,,0,,C,False,blocked,accepted
ctkg:domainconcept:bdae7eeb9e64719b93446a14,ctkg_domainconcept_bdae7eeb9e64719b93446a14,backward difference rule,backward difference rule,0,gold,,0,,C,False,blocked,accepted
ctkg:domainconcept:be726bac049cf9cd8b4c2324,ctkg_domainconcept_be726bac049cf9cd8b4c2324,稳态误差,,0,gold,,0,,C,False,blocked,accepted
ctkg:domainconcept:bf027d00f4e69d3198aefe23,ctkg_domainconcept_bf027d00f4e69d3198aefe23,Exact Discrete Equivalent,Exact Discrete Equivalent,0,gold,,0,,C,False,blocked,accepted
ctkg:domainconcept:c762d9e6b65175bba817ef32,ctkg_domainconcept_c762d9e6b65175bba817ef32,具有数字控制器的离散系统结构图,,0,gold,,0,,C,False,blocked,accepted
ctkg:domainconcept:c7cc2f616bfb2c6cdd6333bc,ctkg_domainconcept_c7cc2f616bfb2c6cdd6333bc,阻尼比,,0,gold,,0,,C,False,blocked,accepted
ctkg:domainconcept:c8c9bf27db6d626df6437323,ctkg_domainconcept_c8c9bf27db6d626df6437323,Mixed Continuous-Discrete System,Mixed Continuous-Discrete System,0,gold,,0,,C,False,blocked,accepted
ctkg:domainconcept:cd1a5e4071f81f8cf97f7eb7,ctkg_domainconcept_cd1a5e4071f81f8cf97f7eb7,Discrete Lead Compensation,Discrete Lead Compensation,0,gold,,0,,C,False,blocked,accepted
ctkg:domainconcept:cddf1c071aa52e4f1dece3ee,ctkg_domainconcept_cddf1c071aa52e4f1dece3ee,Closed-loop samp,Closed-loop sampled system with digital computer compensation,0,gold,,0,,C,False,blocked,accepted
ctkg:domainconcept:ce58ea6e6a7dad56e9b4a8cd,ctkg_domainconcept_ce58ea6e6a7dad56e9b4a8cd,零阶保持器,,0,gold,,0,,C,False,blocked,accepted
ctkg:domainconcept:ce5faebdf847052fdb481b31,ctkg_domainconcept_ce5faebdf847052fdb481b31,asymptotic stability,asymptotic stability,0,gold,,0,,C,False,blocked,accepted
ctkg:domainconcept:ceba1e9ff71d5f284ca106d9,ctkg_domainconcept_ceba1e9ff71d5f284ca106d9,闭环脉冲传递函数,,0,gold,,0,,C,False,blocked,accepted
ctkg:domainconcept:cec53f7d2e39cb58f30ccc8a,ctkg_domainconcept_cec53f7d2e39cb58f30ccc8a,题7-19系统结构图,,0,gold,,0,,C,False,blocked,accepted
ctkg:domainconcept:d071dec567505ce641aa9b15,ctkg_domainconcept_d071dec567505ce641aa9b15,一致渐近稳定性,,0,gold,,0,,C,False,blocked,accepted
ctkg:domainconcept:d0ce721957a07ee537d1a149,ctkg_domainconcept_d0ce721957a07ee537d1a149,超调量,,0,gold,,0,,C,False,blocked,accepted
ctkg:domainconcept:d128c3dba70d4cc962b3e854,ctkg_domainconcept_d128c3dba70d4cc962b3e854,Digital lead-lag compensation,Digital lead-lag compensation,0,gold,,0,,C,False,blocked,accepted
ctkg:domainconcept:d1afe8495e77510fc5846c95,ctkg_domainconcept_d1afe8495e77510fc5846c95,PID 数字控制器,,0,gold,,0,,C,False,blocked,accepted
ctkg:domainconcept:d39faa7168016a381956c62d,ctkg_domainconcept_d39faa7168016a381956c62d,相角裕度 γ,,0,gold,,0,,C,False,blocked,accepted
ctkg:domainconcept:d526b90368de52c39e27ffe6,ctkg_domainconcept_d526b90368de52c39e27ffe6,Digital lead compensation,Digital lead compensation,0,gold,,0,,C,False,blocked,accepted
ctkg:domainconcept:d53f007c903cb2a964bacf4d,ctkg_domainconcept_d53f007c903cb2a964bacf4d,广义对象脉冲传递函数,,0,gold,,0,,C,False,blocked,accepted
ctkg:domainconcept:d5c2a895fabd5e94f4be1d92,ctkg_domainconcept_d5c2a895fabd5e94f4be1d92,李雅普诺夫意义下的稳定性,,0,gold,,0,,C,False,blocked,accepted
ctkg:domainconcept:d896c1f43c2ff7a05c1543b4,ctkg_domainconcept_d896c1f43c2ff7a05c1543b4,零阶保持器,,0,gold,,0,,C,False,blocked,accepted
ctkg:domainconcept:da1326600f3311fd52008dd3,ctkg_domainconcept_da1326600f3311fd52008dd3,Breakaway point in z-plane root locus,Breakaway point in z-plane root locus,0,gold,,0,,C,False,blocked,accepted
ctkg:domainconcept:dbcf19cd7faa70a7b71ba715,ctkg_domainconcept_dbcf19cd7faa70a7b71ba715,Lyapunov's direct method,Lyapunov's direct method,0,gold,,0,,C,False,blocked,accepted
ctkg:domainconcept:dd4c15f1669f9b04911032e5,ctkg_domainconcept_dd4c15f1669f9b04911032e5,不定性（标量函数）,,0,gold,,0,,C,False,blocked,accepted
ctkg:domainconcept:ddb1cbf0f8a591b01ba3373b,ctkg_domainconcept_ddb1cbf0f8a591b01ba3373b,题7-22电机控制系统模型,,0,gold,,0,,C,False,blocked,accepted
ctkg:domainconcept:de6aac43614a90c9b0d828a9,ctkg_domainconcept_de6aac43614a90c9b0d828a9,Marginal Stability,Marginal Stability,0,gold,,0,,C,False,blocked,accepted
ctkg:domainconcept:df606d1cc343f73f1c9af59a,ctkg_domainconcept_df606d1cc343f73f1c9af59a,PID 数字控制器实现方法,,0,gold,,0,,C,False,blocked,accepted
ctkg:domainconcept:e037175898e502a748c0341d,ctkg_domainconcept_e037175898e502a748c0341d,有纹波最少拍系统结构图,,0,gold,,0,,C,False,blocked,accepted
ctkg:domainconcept:e125c73a1fa9700b183695ce,ctkg_domainconcept_e125c73a1fa9700b183695ce,闭环特征方程,,0,gold,,0,,C,False,blocked,accepted
ctkg:domainconcept:e23f10cef7e7b7c484be97c9,ctkg_domainconcept_e23f10cef7e7b7c484be97c9,Lines of constan,Lines of constant damping ratio in z-plane,0,gold,,0,,C,False,blocked,accepted
ctkg:domainconcept:e5a2fdfc7f92f0f96dd773fd,ctkg_domainconcept_e5a2fdfc7f92f0f96dd773fd,Asymptotic Stability,Asymptotic Stability,0,gold,,0,,C,False,blocked,accepted
ctkg:domainconcept:e64c6ad0fa1d0483faf9aa7c,ctkg_domainconcept_e64c6ad0fa1d0483faf9aa7c,纹波,,0,gold,,0,,C,False,blocked,accepted
ctkg:domainconcept:e981b0bcba817f0997c460e8,ctkg_domainconcept_e981b0bcba817f0997c460e8,digital implementation of PID controller,digital implementation of PID controller,0,gold,,0,,C,False,blocked,accepted
ctkg:domainconcept:ea66b99fa9c8cac1f149c856,ctkg_domainconcept_ea66b99fa9c8cac1f149c856,调节时间,,0,gold,,0,,C,False,blocked,accepted
ctkg:domainconcept:ee5adf8518a6ea2ab503ae7f,ctkg_domainconcept_ee5adf8518a6ea2ab503ae7f,Closed-loop syst,Closed-loop system with digital controller (Figure 13.24),0,gold,,0,,C,False,blocked,accepted
ctkg:domainconcept:ef3b1e7fb0615020b11a78f9,ctkg_domainconcept_ef3b1e7fb0615020b11a78f9,backward differe,backward difference rule for derivative approximation,0,gold,,0,,C,False,blocked,accepted
ctkg:domainconcept:f1074549d93c62bc34bd9b3a,ctkg_domainconcept_f1074549d93c62bc34bd9b3a,平衡状态,,0,gold,,0,,C,False,blocked,accepted
ctkg:domainconcept:f2d758b656ba6d55337462e6,ctkg_domainconcept_f2d758b656ba6d55337462e6,Exponential Stability,Exponential Stability,0,gold,,0,,C,False,blocked,accepted
ctkg:domainconcept:f4736bb9065505bbc327e2b7,ctkg_domainconcept_f4736bb9065505bbc327e2b7,Continuous syste,Continuous system model of a sampled system,0,gold,,0,,C,False,blocked,accepted
ctkg:domainconcept:f4808ef41d5a4821c75f5a83,ctkg_domainconcept_f4808ef41d5a4821c75f5a83,PID控制器,PID controller,0,gold,,0,,C,False,blocked,accepted
ctkg:domainconcept:f51115d2ed968014f4f4b3e9,ctkg_domainconcept_f51115d2ed968014f4f4b3e9,单位斜坡响应,,0,gold,,0,,C,False,blocked,accepted
ctkg:domainconcept:f713a296511f858ae3f3bfde,ctkg_domainconcept_f713a296511f858ae3f3bfde,大范围（全局）渐近稳定性,,0,gold,,0,,C,False,blocked,accepted
ctkg:domainconcept:fa0849954056406029bd497f,ctkg_domainconcept_fa0849954056406029bd497f,脉冲传递函数 G(z),,0,gold,,0,,C,False,blocked,accepted
ctkg:domainconcept:facdf919012f47aa910cae13,ctkg_domainconcept_facdf919012f47aa910cae13,采样周期 T,,0,gold,,0,,C,False,blocked,accepted
ctkg:domainconcept:ff2d00a3489f08f635fff5b4,ctkg_domainconcept_ff2d00a3489f08f635fff5b4,region of attraction,region of attraction,0,gold,,0,,C,False,blocked,accepted
ctkg:v3e-canonical-0c0b4e9e214ae42d511dda74,ctkg_v3e-canonical-0c0b4e9e214ae42d511dda74,s-plane,s-plane,7,silver,theoretical_construct,0,,C,False,blocked,accepted
ctkg:v3e-canonical-2624e6b30f6178715ae3b198,ctkg_v3e-canonical-2624e6b30f6178715ae3b198,比例-积分控制器,,16,silver,theoretical_construct,0,,C,False,blocked,accepted
ctkg:v3e-canonical-262c2f2661df3c6d1086a95e,ctkg_v3e-canonical-262c2f2661df3c6d1086a95e,二次扰动,,17,silver,theoretical_construct,0,,C,False,blocked,accepted
ctkg:v3e-canonical-299c52f97e423f68b4ac6093,ctkg_v3e-canonical-299c52f97e423f68b4ac6093,稳态性能,,4,silver,theoretical_construct,0,,C,False,ok,accepted
ctkg:v3e-canonical-3484a3239128bda292d300f9,ctkg_v3e-canonical-3484a3239128bda292d300f9,利用解析法求解高阶系统单位阶跃…,,17,silver,analysis_method,0,,C,False,blocked,accepted
ctkg:v3e-canonical-55743366373a5197b074831b,ctkg_v3e-canonical-55743366373a5197b074831b,Unit step function,Unit step function,18,silver,theoretical_construct,0,,C,False,blocked,accepted
ctkg:v3e-canonical-813c3692771aa00de2a18d93,ctkg_v3e-canonical-813c3692771aa00de2a18d93,动态性能,,4,silver,theoretical_construct,0,,C,False,ok,accepted
ctkg:v3e-canonical-a9b5aa38cf8c93e8dc4533da,ctkg_v3e-canonical-a9b5aa38cf8c93e8dc4533da,Quality factor Q,Quality factor Q,16,silver,theoretical_construct,0,,C,False,blocked,accepted
ctkg:v3e-canonical-af52bd97e7b277a781f1e7ef,ctkg_v3e-canonical-af52bd97e7b277a781f1e7ef,DC gain,DC gain,7,silver,theoretical_construct,0,,C,False,ok,accepted
ctkg:v3e-canonical-ec8dceb901656a3a0a32d12b,ctkg_v3e-canonical-ec8dceb901656a3a0a32d12b,稳定性,Stability,9,silver,theoretical_construct,0,,C,False,blocked,accepted
ctkg:v3e-canonical-f5ab87cb5fc7e1f248b279e0,ctkg_v3e-canonical-f5ab87cb5fc7e1f248b279e0,Zeros at infinity,Zeros at infinity,17,silver,theoretical_construct,0,,C,False,blocked,accepted
ctkg:v3e-canonical-fabd3ae6177fe2f84e1bde6a,ctkg_v3e-canonical-fabd3ae6177fe2f84e1bde6a,Sifting property,Sifting property,16,silver,theoretical_construct,0,,C,False,blocked,accepted
ctkg:v3e-canonical-ff87028e0a7bcda2c586a550,ctkg_v3e-canonical-ff87028e0a7bcda2c586a550,闭环零点,,4,silver,theoretical_construct,0,,C,False,blocked,accepted
ctkg:v3e-object-22b4d8381af61f295e88100e,ctkg_v3e-object-22b4d8381af61f295e88100e,编码过程,,4,gold,,0,,C,False,blocked,accepted
ctkg:v3e-object-24049f89f0fc4303e892fc37,ctkg_v3e-object-24049f89f0fc4303e892fc37,Nichols Plot,Nichols Plot,12,gold,,0,,C,False,blocked,accepted
ctkg:v3e-object-2472530b842ec00599809720,ctkg_v3e-object-2472530b842ec00599809720,Relay Nonlinearity,Relay Nonlinearity,18,gold,,0,,C,False,blocked,accepted
ctkg:v3e-object-5c04a71914f42217047a20bf,ctkg_v3e-object-5c04a71914f42217047a20bf,振荡周期,,4,silver,,0,,C,False,blocked,accepted
ctkg:v3e-object-726a2bc09a6a129dc57128b2,ctkg_v3e-object-726a2bc09a6a129dc57128b2,double precision,double precision,16,gold,,0,,C,False,blocked,accepted
ctkg:v3e-object-7e0291af0b752655e0d98328,ctkg_v3e-object-7e0291af0b752655e0d98328,一致可达,,4,silver,,0,,C,False,blocked,accepted
ctkg:v3e-object-7f0c681f4f5c2b69597b6f4c,ctkg_v3e-object-7f0c681f4f5c2b69597b6f4c,系统不完全可观测,,8,gold,,0,,C,False,blocked,accepted
ctkg:v3e-object-806d8586fa5ceca0613b844d,ctkg_v3e-object-806d8586fa5ceca0613b844d,连续谱,,18,gold,,0,,C,False,blocked,accepted
ctkg:v3e-object-82784a1896512b7f3297d710,ctkg_v3e-object-82784a1896512b7f3297d710,临界比例值,,5,gold,,0,,C,False,blocked,accepted
ctkg:v3e-object-82a3bb18a814af1836288fe0,ctkg_v3e-object-82a3bb18a814af1836288fe0,Extraneous roots,Extraneous roots,16,silver,,0,,C,False,blocked,accepted
ctkg:v3e-object-868cdcdd22cf6d7b46ac2aa8,ctkg_v3e-object-868cdcdd22cf6d7b46ac2aa8,线性叠加原理,,6,gold,,0,,C,False,blocked,accepted
ctkg:v3e-object-af9c2e9b81c0a2bc815ac424,ctkg_v3e-object-af9c2e9b81c0a2bc815ac424,速度反馈,,4,gold,,0,,C,False,blocked,accepted
ctkg:v3e-object-c48bcd580d97376ade8dda83,ctkg_v3e-object-c48bcd580d97376ade8dda83,状态反馈镇定,,6,gold,,0,,C,False,blocked,accepted
ctkg:v3e-object-c4f81d9a0c83195cd1cebfe6,ctkg_v3e-object-c4f81d9a0c83195cd1cebfe6,Hold delay,Hold delay,10,silver,,0,,C,False,blocked,accepted
ctkg:v3e-object-d973ab89da26720699edb366,ctkg_v3e-object-d973ab89da26720699edb366,量化单位,,4,gold,,0,,C,False,blocked,accepted
ctkg:v3e-object-e867ce7d25f7cc3834456417,ctkg_v3e-object-e867ce7d25f7cc3834456417,采样角频率,,17,gold,,0,,C,False,blocked,accepted
ctkg:v3e-object-f1ec085ab5a77428affa50eb,ctkg_v3e-object-f1ec085ab5a77428affa50eb,极点配置,,4,gold,,0,,C,False,blocked,accepted
ctkg:v3e-object-fac828826746b38462ac91ba,ctkg_v3e-object-fac828826746b38462ac91ba,系统不可控,,5,gold,,0,,C,False,blocked,accepted
