0,-2,1.5
0.008003201280512205,-1.988073951715366,1.480464079578285
0.01600640256102441,-1.9763005452275,1.461842282898929
0.02400960384153662,-1.964672699385927,1.444091240750664
0.03201280512204882,-1.953183622457201,1.42716984194074
0.04001600640256103,-1.941826812124901,1.411039233294934
0.04801920768307323,-1.930596055489637,1.39566281965754
0.05602240896358544,-1.919485429069046,1.381006263891375
0.06402561024409764,-1.908489298797795,1.367037486877777
0.07202881152460985,-1.897602288631832,1.353726403078334
0.08003201280512205,-1.886819157785503,1.341043805240181
0.08803521408563425,-1.876135068843027,1.328963555504896
0.09603841536614646,-1.865545377413435,1.317460916702075
0.1040416166466587,-1.855045592875702,1.306512230576811
0.1120448179271709,-1.844631378378742,1.296094917789698
0.1200480192076831,-1.834298550841418,1.286187477916834
0.1280512204881953,-1.824043080952532,1.276769489449818
0.1360544217687075,-1.813861093170834,1.26782160979575
0.1440576230492197,-1.803748865725012,1.25932557527723
0.1520608243297319,-1.793702830613704,1.251264201132364
0.1600640256102441,-1.783719573605483,1.243621381514752
0.1680672268907563,-1.773795834238874,1.236382089493502
0.1760704281712685,-1.763928414427896,1.229531701626319
0.1840736294517807,-1.754114124388293,1.223055524534083
0.1920768307322929,-1.744350120915517,1.216941288885962
0.2000800320128051,-1.734633641477516,1.211177253107162
0.2080832332933173,-1.724961989227011,1.205752094542644
0.2160864345738295,-1.715332533001497,1.200654909457122
0.2240896358543417,-1.705742707323237,1.195875213035063
0.232092837134854,-1.696190012399272,1.191402939380686
0.2400960384153661,-1.686672014121411,1.187228441517966
0.2480992396958784,-1.677186344066239,1.183342491390628
0.2561024409763906,-1.667730699495111,1.179736279862152
0.2641056422569028,-1.658302843354152,1.176401416715769
0.272108843537415,-1.64890060427427,1.173329930654468
0.2801120448179272,-1.639521876571129,1.170514269300984
0.2881152460984394,-1.63016462024518,1.16794729919781
0.2961184473789516,-1.62082686098164,1.165622305807192
0.3041216486594638,-1.611506690150505,1.163532993511131
0.312124849939976,-1.602202264806527,1.161673485611372
0.3201280512204882,-1.592911807689255,1.160038324329426
0.3281312525010004,-1.58363354674582,1.158622112254891
0.3361344537815126,-1.574365558384052,1.157418572824187
0.3441376550620248,-1.565106213444315,1.156423189711118
0.352140856342537,-1.55585393845092,1.155631803936981
0.3601440576230492,-1.546607178439796,1.155040394254278
0.3681472589035614,-1.537364396958494,1.154645077146718
0.3761504601840737,-1.528124076066186,1.154442106829218
0.3841536614645858,-1.518884716333665,1.154427875247904
0.392156862745098,-1.509644836843344,1.154598912080107
0.4001600640256103,-1.500402975189258,1.154951884734366
0.4081632653061225,-1.491157687477061,1.155483598350428
0.4161664665866347,-1.481907548324031,1.156190995799249
0.4241696678671469,-1.472651150859063,1.157071157682988
0.4321728691476591,-1.463387106722675,1.158121302335017
0.4401760704281713,-1.454114046067007,1.159338785819911
0.4481792717086835,-1.444830617555816,1.160721101933455
0.4561824729891957,-1.435535488364484,1.16226588220264
0.4641856742697079,-1.426227344180011,1.163970895885665
0.4721888755502201,-1.416904889201021,1.165834049971937
0.4801920768307323,-1.407566846137754,1.16785338918207
0.4881952781112445,-1.398211956212075,1.170027095967884
0.4961984793917567,-1.388838979157468,1.172353490512409
0.5042016806722689,-1.379446693219038,1.174831030729881
0.5122048819527811,-1.370033895153512,1.177458312265744
0.5202080832332934,-1.360599400229237,1.18023406849665
0.5282112845138055,-1.351142042226177,1.183157170530454
0.5362144857943177,-1.341660673435924,1.186226627206224
0.54421768707483,-1.332154164661688,1.189441585094235
0.5522208883553421,-1.322621405218297,1.192801328495966
0.5602240896358543,-1.313061180853559,1.196304746177029
0.5682272909163666,-1.303472185739887,1.199950458304925
0.5762304921968788,-1.293853330204493,1.203738148460539
0.584233693477391,-1.284203524838235,1.20766756556088
0.5922368947579032,-1.274521675668543,1.211738502177583
0.6002400960384154,-1.264806684159423,1.215950794536919
0.6082432973189276,-1.255057447211454,1.220304322519786
0.6162464985994398,-1.245272857161787,1.224799009661715
0.624249699879952,-1.235451801784154,1.229434823152866
0.6322529011604642,-1.225593164288852,1.23421177383803
0.6402561024409764,-1.215695823322758,1.239129916216631
0.6482593037214887,-1.205758652969322,1.244189348442721
0.6562625050020008,-1.195780522748566,1.249390212324984
0.664265706282513,-1.185760297617088,1.254732693326735
0.6722689075630253,-1.17569683796806,1.26021702056592
0.6802721088435374,-1.165588999631227,1.265843466815113
0.6882753101240496,-1.155435633872908,1.271612348501523
0.6962785114045619,-1.145235587395997,1.277524025706987
0.704281712685074,-1.134987702339962,1.283578902167974
0.7122849139655862,-1.124690816280844,1.289777425275583
0.7202881152460985,-1.11434376223126,1.296120086075544
0.7282913165266107,-1.103945368640397,1.302607419268218
0.7362945178071229,-1.093494459394022,1.309240003208596
0.7442977190876351,-1.082989853814471,1.316018459906301
0.7523009203681473,-1.072430366660655,1.322943455025586
0.7603041216486595,-1.061814808128063,1.330015697885335
0.7683073229291717,-1.051141983848752,1.337235941459062
0.7763105242096839,-1.040410694891356,1.344604982374914
0.7843137254901961,-1.029619737761084,1.352123660915665
0.7923169267707083,-1.018767904399717,1.359792861018724
0.8003201280512205,-1.007853982185613,1.367613510276128
0.8083233293317327,-0.9968767539337019,1.375586579934546
0.8163265306122449,-0.9858349978954843,1.383713084895276
0.8243297318927572,-0.9747274877590423,1.391994083714248
0.8323329331732694,-0.9635529926490258,1.400430678602026
0.8403361344537815,-0.9523102771266625,1.409024015423797
0.8483393357342938,-0.9409981011897525,1.417775283699388
0.856342537014806,-0.9296152202726684,1.426685716603249
0.8643457382953181,-0.9181603852463583,1.435756590964464
0.8723489395758304,-0.9066323424183478,1.444989227266748
0.8803521408563426,-0.8950298335327309,1.454384989648448
0.8883553421368547,-0.8833515957701807,1.463945285902542
0.896358543417367,-0.871596361747938,1.47367156747663
0.9043617446978792,-0.8597642420059579,1.483556949090892
0.9123649459783914,-0.8478570701296254,1.493583961649861
0.9203681472589036,-0.835872958446628,1.503757466441773
0.9283713485394158,-0.8238098630608377,1.514083134822894
0.936374549819928,-0.8116657671933619,1.524566339495767
0.9443777511004402,-0.799438681182544,1.535212154509201
0.9523809523809524,-0.7871266424839635,1.546025355258281
0.9603841536614646,-0.7747277156704362,1.557010418484357
0.9683873549419768,-0.7622399924320128,1.568171522275057
0.976390556222489,-0.749661591575982,1.579512546064275
0.9843937575030013,-0.7369906590268666,1.591037070632179
0.9923969587835134,-0.7242253678264268,1.602748378105206
1.000400160064026,-0.7113639181336582,1.614649451956065
1.008403361344538,-0.6984045372247919,1.626742977003738
1.01640656262505,-0.6853454794932965,1.639031339413474
1.024409763905562,-0.672185026449875,1.651516626696797
1.032412965186075,-0.6589214867224679,1.664200627711501
1.040416166466587,-0.6455531960562506,1.677084832661649
1.048419367747099,-0.6320785173136351,1.690170433097579
1.056422569027611,-0.6184958404742695,1.703458321915896
1.064425770308123,-0.6048035826350373,1.716949093359479
1.072428971588635,-0.5910001880100586,1.730643043017477
1.080432172869148,-0.5770841279306895,1.744540167825311
1.08843537414966,-0.5630539008455221,1.758640166064671
1.096438575430172,-0.5489080323203843,1.772942437363522
1.104441776710684,-0.5346450750383402,1.787446082696094
1.112444977991196,-0.5202636087996899,1.802149904382895
1.120448179271709,-0.5057622405219697,1.817052406090701
1.128451380552221,-0.4911396042399512,1.832151792832557
1.136454581832733,-0.4763943611056432,1.847445970967782
1.144457783113245,-0.4615251993882898,1.862932548201966
1.152460984393758,-0.4465308344743714,1.878608833586969
1.16046418567427,-0.4314100088676042,1.894471837520921
1.168467386954782,-0.4161614921889398,1.910518271748227
1.176470588235294,-0.4007840811765677,1.92674454935956
1.184473789515806,-0.3852765996859117,1.943146784791864
1.192476990796319,-0.3696378986896318,1.959720793828356
1.200480192076831,-0.3538668562776254,1.976462093598523
1.208483393357343,-0.3379623776570245,1.993365902578123
1.216486594637855,-0.3219233951521975,2.010427140589184
1.224489795918367,-0.3057488682047489,2.027640428800009
1.23249299719888,-0.2894377833735192,2.045000089725168
1.240496198479392,-0.272989154334586,2.062500147225505
1.248499399759904,-0.2564020218812603,2.080134326508134
1.256502601040416,-0.2396754539240917,2.097896054126435
1.264505802320928,-0.2228085454908653,2.115778457980072
1.272509003601441,-0.2058004187266013,2.133774367314968
1.280512204881953,-0.1886502228935557,2.151876312723318
1.288515406162465,-0.1713571343712221,2.1700765261436
1.296518607442977,-0.1539203566563302,2.188366940860546
1.30452180872349,-0.1363391203628427,2.206739191505172
1.312525010004002,-0.1186126832219613,2.225184614054758
1.320528211284514,-0.1007403300821251,2.243694245832864
1.328531412565026,-0.08272137290900304,2.262258825509311
1.336534613845538,-0.0645551507855074,2.280868793100193
1.344537815126051,-0.0462410299117828,2.299514289967878
1.352541016406563,-0.02777840360520811,2.318185158821008
1.360544217687075,-0.009166692300401971,2.33687094371449
1.368547418967587,0.009594656450783265,2.355560890049504
1.376550620248099,0.02850616797925784,2.374243944573506
1.384553821528612,0.04756834049869474,2.392908755380213
1.392557022809124,0.06678164510553711,2.411543671909619
1.400560224089636,0.08614652577898479,2.430136744947995
1.408563425370148,0.1056633993810036,2.448675726627876
1.41656662665066,0.1253326694772297,2.467148561719157
1.424569827931172,0.1451560992632872,2.485600313001584
1.432573029211685,0.1651334573181157,2.504035291200308
1.440576230492197,0.1852627868945063,2.522409040649192
1.448579431772709,0.2055419442384588,2.540677928341262
1.456582633053221,0.225968598589181,2.558799143928707
1.464585834333733,0.2465402321790894,2.576730699722875
1.472589035614246,0.2672541402338103,2.594431430694279
1.480592236894758,0.2881074309721773,2.611860994472591
1.48859543817527,0.3090970256062328,2.628979871346644
1.496598639455782,0.330219658341228,2.645749364264437
1.504601840736295,0.3514718763756227,2.662131598833124
1.512605042016807,0.3728500399010846,2.678089523319026
1.520608243297319,0.3943503221024919,2.693586908647624
1.528611444577831,0.4159687091579292,2.708588348403559
1.536614645858343,0.4377010002386912,2.723059258830637
1.544617847138856,0.4595428075092802,2.736965878831821
1.552621048419368,0.4814895561274076,2.75027526996924
1.56062424969988,0.5035364842439934,2.762955316464181
1.568627450980392,0.5256786430031654,2.774974725197097
1.576630652260904,0.5479108965422621,2.786303025707597
1.584633853541417,0.5702279219918283,2.796910570194457
1.592637054821929,0.5926242094756183,2.806768533515611
1.600640256102441,0.6150940621105953,2.815848913188154
1.608643457382953,0.6376315960069308,2.824124529388348
1.616646658663465,0.6602307402680035,2.83156902495161
1.624649859943978,0.6828852369904045,2.838156865372523
1.63265306122449,0.7055886412639292,2.84386333880483
1.640656262505002,0.7283343211715845,2.848664556061435
1.648659463785514,0.751115457789584,2.852537450614405
1.656662665066027,0.7739250451873517,2.855459778594967
1.664665866346539,0.7967558904275179,2.857410118793512
1.672669067627051,0.8196006135659235,2.858367872659591
1.680672268907563,0.842451647651618,2.858313264301916
1.688675470188075,0.8653012387268589,2.857227340488362
1.696678671468588,0.8881414458271107,2.855091970645963
1.7046818727491,0.9109641409810497,2.85188984686092
1.712685074029612,0.9337610092105579,2.847604483878587
1.720688275310124,0.9565235485307264,2.84222021910349
1.728691476590636,0.9792430699498587,2.83572221259931
1.736694677871149,1.001910697469461,2.82809644708889
1.744697879151661,1.024517368084251,2.819329727954236
1.752701080432173,1.047053831782157,2.809409683236515
1.760704281712685,1.069510651544311,2.798324763636056
1.768707482993197,1.091878203345058,2.786064242512349
1.776710684273709,1.11414667615195,2.772618215884046
1.784713885554222,1.136306071925747,2.757977602428961
1.792717086834734,1.15834620562042,2.742134143484069
1.800720288115246,1.180256705183144,2.725080403045506
1.808723489395758,1.202027011554305,2.706809767768574
1.816726690676271,1.223646378667502,2.687316446967726
1.824729891956783,1.245103873449534,2.666595472616589
1.832733093237295,1.266388375820417,2.644642699347944
1.840736294517807,1.28748857869337,2.62145480445374
1.848739495798319,1.308392987974821,2.597029287885077
1.856742697078832,1.329089922564406,2.571364472252218
1.864745898359344,1.349567514354981,2.544459502824624
1.872749099639856,1.369818882548154,2.516375876368023
1.880752300920368,1.389839580755565,2.487205323019847
1.88875550220088,1.409621268206196,2.45699022013281
1.896758703481393,1.429155947194159,2.425773115166648
1.904761904761905,1.448435963429986,2.393596729855316
1.912765106042417,1.467454006040632,2.360503960206993
1.920768307322929,1.486203107569471,2.326537876504074
1.928771508603441,1.504676643976308,2.291741723303178
1.936774709883954,1.522868334637361,2.256158919435141
1.944777911164466,1.540772242345275,2.219833058005023
1.952781112444978,1.558382773309114,2.182807906392102
1.96078431372549,1.57569467715437,2.145127406249879
1.968787515006003,1.592703046922951,2.106835673506072
1.976790716286515,1.60940331907319,2.067976998362627
1.984793917567027,1.625791273479845,2.028595845295698
1.992797118847539,1.64186303343409,1.98873685305567
2.000800320128051,1.657615065643527,1.948444834667147
2.008803521408563,1.673044180232178,1.907764777428948
2.016806722689076,1.688147530740488,1.866741842914118
2.024809923969588,1.702922614125322,1.825421366969921
2.0328131252501,1.717367270759969,1.783848859717841
2.040816326530612,1.731479684434142,1.742070005553582
2.048819527811125,1.745258382353973,1.700130663147071
2.056822729091637,1.758702235142018,1.658076865442451
2.064825930372149,1.771810456837255,1.61595481965809
2.072829131652661,1.784582604895085,1.573810907286575
2.080832332933173,1.79701858018733,1.531691684094713
2.088835534213686,1.809118627002233,1.489643880123532
2.096838735494198,1.820883333044466,1.447714399688281
2.10484193677471,1.832313629435113,1.405950321378427
2.112845138055222,1.84341079071169,1.364398898057661
2.120848339335734,1.854176434828128,1.323107556863888
2.128851540616246,1.864612523154785,1.282123899209245
2.136854741896759,1.87472136047844,1.241495700780082
2.144857943177271,1.88450559500229,1.201270911536961
2.152861144457783,1.893968218345963,1.16149765571469
2.160864345738295,1.903112565545502,1.12222423182227
2.168867547018808,1.911942315053377,1.083499112642941
2.17687074829932,1.920461476127194,1.045365553924905
2.184873949579832,1.92867432539453,1.007768429876711
2.192877150860344,1.936585765291302,0.9706882553398486
2.200880352140857,1.944200807789984,0.9341357726295674
2.208883553421368,1.951524438319469,0.8981209791375026
2.216886754701881,1.958561615765071,0.8626531273316677
2.224889955982393,1.965317272468527,0.8277407247564668
2.232893157262905,1.971796314227991,0.7933915340326859
2.240896358543417,1.97800362029804,0.7596125728574964
2.24889955982393,1.98394404338967,0.7264101140044529
2.256902761104442,1.989622409670302,0.6937896853234954
2.264905962384954,1.995043518763771,0.6617560697409475
2.272909163665466,2.000212143750339,0.6303133052595176
2.280912364945979,2.005133031166684,0.5994646849582981
2.288915566226491,2.009810901005909,0.5692127569927664
2.296918767507003,2.014250446717533,0.5395593245947837
2.304921968787515,2.018456335207499,0.5105054460725956
2.312925170068027,2.022433206838171,0.4820514348108347
2.320928371348539,2.026185675428332,0.4541968592705118
2.328931572629052,2.029718328253185,0.4269405429890271
2.336934773909564,2.033035726044357,0.4002805645801652
2.344937975190076,2.036142402989892,0.3742142577340918
2.352941176470588,2.039042866734257,0.3487382112173609
2.360944377751101,2.041741598378339,0.323848268872908
2.368947579031613,2.044243052479446,0.299539529620054
2.376950780312125,2.046551657051308,0.2758063474545044
2.384953981592637,2.048671813564071,0.2526423314483499
2.39295718287315,2.050607896944309,0.2300403457500625
2.400960384153662,2.052364255575008,0.2079925095844997
2.408963585434174,2.053945211295582,0.1864901972529088
2.416966786714686,2.055355059401865,0.1655240381329144
2.424969987995198,2.056598068646105,0.1450839166785249
2.43297318927571,2.05767848123698,0.1251589724201405
2.440976390556223,2.05860051283958,0.1057375999645391
2.448979591836735,2.059368352575424,0.0868074489948864
2.456982793117247,2.059986163022445,0.06835542427073303
2.464985994397759,2.060458080215003,0.05036768562800933
2.472989195678271,2.060788213643868,0.0328296479790341
2.480992396958784,2.060980646256247,0.01572598131251245
2.488995598239296,2.061039386385076,-0.0009566137179063843
2.496998799519808,2.060967789175827,-0.01721371934890211
2.50500200080032,2.060768865467947,-0.03305269961964307
2.513005202080832,2.060445595430458,-0.04848402741408012
2.521008403361344,2.060000911820312,-0.06351800902517808
2.529011604641857,2.059437699982392,-0.0781647841549107
2.537014805922369,2.05875879784951,-0.09243432591426398
2.545018007202881,2.057966995942407,-0.1063364408232354
2.553021208483393,2.057065037369758,-0.1198807688108339
2.561024409763906,2.056055617828163,-0.1330767832150798
2.569027611044418,2.054941385602155,-0.1459337907830051
2.57703081232493,2.053724941564197,-0.1584609316706528
2.585034013605442,2.05240883917468,-0.1706671794430779
2.593037214885955,2.050995584481928,-0.1825613410743464
2.601040416166467,2.049487636122192,-0.1941520569475359
2.609043617446979,2.047887405319654,-0.2054478008547356
2.617046818727491,2.046197255886428,-0.2164568799970453
2.625050020008003,2.044419504222555,-0.2271874349845782
2.633053221288515,2.042556419316009,-0.2376474398364574
2.641056422569028,2.040610222742688,-0.2478447019808171
2.64905962384954,2.038583088666428,-0.2577868622548042
2.657062825130052,2.036477143838992,-0.2674813949045765
2.665066026410564,2.034294467600073,-0.2769356075853028
2.673069227691077,2.032037091877287,-0.2861566413611637
2.681072428971589,2.029707001186194,-0.2951514707053517
2.689075630252101,2.027306132630273,-0.3039269035000704
2.697078831532613,2.024836375900933,-0.3124895810365347
2.705082032813126,2.022299573277523,-0.3208459780149708
2.713085234093638,2.019697519627311,-0.3290024025446168
2.72108843537415,2.017031961683349,-0.3369650009093936
2.729091636654662,2.014304237224141,-0.3447416651672582
2.737094837935174,2.011515453742064,-0.3523396861878993
2.745098039215686,2.008666877337539,-0.3597646238234067
2.753101240496199,2.005759747984067,-0.3670219253248925
2.761104441776711,2.002795279528229,-0.3741169253424902
2.769107643057223,1.999774659689683,-0.3810548459253561
2.777110844337735,1.996699050061167,-0.387840796521668
2.785114045618247,1.993569586108498,-0.394479773978626
2.79311724689876,1.990387377170571,-0.4009766625424523
2.801120448179272,1.987153506459359,-0.4073362338583908
2.809123649459784,1.983869031059917,-0.4135631469707078
2.817126850740296,1.980534981930376,-0.4196619483226912
2.825130052020808,1.977152363901946,-0.4256370717566518
2.83313325330132,1.973722155678917,-0.4314928385139217
2.841136454581833,1.970245309838656,-0.437233457234855
2.849139655862345,1.966722752831612,-0.4428630239588283
2.857142857142857,1.963155384981311,-0.44838552212424
2.865146058423369,1.959544080484356,-0.4538048225685105
2.873149259703882,1.955889687410431,-0.459124683528082
2.881152460984394,1.9521930277023,-0.4643487506384198
2.889155662264906,1.948454897175803,-0.4694805569340098
2.897158863545418,1.944676065519861,-0.4745235228483612
2.905162064825931,1.94085727629647,-0.4794809562140038
2.913165266106443,1.936999246940712,-0.4843560522624915
2.921168467386955,1.93310266876074,-0.4891518936243975
2.929171668667467,1.929168206937787,-0.4938714503293192
2.937174869947979,1.925196500526176,-0.4985175798058765
2.945178071228491,1.921188162453292,-0.5030930268817095
2.953181272509004,1.917143793268139,-0.5076007201724245
2.961184473789516,1.913063943563529,-0.5120441052872214
2.969187675070028,1.908949044505645,-0.5164256295780121
2.97719087635054,1.904799510700838,-0.5207476230059453
2.985194077631053,1.900615745939068,-0.5250123739939951
2.993197278911565,1.896398143193914,-0.5292221294269603
3.001200480192077,1.892147084622567,-0.5333790946514647
3.009203681472589,1.887862941565836,-0.5374854334759572
3.017206882753102,1.883546074548144,-0.5415432681707116
3.025210084033613,1.879196833277528,-0.5455546794678268
3.033213285314126,1.874815556645638,-0.5495217065612262
3.041216486594638,1.870402572727745,-0.5534463471066591
3.04921968787515,1.865958198782729,-0.5573305572216989
3.057222889155662,1.861482741253088,-0.5611762514857441
3.065226090436175,1.856976495764934,-0.5649853029400188
3.073229291716687,1.852439747127997,-0.5687595430875715
3.081232492997199,1.847872769335615,-0.5725007618932754
3.089235694277711,1.843275825564747,-0.5762107077838298
3.097238895558224,1.838649168175966,-0.5798910876477577
3.105242096838736,1.83399303871346,-0.583543566835408
3.113245298119248,1.829307667905027,-0.5871697691589538
3.12124849939976,1.824593275662088,-0.5907712768923939
3.129251700680272,1.819850071079675,-0.5943496307715519
3.137254901960784,1.81507825243643,-0.5979063299940756
3.145258103241297,1.810278007194622,-0.6014428322194396
3.153261304521809,1.805449512000124,-0.6049605535689415
3.161264505802321,1.800592932682428,-0.6084608686257045
3.169267707082833,1.795708424254642,-0.6119451104346774
3.177270908363345,1.790796130913486,-0.6154145705026329
3.185274109643858,1.785856186039301,-0.6188704987981705
3.19327731092437,1.780888712196034,-0.6223141037517123
3.201280512204882,1.775893821131256,-0.6257465522555076
3.209283713485394,1.770871613776144,-0.6291689696636286
3.217286914765907,1.765822180245497,-0.6325824397919737
3.225290116046419,1.760745599837725,-0.6359880049182661
3.233293317326931,1.75564194103486,-0.6393866657820541
3.241296518607443,1.750511245315189,-0.6427796755537829
3.249299719887955,1.745353507227829,-0.6461686560078413
3.257302921168467,1.740168737645321,-0.6495545461986026
3.26530612244898,1.734956942757749,-0.6529382504489752
3.273309323729492,1.729718122709359,-0.6563206683627537
3.281312525010004,1.724452271598558,-0.6597026948246196
3.289315726290516,1.719159377477911,-0.6630852200001411
3.297318927571029,1.713839422354142,-0.6664691293357726
3.305322128851541,1.708492382188136,-0.6698553035588555
3.313325330132053,1.703118226894937,-0.6732446186776174
3.321328531412565,1.697716920343749,-0.6766379459811728
3.329331732693078,1.692288420357935,-0.6800361520395224
3.337334933973589,1.686832678715019,-0.6834400987035539
3.345338135254102,1.681349641146682,-0.6868506431050418
3.353341336534614,1.675839247338769,-0.6902686376566466
3.361344537815126,1.67030143093128,-0.6936949300519154
3.369347739095638,1.664736119518378,-0.6971303632652824
3.377350940376151,1.659143234648383,-0.7005757755520681
3.385354141656663,1.653522691823778,-0.7040320004484791
3.393357342937175,1.647874400501201,-0.7074998667716096
3.401360544217687,1.642198264091455,-0.7109801986194395
3.4093637454982,1.636494179959499,-0.7144738153708361
3.417366946778712,1.630762039424453,-0.7179815316855526
3.425370148059224,1.625001727759595,-0.7215041575042289
3.433373349339736,1.619213124192366,-0.7250424980483915
3.441376550620248,1.613396101904362,-0.728597353820454
3.44937975190076,1.607550528031343,-0.7321695206037159
3.457382953181273,1.601676263663227,-0.7357597894623635
3.465386154461785,1.595773163844092,-0.7393689467414704
3.473389355742297,1.589841077572173,-0.7429977740669952
3.481392557022809,1.583879847799868,-0.7466470483457844
3.489395758303321,1.577889311433736,-0.7503175417655715
3.497398959583834,1.57186929933449,-0.7540100217949751
3.505402160864346,1.565819636317006,-0.757725251183501
3.513405362144858,1.559740141150319,-0.7614639879615411
3.52140856342537,1.553630626557628,-0.7652269854403762
3.529411764705883,1.547490899216284,-0.7690149922121703
3.537414965986394,1.541320759757804,-0.7728287521499767
3.545418167266907,1.535120002767859,-0.7766690044077333
3.553421368547419,1.528888416786285,-0.7805364834202667
3.561424569827931,1.522625784307078,-0.7844319189032894
3.569427771108443,1.516331881778384,-0.7883560358533972
3.577430972388956,1.510006479602519,-0.7923095545480774
3.585434173669468,1.503649342135961,-0.7962931905457029
3.59343737494998,1.497260227689334,-0.8003076546855294
3.601440576230492,1.490838888527432,-0.8043536530877026
3.609443777511005,1.484385070869207,-0.8084318871532549
3.617446978791517,1.477898514887771,-0.8125430535641043
3.625450180072029,1.471378954710391,-0.8166878442830539
3.633453381352541,1.464826118418508,-0.8208669465538001
3.641456582633053,1.458239606403631,-0.8250815134369003
3.649459783913565,1.451618983456176,-0.8293329056232704
3.657462985194078,1.444963996782728,-0.8336218185814664
3.66546618647459,1.438274386002065,-0.8379489552944596
3.673469387755102,1.431549881645966,-0.8423150318040421
3.681472589035614,1.424790205159211,-0.8467207772108255
3.689475790316127,1.417995068899577,-0.8511669336742425
3.697478991596639,1.411164176137846,-0.8556542564125451
3.705482192877151,1.404297221057796,-0.8601835137028062
3.713485394157663,1.397393888756207,-0.8647554868809181
3.721488595438176,1.39045385524286,-0.8693709703415943
3.729491796718688,1.383476787440535,-0.8740307715383672
3.7374949979992,1.376462343185012,-0.8787357109835905
3.745498199279712,1.369410171225073,-0.8834866222484369
3.753501400560224,1.362319911222497,-0.8882843519629013
3.761504601840736,1.355191193752067,-0.8931297598157966
3.769507803121249,1.348023640301563,-0.8980237185547572
3.777511004401761,1.340816863271768,-0.902967113986237
3.785514205682273,1.333570465976462,-0.9079608449755102
3.793517406962785,1.326284042642427,-0.9130058234466715
3.801520608243298,1.318957178409446,-0.9181029743826353
3.80952380952381,1.311589449330302,-0.9232532358251373
3.817527010804322,1.304180422370776,-0.9284575588747319
3.825530212084834,1.296729655409652,-0.933716907690794
3.833533413365346,1.289236697238712,-0.9390322594915195
3.841536614645858,1.281701087562741,-0.9444046045539234
3.849539815926371,1.274122356999519,-0.9498349462138422
3.857543017206883,1.266500027079832,-0.9553243008659315
3.865546218487395,1.258833610247463,-0.9608736979636672
3.873549419767907,1.251122609859197,-0.9664841800193462
3.881552621048419,1.243366520184816,-0.9721568026040841
3.889555822328932,1.235564826407107,-0.9778926343478184
3.897559023609444,1.227717004621852,-0.983692756939305
3.905562224889956,1.219822521837838,-0.9895582651261218
3.913565426170468,1.211880835976848,-0.995490266714665
3.921568627450981,1.203891395873669,-1.001489882570153
3.929571828731493,1.195853641276085,-1.007558246616622
3.937575030012005,1.187767002844882,-1.013696505836931
3.945578231292517,1.179630902153847,-1.019905820272757
3.953581432573029,1.171444751689764,-1.026187363024599
3.961584633853541,1.16320795485242,-1.032542320251775
3.969587835134054,1.154919905954601,-1.038971891172422
3.977591036414566,1.146579990222095,-1.0454772880635
3.985594237695078,1.138187583793688,-1.052059736260788
3.99359743897559,1.129742053721166,-1.058720474158884
4.001600640256102,1.121242757969317,-1.065460753211207
4.009603841536615,1.112689045415928,-1.072281837929997
4.017607042817127,1.104080255851789,-1.079185005886314
4.025610244097639,1.095415719980686,-1.086171547710037
4.033613445378151,1.086694759419404,-1.093242767089864
4.041616646658664,1.077916686697735,-1.100399980773318
4.049619847939176,1.069080805258467,-1.107644518566737
4.057623049219688,1.060186409457388,-1.114977723335284
4.0656262505002,1.051232784563288,-1.122400951002937
4.073629451780713,1.042219206757953,-1.129915570552497
4.081632653061225,1.033144943136176,-1.137522964025586
4.089635854341737,1.024009251705743,-1.145224526522645
4.097639055622249,1.014811381387448,-1.153021666202934
4.105642256902761,1.005550572015075,-1.160915804284534
4.113645458183274,0.9962260543354178,-1.16890837504435
4.121648659463785,0.9868370500082674,-1.177000825818101
4.129651860744298,0.9773827716064108,-1.18519461700033
4.13765506202481,0.9678624226156424,-1.193491222044397
4.145658263305322,0.9582751974347482,-1.201892127462487
4.153661464585834,0.9486202813755272,-1.210398832825601
4.161664665866347,0.9388968506627602,-1.219012850763564
4.169667867146859,0.9291040724342483,-1.227735706965015
4.177671068427371,0.9192411047407792,-1.23656894017742
4.185674269707883,0.9093070965461428,-1.24551410220706
4.193677470988396,0.8993011877271341,-1.254572757919042
4.201680672268908,0.8892225090735438,-1.263746485237286
4.20968387354942,0.8790701822881648,-1.273036875144537
4.217687074829932,0.8688433199867901,-1.282445531682358
4.225690276110444,0.8585410256982108,-1.291974071951132
4.233693477390957,0.8481624201887826,-1.301623957125016
4.241696678671468,0.8377087348417102,-1.311382938390637
4.249699879951981,0.8271799706159069,-1.321246225959702
4.257703081232493,0.8165745948356053,-1.331218693676464
4.265706282513006,0.805891090459454,-1.341305001559004
4.273709483793517,0.7951279560805251,-1.351509595799215
4.28171268507403,0.7842837059263065,-1.36183670876282
4.289715886354542,0.7733568698587099,-1.372290358989357
4.297719087635055,0.7623459933740622,-1.382874351192187
4.305722288915566,0.7512496376031148,-1.393592276258491
4.313725490196078,0.7400663793110355,-1.404447511249273
4.321728691476591,0.7287948108974114,-1.415443219399357
4.329731892757103,0.7174335403962533,-1.426582350117385
4.337735094037615,0.7059811914759868,-1.437867638985825
4.345738295318127,0.6944364034394616,-1.449301607760961
4.35374149659864,0.6827978312239429,-1.460886564372902
4.361744697879152,0.6710641454011202,-1.472624602925575
4.369747899159664,0.6592340321770976,-1.484517603696729
4.377751100440176,0.6473061933924047,-1.496567233137935
4.385754301720689,0.6352793465219848,-1.508774943874583
4.393757503001201,0.6231522246752066,-1.521141974705885
4.401760704281713,0.6109235765958529,-1.533669350604874
4.409763905562225,0.598592166662132,-1.546357882718402
4.417767106842737,0.586156774886668,-1.559208168367145
4.42577030812325,0.5736161969165039,-1.572220591045599
4.433773509403761,0.5609692440331071,-1.585395320422079
4.441776710684274,0.5482147431523595,-1.598732312338724
4.449779911964786,0.5353515368245676,-1.612231308811489
4.457783113245299,0.5223784832344525,-1.625891838030157
4.46578631452581,0.5092944562011604,-1.639713214358325
4.473789515806323,0.4960983451782514,-1.653694538333415
4.481792717086835,0.4827890552537121,-1.66783469666667
4.489795918367347,0.4693655071499415,-1.682132362243151
4.497799119647859,0.455826637223765,-1.696585994121742
4.505802320928372,0.4421713974664216,-1.711193837535149
4.513805522208884,0.4283987555035764,-1.725953923889894
4.521808723489396,0.4145076945953096,-1.740864070766328
4.529811924769908,0.40049721363612,-1.755921881918617
4.53781512605042,0.3863663271549331,-1.771124747274746
4.545818327330933,0.372114065315085,-1.78646984293653
4.553821528611445,0.3577394739143399,-1.801954131179593
4.561824729891957,0.3432416143848748,-1.81757436045339
4.569827931172469,0.3286195637932935,-1.833327065381193
4.577831132452982,0.3138724148406102,-1.849208566760092
4.585834333733493,0.2989992758622692,-1.865214971561002
4.593837535014006,0.2839992708281264,-1.881342172928659
4.601840736294518,0.2688715393424622,-1.897585850181617
4.609843937575031,0.2536152366439731,-1.913941468812254
4.617847138855542,0.2382295336057808,-1.930404280486766
4.625850340136054,0.2227136167354206,-1.946969323045171
4.633853541416567,0.2070666881748484,-1.963631420501311
4.641856742697079,0.1912879657004466,-1.980385183042843
4.649859943977591,0.1753766827230063,-1.997225007031252
4.657863145258103,0.1593320882877494,-2.014145075001835
4.665866346538616,0.1431534470743094,-2.031139355663719
4.673869547819128,0.1268400393967441,-2.048201603899845
4.68187274909964,0.1103911612035256,-2.065325360766979
4.689875950380152,0.09380612407755745,-2.082503953495705
4.697879151660665,0.07708425523614564,-2.099730495490436
4.705882352941177,0.06022489753103578,-2.11699788632939
4.713885554221688,0.04322740944837196,-2.13429881176462
4.721888755502201,0.02609116510873426,-2.151625743722001
4.729891956782713,0.008815554267118345,-2.168970940301213
4.737895158063226,-0.008600017687065566,-2.186326445775772
4.745898359343737,-0.02615612972997957,-2.20368409059301
4.75390156062425,-0.04385334520337701,-2.221035491374085
4.761904761904762,-0.06169221181457742,-2.238372050913962
4.769907963185275,-0.07967326163649076,-2.255684958181443
4.777911164465786,-0.09780439190313142,-2.273036588781143
4.785914365746299,-0.116094508066011,-2.290495953407634
4.793917567026811,-0.1345408845031922,-2.30801891645786
4.801920768307324,-0.1531406174971599,-2.325561526037729
4.809923969587835,-0.1718907014125178,-2.343080758978792
4.817927170868347,-0.1907880286960036,-2.36053452083826
4.82593037214886,-0.2098293898764821,-2.377881645898996
4.833933573429372,-0.2290114735649397,-2.395081897169516
4.841936774709884,-0.2483308664544983,-2.412095966383994
4.849939975990396,-0.2677840533203987,-2.428885474002249
4.857943177270909,-0.2873674170200181,-2.445412969209764
4.865946378551421,-0.307077238492852,-2.461641929917667
4.873949579831933,-0.3269096967605325,-2.477536762762747
4.881952781112445,-0.34686086892681,-2.493062803107441
4.889955982392958,-0.3669267301775714,-2.508186315039846
4.897959183673469,-0.3871031537808222,-2.522874491373703
4.905962384953982,-0.4073859110867038,-2.537095453648418
4.913965586234494,-0.4277706715274767,-2.550818252129044
4.921968787515006,-0.4482530026175352,-2.564012865806289
4.929971988795518,-0.468828369953401,-2.576650202396519
4.93797519007603,-0.4894921372137167,-2.588702098341743
4.945978391356543,-0.5102395661592615,-2.600141318809639
4.953981592637055,-0.5310658166329322,-2.610941557693524
4.961984793917567,-0.5519659465597633,-2.62107743761238
4.969987995198079,-0.5729349119469066,-2.630524509910835
4.977991196478592,-0.5939675668836508,-2.639259254659177
4.985994397759104,-0.6150586635414028,-2.647259080653342
4.993997599039616,-0.6362028521737068,-2.654502325414925
5.002000800320128,-0.6573946811162245,-2.66096825519117
5.010004001600641,-0.6786285967867541,-2.66663706495498
5.018007202881153,-0.6998989436852127,-2.671489878404907
5.026010404161664,-0.7211999643936512,-2.675508747965159
5.034013605442177,-0.7425257995762479,-2.678676654785598
5.042016806722689,-0.7638704879793032,-2.68097750874174
5.050020008003202,-0.7852279664312509,-2.682396148434754
5.058023209283713,-0.8065920698426462,-2.68291834119146
5.066026410564226,-0.8279565312061791,-2.682530783064341
5.074029611844738,-0.8493149815966587,-2.681221098831522
5.082032813125251,-0.8706609501710308,-2.678977841996789
5.090036014405762,-0.8919878641683585,-2.675790494789581
5.098039215686275,-0.9132890489098414,-2.671649468164989
5.106042416966787,-0.9345577277988004,-2.666546101803759
5.1140456182473,-0.9557870223206886,-2.66047266411229
5.122048819527811,-0.97696995204308,-2.653422352222638
5.130052020808323,-0.9980994346156823,-2.645389291992506
5.138055222088836,-1.019168285770331,-2.636368538005256
5.146058423369348,-1.040169219320982,-2.626356073569904
5.15406162464986,-1.061094847163726,-2.615348810721119
5.162064825930372,-1.081937679276778,-2.603344590219222
5.170068027210885,-1.102690123720479,-2.590342181550189
5.178071228491397,-1.1233444866373,-2.57634128292565
5.186074429771909,-1.14389297225184,-2.561342521282889
5.194077631052421,-1.164327682870819,-2.545347452284843
5.202080832332934,-1.184640618883096,-2.528358560320102
5.210084033613446,-1.204823678759646,-2.510379258502916
5.218087234893958,-1.224868659053579,-2.491413888673176
5.22609043617447,-1.244767254400128,-2.471467721396443
5.234093637454982,-1.264511057516655,-2.450546955963919
5.242096838735494,-1.284091559202652,-2.428658720392457
5.250100040016006,-1.303500148339731,-2.405811071424587
5.258103241296519,-1.322728111891645,-2.382012994528464
5.266106442577031,-1.341766634904257,-2.357274403897914
5.274109643857543,-1.36060680050557,-2.331606142452411
5.282112845138055,-1.379239589905714,-2.305019981837089
5.290116046418568,-1.397655882396938,-2.277528622422725
5.29811924769908,-1.415846455353623,-2.249145693305759
5.306122448979592,-1.433801984232283,-2.219885752308277
5.314125650260104,-1.451513042571552,-2.189764285978031
5.322128851540617,-1.468970101992195,-2.158797709588411
5.330132052821129,-1.486163532197098,-2.127003367138477
5.33813525410164,-1.503083600971286,-2.094399531352925
5.346138455382153,-1.519720579985096,-2.061006620513031
5.354141656662665,-1.53607506461313,-2.026954207593541
5.362144857943178,-1.552148919491404,-1.992349569946749
5.370148059223689,-1.567939224109994,-1.957235005466099
5.378151260504202,-1.583443267445662,-1.921652197324765
5.386154461784714,-1.598658547961843,-1.885642213975687
5.394157663065227,-1.61358277360866,-1.849245509151537
5.402160864345738,-1.628213861822909,-1.812501921864754
5.410164065626251,-1.642549939528073,-1.775450676407506
5.418167266906763,-1.656589343134309,-1.738130382351727
5.426170468187276,-1.67033061853846,-1.700579034549082
5.434173669467787,-1.683772521124043,-1.662834013131004
5.442176870748299,-1.696914015761259,-1.62493208350866
5.450180072028812,-1.709754276806994,-1.586909396372966
5.458183273309324,-1.722292688104802,-1.548801487694598
5.466186474589836,-1.734528842984929,-1.510643278723964
5.474189675870348,-1.746462544264294,-1.47246907599124
5.482192877150861,-1.7580938042465,-1.43431257130633
5.490196078431373,-1.769422844721828,-1.396206841758907
5.498199279711885,-1.780450096967242,-1.358184349718372
5.506202480992397,-1.791176201746381,-1.320276942833893
5.51420568227291,-1.801602009309571,-1.28251585403437
5.522208883553422,-1.811728579393813,-1.244931701528468
5.530212084833934,-1.821557181222792,-1.207554488804584
5.538215286114446,-1.831089293506868,-1.17041360463088
5.546218487394958,-1.840326604443085,-1.133537823055253
5.554221688675471,-1.849271011715172,-1.096955303405353
5.562224889955982,-1.857924622493527,-1.060693590288584
5.570228091236495,-1.866289753435236,-1.024779613592086
5.578231292517007,-1.874368930684064,-0.9892396884827657
5.586234493797519,-1.882164889870455,-0.9540995154072562
5.594237695078031,-1.889680576111536,-0.9193841800919628
5.602240896358544,-1.89691914401111,-0.885118153543016
5.610244097639056,-1.903883957659658,-0.8513252920463115
5.618247298919568,-1.910578590634356,-0.8180288371674913
5.62625050020008,-1.917006825999041,-0.7852514157519396
5.634253701480592,-1.923172656304244,-0.7530150399247952
5.642256902761105,-1.929080283587166,-0.721341107090931
5.650260104041616,-1.934734119371698,-0.6902503999349971
5.658263305322129,-1.940138784668408,-0.6597630864213637
5.666266506602641,-1.945299517994701,-0.6298869302126975
5.674269707883154,-1.95022362135755,-0.6005589063266691
5.682272909163665,-1.954915850476029,-0.57176511059766
5.690276110444178,-1.959380443070059,-0.5435035705487726
5.69827931172469,-1.963621603365308,-0.515772074694175
5.706282513005203,-1.967643502093193,-0.4885681725390758
5.714285714285714,-1.971450276490879,-0.4618891745797496
5.722288915566227,-1.97504603030128,-0.4357321523035113
5.730292116846739,-1.978434833773057,-0.4100939381887412
5.738295318127251,-1.981620723660621,-0.3849711257048638
5.746298519407763,-1.984607703224131,-0.3603600693123569
5.754301720688275,-1.987399742229493,-0.3362568844627596
5.762304921968788,-1.990000776948363,-0.3126574475986533
5.7703081232493,-1.992414710158145,-0.2895573961536833
5.778311324529812,-1.99464541114199,-0.2669521285525374
5.786314525810324,-1.996696715688799,-0.2448368042109665
5.794317727090837,-1.998572426093222,-0.2232063435357655
5.802320928371349,-2.000276311155655,-0.2020554279247912
5.810324129651861,-2.001812106182243,-0.1813784997669445
5.818327330932373,-2.003183512984881,-0.1611697624421885
5.826330532212886,-2.004394199881209,-0.1414231803215303
5.834333733493398,-2.005447801694621,-0.1221324787670395
5.842336934773909,-2.006347919754255,-0.1032911441318318
5.850340136054422,-2.007098121894996,-0.08489242376007596
5.858343337334934,-2.007701942457482,-0.06692932598700019
5.866346538615447,-2.008162882288096,-0.04939462013887852
5.874349739895958,-2.00848440873897,-0.03228083653304367
5.882352941176471,-2.008669955667988,-0.01558026647787798
5.890356142456983,-2.008722923438773,0.0007150377271810462
5.898359343737495,-2.00864667892071,0.01661326279164485
5.906362545018007,-2.008444555488921,0.03212283443396798
5.91436574629852,-2.008119853024279,0.04725241738155776
5.922368947579032,-2.007675837913407,0.06201091537076241
5.930372148859544,-2.007115743048677,0.0764074711468825
5.938375350140056,-2.006442767828208,0.09045146646415911
5.946378551420568,-2.005660078155868,0.1041525220857863
5.954381752701081,-2.004770806441276,0.1175204977839025
5.962384953981593,-2.003778034894371,0.1305651438223726
5.970388155262105,-2.002684341200847,0.1432944212486712
5.978391356542617,-2.001491782252273,0.1557166292538986
5.98639455782313,-2.000202365896511,0.167840051686849
5.994397759103641,-1.998818072150346,0.1796728151951691
6.002400960384154,-1.997340853199481,0.1912228892253685
6.010404161664666,-1.995772633398537,0.2024980860228092
6.018407362945179,-1.994115309271056,0.2135060606317163
6.02641056422569,-1.992370749509497,0.2242543108951671
6.034413765506203,-1.990540794975235,0.2347501774551018
6.042416966786715,-1.988627258698571,0.2450008437523135
6.050420168067227,-1.986631925878721,0.2550133360264563
6.058423369347739,-1.984556553883816,0.264794523316042
6.066426570628251,-1.982402872250913,0.2743511174584371
6.074429771908764,-1.980172582685982,0.2836896730898694
6.082432973189276,-1.977867359063916,0.2928165876454207
6.090436174469788,-1.975488847428523,0.3017381013590347
6.0984393757503,-1.973038665992535,0.310460297263508
6.106442577030813,-1.970518405137599,0.3189891011904998
6.114445778311325,-1.967929627414278,0.3273302817705224
6.122448979591837,-1.965273867542062,0.3354894504329499
6.130452180872349,-1.962552632409352,0.3434720614060101
6.138455382152862,-1.959767401073475,0.3512834117167926
6.146458583433374,-1.956919624760669,0.3589286411912402
6.154461784713885,-1.954010726866096,0.3664127324541569
6.162464985994398,-1.951042102953839,0.3737405109292048
6.17046818727491,-1.94801512075689,0.380916644838899
6.178471388555423,-1.944931120177173,0.387945645204618
6.186474589835934,-1.94179141328552,0.3948318658465934
6.194477791116447,-1.938597284321687,0.4015795033839178
6.202480992396959,-1.935349989694347,0.4081925972345388
6.210484193677472,-1.932050757981098,0.4146750296152648
6.218487394957983,-1.928700789928445,0.4210305255417577
6.226490596238496,-1.925301258451822,0.4272626528285415
6.234493797519008,-1.921853308635578,0.4333748220889936
6.24249699879952,-1.918358057732978,0.439370286735353
6.250500200080032,-1.914816595166216,0.4452521429787142
6.258503401360544,-1.911229842960182,0.451024300116582
6.266506602641057,-1.907597853837395,0.4566957396447426
6.274509803921569,-1.903921179354535,0.462270742935685
6.282513005202081,-1.900200488391263,0.4677525345153375
6.290516206482593,-1.896436434593324,0.4731442788967186
6.298519407763106,-1.892629656372548,0.4784490805799427
6.306522609043617,-1.888780776906854,0.4836699840522143
6.31452581032413,-1.884890404140243,0.4888099737878336
6.322529011604642,-1.8809591307828,0.4938719742481911
6.330532212885155,-1.8769875343107,0.4988588498817729
6.338535414165666,-1.872976176966199,0.5037734051241558
6.346538615446179,-1.868925605757642,0.5086183843980114
6.354541816726691,-1.864836352459458,0.5133964721131028
6.362545018007203,-1.860708933612159,0.5181102926662872
6.370548219287715,-1.856543850522346,0.5227624104415149
6.378551420568227,-1.852341589262703,0.5273553298098271
6.38655462184874,-1.848102620672001,0.5318914951293618
6.394557823129252,-1.843827400355095,0.5363732907453455
6.402561024409764,-1.839516368682925,0.5408030409901011
6.410564225690276,-1.835169950792519,0.5451830101830428
6.418567426970789,-1.830788556586989,0.5495154026306794
6.426570628251301,-1.82637258073553,0.5538023626266099
6.434573829531813,-1.821922402673425,0.558045974451529
6.442577030812325,-1.817438386602042,0.5622482623732227
6.450580232092838,-1.812920881488834,0.5664111906465713
6.45858343337335,-1.808370221067341,0.5705366635135468
6.466586634653861,-1.803786723837183,0.5746265252032143
6.474589835934374,-1.799170693064076,0.5786825599317348
6.482593037214886,-1.794522416779812,0.5827064919023581
6.490596238495399,-1.789842167782266,0.5866999853054279
6.49859943977591,-1.785130203635409,0.5906646443183827
6.506602641056423,-1.780386766669288,0.594602013105753
6.514605842336935,-1.775612083980041,0.598513575819162
6.522609043617448,-1.770806367429895,0.6024007565973277
6.530612244897959,-1.765969818395855,0.606265343752649
6.538615446178472,-1.761102601042411,0.6101094646695657
6.546618647458984,-1.756204839648593,0.6139344344318057
6.554621848739496,-1.751276650644783,0.6177415349094819
6.562625050020008,-1.746318143108913,0.621532034731207
6.57062825130052,-1.741329418766472,0.6253071892840962
6.578631452581033,-1.7363105719905,0.629068240713767
6.586634653861545,-1.731261689801594,0.6328164179243363
6.594637855142057,-1.726182851867901,0.6365529365784248
6.602641056422569,-1.721074130505126,0.6402789990971527
6.610644257703082,-1.715935590676524,0.6439957946601432
6.618647458983594,-1.710767289992906,0.6477044992055198
6.626650660264106,-1.705569278712636,0.6514062754299088
6.634653861544618,-1.700341599741632,0.6551022727884368
6.642657062825131,-1.695084288633365,0.6587936274947327
6.650660264105642,-1.689797373588863,0.6624814625209264
6.658663465386155,-1.684480875456702,0.6661668875976501
6.666666666666667,-1.679134807733018,0.6698509992140359
6.674669867947179,-1.673759176561497,0.6735348806177192
6.682673069227691,-1.668353980733379,0.6772196018148364
6.690676270508203,-1.662919211687458,0.6809062195700243
6.698679471788716,-1.657454853510085,0.6845957774064227
6.706682673069228,-1.651960882935162,0.6882893056056723
6.71468587434974,-1.64643726934414,0.6919878212079148
6.722689075630252,-1.640883974766035,0.6956923280117941
6.730692276910765,-1.635300953877407,0.6994038165744555
6.738695478191277,-1.629688154002373,0.7031232642115451
6.746698679471789,-1.624045515112606,0.706851634997212
6.754701880752301,-1.61837296982733,0.710589879764105
6.762705082032813,-1.612670443413325,0.7143389361033762
6.770708283313326,-1.606937853784922,0.7180997283646776
6.778711484593837,-1.601175111504007,0.7218731676561634
6.78671468587435,-1.59538211978002,0.72566015184449
6.794717887154862,-1.589558774469956,0.7294615655548137
6.802721088435375,-1.583704964078363,0.733278280170794
6.810724289715886,-1.57782056975734,0.7371111538345898
6.818727490996399,-1.571905465306544,0.7409610314468648
6.826730692276911,-1.565959517173188,0.7448287446667811
6.834733893557424,-1.559982584452027,0.7487151119120039
6.842737094837935,-1.553974518885383,0.752620938358698
6.850740296118448,-1.547935164863124,0.756547015941533
6.85874349739896,-1.541864359422676,0.7604941233536771
6.866746698679472,-1.535761932249018,0.7644630260468017
6.874749899959984,-1.529627705674676,0.7684544762310781
6.882753101240496,-1.523461494679747,0.7724692128751831
6.890756302521009,-1.517263103416078,0.7765079805368765
6.898759503801521,-1.511032171333443,0.7805723986881432
6.906762705082033,-1.504768427159614,0.7846636615805866
6.914765906362545,-1.498471688054367,0.7887824672876605
6.922769107643058,-1.492141762802135,0.792929524704082
6.93077230892357,-1.485778451812011,0.7971055535458267
6.938775510204082,-1.479381547117743,0.8013112843501338
6.946778711484594,-1.47295083237774,0.805547458475501
6.954781912765107,-1.466486082875066,0.8098148281016895
6.962785114045619,-1.459987065517445,0.8141141562297187
6.97078831532613,-1.453453538837257,0.8184462166818718
6.978791516606643,-1.446885252991539,0.8228117941016911
6.986794717887155,-1.440281949761993,0.8272116839539811
6.994797919167667,-1.433643362554966,0.8316466925248064
7.002801120448179,-1.426969216401477,0.8361176369214925
7.010804321728692,-1.420259227957191,0.8406253450726275
7.018807523009204,-1.413513105502439,0.8451706557280581
7.026810724289716,-1.406730548942204,0.8497544184588943
7.034813925570228,-1.399911249806132,0.8543774936575051
7.042817126850741,-1.393054891248523,0.8590407525375224
7.050820328131253,-1.386161148048336,0.8637450771338375
7.058823529411765,-1.379229686609188,0.8684913603026042
7.066826730692277,-1.372260164959355,0.8732805057212353
7.074829931972789,-1.365252232751769,0.8781134278884066
7.082833133253302,-1.358205531264019,0.8829910521240546
7.090836334533813,-1.351119693398356,0.8879143145693751
7.098839535814326,-1.343994343681683,0.8928841621868271
7.106842737094838,-1.336829098265567,0.8979015527601291
7.114845938375351,-1.329623564926227,0.9029674548942613
7.122849139655862,-1.322377343064545,0.9080828480154646
7.130852340936375,-1.315090023706056,0.9132487223712412
7.138855542216887,-1.307761189500959,0.9184660790303542
7.1468587434974,-1.300390414724103,0.9237359298828279
7.154861944777911,-1.292977265275002,0.9290592976399461
7.162865146058424,-1.285521298677823,0.9344372158342569
7.170868347338936,-1.278022064081393,0.9398707288195649
7.178871548619448,-1.270479102259197,0.9453608917709404
7.18687474989996,-1.262891945609375,0.950908770684711
7.194877951180472,-1.255260118154732,0.956515442378468
7.202881152460985,-1.24758313554272,0.9621819944910618
7.210884353741497,-1.239860505045459,0.9679095254826042
7.218887555022009,-1.23209172555972,0.973699144634469
7.226890756302521,-1.224276287606936,0.9795519720492897
7.234893957583034,-1.216413673333195,0.985469138650962
7.242897158863546,-1.208503356509248,0.9914517861846418
7.250900360144058,-1.200544802530494,0.997501067216746
7.25890356142457,-1.192537468416999,1.003618145134952
7.266906762705083,-1.184480802813481,1.009804194148201
7.274909963985595,-1.176374245989324,1.016060399286691
7.282913165266106,-1.16821722983856,1.022387956401885
7.290916366546619,-1.160009177879881,1.028788072166503
7.298919567827131,-1.151749505256644,1.03526196407453
7.306922769107643,-1.143437618736854,1.04181086044121
7.314925970388155,-1.135072916713185,1.048436000403048
7.322929171668668,-1.126654789202954,1.05513863391781
7.33093237294918,-1.118182617848148,1.061920021764521
7.338935574229692,-1.109655775915412,1.068781435543473
7.346938775510204,-1.101073628296038,1.075724157676212
7.354941976790717,-1.092435531505986,1.082749481405551
7.362945178071229,-1.083740833685872,1.089858710795559
7.370948379351741,-1.074988874600966,1.09705316073157
7.378951580632253,-1.0661789856412,1.104334156920175
7.386954781912765,-1.05731048982116,1.111703035889229
7.394957983193278,-1.048382701780092,1.11916114498785
7.402961184473789,-1.039394927781902,1.12670984238641
7.410964385754302,-1.030346465715149,1.134350497076549
7.418967587034814,-1.021236605093054,1.142084488871164
7.426970788315327,-1.012064627053495,1.149913208404417
7.434973989595838,-1.002829804359001,1.157838057131721
7.442977190876351,-0.9935326115236788,1.165853792946675
7.450980392156863,-0.9841758690205321,1.173942386079768
7.458983593437376,-0.9747585120849199,1.182107257170256
7.466986794717887,-0.9652791859889692,1.190353321046618
7.4749899959984,-0.9557365441043449,1.198685341403065
7.482993197278912,-0.9461292479022577,1.207107930799539
7.490996398559424,-0.936455966953456,1.215625550661711
7.498999599839936,-0.9267153789282311,1.224242511280984
7.507002801120448,-0.9169061695964182,1.232962971814488
7.515006002400961,-0.9070270328273902,1.241790940285088
7.523009203681473,-0.8970766705900661,1.250730273581374
7.531012404961985,-0.8870537929529021,1.259784677457672
7.539015606242497,-0.8769571180839003,1.268957706534034
7.54701880752301,-0.8667853722506,1.278252764296245
7.555022008803522,-0.8565372898200871,1.287673103095816
7.563025210084034,-0.8462116132589839,1.297221824149996
7.571028411364546,-0.8358070931334594,1.306901877541756
7.579031612645059,-0.8253224881092196,1.316716062219804
7.587034813925571,-0.8147565649515166,1.326667025998573
7.595038015206082,-0.8041080985251411,1.336757265558229
7.603041216486595,-0.7933758717944247,1.346989126444671
7.611044417767107,-0.7825586758232448,1.357364803069522
7.61904761904762,-0.7716553097750156,1.367886338710142
7.627050820328131,-0.7606645809126977,1.378555625509614
7.635054021608644,-0.7495853045987881,1.389374404476759
7.643057222889156,-0.7384163042953314,1.400344265486122
7.651060424169668,-0.7271564115639075,1.411466647277985
7.65906362545018,-0.7158044660656439,1.422742837458351
7.667066826730693,-0.7043593155612047,1.434173972498964
7.675070028011205,-0.6928198159108002,1.445761037737288
7.683073229291717,-0.6811848310741789,1.457504867376526
7.691076430572229,-0.6694532331106314,1.469406144485608
7.699079631852741,-0.6576239021789921,1.481465400999191
7.707082833133254,-0.6456957265376345,1.493683017717668
7.715086034413766,-0.6336676025444765,1.506059224307158
7.723089235694278,-0.6215384346569739,1.518594099299514
7.73109243697479,-0.6093071354321287,1.531287570092314
7.739095638255303,-0.5969726255264797,1.544139412948874
7.747098839535814,-0.5845338336961127,1.557149252998232
7.755102040816327,-0.5719896967966488,1.570316564235164
7.763105242096839,-0.5593391597832574,1.583640669520168
7.771108443377352,-0.546581175710644,1.597120740579481
7.779111644657863,-0.5337147057330602,1.610755798005064
7.787114845938375,-0.5207387191042965,1.624544711254611
7.795118047218888,-0.5076521931776835,1.638486198651548
7.8031212484994,-0.4944541134060992,1.652578827385027
7.811124449779912,-0.4811434733419566,1.666821013509934
7.819127651060424,-0.4677192746372161,1.681211021946882
7.827130852340937,-0.4541805270433746,1.695746966482219
7.835134053621449,-0.4405262484114762,1.710426809768017
7.843137254901961,-0.4267554646921003,1.725248363322085
7.851140456182473,-0.412867209935374,1.740209287527957
7.859143657462986,-0.3988605262909608,1.755307091634903
7.867146858743498,-0.3847344640080714,1.770539133757915
7.87515006002401,-0.3704880814354522,1.785902620877726
7.883153261304522,-0.3561204450213962,1.801394608840786
7.891156462585034,-0.3416306293137372,1.817012002359288
7.899159663865547,-0.3270177169598438,1.832751555011151
7.907162865146058,-0.3122807987066383,1.848609869240022
7.915166066426571,-0.2974189734005743,1.86458339635528
7.923169267707083,-0.282431347987654,1.880668436532031
7.931172468987596,-0.2673170375134147,1.896861138811121
7.939175670268107,-0.252075165122943,1.913157501099113
7.94717887154862,-0.2367048620608588,1.929553370168312
7.955182072829132,-0.2212052676713318,1.946044441656746
7.963185274109644,-0.2055755293980676,1.962626260068178
7.971188475390156,-0.1898148027843164,1.979294218772095
7.979191676670669,-0.1739222514728669,1.996043560003726
7.987194877951181,-0.1578970472060531,2.012869374864014
7.995198079231693,-0.1417383698257509,2.029766603319644
8.003201280512204,-0.1254454072733727,2.046730034203028
8.011204481792717,-0.1090173555898761,2.063754305212315
8.01920768307323,-0.09245341891576084,2.080833902911372
8.027210884353742,-0.07575280949106723,2.097963162729804
8.035214085634253,-0.05891474765538086,2.11513626896294
8.043217286914766,-0.04193846184782191,2.132347254771852
8.051220488195279,-0.02482318860705661,2.149590002183329
8.059223689475791,-0.0075681725712929,2.166858242089902
8.067226890756302,0.009827333521716025,2.184145554249815
8.075230092036815,0.02736406883468726,2.201445367287064
8.083233293317328,0.04504276443078548,2.218750958691364
8.09123649459784,0.06286414327363805,2.236055454818153
8.099239695878351,0.0808293033750042,2.253364189181226
8.107242897158864,0.09894070250308143,2.270737350991725
8.115246098439377,0.1171976028990686,2.288152362367012
8.123249299719888,0.1355986049140229,2.305571983074843
8.1312525010004,0.1541421583736559,2.322959614928902
8.139255702280913,0.1728265625783089,2.340279301788782
8.147258903561426,0.19164996630297,2.357495729559999
8.155262104841936,0.2106103677972645,2.374574226193984
8.163265306122449,0.2297056147854729,2.391480761688099
8.171268507402962,0.2489334044665051,2.408181948085615
8.179271708683475,0.2682912835139174,2.424645039475724
8.187274909963985,0.2877766480759039,2.440837931993535
8.195278111244498,0.3073867437753139,2.456729163820088
8.203281312525011,0.3271186657096256,2.472287915182329
8.211284513805522,0.3469693584509593,2.487484008353125
8.219287715086034,0.3669356160460911,2.502287907651272
8.227290916366547,0.3870140820164255,2.516670719441477
8.23529411764706,0.4072012493580141,2.530604192134367
8.243297318927571,0.4274934605415454,2.544060716186487
8.251300520208083,0.4478869075123641,2.557013324100308
8.259303721488596,0.4683776316904436,2.569435690424216
8.267306922769109,0.4889615239704034,2.581302131752513
8.27531012404962,0.5096343247215009,2.592587606725424
8.283313325330132,0.5303916237876496,2.603267716029097
8.291316526610645,0.5512288604873912,2.613318702395591
8.299319727891156,0.5721413236139095,2.622717450602889
8.307322929171669,0.5931241514350442,2.631441487474895
8.315326130452181,0.6141723316932629,2.639468981881428
8.323329331732694,0.6352807016056811,2.64677874473823
8.331332533013205,0.6564439478640509,2.653350229006957
8.339335734293718,0.6776566066347809,2.659163529695192
8.34733893557423,0.6989130635589073,2.664199383856432
8.355342136854743,0.720207553752114,2.668439170590095
8.363345338135254,0.7415341618047212,2.671864911041517
8.371348539415767,0.7628868217817064,2.674459268401951
8.379351740696279,0.7842593172226751,2.676205547908579
8.387354941976792,0.8056452811418782,2.67708769684449
8.395358143257303,0.8270381960282064,2.677090304538703
8.403361344537815,0.8484313938452037,2.676198602366146
8.411364545818328,0.8698180560310456,2.674398463747675
8.419367747098839,0.8911912134985475,2.671676404150062
8.427370948379352,0.9125437466351801,2.668019581085995
8.435374149659864,0.9338683853030462,2.663415794114088
8.443377350940377,0.95515770883889,2.657853484838869
8.451380552220888,0.9764041460540971,2.651321736910789
8.459383753501401,0.9975999752347064,2.643810276026211
8.467386954781913,1.018737324141391,2.635309469927428
8.475390156062426,1.039808170009462,2.625810328402645
8.483393357342937,1.060804339548875,2.615304503285988
8.49139655862345,1.081717508944238,2.603784288457501
8.499399759903962,1.102539203854789,2.591242619843154
8.507402961184473,1.123260799414407,2.577673075414831
8.515406162464986,1.143873520231625,2.563069875190324
8.523409363745499,1.164368440389614,2.547427881233366
8.531412565026011,1.184736483446176,2.530742597653596
8.539415766306522,1.204968422433763,2.513010170606578
8.547418967587035,1.22505487985948,2.494227388293789
8.555422168867548,1.24498632770506,2.474391680962633
8.56342537014806,1.264753087426877,2.45350112090642
8.571428571428571,1.284345329955953,2.431554422464401
8.579431772709084,1.303753075697959,2.408550942021725
8.587434973989597,1.322966194533195,2.384490678009472
8.595438175270109,1.341974405816608,2.359374270904635
8.60344137655062,1.360767278377786,2.333203003230138
8.611444577831133,1.379334754670616,2.305988425708325
8.619447779111646,1.397674076210354,2.277864452445972
8.627450980392156,1.415780713797999,2.248900441930849
8.635454181672669,1.43364869967992,2.219131310254881
8.643457382953182,1.451272321744656,2.188592043590971
8.651460584233694,1.468646123522929,2.157317698192981
8.659463785514205,1.48576490418764,2.125343400395735
8.667466986794718,1.502623718553884,2.092704346615005
8.675470188075231,1.519217877078923,2.059435803347537
8.683473389355743,1.535542945862208,2.025573107171035
8.691476590636254,1.551594746645366,1.991151664744171
8.699479791916767,1.567369356812216,1.956206952806555
8.70748299319728,1.582863109388748,1.92077451817878
8.715486194477791,1.598072593043135,1.884889977762402
8.723489395758303,1.612994652085738,1.848589018539911
8.731492597038816,1.627626386469093,1.811907397574785
8.739495798319329,1.641965151787919,1.774880942011454
8.74749899959984,1.656008559279115,1.737545549075317
8.755502200880352,1.669754475821769,1.699937186072707
8.763505402160865,1.683201023937141,1.662091890390948
8.771508603441378,1.696346581788679,1.624045769498311
8.779511804721889,1.709189783182004,1.585835000944038
8.787515006002401,1.721729517564932,1.54749583235831
8.795518207282914,1.733964930027449,1.509064581452289
8.803521408563427,1.745895421301727,1.470577636018095
8.811524609843937,1.757520647762115,1.432071453928812
8.81952781112445,1.768840521425154,1.393582563138462
8.827531012404963,1.779855209949556,1.355147561682055
8.835534213685474,1.790565136636217,1.316803117675559
8.843537414965986,1.800970980428219,1.278585969315879
8.851540616246499,1.811073675910821,1.240532924880906
8.859543817527012,1.820874413311464,1.202680862729484
8.867547018807523,1.830374638499769,1.165066731301427
8.875550220088035,1.839576052987543,1.12772754911748
8.883553421368548,1.848480613928771,1.09070040477938
8.891556622649061,1.857090534119624,1.054022456969816
8.899559823929572,1.865408281998445,1.017730934452441
8.907563025210084,1.873436581645769,0.9818631360718503
8.915566226490597,1.881178412784306,0.9464564307536201
8.923569427771108,1.888637010778948,0.911548257504291
8.931572629051621,1.895815866636772,0.8771761254113362
8.939575830332133,1.902718727007034,0.8433776136432205
8.947579031612646,1.909349594181174,0.810190371449355
8.955582232893157,1.915712726092803,0.7776521181601199
8.96358543417367,1.921812636317737,0.7458006431868468
8.971588635454182,1.927656290252767,0.7145958320853351
8.979591836734695,1.933252298257362,0.6839118749194683
8.987595038015206,1.938605048828973,0.6537466991490857
8.995598239295719,1.943718810608714,0.6241008236549145
9.003601440576231,1.948597822121549,0.5949744462140921
9.011604641856744,1.953246291776296,0.5663674435001399
9.019607843137255,1.957668397865629,0.5382793710829755
9.027611044417768,1.961868288566074,0.5107094634288887
9.03561424569828,1.965850081938009,0.4836566339005782
9.043617446978791,1.969617865925668,0.4571194747571327
9.051620648259304,1.973175698357138,0.431096257154014
9.059623849539816,1.976527606944359,0.4055849311430915
9.067627050820329,1.979677589283124,0.3805831256726198
9.07563025210084,1.982629612853081,0.3560881485872485
9.083633453381353,1.98538761501773,0.3320969866280022
9.091636654661865,1.987955503024426,0.3086063054323116
9.099639855942378,1.990337154004375,0.2856124495339929
9.107643057222889,1.99253641497264,0.2631114423632568
9.115646258503402,1.994557102828137,0.2410989862466913
9.123649459783914,1.996403004353632,0.2195704624072872
9.131652661064425,1.998077876215748,0.1985209309644276
9.139655862344938,1.999585444964961,0.1779451309338714
9.147659063625451,2.000929407035599,0.1578374802277812
9.155662264905963,2.002113428745846,0.1381920756547066
9.163665466186474,2.003141146297735,0.11900269291959
9.171668667466987,2.00401616577716,0.1002627866237541
9.1796718687475,2.004742063153861,0.08196549026492335
9.187675070028012,2.005322384281436,0.06410361623720695
9.195678271308523,2.005760644897336,0.04666965583111129
9.203681472589036,2.006060330622863,0.02965577923351931
9.211684673869549,2.006224896963178,0.01305383552771771
9.219687875150061,2.006257769307284,-0.003144647306623255
9.227691076430572,2.006162342928052,-0.01894846239343352
9.235694277711085,2.0059419829822,-0.03436672396027192
9.243697478991598,2.005600024510297,-0.049408867338287
9.251700680272108,2.005139772436767,-0.06408464896224396
9.259703881552621,2.004564501569893,-0.07840414637052323
9.267707082833134,2.003877456601808,-0.09237775820510546
9.275710284113647,2.003081852108487,-0.1060162042115889
9.283713485394157,2.002180517998749,-0.1193281515048159
9.29171668667467,2.001175470827382,-0.1323192533003869
9.299719887955183,2.000068885232961,-0.14499782712003
9.307723089235695,1.998862909405458,-0.1573720959013053
9.315726290516206,1.997559658751011,-0.1694501340146145
9.323729491796719,1.996161215891931,-0.1812398672632125
9.331732693077232,1.994669630666696,-0.1927490728831908
9.339735894357743,1.993086920129956,-0.2039853795434862
9.347739095638255,1.991415068552532,-0.2149562673458879
9.355742296918768,1.989656027421413,-0.2256690678250221
9.363745498199281,1.987811715439759,-0.2361309639483628
9.371748699479792,1.985884018526901,-0.2463489901162266
9.379751900760304,1.983874789818338,-0.2563300321617813
9.387755102040817,1.981785849665742,-0.2660808273510334
9.39575830332133,1.979618985636952,-0.2756079643828362
9.403761504601841,1.977375952515979,-0.2849178833888859
9.411764705882353,1.975058472303004,-0.2940168759337297
9.419767907162866,1.972668234214377,-0.3029110850147535
9.427771108443377,1.970206894682619,-0.3116065050621883
9.43577430972389,1.967676077356419,-0.3201089819391159
9.443777511004402,1.965077373100641,-0.3284242129414566
9.451780712284915,1.962412339996316,-0.3365577467979783
9.459783913565426,1.959682503340643,-0.3445149836702917
9.467787114845938,1.956889355646994,-0.3523011751528571
9.475790316126451,1.954034356644911,-0.3599214242729755
9.483793517406964,1.951118933280104,-0.3673806854907937
9.491796718687475,1.948144479714457,-0.3746837646993018
9.499799919967987,1.945112357326018,-0.3818353192243402
9.5078031212485,1.942023894709011,-0.3888398578245885
9.515806322529013,1.938880387673828,-0.3957017406915738
9.523809523809524,1.935683099247029,-0.4024251794496662
9.531812725090036,1.932433259671348,-0.4090142371560843
9.539815926370549,1.929132066405687,-0.4154728283008885
9.54781912765106,1.925780684125112,-0.4218047188069823
9.555822328931573,1.922380054160044,-0.4280149168667902
9.563825530212085,1.918930633994435,-0.4341106845956128
9.571828731492598,1.915433191635824,-0.44009587795215
9.579831932773109,1.911888500684746,-0.4459740964492165
9.587835134053622,1.90829731771864,-0.4517488711666684
9.595838335334134,1.904660382291852,-0.457423664751396
9.603841536614647,1.900978416935641,-0.4630018714173288
9.611844737895158,1.897252127158167,-0.4684868169454334
9.619847939175671,1.893482201444501,-0.4738817586837177
9.627851140456183,1.889669311256622,-0.4791898855472238
9.635854341736694,1.885814111033414,-0.4844143180180323
9.643857543017207,1.88191723819067,-0.4895581081452649
9.65186074429772,1.87797931312109,-0.4946242395450776
9.659863945578232,1.874000939194281,-0.499615627400666
9.667867146858743,1.869982702756761,-0.5045351184622624
9.675870348139256,1.865925173131949,-0.5093854910471399
9.683873549419769,1.861828902620178,-0.5141694550396074
9.691876750700281,1.857694426498684,-0.5188896518910118
9.699879951980792,1.853522263021614,-0.5235486546197372
9.707883153261305,1.849312913420018,-0.5281489678112087
9.715886354541817,1.845066861901859,-0.5326930276178868
9.72388955582233,1.840784575652,-0.5371832017592705
9.731892757102841,1.836466504832222,-0.5416217895218958
9.739895958383354,1.832113082581204,-0.5460110217593401
9.747899159663866,1.827724725014535,-0.5503530608922146
9.755902360944377,1.823301831224717,-0.5546500009081705
9.76390556222489,1.818844783281148,-0.5589038673618973
9.771908763505403,1.814353946230147,-0.5631166173751228
9.779911964785915,1.809829668094929,-0.5672901396366098
9.787915166066426,1.805272279875624,-0.5714262544021613
9.795918367346939,1.800682095549268,-0.5755267134946209
9.803921568627452,1.796059412069795,-0.5795932003038635
9.811924769907964,1.79140450936807,-0.5836273297868104
9.819927971188475,1.786717658594213,-0.5876310976559715
9.827931172468988,1.781999088342626,-0.5916068460203681
9.835934373749501,1.777248974868359,-0.595556059307507
9.843937575030012,1.772467485859839,-0.5994801839558672
9.851940776310524,1.767654781142356,-0.6033806488464005
9.859943977591037,1.762811012678079,-0.6072588653025262
9.86794717887155,1.757936324566042,-0.6111162270901342
9.875950380152061,1.753030853042151,-0.6149541104175846
9.883953581432573,1.748094726479181,-0.6187738739357094
9.891956782713086,1.743128065386778,-0.6225768587378087
9.899959983993599,1.73813098241146,-0.626364388359653
9.907963185274109,1.733103582336613,-0.6301377687794829
9.915966386554622,1.728045962082492,-0.6338982884180109
9.923969587835135,1.722958210706226,-0.6376472181384176
9.931972789115648,1.717840409401811,-0.6413858112463547
9.939975990396158,1.712692631500117,-0.6451153034899426
9.947979191676671,1.707514942468879,-0.6488369130597751
9.955982392957184,1.702307399912707,-0.652551840588913
9.963985594237695,1.697070053573078,-0.6562612691528874
9.971988795518207,1.691802945328342,-0.659966364269703
9.97999199679872,1.686506109193715,-0.6636682738998302
9.987995198079233,1.68117957132129,-0.6673681284462121
9.995998399359744,1.675823350000025,-0.6710670407542606
10.00400160064026,1.670437455655748,-0.6747661061118598
10.01200480192077,1.665021890851161,-0.6784664022493614
10.02000800320128,1.659576650285831,-0.6821689893395896
10.02801120448179,1.654101720796202,-0.6858749099978377
10.03601440576231,1.648597081355584,-0.6895851892818688
10.04401760704282,1.643062703074155,-0.6933008346919144
10.05202080832333,1.637498549198969,-0.6970228361706813
10.06002400960384,1.631904575113945,-0.700752166103342
10.06802721088435,1.626280728339879,-0.7044897793175401
10.07603041216487,1.620626948534427,-0.7082366130833903
10.08403361344538,1.614943167492127,-0.7119935871134779
10.09203681472589,1.609229309144375,-0.7157616035628548
10.1000400160064,1.603485289559448,-0.7195415470290465
10.10804321728691,1.59771101694249,-0.7233342845520497
10.11604641856743,1.591906391635508,-0.7271406656143267
10.12404961984794,1.586071306117391,-0.7309615221408141
10.13205282112845,1.580205645003893,-0.7347976684989156
10.14005602240896,1.574309285047634,-0.7386499014985086
10.14805922368948,1.56838209513811,-0.7425190003919373
10.15606242496999,1.562423936301686,-0.7464057268740173
10.1640656262505,1.556434660843327,-0.750310830504898
10.17206882753101,1.550413988111337,-0.7542358603681184
10.18007202881152,1.544361682698121,-0.7581821120295148
10.18807523009204,1.538277598761938,-0.7621502913288469
10.19607843137255,1.532161582612706,-0.7661411128979674
10.20408163265306,1.526013472712002,-0.7701553001608138
10.21208483393357,1.51983309967307,-0.774193585333416
10.22008803521408,1.513620286260812,-0.7782567094238905
10.2280912364946,1.507374847391787,-0.7823454222324473
10.23609443777511,1.501096590134218,-0.7864604823513822
10.24409763905562,1.494785313707989,-0.7906026571650813
10.25210084033613,1.488440809484647,-0.7947727228500194
10.26010404161665,1.482062860987391,-0.7989714643747635
10.26810724289716,1.47565124389109,-0.803199675499967
10.27611044417767,1.469205726022273,-0.8074581587783723
10.28411364545818,1.462726067359122,-0.8117477255548149
10.2921168467387,1.456212020031486,-0.8160691959662157
10.30012004801921,1.449663328320875,-0.8204233989415864
10.30812324929972,1.443079728660459,-0.8248111722020279
10.31612645058023,1.436460949635066,-0.8292333622607319
10.32412965186074,1.429806711981186,-0.8336908244229775
10.33213285314126,1.423116728586972,-0.8381844227861339
10.34013605442177,1.416390704492238,-0.8427150302396583
10.34813925570228,1.409628336888453,-0.8472835284651009
10.35614245698279,1.402829315118752,-0.8518908079360979
10.36414565826331,1.395993320677931,-0.8565377679183758
10.37214885954382,1.389120027212444,-0.8612253164697492
10.38015206082433,1.382209100520406,-0.865954370440126
10.38815526210484,1.375260198551594,-0.8707258554714997
10.39615846338535,1.368272971407447,-0.8755407059979528
10.40416166466587,1.36124706134106,-0.8803998652456612
10.41216486594638,1.354182102757193,-0.8853042852328862
10.42016806722689,1.347077722212267,-0.8902549267699806
10.4281712685074,1.339933538414362,-0.8952527594593837
10.43617446978791,1.332749162223215,-0.9002987616956286
10.44417767106843,1.325524196650232,-0.9053939206653352
10.45218087234894,1.318258236858474,-0.9105392323472119
10.46018407362945,1.310950870162665,-0.9157357015120569
10.46818727490996,1.303601676029187,-0.9209843417227607
10.47619047619048,1.296210226076085,-0.9262861753342995
10.48419367747099,1.288776084073067,-0.9316422334937393
10.4921968787515,1.281298805941496,-0.9370535561402387
10.50020008003201,1.273777939754398,-0.9425211920050413
10.50820328131253,1.266213025736463,-0.9480461986114825
10.51620648259304,1.258603596264041,-0.9536296422749863
10.52420968387355,1.250949175865137,-0.9592725981030674
10.53221288515406,1.243249281219421,-0.9649761499953279
10.54021608643457,1.235503421158227,-0.9707413906434614
10.54821928771509,1.227711096664543,-0.9765694215312464
10.5562224889956,1.21987180087302,-0.9824613529345574
10.56422569027611,1.211985019069974,-0.9884183039213541
10.57222889155662,1.204050228693375,-0.9944414023516852
10.58023209283713,1.196066899332865,-1.00053178487769
10.58823529411765,1.188034492729727,-1.006690596943598
10.59623849539816,1.179952462776922,-1.012918992785726
10.60424169667867,1.17182025551907,-1.019218135432481
10.61224489795918,1.163637309152441,-1.02558919670436
10.6202480992397,1.15540305402498,-1.03203335721395
10.62825130052021,1.147116912636278,-1.038551806365926
10.63625450180072,1.138778299637602,-1.045145742357049
10.64425770308123,1.130386621831866,-1.051816372176177
10.65226090436174,1.121941278173651,-1.058564911604253
10.66026410564226,1.113441659769203,-1.065392585214308
10.66826730692277,1.104887149876419,-1.072300626371463
10.67627050820328,1.096277123904864,-1.079290277232933
10.68427370948379,1.087610949415766,-1.086362788748018
10.6922769107643,1.078888345433175,-1.093517383969515
10.70028011204482,1.070110858006741,-1.100743016379731
10.70828331332533,1.06127791501943,-1.108040778936852
10.71628651460584,1.052388510747025,-1.115414147889653
10.72428971588635,1.043441638109488,-1.122866516437484
10.73229291716687,1.034436288670954,-1.130401194730275
10.74029611844738,1.025371452639743,-1.138021409868521
10.74829931972789,1.016246118868349,-1.145730305903296
10.7563025210084,1.00705927485345,-1.153530943836244
10.76430572228892,0.9978099067358924,-1.161426301619589
10.77230892356943,0.9884969993007098,-1.169419274156121
10.78031212484994,0.9791195359771135,-1.177512673299206
10.78831532613045,0.9696764988384864,-1.185709227852789
10.79631852741096,0.9601668686023963,-1.194011583571382
10.80432172869148,0.9505896246305877,-1.202422303160074
10.81232492997199,0.9409437449289851,-1.210943866274525
10.8203281312525,0.9312282061476851,-1.219578669520973
10.82833133253301,0.9214419835809693,-1.228329026456226
10.83633453381353,0.911584051167295,-1.237197167587667
10.84433773509404,0.9016533814893006,-1.24618524037325
10.85234093637455,0.8916489457737963,-1.25529530922151
10.86034413765506,0.8815697138917765,-1.264529355491548
10.86834733893557,0.871414654358413,-1.273889277493042
10.87635054021609,0.8611827343330571,-1.283376890486241
10.8843537414966,0.8508729196192323,-1.292993926681975
10.89235694277711,0.840484174664647,-1.302742035241638
10.90036014405762,0.830015462561188,-1.312622782277203
10.90836334533813,0.8194657450449138,-1.322637650851219
10.91636654661865,0.808833982496068,-1.332788040976803
10.92436974789916,0.79811913393907,-1.343075269617648
10.93237294917967,0.7873201570425209,-1.35350057068802
10.94037615046018,0.7764360081191921,-1.364065095052763
10.9483793517407,0.7654656421260404,-1.374769910527289
10.95638255302121,0.7544080126641997,-1.385616001877588
10.96438575430172,0.743262071978983,-1.396604270820216
10.97238895558223,0.732026770959876,-1.407735536022315
10.98039215686275,0.7207010591405493,-1.419010533101591
10.98839535814326,0.7092838846988525,-1.430429914626325
10.99639855942377,0.6977741944568049,-1.441994250115377
11.00440176070428,0.6861709338806129,-1.453704026038176
11.01240496198479,0.6744730470806574,-1.465559645814723
11.02040816326531,0.6626794768115017,-1.477561429815595
11.02841136454582,0.6507891644718794,-1.489709615361948
11.03641456582633,0.6388010501047097,-1.502004356725504
11.04441776710684,0.6267140723970881,-1.514445725128561
11.05242096838735,0.6145271686802902,-1.527033708743988
11.06042416966787,0.6022392749297625,-1.539768212695237
11.06842737094838,0.5898493257651393,-1.552649059056324
11.07643057222889,0.5773562544502286,-1.565675986851843
11.0844337735094,0.5647589928930196,-1.578848652056955
11.09243697478992,0.552056471645673,-1.59216662759741
11.10044017607043,0.5392476199045345,-1.605629403349517
11.10844337735094,0.5263313655101308,-1.619236386140161
11.11644657863145,0.5133066349471547,-1.632986899746809
11.12444977991196,0.5001723533444894,-1.646880184897493
11.13245298119248,0.4869274444751914,-1.660915399270824
11.14045618247299,0.4735708307565001,-1.675091617495979
11.1484593837535,0.4601014332498234,-1.689407831152721
11.15646258503401,0.4465181716607551,-1.703862948771376
11.16446578631453,0.4328199643390685,-1.718455795832848
11.17246898759504,0.4190057282787145,-1.733185114768611
11.18047218887555,0.4050743791178136,-1.748049564960722
11.18847539015606,0.3910248311386775,-1.763047722741804
11.19647859143657,0.3768559972677894,-1.778178081395047
11.20448179271709,0.3625667890758076,-1.793439051154234
11.2124849939976,0.3481561167775781,-1.808828959203706
11.22048819527811,0.3336228892321214,-1.824346049678387
11.22849139655862,0.3189660139426321,-1.839988483663755
11.23649459783914,0.3041843970564839,-1.85575433919589
11.24449779911965,0.2892769433652334,-1.871641611261431
11.25250100040016,0.2742425563046156,-1.887648211797587
11.26050420168067,0.2590801379545425,-1.903771969692145
11.26850740296118,0.2437885890390986,-1.920010630783473
11.2765106042417,0.2283668089265533,-1.936361857860503
11.28451380552221,0.2128136956293557,-1.95282323066274
11.29251700680272,0.1971281458041308,-1.969392245880267
11.30052020808323,0.1813090547516757,-1.986066317153743
11.30852340936375,0.1653553164169778,-2.002842775074399
11.31652661064426,0.1492658233891983,-2.01971886718403
11.32452981192477,0.1330394669016676,-2.036691757975019
11.33253301320528,0.1166751368319033,-2.053758528890318
11.34053621448579,0.1001717217016091,-2.07091617832345
11.34853941576631,0.08352899936512682,-2.088188533138019
11.35654261704682,0.06674805892004221,-2.105625010100425
11.36454581832733,0.04982810917047347,-2.123202183358339
11.37254901960784,0.03276843175597541,-2.140893779069496
11.38055222088835,0.01556847421292007,-2.158673735251406
11.38855542216887,-0.001772150025518593,-2.176516201781377
11.39655862344938,-0.01925366162934181,-2.194395540396485
11.40456182472989,-0.03687611537173724,-2.212286324693587
11.4125650260104,-0.05463940012909092,-2.230163340129335
11.42056822729092,-0.0725432388809637,-2.248001584020151
11.42857142857143,-0.09058718871010703,-2.265776265542241
11.43657462985194,-0.1087706408024548,-2.283462805731592
11.44457783113245,-0.1270928204471397,-2.301036837483983
11.45258103241297,-0.1455527870364688,-2.318474205554963
11.46058423369348,-0.16414943406594,-2.335750966559868
11.46858743497399,-0.1828814891342336,-2.352843388973811
11.4765906362545,-0.2017475139432287,-2.369727953131698
11.48459383753501,-0.2207459042979787,-2.386381351228206
11.49259703881553,-0.2398748901067279,-2.4027804873178
11.50060024009604,-0.2591325353809028,-2.418902477314719
11.50860344137655,-0.2785167382351291,-2.434724648992998
11.51660664265706,-0.2980252308872067,-2.450224541986441
11.52460984393757,-0.3176555796581217,-2.465379907788637
11.53261304521809,-0.3374051849720601,-2.480168709752963
11.5406162464986,-0.357271281356381,-2.494569123092572
11.54861944777911,-0.3772509374416351,-2.5085595348804
11.55662264905962,-0.3973410559615549,-2.522118544049161
11.56462585034014,-0.4175383737530723,-2.535224961391362
11.57262905162065,-0.4378394617562936,-2.547857809559282
11.58063225290116,-0.4582407250145152,-2.559996323064986
11.58863545418167,-0.478738402674216,-2.571619948280315
11.59663865546218,-0.4993285679850749,-2.582708343436904
11.6046418567427,-0.5200071282999442,-2.593241378626159
11.61264505802321,-0.540769825074862,-2.603199135799271
11.62064825930372,-0.5616122338690676,-2.612561908767217
11.62865146058423,-0.5825297643449724,-2.621310203200749
11.63665466186475,-0.6035176602681795,-2.629424736630407
11.64465786314526,-0.6245709995074737,-2.636886438446507
11.65266106442577,-0.6456846940348405,-2.643676449899153
11.66066426570628,-0.6668534899254378,-2.649776124098229
11.6686674669868,-0.6880719673576149,-2.655167026013396
11.67667066826731,-0.7093345406129037,-2.659830932474105
11.68467386954782,-0.7306354580760344,-2.663749832169584
11.69267707082833,-0.7519688022349131,-2.666905925648843
11.70068027210884,-0.7733284896806353,-2.669281625320675
11.70868347338936,-0.7947082711074778,-2.670859555453656
11.71668667466987,-0.8161017313129189,-2.67162255217614
11.72468987595038,-0.8375022891976102,-2.671553663476266
11.73269307723089,-0.8589031977653879,-2.670636149201957
11.7406962785114,-0.8802975441232901,-2.668853481060913
11.74869947979192,-0.90167824948153,-2.666189342620619
11.75670268107243,-0.9230380691535061,-2.662627629308342
11.76470588235294,-0.9443695925558037,-2.658152448411129
11.77270908363345,-0.9656652432082081,-2.65274811907581
11.78071228491397,-0.9869172787336746,-2.646399172308998
11.78871548619448,-1.008117790858353,-2.639090350977086
11.79671868747499,-1.029258705411571,-2.630806609806251
11.8047218887555,-1.050331782325862,-2.621533115382446
11.81272509003601,-1.071328615636928,-2.611255246151418
11.82072829131653,-1.09224063348366,-2.599958592418683
11.82873149259704,-1.113059098108147,-2.587628956349546
11.83673469387755,-1.133775105855654,-2.574252351969092
11.84473789515806,-1.154379587174633,-2.559815005162189
11.85274109643857,-1.174863306616725,-2.544303353673491
11.86074429771909,-1.195216862836761,-2.527704047107417
11.8687474989996,-1.215430688592756,-2.510003946928191
11.87675070028011,-1.235495050745906,-2.491190126459803
11.88475390156062,-1.255400050260597,-2.471249870886034
11.89275710284114,-1.275135622204409,-2.450170677250433
11.90076030412165,-1.294691535748105,-2.42794025445635
11.90876350540216,-1.314057394165621,-2.404546523266918
11.91676670668267,-1.333222634834103,-2.379977616305019
11.92476990796319,-1.352176529233861,-2.354221878053344
11.9327731092437,-1.370910597333198,-2.327337480241409
11.94077631052421,-1.389422515817057,-2.299528938484798
11.94877951180472,-1.407705887734823,-2.270843685401844
11.95678271308523,-1.425754260555942,-2.241318697748115
11.96478591436575,-1.443561458319548,-2.210990991106845
11.97278911564626,-1.461121581634458,-2.179897619888958
11.98079231692677,-1.478429007679191,-2.148075677333031
11.98879551820728,-1.495478390201935,-2.115562295505336
11.9967987194878,-1.512264659520573,-2.082394645299821
12.00480192076831,-1.528783022522672,-2.048609936438112
12.01280512204882,-1.545028962665493,-2.014245417469495
12.02080832332933,-1.560998239975975,-1.979338375770952
12.02881152460984,-1.576686891050744,-1.943926137547141
12.03681472589036,-1.592091229056124,-1.908046067830379
12.04481792717087,-1.607207843728112,-1.871735570480676
12.05282112845138,-1.622033601372398,-1.835032088185716
12.06082432973189,-1.636565644864357,-1.797973102460867
12.0688275310124,-1.650801393649056,-1.760596133649149
12.07683073229292,-1.664738543741243,-1.722938740921284
12.08483393357343,-1.678375067725353,-1.68503852227566
12.09283713485394,-1.691709214755508,-1.646933114538355
12.10084033613445,-1.704739510555524,-1.608660193363096
12.10884353741497,-1.717464757418894,-1.570257473231309
12.11684673869548,-1.729884034208799,-1.531762707452103
12.12484993997599,-1.741996696358115,-1.493213688162234
12.1328531412565,-1.753802375869396,-1.454648246326162
12.14085634253702,-1.765300981314887,-1.416104251736017
12.14885954381753,-1.776492697836516,-1.37761961301161
12.15686274509804,-1.787377987145905,-1.339232277600405
12.16486594637855,-1.797957587524356,-1.300980231777574
12.17286914765906,-1.808232513822859,-1.262901500645947
12.18087234893957,-1.818204057462092,-1.22503414813605
12.18887555022009,-1.827873786432422,-1.187416277006051
12.1968787515006,-1.837243545293896,-1.150086028841824
12.20488195278111,-1.846315455176261,-1.11308158405692
12.21288515406162,-1.855091913778932,-1.076441161892562
12.22088835534214,-1.863575595371025,-1.040203020417627
12.22889155662265,-1.871769450791335,-1.004405456528698
12.23689475790316,-1.879676707448355,-0.9690868059500386
12.24489795918367,-1.887300869320249,-0.934285443233554
12.25290116046419,-1.894645716954878,-0.9000397817588572
12.2609043617447,-1.90171532434163,-0.8663871829598147
12.26890756302521,-1.908515382007433,-0.8332701810600878
12.27691076430572,-1.9150511725246,-0.8006420821226073
12.28491396558623,-1.921327083106749,-0.7685081432292576
12.29291716686675,-1.927347474725479,-0.7368731376655242
12.30092036814726,-1.933116682110362,-0.7057413549205059
12.30892356942777,-1.938639013748957,-0.6751166006868893
12.31692677070828,-1.943918751886793,-0.6450021968609898
12.32492997198879,-1.948960152527379,-0.6154009815427297
12.33293317326931,-1.953767445432206,-0.5863153090356193
12.34093637454982,-1.958344834120739,-0.5577470498467965
12.34893957583033,-1.962696495870423,-0.5296975906870003
12.35694277711084,-1.966826581716679,-0.5021678344705834
12.36494597839136,-1.97073921645291,-0.4751582003154881
12.37294917967187,-1.974438498630494,-0.4486686235432825
12.38095238095238,-1.977928500558788,-0.4226985556791369
12.38895558223289,-1.981213268305126,-0.3972469644518339
12.3969587835134,-1.984296821694824,-0.372312333793748
12.40496198479392,-1.987183154311173,-0.3478926638408776
12.41296518607443,-1.989876233495441,-0.3239854709328235
12.42096838735494,-1.992380000346877,-0.3005877876127999
12.42897158863545,-1.994698369722707,-0.2776961626276113
12.43697478991597,-1.996835230238134,-0.2553066609276883
12.44497799119648,-1.998794444266341,-0.2334148636670662
12.45298119247699,-2.00057984793849,-0.212015868203375
12.4609843937575,-2.002195251143716,-0.1911042880978666
12.46898759503802,-2.003644437529139,-0.1706742531153961
12.47699079631853,-2.004931164499851,-0.1507194092244304
12.48499399759904,-2.006059163218928,-0.1312329185970307
12.49299719887955,-2.00703213860742,-0.1122074596088791
12.50100040016006,-2.007853769344356,-0.09363522683926226
12.50900360144058,-2.008527707866739,-0.0755079310710757
12.51700680272109,-2.009057580369563,-0.05781679929081471
12.5250100040016,-2.009446986805785,-0.04055257468858837
12.53301320528211,-2.00969950088635,-0.02370551665812209
12.54101640656262,-2.009818670080178,-0.007265400796729438
12.54901960784314,-2.009808015614165,0.008778481094652464
12.55702280912365,-2.009671032473191,0.02443732101148516
12.56502601040416,-2.009411189400105,0.03972279474561844
12.57302921168467,-2.009031928895743,0.05464706188530085
12.58103241296519,-2.008536845479374,0.06921772242433129
12.5890356142457,-2.007929158474825,0.08343441369680898
12.59703881552621,-2.00721116014554,0.09730593896103998
12.60504201680672,-2.006385089504491,0.1108413342759396
12.61304521808723,-2.005453157064728,0.1240494652865161
12.62104841936775,-2.00441754483938,0.1369390272238827
12.62905162064826,-2.003280406341654,0.1495185449052519
12.63705482192877,-2.002043866584835,0.1617963727339468
12.64505802320928,-2.000710022082288,0.1737806946993841
12.65306122448979,-1.999280940847455,0.1854795243770827
12.66106442577031,-1.997758662393856,0.1969007049286714
12.66906762705082,-1.99614519773509,0.2080519091018732
12.67707082833133,-1.994442529384837,0.2189406392305159
12.68507402961184,-1.992652611356851,0.2295742272345268
12.69307723089236,-1.990777369164968,0.2399598346199426
12.70108043217287,-1.988818699823098,0.2501044524788948
12.70908363345338,-1.986778471845236,0.2600149014896191
12.71708683473389,-1.98465852524545,0.2696978319164516
12.72509003601441,-1.982460671537889,0.2791597236098367
12.73309323729492,-1.980186693736777,0.2884068860063141
12.74109643857543,-1.977838346356423,0.2974454581285265
12.74909963985594,-1.975417355411208,0.3062814085852233
12.75710284113645,-1.972925418415594,0.3149205355712516
12.76510604241697,-1.970364204384122,0.3233684668675612
12.77310924369748,-1.967735353831412,0.331630659841203
12.78111244497799,-1.965040478772158,0.3397124014453349
12.7891156462585,-1.962281162721141,0.3476188082192123
12.79711884753902,-1.959458960693208,0.3553548262881928
12.80512204881953,-1.956575399203297,0.3629252313637357
12.81312525010004,-1.953631976266416,0.3703346287434071
12.82112845138055,-1.950630161397654,0.37758745331087
12.82913165266107,-1.947571395612183,0.3846879695358919
12.83713485394158,-1.944457091425245,0.3916402714743395
12.84513805522209,-1.941288632852167,0.398448282768186
12.8531412565026,-1.938067375408349,0.4051157566455049
12.86114445778311,-1.934794646109274,0.4116462759204676
12.86914765906362,-1.931471743470506,0.4180432529933564
12.87715086034414,-1.92809993750768,0.4243099298505474
12.88515406162465,-1.92467966399043,0.4304547746213284
12.89315726290516,-1.921211052854334,0.4364866860532011
12.90116046418567,-1.917694889303309,0.4424093145482323
12.90916366546619,-1.914131941449404,0.4482262417063838
12.9171668667467,-1.910522960310304,0.4539409803433289
12.92517006802721,-1.906868679809322,0.4595569744904511
12.93317326930772,-1.903169816775404,0.4650775993948492
12.94117647058824,-1.89942707094313,0.4705061615193284
12.94917967186875,-1.895641124952713,0.4758458985424063
12.95718287314926,-1.891812644349995,0.4810999793583139
12.96518607442977,-1.887942277586453,0.4862715040769904
12.97318927571028,-1.884030656019198,0.4913635040240873
12.9811924769908,-1.880078393910972,0.4963789417409655
12.98919567827131,-1.876086088430146,0.5013207109847014
12.99719887955182,-1.872054319650729,0.5061916367280781
13.00520208083233,-1.867983650552359,0.5109944751595914
13.01320528211284,-1.863874627020308,0.5157319136834467
13.02120848339336,-1.859727777845481,0.5204065709195645
13.02921168467387,-1.855543614724412,0.5250209967035724
13.03721488595438,-1.851322632259272,0.5295776720868094
13.04521808723489,-1.847065307957862,0.5340790093363289
13.05322128851541,-1.842772102233614,0.5385273519348917
13.06122448979592,-1.838443458405598,0.5429249745809719
13.06922769107643,-1.834079802698507,0.5472740831887515
13.07723089235694,-1.82968154424268,0.5515768148881298
13.08523409363745,-1.825249075074071,0.5558352380247104
13.09323729491797,-1.820782770134285,0.5600513521598124
13.10124049619848,-1.816282987270547,0.5642270880704633
13.10924369747899,-1.811750067235719,0.5683643077494046
13.1172468987595,-1.807184333688289,0.5724648044050861
13.12525010004002,-1.80258609319239,0.5765303024616698
13.13325330132053,-1.797955635217779,0.5805624575590286
13.14125650260104,-1.79329323565439,0.5845629691274576
13.14925970388155,-1.788599159047806,0.588534313469355
13.15726290516206,-1.7838735968771,0.5924781862338192
13.16526610644258,-1.779116722242213,0.5963960461088168
13.17326930772309,-1.774328700396021,0.6002893339297067
13.1812725090036,-1.769509688744334,0.6041594726792433
13.18927571028411,-1.764659836845893,0.6080078674875754
13.19727891156463,-1.759779286412367,0.6118359056322487
13.20528211284514,-1.754868171308363,0.6156449565382017
13.21328531412565,-1.749926617551419,0.6194363717777681
13.22128851540616,-1.744954743312005,0.6232114850706761
13.22929171668667,-1.739952658913521,0.6269716122840513
13.23729491796719,-1.7349204668323,0.6307180514324112
13.2452981192477,-1.729858261697612,0.6344520826776686
13.25330132052821,-1.724766130291651,0.6381749683291331
13.26130452180872,-1.719644151549551,0.6418879528435074
13.26930772308924,-1.714492396559373,0.6455922628248898
13.27731092436975,-1.709310928562115,0.6492891070247719
13.28531412565026,-1.7040998029517,0.6529796763420432
13.29331732693077,-1.698859067274991,0.6566651438229856
13.30132052821128,-1.69358876123178,0.6603466646612769
13.3093237294918,-1.688288916674792,0.6640253761979885
13.31732693077231,-1.68295955760968,0.6677023979215893
13.32533013205282,-1.677600700195035,0.6713788314679403
13.33333333333333,-1.672212352742378,0.6750557606202988
13.34133653461384,-1.666794515716163,0.6787342513093156
13.34933973589436,-1.661347181733775,0.6824153516130397
13.35734293717487,-1.655870335565528,0.6861000917569106
13.36534613845538,-1.650363954134681,0.6897894841137655
13.37334933973589,-1.644828006517406,0.6934845232038358
13.38135254101641,-1.639262453942824,0.6971861856947479
13.38935574229692,-1.63366724979298,0.7008954304015225
13.39735894357743,-1.628042339602854,0.7046131982865748
13.40536214485794,-1.622387661060356,0.7083404124597174
13.41336534613846,-1.616703144006331,0.7120779781781548
13.42136854741897,-1.61098871043455,0.715826782846486
13.42937174869948,-1.60524427449173,0.7195876960167091
13.43737494997999,-1.599469742477504,0.7233615693882132
13.4453781512605,-1.593665012844445,0.727149236807783
13.45338135254102,-1.587829976198064,0.7309515142695989
13.46138455382153,-1.58196451529679,0.7347691999152355
13.46938775510204,-1.576068505052,0.738603074033664
13.47739095638255,-1.570141812527988,0.7424538990612466
13.48539415766306,-1.564184296941991,0.7463224195817419
13.49339735894358,-1.558195726144122,0.7502099049709352
13.50140056022409,-1.552175826686862,0.754117908618807
13.5094037615046,-1.546124456233869,0.7580471406085811
13.51740696278511,-1.540041466323717,0.7619983093484758
13.52541016406563,-1.533926700747098,0.765972131800937
13.53341336534614,-1.527779995546827,0.7699693334826331
13.54141656662665,-1.521601179017835,0.7739906484644578
13.54941976790716,-1.515390071707176,0.7780368193715285
13.55742296918767,-1.50914648641402,0.7821085973831908
13.56542617046819,-1.502870228189658,0.7862067422330127
13.5734293717487,-1.496561094337503,0.7903320222087855
13.58143257302921,-1.490218874413081,0.7944852141525299
13.58943577430972,-1.483843350224042,0.7986671034604876
13.59743897559024,-1.477434295830158,0.802878484083127
13.60544217687075,-1.470991477543315,0.807120158525139
13.61344537815126,-1.464514653927521,0.8113929378454435
13.62144857943177,-1.458003575798903,0.8156976416571819
13.62945178071229,-1.451457986225708,0.8200350981277214
13.6374549819928,-1.444877620528304,0.8244061439786532
13.64545818327331,-1.438262206279173,0.8288116244857957
13.65346138455382,-1.431611463302922,0.8332523934791904
13.66146458583433,-1.424925103676277,0.837729313343103
13.66946778711485,-1.418202831728078,0.8422432550160263
13.67747098839536,-1.411444344039292,0.8467950979906761
13.68547418967587,-1.404649329443001,0.8513857303139938
13.69347739095638,-1.397817469024409,0.8560160485871442
13.70148059223689,-1.390948436120833,0.8606869579655202
13.70948379351741,-1.384041896321718,0.8653993721587369
13.71748699479792,-1.377097507468625,0.8701542134306345
13.72549019607843,-1.370114919655234,0.8749524125992779
13.73349339735894,-1.363093775227344,0.8797949090369593
13.74149659863946,-1.356033708782873,0.8846826506701929
13.74949979991997,-1.348934347171862,0.8896165939797188
13.75750300120048,-1.341795309496468,0.894597704000501
13.76550620248099,-1.334616207110969,0.8996269543217316
13.7735094037615,-1.327396643621761,0.9047053270868229
13.78151260504202,-1.320136214887363,0.909833812993415
13.78951580632253,-1.312834509018407,0.9150134112933734
13.79751900760304,-1.30549110637765,0.9202451297927865
13.80552220888355,-1.298105579579969,0.9255299848519686
13.81352541016406,-1.290677493492358,0.9308690013854569
13.82152861144458,-1.283206405233926,0.9362632128620174
13.82953181272509,-1.275691864175911,0.9417136613046384
13.8375350140056,-1.268133411941665,0.9472213972905325
13.84553821528611,-1.260530582406661,0.9527874799511379
13.85354141656663,-1.252882901698487,0.9584129769721187
13.86154461784714,-1.245189888196857,0.9640989645933632
13.86954781912765,-1.237451052533602,0.9698465276089822
13.87755102040816,-1.229665897592671,0.9756567593673161
13.88555422168868,-1.221833918510134,0.9815307617709276
13.89355742296919,-1.213954602674176,0.9874696452766003
13.9015606242497,-1.206027429725114,0.9934745288953496
13.90956382553021,-1.198051871555368,0.9995465401924125
13.91756702681072,-1.190027392309487,1.005686815287251
13.92557022809124,-1.181953448384142,1.011896498853552
13.93357342937175,-1.173829488428116,1.018176744119226
13.94157663065226,-1.165654953342314,1.024528712866411
13.94957983193277,-1.157429276279762,1.030953575431468
13.95758303321328,-1.149151882645607,1.037452510704983
13.9655862344938,-1.140822190097109,1.044026706131767
13.97358943577431,-1.132439608543654,1.050677357710858
13.98159263705482,-1.124003540146745,1.057405669995516
13.98959583833533,-1.115513379320005,1.064212856093223
13.99759903961585,-1.106968512729171,1.071100137665693
14.00560224089636,-1.098368319292115,1.078068744928864
14.01360544217687,-1.089712689894201,1.085117009370872
14.02160864345738,-1.081003213298006,1.092233879822549
14.02961184473789,-1.072239200752499,1.099421184036063
14.03761504601841,-1.063419659240632,1.106682374653957
14.04561824729892,-1.054543594201275,1.114020823806998
14.05362144857943,-1.045610009529218,1.121439823114166
14.06162464985994,-1.036617907575166,1.128942583682666
14.06962785114046,-1.027566289145749,1.136532236107917
14.07763105242097,-1.018454153503515,1.144211830473554
14.08563425370148,-1.009280498366926,1.151984336351437
14.09363745498199,-1.000044319910371,1.159852642801638
14.10164065626251,-0.9907446127641545,1.167819558372451
14.10964385754302,-0.9813803700145025,1.175887811100382
14.11764705882353,-0.9719505832035548,1.184060048510166
14.12565026010404,-0.9624542423293763,1.192338837614746
14.13365346138455,-0.9528903358459501,1.200726664915289
14.14165666266507,-0.9432578506631798,1.209225936401174
14.14965986394558,-0.9335557721468825,1.217838977550009
14.15766306522609,-0.9237830841188007,1.22656803332761
14.1656662665066,-0.9139387688565965,1.235415268188013
14.17366946778711,-0.9040218070938454,1.244382766073479
14.18167266906763,-0.8940311780200472,1.253472530414478
14.18967587034814,-0.8839658592806204,1.262686484129704
14.19767907162865,-0.873824826976905,1.272026469626066
14.20568227290916,-0.8636070556661528,1.281494248798696
14.21368547418968,-0.8533115183615421,1.29109150303094
14.22168867547019,-0.8429371865321684,1.300819833194361
14.2296918767507,-0.8324830301030492,1.310680759648741
14.23769507803121,-0.8219480174551135,1.320675722242086
14.24569827931172,-0.8113311154252176,1.330806080310614
14.25370148059224,-0.8006312893061341,1.341073112678763
14.26170468187275,-0.7898475028465577,1.351478017659185
14.26970788315326,-0.7789787182510957,1.36202191305276
14.27771108443377,-0.7680238961802806,1.372705836148579
14.28571428571428,-0.7569819957505661,1.383530743723948
14.2937174869948,-0.7458519745343165,1.394497512044402
14.30172068827531,-0.7346327885598234,1.405606936863685
14.30972388955582,-0.7233233923112955,1.416859733423763
14.31772709083633,-0.7119227387288626,1.428256536454816
14.32573029211685,-0.7004297792085672,1.439797900175251
14.33373349339736,-0.6888434636023782,1.451484298291684
14.34173669467787,-0.677162740218182,1.463316123998954
14.34973989595838,-0.6653865558197859,1.475293689980114
14.3577430972389,-0.6535138556269089,1.487417228406444
14.36574629851941,-0.6415435833151988,1.499686890937432
14.37374949979992,-0.6294746810162204,1.512102748720788
14.38175270108043,-0.6173060893174516,1.524664792392445
14.38975590236094,-0.6050367472622973,1.537372932076549
14.39775910364146,-0.5926655923500783,1.550226997385462
14.40576230492197,-0.5801915605360392,1.563226737419766
14.41376550620248,-0.567613586231333,1.576371820768268
14.42176870748299,-0.5549306023030443,1.589661835507988
14.42977190876351,-0.5421415400741698,1.603096289204159
14.43777511004402,-0.5292453293236311,1.616674608910236
14.44577831132453,-0.5162408982862612,1.6303961411679
14.45378151260504,-0.5031271736528187,1.644260152007039
14.46178471388555,-0.4899030805699816,1.658265826945765
14.46978791516607,-0.476567542640345,1.672412270990403
14.47779111644658,-0.4631194819224221,1.686698508635505
14.48579431772709,-0.4495578189306477,1.701123483863835
14.4937975190076,-0.4358814726353785,1.715686060146373
14.50180072028811,-0.4220893604628842,1.730385020442325
14.50980392156863,-0.4081803982953577,1.745219067199107
14.51780712284914,-0.3941535004709119,1.760186822352362
14.52581032412965,-0.3800075797835811,1.775286827325938
14.53381352541016,-0.3657415474833081,1.790517543031916
14.54181672669068,-0.35135431327597,1.805877349870588
14.54981992797119,-0.336844785323352,1.821364547730462
14.5578231292517,-0.3222118702431669,1.836977355988263
14.56582633053221,-0.3074544731090394,1.852713913508948
14.57382953181273,-0.2925714974505137,1.868572278645678
14.58183273309324,-0.2775618452530664,1.884550429239831
14.58983593437375,-0.2624244169580734,1.900646262621013
14.59783913565426,-0.2471581114628438,1.916857595607045
14.60584233693477,-0.2317618261206056,1.933182164503962
14.61384553821529,-0.2162344567405009,1.94961762510602
14.6218487394958,-0.2005748975875906,1.966161552695697
14.62985194077631,-0.1847820413828618,1.982811442043684
14.63785514205682,-0.1688547793032111,1.999564707408889
14.64585834333733,-0.1527920009814696,2.016418682538438
14.65386154461785,-0.1365925945063697,2.033370620667691
14.66186474589836,-0.1202554464225752,2.050417694520199
14.66986794717887,-0.103779441730661,2.067556996307751
14.67787114845938,-0.08716398780407823,2.084796046270931
14.6858743497399,-0.07041109529170375,2.102186257068305
14.69387755102041,-0.05352024641524213,2.11971375772809
14.70188075230092,-0.03649056993489806,2.137353481074491
14.70988395358143,-0.0193213650804951,2.155080520675495
14.71788715486194,-0.002012101551498359,2.172870130842848
14.72589035614246,0.01543758048300055,2.190697726632069
14.73389355742297,0.03302787038427583,2.208538883842448
14.74189675870348,0.05075878704398321,2.226369339017054
14.74989995998399,0.06863017888413633,2.244164989442718
14.75790316126451,0.08664172385712263,2.261901893150044
14.76590636254502,0.1047929294456952,2.279556268913404
14.77390956382553,0.1230831326629889,2.297104496250952
14.78191276510604,0.1415115000524965,2.314523115424603
14.78991596638655,0.16007702768808,2.33178882744004
14.79791916766707,0.1787785411739838,2.348878494046732
14.80592236894758,0.1976146956448099,2.365769137737905
14.81392557022809,0.2165839757655335,2.382437941750561
14.8219287715086,0.2356846957314961,2.398862250065469
14.82993197278912,0.2549149992684211,2.415019567407178
14.83793517406963,0.274272859632389,2.430887559244002
14.84593837535014,0.2937560796098547,2.446444051788024
14.85394157663065,0.3133622915176379,2.461667031995099
14.86194477791116,0.3330889572029416,2.47653464756486
14.86994797919168,0.3529333680433249,2.491025206940702
14.87795118047219,0.3728926449467178,2.505117179309793
14.8859543817527,0.3929637383514318,2.518789194603078
14.89395758303321,0.4131434282261353,2.532020043495264
14.90196078431373,0.433428324069872,2.544788677404838
14.90996398559424,0.4538148649120492,2.557074208494047
14.91796718687475,0.4742993193124588,2.568855909668921
14.92597038815526,0.4948777853612485,2.580113214579254
14.93397358943577,0.515546190678939,2.590825717618613
14.94197679071629,0.5363002924164185,2.600973173924331
14.9499799919968,0.5571356772549572,2.610535499377522
14.95798319327731,0.5780477614061812,2.619492770603062
14.96598639455782,0.5990317906120914,2.627825224969603
14.97398959583833,0.620082840145054,2.635513260589564
14.98199279711885,0.6411958148078188,2.64253743631914
14.98999599839936,0.6623654489334906,2.648878471758292
14.99799919967987,0.6835863063855445,2.654517247250756
15.00600240096038,0.7048527805578398,2.659434803884036
15.0140056022409,0.7261590943745913,2.663612343489409
15.02200880352141,0.7474993002903876,2.667031228641923
15.03001200480192,0.7688672802901828,2.669672982660391
15.03801520608243,0.7902567458893156,2.671519289607409
15.04601840736295,0.8116612381334787,2.672551994289337
15.05402160864346,0.8330741275987408,2.672753102256301
15.06202480992397,0.8544886143915338,2.672104779802204
15.07002801120448,0.8758977281486761,2.670589353964724
15.07803121248499,0.8972943280373394,2.668189312525301
15.08603441376551,0.9186711027550666,2.664887304009149
15.09403761504602,0.9400205705297826,2.660666137685257
15.10204081632653,0.961335079119772,2.65550878356638
15.11004401760704,0.9826068058136885,2.649398372409049
15.11804721888755,1.003827757430553,2.642318195713562
15.12605042016807,1.024989770319773,2.634251705723986
15.13405362144858,1.046084510361108,2.625182515428161
15.14205682272909,1.067103472964694,2.615094398557703
15.1500600240096,1.08803798307103,2.603971289587999
15.15806322529012,1.108879195151001,2.591797283738193
15.16606642657063,1.129618093205849,2.578556636971217
15.17406962785114,1.150245490767181,2.564233765993758
15.18207282913165,1.170752030896985,2.5488132482563
15.19007603041216,1.191128186187619,2.532279821953062
15.19807923169268,1.211364258761805,2.514618386022065
15.20608243297319,1.231450380272629,2.495814000145089
15.2140856342537,1.251376511903564,2.475851884747674
15.22208883553421,1.27113244436844,2.454717420999148
15.23009203681473,1.290707797911456,2.432396150812608
15.23809523809524,1.31009202230718,2.408873776844914
15.24609843937575,1.329274757558713,2.384146583180407
15.25410164065626,1.348251788284978,2.358380419730043
15.26210484193678,1.367017286937922,2.331664249905823
15.27010804321729,1.385563973409102,2.304033637152068
15.2781112444978,1.403884855438709,2.275524288851627
15.28611444577831,1.421973228615544,2.246172056325925
15.29411764705882,1.439822676377033,2.216012934834937
15.30212084833934,1.457427070009234,2.185083063577169
15.31012404961985,1.474780568646815,2.153418725689701
15.31812725090036,1.491877619273073,2.121056348248157
15.32613045218087,1.508712956719921,2.088032502266721
15.33413365346138,1.52528160366791,2.054383902698107
15.3421368547419,1.541578870646196,2.020147408433601
15.35014005602241,1.557600356032568,1.985360022303038
15.35814325730292,1.573341946053428,1.95005889107481
15.36614645858343,1.588799814783816,1.914281305455836
15.37414965986395,1.60397042414738,1.878064700091614
15.38215286114446,1.618850523916397,1.841446653566182
15.39015606242497,1.633437151711761,1.804464888402144
15.39815926370548,1.647727633003001,1.767157271060626
15.40616246498599,1.661719581108255,1.729561811941333
15.41416566626651,1.675410897194288,1.691716665382522
15.42216886754702,1.688799770276492,1.653660129660977
15.43017206882753,1.701884677218876,1.615430646992057
15.43817527010804,1.714664382734074,1.577066803529668
15.44617847138855,1.727137939383338,1.538607329366275
15.45418167266907,1.739304687576552,1.50009109853287
15.46218487394958,1.751164255572217,1.461557128999021
15.47018807523009,1.762716559477451,1.423044582672841
15.4781912765106,1.773961803248001,1.384592765401
15.48619447779112,1.784900478688239,1.3462411269687
15.49419767907163,1.795533365451156,1.308029261099719
15.50220088035214,1.80586153103836,1.269996905456386
15.51020408163265,1.815886330800091,1.23218394163955
15.51820728291317,1.82560940793521,1.194630395188655
15.52621048419368,1.835032693491194,1.157376435581667
15.53421368547419,1.844158406364145,1.120462376235128
15.5422168867547,1.852989053298792,1.083928674504104
15.55022008803521,1.861527428888485,1.047815931682232
15.55822328931573,1.869776615575189,1.012164893001693
15.56622649059624,1.877739983649507,0.9770164476332404
15.57422969187675,1.885421203858068,0.9424074676259254
15.58223289315726,1.892824566630619,0.9082821488385282
15.59023609443778,1.899954545643596,0.8746165736833292
15.59823929571829,1.90681552438367,0.8414189320276749
15.6062424969988,1.913411862801661,0.8086968376565432
15.61424569827931,1.919747897312535,0.7764573282725897
15.62224889955982,1.925827940795406,0.7447068654961233
15.63025210084034,1.931656282593541,0.7134513348650861
15.63825530212085,1.937237188514352,0.6826960458350961
15.64625850340136,1.942574900829398,0.6524457317794179
15.65426170468187,1.947673638274389,0.6227045499889782
15.66226490596238,1.952537596049186,0.5934760816723371
15.6702681072429,1.957170945817792,0.5647633319557297
15.67827130852341,1.961577835708364,0.5365687298830383
15.68627450980392,1.965762390313204,0.5088941284158065
15.69427771108443,1.969728710688766,0.481740804433213
15.70228091236495,1.97348087435565,0.4551094587321097
15.71028411364546,1.977022935298602,0.4290002160270022
15.71828731492597,1.980358923966524,0.4034126249500334
15.72629051620648,1.98349284727246,0.3783456580510184
15.734293717487,1.986428688593604,0.3537977117974203
15.74229691876751,1.989170407771298,0.329766606574361
15.75030012004802,1.991721941111036,0.3062495866846024
15.75830332132853,1.994087201382458,0.283243320348577
15.76630652260904,1.996270077819349,0.2607438997043644
15.77430972388956,1.998274436119648,0.2387468408077038
15.78231292517007,2.000104118445442,0.2172470836319771
15.79031612645058,2.001762943422964,0.1962389920682312
15.79831932773109,2.003254706142594,0.1757163539251651
15.8063225290116,2.004583178158864,0.1556723809291337
15.81432573029212,2.005752107490455,0.1360997087241377
15.82232893157263,2.006765218620198,0.1169903968718424
15.83033213285314,2.007626212495059,0.09833592885156581
15.83833533413365,2.008338766526173,0.08012721206027129
15.84633853541417,2.008906534588808,0.06235457781258749
15.85434173669468,2.009333147022386,0.04500778134079042
15.86234493797519,2.009622210630484,0.02807600179482182
15.8703481392557,2.009777308680808,0.01154784224225587
15.87835134053621,2.009802000905236,-0.004588670331657219
15.88635454181673,2.009699823499783,-0.02034608502402117
15.89435774309724,2.009474289124609,-0.03573752701428556
15.90236094437775,2.009129332870339,-0.05076510911079563
15.91036414565826,2.008668181266216,-0.06542746829851337
15.91836734693877,2.008093177876893,-0.07973398406188219
15.92637054821929,2.007406637191639,-0.09369386641368763
15.9343737494998,2.006610844822998,-0.1073161524251428
15.94237695078031,2.005708057506786,-0.1206097062259009
15.95038015206082,2.004700503102098,-0.1335832190040493
15.95838335334134,2.003590380591301,-0.146245209006121
15.96638655462185,2.00237986008004,-0.1586040215370774
15.97438975590236,2.00107108279723,-0.1706678289603198
15.98239295718287,1.999666161095066,-0.1824446306976838
15.99039615846339,1.998167178449015,-0.19394225322945
15.9983993597439,1.99657618945782,-0.2051683500943277
16.00640256102441,1.994895219843497,-0.2161304018894642
16.01440576230492,1.99312626645134,-0.2268357162704504
16.02240896358543,1.991271297249916,-0.237291427951307
16.03041216486595,1.989332251331065,-0.2475044987044945
16.03841536614646,1.987311038909906,-0.2574817173609101
16.04641856742697,1.985209541324832,-0.2672296998098881
16.05442176870748,1.983029611037508,-0.2767548889991955
16.06242496998799,1.980773071632876,-0.2860635549350491
16.07042817126851,1.978441717819153,-0.2951617946820899
16.07843137254902,1.976037315427828,-0.3040555323634002
16.08643457382953,1.973561601413672,-0.3127505191604994
16.09443777511004,1.971016283854722,-0.3212523333133436
16.10244097639056,1.968403041952298,-0.3295663801203264
16.11044417767107,1.965723526030987,-0.3376978919382738
16.11844737895158,1.962979357538656,-0.345651928182461
16.12645058023209,1.960172129046451,-0.353433375326589
16.1344537815126,1.957303404248778,-0.3610469469027979
16.14245698279312,1.954374717963334,-0.368497183501667
16.15046018407363,1.951387576131084,-0.3757884527722111
16.15846338535414,1.948343455816268,-0.3829249494218827
16.16646658663466,1.9452438052064,-0.3899106952165716
16.17446978791516,1.942090043612271,-0.3967495389806003
16.18247298919568,1.938883561467948,-0.4034451565967385
16.19047619047619,1.935625720330767,-0.4100010510061837
16.1984793917567,1.932317841275166,-0.4164206345343769
16.20648259303722,1.92896016898623,-0.4227141043707955
16.21448579431773,1.925552984297241,-0.428889596688434
16.22248899559824,1.922097110599688,-0.4349508984744477
16.23049219687875,1.918593353498295,-0.4409017248005456
16.23849539815926,1.915042500811003,-0.4467457188230004
16.24649859943978,1.911445322568991,-0.4524864517826322
16.25450180072029,1.907802571016659,-0.4581274230048202
16.2625050020008,1.904114980611637,-0.4636720598994992
16.27050820328131,1.900383268024786,-0.4691237179611596
16.27851140456183,1.896608132140192,-0.4744856807688478
16.28651460584234,1.892790254055167,-0.4797611599861663
16.29451780712285,1.888930297080258,-0.4849532953612706
16.30252100840336,1.885028906739229,-0.4900651547268792
16.31052420968387,1.881086710769081,-0.4950997340002598
16.31852741096439,1.87710431912004,-0.5000599571832377
16.3265306122449,1.87308232395556,-0.5049486763621941
16.33453381352541,1.86902129965232,-0.5097686717080662
16.34253701480592,1.864921802800234,-0.5145226514763475
16.35054021608643,1.860784372202438,-0.5192132520070842
16.35854341736695,1.856609528875296,-0.5238430377248853
16.36654661864746,1.852397776048401,-0.5284145011389093
16.37454981992797,1.848149599164578,-0.5329300628428729
16.38255302120848,1.843865465879871,-0.5373920715150473
16.390556222489,1.83954582606356,-0.5418028039182611
16.39855942376951,1.835191111798153,-0.5461644648998984
16.40656262505002,1.830801737379374,-0.5504791873918972
16.41456582633053,1.826378099316196,-0.5547490324107532
16.42256902761104,1.8219205763308,-0.558975989057521
16.43057222889156,1.8174295293586,-0.5631619745178038
16.43857543017207,1.812905301548247,-0.5673088340617671
16.44657863145258,1.808348218261605,-0.5714183410441273
16.45458183273309,1.803758587073789,-0.5754921969041618
16.46258503401361,1.799136711267695,-0.5795325243531102
16.47058823529412,1.794482847568806,-0.583541686784685
16.47859143657463,1.789797193691936,-0.5875212299787453
16.48659463785514,1.785079938801831,-0.5914726691894062
16.49459783913565,1.78033126400481,-0.5953975001309499
16.50260104041617,1.775551342348774,-0.599297198977825
16.51060424169668,1.770740338823199,-0.6031732223646459
16.51860744297719,1.765898410359142,-0.6070270073861923
16.5266106442577,1.761025705829238,-0.6108599715974095
16.53461384553821,1.756122366047695,-0.6146735130134122
16.54261704681873,1.751188523770305,-0.6184690101094772
16.55062024809924,1.746224303694436,-0.6222478218210481
16.55862344937975,1.741229822459035,-0.6260112875437349
16.56662665066026,1.736205188644626,-0.6297607271333131
16.57462985194078,1.731150502773312,-0.6334974409057247
16.58263305322129,1.726065857308773,-0.6372227096370769
16.5906362545018,1.720951336656271,-0.6409377945636415
16.59863945578231,1.715807017162637,-0.6446439373818617
16.60664265706282,1.710632967116291,-0.6483423602483406
16.61464585834334,1.705429246747224,-0.6520342657798495
16.62264905962385,1.700195908227009,-0.6557208370533257
16.63065226090436,1.694932995668794,-0.6594032376058724
16.63865546218488,1.689640545127309,-0.6630826114347582
16.64665866346538,1.684318584598861,-0.6667600829974165
16.6546618647459,1.678967134021329,-0.6704367572114512
16.66266506602641,1.673586205274179,-0.6741137194546279
16.67066826730692,1.668175802178448,-0.6777920355648782
16.67867146858744,1.66273592049676,-0.6814727518403019
16.68667466986795,1.657266547933307,-0.6851568950391624
16.69467787114846,1.651767664133866,-0.6888454723798907
16.70268107242897,1.646239240685788,-0.6925394715410825
16.71068427370948,1.640681241118009,-0.6962398606614991
16.71868747498999,1.635093620901034,-0.699947588340072
16.72669067627051,1.629476327446948,-0.7036635836358921
16.73469387755102,1.623829300109418,-0.7073887560682198
16.74269707883153,1.618152470183693,-0.7111239956164827
16.75070028011205,1.61244576090659,-0.7148701727202706
16.75870348139256,1.606709087456509,-0.7186281382793415
16.76670668267307,1.600942356953433,-0.7223987236536192
16.77470988395358,1.595145468458912,-0.726182740663194
16.78271308523409,1.589318312976082,-0.7299809815883208
16.79071628651461,1.583460773449653,-0.7337942191694198
16.79871948779512,1.577572724765923,-0.7376232066070971
16.80672268907563,1.571653933657601,-0.7414693730123709
16.81472589035614,1.565704172318241,-0.7453341237049342
16.82272909163666,1.559723312009336,-0.7492181679423434
16.83073229291717,1.55371121641976,-0.7531222226782683
16.83873549419768,1.547667741665765,-0.7570470125624984
16.84673869547819,1.541592736290997,-0.7609932699409335
16.8547418967587,1.535486041266481,-0.7649617348555889
16.86274509803922,1.529347489990624,-0.7689531550445958
16.87074829931973,1.52317690828922,-0.772968285942199
16.87875150060024,1.516974114415446,-0.7770078906787594
16.88675470188075,1.510738919049865,-0.7810727400807502
16.89475790316126,1.504471125300415,-0.7851636126707646
16.90276110444178,1.498170528702426,-0.7892812946675056
16.91076430572229,1.491836917218612,-0.793426579985793
16.9187675070028,1.485470071239066,-0.7976002702365608
16.92677070828331,1.479069763581269,-0.8018031747268582
16.93477390956383,1.472635759490083,-0.8060361104598494
16.94277711084434,1.466167816637757,-0.8102999021348106
16.95078031212485,1.459665685123918,-0.8145953821471398
16.95878351340536,1.453129107475583,-0.8189233905883434
16.96678671468587,1.446557818647148,-0.8232847752460439
16.97478991596639,1.439951546020397,-0.8276803916039802
16.9827931172469,1.433310009404495,-0.8321111028420044
16.99079631852741,1.426632921035992,-0.8365777798360846
16.99879951980792,1.41991998557882,-0.841081301158303
17.00680272108843,1.413170900124301,-0.8456225530768546
17.01480592236895,1.406385354191128,-0.8502024295560555
17.02280912364946,1.39956302972539,-0.8548218322563308
17.03081232492997,1.392703601100555,-0.8594816705342218
17.03881552621048,1.385806735117476,-0.8641828614423855
17.046818727491,1.378872091004387,-0.8689263297295927
17.05482192877151,1.37189932041691,-0.8737130078407291
17.06282513005202,1.364888067438051,-0.8785438359167942
17.07082833133253,1.357837968578192,-0.8834197617949078
17.07883153261304,1.350748652775105,-0.8883417410082978
17.08683473389356,1.343619741393946,-0.8933107367863097
17.09483793517407,1.336450848227255,-0.8983277200544042
17.10284113645458,1.329241579494953,-0.903393669434155
17.1108443377351,1.321991533844345,-0.9085095712432522
17.11884753901561,1.314700302350126,-0.9136764194955017
17.12685074029612,1.307367468514369,-0.9188952159008192
17.13485394157663,1.299992608266528,-0.9241669698652442
17.14285714285714,1.292575289963442,-0.9294926984909215
17.15086034413766,1.285115074389342,-0.9348734265761165
17.15886354541817,1.277611514755836,-0.9403101866152086
17.16686674669868,1.270064156701915,-0.9458040187986891
17.17486994797919,1.262472538293958,-0.9513559710131679
17.1828731492597,1.254836190025725,-0.956967098841364
17.19087635054021,1.247154634818358,-0.9626384655621216
17.19887955182073,1.239427388020384,-0.9683711421503894
17.20688275310124,1.231653957407718,-0.9741662072772361
17.21488595438175,1.223833843183653,-0.9800247473098429
17.22288915566227,1.21596653797887,-0.9859478563115079
17.23089235694278,1.208051526851434,-0.9919366360416431
17.23889555822329,1.200088287286792,-0.9979921959557706
17.2468987595038,1.192076289197768,-1.004115653205539
17.25490196078431,1.18401499492458,-1.010308132638702
17.26290516206483,1.175903859234829,-1.016570766799129
17.27090836334534,1.167742329323492,-1.022904695926806
17.27891156462585,1.159529844812938,-1.029311067957835
17.28691476590636,1.151265837752917,-1.035791038524432
17.29491796718688,1.142949732620564,-1.042345770954926
17.30292116846739,1.134580946320395,-1.04897643627376
17.3109243697479,1.126158888184305,-1.0556842132015
17.31892757102841,1.117684642845479,-1.062461915077173
17.32693077230892,1.109162275552221,-1.069287835899996
17.33493397358944,1.10059090446693,-1.076165176152982
17.34293717486995,1.091969318122336,-1.083098696246834
17.35094037615046,1.083296309400005,-1.090093043306893
17.35894357743097,1.074570675530344,-1.097152751173135
17.36694677871148,1.06579121809259,-1.104282240400187
17.374949979992,1.056956743014824,-1.111485818257304
17.38295318127251,1.048066060573966,-1.118767678728384
17.39095638255302,1.039117985395772,-1.126131902511964
17.39895958383353,1.030111336454835,-1.13358245702122
17.40696278511405,1.021044937074588,-1.141123196383967
17.41496598639456,1.011917614927299,-1.14875786144266
17.42296918767507,1.002728202034082,-1.15649007975439
17.43097238895558,0.9934755347648736,-1.164323365590896
17.43897559023609,0.9841584538384612,-1.172261119938548
17.44697879151661,0.9747758043224668,-1.180306630498356
17.45498199279712,0.9653264356333496,-1.188463071685971
17.46298519407763,0.9558092015364071,-1.196733504631682
17.47098839535814,0.9462229601457749,-1.20512087718042
17.47899159663865,0.9365665739244301,-1.213628023891748
17.48699479791917,0.9268389096841755,-1.222257666039881
17.49499799919968,0.9170388385856648,-1.231012411613662
17.50300120048019,0.9071652361383848,-1.239894755316576
17.5110044017607,0.8972169822006607,-1.24890707856675
17.51900760304122,0.8871929609796555,-1.258051649496946
17.52701080432173,0.8770920610313698,-1.267330622954568
17.53501400560224,0.8669131752606428,-1.276746040501659
17.54301720688275,0.8566552009211557,-1.286299830414896
17.55102040816326,0.8463170396154139,-1.295993807685608
17.55902360944378,0.8358975972947746,-1.305829674019753
17.56702681072429,0.8253957842594285,-1.315809017837927
17.5750300120048,0.8148105151584041,-1.325933314275371
17.58303321328532,0.8041407089895676,-1.336203925181961
17.59103641456583,0.7933852890996236,-1.346622099122216
17.59903961584634,0.7825431831841192,-1.357188971375286
17.60704281712685,0.7716133232874248,-1.367905563934976
17.61504601840736,0.7605946458027635,-1.378772785509715
17.62304921968787,0.7494860914721914,-1.389791431522578
17.63105242096839,0.7382866053866027,-1.400962184111278
17.6390556222489,0.7269951369857292,-1.412285612128165
17.64705882352941,0.7156106400581405,-1.423762171140233
17.65506202480992,0.70413207274125,-1.435392203429105
17.66306522609043,0.6925583975212929,-1.447175937991061
17.67106842737095,0.680888581233358,-1.459113490537007
17.67907162865146,0.6691215950613674,-1.471204863492489
17.68707482993197,0.6572564145380798,-1.483449945997694
17.69507803121249,0.6452920195450942,-1.495848513907451
17.703081232493,0.6332273943128446,-1.508400229791223
17.71108443377351,0.6210615274206043,-1.521104642933116
17.71908763505402,0.6087934117964908,-1.533961189331867
17.72709083633453,0.5964220447174428,-1.546969191700873
17.73509403761505,0.583946427809252,-1.560127859468149
17.74309723889556,0.5713655670465434,-1.573436288776357
17.75110044017607,0.5586784727527812,-1.586893462482798
17.75910364145658,0.545884159600265,-1.600498250159411
17.7671068427371,0.5329816466101345,-1.614249408092776
17.77511004401761,0.5199699571523722,-1.628145579284105
17.78311324529812,0.506848118945781,-1.642185293449268
17.79111644657863,0.4936151640580204,-1.656366967018757
17.79911964785914,0.4802701289055789,-1.670688903137705
17.80712284913966,0.4668120542537869,-1.68514929166589
17.81512605042017,0.4532399852168101,-1.699746209177724
17.82312925170068,0.4395529712576539,-1.714477618962263
17.83113245298119,0.4257500661881602,-1.729341371023199
17.8391356542617,0.4118303281690147,-1.744335202078855
17.84713885554222,0.3977928197097248,-1.759456735562218
17.85514205682273,0.3836366076686502,-1.77470348162089
17.86314525810324,0.3693607632529882,-1.790072837117122
17.87114845938375,0.3549643620187689,-1.805562085627802
17.87915166066427,0.3404464838708624,-1.821168397444459
17.88715486194478,0.3258062130629772,-1.836888829573259
17.89515806322529,0.3110426381976654,-1.852720325735
17.9031612645058,0.296154852226298,-1.868659716365144
17.91116446578631,0.2811419524491029,-1.884703718613767
17.91916766706683,0.2660030405151392,-1.900848936345594
17.92717086834734,0.2507372224223043,-1.917091860139987
17.93517406962785,0.2353436085173358,-1.933428867290951
17.94317727090836,0.2198213134958064,-1.949856221807123
17.95118047218887,0.204169456402132,-1.966370074411781
17.95918367346939,0.1883871606295512,-1.982966462542855
17.9671868747499,0.1724735539201572,-1.999641310352899
17.97519007603041,0.1564277683648717,-2.016390428709113
17.98319327731092,0.1402489404034634,-2.033209515193331
17.99119647859144,0.1239362108245315,-2.050094154102033
17.99919967987195,0.1074887247655137,-2.067039816446334
18.00720288115246,0.0909056317126858,-2.084041859951986
18.01520608243297,0.07418608550117414,-2.10109552905938
18.02320928371348,0.05732924431491068,-2.118195954923559
18.031212484994,0.04033427068670081,-2.135338155414195
18.03921568627451,0.02320033149816875,-2.152517035115594
18.04721888755502,0.005926597979779111,-2.169727385326711
18.05522208883554,-0.01148775428915677,-2.186963884061135
18.06322529011605,-0.0290435453805027,-2.204221096047092
18.07122849139656,-0.0467415910172661,-2.22149347272745
18.07923169267707,-0.06458270257365259,-2.238775352259726
18.08723489395758,-0.08256801062454461,-2.256064735393414
18.09523809523809,-0.1007054081965635,-2.27343761795892
18.10324129651861,-0.1189963342115195,-2.29089338182974
18.11124449779912,-0.1374384753298542,-2.30838941352433
18.11924769907963,-0.1560293999299024,-2.325883952413335
18.12725090036015,-0.1747665581078923,-2.343336090719594
18.13525410164065,-0.1936472816779362,-2.360705773518136
18.14325730292117,-0.2126687841720653,-2.377953798736202
18.15126050420168,-0.231828160840178,-2.395041817153203
18.15926370548219,-0.2511223886500749,-2.411932332400752
18.16726690676271,-0.2705483262874492,-2.428588700962657
18.17527010804322,-0.2901027141558873,-2.444975132174916
18.18327330932373,-0.3097821743768691,-2.461056688225722
18.19127651060424,-0.3295832107897577,-2.476799284155454
18.19927971188475,-0.349502208951837,-2.492169687856706
18.20728291316527,-0.3695354361382568,-2.507135520074242
18.21528611444578,-0.3896790413420687,-2.521665254405029
18.22328931572629,-0.409929055274218,-2.535728217298224
18.2312925170068,-0.4302813903635427,-2.549294588055181
18.23929571828732,-0.4507318407567735,-2.562335398829444
18.24729891956783,-0.4712760823185351,-2.574822534626753
18.25530212084834,-0.4919096726313352,-2.586728733305032
18.26330532212885,-0.5126280509956029,-2.598027585574419
18.27130852340936,-0.5334265384296321,-2.608693534997225
18.27931172468988,-0.5543003376696195,-2.618701877987963
18.28731492597039,-0.5752445331696548,-2.628028763813336
18.2953181272509,-0.5962540911017207,-2.636651194592242
18.30332132853141,-0.6173238593556929,-2.644547025295774
18.31132452981192,-0.6384485675393307,-2.65169496374721
18.31932773109244,-0.659622826978315,-2.658074570622037
18.32733093237295,-0.6808411307161916,-2.663666259447921
18.33533413365346,-0.7020978535144082,-2.668451296604724
18.34333733493397,-0.7233872518523065,-2.672411801324508
18.35134053621449,-0.7447034639271209,-2.675530745691519
18.359343737495,-0.7660405096539781,-2.677791954642203
18.36734693877551,-0.7873922906658891,-2.679180105965194
18.37535014005602,-0.8087525903137869,-2.679680730301324
18.38335334133653,-0.8301150736664691,-2.679280211143618
18.39135654261705,-0.851473287510634,-2.67796578483729
18.39935974389756,-0.8728206603508755,-2.67572554057975
18.40736294517807,-0.8941505024096792,-2.672548420420601
18.41536614645858,-0.9154560056274238,-2.668424219261639
18.4233693477391,-0.9367302436623819,-2.663343584856854
18.43137254901961,-0.9579661718907085,-2.657298017812431
18.43937575030012,-0.9791566274064816,-2.650279871586743
18.44737895158063,-1.000294329021642,-2.642282352490357
18.45538215286114,-1.021371877266034,-2.633299519686036
18.46338535414166,-1.042381754387397,-2.623326285188739
18.47138855542217,-1.06331632435136,-2.612358413865612
18.47939175670268,-1.084167832841447,-2.600392523435997
18.48739495798319,-1.104928407259064,-2.587426084471436
18.4953981592637,-1.125590056723542,-2.573457420395644
18.50340136054422,-1.146144672072073,-2.558485707484551
18.51140456182473,-1.166584025859753,-2.542510974866268
18.51940776310524,-1.18689977235957,-2.525534104521105
18.52741096438575,-1.207083447562409,-2.507556831281565
18.53541416566627,-1.227126469177044,-2.48858174283234
18.54341736694678,-1.247020136630143,-2.468612279710319
18.55142056822729,-1.266755631066258,-2.447652735304595
18.5594237695078,-1.286324015347861,-2.425708255856418
18.56742697078831,-1.305716234055294,-2.402784840459266
18.57543017206883,-1.324923113486793,-2.378889341058801
18.58343337334934,-1.343935361658492,-2.354029462452876
18.59143657462985,-1.362743568304424,-2.328213762291539
18.59943977591037,-1.381338204876502,-2.301451651077025
18.60744297719087,-1.399709624544533,-2.273753392163791
18.61544617847139,-1.417848062196241,-2.24513010175843
18.6234493797519,-1.435743634437215,-2.215593748919778
18.63145258103241,-1.45338633959095,-2.185157155558842
18.63945578231293,-1.47076605769883,-2.153833996438844
18.64745898359344,-1.487875452011783,-2.12167460245499
18.65546218487395,-1.504717665933923,-2.088837695136425
18.66346538615446,-1.521289602155924,-2.055376100872429
18.67146858743497,-1.537587533801954,-2.021330537027745
18.67947178871549,-1.553607960180791,-1.986741301706276
18.687474989996,-1.569347606785783,-1.951648273751176
18.69547819127651,-1.584803425294875,-1.916090912744795
18.70348139255702,-1.599972593570602,-1.880108259008689
18.71148459383754,-1.614852515660089,-1.843738933603625
18.71948779511805,-1.629440821795052,-1.807021138329575
18.72749099639856,-1.643735368391791,-1.769992655725737
18.73549419767907,-1.657734238051215,-1.732690849070469
18.74349739895958,-1.671435739558804,-1.695152662381383
18.7515006002401,-1.684838407884634,-1.657414620415287
18.75950380152061,-1.697941004183375,-1.619512828668193
18.76750700280112,-1.710742515794282,-1.581482973375324
18.77551020408163,-1.723242156241203,-1.54336032151111
18.78351340536214,-1.735439365232574,-1.505179720789208
18.79151660664266,-1.74733380866143,-1.466975599662428
18.79951980792317,-1.758925378605386,-1.428781967322842
18.80752300920368,-1.770214193326651,-1.390632413701714
18.81552621048419,-1.781200597272024,-1.352560109469513
18.82352941176471,-1.791885161072895,-1.314597806035919
18.83153261304522,-1.802268681545244,-1.276777835549819
18.83953581432573,-1.81235218168964,-1.239132110899309
18.84753901560624,-1.822136910691242,-1.201692125711708
18.85554221688675,-1.831624343919805,-1.164488954353491
18.86354541816727,-1.840816182929669,-1.127553251930398
18.87154861944778,-1.849714355459765,-1.090915254287358
18.87955182072829,-1.858321015433615,-1.054604778008504
18.8875550220088,-1.866638542959329,-1.018651220417181
18.89555822328932,-1.874669544329611,-0.9830835595759395
18.90356142456983,-1.882416852021746,-0.9479303542865533
18.91156462585034,-1.88988352469763,-0.9132197440899665
18.91956782713085,-1.897072847203728,-0.8789794492663638
18.92757102841136,-1.90398833057111,-0.8452367708351366
18.93557422969188,-1.910633712015419,-0.8120185905548706
18.94357743097239,-1.917012954936908,-0.779351370923366
18.9515806322529,-1.923130248920407,-0.7472611551776399
18.95958383353342,-1.928990009735341,-0.7157735672939037
18.96758703481392,-1.934596879335724,-0.6849138119875973
18.97559023609444,-1.939957155061385,-0.654657796518927
18.98359343737495,-1.945077859101356,-0.6249326544655927
18.99159663865546,-1.949963312694974,-0.5957363051418181
18.99959983993597,-1.95461776238187,-0.5670676773033188
19.00760304121649,-1.959045422537532,-0.5389254261136435
19.015606242497,-1.963250475373304,-0.5113079331441741
19.02360944377751,-1.967237070936392,-0.4842133063741371
19.03161264505802,-1.971009327109856,-0.4576393801905558
19.03961584633853,-1.974571329612615,-0.4315837153883229
19.04761904761905,-1.977927131999444,-0.4060435991701515
19.05562224889956,-1.981080755660978,-0.381016045146588
19.06362545018007,-1.984036189823708,-0.3564977933360113
19.07162865146059,-1.986797391549981,-0.3324853101646335
19.07963185274109,-1.989368285738005,-0.3089747884665098
19.08763505402161,-1.991752765121843,-0.2859621474834969
19.09563825530212,-1.993954690271418,-0.2634430328653166
19.10364145658263,-1.995977889592508,-0.2414128166695118
19.11164465786315,-1.997826159326749,-0.2198665973614591
19.11964785914366,-1.999503263551637,-0.1987991998143686
19.12765106042417,-2.001012934180521,-0.1782051753092817
19.13565426170468,-2.002358870962613,-0.1580788015350743
19.14365746298519,-2.003544741482979,-0.1384140825884627
19.15166066426571,-2.004574181162542,-0.11920474897397
19.15966386554622,-2.005450793258086,-0.10044425760398
19.16766706682673,-2.006178148862252,-0.08212579179869928
19.17567026810724,-2.006759786903533,-0.06424226128616664
19.18367346938776,-2.007199214146286,-0.04678630220225566
19.19167667066827,-2.007499905190724,-0.02975027709067087
19.19967987194878,-2.007665302472916,-0.01312627490295858
19.20768307322929,-2.007698816264789,0.003093889001524817
19.2156862745098,-2.007603824674132,0.01891867285556662
19.22368947579032,-2.00738367364458,0.0343568084841311
19.23169267707083,-2.007041676955639,0.04941730130434793
19.23969587835134,-2.006581116222665,0.0641094303255145
19.24769907963185,-2.006005240896872,0.07844274814909512
19.25570228091237,-2.005317268265336,0.09242708096871988
19.26370548219288,-2.004520383450987,0.1060725285701817
19.27170868347339,-2.003617767469749,0.1193891413072035
19.2797118847539,-2.002612452653626,0.1323838936688531
19.28771508603441,-2.001506590798925,0.1450648123629984
19.29571828731493,-2.000302180167201,0.1574403781370717
19.30372148859544,-1.99900119312053,0.1695189085119113
19.31172468987595,-1.99760557612151,0.1813085577817609
19.31972789115646,-1.996117249733258,0.1928173170142646
19.32773109243697,-1.99453810861941,0.2040530140504875
19.33573429371749,-1.992870021544125,0.2150233135048848
19.343737494998,-1.991114831372077,0.2257357167653226
19.35174069627851,-1.989274355068466,0.2361975619930724
19.35974389755902,-1.98735038369901,0.2464160241228113
19.36774709883954,-1.985344682429945,0.2563981148626222
19.37575030012005,-1.98325899052803,0.2661506826939932
19.38375350140056,-1.981095021360544,0.2756804128718144
19.39175670268107,-1.978854462395282,0.2849938274243934
19.39975990396158,-1.976538975200565,0.2940972851534311
19.4077631052421,-1.97415019544523,0.3029969816340383
19.41576630652261,-1.971689732898636,0.3116989492147308
19.42376950780312,-1.969159171430663,0.320209057017431
19.43177270908363,-1.966560069011708,0.3285330109374658
19.43977591036414,-1.963893957712692,0.3366763536435649
19.44777911164466,-1.961162343705052,0.3446444645778739
19.45578231292517,-1.958366707260749,0.3524425599559334
19.46378551420568,-1.95550850275226,0.360075692766693
19.47178871548619,-1.952589158652586,0.367548752772508
19.47979191676671,-1.949610077535248,0.3748664665091395
19.48779511804722,-1.946572636074284,0.3820333972857536
19.49579831932773,-1.943478185044255,0.3890539451849199
19.50380152060824,-1.940328049320238,0.3959323470626207
19.51180472188875,-1.937123527877838,0.4026726765482382
19.51980792316927,-1.933865893793174,0.4092788440445598
19.52781112444978,-1.930556394242885,0.4157545967277806
19.53581432573029,-1.92719625050413,0.4221035185474993
19.54381752701081,-1.923786657954598,0.4283290302267228
19.55182072829132,-1.920328786072481,0.4344343892618617
19.55982392957183,-1.916823778436502,0.4404226899227304
19.56782713085234,-1.913272752725904,0.4462968632525559
19.57583033213285,-1.909676800720444,0.4520596770679624
19.58383353341337,-1.906036346458227,0.4577180898789253
19.59183673469388,-1.902351358360744,0.4632808068456167
19.59983993597439,-1.898622492116361,0.4687510429185878
19.6078431372549,-1.894850392073497,0.4741319284937056
19.61584633853541,-1.891035687618728,0.4794265354905516
19.62384953981593,-1.887178993176788,0.4846378773524317
19.63185274109644,-1.883280908210573,0.4897689090463628
19.63985594237695,-1.879342017221135,0.4948225270630808
19.64785914365746,-1.875362889747686,0.4998015694170392
19.65586234493798,-1.871344080367595,0.5047088156464087
19.66386554621849,-1.867286128696393,0.5095469868130776
19.671868747499,-1.863189559387767,0.5143187455026517
19.67987194877951,-1.859054882133564,0.5190266958244516
19.68787515006002,-1.854882591663788,0.5236733834115218
19.69587835134054,-1.850673167746604,0.5282612954206181
19.70388155262105,-1.846427075188334,0.5327928605322154
19.71188475390156,-1.842144763833458,0.5372704489505058
19.71988795518207,-1.837826668564621,0.5416963724033996
19.72789115646259,-1.833473209302617,0.5460728841425236
19.7358943577431,-1.829084791006408,0.5504021789432205
19.74389755902361,-1.824661803673105,0.5546863931045557
19.75190076030412,-1.820204622337986,0.5589276044493067
19.75990396158463,-1.815713607074484,0.5631278323239698
19.76790716286515,-1.811189102994194,0.5672890375987594
19.77591036414566,-1.806631440246865,0.5714131226676066
19.78391356542617,-1.802040934020406,0.5755019314481593
19.79191676670668,-1.797417884540889,0.5795572493817849
19.79991996798719,-1.792762577072543,0.5835808034335646
19.80792316926771,-1.788075281917746,0.5875742620923015
19.81592637054822,-1.78335625441705,0.5915392353705138
19.82392957182873,-1.778605734949154,0.5954772748044348
19.83193277310924,-1.773823948930925,0.5993898734540194
19.83993597438976,-1.769011106817383,0.6032784659029368
19.84793917567027,-1.764167402160351,0.6071444358620162
19.85594237695078,-1.75929291340772,0.6109895179375805
19.86394557823129,-1.754387739357097,0.6148153228733467
19.8719487795118,-1.749452022511955,0.6186232364537241
19.87995198079232,-1.744485895999924,0.6224146217312725
19.88795518207283,-1.739489483572793,0.6261908190267009
19.89595838335334,-1.734462899606513,0.6299531459288668
19.90396158463385,-1.729406249101194,0.6337028972947767
19.91196478591436,-1.724319627681109,0.6374413452495841
19.91996798719488,-1.719203121594682,0.641169739186596
19.92797118847539,-1.714056807714506,0.6448893057672636
19.9359743897559,-1.708880753537331,0.648601248921189
19.94397759103641,-1.703675017184067,0.6523067498461219
19.95198079231693,-1.698439647399786,0.6560069670079621
19.95998399359744,-1.693174683553714,0.6597030361407566
19.96798719487795,-1.687880155639244,0.6633960702467037
19.97599039615846,-1.682556084273929,0.6670871595961464
19.98399359743897,-1.677202480699473,0.6707773717275831
19.99199679871949,-1.671819346781744,0.6744677514476533
20,-1.666406675010781,0.678159320831152
