t,delta,psi_nominal,psi_actual,psi_fitted,err_nominal,err_fitted,r_nominal,r_actual,r_fitted
0,8,0,0,0,0,0,0,0,0
0.2,8,0.0072,0.003478260869565218,0.003277400470581112,0.003721739130434782,-0.0002008603989841055,0.036,0.01739130434782609,0.01638700235290556
0.4,8,0.02142,0.01038101089579406,0.009787446450982198,0.01103898910420594,-0.000593564444811864,0.0711,0.03451375013114422,0.03255022990200543
0.6000000000000001,8,0.0424845,0.02065541220895385,0.01948599413752552,0.02182908779104615,-0.001169418071428334,0.1053225,0.05137200656579895,0.04849273843271659
0.8,8,0.07022238750000001,0.03424954322493274,0.03232950253788312,0.03597284427506727,-0.001920040687049623,0.1386894375,0.06797065507989443,0.06421754200178798
1,8,0.1044668278125,0.05111238139355649,0.04827502523930942,0.05335444641894353,-0.002837356154247073,0.1712222015625,0.08431419084311878,0.07972761350713153
1.2,8,0.1450551571171875,0.07119378624770881,0.06728020228928383,0.07386137086947872,-0.003913583958424977,0.2029416465234375,0.1004070242707616,0.09502588524987207
1.4,8,0.1918287781892578,0.09444448274828153,0.0893032521870282,0.09738429544097631,-0.005141230561253332,0.2338681053603516,0.1162534825028636,0.1101152494887218
1.6,8,0.2446330587345264,0.1208160449200676,0.1143029639843852,0.1238170138144588,-0.006513080935682494,0.2640214027263428,0.1318578108589306,0.1249985589867847
1.8,8,0.3033172322661633,0.1502608797737944,0.1422386894945639,0.1530563524923688,-0.008022190279230512,0.2934208676581842,0.147224174268634,0.1396786275508938
2,8,0.3677343014595092,0.1827322115095777,0.1730703356072806,0.1850020899499315,-0.009661875902297085,0.3220853459667296,0.1623566586789162,0.1541582305635834
2.2,8,0.4377409439230215,0.2181840659971592,0.20675835670884,0.2195568779258623,-0.01142570928831915,0.3500332123175613,0.1772592724379073,0.1684401055077971
2.4,8,0.513197420324946,0.2565712555283703,0.2432637472057262,0.2566261647965757,-0.01330750832264413,0.3772823820096223,0.1919359476560555,0.1825269524844307
2.6,8,0.5939674848168224,0.2978493638373433,0.2825480341502876,0.296118120979479,-0.01530132968705578,0.4038503224593818,0.2063905415448652,0.196421434722807
2.8,8,0.6799182976964018,0.3419747313840692,0.3245732699671238,0.3379435663123326,-0.01740146141694543,0.4297540643978973,0.2206268377336293,0.2101261790841809
3,8,0.7709203402539917,0.3889044408969764,0.3693020252787973,0.3820158993570153,-0.0196024156181791,0.4550102127879498,0.2346485475645359,0.2236437765583678
3.2,8,0.8668473317476419,0.4385963031702809,0.4166973818295154,0.4282510285773611,-0.02189892134076549,0.4796349574682511,0.2484593113665225,0.2369767827535905
3.4,8,0.9675761484539509,0.4910088431119296,0.4667229255054429,0.4765673053420213,-0.02428591760648668,0.5036440835315448,0.2620626997082436,0.2501277183796376
3.6,8,1.072986744742602,0.5461012860380321,0.5193427394503275,0.5268854587045699,-0.0267585465877046,0.5270529814432562,0.2754622146305126,0.263099069724423
3.8,8,1.182962076124037,0.6038335442097459,0.5745213972751352,0.579128531914291,-0.02931214693461071,0.5498766569071748,0.2886612908585692,0.2758932891240385
4,8,1.297388024220936,0.6641662036086502,0.6322239563604126,0.6332218206122857,-0.03194224724823758,0.5721297404844954,0.3016632969945214,0.2885127954263871
4.2,8,1.416153323615412,0.7270605109467104,0.6924159512501097,0.689092812668702,-0.03464455969660074,0.593826496972383,0.314471536690301,0.3009599744484853
4.4,8,1.539149490525027,0.792478360907004,0.7550633871356138,0.7466711296180232,-0.03741497377139014,0.6149808345480734,0.3270892498014676,0.3132371794275207
4.600000000000001,8,1.666270753261901,0.8603822836114419,0.8201327334287638,0.8058884696504596,-0.04024955018267806,0.6356063136843716,0.3395196135221896,0.3253467314657496
4.800000000000001,8,1.797413984430354,0.9307354323117867,0.8875909174226279,0.8666785521185671,-0.04314451488915882,0.6557161558422623,0.3517657435017239,0.3372909199693203
5,8,1.932478634819595,1.003501571300329,0.9574053180388484,0.928977063519266,-0.04609625326148059,0.6753232519462057,0.3638306949427119,0.3490720030811028
5.2,8,2.071366668949105,1.078645064036649,1.02954375966037,0.9927216049124561,-0.04910130437627891,0.6944401706475506,0.3757174636816013,0.3606922081076088
5.4,8,2.213982502225377,1.156130861486949,1.103974506048387,1.057851640738428,-0.05215635543856267,0.7130791663813618,0.3874289872514997,0.3721537319400813
5.600000000000001,8,2.360232939669743,1.235924490672501,1.180666254342353,1.124308448997242,-0.0552582363301477,0.7312521872218277,0.3989681459277594,0.3834587414698344
5.800000000000001,8,2.510027116177999,1.317992043423819,1.259588129141938,1.192035072754181,-0.05840391428188108,0.7489708825412821,0.4103377637565874,0.3946093739979211
6,8,2.663276438273549,1.402300165337212,1.340709676669779,1.260976272936337,-0.06159048866743366,0.76624661047775,0.4215406095669693,0.4056077376392068
6.2,8,2.81989452731671,1.488816044930451,1.424000859013964,1.33107848238626,-0.06481518591648672,0.7830904452158063,0.432579397966191,0.4164559117209251
6.4,8,2.979797164133793,1.577507402994298,1.509432048449122,1.402289761139495,-0.06807535454517577,0.7995131840854112,0.4434567903192365,0.427155947175791
6.600000000000001,8,3.142902235030448,1.668342482136765,1.596974021835071,1.474559752893683,-0.0713684603016933,0.8155253544832759,0.4541753957123338,0.4377098669297459
6.800000000000001,8,3.309129679154687,1.761290036516949,1.686597955091953,1.547839642637738,-0.07469208142499584,0.831137220621194,0.4647377719009202,0.4481196662844074
7,8,3.478401437175819,1.856319321765406,1.778275417750812,1.622082115410413,-0.07804390401459371,0.8463587901056642,0.4751464262422864,0.458387313294297
7.2,8,3.650641401246424,1.953400085088038,1.871978367578596,1.697241316158385,-0.08142171750944271,0.8611998203530226,0.4854038166131617,0.4685147491389167
7.4,8,3.825775366215263,2.052502555550537,1.967679145276544,1.773272810664726,-0.08482341027399243,0.875669824844197,0.495512352312492,0.4785038884897433
7.600000000000001,8,4.003730982059881,2.153597434540469,2.065350469250987,1.850133547519413,-0.08824696528948195,0.889778079223092,0.50547439494966,0.4883566198722131
7.800000000000001,8,4.184437707508384,2.256655886404148,2.164965430455539,1.927781821104237,-0.09169045594860847,0.9035336272425147,0.5152922593183932,0.4980748060227618
8,8,4.367826764820674,2.361649529255467,2.266497487303737,2.006177235565207,-0.09515204195173022,0.9169452865614519,0.5249682142565991,0.50766028424099
8.200000000000001,8,4.553831095700158,2.46855042595394,2.369920460651141,2.085280669746218,-0.09862996530279933,0.9300216543974156,0.534504483492364,0.5171148667370187
8.4,8,4.742385318307654,2.577331075249209,2.475208528845961,2.165054243058445,-0.102122546403248,0.9427711130374802,0.5439032464763457,0.5264403409741022
8.6,8,4.933425685349962,2.687964403089367,2.582336222847274,2.245461282260595,-0.1056281802420931,0.9552018352115432,0.553166639200789,0.5356384700065622
8.800000000000001,8,5.126890043216213,2.800423754090444,2.691278421409895,2.326466289125769,-0.1091453326805487,0.9673217893312547,0.5622967550053857,0.5447109928131065
9,8,5.322717792135808,2.914682883164483,2.802010346335015,2.408034908971324,-0.1126725368294688,0.9791387445979733,0.5712956453701987,0.5536596246255975
9.200000000000001,8,5.520849847332412,3.030715947303656,2.91450755778568,2.490133900028756,-0.116208389517976,0.990660275983024,0.5801653206958655,0.5624860572533293
9.4,8,5.721228601149102,3.148497497517914,3.028745949666256,2.572731103631188,-0.1197515478516582,1.001893769083448,0.5889077510712902,0.5711919594028787
9.600000000000001,8,5.923797886120375,3.268002470923721,3.144701745064973,2.655795415196653,-0.1233007258587482,1.012846424856362,0.5975248670290348,0.579778976993586
9.800000000000001,8,6.128502938967365,3.389206182981443,3.262351491758719,2.739296755985922,-0.1268546912227237,1.023525264234953,0.6060185602886087,0.5882487334687303
10,8,6.335290365493181,3.512084319879015,3.38167205777921,2.823206045614166,-0.1304122620998052,1.033937132629079,0.6143906844878592,0.5966028301024533
10.2,8,6.544108106355852,3.636612931059547,3.502640627039709,2.907495175296305,-0.1339723040198382,1.044088704313352,0.6226430559026581,0.6048428463024932
10.4,8,6.754905403696956,3.762768421890562,3.625234695021466,2.992136981806394,-0.1375337268690964,1.053986486705519,0.630777454155076,0.6129703399087841
10.6,8,6.967632768604532,3.890527546472609,3.749432064519061,3.077105222131924,-0.1410954819535473,1.063636824537881,0.6387956229102333,0.6209868474879779
10.8,8,7.182241949389419,4.019867400585011,3.87521084144385,3.162374548804408,-0.1446565591411608,1.073045903924434,0.6466992705620138,0.6288938846239444
11,8,7.398685900654684,4.150765414766576,4.002549430684711,3.247920485888108,-0.1482159840818644,1.082219756326323,0.6544900709078226,0.6366929462043039
11.2,8,7.616918753138316,4.283199347529089,4.131426532025321,3.333719405609227,-0.1517728155037679,1.091164262418165,0.6621696638125661,0.6443855067030485
11.4,8,7.836895784309858,4.417147278701495,4.261821136117181,3.419748505608363,-0.1553261425843138,1.099885155857711,0.6697396558620299,0.6519730204593017
11.6,8,8.058573389702111,4.55258760290266,4.393712520507636,3.505985786799451,-0.1588750823950242,1.108388026961268,0.6772016210058265,0.6594569219522738
11.8,8,8.281909054959559,4.689499023140677,4.527080245722128,3.592410031818883,-0.1624187774185488,1.116678326287236,0.684557101190082,0.6668386260724607
12,8,8.50686132858557,4.827860544536682,4.661904151399956,3.679000784048888,-0.1659563931367263,1.124761368130055,0.6918076069800263,0.6741195283891406
12.2,8,8.733389795370931,4.967651468171212,4.798164352482799,3.765738327199719,-0.1694871156884128,1.132642333926804,0.6989546181726516,0.6813010054142171
12.4,8,8.961455050486657,5.108851385051131,4.935841235455292,3.852603665435526,-0.1730101495958394,1.140326275578634,0.7059995843995956,0.6883844148624597
12.6,8,9.191018674224491,5.251440170195213,5.07491545463693,3.939578504029278,-0.1765247155582834,1.147818118689168,0.7129439257204099,0.6953710959081904
12.8,8,9.422043207368878,5.395397976836485,5.215367928524623,4.026645230532393,-0.1800300483118624,1.155122665721939,0.7197890332063638,0.702262369438465
13,8,9.654492127184657,5.540705230739473,5.357179836185183,4.113786896445184,-0.1835253945542901,1.16224459907889,0.7265362695149377,0.7090595383027978
13.2,8,9.888329824005041,5.687342624630503,5.500332613697077,4.200987199374538,-0.1870100109334256,1.169188484101918,0.7331869694551512,0.7157638875594748
13.4,8,10.12352157840492,5.835291112739278,5.644807950640779,4.288230465665637,-0.1904831620984995,1.17595877199937,0.7397424405438737,0.7223766847185048
13.6,8,10.36003353894479,5.98453190544993,5.790587786637029,4.375501633494863,-0.193944118812901,1.182559802699386,0.7462039635532595,0.7288991799812513
13.8,8,10.59783270047117,6.135046464059819,5.937654307932387,4.462786236411354,-0.1973921561274317,1.188995807631901,0.7525727930494461,0.7353326064767937
14,8,10.83688688295939,6.28681649564435,6.085989944031399,4.550070387315044,-0.200826551612951,1.195270912441104,0.758850157922656,0.7416781804950595
14.2,8,11.07716471088541,6.439823948026117,6.235577364374755,4.637340762859292,-0.2042465836513623,1.201389139630076,0.765037261908834,0.7479371017167741
14.4,8,11.31863559311327,6.594051004846708,6.386399475062809,4.724584588266566,-0.2076515297838997,1.207354411139324,0.7711352841029551,0.7541105534402691
14.6,8,11.56126970328544,6.749480080739534,6.538439415623848,4.811789622545909,-0.2110406651156866,1.213170550860841,0.7771453794641304,0.760199702805195
14.8,8,11.80503796070331,6.906093816602063,6.691680555826483,4.898944144101245,-0.2144132607755793,1.21884128708932,0.7830686793126416,0.7662057010131773
15,8,12.04991201168573,7.063875074965868,6.846106492535576,4.986036936719858,-0.217768582430292,1.224370254912087,0.7889062918190261,0.7721296835454611
15.2,8,12.29586421139358,7.222806935462935,7.001701046611092,5.073057275930647,-0.2211058888518425,1.229760998539285,0.7946593024853382,0.7779727703775818
15.4,8,12.54286760610874,7.382872690386677,7.158448259849314,5.159994915722066,-0.2244244305373631,1.235016973575803,0.8003287746187064,0.7837360661911064
15.6,8,12.79089591595602,7.544055840346138,7.31633239196581,5.246840075609887,-0.2277234483803277,1.240141549236408,0.805915749797304,0.7894206605824811
15.8,8,13.03992351805712,7.706340090011908,7.475337917619616,5.333583428045216,-0.2310021723922926,1.245138010505497,0.8114212483288508,0.795027628269029
16,8,13.2899254301057,7.86970934395226,7.635449523478043,5.420216086153437,-0.2342598204742172,1.25000956024286,0.8168462697017598,0.8005580292921335
16.2,8,13.54087729435305,8.034147702558068,7.796652105321572,5.506729591794986,-0.2374955972364958,1.254759321236788,0.8221917930290398,0.8060129092176473
16.4,8,13.79275536199423,8.199639458055081,7.958930765188285,5.593115903939147,-0.2407086928667965,1.259390338205869,0.8274587774850649,0.8113932993335653
16.6,8,14.04553647794437,8.366169090602146,8.122270808557284,5.679367387342227,-0.2438982820448619,1.263905579750722,0.8326481627353188,0.8167002168449972
16.8,8,14.29919806599576,8.533721264473989,8.286657741570579,5.765476801521773,-0.2470635229034102,1.268307940256954,0.8377608693592188,0.8219346650664784
17,8,14.55371811434587,8.702280824327215,8.452077268292911,5.851437290018653,-0.2502035560343039,1.27260024175053,0.8427977992661245,0.8270976336116548
17.2,8,14.80907516148722,8.87183279154814,8.618515288008986,5.937242369939081,-0.2533175035391544,1.276785235706767,0.8477598361046335,0.8321900985803764
17.4,8,15.06524828245004,9.042362360681192,8.785957892557633,6.022885921768848,-0.2564044681235593,1.280865604814098,0.8526478456652621,0.8372130227432373
17.6,8,15.32221707538879,9.213854895936516,8.954391363702351,6.108362179452275,-0.2594635322341645,1.284843964693745,0.8574626762766131,0.8421673557235946
17.8,8,15.57996164850407,9.38629592777554,9.123802170537772,6.19366572072853,-0.2624937572377686,1.288722865576401,0.8622051591951231,0.8470540341771023
18,-6,15.83846260729147,9.559671149573237,9.294176966931531,6.278791457718231,-0.2654941826417065,1.292504793936991,0.8668761089884872,0.8518739819687938
18.2,-6,16.08510104210918,9.727879457834069,9.459767138177563,6.357221584275111,-0.2681123196565061,1.233192174088567,0.8410415413041569,0.8279508562301604
18.4,-6,16.32017351605645,9.891012722160786,9.620638021335733,6.429160793895663,-0.2703747008250534,1.175362369736352,0.8156663216335885,0.8043544157908449
18.6,-6,16.54396917815504,10.04916112445872,9.776854061247336,6.494808053696314,-0.2723070632113878,1.118978310492944,0.7907420114896918,0.7810801995580136
18.8,-6,16.75676994870116,10.20241318791069,9.928478822718908,6.554356760790471,-0.2739343651917832,1.06400385273062,0.7662603172598378,0.7581238073578559
19,-6,16.95885069998363,10.35085580546566,10.07557500253965,6.607994894517972,-0.2752808029260123,1.010403756412354,0.7422130877748367,0.7354808991036969
19.2,-6,17.15047943248404,10.49457426784977,10.21820444133474,6.655905164634271,-0.2763698265150278,0.9581436625020456,0.7185923119205457,0.7131471939754693
19.4,-6,17.33191744667194,10.63365229110804,10.35642813525682,6.698265155563902,-0.2772241558512185,0.9071900709394944,0.6953901162913474,0.6911184696103914
19.6,-6,17.50341951050514,10.76817204368499,10.49030624751776,6.735247466820153,-0.2778657961672302,0.8575103191660071,0.6725987628847544,0.6693905613046954
19.8,-6,17.66523402274251,10.89821417305227,10.61989811976301,6.767019849690243,-0.2783160532892595,0.8090725611868569,0.6502106468364068,0.6479593612262582
20,-6,17.81760317217395,11.02385783189122,10.74526228329061,6.793745340282731,-0.2785955486006113,0.7618457471571854,0.6282182941947426,0.6268208176379827
20.2,-6,17.9607630928696,11.14518070383814,10.86645647011696,6.815582389031457,-0.2787242337211815,0.7157996034782558,0.6066143597346324,0.6059709341317853
20.4,-6,18.09494401554786,11.2622590288,10.98353762389157,6.832684986747861,-0.2787214049084312,0.6709046133912994,0.585391624809285,0.5854057688730435
20.6,-6,18.22037041515917,11.37516762784795,11.09656191066264,6.845202787311216,-0.2786057171853074,0.6271319980565169,0.5645429952397386,0.5651214338553612
20.8,-6,18.33726115478019,11.4839799276962,11.20558472949575,6.853281227083983,-0.2783951982004584,0.5844536981051039,0.5440614992412676,0.5451140941655098
21,-6,18.44582962591068,11.58876798477341,11.31066072294743,6.857061641137271,-0.2781072618259852,0.5428423556524764,0.5239402853860436,0.5253799672584086
21.2,-6,18.54628388526292,11.68960250889369,11.41184378739583,6.856681376369224,-0.2777587214978645,0.5022712967611644,0.5041726206014048,0.5059153222420042
21.4,-6,18.63882678813134,11.78655288653431,11.50918708323021,6.852273901597032,-0.2773658033041002,0.4627145143421353,0.4847518882030924,0.4867164791719161
21.6,-6,18.72365611842806,11.87968720372688,11.60274304490135,6.843968914701183,-0.2769441588255237,0.4241466514835819,0.4656715859628332,0.4677798083557146
21.8,-6,18.80096471546736,11.96907226856881,11.69256339083469,6.831892446898552,-0.2765088777341127,0.3865429851964924,0.4469253242096484,0.4491017296666984
22,-6,18.87094059758067,12.05477363336166,11.7786991332081,6.816166964219009,-0.2760745001535607,0.3498794105665801,0.4285068239642867,0.4306787118670437
22.2,-6,18.93376708264116,12.1368556163829,11.86120058759614,6.796911466258255,-0.2756550287867601,0.3141324253024156,0.4104099151061871,0.412507271940196
22.4,-6,18.98962290557513,12.21538132329738,11.94011738248262,6.774241582277748,-0.2752639408147619,0.2792791146698552,0.3926285345723867,0.3945839744323781
22.6,-6,19.03868233293575,12.29041266821494,12.01549846864324,6.748269664720809,-0.2749141995717039,0.2452971368031088,0.3751567245878016,0.3769054308030907
22.8,-6,19.08111527461235,12.3620103944002,12.08739212840013,6.71910488021215,-0.2746182660000702,0.2121647083830311,0.3579886309263157,0.3594682987844823
23,-6,19.11708739274705,12.43023409464063,12.15584598475003,6.686853298106415,-0.2743881098906016,0.1798605906734553,0.3411185012021236,0.3422692817494667
23.2,-6,19.14676020792837,12.49514223127879,12.22090701036772,6.651617976649582,-0.2742352209110646,0.1483640759066189,0.3245406831907849,0.3253051280884702
23.4,-6,19.17029120273016,12.55679215591468,12.28262153648666,6.613499046815484,-0.274170619428018,0.1176549740089535,0.3082496231794535,0.3085726305946888
23.6,-6,19.18783392266191,12.61524012878383,12.34103526165821,6.572593793878079,-0.2742048671256221,0.08771359965872962,0.2922398643457566,0.2920686258577407
23.8,-6,19.19953807459536,12.67054133781679,12.39619326039133,6.528996736778568,-0.2743480774254632,0.05852075966726137,0.2765060451648084,0.2757899936655988
24,-6,19.20554962273048,12.72274991738556,12.44813999167427,6.482799705344915,-0.2746099257112959,0.03005774067557983,0.2610428978438494,0.2597336564146898
24.2,-6,19.20601088216221,12.77191896674236,12.49691930737988,6.434091915419851,-0.2749996593624875,0.002306297158690334,0.2458452467840143,0.2438965785280489
24.4,-6,19.20106061010816,12.81810056815611,12.54257446055616,6.382960041952046,-0.2755261075999513,-0.02475136027027693,0.2309080070687379,0.2282757658814207
24.6,-6,19.19083409485545,12.86134580475177,12.5851481136036,6.329488290103679,-0.2761976911481749,-0.05113257626352001,0.2162261829783174,0.2128682652371958
24.8,-6,19.17546324248407,12.90170477805781,12.62468234634082,6.27375846442626,-0.2770224317169916,-0.07685426185693202,0.2017948665301596,0.197671163686078
25,-6,19.15507666142197,12.93922662526666,12.66121866396009,6.21585003615531,-0.2780079613065656,-0.1019329053105087,0.1876092360442467,0.1826815880963765
25.2,-6,19.12979974488642,12.97395953621333,12.69479800487425,6.155840208673087,-0.2791615313390743,-0.126384582677746,0.173664554733366,0.167896704570817
25.4,-6,19.09975475126426,13.00595077007686,12.72546074845641,6.093803981187397,-0.2804900216204516,-0.1502249681108024,0.1599561693176527,0.1533137179107715
25.6,-6,19.06506088248265,13.03524667180946,12.75324672267397,6.029814210673191,-0.281999949135491,-0.1734693439080323,0.1464795086630077,0.1389298710878039
25.8,-6,19.02583436042059,13.06189268829805,12.77819521161846,5.963941672122534,-0.2836974766795954,-0.1961326103103315,0.1332300824429555,0.124742444722432
26,-6,18.98218850141007,13.08593338426276,12.80034496293246,5.896255117147316,-0.2855884213302975,-0.2182292950525732,0.1202034798235174,0.1107487565700077
26.2,-6,18.93423378887482,13.10741245789689,12.81973419513518,5.826821330977928,-0.2876782627617107,-0.2397735626762589,0.1073953681706824,0.09694616101361704
26.4,-6,18.88207794415295,13.12637275625291,12.83640060484796,5.755705187900045,-0.2899721514049425,-0.2607792236093525,0.09480149178006457,0.08333204856390594
26.6,-6,18.82582599554913,13.14285629037857,12.85038137392111,5.682969705170553,-0.2924749164574649,-0.2812597430191187,0.08241767062834413,0.06990384536573545
26.8,-6,18.7655803456604,13.15690425020779,12.86171317646343,5.608676095452607,-0.2951910737443679,-0.3012282494436407,0.07023979914609514,0.05665901271157423
27,-6,18.70144083701889,13.16855701921012,12.87043218577573,5.532883817808774,-0.2981248334343842,-0.3206975432075497,0.05826384501161104,0.04359504656153594
27.2,-6,18.63350481609342,13.17785418880318,12.87657408118973,5.455650627290233,-0.3012801076134579,-0.3396801046273609,0.04648584796534509,0.03070947706997074
27.4,-6,18.56186719569108,13.1848345725321,12.88017405481343,5.37703262315898,-0.3046605177186716,-0.3581881020116769,0.03490191864459009,0.01799986811852156
27.6,-6,18.4866205157988,13.18953622001971,12.88126681818454,5.297084295779097,-0.3082694018351653,-0.376233399461385,0.02350823743802805,0.005463816855556698
27.8,-6,18.40785500290383,13.19199643069167,12.87988660883292,5.215858572212168,-0.3121098218587441,-0.3938275644748503,0.01230105335978714,-0.006901046758108119
28,-6,18.32565862783124,13.1922517672802,12.87606719675346,5.133406860551043,-0.3161845705267314,-0.4109818753629791,0.001276682942649553,-0.01909706039728438
28.2,-6,18.24011716213546,13.19033806911021,12.86984189079059,5.049779093025251,-0.3204961783196172,-0.4277073284789046,-0.009568490849939704,-0.03112652981436658
28.4,-6,18.15131423308207,13.18629046517153,12.86124354493554,4.965023767910546,-0.3250469202359856,-0.444014645266932,-0.0202380196934071,-0.04299172927525287
28.6,-6,18.05933137725502,13.18014338698083,12.85030456453768,4.879187990274188,-0.3298388224431541,-0.4599142791352587,-0.0307353909534656,-0.05469490198931291
28.8,-6,17.96424809282365,13.17193058123688,12.83705691243098,4.792317511586761,-0.3348736688059031,-0.4754164221568772,-0.04106402871974234,-0.06623826053348431
29,-6,17.86614189050306,13.16168512227249,12.82153211497686,4.70445676823056,-0.3401530072956298,-0.4905310116029553,-0.05122729482194492,-0.07762398727057765
29.2,-6,17.76508834324048,13.14943942430672,12.80376126802449,4.615648918933761,-0.3456781562822258,-0.5052677363128815,-0.06122848982888648,-0.08885423476186943
29.4,-6,17.66116113465947,13.13522525350058,12.78377504278968,4.525935881158885,-0.351450210710901,-0.5196360429050594,-0.07107085403068411,-0.09993112617406065
29.6,-6,17.55443210629298,13.11907373981969,12.76160369165354,4.435358366473286,-0.3574700481661477,-0.5336451418324329,-0.08075756840443953,-0.1108567556806782
29.8,-6,17.44497130363565,13.10101538870695,12.73727705388194,4.343955914928703,-0.3637383348250065,-0.5473040132866221,-0.09029175556370544,-0.121633188857995
30,-6,17.33284702104476,13.08108009256854,12.71082456126684,4.251766928476219,-0.3702555313017086,-0.5606214129544566,-0.09967648069203584,-0.1322624630755432
30.2,-6,17.21812584551865,13.05929714207636,12.68227524369058,4.158828703442284,-0.3770218983857845,-0.5736058776305951,-0.1089147524609127,-0.1427465878812951
30.4,-6,17.10087269938068,13.03569523728989,12.65165773461426,4.065177462090785,-0.3840375026756337,-0.5862657306898302,-0.1180095239323369,-0.153087545381584
30.6,-6,16.98115088189616,13.01030249860062,12.61900027649109,3.970848383295541,-0.3913022221095286,-0.5986090874225845,-0.1269636934463659,-0.1632872906158369
30.8,-6,16.85902210984876,12.98314647750185,12.58433072610585,3.875875632346913,-0.3988157513959916,-0.6106438602370199,-0.1357801054938749,-0.1733477519261903
31,-6,16.73454655710254,12.95425416718688,12.54767655984144,3.780292389915656,-0.4065776073454419,-0.6223777637310944,-0.1444615515748147,-0.1832708313220584
31.2,-6,16.60778289317498,12.92365201297844,12.5090648788735,3.684130880196541,-0.4145871341049396,-0.6338183196378171,-0.153010771042234,-0.1930584048397226
31.4,-6,16.4787883208456,12.89136592259197,12.46852241429409,3.587422398253631,-0.422843508297877,-0.6449728616468716,-0.1614304519323276,-0.2027123228970114
31.6,-6,16.34761861282446,12.85742127623582,12.42607553216547,3.490197336588645,-0.4313457440703505,-0.6558485401056998,-0.1697232317807697,-0.2122344106431365
31.8,-6,16.21432814750385,12.8218429365507,12.38175023850472,3.392485210953149,-0.4400926980459836,-0.6664523266030573,-0.1778916984255863,-0.221626468303751
32,-6,16.07896994381625,12.78465525839134,12.33557218420046,3.294314685424917,-0.4490830741908809,-0.6767910184379808,-0.1859383907968133,-0.2308902715212968
32.2,-6,15.94159569522085,12.7458820984527,12.28756666986232,3.195713596768147,-0.4583154285903834,-0.6868712429770313,-0.1938657996931879,-0.2400275716907039
32.4,-6,15.80225580284033,12.70554682474348,12.23775865060422,3.096708978096848,-0.4677881741392635,-0.6966994619026055,-0.2016763685461099,-0.2490400962905047
32.6,-6,15.66099940776932,12.66367232590926,12.18617274076233,2.997327081860062,-0.4774995851469281,-0.7062819753550403,-0.2093724941711118,-0.2579295492094281
32.8,-6,15.51787442257509,12.62028102040784,12.13283321854862,2.897593402167244,-0.4874478018592203,-0.7156249259711643,-0.2169565275070667,-0.2666976110685327
33,-6,15.37292756201071,12.57539486553917,12.07776403064083,2.79753269647154,-0.4976308348983363,-0.7247343028218852,-0.2244307743433626,-0.2753459395389416
33.2,-6,15.22620437296044,12.52903536633212,12.02098879670979,2.697169006628325,-0.50804656962233,-0.7336159452513381,-0.2317974960352657,-0.2838761696552382
33.4,-6,15.07774926363643,12.48122358429058,11.96253081388487,2.596525679345852,-0.5186927704057087,-0.7422755466200547,-0.2390589102076922,-0.2922899141245822
33.6,-6,14.92760553204552,12.43198014600106,11.90241306115855,2.495625386044463,-0.5295670848425083,-0.7507186579545533,-0.2462171914476029,-0.3005887636316048
33.8,-6,14.77581539374438,12.38132525160401,11.84065820373072,2.394490142140372,-0.5406670478732902,-0.7589506915056895,-0.253274471985233,-0.3087742871391398
34,-6,14.62242000890077,12.32927868313114,11.77728859729375,2.293141325769636,-0.551990085837387,-0.7669769242180473,-0.2602328423643634,-0.316848032184849
34.2,-6,14.46745950867825,12.27585981271077,11.71232629225899,2.191599695967485,-0.5635335204517791,-0.7748025011125961,-0.2670943521018378,-0.3248115251737956
34.4,-6,14.3109730209613,12.22108761064347,11.64579303792559,2.089885410317834,-0.5752945727178798,-0.7824324385847812,-0.2738610103365249,-0.3326662716670237
34.6,-6,14.15299869543727,12.16498065334988,11.57771028659235,1.988018042087386,-0.5872703667575347,-0.7898716276201616,-0.2805347864679223,-0.3404137566661961
34.8,-6,13.99357372805134,12.10755713119296,11.50809919761348,1.886016596858374,-0.599457933579485,-0.7971248369296575,-0.2871176107845947,-0.3480554448943459
35,-6,13.83273438485005,12.04883485617644,11.43698064139892,1.783899528673617,-0.6118542147775177,-0.8041967160064161,-0.2936113750826354,-0.3555927810727937
35.2,-6,13.6705160252288,11.98883126952157,11.36437520336006,1.681684755707233,-0.6244560661615068,-0.8110917981062556,-0.3000179332743363,-0.3630271901942834
35.4,-6,13.50695312459808,11.92756344912412,11.29030318780158,1.579389675473964,-0.6372602613225347,-0.8178145031535993,-0.3063391019872497,-0.3703600777923886
35.6,-6,13.34207929648313,11.86504811689336,11.21478462176014,1.477031179589774,-0.6502634951332187,-0.8243691405747593,-0.3125766611538192,-0.3775928302072395
35.8,-6,13.17592731407105,11.801301645975,11.13783925879061,1.374625668096048,-0.6634623871843921,-0.8307599120603903,-0.3187323545917566,-0.3847268148476218
36,10,13.00852913121927,11.73634006785994,11.05948658270071,1.272189063359338,-0.6768534851592243,-0.8369909142588806,-0.3248078905753364,-0.3917633804494958
36.2,10,12.85431590293879,11.67713560111951,10.98630061217568,1.177180301819282,-0.6908349889438341,-0.7710661414024086,-0.2960223337021249,-0.3659298526251744
36.4,10,12.71295800536532,11.62358263182603,10.9182107926077,1.089375373539294,-0.7053718392183281,-0.7067894878673484,-0.267764846467408,-0.340449097839875
36.6,10,12.58413405523119,11.57557732910705,10.85514753285644,1.008556726124139,-0.7204297962506097,-0.6441197506706647,-0.2400265135948904,-0.3153162987563023
36.8,10,12.46753070385041,11.53301761522234,10.79704219209226,0.9345130886280728,-0.7359754231300801,-0.5830167569038981,-0.2127985694235678,-0.2905267038209255
37,10,12.36284243625415,11.49580313617151,10.74382706681913,0.8670393000826451,-0.7519760693523807,-0.5234413379813007,-0.1860723952541534,-0.2660756263656603
37.2,10,12.2697713753478,11.46383523282296,10.69543537807476,0.8059361425248373,-0.7683998547481981,-0.4653553045317682,-0.1598395167427274,-0.2419584437218167
37.4,10,12.1880270909641,11.4370169125548,10.65180125880553,0.7510101784093042,-0.7852156537492672,-0.4087214219184739,-0.1340916013408002,-0.2181705963461477
37.6,10,12.11732641369,11.4152528213986,10.61285974141377,0.7020735922914003,-0.8023930799848351,-0.3535033863705121,-0.1088204557809906,-0.1947075869588315
37.8,10,12.05739325334775,11.3984492166771,10.57854674547512,0.6589440366706558,-0.8199024712019742,-0.2996658017112493,-0.08401802360753488,-0.1715649796932253
38,10,12.00795842201406,11.38651394012692,10.54879906562367,0.621444481887135,-0.8377148745032486,-0.2471741566684681,-0.05967638275085744,-0.1487383992572299
38.2,10,11.96875946146371,11.37935639149783,10.52355435960245,0.5894030699658721,-0.8558020318953812,-0.1959948027517563,-0.03578774314544448,-0.1262235301061062
38.40000000000001,10,11.93954047492711,11.37688750261978,10.50275113647714,0.562652972307335,-0.8741363661426433,-0.1460949326829624,-0.01234444439027757,-0.1040161156265875
38.6,10,11.92005196305394,11.37901971192956,10.48632874501071,0.5410322511243759,-0.8926909669188507,-0.09744255936588839,0.01066104654890519,-0.08211195733213342
38.8,10,11.91005066397759,11.38566693944881,10.47422736219687,0.5243837245287803,-0.911439577251933,-0.05000649538174118,0.03323613759623925,-0.06050691406917261
39,10,11.90929939737815,11.3967445622052,10.46638798195004,0.5125548351729492,-0.9303565802551628,-0.003756332997197652,0.05538811378196166,-0.03919690123418544
39.2,10,11.91756691244369,11.41216939008899,10.46275240394974,0.5053975223547091,-0.9494169861392443,0.04133757532773229,0.07712413941893195,-0.01817789000147731
39.40000000000001,10,11.9346277396326,11.43185964213701,10.46326322263744,0.5027680974955917,-0.9685964194995691,0.08530413594453898,0.09845126024012868,0.002554093438502453
39.6,10,11.96026204614179,11.45573492323657,10.46786381636353,0.504527122905218,-0.9878711068730386,0.1281715325459255,0.1193764054977927,0.02300296863044064
39.8,10,11.99425549498824,11.48371620124155,10.47649833668257,0.5105392937466977,-1.007217864558978,0.1699672442322774,0.1399063900248772,0.0431726015951809
40,10,12.03639910761354,11.51572578449344,10.48911169779469,0.5206733231201017,-1.026614086698743,0.2107180631264704,0.160047916259453,0.06306680556062541
40.2,10,12.0864891299232,11.55168729973998,10.50564956613122,0.5348018301832234,-1.046037733608753,0.2504501115483087,0.1798075762327063,0.0826893416826557
40.40000000000001,10,12.14432690167512,11.59152567044421,10.52605835008247,0.5528012312309123,-1.065467320361742,0.2891888587596009,0.1991918535211557,0.1020439197562087
40.6,10,12.20971872913324,11.63516709547695,10.55028518986579,0.5745516336562932,-1.084881905611155,0.3269591372906109,0.2182071251637052,0.1211341989166427
40.8,10,12.28247576090491,11.68253902818578,10.5782779475321,0.5999367327191347,-1.104261080653677,0.3637851588583456,0.236859663544137,0.1399637883315257
41,10,12.36241386688229,11.7335701558337,10.60998519710869,0.6288437110485852,-1.12358495872501,0.399690529886887,0.2551556382396409,0.1585362478829771
41.2,10,12.44935352021023,11.7881903794009,10.64535621487683,0.6611631408093341,-1.142834164524064,0.4346982666397148,0.2731011178359652,0.176855088840691
41.40000000000001,10,12.54311968220498,11.84633079374285,10.68434096978199,0.6967888884621267,-1.161989823960862,0.4688308099737219,0.2907020717097629,0.1949237745257701
41.6,10,12.64354169014985,11.90792366809859,10.72689011397509,0.7356180220512609,-1.181033554123504,0.5021100397243788,0.3079643717787002,0.212745720965493
41.8,10,12.7504531478961,11.97290242694257,10.77295497348291,0.7775507209535384,-1.199947453459652,0.5345572887312694,0.3248937942198831,0.2303242975391417
42,10,12.8636918191987,12.041201631174,10.82248753900592,0.8224901880247071,-1.21871409216808,0.5661933565129876,0.3414960211571466,0.2476628276150089
42.2,10,12.98309952371874,12.11275695963755,10.87544045684166,0.8703425640811897,-1.237316502795888,0.5970385226001629,0.3577766423177458,0.2647645891787072
42.40000000000001,10,13.10852203562577,12.18750519096934,10.93176701993224,0.9210168446564246,-1.255738171037105,0.6271125595351588,0.3737411566589764,0.2816328154528978
42.6,10,13.23980898473512,12.26538418576239,10.99142115903395,0.9744247989727324,-1.273963026728442,0.6564347455467798,0.3893949739652426,0.2982706955085569
42.8,10,13.37681376011674,12.34633286904561,11.05435743400753,1.030480891071138,-1.291975435038079,0.6850238769081103,0.4047434164160839,0.3146813748678949
43,10,13.51939341611383,12.43029121307074,11.12053102522733,1.089102203043087,-1.309760187843404,0.7128982799854076,0.4197917201256622,0.3308679560990415
43.2,10,13.66740858071098,12.51720022040158,11.18989772510786,1.150208360309401,-1.327302495293722,0.7400758229857723,0.4345450366542025,0.3468334994026112
43.40000000000001,10,13.8207233661932,12.60700190729995,11.26241392974591,1.213721458893252,-1.344587977554045,0.7665739274111281,0.4490084344918713,0.3625810231902579
43.6,10,13.97920528203838,12.69963928740307,11.33803663067697,1.279565994635307,-1.361602656726095,0.7924095792258499,0.4631869005155712,0.37811350465533
43.8,10,14.14272514998742,12.79505635568689,11.41672340674412,1.347668794300525,-1.378332948942774,0.8175993397452036,0.4770853414191177,0.3934338803357315
44,10,14.31115702123773,12.89319807271034,11.49843241607794,1.417958948527387,-1.394765656632407,0.8421593562515735,0.4907085851172623,0.408545046669098
44.2,10,14.48437809570679,12.99401034913515,11.58312238818602,1.490367746571641,-1.410887960949131,0.8661053723452841,0.5040613821240113,0.4234498605403911
44.40000000000001,10,14.66226864331412,13.09744003051629,11.67075261615042,1.564828612797832,-1.426687414365865,0.8894527380366519,0.5171484069056889,0.4381511398220149
44.6,10,14.84471192723126,13.20343488235812,11.76128294893173,1.641277044873144,-1.442151933426389,0.9122164195857356,0.5299742592091803,0.4526516639065569
44.8,10,15.03159412905048,13.31194357543128,11.85467378377818,1.719650553619205,-1.457269791653095,0.9344110090960922,0.5425434653657866,0.466954174232254
45,10,15.22280427582422,13.4229156713455,11.95088605873844,1.799888604478721,-1.472029612607061,0.9560507338686899,0.5548604795711138,0.4810613748012832
45.2,10,15.41823416892862,13.53630160837378,12.04988124527663,1.881932560554832,-1.48642036309715,0.9771494655219727,0.5669296851414133,0.4949759326909745
45.40000000000001,10,15.6177783147054,13.65205268752314,12.15162134098824,1.965725627182259,-1.500431346534898,0.9977207288839234,0.5787553957467813,0.5087004785580425
45.6,10,15.82133385683776,13.77012105884747,12.25606886241543,2.051212797990299,-1.514052196432036,1.017777710661825,0.5903418566216216,0.5222376071359329
45.8,10,16.02880051041682,13.89045970799802,12.36318683796051,2.138340802418803,-1.527272870037514,1.03733326789528,0.6016932457527662,0.5355898777253779
46,10,16.2400804976564,14.01302244300715,12.47293880089616,2.227058054649254,-1.540083642110991,1.056399936197898,0.6128136750456414,0.5487598146782513
46.2,10,16.45507848521499,14.13776388130092,12.58528878247112,2.31731460391407,-1.552475098829801,1.07498993779295,0.6237071914688654,0.5617499078748174
46.40000000000001,10,16.67370152308462,14.26463943693645,12.70020130511001,2.409062086148166,-1.564438131826439,1.093115189348126,0.6343777781776495,0.5745626131944626
46.6,10,16.8958589850075,14.39360530805973,12.81764137570601,2.502253676947774,-1.575963932353714,1.110787309614423,0.6448293556163751,0.5872003529799986
46.8,10,17.12146251038231,14.52461846457987,12.93757447900514,2.596844045802444,-1.587043985574731,1.128017626874063,0.6550657826007098,0.5996655164956256
47,10,17.35042594762275,14.65763663605579,13.05996657108087,2.692789311566962,-1.597670064974926,1.144817186202211,0.6650908573796189,0.6119604603786412
47.2,10,17.58266529893218,14.79261829979132,13.18478407289786,2.790046999140868,-1.607834226893454,1.161196756547156,0.6749083186776256,0.6240875090849811
47.40000000000001,10,17.81809866645888,14.92952266913485,13.3119938639636,2.888575997324031,-1.617528805171251,1.177166837633477,0.6845218467176638,0.6360489553286766
47.6,10,18.05664619979741,15.06830968197982,13.44156327606666,2.988336517817586,-1.626746405913163,1.19273766669264,0.6939350642248652,0.647847060515309
47.8,10,18.29823004480247,15.20893998946215,13.57346008710057,3.089290055340328,-1.635479902361576,1.207919225025324,0.703151537411613,0.6594840551695477
48,10,18.54277429368241,15.35137494485098,13.70765251497194,3.191399348831427,-1.643722429879045,1.222721244399691,0.7121747769441932,0.6709621393568467
48.2,10,18.79020493634035,15.49557659262926,13.84410921159182,3.294628343711093,-1.65146738103744,1.237153213289699,0.7210082388913645,0.6822834830993857
48.40000000000001,10,19.04044981293184,15.64150765776029,13.98279925694908,3.39894215517155,-1.658708400811209,1.251224382957456,0.7296553256551661,0.6934502267863291
48.6,10,19.29343856760854,15.78913153513714,14.12369215326478,3.504307032471399,-1.665439381872368,1.26494377338352,0.7381193868842759,0.7044644815784837
48.8,10,19.54910260341833,15.93841227921119,14.26675781922626,3.610690324207141,-1.671654459984925,1.278320179048932,0.7464037203702252,0.7153283298074306
49,10,19.80737503833287,16.08931459379654,14.4119665843001,3.718060444536327,-1.677348009496439,1.291362174572708,0.7545115729267738,0.7260438253692054
49.2,10,20.06819066237455,16.24180382204709,14.55928918312263,3.826386840327459,-1.682514638924467,1.30407812020839,0.7624461412527425,0.7366129941126045
49.40000000000001,10,20.33148589581519,16.39584593660281,14.70869674996706,3.935639959212377,-1.687149186635747,1.316476167203181,0.7702105727785936,0.7470378342221871
49.6,10,20.59719874841981,16.55140752990222,14.86016081328627,4.045791218517586,-1.691246716615947,1.328564263023101,0.7778079664970502,0.7573203165960478
49.8,10,20.86526877970931,16.70845580465783,15.01365329032996,4.156812975051484,-1.694802514327867,1.340350156447524,0.7852413737780333,0.7674623852184308
50,10,21.13563706021658,16.86695856449147,15.16914648183541,4.268678495725112,-1.697812082656053,1.351841402536335,0.7925137991681978,0.7774659575272549
50.2,10,21.40824613371116,17.02688420472653,15.32661306679074,4.381361928984632,-1.700271137935795,1.363045367472927,0.7996282011753392,0.7873329247766206
50.40000000000001,10,21.68303998036838,17.18820170333412,15.48602609726961,4.494838277034265,-1.702175606064509,1.373969233286104,0.8065874930379411,0.7970651523943665
50.6,10,21.95996398085918,17.35088061203015,15.64735899333656,4.60908336882903,-1.703521618693587,1.384620002453951,0.8133945434801264,0.8066644803347429
50.8,10,22.2389648813377,17.5148910475206,15.81058553802181,4.724073833817098,-1.704305509498788,1.395004502392603,0.8200521774522744,0.8161327234262701
51,10,22.51999075930425,17.68020368289211,15.97567987236478,4.839787076412144,-1.704523810527329,1.405129389832787,0.8265631768575581,0.8254716717148453
51.2,10,22.80299099032165,17.84678973914504,16.14261649052521,4.956201251176605,-1.704173248619828,1.415001155086968,0.832930281264654,0.8346830908021656
51.40000000000001,10,23.08791621556361,18.01462097686641,16.31137023496112,5.073295238697192,-1.703250741905293,1.424626126209793,0.8391561886068721,0.8437687221795287
51.6,10,23.37471831017452,18.18366968804001,16.48191629167254,5.19104862213451,-1.701753396367469,1.434010473054549,0.8452435558679494,0.8527302835570751
51.8,10,23.66335035242015,18.35390868799096,16.65423018551024,5.309441664429198,-1.699678502480712,1.443160211228185,0.8511949997547457,0.8615694691885354
52,10,23.95376659360965,18.52531130746237,16.82828777554855,5.42845528614728,-1.697023531913818,1.45208120594748,0.8570130973570781,0.8702879501915416
52.2,10,24.24592242876941,18.69785138482136,17.00406525052126,5.548071043948053,-1.69378613430009,1.460779175798793,0.8627003867949258,0.8788873748635657
52.40000000000001,10,24.53977436805017,18.871503258392,17.18153912431997,5.668271109658168,-1.689964134072031,1.469259696403824,0.8682593678532324,0.887369368993543
52.6,10,24.83528000884892,19.04624175891291,17.36068623155382,5.789038249936006,-1.685555527359089,1.477528203993728,0.8736925026045302,0.8957355361692403
52.8,10,25.13239800862769,19.22204220211683,17.54148372316991,5.910355806510861,-1.680558478946924,1.485589998893885,0.879002216019607,0.9039874580804268
53,10,25.431088058412,19.39888038143012,17.72390906213349,6.032207676981884,-1.674971319296631,1.493450248921538,0.8841908965664321,0.912126694817905
53.2,10,25.7313108569517,19.57673256078963,17.90794001916718,6.154578296162072,-1.668792541622452,1.501113992698499,0.8892608967975546,0.9201547851684582
53.40000000000001,10,26.03302808552791,19.75557546757487,18.09355466854833,6.277452617953042,-1.662020799026536,1.508586142881037,0.8942145339261844,0.9280732469057701
53.6,10,26.33620238338971,19.9353862856531,18.28073138396381,6.400816097736612,-1.654654901689291,1.515871489309011,0.8990540903911612,0.9358835770773722
53.8,10,26.64079732380497,20.1161426485353,18.46944883442134,6.524654675269666,-1.646693814113959,1.522974702076286,0.9037818144110156,0.9435872522876722
54,10,26.94677739070984,20.29782263264077,18.65968598021676,6.648954758069078,-1.638136652424002,1.529900334524378,0.9083999205273209,0.9511857289771174
54.2,10,27.2541079559421,20.48040475066827,18.85142206895627,6.773703205273822,-1.628982681711999,1.536652826161269,0.9129105901375332,0.958680443697547
54.40000000000001,10,27.56275525704354,20.66386794507178,19.04463663163303,6.89888731197177,-1.619231313438743,1.543236505507237,0.9173159720175116,0.9660728133837827
54.6,10,27.87268637561746,20.84819158163856,19.23930947875733,7.024494793978899,-1.608882102881221,1.549655592869557,0.9216181828339095,0.9733642356215119
54.8,10,28.18386921622702,21.03335544316788,19.43542069653964,7.150513773059139,-1.597934746628244,1.555914203047818,0.9258193076466239,0.9805560889115119
55,10,28.49627248582134,21.21933972324818,19.63295064312569,7.276932762573164,-1.58638908012249,1.562016347971622,0.9299214004014856,0.9876497329302669
55.2,10,28.80986567367581,21.40612502013085,19.8318799448831,7.403740653544954,-1.574245075247759,1.567965939272332,0.933926484413373,0.9946465087870251
55.40000000000001,10,29.12461903183391,21.59369233069884,20.03218949273856,7.530926701135073,-1.561502837960276,1.573766790790524,0.9378365528399251,1.001547739277346
55.6,10,29.44050355603806,21.78202304452805,20.2338604385652,7.658480511510017,-1.548162605962844,1.57942262102076,0.9416535691460308,1.008354729133185
55.8,10,29.75749096713711,21.9710989380399,20.43687419161911,7.786392029097215,-1.534224746420783,1.584937055495242,0.9453794675592661,1.015068765269565
56,0,30.07555369295869,22.16090216874319,20.64121241502469,7.914651524215497,-1.519689753718499,1.590313629107861,0.9490161535164471,1.021691117027874
56.2,0.1319574121227174,30.38566485063472,22.34706744347653,20.84276027171963,8.038597407158193,-1.504307171756892,1.550555788380164,0.9308263736666854,1.007739283474717
56.40000000000001,0.2636593959086596,30.68814199103976,22.52971065215214,21.04160992557356,8.15843133888762,-1.48810072657858,1.512385702025212,0.9132160433780663,0.9942482692696341
56.6,0.394851017450531,30.98329449639099,22.70894562513788,21.23785217725797,8.27434887125311,-1.471093447879909,1.475762526756171,0.8961748649287098,0.9812112584220615
56.8,0.5252783307429576,31.27142355502415,22.88488405915275,21.43157637842152,8.386539495871407,-1.453307680731221,1.440645293165794,0.8796921700743233,0.968621005817747
57,0.6546888692426079,31.55282213768915,23.05763544486737,21.62287034744199,8.495186692821779,-1.434765097425387,1.406992913324992,0.8637569285731351,0.9564698451022985
57.2,0.7828321345646079,31.82777497576985,23.22730699639343,21.81182028693478,8.600467979376415,-1.415486709458651,1.374764190403459,0.848357757630291,0.9447496974639754
57.40000000000001,0.9094600813691449,32.09655854181963,23.39400358284133,21.9985107031943,8.702554958978293,-1.395492879647037,1.343917830248914,0.8334829322395098,0.9334520812975802
57.6,1.03432759749979,32.35944103279139,23.55782766212096,22.18302432774022,8.801613370670438,-1.37480333438074,1.314412454858852,0.8191203963981256,0.9225681227296123
57.8,1.157192978444094,32.61668235632662,23.71887921715496,22.36544204113686,8.897803139171661,-1.353437176018105,1.28620661767613,0.8052577751700183,0.912088566983199
58,1.277818395197999,32.86853412045406,23.87725569466883,22.5458427992488,8.991278425785232,-1.331412895420037,1.259258820637225,0.7918823875693567,0.9020037905597034
58.2,1.395970354628551,33.115239627034,24.03305194671614,22.72430356209127,9.082187680317858,-1.308748384624877,1.233527532899685,0.7789812602365545,0.8923038142123474
58.40000000000001,1.511420151443647,33.35703386926861,24.18636017509142,22.9008992254284,9.170673694177189,-1.285460949663019,1.208971211173022,0.7665411418763668,0.8829783166856671
58.6,1.623944310894066,33.59414353358364,24.33726987877674,23.07570255526703,9.256873654806896,-1.261567323509716,1.185548321575193,0.7545485184266422,0.8740166491931508
58.8,1.733325021350797,33.8267870061706,24.48586780456172,23.24878412538783,9.340919201608884,-1.237083679173892,1.163217362934836,0.7429896289248884,0.8654078506039964
59,1.839350555920301,34.05517438446211,24.63223790096943,23.42021225804954,9.422936483492688,-1.212025642919883,1.141936891457544,0.731850482038523,0.8571406633085636
59.2,1.941815682281679,34.27950749379666,24.77646127561411,23.5900529679957,9.503046218182551,-1.186408307618411,1.121665546672746,0.7211168732234478,0.849203549730801
59.40000000000001,2.04052205995232,34.4999799095119,24.918616156109,23.75836990988664,9.581363753402901,-1.160246246222361,1.102362078576195,0.7107744024744318,0.8415847094546848
59.6,2.135278624213143,34.71677698468822,25.05877785463494,23.92522432927274,9.657999130053277,-1.133553525362196,1.083985375881576,0.7008084926296958,0.8342720969305351
59.8,2.225901955950227,34.93007588374692,25.19701873627315,24.09067501721794,9.733057147473762,-1.106343719055218,1.066494495293496,0.691204408191073,0.8272534397259643
60,2.312216636696908,35.1400456220895,25.33340819119719,24.25477826867497,9.806637430892312,-1.078629922522218,1.049848691712934,0.6819472746201799,0.8205162572851714
60.2,2.39405558818917,35.34684711194655,25.46801261081122,24.41758784470684,9.87883450113533,-1.050424766104385,1.034007449285247,0.67302209807016,0.8140478801593261
60.40000000000001,2.471260395776957,35.55063321458655,25.60089536791358,24.57915493864082,9.949737846672971,-1.021740429272761,1.018930513199967,0.6644137855117747,0.8078354696698865
60.6,2.543681615065475,35.75154879901674,25.73211680095596,24.73952814623399,10.01943199806078,-0.9925886547219669,1.004577922150964,0.6561071652119018,0.8018660379658705
60.8,2.611179061192867,35.94973080728973,25.86173420246033,24.89875343992106,10.0879966048294,-0.9629807625392743,0.9909100413649848,0.6480870075218743,0.7961264684353476
61,2.673622080184306,36.14530832651098,25.98980181164684,25.05687414720721,10.15550651486414,-0.9329276644396316,0.9778875961062281,0.6403380459325368,0.7906035364307494
61.2,2.730889801857307,36.33840266762386,26.11637081131733,25.21393093326061,10.22203185630653,-0.9024398780567182,0.9654717055644018,0.6328449983524352,0.7852839302669975
61.40000000000001,2.782871373788631,36.52912745103059,26.24148932903036,25.3699617877508,10.28763812200023,-0.8715275412795656,0.9536239170336496,0.6255925885651678,0.7801542724509338
61.6,2.829466175889963,36.71758869908856,26.36520244259469,25.52500201597082,10.35238625649387,-0.8402004266238698,0.9423062402898572,0.6185655678216277,0.7752011411001019
61.8,2.870584015176981,36.90388493550338,26.48755218989922,25.67908423427253,10.41633274560417,-0.8084679556266856,0.9314811820741156,0.6117487365226536,0.7704110915085723
62,2.906145300354796,37.0881072916215,26.60857758308871,25.83223836983598,10.47952970853279,-0.7763392132527329,0.9211117805905591,0.6051269659474725,0.7657706778172345
62.2,2.936081195881847,37.27033961960698,26.72831462708537,25.98449166478513,10.54202499252161,-0.7438229623002357,0.9111616399273917,0.5986852199832799,0.761266474745782
62.40000000000001,2.960333755214008,37.45065861246911,26.84679634244764,26.13586868465384,10.60386227002148,-0.7109276577937997,0.9015949643106753,0.5924085768113405,0.7568850993435159
62.6,2.978856032970998,37.62913393088939,26.96405279254866,26.28639133119705,10.66508113834073,-0.6776614613516116,0.8923765921013714,0.5862822505051222,0.7526132327160605
62.8,2.991612175807981,37.80582833677883,27.0801111150479,26.43607885953408,10.72571722173093,-0.6440322555138209,0.8834720294472066,0.5802916124961893,0.7484376416851467
63,2.998577491816437,37.98079783347927,27.19499555762068,26.58494789960183,10.78580227585859,-0.6100476580188463,0.8748474835021623,0.5744222128638794,0.7443452003387554
63.2,2.99973849831999,38.15409181250482,27.30872751790171,26.73301248188766,10.84536429460312,-0.5757150360140528,0.8664698951277823,0.5686598014051675,0.7403229114291406
63.40000000000001,2.995092947972656,38.32575320670323,27.42132558759003,26.88028406740296,10.9044276191132,-0.5410415201870613,0.8583069709920277,0.5629903484415931,0.7363579275765519
63.6,2.984649833109003,38.49581864969985,27.53280560065416,27.02677158185034,10.96301304904569,-0.5060340188038239,0.8503272149831039,0.5574000653206692,0.732437572236866
63.8,2.968429368337802,38.66431864147135,27.64318068556813,27.1724814539287,11.02113795590323,-0.4706992316394292,0.8424999588575168,0.5518754245698264,0.7285493603918032
64,2.946462951412856,38.83127771988008,27.75246132150046,27.31741765771289,11.07881639837962,-0.435043663787571,0.834795392043599,0.5464031796616553,0.7246810189209506
64.2,2.918793102456751,38.99671463798485,27.86065539837046,27.46158175903598,11.13605923961439,-0.3990736393344818,0.8271845905238668,0.540970384350001,0.7208205066154424
64.40000000000001,2.88547338165519,39.16064254692922,27.96776828067792,27.60497296579474,11.19287426625129,-0.3627953148831793,0.8196395447218255,0.535564411537332,0.7169560337938468
64.60000000000001,2.846568285581188,39.32306918419346,28.07380287500487,27.74758818209106,11.24926630918859,-0.3262146929138083,0.8121331863212282,0.5301729716347496,0.713076081481594
64.8,2.802153122349864,39.48399706698313,28.17875970108028,27.88942206611429,11.30523736590285,-0.2893376349659889,0.8046394139483128,0.5247841303770219,0.7091694201161294
65,2.75231386584543,39.64342369051317,28.2826369662915,28.03046709166247,11.36078672422166,-0.2521698746290326,0.7971331176501794,0.5193863260561177,0.705225127740907
65.2,2.697146989302627,39.80134173093421,28.38543064351908,28.17071361319294,11.41591108741514,-0.2147170303261383,0.7895902021052293,0.5139683861378762,0.7012326076523335
65.40000000000001,2.636759278564657,39.9577392526351,28.48713455216461,28.31014993428591,11.47060470047049,-0.1769846178787056,0.7819876085044605,0.5085195432276758,0.6971816054648461
65.60000000000001,2.571267625379149,40.11259991964418,28.58774044223506,28.44876237939799,11.52485947740911,-0.1389780628370687,0.77430333504539,0.5030294503522607,0.6930622255604364
65.8,2.500798801132246,40.26590321084087,28.68723808134031,28.58653536877602,11.57866512950056,-0.1007027125642885,0.7665164559834614,0.4974881955262401,0.68886494689014
66,2.42548921145877,40.41762463867866,28.78561534445495,28.72345149639528,11.63200929422371,-0.06216384805967223,0.7586071391889699,0.491886315573193,0.684580638096268
66.2,2.345484632203558,40.56773597111082,28.88285830628951,28.85949161078037,11.68487766482131,-0.02336669550913228,0.7505566621608102,0.4862148091727854,0.6802005719254852
66.40000000000001,2.260939927244923,40.71620545640116,28.97895133611087,28.99463489856122,11.73725412029029,0.01568356245034153,0.7423474264517059,0.4804651491068383,0.6757164389042182
66.60000000000001,2.17201874872656,40.86299805049376,29.07387719484665,29.12885897061108,11.78912085564712,0.05498177576443197,0.7339629704630154,0.4746292936788651,0.6711203602493134
66.8,2.078893220278125,41.00807564660791,29.1676171343033,29.26213995060875,11.84045851230461,0.09452281630545656,0.7253879805707095,0.4686996972832287,0.6664048999883553
67,1.981743603837602,41.15139730671744,29.26015099832365,29.39445256586187,11.8912463083938,0.1343015675382233,0.7166083005476933,0.4626693201017438,0.6615630762655897
67.2,1.880757950720545,41.2929194945677,29.3514573257051,29.52577024022407,11.9414621688626,0.1743129145189677,0.7076109392512702,0.4565316369072696,0.6565883718109862
67.40000000000001,1.776131737611432,41.43259630987735,29.44151345469622,29.65606518893438,11.99108285518113,0.2145517342381673,0.6983840765482309,0.4502806449555958,0.6514747435515958
67.60000000000001,1.668067488181859,41.57037972336811,29.53029562888596,29.78530851520359,12.04008409448215,0.2550128863176333,0.6889170674537766,0.4439108709487171,0.646216631346036
67.8,1.556774381067976,41.70621981226095,29.61777910429684,29.91347030836852,12.08844070796411,0.295691204071673,0.6792004444642505,0.4374173770544175,0.6408089658246299
68,1.442467844965945,41.84006499587444,29.70393825749063,30.04051974343241,12.13612673838381,0.3365814859417817,0.6692259180674501,0.4307957659689427,0.6352471753194763
68.2,1.325369141629316,41.97186227095806,29.78874669449291,30.16642518180651,12.18311557646515,0.3776784873135952,0.6589863754181107,0.4240421850114144,0.6295271918704879
68.40000000000001,1.205704937575344,42.10155744639206,29.87217736034102,30.29115427306556,12.22938008605104,0.4189769127245349,0.6484758771699898,0.417153329240544,0.6236454562952355
68.60000000000001,1.083706865329411,42.22909537688403,29.95420264905825,30.41467405752801,12.27489272782578,0.4604714084697612,0.6376896524598291,0.4101264435861226,0.6175989223122541
68.8,0.9596110750568145,42.3544201952925,30.03479451385619,30.53695106946987,12.31962568143631,0.5021565556136842,0.6266240920423157,0.4029593239896944,0.6113850597093066
69,0.8336577774497603,42.4774755432083,30.11392457736634,30.65795144077986,12.36355096584196,0.5440268634135244,0.6152767395790135,0.3956503175507685,0.6050018565499566
69.2,0.7060907787545407,42.59820479942591,30.19156424170172,30.7776410048626,12.4066405577242,0.5860767631608823,0.6036462810880621,0.38819832167687,0.5984478204136702
69.40000000000001,0.5771570088387572,42.71655130593896,30.26768479814925,30.89598540059591,12.44886650778971,0.6283006024466538,0.5917325325652559,0.3806027822376861,0.5917219786665439
69.60000000000001,0.4471060432122185,42.83245859109714,30.34225753629436,31.01295017614824,12.49020105480279,0.6706926398538791,0.5795364257908989,0.3728636907255173,0.584823877761641
69.8,0.3161896199267148,42.94587058956526,30.4152538523796,31.1285008924622,12.53061673718566,0.713247040082603,0.5670599923405815,0.3649815804261856,0.5777535815698014
70,0.1846611522897394,43.05673185872961,30.48664535670089,31.24260322621094,12.57008650202871,0.7559578695100413,0.5543063458217371,0.3569575216064977,0.5705116687436742
70.2,0.05277523833551969,43.1649877912019,30.55640397984615,31.35522307203486,12.60858381135575,0.7988190921887082,0.5412796623614975,0.3487931157262814,0.5630992291196018
70.40000000000001,-0.07921283199729437,43.2705848230769,30.62450207758313,31.46632664386763,12.64608274549376,0.8418245662844939,0.5279851593749699,0.3404904886849299,0.5555178591638502
70.60000000000001,-0.2110475710272053,43.37347063760622,30.69091253420599,31.57588057516194,12.68255810340023,0.8849680409559468,0.5144290726466079,0.3320522831142761,0.54776965647154
70.8,-0.3424737878742242,43.47359436395838,30.75560886415229,31.68385201782763,12.7179854998061,0.9282431536753428,0.5006186317608202,0.3234816497314893,0.5398572133284679
71,-0.4732370824297446,43.57090677074266,30.81856531170579,31.7902087396972,12.75234145903687,0.9716434279914026,0.4865620339213657,0.3147822377675268,0.531783609347835
71.2,-0.6030843377956452,43.66536045398314,30.87975694860349,31.89491922033633,12.78560350537965,1.015162271732844,0.4722684162023977,0.3059581844884853,0.5235524031956881
71.40000000000001,-0.7317642102395826,43.75691001923859,30.93915976936928,31.99795274502047,12.81775024986931,1.058792975651183,0.4577478262772574,0.297014103828972,0.5151676234206559
71.60000000000001,-0.8590276157179561,43.84551225757344,30.99675078420096,32.09927949670153,12.84876147337248,1.102528712500572,0.4430111916742479,0.2879550741583561,0.5066337584052985
71.8,-0.9846282120248087,43.93112631509577,31.05250810924145,32.19887064579314,12.87861820585433,1.146362536551695,0.4280702876116608,0.2787866252024602,0.4979557454580954
72,-1.108322875633431,44.01371385578923,31.10641105407043,32.29669843760649,12.9073028017188,1.190287383536067,0.4129377034672577,0.2695147241449057,0.4891389590667684
72.2,-1.229872172307533,44.09323921737727,31.15844020625721,32.39273627727355,12.93479901112006,1.234296071016335,0.3976268079402258,0.2601457609339341,0.4801891983352611
72.40000000000001,-1.349040820571174,44.16966955997054,31.20857751282163,32.48695881199921,12.96109204714891,1.278381299177578,0.3821517129663362,0.2506865328220838,0.4711126736282866
72.60000000000001,-1.465598147140206,44.24297500726046,31.25680635845515,32.57934201048899,12.98616864880531,1.322535652033835,0.3665272364496075,0.2411442281676049,0.4619159924488919
72.8,-1.579318533433705,44.31312878003571,31.30311164036074,32.66986323940418,13.01001713967497,1.36675159904344,0.3507688638762364,0.231526409527945,0.4526061445759784
73,-1.68998185230111,44.38010732181149,31.34747983957615,32.75850133670221,13.03262748223534,1.411021497126065,0.3348927088788788,0.2218409960770244,0.4431904864901559
73.2,-1.797373894119581,44.44389041637579,31.38989908865202,32.84523668172575,13.05399132772378,1.455337593073736,0.3189154728215519,0.2120962453793493,0.4336767251176905
73.40000000000001,-1.901286781436968,44.50446129707129,31.43035923556307,32.93005126191048,13.07410206150822,1.499692026347407,0.3028544034774749,0.2023007345552728,0.4240729009236313
73.60000000000001,-2.00151937135762,44.5618067476461,31.46885190373765,33.01292873598777,13.09295484390845,1.544076832250116,0.2867272528740717,0.1924633408729105,0.4143873703864669
73.8,-2.097877644892204,44.61591719452232,31.50537054809832,33.09385449356535,13.110546646424,1.588483945467022,0.2705522343811106,0.1825932218033439,0.4046287878878649
74,-2.190175082517899,44.66678679034624,31.53991050701368,33.17281571097578,13.12687628333255,1.6329052039621,0.2543479791195679,0.1726997945768024,0.3948060870521827
74.2,-2.2782330252219,44.71441348870029,31.57246905006938,33.24980140329009,13.1419444386309,1.677332353220702,0.2381334917702482,0.1627927152784957,0.3849284615715114
74.40000000000001,-2.361881020329493,44.75879910987279,31.60304542157412,33.32480247240069,13.15575368829867,1.721757050826572,0.2219281058624934,0.1528818575236769,0.3750053455530137
74.60000000000001,-2.440957151447191,44.79994939759768,31.63164087972459,33.39781175108594,13.16830851787309,1.76617087136135,0.2057514386244484,0.142977290752348,0.3650463934262444
74.8,-2.515308351882292,44.83787406669315,31.65825873136154,33.46882404297574,13.1796153353316,1.810565311614198,0.1896233454773248,0.133089258184771,0.3550614594490023
75,-2.584790700932222,44.87258684154453,31.68290436225747,33.53783615834595,13.18968247928706,1.854931796088479,0.1735638742569214,0.12322815447962,0.345060576851042
75.2,-2.649269702470023,44.90410548539379,31.70558526288491,33.60484694567708,13.19852022250888,1.899261682792172,0.1575932192463033,0.1134045031372024,0.335053936655679
75.40000000000001,-2.708620545286874,44.9324518204146,31.72631104962305,33.66985731892107,13.20614077079155,1.943546269298029,0.1417316751040306,0.1036289336906831,0.3250518662199517
75.60000000000001,-2.762728344687608,44.95765173856913,31.74509348136878,33.73287028042799,13.21255825720035,1.987776799059208,0.1259995907726389,0.09391215872867621,0.3150648075345521
75.8,-2.811488364871593,44.97973520325957,31.76194647152736,33.79389093949303,13.21778873173221,2.031944467965673,0.1104173234522287,0.08426495079290312,0.3051032953252056
76,-2.854806221668548,44.99873624180437,31.77688609536634,33.85292652649255,13.22185014643804,2.076040431126209,0.09500519272400082,0.07469811919487884,0.2951779349975711
76.2,-2.892598065236793,45.01469292878605,31.78993059272549,33.90998640258616,13.22476233606057,2.12005580986067,0.07978343490839233,0.06522248679575537,0.2852993804680388
76.40000000000001,-2.924790742370374,45.02764736033448,31.8011003660842,33.96508206497076,13.22654699425028,2.163981698886563,0.06477215774211695,0.05584886679353836,0.2754783119230265
76.60000000000001,-2.951321938100814,45.03764561942606,31.81041797399658,34.01822714768066,13.22722764542948,2.207809173684087,0.04999129545789734,0.04658803956189216,0.2657254135495221
76.80000000000001,-2.972140296319434,45.04473773229606,31.81790811991351,34.0694374179366,13.22682961238255,2.25152929802309,0.03546056434999625,0.03745072958466261,0.2560513512796753
77,-2.987205519186736,45.04897761607761,31.82359763641952,34.11873076805504,13.22537997965809,2.295133131635524,0.02119941890780889,0.02844758253007526,0.246466750592221
77.2,-2.996488445136439,45.05042301779737,31.82751546492118,34.16612720293773,13.22290755287619,2.338611738016546,0.007227008598773356,0.01958914250830916,0.2369821744134109
77.40000000000001,-2.999971105323158,45.04913544487351,31.82969263083234,34.21164882316972,13.21944281404116,2.381956192337373,-0.006437864619309954,0.01088582955580515,0.2276081011599399
77.60000000000001,-2.997646758404479,45.04518008727795,31.83016221431019,34.25531980376294,13.21501787296776,2.425157589452745,-0.01977678797778142,0.002347917389241149,0.2183549029660843
77.80000000000001,-2.989519903590095,45.03862573153972,31.82895931660451,34.29716636859032,13.20966641493521,2.468207051985807,-0.03277177869115704,-0.006014488528402188,0.209232824136915
78,-2.975606271932738,45.02954466678171,31.82612102209094,34.33721676056412,13.20342364469077,2.511095738473177,-0.04540532379003354,-0.01419147256785359,0.2002519598690168
78.2,-2.955932795877773,45.01801258299791,31.82168635606725,34.37550120762004,13.19632622693067,2.553814851552794,-0.05766041891898002,-0.0221733301184821,0.1914222352796279
78.40000000000001,-2.9305375571304,45.00410846179242,31.8156962383997,34.41205188457695,13.18841222339272,2.596355646177248,-0.06952060602745549,-0.02995058833774041,0.1827533847845248
78.60000000000001,-2.899469712941364,44.98791445981565,31.80819343311459,34.44690287094981,13.17972102670106,2.638709437835217,-0.08097000988385591,-0.03751402642554526,0.1742549318643018
78.80000000000001,-2.862789400953868,44.96951578514665,31.7992224940376,34.4800901048014,13.17029329110904,2.680867610763794,-0.09199337334499566,-0.04485469538492726,0.1659361692579496
79,-2.820567622795886,44.94900056688351,31.78882970659135,34.51165133272576,13.16017086029216,2.722821626134412,-0.1025760913156632,-0.05196393723126552,0.1578061396218119
79.2,-2.772886106643168,44.92645971821644,31.77706302586866,34.54162605606398,13.14939669234779,2.764563030195326,-0.1127042433353531,-0.05883340361347825,0.1498736166911031
79.40000000000001,-2.719837149019044,44.90198679327007,31.76397201110632,34.57005547346002,13.13801478216375,2.806083462353701,-0.1223646247318635,-0.06545507381166775,0.1421470869801998
79.60000000000001,-2.661523436137161,44.87567783801324,31.74960775669094,34.5969824198714,13.1260700813223,2.847374663180464,-0.1315447762841526,-0.07182127207691381,0.1346347320568791
79.80000000000001,-2.59805784513305,44.84763123554531,31.73402281983491,34.62245130215631,13.1136084157104,2.888428482321409,-0.140233012339666,-0.07792468428017264,0.1273444114245714
80,-2.52956322556925,44.81794754607845,31.71727114506719,34.64650803136542,13.10067640101126,2.929236886298227,-0.1484184473342731,-0.08375837383856424,0.1202836460455184
80.2,-2.45617216163691,44.78672934194525,31.69940798568945,34.66919995187272,13.0873213562558,2.969791966183269,-0.1560910206659779,-0.08931579688872028,0.1134596025364922
80.40000000000001,-2.378026715514223,44.75408103796992,31.68048982235379,34.69057576748621,13.07359121561613,3.01008594513242,-0.1632415198766946,-0.09459081667831082,0.1068790780674328
80.60000000000001,-2.295278152378404,44.72010871755,31.66057427892411,34.71068546468461,13.05953443862589,3.050111185760496,-0.1698616020995912,-0.09957771714837188,0.1005484859920019
80.80000000000001,-2.208086647603556,44.68491995480343,31.63972003578799,34.72958023313214,13.04519991901544,3.089860197344148,-0.1759438137328042,-0.1042712156806118,0.09447384223763892
81,-2.116620976711176,44.64862363314269,31.6179867407909,34.74731238362839,13.03063689235179,3.129325642837493,-0.1814816083037001,-0.1086664749854812,0.08866075248123892
81.2,-2.021058188673432,44.61132976064443,31.59543491796921,34.7639352636554,13.01589484267522,3.168500345686191,-0.1864693624913079,-0.1127591141084439,0.08311440013505145
81.40000000000001,-1.921583263201691,44.57314928258882,31.57212587426249,34.77950317068856,13.00102340832633,3.207377296426074,-0.1909023902780557,-0.1165452185335849,0.07783953516583761
81.60000000000001,-1.818388752683537,44.53419389154772,31.5481216043894,34.79407126344231,12.98607228715832,3.245949659052901,-0.1947769552055119,-0.1200213493654279,0.07284046376870996
81.80000000000001,-1.711674409461506,44.49457583540524,31.52348469407508,34.80769547122539,12.97109114133015,3.28421077715031,-0.19809028071245,-0.1231845515716103,0.06812103891543013
82,-1.601646799174933,44.45440772369779,31.49827822182091,34.82043240158444,12.95612950187688,3.322154179763533,-0.2008405585372155,-0.1260323612708733,0.06368465179524829
82.2,-1.488518900913363,44.41380233266378,31.47256565941037,34.83233924641737,12.9412366732534,3.359773587006995,-0.2030269551700723,-0.1285628120526618,0.05953422416464442
82.40000000000001,-1.372509694955599,44.37287240939479,31.44641077134708,34.84347368674148,12.92646163804772,3.397062915394407,-0.2046496163449306,-0.1307744403164958,0.05567220162057449
82.60000000000001,-1.253843738892247,44.33173047548208,31.41987751342284,34.85389379630349,12.91185296205923,3.434016282880645,-0.2057096695636076,-0.1326662896211636,0.05210054781003984
82.80000000000001,-1.132750732952353,44.29048863055217,31.3930299306157,34.86365794422088,12.89745869993646,3.470628013605179,-0.2062092246495325,-0.1342379140356948,0.0488207395869887
83,-1.009465075375513,44.24925835608585,31.36593205451851,34.87282469684603,12.88332630156735,3.506892642327525,-0.2061513723315798,-0.1354893804859938,0.04583376312572728
83.2,-0.8842254086900596,44.20815031991336,31.33864780049992,34.88145271904566,12.86950251941344,3.542804918545745,-0.2055401808624801,-0.1364212700929536,0.04314011099816963
83.40000000000001,-0.7572741577757034,44.16727418177735,31.31124086479996,34.88960067508974,12.8560333169774,3.578359810289783,-0.2043806906800233,-0.1370346784998089,0.04073978022039198
83.60000000000001,-0.6288570606046502,44.12673840035275,31.28377462176227,34.89732712934416,12.84296377859048,3.613552507581886,-0.2026789071230134,-0.13733121518844,0.03863227127208359
83.80000000000001,-0.499222692569644,44.08665004210922,31.25631202140501,34.90469044696228,12.83033802070421,3.648378425557265,-0.200441791217659,-0.1373130017862867,0.03681658809060608
84,-0.3686219853196501,44.04711459239847,31.22891548753152,34.91174869477017,12.81819910486695,3.682833207238659,-0.1976772485537809,-0.1369826693674756,0.03529123903948839
84.2,-0.2373077410345221,44.00823576914369,31.20164681658078,34.91855954254004,12.80658895256291,3.716912725959261,-0.1943941162738748,-0.1363433547537069,0.0340542388493016
84.40000000000001,-0.1055341430789843,43.97011533950335,31.1745670774163,34.92518016484544,12.79554826208705,3.750613087429134,-0.1906021482016833,-0.1353986958223727,0.03310311152697756
84.60000000000001,0.02644373601700652,43.93285293987525,31.14773651225005,34.93166714369099,12.78511642762521,3.783930631440942,-0.1863119981404967,-0.1341528258312933,0.03243489422776324
84.80000000000001,0.1583704282990099,43.89654589960027,31.12121443889577,34.93807637210742,12.7753314607045,3.816861933211644,-0.1815352013749077,-0.1326103667713557,0.03204614208214203
85,0.2899905648942517,43.86128906871763,31.09505915454373,34.94446295890106,12.7662299141739,3.849403804357326,-0.1762841544131895,-0.130776421760211,0.0319329339682067
85.2,0.4210493703260636,43.82717465011547,31.06932784124532,34.95088113474468,12.75784680887014,3.881553293499362,-0.1705720930108356,-0.1286565664920377,0.03209087921814122
85.40000000000001,0.5512931556795595,43.79429203641165,31.04407647329328,34.95738415979382,12.75021556311837,3.913307686500538,-0.1644130685190974,-0.1262568397601976,0.03251512524566282
85.60000000000001,0.6804698096641899,43.76272765189054,31.019359726679,34.96402423300972,12.74336792521154,3.944664506330717,-0.157821922605562,-0.1235837330713994,0.03320036607949487
85.80000000000001,0.8083292866224399,43.73256479981115,30.99523089080465,34.97085240336695,12.7373339090065,3.975621512562302,-0.1508142603969341,-0.1206441793717351,0.03414085178619038
86,0.9346240905401335,43.70388351539171,30.97174178262332,34.97791848311974,12.73214173276839,4.006176700496418,-0.1434064220972097,-0.1174455409066685,0.03533039876390573
86.2,1.059109754121451,43.67676042476424,30.94894266337558,34.98527096329715,12.72781776138866,4.036328299921571,-0.1356154531373489,-0.1139955962387245,0.03676240088704129
86.40000000000001,1.181545312001192,43.65126861018116,30.92688215808592,34.99295693159315,12.72438645209524,4.066074773507225,-0.1274590729153686,-0.1103025264482514,0.03842984148002043
86.60000000000001,1.301693767178522,43.62747748174347,30.90560717797708,35.00102199281253,12.72187030376639,4.095414814835443,-0.1189556421884791,-0.1063749005442037,0.04032530609687528
86.80000000000001,1.419322549769124,43.60545265590718,30.8851628459544,35.00951019202888,12.72028980995278,4.12434734607448,-0.1101241291814637,-0.1022216601134149,0.04244099608175072
87,1.534203967187857,43.58525584101159,30.86559242530674,35.01846394060566,12.71966341570485,4.152871515298926,-0.1009840744779661,-0.09785210323829999,0.04476874288392758
87.2,1.646115644890511,43.56694473005885,30.84693725176387,35.02792394522557,12.72000747829498,4.180986693461698,-0.09155555476367158,-0.09327586771433392,0.04730002309950838
87.40000000000001,1.754840956821433,43.55057290096033,30.82923666904387,35.03792914006767,12.72133623191646,4.208692471023799,-0.08185914549257249,-0.08850291360000548,0.05002597421050393
87.60000000000001,1.860169444733943,43.53618972445042,30.81252796801722,35.04851662226581,12.7236617564332,4.235988654248583,-0.07191588254956173,-0.08354350513322879,0.05293741099071098
87.80000000000001,1.96189722557176,43.52384027985352,30.79684632960734,35.0597215907751,12.72699395024618,4.262875261167764,-0.06174722298451994,-0.0784081920494179,0.05602484254648304
88,2.059827386122915,43.51356527887455,30.78222477153982,35.07157728876696,12.73134050733473,4.289352517227137,-0.05137500489483402,-0.0731077903375808,0.05927848995926877
88.2,2.153770364182258,43.50540099756757,30.76869409904545,35.08411494966609,12.73670689852212,4.31542085062064,-0.04082140653491005,-0.06765336247187226,0.06268830449562966
88.40000000000001,2.24354431548464,43.49937921662103,30.75628285961404,35.09736374693596,12.74309635700699,4.341080887321926,-0.03010890473271714,-0.06205619715705422,0.06624398634935258
88.60000000000001,2.328975465698646,43.49552717008208,30.74501730188858,35.11135074771181,12.7505098681935,4.366333445823226,-0.01926023269471833,-0.05632778862724843,0.06993500387924362
88.80000000000001,2.409898446799421,43.49386750262574,30.73492133878094,35.12610087037286,12.7589461638448,4.39117953159192,-0.008298337281706463,-0.050479815538225,0.07375061330523323
89,2.486156617169506,43.49441823545793,30.72601651488209,35.14163684613776,12.76840172057584,4.415620331255674,0.002753664160933594,-0.04452411949425231,0.07767987882453643
89.2,2.557602364808119,43.49719274092476,30.71832197823184,35.15797918475953,12.77887076269292,4.439657206527684,0.01387252733417303,-0.03847268325123587,0.08171169310880076
89.40000000000001,2.624097393061847,43.50219972588325,30.71185445650414,35.17514614438802,12.79034526937911,4.463291687883874,0.02503492479245524,-0.03233760863849534,0.08583479814243937
89.60000000000001,2.685512988323794,43.50944322387154,30.70662823765573,35.19315370566035,12.80281498621581,4.486525468004622,0.03621748994142217,-0.02613109424206849,0.09003780636168716
89.80000000000001,2.741730269182925,43.51892259609961,30.70265515507715,35.21201555007102,12.81626744102246,4.509360394993866,0.04739686114034369,-0.01986541289288766,0.09430922205333825
90,2.792640416541341,43.53063254126424,30.69994457727644,35.23174304266534,12.8306879639878,4.531798465388903,0.05854972582315825,-0.01355288900354706,0.09863746297162151
90.2,2.83814488425408,43.54456311417464,30.69850340211691,35.25234521909159,12.84605971205774,4.553841816974689,0.06965286455201533,-0.007205875797667838,0.1030108821312507
90.40000000000001,2.878155589883654,43.56069975315811,30.69833605562169,35.27382877703847,12.86236369753642,4.575492721416776,0.08068319491735831,-0.0008367324760708804,0.1074177897343463
90.60000000000001,2.912595085200158,43.57902331619789,30.69944449534887,35.2961980720762,12.87957882084902,4.596753576727327,0.0916178151989008,0.005542198635914843,0.1118464751886681
90.80000000000001,2.94139670609684,43.59951012573836,30.701828218332,35.31945511791108,12.89768190740635,4.617626899579079,0.102434047702329,0.01191861491564854,0.1162852291744231
91,2.964504701631001,43.6221320220758,30.70548427357212,35.34359959105445,12.91664774850368,4.638115317482331,0.1131094816872066,0.01828027620057238,0.1207223657168216
91.2,2.981874341940405,43.64685642523627,30.71040727905845,35.36862883989875,12.93644914617783,4.658221560840307,0.1236220158023659,0.02461502743163817,0.1251462442215412
91.40000000000001,2.993472004826319,43.67364640522548,30.71658944328621,35.39453789818482,12.95705696193927,4.677948454898608,0.1339498999460386,0.03091082113882417,0.1295452914303379
91.60000000000001,2.99927524083559,43.7024607605193,30.72402059123124,35.42131950283566,12.97844016928806,4.69729891160442,0.144071776469106,0.03715573972510995,0.1339080232541923
91.80000000000001,2.999272816715778,43.73325410464753,30.73268819473237,35.44896411612398,13.00056590991516,4.71627592139161,0.1539667206411385,0.04333801750567187,0.1382230664416247
92,2.993464737159223,43.7659769607076,30.74257740722428,35.47745995213201,13.02339955348332,4.73488254490773,0.1636142803003311,0.04944606245953891,0.1424791800401268
92.2,2.981862244793959,43.8005758636296,30.75367110275458,35.50679300745382,13.04690476087502,4.753121904699242,0.1729945146100393,0.05546847765150981,0.1466652766090646
92.40000000000001,2.964487798421502,43.83699346999887,30.76594991921113,35.5369470960824,13.07104355078774,4.770997176871266,0.1820880318463611,0.06139408228277428,0.1507704431428877
92.60000000000001,2.941375029543621,43.87516867522749,30.77939230567701,35.56790388841521,13.09577636955048,4.788511582738195,0.1908760261430989,0.06721193232940338,0.1547839616640411
92.80000000000001,2.912568677262256,43.91503673785198,30.79397457382275,35.59964295430434,13.12106216402924,4.805668380481588,0.1993403131224677,0.07291134072867624,0.1586953294456186
93,2.878124501678593,43.9565294107204,30.80967095323756,35.63214181006924,13.14685845748284,4.822470856831671,0.2074633643420861,0.07848189707408855,0.1624942788245138
93.2,2.838109175958911,43.99957507881862,30.82645365059373,35.66537596938256,13.17312142822488,4.838922318788825,0.2152283404910877,0.08391348678084345,0.1661707965666192
93.40000000000001,2.792600157276173,44.04409890347274,30.84429291253067,35.69931899793185,13.19980599094208,4.855026085401189,0.2226191232706256,0.08919630968465349,0.1697151427464914
93.60000000000001,2.741685536877118,44.09002297265206,30.86315709213822,35.73394257175282,13.22686588051384,4.870785479614597,0.2296203458966027,0.094320898037783,0.173117869104842
93.80000000000001,2.685463869565124,44.13726645708509,30.88301271891171,35.76921653912247,13.25425373817338,4.88620382021076,0.2362174221651347,0.09927813386743049,0.1763698368482282
94,2.624043982928896,44.1857457718899,30.90382457204426,35.80510898589375,13.28192119984563,4.901284413849481,0.2423965740240493,0.1040592656627879,0.1794622338563923
94.2,2.557544766686219,44.23537474340922,30.92555575691595,35.84158630414652,13.30981898649328,4.916030547230569,0.2481448575966282,0.1086559243584165,0.1823865912638546
94.40000000000001,2.486094942550627,44.28606478093059,30.94816778463254,35.87861326402323,13.33789699629805,4.930445479390691,0.2534501876068004,0.113060138582945,0.1851347993835704
94.60000000000001,2.409832815066361,44.33772505296221,30.97162065446124,35.91615308861158,13.36610439850097,4.944532434150339,0.2583013601581082,0.1172643491435193,0.18769912294174
94.80000000000001,2.328906003893948,44.3902626677266,30.99587293900482,35.95416753173042,13.39438972872177,4.958294592725597,0.2626880738219541,0.1212614227179182,0.1900722155941948
95,2.24347115806467,44.44358285752538,31.02088187195038,35.99261695846965,13.422700985575,4.971735086519274,0.2666009489939281,0.1250446647277823,0.1922471336961726
95.2,2.153693652756925,44.49758916662145,31.04660343822398,36.0314604283294,13.45098572839747,4.984856990105424,0.2700315454803709,0.1286078313679963,0.1942173492987451
95.40000000000001,2.059747269181581,44.5521836422776,31.07299246637776,36.07065578079873,13.47919117589985,4.997663314420972,0.2729723782807678,0.1319451407688966,0.1959767623466538
95.60000000000001,1.961813858195793,44.60726702858462,31.10000272303169,36.11015972320951,13.50726430555293,5.010157000177816,0.2754169315350657,0.1350512832696598,0.1975197120538631
95.80000000000001,1.860082988296553,44.66273896270633,31.12758700918828,36.14992792069645,13.53515195351805,5.02234091150817,0.2773596706085701,0.1379214307829516,0.1988409874347271
96,1.754751578675285,44.71849817316446,31.15569725823481,36.18991508809051,13.56280091492965,5.034217829855695,0.2787960522906904,0.1405512452326753,0.1999358369703058
96.2,1.646023518043776,44.77444267978196,31.18428463544451,36.23007508356871,13.59015804433745,5.045790448124208,0.2797225330874619,0.1429368860484574,0.2007999773910398
96.40000000000001,1.534109269969338,44.83046999490025,31.21329963878497,36.27036100388045,13.61717035611527,5.057061365095478,0.2801365755914724,0.1450750167023357,0.2014296015587039
96.60000000000001,1.419225465483054,44.88647732548356,31.24269220083997,36.31072528096691,13.64378512464359,5.068033080126945,0.2800366529165476,0.1469628102749725,0.2018213854323073
96.80000000000001,1.301594483749762,44.94236177572122,31.27241179164809,36.35111977978779,13.66994998407313,5.078707988139698,0.2794222511883076,0.1485979540405949,0.2019724941043771
97,1.181444021611463,44.99802054973832,31.30240752226044,36.39149589716696,13.69561302747788,5.08908837490652,0.2782938700854738,0.1499786530617689,0.201880586895869
97.2,1.059006652837302,45.05335115402444,31.33262824881785,36.43180466146691,13.72072290520659,5.099176412649065,0.2766530214305886,0.1511036327870288,0.201543821499766
97.40000000000001,0.9345193779334533,45.10825159919096,31.36302267694711,36.47199683289997,13.74522892224385,5.108974155952858,0.2745022258325917,0.1519721406463204,0.2009608571652726
97.60000000000001,0.8082231653841128,45.16262060066845,31.39353946627534,36.51202300428324,13.76908113439311,5.118483538007901,0.2718450073874775,0.1525839466411565,0.2001308569163687
97.80000000000001,0.6803624852118044,45.21635777795786,31.42412733486101,36.55183370204332,13.79223044309685,5.127706367182309,0.268685886447019,0.1529393429283296,0.1990534888003567
98,0.551184835759749,45.26936385205172,31.4547351633406,36.5913794872761,13.81462868871111,5.136644323935496,0.2650303704692967,0.1530391423979807,0.1977289261639159
98.2,0.4209402646123492,45.32154084064541,31.48531209859036,36.63061105666731,13.83622874205505,5.145298958076953,0.2608849429684831,0.1528846762487694,0.1961578469560593
98.40000000000001,0.2898808845812191,45.37279225076242,31.51580765670333,36.66947934307917,13.85698459405909,5.153671686375841,0.2562570505850266,0.1524777905648338,0.194341432059275
98.60000000000001,0.1582603856934791,45.42302326842262,31.54617182508356,36.70793561560957,13.87685144333906,5.161763790526013,0.2511550883010165,0.1518208419011642,0.1922813626520139
98.80000000000001,0.02633354412710637,45.47214094498844,31.57635516346075,36.74593157893108,13.89578578152769,5.169576415470338,0.2455883828291117,0.1509166918859348,0.1899798166075638
99,-0.1056442709561675,45.52005437982983,31.60630890363079,36.78341947171833,13.91374547619904,5.177110568087532,0.2395671742069559,0.1497687008502432,0.1874394639362142
99.2,-0.2374175917258187,45.56667489895633,31.63598504773031,36.82035216397422,13.93068985122602,5.184367116243909,0.2331025956324792,0.1483807204975904,0.1846634612794698
99.40000000000001,-0.3687313461884306,45.61191622927211,31.66533646485577,36.8566832530676,13.94657976441634,5.191346788211831,0.2262066515789011,0.1467570856272979,0.1816554454669063
99.60000000000001,-0.4993313519274298,45.65569466811843,31.69431698584135,36.89236715829722,13.96137768227708,5.198050172455872,0.2188921942315806,0.1449026049278862,0.1784195261480784
99.80000000000001,-0.6289648081208534,45.69792924777686,31.722881496013,36.92735921379995,13.97504775176386,5.204477717786958,0.2111728982921177,0.1428225508582474,0.1749602775136785
100,-0.7573807848847742,45.73854189461651,31.75098602574024,36.96161575962434,13.98755586887627,5.210629733884101,0.2030632341982709,0.1405226486362061,0.1712827291219118
100.2,-0.8843307089952273,45.77745758257878,31.77858783861139,36.9950942307939,13.99886974396738,5.216506392182502,0.1945784398113326,0.1380090643557955,0.1673923558477839
100.4,-1.009568845048274,45.81460448070389,31.80564551706265,37.02775324418884,14.00895896364124,5.22210772712619,0.1857344906255708,0.1352883922562639,0.1632950669746959
100.6,-1.132852771127038,45.84991409441533,31.83211904529614,37.05955268307872,14.01779504911919,5.227433637782582,0.1765480685572143,0.1323676411674679,0.1589971944494052
100.8,-1.253943848054815,45.88332140028997,31.85796988932772,37.09045377914332,14.02535151096225,5.232483889815605,0.1670365293732123,0.1292542201579064,0.1545054803230266
101,-1.372607681325964,45.9147649740545,31.88316107401036,37.12041919182379,14.03160390004414,5.237258117813433,0.1572178688226353,0.1259559234131939,0.1498270634023284
101.2,-1.488614574820523,45.94418711156172,31.90765725688521,37.14941308485121,14.03652985467651,5.241755827965999,0.1471106875361026,0.1224809143742615,0.1449694651371058
101.4,-1.601739975424086,45.97153394251392,31.93142479871841,37.17740119980539,14.04010914379551,5.245976401086974,0.1367341547610076,0.1188377091660103,0.1399405747708929
101.6,-1.711764907692543,45.99675553671444,31.95443183058812,37.20435092656213,14.04232370612632,5.249919095974011,0.1261079710025741,0.1150351593485144,0.1347486337837025
101.8,-1.818476397720139,46.01980600264302,31.97664831739295,37.2302313704935,14.04315768525006,5.253583053100545,0.1152523296428933,0.1110824340241843,0.1294022196568543
102,-1.921667885390431,46.04064357816543,31.99804611766006,37.25501341629175,14.04259746050537,5.25696729863169,0.1041878776120803,0.1069890013355512,0.1239102289912631
102.2,-2.021139624212196,46.05923071320294,32.01859903953797,37.27866978829412,14.04063167366497,5.260070748756149,0.09293567518752137,0.1027646093895081,0.1182818600118126
102.4,-2.11669906796619,46.07553414420271,32.03828289286696,37.30117510719244,14.03725125133575,5.262892214325483,0.08151715499887845,0.09841926664496156,0.1125265944916294
102.6,-2.208161243414546,46.08952496026632,32.05707553722733,37.32250594301868,14.03244942303899,5.265430405791349,0.06995408031805864,0.09396322180188338,0.1066541791311947
102.8,-2.295349108351172,46.10117866080927,32.07495692587348,37.34264086430434,14.0262217349358,5.267683938430864,0.05826850271474171,0.08940694323071767,0.1006746064282866
103,-2.37809389430016,46.11047520464113,32.09190914546988,37.36156048331949,14.01856605917126,5.269651337849609,0.04648271915929289,0.08476109798199222,0.09459809507573455
103.2,-2.456235433198875,46.11739905037233,32.10791645155324,37.37924749730446,14.00948259881909,5.271331045751225,0.03461922865595985,0.08003653041679379,0.0884350699248791
103.4,-2.52962246743326,46.12193918807036,32.12296529965314,37.39568672561516,13.99897388841723,5.272721425962018,0.02270068849016591,0.07524424049950325,0.08219614155347423
103.6,-2.598112942625362,46.12408916210526,32.13704437201211,37.41086514271066,13.98704479009315,5.273820770698556,0.0107498701744621,0.07039536179484064,0.07589208547753373
103.8,-2.661574282606235,46.12384708514092,32.15014459985448,37.42477190692013,13.97370248528644,5.27462730706565,-0.001210384821713584,0.06550113921184342,0.06953382104731429
104,-2.719883646041994,46.12121564324634,32.16225918116206,37.43739838493378,13.95895646208428,5.275139203771722,-0.0131572094728988,0.06057290653789184,0.06313239006823942
104.2,-2.772928164216281,46.11620209211768,32.17338359392332,37.4487381719714,13.94281849819436,5.275354578048081,-0.0250677556432653,0.05562206380630259,0.05669893518810173
104.4,-2.820605159508835,46.10881824441945,32.18351560483158,37.45878710758986,13.92530263958787,5.275271502758279,-0.03691923849115693,0.05066005454133447,0.05024467809233365
104.6,-2.862822344147305,46.09908044827012,32.19265527341652,37.46754328709977,13.9064251748536,5.274888013683245,-0.04868898074666777,0.04569834292468813,0.04378089754950939
104.8,-2.899497998847552,46.08700955691479,32.20080495160207,37.47500706856967,13.88620460531272,5.274202116967608,-0.06035445677666395,0.04074839092773426,0.03731890734953106
105,-2.930561130996656,46.07263088964437,32.20796927869282,37.4811810754051,13.86466161095155,5.273211796712282,-0.07189333635206133,0.03582163545377155,0.03087003417716027
105.2,-2.955951612072458,46.05597418403782,32.21415517179974,37.48607019449784,13.84181901223808,5.271915022698103,-0.08328352803274475,0.03092946553459702,0.02444559546368247
105.4,-2.975620294033575,46.03707353962057,32.21937181172486,37.48968156994975,13.81770172789572,5.27030975822489,-0.0945032220862522,0.02608319962556645,0.01805687725953381
105.6,-2.989529104454677,46.01596735304912,32.22363062433348,37.49202459238388,13.79233672871564,5.268393968050404,-0.105530932857247,0.02129406304313286,0.01171511217068081
105.8,-2.997651120222806,45.99269824494795,32.2269452574512,37.49311088386417,13.76575298749675,5.26616562641297,-0.1163455405058619,0.01657316558857507,0.0054314574014199
106,-2.99997061965211,45.9673129785411,32.22933155333146,37.49295427845338,13.73798142520965,5.263622725121927,-0.1269263320342179,0.01193147940126895,-0.0007830270539415218
106.2,-2.996483112916125,45.93986237023675,32.23080751674834,37.49157079844771,13.70905485348841,5.260763281699376,-0.137253041521797,0.007379817084409625,-0.006917400028348166
106.4,-2.987195350738669,45.91040119233837,32.23139327877745,37.48897862633443,13.67900791356092,5.257585347556983,-0.1473058894918746,0.002928810145565936,-0.01296086056639942
106.6,-2.972125311326553,45.87898806807179,32.23111105633621,37.48519807252752,13.64787701173558,5.254087016191313,-0.1570656213329018,-0.001411112206160505,-0.01890276903453668
106.8,-2.951302165569385,45.84568535913168,32.22998510756315,37.48025153894429,13.61570025156853,5.250266431381135,-0.1665135447005487,-0.005629743865289544,-0.0247326679161911
107,-2.924766220573844,45.81055904596606,32.22804168312373,37.47416347849395,13.58251736284233,5.246121795370222,-0.1756315658280972,-0.009717122197117338,-0.03044030225167671
107.2,-2.892568841641701,45.77367860103107,32.22530897353825,37.46696035055729,13.54836962749282,5.241651377019039,-0.1844022246749771,-0.0136635479274068,-0.03601563968330094
107.4,-2.854772352842646,45.73511685526196,32.22181705263503,37.4586705725439,13.51329980262693,5.23685351990887,-0.1928087288454903,-0.01745960451607266,-0.04144889006692827
107.6,-2.811449916374351,45.69494985801953,32.21759781723957,37.44932446762149,13.47735204077996,5.231726650381916,-0.200834986212145,-0.02109617697731897,-0.04673052461207155
107.8,-2.762685390943304,45.65325673078343,32.21268492321762,37.43895420871879,13.4405718075658,5.226269285501168,-0.2084656361805259,-0.02456447010975799,-0.05185129451349745
108,-2.708573169440549,45.61011951487637,32.20711371799739,37.42759375891113,13.40300579687899,5.220480040913742,-0.2156860795352576,-0.02785602610118184,-0.05680224903831643
108.2,-2.649217996226516,45.5656230135145,32.20092116970261,37.41527880830441,13.36470184381189,5.214357638601804,-0.2224825068093587,-0.03096274147386826,-0.06157475303358124
108.4,-2.584734764378672,45.51985462849007,32.1941457930351,37.40204670754031,13.32570883545498,5.20790091450521,-0.228841925122144,-0.03387688333757874,-0.06616050382053877
108.6,-2.515248293294394,45.47290419180332,32.18682757205135,37.38793639805174,13.28607661975197,5.201108826000386,-0.2347521834337944,-0.03659110491874712,-0.0705515474428675
108.8,-2.440893087079608,45.42486379256976,32.1790078799842,37.37298833920424,13.24585591258556,5.193980459220043,-0.2402019961677744,-0.03909846033575801,-0.07474029423748228
109,-2.361813074190847,45.37582759953867,32.17072939626586,37.35724443246468,13.20509820327281,5.18651503619882,-0.2451809651554382,-0.04139241859167379,-0.07871953369779922
109.2,-2.278161328834686,45.32589167956659,32.16203602091441,37.34074794274454,13.16385565865218,5.178711921830129,-0.2496795998604111,-0.0434668767572837,-0.08248244860072255
109.4,-2.190099774663931,45.27515381239785,32.15297278645063,37.32354341707052,13.12218102594723,5.170570630619899,-0.2536893358436569,-0.04531617231891614,-0.08602262837004025
109.6,-2.097798871343966,45.22371330211114,32.14358576751721,37.30567660074045,13.08012753459393,5.162090833223239,-0.2572025514335531,-0.0469350946670721,-0.0893340816503925
109.8,-2.001437284596094,45.17167078559739,32.13392198837649,37.28719435112695,13.03774879722091,5.153272362750464,-0.2602125825687622,-0.04831889570360104,-0.09241124806750514
110,-1.901201540356497,45.11912803844034,32.12402932846712,37.26814454929656,12.99509870997323,5.144115220829441,-0.2627137357852256,-0.04946329954684666,-0.09524900915195457
110.2,-1.79728566372027,45.0661877785759,32.11395642620393,37.24857600961549,12.95223135237197,5.134619583411563,-0.2647012993221992,-0.05036451131593691,-0.09784269840534959
110.4,-1.689890803369455,45.01295346811072,32.10375258120849,37.2285383875176,12.90920088690223,5.124785806309106,-0.2661715523258854,-0.05101922497717461,-0.1001881104894751
110.6,-1.579224842212003,44.95952911368414,32.09346765516103,37.20808208561347,12.86606145852311,5.114614430452441,-0.2671217721329008,-0.05142463023730151,-0.1022815095206399
110.8,-1.46550199498539,44.90601906576023,32.08315197146698,37.18725815832283,12.82286709429326,5.104106186855851,-0.2675502396195323,-0.05157841847025337,-0.1041196364532023
111,-1.348942393603804,44.85252781723894,32.0728562139338,37.16611821521523,12.77967160330514,5.093262001281431,-0.2674562426064783,-0.05147878766589521,-0.1056997155380109
111.2,-1.229771661051469,44.79915980177643,32.06263132465557,37.14471432324657,12.73652847712086,5.082082998590998,-0.2668400773125335,-0.05112444639111916,-0.1070194598432855
111.4,-1.108220474647071,44.74601919220554,32.05252840130445,37.12309890808111,12.69349079090109,5.070570506776662,-0.2657030478544517,-0.05051461675559963,-0.1080770758272817
111.6,-0.9845241195244808,44.69320969944674,32.04259859402917,37.10132465469033,12.65061110541757,5.058726060661165,-0.2640474637940022,-0.04964903637642759,-0.1088712669539142
111.8,-0.858922033194218,44.64083437229934,32.03289300216161,37.07944440742146,12.60794137013773,5.046551405259848,-0.2618766357370124,-0.04852795933778404,-0.1094012363443668
112,-0.7316573420672474,44.58899539850074,32.02346257093286,37.05751106972954,12.56553282756789,5.034048498796679,-0.259194868992961,-0.04715215614375846,-0.1096666884595851
112.2,-0.6029763908381069,44.53779390743925,32.01435798839999,37.03557750376745,12.52343591903927,5.021219515367463,-0.2560074553074396,-0.04552291266436762,-0.1096678298104193
112.4,-0.4731282656386004,44.48732977490255,32.00562958278463,37.01369643002864,12.48170019211792,5.00806684724401,-0.2523206626835251,-0.04364202807677928,-0.1094053686940707
112.6,-0.3423643118847947,44.43770143024019,31.99732722042349,36.99192032723716,12.4403742098167,4.994593106813671,-0.2481417233118107,-0.04151181180569109,-0.108880513957376
112.8,-0.2109376477508049,44.38900566631369,31.98950020452974,36.97030133267929,12.39950546178395,4.980801128149551,-0.243478819632497,-0.03913507946875273,-0.1080949727893501
113,-0.07910267421106945,44.34133745260237,31.98219717496277,36.94889114316983,12.3591402776396,4.966693968207061,-0.2383410685565632,-0.03651514783484563,-0.1070509475472846
113.2,0.05288541740050356,44.29478975182705,31.97546600920178,36.92774091684532,12.31932374262527,4.952274907643535,-0.2327385038765989,-0.03365582880494665,-0.1057511316225707
113.4,0.1847711393612251,44.24945334044678,31.96935372471634,36.90690117597446,12.28009961573044,4.937547451258119,-0.2266820569013817,-0.03056142242719374,-0.104198704354273
113.6,0.316299202104083,44.20541663337643,31.96390638292441,36.8864217109744,12.24151025045202,4.922515328049982,-0.2201835353517216,-0.02723670895964285,-0.1023973250003245
113.8,0.4472150083786068,44.16276551326474,31.9591689949252,36.86635148581879,12.20359651833953,4.907182490893586,-0.2132556005584602,-0.02368693999604838,-0.100351125778036
114,0.5772651460716172,44.12158316466338,31.95518542919084,36.84673854502131,12.16639773547254,4.891553115830469,-0.205911743006795,-0.01991782867181444,-0.09806470398741476
114.2,0.7061978787339735,44.08194991340851,31.95199832139703,36.8276299223748,12.12995159201148,4.875631600977766,-0.1981662562743028,-0.01593553896904531,-0.09554311323256255
114.4,0.833763632863654,44.04394307152589,31.94964898656876,36.80907155162316,12.09429408495713,4.859422565054405,-0.1900342094131424,-0.01174667414136779,-0.09279185375816776
114.6,0.9597154810021501,44.0076367879599,31.94817733371258,36.7911081792392,12.05945945424733,4.84293084552662,-0.1815314178299274,-0.007358264280903202,-0.08981686191982048
114.8,1.083809619708895,43.97310190541597,31.94762178310229,36.77378327947748,12.02548012231368,4.826161496375196,-0.1726744127196695,-0.002777753051427623,-0.08662449880855425
115,1.205805841488576,43.94040582359337,31.94801918637961,36.75713897186716,11.99238663721375,4.809119785487542,-0.1634804091129878,0.001987016386626036,-0.08322153805165572
115.2,1.325467999757839,43.90961236907367,31.94940474962604,36.74121594130448,11.96020761944763,4.791811191678445,-0.1539672725984645,0.006927816232105359,-0.07961515281337779
115.4,1.442564465951299,43.88078167211675,31.9518119595563,36.72605336090034,11.92896971256046,4.774241401344042,-0.1441534847845926,0.01203604965128407,-0.07581290202073977
115.6,1.556868577882109,43.85397005060312,31.9552725129779,36.71168881773212,11.89869753762522,4.756416304754218,-0.1340581075681969,0.01730276710802787,-0.07182271584109827
115.8,1.668159078489167,43.82922990134741,31.95981624965478,36.69815824164419,11.86941365169263,4.738341991989415,-0.1237007462785225,0.02271868338439401,-0.06765288043962026
116,1.776220544121669,43.80660959899374,31.96547108870653,36.68549583723496,11.84113851028721,4.720024748528434,-0.1131015117683582,0.02827419525874085,-0.06331202204618344
116.2,1.880843801532056,43.78615340268862,31.97226296866796,36.67373401916245,11.81389043402066,4.70147105049449,-0.1022809815256017,0.03395939980714979,-0.05880909036256567
116.4,1.981826332770024,43.76790137071251,31.98021579132651,36.66290335089403,11.787685579386,4.682687559567526,-0.09126015988056743,0.03976411329275502,-0.05415334134206144
116.6,2.078972667194084,43.75188928323529,31.9893513694478,36.65303248701906,11.7625379137875,4.663681117571265,-0.08006043738608813,0.04567789060643683,-0.04935431937487877
116.8,2.172094759841647,43.73814857334548,31.99968937849205,36.6441481192363,11.73845919485343,4.644458740744248,-0.06870354944906255,0.05169004522126706,-0.04442183891381883
117,2.261012355425343,43.72670626648677,32.01124731241647,36.63627492612113,11.7154589540703,4.62502761370466,-0.05721153429354858,0.05778966962209887,-0.03936596557582443
117.2,2.345553337250984,43.71758492841941,32.02404044365063,36.62943552676993,11.69354448476879,4.605395083119305,-0.04560669033679583,0.06396565617077302,-0.03419699675599781
117.4,2.425554060381687,43.71080262180726,32.03808178732394,36.62365043841161,11.67272083448332,4.585568651087669,-0.0339115330607465,0.07020671836656835,-0.02892544179163111
117.6,2.500859668403392,43.70637287151476,32.05338206981609,36.61893803806868,11.65299080169867,4.565555968252589,-0.02214875146251024,0.07650141246075812,-0.02356200171466444
117.8,2.571324393178505,43.70430463868113,32.06994970169278,36.61531452834232,11.63435493698835,4.545364826649539,-0.01034116416813222,0.08283815938344757,-0.01811754863178203
118,2.636811837007483,43.7046023036222,32.08779075508083,36.6127939073879,11.61681154854137,4.525003152307072,0.001488324705374354,0.08920526694026248,-0.01260310477207827
118.2,2.697195236652196,43.70726565759306,32.10690894552802,36.61138794313933,11.60035671206504,4.504478997611308,0.01331676985427367,0.09559095223593508,-0.007029821242868174
118.4,2.752357708709943,43.71228990342762,32.1273056183843,36.61110615183237,11.58498428504333,4.483800533448075,0.02512122917285171,0.1019833642813937,-0.001408956534781608
118.6,2.802192475863228,43.71966566505417,32.14897973973242,36.61195578086882,11.57068592532175,4.4629760411364,0.03687880813272516,0.1083706067406058,0.004248145182234053
118.8,2.846603073567295,43.72937900586833,32.17192789188705,36.61394179605481,11.55745111398128,4.442013904167759,0.04856670407079156,0.1147407607731534,0.009930075929974058
119,2.885503536775357,43.74141145592834,32.19614427347272,36.61706687323836,11.54526718245562,4.420922599765639,0.06016225030007459,0.1210819079283317,0.01562538591774698
119.2,2.918818566340088,43.75574004791996,32.22162070408201,36.62133139436241,11.53411934383794,4.399710690280394,0.07164295995806183,0.127382153046464,0.02132260562026271
119.4,2.946483674769238,43.77233736182149,32.24834663350664,36.62673344794138,11.52399072831485,4.378386814434748,0.08298656950764069,0.133629647123107,0.02701026789488574
119.6,2.968445311053283,43.79117157818277,32.27630915552501,36.63326883396047,11.51486242265776,4.356959678435459,0.09417108180641125,0.139812610091895,0.03267693009542565
119.8,2.984660964323465,43.81220653991497,32.3054930262214,36.6409310731884,11.50671351369357,4.335438046966999,0.1051748086609907,0.1459193534819253,0.0383111961396438
120,2.995099246139542,43.83540182247175,32.33588068680257,36.64971142088595,11.49952113566918,4.313830734083382,0.1159764127839216,0.1519383029058307,0.04390173848774495
120.2,2.999739951248019,43.86071281228615,32.36745229086957,36.65959888488381,11.49326052141657,4.292146594014234,0.1265549490719515,0.1578580203350097,0.04943731998929492
120.4,2.998574096693193,43.8880907933113,32.40018573609335,36.67058024799505,11.48790505721795,4.270394511901706,0.1368899051257688,0.1636672261188982,0.05490681555626056
120.6,2.991603939205362,43.91748304149785,32.43405670023448,36.6826400947191,11.48342634126337,4.248583394484619,0.1469612409327439,0.169354820705658,0.06029923362020492
120.8,2.978842970832494,43.94883292702502,32.46903868143892,36.69576084218551,11.47979424558609,4.22672216074659,0.1567494276358494,0.1749099060222375,0.06560373733208838
121,2.96031589282384,43.98208002408776,32.50510304273341,36.70992277527824,11.47697698135435,4.204819732544827,0.1662354853136994,0.1803218064724154,0.07080966546362537
121.2,2.936058567816024,44.01716022802747,32.54221906063584,36.72510408587218,11.47494116739163,4.182885025236338,0.1754010196985642,0.1855800895121771,0.07590655296972365
121.4,2.906117950414186,44.05400587957973,32.58035397778836,36.74128091610662,11.47365190179136,4.160926938318255,0.1842282577612722,0.1906745857625931,0.08088415117218985
121.6,2.870551996302526,44.09254589599855,32.61947305951261,36.75842740561174,11.47307283648593,4.138954346099126,0.1927000820941042,0.1955954086212578,0.08573244752561786
121.8,2.829429550060204,44.13270590880357,32.65953965417948,36.77651574259718,11.4731662546241,4.116976088417701,0.200800064025113,0.2003329733343221,0.09044168492718598
122,2.782830211899738,44.17440840788353,32.70051525727791,36.79551621870377,11.47389315060561,4.09500096142586,0.2085124953997561,0.2048780154921913,0.0950023805329715
122.2,2.730844183585839,44.21757289167719,32.74235957906053,36.81539728751265,11.47521331261666,4.073037708452119,0.215822418968311,0.2092216089130783,0.09940534404434688
122.4,2.67357209383299,44.26211602314123,32.78503061563648,36.83612562659845,11.47708540750475,4.051095010961973,0.2227156573202395,0.2133551828797819,0.1036416954290477
122.6,2.611124803519662,44.30795179120313,32.82848472337574,36.85766620300697,11.47946706782739,4.029181479631227,0.229178840309482,0.2172705386963153,0.1077028820425972
122.8,2.543623191096295,44.35499167738665,32.87267669648221,36.87998234203036,11.48231498090444,4.007305645548151,0.2351994309175834,0.2209598655323198,0.1115806951169321
123,2.471197918602363,44.40314482728756,32.91755984758713,36.90303579914722,11.48558497970043,3.98547595156009,0.2407657495045771,0.224415755524582,0.1152672855843013
123.2,2.393989178745455,44.4523182265677,32.96308609120841,36.92678683498838,11.48923213535929,3.963700743779967,0.2458669964006733,0.2276312181064042,0.1187551792057949
123.4,2.312146423532015,44.5024168811267,33.00920602991582,36.95119429318342,11.49321085121088,3.941988263267596,0.250493272795011,0.2305996935370754,0.1220372909752054
123.6,2.225828074974911,44.55334400110291,33.05586904303687,36.97621568093749,11.49747495806604,3.920346637900614,0.2546355998810299,0.2333150656052351,0.1251069387703305
123.8,2.1352012184379,44.60500118834719,33.10302337773317,37.00180725218254,11.50197781061402,3.898783874449371,0.2582859362213912,0.2357716734815199,0.1279578562252782
124,2.040441279210556,44.65728862700696,33.15061624227268,37.02792409314232,11.50667238473428,3.877307850869641,0.261437193298827,0.2379643226975301,0.1305842047988475
124.2,1.941731682939681,44.71010527685151,33.19859390131865,37.05452021014544,11.51151137553287,3.855926308826795,0.2640832492228038,0.2398882952298418,0.1329805850156117
124.4,1.839263500574559,44.76334906896461,33.24690177305255,37.08154861951703,11.51644729591206,3.83464684646448,0.2662189605654622,0.2415393586695221,0.1351420468579338
124.6,1.733235078513268,44.81691710342539,33.29548452794442,37.10896143937479,11.52143257548096,3.813476911430364,0.2678401723039112,0.242913774459373,0.1370640992887867
124.8,1.623851654665996,44.87070584859531,33.34428618898101,37.13670998315217,11.52641965961431,3.792423794171164,0.2689437258496231,0.2440083051829346,0.1387427188869347
125,1.511324961178561,44.92461134162519,33.39325023315923,37.16474485466772,11.53136110846596,3.771494621508495,0.2695274651493795,0.2448202208911106,0.1401743575777493
125.2,1.395872814585066,44.97852938979437,33.44231969405006,37.19301604455666,11.53620969574432,3.750696350506608,0.2695902408459486,0.2453473044541417,0.1413559494446848
125.4,1.277718694183176,45.03235577229246,33.49143726523577,37.22147302787831,11.54091850705669,3.730035762642544,0.2691319124904327,0.2455878559285389,0.1422849166082176
125.6,1.157091309447955,45.08598644205286,33.54054540442186,37.25006486271048,11.545441037631,3.709519458288618,0.2681533488019961,0.2455406959304915,0.1429591741608593
125.8,1.034224157321757,45.13931772724776,33.5895864380237,37.27874028954022,11.54973128922406,3.689153851516515,0.266656425974462,0.2452051680091896,0.1433771341486802
126,0.9093550702371067,45.19224653205437,33.63850266602679,37.30744783125854,11.55374386602758,3.668945165231754,0.2646440240330484,0.2445811400154332,0.1435377085916265
126.2,0.7827257557473135,45.24467053630403,33.68723646691936,37.3361358935659,11.55743406938467,3.648899426646537,0.2621200212482891,0.243669004462845,0.1434403115367736
126.4,0.6545813286562232,45.29648839362762,33.73573040249555,37.364752865594,11.56075799113207,3.629022463098451,0.2590892866179448,0.2424696778809526,0.1430848601405327
126.6,0.5251698365524657,45.34759992771391,33.78392732232782,37.39324722054954,11.56367260538609,3.60931989822172,0.2555576704314492,0.240984599161355,0.1424717747777048
126.8,0.3947417796668045,45.39790632630094,33.83177046770785,37.42156761618497,11.56613585859309,3.589797148477125,0.2515319929351491,0.2392157269001371,0.1416019781771611
127,0.2635496259819365,45.44731033252499,33.87920357485618,37.44966299490213,11.56810675766882,3.570459420045957,0.247020031120271,0.2371655357416387,0.1404768935858148
127.2,0.131847322533281,45.49571643325683,33.9261709772023,37.47748268329502,11.56954545605453,3.551311706092726,0.2420305036591829,0.2348370117306132,0.1390984419644275
127.4,-0.0001101961530825261,45.54303104406065,33.97261770653864,37.50497649093916,11.57041333752201,3.532358784400515,0.2365730540191031,0.2322336466817326,0.137469038220669
127.6,-0.1320675015341103,45.58916269041784,34.0184895928541,37.5320948082365,11.57067309756374,3.513605215382398,0.2306582317859367,0.2293594315772952,0.1355915864867139
127.8,-0.2637691654796456,45.63402218486472,34.06373336265528,37.5587887031266,11.57028882220944,3.495055340471325,0.2242974722343848,0.226218849005872,0.1334694744505057
128,-0.3949602547014982,45.67752279970149,34.10829673558657,37.58501001647694,11.56922606411492,3.476713280890365,0.2175030741838668,0.2228168646564822,0.1311065667516541
128.2,-0.5253868242247216,45.71958043493812,34.15212851916351,37.61071145596788,11.5674519157746,3.458582936804369,0.2102881761831134,0.2191589178847193,0.1285071974547376
128.4,-0.6547964089456565,45.76011378115202,34.19517870143732,37.6358466882908,11.5649350797147,3.440667986853477,0.2026667310695243,0.2152509113690375,0.1256761616145754
128.6,-0.7829385123256636,45.79904447694253,34.23739854141276,37.66037042948076,11.56164593552977,3.422971888067998,0.1946534789525307,0.211099199877176,0.122618705949784
128.8,-0.9095650912740965,45.83629726067718,34.27874065704564,37.68423853320929,11.55755660363154,3.405497876163651,0.186263918673252,0.206710578164414,0.1193405186426645
129,-1.034431036282248,45.87180011623632,34.31915911065104,37.70740807686632,11.55264100558527,3.388248966215279,0.1775142777956872,0.202092268027031,0.115847718285157
129.2,-1.157294645878896,45.90548441247382,34.35860949155824,37.72983744526477,11.54687492091558,3.37122795370653,0.168421481187525,0.1972519045359829,0.1121468419922496
129.4,-1.27791809448873,45.93728503612409,34.39704899585372,37.75148641180594,11.54023604027038,3.354437415952226,0.1590031182513818,0.1921975214773849,0.108244832705844
129.6,-1.396067892788528,45.96714051789807,34.4344365030593,37.77231621694867,11.53270401483877,3.337879713889372,0.149277408869898,0.1869375360279334,0.1041490257136446
129.8,-1.511515339669464,45.99499315152419,34.47073264959828,37.79228964383051,11.52426050192592,3.321556994232232,0.1392631681306021,0.1814807326948725,0.09986713440915886
130,-1.624036964931033,46.02078910550396,34.50589989890858,37.81137109089458,11.51488920659538,3.305471191986001,0.1289797698988245,0.1758362465515366,0.09540723532036477
130.2,-1.73341496184965,46.04447852736579,34.53990260806875,37.82952664138178,11.50457591929704,3.289624033313032,0.1184471093091642,0.1700135458008635,0.09077775243601871
130.4,-1.839437608784312,46.06601564021541,34.57270709080886,37.84672412955377,11.49330854940655,3.274017038744908,0.1076855642481117,0.1640224137005691,0.08598744085993403
130.6,-1.941899679003687,46.08535883139589,34.60428167678585,37.86293320351874,11.48107715461004,3.258651526732898,0.09671595590237948,0.1578729298849134,0.08104536982486427
130.8,-2.040602837940922,46.10247073308575,34.63459676700968,37.87812538453851,11.46787396607607,3.243528617528838,0.08555950844930341,0.1515754511191498,0.0759609050988628
131,-2.135356027107369,46.11731829467922,34.66362488531445,37.89227412270215,11.45369340936477,3.2286492373877,0.07423780796733667,0.145140591523851,0.07074369081816777
131.2,-2.22597583392226,46.12987284680845,34.69134072577592,37.9053548488585,11.43853212103253,3.214014123082585,0.0627727606461701,0.1385792023073282,0.06540363078177086
131.4,-2.312286846742057,46.14011015688392,34.71772119598498,37.91734502270727,11.42238896089894,3.199623826722295,0.05118655037736568,0.1319023510453098,0.05995086924387069
131.6,-2.394121994402713,46.14801047604544,34.74274545609456,37.92822417695555,11.40526501995088,3.185478720860992,0.03950159580759228,0.1251213005479238,0.05439577124138381
131.8,-2.471322869617218,46.15355857743296,34.76639495356552,37.93797395745447,11.38716362386744,3.171579003888944,0.02774050693759026,0.118247487354825,0.04874890249458599
132,-2.543740035602602,46.15674378570314,34.78865345354553,37.94657815923842,11.36809033215761,3.157924705692892,0.01592604135087303,0.1112924999000255,0.04302100891978328
132.2,-2.611233315342953,46.15755999773452,34.80950706482325,37.95402275839715,11.34805293291127,3.144515693573901,0.004081060156889492,0.1042680563886272,0.03722299579366327
132.4,-2.673672062928254,46.1560056944813,34.82894426130889,37.96029593971908,11.32706143317241,3.131351678410191,-0.007771516266076034,0.09718598242821129,0.03136590660965097
132.6,-2.730935416444138,46.15208394395278,34.84695589900051,37.96538812005252,11.30512804495227,3.118432221052004,-0.01960875264260127,0.09005818845811235,0.02546090166719066
132.8,-2.782912531922755,46.14580239531268,34.86353522840455,37.96929196733959,11.28226716690813,3.105756738935042,-0.03140774320053486,0.08289664702019615,0.01951923643539137
133,-2.829502797902081,46.13717326410984,34.87867790238757,37.97200241528618,11.25849536172228,3.093324512898612,-0.04314565601417389,0.07571336991506622,0.01355223973291127
133.2,-2.870616030178321,46.12621330866897,34.89238197944513,37.97351667363944,11.23383132922383,3.081134694194304,-0.05479977720437891,0.06852038528784406,0.007571291766311387
133.4,-2.906172646374309,46.11294379768695,34.90464792238269,37.97383423405331,11.20829587530426,3.06918631167062,-0.06634755491007188,0.06132971468780393,0.001587802069383385
133.6,-2.93610381998618,46.09739046909775,34.91547859241193,37.97295687153054,11.18191187668582,3.057478279118612,-0.07776664294600448,0.05415335014619285,-0.004386812613851916
133.8,-2.960351613609964,46.07958348028529,34.92487923867524,37.97088864143861,11.15470424161006,3.046009402763367,-0.08903494406229218,0.04700323131652983,-0.01034115045966988
134,-2.978869091090298,46.0595573497409,34.93285748321955,37.96763587210543,11.12669986652135,3.034778388885883,-0.1001306527219797,0.03989122272155709,-0.01626384666585924
134.2,-2.991620408374187,46.03735089027813,34.93942330144971,37.96320715300926,11.09792758882842,3.02378385155955,-0.1110322973138366,0.03282909115080831,-0.02214359548085596
134.4,-2.99858088289387,46.0130071339344,34.94458899810021,37.95761331858564,11.06841813583419,3.013024320485428,-0.1217187817186745,0.02582848325246655,-0.02796917211815801
134.6,-2.999737041344584,45.98657324870466,34.94836917877277,37.95086742768292,11.03820406993189,3.002498248910143,-0.13216942614873,0.01890090336280756,-0.03372945451360722
134.8,-2.995086645764659,45.95810044726844,34.95078071709599,37.94298473870623,11.00731973017245,2.992204021610242,-0.1423640071810624,0.01205769161606368,-0.03941344488342861
135,-2.984638697867524,45.92764388788694,34.95184271757139,37.93398268049797,10.97580117031556,2.982139962926581,-0.1522827969074768,0.005310002376999339,-0.04501029104130291
135.2,-2.968413421617187,45.8952625676619,34.95157647417896,37.92388081901132,10.94368609348294,2.972304344832359,-0.1619066011251938,-0.001331216962135704,-0.05050930743321475
135.4,-2.946442224080978,45.86101920836303,34.9500054248231,37.91270081984145,10.91101378353993,2.962695395018343,-0.1712167964943413,-0.007855246779315928,-0.05589999584936472
135.6,-2.918767634635252,45.82498013504496,34.94715510170812,37.90046640668684,10.87782503333684,2.953311304978719,-0.1801953665903471,-0.01425161557493801,-0.06117206577305909
135.8,-2.885443222641817,45.78721514768867,34.94305307774028,37.8872033158214,10.84416206994839,2.944150238081122,-0.1888249367814471,-0.02051011983919612,-0.06631545432719309
136,-2.846533493754372,45.74779738611591,34.93772890906103,37.87293924666546,10.81006847705488,2.935210337604431,-0.1970888078637991,-0.02662084339626266,-0.07132034577972286
136.2,-2.802113765055708,45.70680318843809,34.93121407382345,37.85770380855138,10.77558911461465,2.926489734727937,-0.2049709883890988,-0.03257417618791608,-0.07617719057037467
136.4,-2.752270019267374,45.66431194331367,34.92354190733138,37.84152846378703,10.74077003598229,2.917986556455652,-0.212456225622122,-0.03836083246034325,-0.08087672382176649
136.6,-2.697098738313953,45.62040593630002,34.91474753366758,37.8244464671272,10.70565840263244,2.909698933459623,-0.2195300350682721,-0.04397186831899971,-0.08540998329911537
136.8,-2.6367067165642,45.57517019059722,34.90486779394405,37.80649280177045,10.67030239665317,2.901625007826397,-0.2261787285139781,-0.04939869861763532,-0.08976832678377086
137,-2.571210854110536,45.52869230249209,34.89394117131427,37.78770411200506,10.63475113117781,2.893762940690785,-0.2323894405256675,-0.05463311314888217,-0.09394344882694973
137.2,-2.500737930486904,45.48106227182088,34.88200771289324,37.76811863263481,10.59905455892764,2.886110919741569,-0.2381501533560233,-0.05966729210515436,-0.09792739685124666
137.4,-2.425424359263277,45.43237232777902,34.86910894873724,37.74777611532106,10.56326337904179,2.878667166583824,-0.2434497202093138,-0.06449382078002235,-0.101712586568758
137.6,-2.34541592399151,45.38271675041486,34.8552878080409,37.72671775198386,10.52742894237397,2.871429943942964,-0.2482778868207657,-0.06910570348169547,-0.105291816685979
137.8,-2.260867496013944,45.33219168815322,34.84058853271454,37.70498609541046,10.49160315543868,2.86439756269592,-0.2526253113082083,-0.0734963766317718,-0.108658282867014
138,-2.171942734680908,45.28089497170171,34.82505658850975,37.68262497722485,10.45583838319197,2.857568388715102,-0.2564835822575658,-0.07765972102399257,-0.1118055909280766
138.2,-2.078813770557228,45.22892592470028,34.80873857386587,37.6596794233773,10.4201873508344,2.850940849511424,-0.2598452350071908,-0.08159007321936455,-0.114727769237744
138.4,-1.981660872231329,45.17638517148038,34.79168212665473,37.63619556731751,10.38470304482564,2.844513440662773,-0.2627037660995186,-0.0852822360556863,-0.1174192802989652
138.6,-1.88067209737144,45.12337444230596,34.77393582900449,37.61222056101943,10.34943861330147,2.838284732014941,-0.2650536458720716,-0.08873148825122912,-0.1198750314904104
138.8,-1.776042928704763,45.06999637647327,34.75554911038767,37.58780248403015,10.3144472660856,2.83225337364248,-0.2668903291634413,-0.09193359308407714,-0.1220903849463725
139,-1.667975895623933,45.01635432365057,34.73657214916158,37.56299025071893,10.27978217448899,2.826418101557344,-0.2682102641135267,-0.09488480613042129,-0.1240611665561005
139.2,-1.556680182153362,44.96255214384237,34.7170557727522,37.53783351590589,10.24549637109017,2.820777743153698,-0.2690108990409962,-0.0975818820469234,-0.1257836740651504
139.4,-1.442371222034348,44.90869400636544,34.69705135667537,37.51238257905328,10.21164264969006,2.815331222377907,-0.2692906873846614,-0.1000220803841182,-0.127254684263074
139.6,-1.325270281712554,44.8548841882256,34.67661072259143,37.48668828720457,10.17827346563416,2.810077564613138,-0.2690490906991995,-0.1022031704196963,-0.1284714592435385
139.8,-1.205604032035321,44.80122687228571,34.65578603559095,37.46080193685962,10.14544083669476,2.805015901268668,-0.268286579699426,-0.1041234350024101,-0.1294317517247613
140,-1.083604109487757,44.74782594561549,34.6346297009111,37.43477517497563,10.11319624470439,2.800145474064529,-0.2670046333510993,-0.1057816733992581,-0.1301338094199668
140.2,-0.9595066678167173,44.69478479841349,34.61319426028299,37.40865989928574,10.0815905381305,2.795465639002757,-0.2652057360100167,-0.107177203140536,-0.1305763784494087
140.4,-0.8335519209110569,44.6422061238905,34.59153228811113,37.38250815812827,10.05067383577936,2.790975870017142,-0.2628933726149415,-0.1083098608592794,-0.1307587057873564
140.6,-0.7059836778224301,44.59019171950176,34.56969628768642,37.35637204998041,10.02049543181534,2.786675762293996,-0.2600720219436677,-0.1091800021235736,-0.1306805407393135
140.8,-0.577048870827172,44.53884228991271,34.54773858763399,37.33030362289109,9.991103702278721,2.782565035257107,-0.256747147945277,-0.1097885002621529,-0.1303421354466124
141,-0.4469970774425964,44.48825725207963,34.52571123879685,37.30435477400761,9.962546013282783,2.778643535210762,-0.2529251891653673,-0.1101367441856618,-0.1297442444174112
141.2,-0.3160800373227244,44.43853454282269,34.50366591175527,37.27857714939061,9.934868631067417,2.774911237635344,-0.2486135462847248,-0.1102266352078975,-0.1288881230850061
141.4,-0.1845511649691063,44.38977042926358,34.48165379518061,37.25302204431136,9.908116634082965,2.771368249130752,-0.243820567795559,-0.1100605828732832,-0.1277755253962514
141.6,-0.05266505919934516,44.34205932249497,34.45972549522086,37.22774030422441,9.88233382727411,2.768014809003553,-0.238555533843031,-0.1096414997987522,-0.1264087004347602
141.8,0.07932298967663388,44.2954935948423,34.43793093611283,37.20278222660733,9.857562658729464,2.764851290494491,-0.2328286382633522,-0.1089727955401272,-0.124790388085425
142,0.2111574940188378,44.25016340107165,34.41631926221384,37.17819746385759,9.833844138857813,2.761878201643754,-0.2266509688532236,-0.1080583694949669,-0.1229238137486537
142.2,0.3425832634015785,44.20615650388989,34.3949387416427,37.15403492743468,9.811217762247196,2.759096185791982,-0.2200344859088082,-0.1069026028557215,-0.1208126821145567
142.4,0.473345898582382,44.16355810407474,34.37383667171692,37.13034269343285,9.789721432357815,2.756506021715929,-0.2129919990757809,-0.1055103496288728,-0.1184611700091388
142.6,0.6031922839394679,44.12245067556368,34.35305928636942,37.10716790976758,9.769391389194269,2.754108623398167,-0.2055371425552657,-0.1038869267375448,-0.1158739183263467
142.8,0.7318710774245923,44.08291380582095,34.33265166572404,37.08455670515526,9.750262140096908,2.751905039431222,-0.1976843487136564,-0.1020381032268461,-0.1130560230615934
143,0.8591331970826388,44.04502404179147,34.31265764800546,37.06255410006244,9.732366393786016,2.749896452056987,-0.1894488201474044,-0.09997008859293945,-0.1100130254641174
143.2,0.9847323031966455,44.0088547417401,34.29311974395375,37.04120391979699,9.715734997786356,2.748084175843246,-0.1808465002568474,-0.09768952025853347,-0.1067509013272437
143.4,1.108425275124396,43.97447593326289,34.27407905390992,37.02054870990953,9.700396879352979,2.746469655999618,-0.1718940423860413,-0.09520345021914073,-0.1032760494372782
143.6,1.229972681904193,43.94195417774523,34.2555751877327,37.00062965406885,9.686378990012528,2.74505446633615,-0.1626087775883305,-0.09251933088605475,-0.09959527920340024
143.8,1.34913924571836,43.91135244152922,34.23764618770199,36.98148649457035,9.673706253827227,2.743840306868364,-0.1530086810800533,-0.08964500015355094,-0.09571579749249885
144,1.465694297317554,43.88272997403975,34.22032845455813,36.96315745563147,9.662401519481627,2.742829001073339,-0.1431123374473194,-0.08658866571931967,-0.09164519469444068
144.2,1.579412222524529,43.85614219310511,34.20365667682041,36.94567916962252,9.652485516284706,2.742022492802107,-0.1329389046732074,-0.08335888868858501,-0.08739143004474545
144.4,1.690072898952564,43.83164057769411,34.18766376352166,36.9290866063759,9.643976814172454,2.741422842854242,-0.1225080770550168,-0.07996456649374864,-0.08296281623308227
144.6,1.797462122093785,43.80927256827744,34.17238078048911,36.91341300571042,9.636891787788322,2.741032225221304,-0.1118400470833549,-0.07641491516272429,-0.07836800332738329
144.8,1.901372019952136,43.78908147500606,34.15783689029504,36.89868981330148,9.631244584711027,2.740852923006443,-0.100955466356849,-0.07271945097038811,-0.07361596204469494
145,2.0016014554186,43.77110639388444,34.14405929599329,36.88494662002125,9.62704709789115,2.740887324027966,-0.08987540560814314,-0.06888797150876474,-0.06871596640115218
145.2,2.097956415609897,43.75538213110072,34.13107318875075,36.87221110486632,9.624308942349977,2.741137916115576,-0.07862131391855587,-0.06493053621269428,-0.06367757577466293
145.4,2.19025038741679,43.74193913566065,34.11890169947499,36.86050898158332,9.623037436185662,2.741607282108326,-0.06721497720034744,-0.06085744637877827,-0.05851061641502583
145.6,2.278304718535219,43.73080344045526,34.10756585453171,36.84986394909586,9.623237585923547,2.742298094564148,-0.0556784760269632,-0.05667922471638503,-0.05322516243727527
145.8,2.36194896328139,43.72199661187668,34.09708453563763,36.84029764582885,9.624912076239049,2.74321311019122,-0.04403414289288064,-0.05240659447039915,-0.04783151633504684
146,2.441021212521316,43.71553570807953,34.08747444400639,36.83182960801852,9.628061264073139,2.744355164012127,-0.03230451898579237,-0.04805045815622943,-0.04234018905168599
146.2,2.515368407076433,43.71143324596857,34.07875006881672,36.82447723208898,9.632683177151847,2.745727163272257,-0.02051231055480164,-0.04362187594833999,-0.03676187964767865
146.4,2.584846633998262,43.70969717697675,34.07092366006388,36.81825574116823,9.638773516912877,2.747332081104354,-0.008680344959087647,-0.03913204376423933,-0.03110745460376358
146.6,2.649321405139014,43.71033087168033,34.06400520584658,36.81317815580827,9.646325665833743,2.749172949961689,0.003168473517881722,-0.0345922710864521,-0.02538792679979194
146.8,2.708667917478609,43.71333311328094,34.05800241413348,36.80925526896627,9.655330699147456,2.751252854832785,0.01501120800306024,-0.03001395856550464,-0.01961443421002666
147,2.76277129470431,43.71869809996727,34.05292069904401,36.80649562529504,9.665777400923261,2.753574926251034,0.02682493343163748,-0.02540857544737967,-0.0137982183561234
147.2,2.811526809575455,43.72641545615167,34.04876317167016,36.80490550478314,9.67765228448151,2.756142333112983,0.03858678092201594,-0.02078763686923469,-0.007950602559503785
147.4,2.85484008664262,43.73647025256008,34.04553063545667,36.8044889107761,9.69093961710341,2.758958275319429,0.05027398204205509,-0.0161626810674333,-0.002082970035219814
147.6,2.892627284929062,43.74884303513626,34.04322158614825,36.80524756240216,9.705621448988012,2.762025976253909,0.0618639128808955,-0.01154524654210871,0.003793258130284714
147.8,2.924815260220647,43.76350986270447,34.04183221630374,36.80718089141713,9.721677646400735,2.765348675113394,0.07333413784105389,-0.006946849222561639,0.009666645074885405
148,2.951341706650187,43.78044235331768,34.04135642436818,36.81028604347457,9.7390859289495,2.768929619106387,0.08466245306602045,-0.002378959677793843,0.01552576028718834
148.2,2.972155277302172,43.79960773920154,34.0417858282849,36.81455788381873,9.75782191091664,2.772772055533828,0.09582692941929578,0.002147019583609784,0.02135920172080896
148.4,2.987215683604335,43.82096893018787,34.04310978362094,36.81998900738947,9.777859146566932,2.776879223768532,0.1068059549316732,0.006619776680210782,0.0271556178537104
148.6,2.99649377331376,43.84448458551479,34.0453154061704,36.82656975331945,9.799169179344396,2.781254347149059,0.1175782766346008,0.01102811274727698,0.03290372964989888
148.8,2.999971586946514,43.87010919385452,34.04838759899154,36.83428822379565,9.821721594862986,2.785900624804107,0.1281230416986477,0.01536096410573477,0.03859235238096316
149,2.997642392541597,43.89779316141401,34.05230908382504,36.84313030724869,9.845484077588978,2.790821223423656,0.1384198377974409,0.01960742416750328,0.04421041726521634
149.2,2.989510698691922,43.9274829079378,34.05706043683198,36.8530797058252,9.870422471105819,2.79601926899322,0.148448732618942,0.02375676503471057,0.04974699288255108
149.4,2.975592245817082,43.95912097042731,34.06262012858216,36.86411796708991,9.896500841845153,2.80149783850775,0.1581903124475821,0.02779845875088508,0.05519130632355398
149.6,2.955913975694816,43.99264611437583,34.06896456821474,36.8762245198963,9.923681546161092,2.807259951681559,0.1676257197425694,0.03172219816288963,0.06053276403193883
149.8,2.930513979310135,44.02799345230375,34.07606815168536,36.88937671435629,9.951925300618392,2.813308562670926,0.1767366896396319,0.03551791735311913,0.06576097229995231
150,2.89944142312309,44.06509456936486,34.08390331400582,36.90354986583171,9.981191255359036,2.819646551825883,0.1855055853055367,0.03917581160231555,0.07086575737707759
150.2,2.862756453897834,44.10387765578025,34.09244058537467,36.91871730286233,10.01143707040558,2.826276717487652,0.1939154320769522,0.04268635684426303,0.07583718515310964
150.4,2.820530082277304,44.14426764584377,34.1016486510896,36.93485041893783,10.04261899475417,2.83320176784823,0.2019499503175686,0.04604032857460948,0.08066558037749993
150.6,2.772844045328763,44.18618636322974,34.11149441512502,36.95191872801338,10.07469194810472,2.840424312888359,0.2095935869298773,0.04922882017711898,0.08534154537776632
150.8,2.719790648326375,44.22955267232187,34.12194306725138,36.96988992366153,10.10760960507049,2.847946856410147,0.2168315454606098,0.0522432606317868,0.0898559782407328
151,2.661472586077053,44.27428263527018,34.13295815356547,36.98872994174581,10.14132448170471,2.855771788180341,0.2236498147415632,0.05507543157044652,0.09420009042140449
151.2,2.59800274413533,44.32028967447225,34.14450165029482,37.00840302649489,10.17578802417743,2.863901376200069,0.2300351960103709,0.05771748364676216,0.0983654237453906
151.4,2.52950398029224,44.367484740164,34.15653404073259,37.02887179984928,10.21095069943141,2.872337759116697,0.2359753284587206,0.06016195218882571,0.1023438667719621
151.6,2.456108886760973,44.41577648279571,34.16901439515338,37.0500973339465,10.24676208764232,2.881082938793114,0.2414587131585677,0.06240177210397039,0.1061276704860687
151.8,2.377959533519745,44.46507142985971,34.18190045355475,37.07203922660428,10.28317097630496,2.890138773049529,0.2464747353200279,0.06443029200685738,0.1097094632889388
152,2.295207193308757,44.51527416682728,34.19514871106343,37.09465567965593,10.32012545576385,2.899506968592497,0.251013684837866,0.06624128754339836,0.1130822652582427
152.2,2.208012048813323,44.56628752184464,34.20871450584036,37.11790357998597,10.35757301600429,2.909189074145615,0.2550667750868088,0.06782897388463359,0.1162395016502155
152.4,2.116542882600324,44.61801275383051,34.22255210931361,37.14173858310949,10.39546064451689,2.919186473795882,0.2586261599292985,0.06918801736629203,0.1191750156176005
152.6,2.020976750407777,44.67034974361106,34.23661481856389,37.16611519913325,10.43373492504717,2.929500380569358,0.2616849489027675,0.07031354625141541,0.1218830801187954
152.8,1.921498638420263,44.72319718772247,34.25085505068292,37.19098688093228,10.47234213703955,2.940131830249364,0.2642372205570333,0.07120116059512521,0.1243584089951454
153,1.818301105193502,44.77645279450567,34.26522443892139,37.21630611437126,10.51122835558428,2.951081675449878,0.2662780339159986,0.07184694119235137,0.1265961671949408
153.2,1.711583908921011,44.83001348211396,34.27967393043961,37.24202451039613,10.55033955167436,2.962350579956521,0.2678034380414694,0.0722474575911166,0.1285919801243262
153.4,1.601553620764768,44.88377557805008,34.29415388547076,37.26809289881754,10.58962169257931,2.973939013346772,0.2688104796805773,0.07239977515577994,0.1303419421070198
153.6,1.48842322499782,44.93763501984647,34.30861417770406,37.29446142360483,10.62902084214242,2.985847245900771,0.2692972089820043,0.0723014611664835,0.1318426239364659
153.8,1.372411706733388,44.99148755650047,34.32300429569264,37.32107963950599,10.66848326080783,2.998075343813348,0.2692626832699443,0.07195058994291165,0.1330910795057998
154,1.253743628037962,45.04522895027416,34.33727344508911,37.34789660980655,10.70795550518505,3.010623164717437,0.268706968868496,0.07134574698236287,0.1340848515027911
154.2,1.132648693249321,45.09875517846876,34.35137065150992,37.3748610050383,10.74738452695884,3.023490353528381,0.2676311409729544,0.07048603210404177,0.1348219761587396
154.4,1.009361304340742,45.15196263478241,34.3652448638286,37.40192120244672,10.78671777095381,3.036676338618122,0.2660372815682525,0.06937106159340435,0.1353009870421297
154.6,0.8841201071918514,45.20474832986212,34.37884505769706,37.42902538602466,10.82590327216506,3.050180328327599,0.2639284753985796,0.06800096934232604,0.1355209178896996
154.8,0.7571675296448801,45.25701009066132,34.39212033909362,37.45612164691855,10.86488975156769,3.064001307824931,0.2613088039959784,0.06637640698280547,0.135481304469443
155,0.6287493122399812,45.30864675821721,34.4050200476964,37.48315808401294,10.90362671052082,3.078138036316545,0.2581833377794809,0.06449854301386818,0.1351821854719355
155.2,0.4991140325382903,45.35955838346523,34.41749385988106,37.5100829044986,10.94206452358417,3.09258904461754,0.2545581262400738,0.06236906092328188,0.1346241024282598
155.4,0.3685126239535088,45.40964642071133,34.42949189114258,37.53684452422954,10.98015452956874,3.107352633086954,0.2504401862304942,0.05999015630764348,0.1338080986546868
155.6,0.2371978900230289,45.45881391838783,34.44096479774185,37.56339166767476,11.01784912064598,3.122426869932916,0.2458374883825227,0.05736453299633695,0.1327357172261536
155.8,0.1054240150594098,45.50696570672345,34.4518638773792,37.58967346727125,11.05510182934425,3.137809589892051,0.2407589416780632,0.05449539818679,0.1314089979824611
156,-0.02655392787121163,45.55400858196423,34.46214116869928,37.61563956198585,11.09186741326495,3.153498393286576,0.235214376203879,0.05138645660037352,0.1298304735729827
156.2,-0.1584804706908498,45.5998514867889,34.47174954943331,37.64124019489536,11.12810193735559,3.169490645462048,0.2292145241233616,0.04804190367018294,0.1280031645475421
156.4,-0.2901002448160164,45.64440568656934,34.48064283298807,37.66642630959595,11.16376285358126,3.185783476607874,0.2227709989021687,0.04446641777381694,0.1259305735029581
156.6,-0.4211584754716904,45.68758494113492,34.4887758632933,37.69114964525527,11.19880907784162,3.202373781961967,0.2158962728279424,0.04066515152611798,0.1236166782965888
156.8,-0.5514014748555411,45.72930567170845,34.49610460772303,37.71536283012327,11.23320106398541,3.219258222400235,0.2086036528676213,0.03664372214865941,0.1210659243400077
157,-0.6805771331984298,45.76948712269026,34.50258624790995,37.73901947332082,11.26690087478032,3.23643322541087,0.2009072549090808,0.03240820093455325,0.1182832159877294
157.2,-0.8084354067701185,45.80805151797766,34.50817926827573,37.76207425472835,11.29987224970193,3.253894986452622,0.1928219764369608,0.02796510182890349,0.1152739070376513
157.4,-0.9347288018857782,45.84492421151678,34.51284354210512,37.78448301280066,11.33208066941166,3.271639470695547,0.1843634676955713,0.02332136914694394,0.1120437903615996
157.6,-1.059212853976607,45.88003383179571,34.51654041499583,37.80620283013787,11.36349341679988,3.28966241514204,0.175548101394696,0.01848436445356935,0.1085990866860485
157.8,-1.181646600796733,45.9133124199991,34.51923278552175,37.82719211664681,11.39407963447735,3.307959331125062,0.1663929410169339,0.01346185262959268,0.1049464325447303
158,-1.301793048850965,45.94469556155668,34.52088518295208,37.8474106901321,11.42381037860461,3.326525507180023,0.1569157077879252,0.008261987151637448,0.1010928674264546
158.2,-1.419419632140178,45.97412251083136,34.5214638418749,37.8668198541607,11.45265866895647,3.345356012285805,0.1471347463733977,0.002893294614096653,0.09704582014301259
158.4,-1.534298662336361,46.00153630870525,34.52093677357951,37.88538247304941,11.48059953512574,3.364445699469904,0.137068989369432,-0.002635341476941566,0.09281309444355418
158.6,-1.646207769516243,46.02688389283618,34.51927383405821,37.90306304383007,11.50761005877797,3.383789209771855,0.1267379206546826,-0.008314697606490826,0.0884028539032817
158.8,-1.754930332599873,46.05011620037128,34.5164467884947,37.91982776505321,11.53366941187657,3.403380976558502,0.1161615376754924,-0.01413522781752616,0.08382360611571057
159,-1.860255898661499,46.07118826291866,34.51242937211311,37.93564460229702,11.55875889080555,3.423215230183914,0.1053603127369057,-0.02008708190795901,0.07908418621909459
159.2,-1.961980590300645,46.09005929359356,34.5071973472686,37.95048335025481,11.58286194632496,3.443286002986206,0.09435515337450627,-0.02616012422256035,0.07419373978890227
159.4,-2.059907500285041,46.10669276597032,34.5007285566679,37.9643156912807,11.60596420930242,3.463587134612794,0.08316736188379072,-0.03234395300351096,0.0691617051294583
159.6,-2.153847072701637,46.1210564847874,34.49300297261546,37.9771152502805,11.62805351217194,3.484112277665034,0.07181859408541326,-0.03862792026217578,0.06399779499902684
159.8,-2.243617469877523,46.13312264826862,34.48400274218873,37.98885764584124,11.6491199060799,3.504854903652515,0.06033081740612056,-0.04500115213368942,0.05871197780371012
160,-2.329044924360975,46.14286790193993,34.47371222825373,37.99952053750056,11.6691556736862,3.525808309246827,0.04872626835651869,-0.05145256967500324,0.05331445829656425
160.2,-2.409964075280933,46.15027338383753,34.46211804624049,38.00908366906442,11.68815533759704,3.546965622823926,0.03702740948798133,-0.05797091006618586,0.04781565781929149
160.4,-2.486218288433951,46.15532476101993,34.44920909660569,38.01752890788936,11.70611566441424,3.568319811283672,0.0252568859120176,-0.0645447481739861,0.04222619412475426
160.6,-2.557659959479197,46.15801225731319,34.4349765929185,38.02484028005324,11.72303566439469,3.589863687134745,0.01343748146626438,-0.07116251843596565,0.03655686081936706
160.8,-2.62415079965425,46.15833067223558,34.41941408551392,38.03100400134628,11.73891658672166,3.611589915832354,0.001592074611951386,-0.07781253702288662,0.03081860646515833
161,-2.685562103459045,46.15627939106522,34.40251748066662,38.03600850402267,11.75376191039859,3.633491023356044,-0.01025640585179152,-0.08448302423649928,0.02502251338195366
161.2,-2.741774997789467,46.15186238603101,34.38428505524674,38.03984445926081,11.76757733078426,3.65555940401407,-0.02208502517106244,-0.09116212709941836,0.01917977619071119
161.4,-2.792680672038557,46.14508820862464,34.36471746682806,38.04250479528872,11.78037074179657,3.67778732846066,-0.03387088703183848,-0.09783794209340327,0.01330168013954226
161.6,-2.838180588719903,46.13596997304859,34.34381775922765,38.04398471113959,11.79215221382094,3.700166951911946,-0.04559117788021602,-0.1044985380020688,0.007399579254370153
161.8,-2.878186674205383,46.1245253308321,34.32159136346488,38.0442816860109,11.80293396736722,3.722690322546022,-0.05722321108245018,-0.11113197881385,0.001484874356519552
162,-2.912621489208255,46.11077643666424,34.29804609413669,38.04339548420886,11.81273034252755,3.745349390072171,-0.06874447083931315,-0.1177263466409254,-0.004431009010212813
162.2,-2.941418378681398,46.09474990551028,34.27319214121474,38.0413281556688,11.82155776429555,3.768136014454065,-0.08013265576976747,-0.1242697646097738,-0.0103366427002812
162.4,-2.964521600840661,46.07647676109437,34.24704205727892,38.03808403205039,11.82943470381545,3.791041974771467,-0.09136572207958957,-0.1307504196790886,-0.01622061809208937
162.6,-2.981886435063577,46.05599237584809,34.21961074021073,38.03366971841522,11.83638163563736,3.814058978204486,-0.1024219262313828,-0.1371565853409184,-0.02207156817583707
162.8,-2.993479268454491,46.03333640244141,34.19091541137851,38.02809408050307,11.8424209910629,3.837178669124555,-0.1132798670333843,-0.1434766441611222,-0.02787818956076012
163,-2.999277660908648,46.00855269702829,34.1609755893554,38.02136822763124,11.84757710767289,3.860392638275833,-0.1239185270655949,-0.149699110115541,-0.03362926435916572
163.2,-2.999270388549217,45.98168923435568,34.12981305921966,38.01350549125026,11.85187617513602,3.883692432030593,-0.134317313363044,-0.1558126506786799,-0.0393136819049032
163.4,-2.993457465453215,45.9527980149002,34.09745183749523,38.00452139919741,11.85534617740497,3.90706956170218,-0.1444560972774394,-0.1618061086221723,-0.04492046026423069
163.6,-2.981850143624254,45.92193496421218,34.06391813279905,37.99443364569792,11.85801683141313,3.930515512898864,-0.1543152534400428,-0.1676685234808599,-0.05043876749744033
163.8,-2.964470891212188,45.88915982466212,34.02924030227006,37.9832620571719,11.85991952239205,3.954021754901838,-0.1638756977503509,-0.1733891526449615,-0.05585794263008675
164,-2.941353349021772,45.85453603979871,33.99344880386256,37.97102855391326,11.86108723593615,3.977579750050701,-0.173118924317047,-0.1789574920375293,-0.06116751629322595
164.2,-2.91254226539459,45.81813063154276,33.95657614459512,37.95775710771471,11.86155448694765,4.001180963119594,-0.1820270412797188,-0.1843632963371891,-0.06635723099271218
164.4,-2.87809340959024,45.78001407045436,33.91865682485371,37.94347369552105,11.86135724560065,4.024816870667337,-0.1905828054420015,-0.189596598707044,-0.07141706096831857
164.6,-2.838073463834438,45.74026013932454,33.8797272788554,37.9282062492002,11.86053286046914,4.048478970344803,-0.1987696556491075,-0.1946477299915704,-0.07633723160424119
164.8,-2.792559894243108,45.69894579035552,33.83982581138653,37.91198460152952,11.85911997896899,4.072158790142993,-0.2065717448451348,-0.1995073373443692,-0.08110823835341449
165,-2.741640800872117,45.65615099620589,33.79899253093638,37.89484042850172,11.85715846526951,4.095847897565335,-0.2139739707481004,-0.2041664022507304,-0.08572086513900741
165.2,-2.685414747183113,45.61195859518923,33.75726927935435,37.87680718806222,11.85468931583488,4.119537908707869,-0.2209620050833224,-0.2086162579101426,-0.0901662021974811
165.4,-2.623990569255468,45.56645413092551,33.71469955816533,37.85792005539649,11.85175457276019,4.143220497231162,-0.2275223213185634,-0.2128486059451154,-0.09443566332867057
165.6,-2.557487165113559,45.51972568675606,33.67132845168453,37.83821585489259,11.84839723507153,4.166887403208058,-0.2336422208472489,-0.2168555324039848,-0.09852100251949998
165.8,-2.486033264577404,45.47186371524224,33.62720254707919,37.81773298891076,11.84466116816306,4.190530441831569,-0.2393098575690787,-0.2206295230267379,-0.102414329909154
166,-2.409767180081865,45.42296086307815,33.58236985153032,37.79651136349779,11.84059101154783,4.214141511967469,-0.2445142608204501,-0.2241634777443176,-0.1061081270648025
166.2,-2.328836538946997,45.37311179175609,33.53687970665365,37.77459231119013,11.83623208510244,4.237712604536483,-0.2492453566103072,-0.2274507243833508,-0.1095952615383096
166.4,-2.243397997617712,45.32241299433203,33.49078270034369,37.75201851105498,11.83163029398833,4.261235810711291,-0.253493987120311,-0.2304850315497801,-0.112869000675751
166.6,-2.153616938425729,45.27096260864571,33.4441305762104,37.72883390612439,11.82683203243531,4.284703329913988,-0.257251928431583,-0.2332606206664669,-0.1159230246530096
166.8,-2.059667149461147,45.21886022735697,33.3969761407821,37.70508361838194,11.82188408657487,4.30810747759984,-0.2605119064437091,-0.2357721771414697,-0.1187514387122163
167,-1.96173048817287,45.16620670516593,33.34937316865302,37.68081386146687,11.81683353651291,4.33144069281385,-0.2632676109551916,-0.2380148606453837,-0.1213487845753509
167.2,-1.859996529349467,45.11310396359031,33.30137630575745,37.65607185126429,11.81172765783286,4.354695545506843,-0.2655137078780897,-0.2399843144778505,-0.1237100510129116
167.4,-1.75466219816155,45.05965479367767,33.25304097095643,37.63090571455486,11.80661382272125,4.37786474359843,-0.2672458495632101,-0.2416766740051066,-0.1258306835471942
167.6,-1.645931388976146,45.0059626570345,33.20442325612598,37.60536439590058,11.80153940090852,4.400941139774602,-0.2684606832158568,-0.2430885741522407,-0.127706593271401
167.8,-1.534014570680933,44.95213148555733,33.15557982493885,37.57949756294708,11.79655166061848,4.423917738008228,-0.2691558573858531,-0.2442171559356518,-0.1293341647675073
168,-1.419128379282119,44.89826548025348,33.10656781053424,37.55335551032557,11.79169766971924,4.446787699791329,-0.269330026519271,-0.2450600720230635,-0.1307102631075608
168.2,-1.301495198564842,44.84446890954086,33.05744471227217,37.5269890623406,11.78702419726869,4.469544350068425,-0.2689828535630587,-0.2456154913103241,-0.1318322399248613
168.4,-1.181342729627676,44.79084590741736,33.00826829177095,37.50044947463194,11.78257761564642,4.492181182860996,-0.2681150106175241,-0.2458821025061296,-0.1326979385432694
168.6,-1.058903550124283,44.73750027189028,32.9590964684274,37.473788335001,11.77840380346288,4.514691866573592,-0.2667281776354105,-0.2458591167177221,-0.1333056981547172
168.8,-0.9344146640658737,44.68453526405627,32.90998721462089,37.44705746359363,11.77454804943537,4.537070248972739,-0.2648250391700845,-0.2455462690325491,-0.1336543570368331
169,-0.8081170430553215,44.63205340822044,32.86099845080233,37.42030881263274,11.77105495741811,4.559310361830413,-0.2624092791791289,-0.2449438190928133,-0.133743254804455
169.2,-0.6802551598414598,44.58015629344175,32.81218794066997,37.39359436589461,11.76796835277178,4.581406425224635,-0.2594855738933996,-0.2440525506617871,-0.1335722336906726
169.4,-0.5510765150962584,44.52894437688868,32.76361318663343,37.36696603812362,11.76533119025525,4.603352851490193,-0.2560595827653512,-0.2428737701827192,-0.1331416388549206
169.6,-0.420831158330676,44.47851678938585,32.7153313257668,37.34047557458012,11.76318546361905,4.625144248813314,-0.2521379375141506,-0.2414093043331089,-0.1324523177175266
169.8,-0.2897712038770693,44.42897114352809,32.66739902645099,37.31417445091571,11.7615721170771,4.646775424464721,-0.2477282292887849,-0.239661496579064,-0.1315056183220025
170,-0.1581503428744297,44.3804033447333,32.61987238590371,37.28811377357007,11.76053095882958,4.668241387666356,-0.2428389939740121,-0.2376332027363975,-0.1303033867282491
170.2,-0.02622335220168653,44.33290740559978,32.57280682879431,37.26234418088173,11.76010057680547,4.68953735208742,-0.2374796956675967,-0.2353277855470343,-0.1288479634417223
170.4,0.1057543986908109,44.28657526392762,32.52625700713806,37.23691574510463,11.76031825678955,4.710658737966568,-0.2316607083608144,-0.2327491082812076,-0.1271421788854707
170.6,0.2375274420967919,44.24149660475608,32.4802767016625,37.21187787551987,11.76121990309358,4.731601173857364,-0.2253932958576854,-0.2299015273778065,-0.1251893479238128
170.8,0.3688407065597026,44.19775868676172,32.43491872483509,37.18727922283022,11.76283996192663,4.752360497995134,-0.2186895899718077,-0.2267898841370994,-0.1229932634482515
171,0.4994400106114777,44.15544617335312,32.39023482573871,37.16316758502261,11.76521134761441,4.772932759283904,-0.2115625670429938,-0.2234194954818878,-0.1205581890380455
171.2,0.6290725547884222,44.11464096878929,32.34627559697772,37.13958981488069,11.76836537181157,4.793314217902967,-0.2040260228191673,-0.2197961438049481,-0.1178888507096416
171.4,0.7574874109719567,44.07542205963886,32.30309038379324,37.1165917293265,11.77233167584562,4.813501345533261,-0.1960945457521402,-0.2159260659223887,-0.114990427770941
171.6,0.8844360081072301,44.03786536188707,32.26072719556238,37.09421802076688,11.77713816632469,4.8334908252045,-0.1877834887589629,-0.2118159411542747,-0.1118685427981033
171.8,1.009672613358883,44.00204357398637,32.21923261985127,37.07251217061602,11.7828109541351,4.853279550764753,-0.1791089395035063,-0.2074728785555629,-0.1085292507542885
172,1.132954807773213,43.96802603613521,32.17865173918686,37.05151636516174,11.78937429694835,4.872864625974877,-0.1700876892558037,-0.2029044033220348,-0.1049790272714026
172.2,1.254043955525494,43.93587859605732,32.13902805070736,37.03127141393824,11.79685054534996,4.892243363230875,-0.1607372003894292,-0.1981184423975064,-0.1012247561175288
172.4,1.372705665844343,43.90566348154135,32.10040338884533,37.01181667076337,11.80526009269602,4.911413281918044,-0.1510755725798287,-0.1931233093101425,-0.09727371587430343
172.6,1.488710246719186,43.87743917998755,32.06281785119189,36.99318995759337,11.81462132879566,4.930372106401478,-0.1411215077690335,-0.187927688267193,-0.09313356585002679
172.8,1.601833149512099,43.85126032519463,32.02630972768411,36.97542749134221,11.82495059751052,4.949117763658101,-0.1308942739645713,-0.1825406175389011,-0.08881233125577614
173,1.711855403613973,43.8271775916061,31.99091543325137,36.95856381380757,11.83626215835474,4.967648380556199,-0.1204136679426526,-0.1769714721637093,-0.08431838767321603
173.2,1.818564040303164,43.80523759622054,31.95666944404973,36.94263172483873,11.84856815217081,4.985962280789007,-0.1096999769278234,-0.1712299460082037,-0.07966044484417156
173.4,1.921752504986381,43.78548280835588,31.92360423740643,36.92766221887607,11.86187857094945,5.004057981469636,-0.09877393932326355,-0.1653260332164784,-0.07484752981334364
173.6,2.02122105702395,43.76795146744233,31.89175023558947,36.91368442498471,11.87620123185286,5.021934189395239,-0.08765670456774324,-0.1592700090847917,-0.06988896945679697
173.8,2.116777156365262,43.75267750900294,31.86113575350977,36.9007255504987,11.89154175549317,5.039589796988928,-0.07636979219694189,-0.1530724103984873,-0.06479437243004037
174,2.208235836246176,43.73969049896527,31.83178695045593,36.88881082838457,11.90790354850933,5.057023877928639,-0.06493505018837466,-0.1467440152692004,-0.05957361057064278
174.2,2.29542006122695,43.72901557643115,31.80372778595367,36.87796346842629,11.92528779047749,5.074235682472629,-0.0533746126705575,-0.1402958225113322,-0.05423679979138416
174.4,2.378161069877471,43.7206734050155,31.77697997983413,36.86820461232611,11.94369342518137,5.091224632491979,-0.04171085707827229,-0.1337390305976648,-0.0487942805009263
174.6,2.456298701446788,43.71468013284812,31.75156297658717,36.85955329280813,11.96311715626095,5.10799031622096,-0.02996636083686686,-0.1270850162348063,-0.04325659758990372
174.8,2.529681705884195,43.71104736131623,31.72749391406719,36.85202639680389,11.98355344724904,5.124532482736701,-0.01816385765943464,-0.1203453125998864,-0.03763448002117529
175,2.598168036612179,43.70978212260794,31.70478759661108,36.84563863279114,12.00499452599686,5.140851036180067,-0.006326193541469903,-0.1135315872805797,-0.03193882006374421
175.2,2.661625125484194,43.7108868661003,31.68345647261885,36.84040250234904,12.02743039348145,5.156946029730182,0.005523717461821651,-0.1066556199611066,-0.02618065221054298
175.4,2.719930139395156,43.71435945361829,31.66351061663939,36.83632827598485,12.05084883697891,5.172817659345469,0.01736293758995498,-0.09972927989735027,-0.02037113182089255
175.6,2.772970218048041,43.72019316357379,31.64495771599446,36.83342397327906,12.07523544757933,5.188466257284603,0.02916854977748431,-0.09276450322463958,-0.0145215135289775
175.8,2.8206426924161,43.72837670397664,31.62780306196604,36.83169534738703,12.1005736420106,5.203892285420988,0.04091770201426338,-0.08577327014206457,-0.008643129460131814
176,2.862855283478091,43.7388942342926,31.61204954556256,36.83114587392761,12.12684468873004,5.219096328365051,0.05258765157977925,-0.07876758201743445,-0.002747367297102354
176.2,2.899526280841608,43.75172539610579,31.59769765787113,36.83177674427986,12.15402773823466,5.23407908640873,0.06415580906593618,-0.07175943845713702,0.003154351761253094
176.4,2.930584700908874,43.7668453525264,31.58474549499409,36.8335868633011,12.18209985753231,5.248841368307012,0.07559978210307501,-0.0647608143852266,0.009050595106167542
176.6,2.955970424278845,43.78422483626732,31.57318876755888,36.83657285147056,12.21103606870844,5.263384083911678,0.08689741870458807,-0.05778363717604847,0.01492994084727537
176.8,2.975634312119577,43.80383020629657,31.56302081478196,36.84072905145459,12.24080939151461,5.277708236672638,0.09802685014622817,-0.05083976388460247,0.02078099992019804
177,2.989538301285656,43.82562351295599,31.55423262305823,36.84604753908071,12.27139088989777,5.291814916022489,0.1089665332971106,-0.04394095861865899,0.02659243813061102
177.2,2.997655477996571,43.84956257142009,31.54681284903895,36.85251813869914,12.30274972238113,5.305705289660185,0.1196952923204682,-0.03709887009636417,0.03235299809212151
177.4,2.999970129933372,43.87560104335277,31.54074784715241,36.86012844290224,12.33485319620036,5.319380595749827,0.1301923596634411,-0.03032500943271166,0.03805152101549143
177.6,2.996477776652826,43.90368852660409,31.53602170151285,36.86886383656364,12.36766682509124,5.332842135050793,0.1404374162565553,-0.02363072819781399,0.04367696830702857
177.8,2.987185178260148,43.9337706527731,31.53261626215497,36.87870752515051,12.40115439061813,5.346091262995539,0.1504106308450791,-0.01702719678937906,0.04921844293433767
178,2.972110322323553,43.96578919244833,31.53051118552273,36.88964056725413,12.43527800692559,5.359129381731393,0.1600926983761228,-0.01052538316118874,0.05466521051807375
178.2,2.951282389055931,43.99968216792176,31.529683979133,36.9016419112759,12.46999818878876,5.371957932142905,0.1694648773671757,-0.004136031948685543,0.06000672010887045
178.4,2.924741694831093,44.03538397315851,31.53011005032659,36.91468843619775,12.50527392283191,5.384578385871155,0.178509026183748,0.002130355967995502,0.0652326246092254
178.6,2.892539614143827,44.07282550078969,31.53176275901141,36.92875499635791,12.54106274177828,5.396992237346502,0.1872076381558943,0.008263543424061234,0.07033280080081185
178.8,2.854738480164963,44.11193427588282,31.53461347429432,36.9438144701456,12.57732080158849,5.409200995851272,0.1955438754656441,0.01425357641459598,0.0752973689384499
179,2.811411464083784,44.15263459623077,31.53863163489153,36.95983781252016,12.61400296133924,5.421206177628626,0.2035016017397454,0.02009080298603269,0.08011671187280905
179.2,2.76264243347147,44.1948476788877,31.54378481319914,36.97679411125312,12.65106286568856,5.433009298053978,0.2110654132846287,0.02576589153806514,0.0847814936648263
179.4,2.708525789939702,44.23849181266832,31.55003878289927,36.99465064678428,12.68845302976905,5.444611863885008,0.2182206689031346,0.03126984850064903,0.08928267765580782
179.6,2.649166286408565,44.28348251631538,31.55735758996966,37.01337295557592,12.72612492634572,5.456015365606262,0.2249535182352849,0.03659403535195032,0.09361154395823593
179.8,2.584678824337681,44.32973270202903,31.56570362695854,37.03292489684261,12.76402907507049,5.467221269884071,0.2312509285682413,0.04173018494437594,0.09775970633342428
180,2.515188231312818,44.37715284404174,31.57503771037997,37.05326872252728,12.80211513366177,5.478231012147308,0.2371007100635549,0.04667041710716198,0.1017191284233513
