t,u_raw,u_sat,u_rate,ref,psi,x,y
0,0,0,0,72,0,0,0
0.04,547.2,16,0.2,72,0.0014336,0.12,3.0025248e-06
0.08,223.1891,16,0.4,72,0.0042931541,0.24,1.1994086e-05
0.12,223.17382,16,0.6,72,0.0085710573,0.36,2.9945266e-05
0.16,223.15418,16,0.8,72,0.014259745,0.47999999,5.9810806e-05
0.2,223.1302,16,1,72,0.021351693,0.59999999,0.00010452969
0.24,223.1019,16,1.2,72,0.029839417,0.71999997,0.00016702521
0.28,223.0693,16,1.4,72,0.039715474,0.83999994,0.0002502051
0.32,223.03244,16,1.6,72,0.050972458,0.95999989,0.00035696155
0.36,222.99133,16,1.8,72,0.063603005,1.0799998,0.00049017135
0.4,222.94599,16,2,72,0.077599789,1.1999997,0.00065269591
0.44,222.89646,16,2.2,72,0.092955523,1.3199996,0.00084738142
0.48,222.84274,16,2.4,72,0.10966296,1.4399993,0.0010770588
0.52,222.78486,16,2.6,72,0.12771489,1.559999,0.0013445441
0.56,222.72285,16,2.8,72,0.14710415,1.6799986,0.0016526379
0.6,222.65673,16,3,72,0.16782359,1.7999981,0.0020041263
0.64,222.58651,16,3.2,72,0.18986613,1.9199975,0.0024017803
0.68,222.51222,16,3.4,72,0.21322471,2.0399966,0.0028483561
0.72,222.43389,16,3.6,72,0.23789231,2.1599956,0.0033465951
0.76,222.35153,16,3.8,72,0.26386195,2.2799943,0.0038992244
0.8,222.26516,16,4,72,0.29112669,2.3999928,0.004508956
0.84,222.17482,16,4.2,72,0.31967961,2.5199909,0.005178488
0.88,222.08051,16,4.4,72,0.34951386,2.6399887,0.0059105036
0.92,221.98225,16,4.6,72,0.38062258,2.759986,0.0067076718
0.96,221.88008,16,4.8,72,0.412999,2.8799829,0.0075726474
1,221.77401,16,5,72,0.44663633,2.9999793,0.0085080708
1.04,221.66406,16,5.2,72,0.48152787,3.119975,0.0095165686
1.08,221.55025,16,5.4,72,0.51766693,3.2399701,0.010600753
1.12,221.43261,16,5.6,72,0.55504683,3.3599645,0.011763222
1.16,221.31115,16,5.8,72,0.59366098,3.4799581,0.013006561
1.2,221.18589,16,6,72,0.63350279,3.5999507,0.014333339
1.24,221.05685,16,6.2,72,0.67456571,3.7199424,0.015746113
1.28,220.92406,16,6.4,72,0.71684323,3.839933,0.017247427
1.32,220.78754,16,6.6,72,0.76032886,3.9599224,0.018839809
1.36,220.6473,16,6.8,72,0.80501618,4.0799106,0.020525776
1.4,220.50336,16,7,72,0.85089876,4.1998974,0.022307828
1.44,220.35574,16,7.2,72,0.89797023,4.3198826,0.024188456
1.48,220.20447,16,7.4,72,0.94622426,4.4398663,0.026170133
1.52,220.04956,16,7.6,72,0.99565453,4.5598482,0.028255322
1.56,219.89103,16,7.8,72,1.0462548,4.6798281,0.030446471
1.6,219.72891,16,8,72,1.0980187,4.7998061,0.032746016
1.64,219.5632,16,8.2,72,1.1509402,4.9197819,0.035156377
1.68,219.39394,16,8.4,72,1.2050131,5.0397554,0.037679965
1.72,219.22113,16,8.6,72,1.2602312,5.1597263,0.040319174
1.76,219.0448,16,8.8,72,1.3165883,5.2796947,0.043076387
1.8,218.86497,16,9,72,1.3740785,5.3996601,0.045953975
1.84,218.68165,16,9.2,72,1.4326957,5.5196226,0.048954293
1.88,218.49487,16,9.4,72,1.4924339,5.6395819,0.052079686
1.92,218.30463,16,9.6,72,1.553287,5.7595378,0.055332484
1.96,218.11097,16,9.8,72,1.6152492,5.8794902,0.058715006
2,217.9139,16,10,72,1.6783146,5.9994387,0.062229557
2.04,217.71343,16,10.2,72,1.7424771,6.1193832,0.06587843
2.08,217.50959,16,10.4,72,1.8077311,6.2393235,0.069663905
2.12,217.30239,16,10.6,72,1.8740707,6.3592593,0.07358825
2.16,217.09185,16,10.8,72,1.9414901,6.4791904,0.077653719
2.2,216.87799,16,11,72,2.0099834,6.5991166,0.081862555
2.24,216.66083,16,11.2,72,2.0795451,6.7190375,0.086216988
2.28,216.44038,16,11.4,72,2.1501694,6.838953,0.090719235
2.32,216.21667,16,11.6,72,2.2218507,6.9588628,0.095371502
2.36,215.9897,16,11.8,72,2.2945832,7.0787666,0.10017598
2.4,215.7595,16,12,72,2.3683614,7.1986641,0.10513485
2.44,215.52608,16,12.2,72,2.4431797,7.318555,0.11025029
2.48,215.28946,16,12.4,72,2.5190327,7.4384391,0.11552444
2.52,215.04966,16,12.6,72,2.5959146,7.5583159,0.12095945
2.56,214.8067,16,12.8,72,2.6738201,7.6781853,0.12655745
2.6,214.56058,16,13,72,2.7527438,7.7980468,0.13232057
2.64,214.31134,16,13.2,72,2.8326801,7.9179002,0.1382509
2.68,214.05898,16,13.4,72,2.9136236,8.0377451,0.14435055
2.72,213.80352,16,13.6,72,2.9955691,8.1575811,0.1506216
2.76,213.54498,16,13.8,72,3.0785111,8.2774079,0.15706611
2.8,213.28338,16,14,72,3.1624444,8.3972252,0.16368616
2.84,213.01872,16,14.2,72,3.2473636,8.5170325,0.17048378
2.88,212.75104,16,14.4,72,3.3332636,8.6368295,0.17746102
2.92,212.48033,16,14.6,72,3.420139,8.7566157,0.18461988
2.96,212.20663,16,14.8,72,3.5079846,8.8763909,0.1919624
3,211.92994,16,15,72,3.5967954,8.9961545,0.19949056
3.04,211.65029,16,15.2,72,3.6865661,9.1159062,0.20720636
3.08,211.36768,16,15.4,72,3.7772916,9.2356455,0.21511178
3.12,211.08213,16,15.6,72,3.8689668,9.355372,0.22320876
3.16,210.79366,16,15.8,72,3.9615867,9.4750853,0.23149928
3.2,210.50229,16,16,72,4.0551463,9.5947849,0.23998527
3.24,210.20803,16,16,72,4.1496404,9.7144703,0.24866866
3.28,209.91089,16,16,72,4.2450642,9.8341411,0.25755137
3.32,209.61089,16,16,72,4.3414127,9.9537968,0.26663531
3.36,209.30805,16,16,72,4.4386809,10.073437,0.27592236
3.4,209.00238,16,16,72,4.5368639,10.193061,0.28541442
3.44,208.6939,16,16,72,4.6359569,10.312668,0.29511336
3.48,208.38262,16,16,72,4.735955,10.432259,0.30502103
3.52,208.06855,16,16,72,4.8368534,10.551831,0.31513928
3.56,207.75171,16,16,72,4.9386472,10.671386,0.32546996
3.6,207.43212,16,16,72,5.0413318,10.790921,0.33601488
3.64,207.10979,16,16,72,5.1449023,10.910438,0.34677586
3.68,206.78474,16,16,72,5.249354,11.029935,0.35775471
3.72,206.45697,16,16,72,5.3546822,11.149411,0.36895321
3.76,206.12651,16,16,72,5.4608823,11.268866,0.38037315
3.8,205.79336,16,16,72,5.5679496,11.3883,0.39201629
3.84,205.45755,16,16,72,5.6758795,11.507712,0.40388439
3.88,205.11909,16,16,72,5.7846673,11.627101,0.41597919
3.92,204.77799,16,16,72,5.8943086,11.746466,0.42830244
3.96,204.43426,16,16,72,6.0047987,11.865808,0.44085585
4,204.08792,16,16,72,6.1161331,11.985125,0.45364114
4.04,203.73898,16,16,72,6.2283073,12.104417,0.46666
4.08,203.38746,16,16,72,6.3413168,12.223682,0.47991412
4.12,203.03337,16,16,72,6.4551573,12.342922,0.49340519
4.16,202.67673,16,16,72,6.5698242,12.462134,0.50713487
4.2,202.31754,16,16,72,6.6853131,12.581318,0.5211048
4.24,201.95583,16,16,72,6.8016197,12.700473,0.53531665
4.28,201.5916,16,16,72,6.9187396,12.819599,0.54977203
4.32,201.22487,16,16,72,7.0366685,12.938695,0.56447258
4.36,200.85565,16,16,72,7.155402,13.057761,0.57941989
4.4,200.48395,16,16,72,7.2749358,13.176795,0.59461557
4.44,200.1098,16,16,72,7.3952658,13.295797,0.61006121
4.48,199.73319,16,16,72,7.5163875,13.414766,0.62575838
4.52,199.35415,16,16,72,7.6382969,13.533701,0.64170865
4.56,198.97269,16,16,72,7.7609898,13.652602,0.65791357
4.6,198.58881,16,16,72,7.8844618,13.771467,0.67437468
4.64,198.20254,16,16,72,8.008709,13.890297,0.69109351
4.68,197.81389,16,16,72,8.133727,14.00909,0.70807159
4.72,197.42286,16,16,72,8.259512,14.127845,0.72531042
4.76,197.02948,16,16,72,8.3860596,14.246562,0.7428115
4.8,196.63375,16,16,72,8.513366,14.36524,0.76057632
4.84,196.23569,16,16,72,8.641427,14.483878,0.77860634
4.88,195.8353,16,16,72,8.7702386,14.602474,0.79690304
4.92,195.43261,16,16,72,8.8997967,14.72103,0.81546787
4.96,195.02762,16,16,72,9.0300976,14.839542,0.83430226
5,194.62034,16,16,72,9.161137,14.958012,0.85340765
5.04,194.2108,16,16,72,9.2929112,15.076437,0.87278546
5.08,193.79899,16,16,72,9.4254163,15.194817,0.89243709
5.12,193.38494,16,16,72,9.5586482,15.313151,0.91236394
5.16,192.96865,16,16,72,9.6926031,15.431438,0.93256739
5.2,192.55013,16,16,72,9.8272772,15.549677,0.95304883
5.24,192.12941,16,16,72,9.9626667,15.667867,0.9738096
5.28,191.70648,16,16,72,10.098768,15.786008,0.99485107
5.32,191.28137,16,16,72,10.235576,15.904099,1.0161746
5.36,190.85407,16,16,72,10.373089,16.022137,1.0377814
5.4,190.42462,16,16,72,10.511302,16.140124,1.059673
5.44,189.99301,16,16,72,10.650211,16.258056,1.0818505
5.48,189.55925,16,16,72,10.789813,16.375935,1.1043153
5.52,189.12337,16,16,72,10.930104,16.493758,1.1270686
5.56,188.68537,16,16,72,11.071081,16.611525,1.1501118
5.6,188.24525,16,16,72,11.212739,16.729234,1.1734461
5.64,187.80305,16,16,72,11.355075,16.846885,1.1970728
5.68,187.35875,16,16,72,11.498086,16.964477,1.220993
5.72,186.91238,16,16,72,11.641768,17.082008,1.245208
5.76,186.46395,16,16,72,11.786117,17.199478,1.2697191
5.8,186.01347,16,16,72,11.93113,17.316886,1.2945274
5.84,185.56094,16,16,72,12.076803,17.43423,1.3196341
5.88,185.10638,16,16,72,12.223132,17.55151,1.3450404
5.92,184.64981,16,16,72,12.370115,17.668724,1.3707475
5.96,184.19122,16,16,72,12.517747,17.785871,1.3967566
6,183.73064,16,16,72,12.666026,17.902951,1.4230687
6.04,183.26807,16,16,72,12.814947,18.019962,1.4496851
6.08,182.80352,16,16,72,12.964508,18.136903,1.4766068
6.12,182.337,16,16,72,13.114705,18.253773,1.5038349
6.16,181.86853,16,16,72,13.265534,18.370572,1.5313706
6.2,181.39811,16,16,72,13.416993,18.487296,1.559215
6.24,180.92576,16,16,72,13.569077,18.603947,1.5873691
6.28,180.45148,16,16,72,13.721784,18.720522,1.615834
6.32,179.97529,16,16,72,13.87511,18.83702,1.6446108
6.36,179.49719,16,16,72,14.029052,18.953441,1.6737004
6.4,179.0172,16,16,72,14.183606,19.069783,1.703104
6.44,178.53533,16,16,72,14.33877,19.186045,1.7328226
6.48,178.05158,16,16,72,14.49454,19.302225,1.7628571
6.52,177.56596,16,16,72,14.650912,19.418324,1.7932086
6.56,177.0785,16,16,72,14.807884,19.534338,1.8238781
6.6,176.58918,16,16,72,14.965453,19.650268,1.8548664
6.64,176.09804,16,16,72,15.123615,19.766112,1.8861747
6.68,175.60507,16,16,72,15.282367,19.881868,1.9178039
6.72,175.11028,16,16,72,15.441706,19.997537,1.9497548
6.76,174.61369,16,16,72,15.601628,20.113115,1.9820285
6.8,174.1153,16,16,72,15.762132,20.228603,2.0146258
6.84,173.61513,16,16,72,15.923212,20.343999,2.0475476
6.88,173.11318,16,16,72,16.084868,20.459301,2.080795
6.92,172.60946,16,16,72,16.247095,20.574509,2.1143686
6.96,172.10399,16,16,72,16.40989,20.68962,2.1482694
7,171.59676,16,16,72,16.57325,20.804635,2.1824983
7.04,171.0878,16,16,72,16.737173,20.919551,2.2170562
7.08,170.57711,16,16,72,16.901656,21.034368,2.2519438
7.12,170.0647,16,16,72,17.066694,21.149084,2.2871619
7.16,169.55057,16,16,72,17.232286,21.263697,2.3227115
7.2,169.03475,16,16,72,17.398429,21.378207,2.3585932
7.24,168.51723,16,16,72,17.565119,21.492612,2.394808
7.28,167.99803,16,16,72,17.732353,21.606911,2.4313565
7.32,167.47715,16,16,72,17.90013,21.721102,2.4682395
7.36,166.95461,16,16,72,18.068445,21.835184,2.5054579
7.4,166.4304,16,16,72,18.237296,21.949157,2.5430123
7.44,165.90455,16,16,72,18.40668,22.063017,2.5809034
7.48,165.37706,16,16,72,18.576594,22.176765,2.6191321
7.52,164.84794,16,16,72,18.747036,22.290399,2.6576989
7.56,164.3172,16,16,72,18.918002,22.403917,2.6966047
7.6,163.78485,16,16,72,19.08949,22.517318,2.73585
7.64,163.25089,16,16,72,19.261497,22.630601,2.7754357
7.68,162.71533,16,16,72,19.43402,22.743764,2.8153622
7.72,162.17818,16,16,72,19.607057,22.856805,2.8556303
7.76,161.63946,16,16,72,19.780604,22.969725,2.8962406
7.8,161.09916,16,16,72,19.95466,23.08252,2.9371938
7.84,160.55731,16,16,72,20.12922,23.195191,2.9784904
7.88,160.01389,16,16,72,20.304284,23.307734,3.0201311
7.92,159.46894,16,16,72,20.479847,23.42015,3.0621165
7.96,158.92244,16,16,72,20.655907,23.532436,3.104447
8,158.37441,16,16,72,20.832463,23.644591,3.1471234
8.04,157.82487,16,16,72,21.00951,23.756613,3.1901462
8.08,157.27381,16,16,72,21.187046,23.868502,3.2335158
8.12,156.72124,16,16,72,21.365069,23.980255,3.2772329
8.16,156.16718,16,16,72,21.543577,24.091872,3.321298
8.2,155.61163,16,16,72,21.722566,24.20335,3.3657115
8.24,155.0546,16,16,72,21.902034,24.314689,3.410474
8.28,154.49609,16,16,72,22.081978,24.425887,3.4555859
8.32,153.93612,16,16,72,22.262396,24.536942,3.5010478
8.36,153.37469,16,16,72,22.443286,24.647853,3.54686
8.4,152.81181,16,16,72,22.624644,24.758618,3.5930231
8.44,152.24749,16,16,72,22.806469,24.869236,3.6395375
8.48,151.68173,16,16,72,22.988758,24.979706,3.6864035
8.52,151.11455,16,16,72,23.171508,25.090026,3.7336217
8.56,150.54595,16,16,72,23.354717,25.200194,3.7811924
8.6,149.97594,16,16,72,23.538382,25.310209,3.829116
8.64,149.40452,16,16,72,23.722502,25.42007,3.8773929
8.68,148.83171,16,16,72,23.907073,25.529774,3.9260234
8.72,148.2575,16,16,72,24.092094,25.639321,3.975008
8.76,147.68192,16,16,72,24.277561,25.748709,4.0243468
8.8,147.10496,16,16,72,24.463473,25.857936,4.0740404
8.84,146.52663,16,16,72,24.649826,25.967001,4.124089
8.88,145.94695,16,16,72,24.83662,26.075902,4.1744928
8.92,145.36591,16,16,72,25.023851,26.184638,4.2252523
8.96,144.78352,16,16,72,25.211516,26.293206,4.2763676
9,144.1998,16,16,72,25.399615,26.401607,4.3278391
9.04,143.61475,16,16,72,25.588144,26.509838,4.379667
9.08,143.02837,16,16,72,25.777101,26.617897,4.4318516
9.12,142.44068,16,16,72,25.966484,26.725783,4.484393
9.16,141.85168,16,16,72,26.156291,26.833494,4.5372916
9.2,141.26137,16,16,72,26.346518,26.941029,4.5905474
9.24,140.66977,16,16,72,26.537165,27.048387,4.6441608
9.28,140.07688,16,16,72,26.728229,27.155565,4.6981319
9.32,139.4827,16,16,72,26.919707,27.262562,4.7524609
9.36,138.88726,16,16,72,27.111598,27.369376,4.8071479
9.4,138.29054,16,16,72,27.303898,27.476007,4.8621931
9.44,137.69256,16,16,72,27.496607,27.582451,4.9175966
9.48,137.09333,16,16,72,27.689722,27.688708,4.9733586
9.52,136.49285,16,16,72,27.88324,27.794777,5.0294792
9.56,135.89112,16,16,72,28.07716,27.900654,5.0859584
9.6,135.28816,16,16,72,28.271479,28.00634,5.1427964
9.64,134.68398,16,16,72,28.466196,28.111832,5.1999932
9.68,134.07857,16,16,72,28.661307,28.217128,5.2575489
9.72,133.47195,16,16,72,28.856812,28.322228,5.3154636
9.76,132.86411,16,16,72,29.052707,28.427129,5.3737373
9.8,132.25508,16,16,72,29.248991,28.531829,5.43237
9.84,131.64485,16,16,72,29.445662,28.636328,5.4913617
9.88,131.03343,16,16,72,29.642718,28.740623,5.5507125
9.92,130.42082,16,16,72,29.840156,28.844713,5.6104224
9.96,129.80704,16,16,72,30.037975,28.948596,5.6704912
10,129.19209,16,16,72,30.236172,29.052271,5.7309191
10.04,128.57598,16,16,72,30.434746,29.155736,5.7917059
10.08,127.9587,16,16,72,30.633695,29.258989,5.8528516
10.12,127.34028,16,16,72,30.833016,29.362029,5.9143561
10.16,126.72071,16,16,72,31.032708,29.464853,5.9762194
10.2,126.09999,16,16,72,31.232768,29.567462,6.0384413
10.24,125.47815,16,16,72,31.433195,29.669851,6.1010218
10.28,124.85518,16,16,72,31.633986,29.772021,6.1639607
10.32,124.23108,16,16,72,31.835141,29.87397,6.227258
10.36,123.60587,16,16,72,32.036656,29.975695,6.2909134
10.4,122.97955,16,16,72,32.238529,30.077195,6.3549268
10.44,122.35213,16,16,72,32.44076,30.178469,6.4192981
10.48,121.72361,16,16,72,32.643346,30.279514,6.484027
10.52,121.09399,16,16,72,32.846285,30.380329,6.5491135
10.56,120.46329,16,16,72,33.049575,30.480913,6.6145572
10.6,119.83151,16,16,72,33.253215,30.581264,6.680358
10.64,119.19866,16,16,72,33.457202,30.68138,6.7465157
10.68,118.56473,16,16,72,33.661535,30.781259,6.81303
10.72,117.92975,16,16,72,33.866211,30.8809,6.8799007
10.76,117.2937,16,16,72,34.07123,30.980301,6.9471275
10.8,116.6566,16,16,72,34.276589,31.07946,7.0147101
10.84,116.01846,16,16,72,34.482286,31.178376,7.0826482
10.88,115.37928,16,16,72,34.688319,31.277047,7.1509417
10.92,114.73906,16,16,72,34.894688,31.375472,7.21959
10.96,114.09781,16,16,72,35.101389,31.473648,7.2885931
11,113.45554,16,16,72,35.308422,31.571575,7.3579504
11.04,112.81225,16,16,72,35.515784,31.669249,7.4276616
11.08,112.16794,16,16,72,35.723474,31.766671,7.4977265
11.12,111.52263,16,16,72,35.931489,31.863837,7.5681446
11.16,110.87631,16,16,72,36.139829,31.960747,7.6389155
11.2,110.229,16,16,72,36.348491,32.057398,7.7100389
11.24,109.5807,16,16,72,36.557474,32.153789,7.7815144
11.28,108.93141,16,16,72,36.766776,32.249918,7.8533415
11.32,108.28113,16,16,72,36.976396,32.345784,7.9255198
11.36,107.62989,16,16,72,37.18633,32.441385,7.9980489
11.4,106.97767,16,16,72,37.396579,32.536719,8.0709283
11.44,106.32448,16,16,72,37.607141,32.631785,8.1441576
11.48,105.67034,16,16,72,37.818012,32.726581,8.2177362
11.52,105.01524,16,16,72,38.029193,32.821104,8.2916638
11.56,104.35919,16,16,72,38.240681,32.915354,8.3659397
11.6,103.70219,16,16,72,38.452475,33.009329,8.4405636
11.64,103.04426,16,16,72,38.664573,33.103027,8.5155348
11.68,102.38539,16,16,72,38.876973,33.196447,8.5908528
11.72,101.72558,16,16,72,39.089674,33.289586,8.6665171
11.76,101.06486,16,16,72,39.302674,33.382443,8.7425271
11.8,100.40321,16,16,72,39.515972,33.475017,8.8188823
11.84,99.740648,16,16,72,39.729565,33.567305,8.8955821
11.88,99.077176,16,16,72,39.943453,33.659307,8.9726259
11.92,98.412797,16,16,72,40.157634,33.751019,9.050013
11.96,97.747518,16,16,72,40.372107,33.842442,9.1277429
12,97.081343,16,16,72,40.586869,33.933572,9.2058149
12.04,96.414277,16,16,72,40.801919,34.024409,9.2842284
12.08,95.746324,16,16,72,41.017256,34.114951,9.3629828
12.12,95.077489,16,16,72,41.232878,34.205195,9.4420773
12.16,94.407778,16,16,72,41.448784,34.295141,9.5215113
12.2,93.737194,16,16,72,41.664972,34.384786,9.6012842
12.24,93.065742,16,16,72,41.88144,34.474129,9.6813952
12.28,92.393427,16,16,72,42.098188,34.563169,9.7618435
12.32,91.720254,16,16,72,42.315213,34.651903,9.8426286
12.36,91.046227,16,16,72,42.532514,34.740331,9.9237496
12.4,90.37135,16,16,72,42.75009,34.828449,10.005206
12.44,89.695629,16,16,72,42.967939,34.916257,10.086997
12.48,89.019067,16,16,72,43.18606,35.003754,10.169121
12.52,88.34167,16,16,72,43.404451,35.090936,10.251578
12.56,87.663441,16,16,72,43.623111,35.177803,10.334368
12.6,86.984385,16,16,72,43.842039,35.264354,10.417488
12.64,86.304507,16,16,72,44.061232,35.350585,10.500939
12.68,85.62381,16,16,72,44.28069,35.436497,10.58472
12.72,84.9423,16,16,72,44.500411,35.522086,10.66883
12.76,84.259981,16,16,72,44.720394,35.607352,10.753268
12.8,83.576856,16,16,72,44.940637,35.692293,10.838033
12.84,82.89293,16,16,72,45.161139,35.776907,10.923124
12.88,82.208208,16,16,72,45.381899,35.861192,11.00854
12.92,81.522693,16,16,72,45.602915,35.945147,11.094281
12.96,80.836391,16,16,72,45.824186,36.028771,11.180346
13,80.149304,16,16,72,46.04571,36.112061,11.266733
13.04,79.461438,16,16,72,46.267487,36.195016,11.353442
13.08,78.772797,16,16,72,46.489514,36.277634,11.440472
13.12,78.083383,16,16,72,46.711791,36.359915,11.527822
13.16,77.393203,16,16,72,46.934316,36.441855,11.61549
13.2,76.702259,16,16,72,47.157087,36.523454,11.703477
13.24,76.010557,16,16,72,47.380104,36.60471,11.79178
13.28,75.318099,16,16,72,47.603366,36.685621,11.880399
13.32,74.62489,16,16,72,47.82687,36.766185,11.969334
13.36,73.930934,16,16,72,48.050616,36.846402,12.058582
13.4,73.236235,16,16,72,48.274602,36.92627,12.148143
13.44,72.540797,16,16,72,48.498827,37.005786,12.238016
13.48,71.844624,16,16,72,48.72329,37.084949,12.3282
13.52,71.14772,16,16,72,48.947989,37.163759,12.418694
13.56,70.450088,16,16,72,49.172923,37.242212,12.509496
13.6,69.751733,16,16,72,49.398092,37.320308,12.600606
13.64,69.052658,16,16,72,49.623493,37.398045,12.692023
13.68,68.352867,16,16,72,49.849125,37.475421,12.783745
13.72,67.652365,16,16,72,50.074988,37.552435,12.875771
13.76,66.951154,16,16,72,50.30108,37.629086,12.9681
13.8,66.249239,16,16,72,50.5274,37.705371,13.060732
13.84,65.546623,16,16,72,50.753946,37.781289,13.153664
13.88,64.843311,16,16,72,50.980717,37.856839,13.246896
13.92,64.139305,16,16,72,51.207713,37.932019,13.340427
13.96,63.43461,16,16,72,51.434931,38.006827,13.434255
14,62.729229,16,16,72,51.662372,38.081262,13.528379
14.04,62.023166,16,16,72,51.890033,38.155323,13.622798
14.08,61.316424,16,16,72,52.117913,38.229008,13.717512
14.12,60.609008,16,16,72,52.346012,38.302315,13.812517
14.16,59.90092,16,16,72,52.574327,38.375243,13.907814
14.2,59.192164,16,16,72,52.802859,38.44779,14.003402
14.24,58.482745,16,16,72,53.031605,38.519955,14.099278
14.28,57.772665,16,16,72,53.260565,38.591736,14.195441
14.32,57.061928,16,16,72,53.489738,38.663132,14.291891
14.36,56.350537,16,16,72,53.719122,38.734141,14.388626
14.4,55.638496,16,16,72,53.948716,38.804762,14.485645
14.44,54.925809,16,16,72,54.178519,38.874994,14.582947
14.48,54.212478,16,16,72,54.40853,38.944834,14.680529
14.52,53.498508,16,16,72,54.638748,39.014281,14.778391
14.56,52.783901,16,16,72,54.869172,39.083335,14.876532
14.6,52.068661,16,16,72,55.0998,39.151993,14.97495
14.64,51.352792,16,16,72,55.330632,39.220254,15.073644
14.68,50.636297,16,16,72,55.561666,39.288116,15.172612
14.72,49.919179,16,16,72,55.792902,39.355578,15.271854
14.76,49.201441,16,16,72,56.024339,39.422639,15.371367
14.8,48.483087,16,16,72,56.255974,39.489297,15.47115
14.84,47.76412,16,16,72,56.487808,39.555551,15.571202
14.88,47.044544,16,16,72,56.719839,39.621399,15.671522
14.92,46.324361,16,16,72,56.952066,39.68684,15.772108
14.96,45.603575,16,16,72,57.184488,39.751872,15.872958
15,44.882189,16,16,72,57.417104,39.816494,15.974072
15.04,44.160206,16,16,72,57.649913,39.880705,16.075447
15.08,43.437629,16,16,72,57.882914,39.944503,16.177083
15.12,42.714462,16,16,72,58.116106,40.007887,16.278977
15.16,41.990708,16,16,72,58.349488,40.070856,16.381129
15.2,41.26637,16,16,72,58.583058,40.133407,16.483536
15.24,40.541451,16,16,72,58.816817,40.19554,16.586198
15.28,39.815953,16,16,72,59.050763,40.257254,16.689113
15.32,39.089881,16,16,72,59.284894,40.318546,16.792279
15.36,38.363237,16,16,72,59.51921,40.379416,16.895695
15.4,37.636025,16,16,72,59.75371,40.439862,16.999359
15.44,36.908247,16,16,72,59.988394,40.499883,17.10327
15.48,36.179906,16,16,72,60.223259,40.559478,17.207426
15.52,35.451005,16,16,72,60.458305,40.618645,17.311826
15.56,34.721548,16,16,72,60.693531,40.677382,17.416468
15.6,33.991537,16,16,72,60.928936,40.73569,17.52135
15.64,33.260975,16,16,72,61.164519,40.793565,17.626471
15.68,32.529865,16,16,72,61.40028,40.851008,17.731829
15.72,31.798211,16,16,72,61.636216,40.908016,17.837423
15.76,31.066014,16,16,72,61.872328,40.964588,17.943251
15.8,30.333279,16,16,72,62.108615,41.020724,18.049311
15.84,29.600007,16,16,72,62.345074,41.076421,18.155602
15.88,28.866201,16,16,72,62.581706,41.131679,18.262122
15.92,28.131866,16,16,72,62.81851,41.186497,18.36887
15.96,27.397002,16,16,72,63.055484,41.240872,18.475843
16,26.661614,16,16,72,63.292628,41.294804,18.583041
16.04,25.925703,16,16,72,63.529941,41.348292,18.690461
16.08,25.189274,16,16,72,63.767422,41.401334,18.798102
16.12,24.452327,16,16,72,64.00507,41.453929,18.905962
16.16,23.714867,16,16,72,64.242884,41.506075,19.014039
16.2,22.976896,16,16,72,64.480863,41.557773,19.122332
16.24,22.238417,16,16,72,64.719007,41.60902,19.230839
16.28,21.499431,16,16,72,64.957314,41.659815,19.339558
16.32,20.759944,16,16,72,65.195784,41.710157,19.448488
16.36,20.019955,16,16,72,65.434416,41.760045,19.557626
16.4,19.27947,16,16,72,65.673208,41.809478,19.666971
16.44,18.538489,16,16,72,65.912161,41.858455,19.776522
16.48,17.797016,16,16,72,66.151272,41.906974,19.886276
16.52,17.055054,16,16,72,66.390542,41.955034,19.996232
16.56,16.312604,16,16,72,66.62997,42.002634,20.106387
16.6,15.56967,15.56967,15.8,72,66.869515,42.049773,20.216741
16.64,14.826547,14.826547,15.6,72,67.109112,42.09645,20.32729
16.68,14.083569,14.083569,15.4,72,67.348692,42.142665,20.438034
16.72,13.340941,13.340941,15.2,72,67.58819,42.188416,20.54897
16.76,12.598868,12.598868,15,72,67.82754,42.233704,20.660096
16.8,11.857552,11.857552,14.8,72,68.066676,42.278527,20.771411
16.84,11.117195,11.117195,14.6,72,68.305532,42.322886,20.882911
16.88,10.377998,10.377998,14.4,72,68.544044,42.36678,20.994595
16.92,9.640158,9.640158,14.2,72,68.782148,42.41021,21.10646
16.96,8.9038732,8.9038732,14,72,69.01978,42.453175,21.218505
17,8.169339,8.169339,13.8,72,69.256876,42.495677,21.330726
17.04,7.4367494,7.4367494,13.6,72,69.493375,42.537715,21.443122
17.08,6.7062967,6.7062967,13.4,72,69.729212,42.57929,21.55569
17.12,5.9781714,5.9781714,13.2,72,69.964328,42.620402,21.668427
17.16,5.2525626,5.2525626,13,72,70.19866,42.661053,21.781332
17.2,4.5296574,4.5296574,12.8,72,70.432149,42.701244,21.894401
17.24,3.8096409,3.8096409,12.6,72,70.664733,42.740975,22.007633
17.28,3.0926967,3.0926967,12.4,72,70.896354,42.780249,22.121024
17.32,2.3790062,2.3790062,12.2,72,71.126953,42.819066,22.234573
17.36,1.668749,1.668749,12,72,71.356472,42.857427,22.348276
17.4,0.96210277,0.96210277,11.8,72,71.584853,42.895335,22.462131
17.44,0.25924297,0.25924297,11.6,72,71.812039,42.932791,22.576136
17.48,-0.43965685,-0.43965685,11.4,72,72.037974,42.969798,22.690287
17.52,-1.1344253,-1.1344253,11.2,72,72.262602,43.006356,22.804583
17.56,-1.8248931,-1.8248931,11,72,72.485869,43.042469,22.91902
17.6,-2.5108931,-2.5108931,10.8,72,72.70772,43.078139,23.033596
17.64,-3.1922604,-3.1922604,10.6,72,72.928101,43.113367,23.148308
17.68,-3.8688324,-3.8688324,10.4,72,73.146961,43.148157,23.263154
17.72,-4.5404485,-4.5404485,10.2,72,73.364247,43.182512,23.378132
17.76,-5.2069508,-5.2069508,10,72,73.579907,43.216433,23.493237
17.8,-5.8681834,-5.8681834,9.8,72,73.793891,43.249924,23.608469
17.84,-6.5239928,-6.5239928,9.6,72,74.00615,43.282988,23.723824
17.88,-7.1742281,-7.1742281,9.4,72,74.216634,43.315629,23.8393
17.92,-7.8187405,-7.8187405,9.2,72,74.425294,43.347848,23.954893
17.96,-8.457384,-8.457384,9,72,74.632084,43.37965,24.070603
18,-9.0900147,-9.0900147,8.8,72,74.836956,43.411038,24.186425
18.04,-9.7164915,-9.7164915,8.6,72,75.039866,43.442015,24.302358
18.08,-10.336676,-10.336676,8.4,72,75.240767,43.472586,24.418398
18.12,-10.950431,-10.950431,8.2,72,75.439615,43.502754,24.534544
18.16,-11.557624,-11.557624,8,72,75.636367,43.532523,24.650793
18.2,-12.158123,-12.158123,7.8,72,75.830981,43.561897,24.767143
18.24,-12.751801,-12.751801,7.6,72,76.023414,43.59088,24.88359
18.28,-13.338531,-13.338531,7.4,72,76.213625,43.619477,25.000133
18.32,-13.91819,-13.91819,7.2,72,76.401575,43.647691,25.116769
18.36,-14.490658,-14.490658,7,72,76.587225,43.675526,25.233496
18.4,-15.055818,-15.055818,6.8,72,76.770535,43.702989,25.350311
18.44,-15.613553,-15.613553,6.6,72,76.951468,43.730082,25.467213
18.48,-16.163752,-16,6.4,72,77.130003,43.75681,25.584198
18.52,-16.706417,-16,6.2,72,77.306152,43.783179,25.701265
18.56,-17.241743,-16,6,72,77.479928,43.809193,25.818411
18.6,-17.76977,-16,5.8,72,77.651344,43.834856,25.935635
18.64,-18.290537,-16,5.6,72,77.820412,43.860174,26.052934
18.68,-18.804082,-16,5.4,72,77.987144,43.885149,26.170306
18.72,-19.310444,-16,5.2,72,78.151554,43.909788,26.287749
18.76,-19.809661,-16,5,72,78.313653,43.934095,26.405262
18.8,-20.301772,-16,4.8,72,78.473454,43.958073,26.522842
18.84,-20.786814,-16,4.6,72,78.63097,43.981729,26.640487
18.88,-21.264825,-16,4.4,72,78.786211,44.005065,26.758196
18.92,-21.735842,-16,4.2,72,78.939191,44.028087,26.875967
18.96,-22.199903,-16,4,72,79.089922,44.050799,26.993798
19,-22.657045,-16,3.8,72,79.238415,44.073206,27.111688
19.04,-23.107305,-16,3.6,72,79.384682,44.095312,27.229634
19.08,-23.550719,-16,3.4,72,79.528736,44.117121,27.347636
19.12,-23.987324,-16,3.2,72,79.670588,44.138638,27.465691
19.16,-24.417156,-16,3,72,79.81025,44.159867,27.583798
19.2,-24.840252,-16,2.8,72,79.947733,44.180812,27.701956
19.24,-25.256647,-16,2.6,72,80.08305,44.201479,27.820163
19.28,-25.666378,-16,2.4,72,80.216211,44.22187,27.938418
19.32,-26.069478,-16,2.2,72,80.347228,44.241992,28.056719
19.36,-26.465985,-16,2,72,80.476113,44.261847,28.175065
19.4,-26.855933,-16,1.8,72,80.602877,44.28144,28.293454
19.44,-27.239357,-16,1.6,72,80.727531,44.300775,28.411886
19.48,-27.616292,-16,1.4,72,80.850087,44.319858,28.530359
19.52,-27.986772,-16,1.2,72,80.970556,44.338691,28.648872
19.56,-28.350833,-16,1,72,81.088949,44.357279,28.767424
19.6,-28.708507,-16,0.8,72,81.205276,44.375626,28.886013
19.64,-29.05983,-16,0.6,72,81.31955,44.393737,29.004638
19.68,-29.404835,-16,0.4,72,81.43178,44.411615,29.123299
19.72,-29.743556,-16,0.2,72,81.541979,44.429266,29.241994
19.76,-30.076026,-16,-1.6449431e-14,72,81.650156,44.446692,29.360722
19.8,-30.402279,-16,-0.2,72,81.756322,44.463898,29.479482
19.84,-30.722347,-16,-0.4,72,81.860489,44.480888,29.598273
19.88,-31.036265,-16,-0.6,72,81.962666,44.497666,29.717094
19.92,-31.344064,-16,-0.8,72,82.062865,44.514236,29.835945
19.96,-31.645777,-16,-1,72,82.161096,44.530603,29.954824
20,-31.941437,-16,-1.2,72,82.257369,44.54677,30.07373
20.04,-32.231076,-16,-1.4,72,82.351696,44.562741,30.192662
20.08,-32.514726,-16,-1.6,72,82.444085,44.57852,30.31162
20.12,-32.792419,-16,-1.8,72,82.534549,44.594111,30.430603
20.16,-33.064187,-16,-2,72,82.623096,44.609519,30.54961
20.2,-33.330061,-16,-2.2,72,82.709738,44.624746,30.668639
20.24,-33.590073,-16,-2.4,72,82.794483,44.639798,30.787692
20.28,-33.844254,-16,-2.6,72,82.877344,44.654677,30.906766
20.32,-34.092636,-16,-2.8,72,82.958328,44.669388,31.025861
20.36,-34.335248,-16,-3,72,83.037447,44.683935,31.144976
20.4,-34.572123,-16,-3.2,72,83.114711,44.69832,31.26411
20.44,-34.80329,-16,-3.4,72,83.190129,44.712549,31.383264
20.48,-35.02878,-16,-3.6,72,83.263711,44.726625,31.502435
20.52,-35.248623,-16,-3.8,72,83.335467,44.740552,31.621624
20.56,-35.462849,-16,-4,72,83.405407,44.754333,31.74083
20.6,-35.671489,-16,-4.2,72,83.47354,44.767973,31.860053
20.64,-35.874572,-16,-4.4,72,83.539876,44.781474,31.979291
20.68,-36.072128,-16,-4.6,72,83.604425,44.794841,32.098544
20.72,-36.264186,-16,-4.8,72,83.667195,44.808078,32.217812
20.76,-36.450775,-16,-5,72,83.728198,44.821187,32.337094
20.8,-36.631925,-16,-5.2,72,83.787442,44.834173,32.456389
20.84,-36.807665,-16,-5.4,72,83.844936,44.847039,32.575697
20.88,-36.978023,-16,-5.6,72,83.900689,44.85979,32.695018
20.92,-37.143029,-16,-5.8,72,83.954712,44.872427,32.81435
20.96,-37.30271,-16,-6,72,84.007013,44.884956,32.933695
21,-37.457096,-16,-6.2,72,84.057602,44.89738,33.05305
21.04,-37.606214,-16,-6.4,72,84.106487,44.909701,33.172416
21.08,-37.750093,-16,-6.6,72,84.153678,44.921925,33.291791
21.12,-37.88876,-16,-6.8,72,84.199183,44.934053,33.411177
21.16,-38.022243,-16,-7,72,84.243012,44.94609,33.530572
21.2,-38.15057,-16,-7.2,72,84.285174,44.958039,33.649975
21.24,-38.273769,-16,-7.4,72,84.325678,44.969904,33.769387
21.28,-38.391867,-16,-7.6,72,84.364532,44.981688,33.888807
21.32,-38.50489,-16,-7.8,72,84.401745,44.993394,34.008235
21.36,-38.612867,-16,-8,72,84.437326,45.005027,34.12767
21.4,-38.715823,-16,-8.2,72,84.471283,45.016588,34.247112
21.44,-38.813786,-16,-8.4,72,84.503626,45.028082,34.36656
21.48,-38.906783,-16,-8.6,72,84.534363,45.039512,34.486014
21.52,-38.99484,-16,-8.8,72,84.563502,45.050881,34.605474
21.56,-39.077982,-16,-9,72,84.591052,45.062192,34.72494
21.6,-39.156237,-16,-9.2,72,84.617022,45.07345,34.844411
21.64,-39.229631,-16,-9.4,72,84.641419,45.084657,34.963886
21.68,-39.298189,-16,-9.6,72,84.664253,45.095816,35.083366
21.72,-39.361937,-16,-9.8,72,84.685532,45.10693,35.202851
21.76,-39.420901,-16,-10,72,84.705263,45.118004,35.322339
21.8,-39.475107,-16,-10.2,72,84.723456,45.129039,35.44183
21.84,-39.524579,-16,-10.4,72,84.740117,45.14004,35.561325
21.88,-39.569343,-16,-10.6,72,84.755257,45.151009,35.680822
21.92,-39.609424,-16,-10.8,72,84.768882,45.16195,35.800323
21.96,-39.644847,-16,-11,72,84.781001,45.172866,35.919825
22,-39.675638,-16,-11.2,72,84.791622,45.183759,36.03933
22.04,-39.701819,-16,-11.4,72,84.800752,45.194633,36.158836
22.08,-39.723418,-16,-11.6,72,84.8084,45.205492,36.278344
22.12,-39.740456,-16,-11.8,72,84.814574,45.216337,36.397853
22.16,-39.75296,-16,-12,72,84.819281,45.227173,36.517362
22.2,-39.760953,-16,-12.2,72,84.822529,45.238002,36.636873
22.24,-39.764459,-16,-12.4,72,84.824327,45.248827,36.756383
22.28,-39.763502,-16,-12.6,72,84.824681,45.259652,36.875894
22.32,-39.758106,-16,-12.8,72,84.8236,45.270478,36.995405
22.36,-39.748295,-16,-13,72,84.821091,45.28131,37.114915
22.4,-39.734092,-16,-13.2,72,84.817162,45.29215,37.234424
22.44,-39.71552,-16,-13.4,72,84.81182,45.303002,37.353933
22.48,-39.692604,-16,-13.6,72,84.805073,45.313867,37.47344
22.52,-39.665365,-16,-13.8,72,84.796928,45.324749,37.592945
22.56,-39.633828,-16,-14,72,84.787394,45.335651,37.712449
22.6,-39.598014,-16,-14.2,72,84.776476,45.346576,37.831951
22.64,-39.557948,-16,-14.4,72,84.764183,45.357527,37.95145
22.68,-39.513651,-16,-14.6,72,84.750522,45.368506,38.070947
22.72,-39.465146,-16,-14.8,72,84.735501,45.379516,38.190441
22.76,-39.412455,-16,-15,72,84.719126,45.390561,38.309931
22.8,-39.355602,-16,-15.2,72,84.701404,45.401643,38.429418
22.84,-39.294607,-16,-15.4,72,84.682344,45.412764,38.548902
22.88,-39.229494,-16,-15.6,72,84.661951,45.423928,38.668382
22.92,-39.160284,-16,-15.8,72,84.640234,45.435137,38.787857
22.96,-39.086998,-16,-16,72,84.617199,45.446394,38.907328
23,-39.00966,-16,-16,72,84.592853,45.457702,39.026794
23.04,-38.92829,-16,-16,72,84.567204,45.469063,39.146255
23.08,-38.842909,-16,-16,72,84.540258,45.480481,39.26571
23.12,-38.75354,-16,-16,72,84.512021,45.491957,39.38516
23.16,-38.660203,-16,-16,72,84.482502,45.503495,39.504604
23.2,-38.56292,-16,-16,72,84.451707,45.515097,39.624042
23.24,-38.461711,-16,-16,72,84.419642,45.526766,39.743473
23.28,-38.356599,-16,-16,72,84.386315,45.538505,39.862898
23.32,-38.247602,-16,-16,72,84.351731,45.550315,39.982315
23.36,-38.134743,-16,-16,72,84.315899,45.562201,40.101725
23.4,-38.018042,-16,-16,72,84.278824,45.574163,40.221127
23.44,-37.897518,-16,-16,72,84.240514,45.586205,40.340522
23.48,-37.773194,-16,-16,72,84.200974,45.59833,40.459908
23.52,-37.645088,-16,-16,72,84.160211,45.61054,40.579285
23.56,-37.513221,-16,-16,72,84.118232,45.622837,40.698653
23.6,-37.377614,-16,-16,72,84.075043,45.635224,40.818012
23.64,-37.238285,-16,-16,72,84.030651,45.647704,40.937361
23.68,-37.095256,-16,-16,72,83.985063,45.660278,41.056701
23.72,-36.948545,-16,-16,72,83.938284,45.67295,41.17603
23.76,-36.798173,-16,-16,72,83.89032,45.685722,41.295348
23.8,-36.644158,-16,-16,72,83.841179,45.698596,41.414656
23.84,-36.48652,-16,-16,72,83.790867,45.711575,41.533952
23.88,-36.325279,-16,-16,72,83.739389,45.724661,41.653236
23.92,-36.160454,-16,-16,72,83.686752,45.737857,41.772508
23.96,-35.992064,-16,-16,72,83.632962,45.751165,41.891768
24,-35.820128,-16,-16,72,83.578025,45.764587,42.011015
24.04,-35.644665,-16,-16,72,83.521948,45.778125,42.130249
24.08,-35.465693,-16,-16,72,83.464737,45.791783,42.249469
24.12,-35.283231,-16,-16,72,83.406397,45.805562,42.368675
24.16,-35.097299,-16,-16,72,83.346934,45.819465,42.487867
24.2,-34.907914,-16,-16,72,83.286355,45.833494,42.607044
24.24,-34.715095,-16,-16,72,83.224665,45.847651,42.726206
24.28,-34.51886,-16,-16,72,83.161871,45.861939,42.845353
24.32,-34.319227,-16,-16,72,83.097978,45.87636,42.964483
24.36,-34.116216,-16,-16,72,83.032993,45.890915,43.083597
24.4,-33.909842,-16,-16,72,82.96692,45.905608,43.202694
24.44,-33.700125,-16,-16,72,82.899766,45.920441,43.321774
24.48,-33.487083,-16,-16,72,82.831537,45.935415,43.440836
24.52,-33.270732,-16,-16,72,82.762238,45.950534,43.55988
24.56,-33.051092,-16,-16,72,82.691875,45.965799,43.678905
24.6,-32.828178,-16,-16,72,82.620453,45.981212,43.797911
24.64,-32.602009,-16,-16,72,82.547979,45.996775,43.916897
24.68,-32.372603,-16,-16,72,82.474458,46.012491,44.035864
24.72,-32.139975,-16,-16,72,82.399896,46.028362,44.15481
24.76,-31.904145,-16,-16,72,82.324297,46.04439,44.273734
24.8,-31.665127,-16,-16,72,82.247668,46.060577,44.392638
24.84,-31.422941,-16,-16,72,82.170014,46.076925,44.511519
24.88,-31.177602,-16,-16,72,82.091341,46.093436,44.630378
24.92,-30.929127,-16,-16,72,82.011654,46.110113,44.749213
24.96,-30.677533,-16,-16,72,81.930958,46.126957,44.868025
25,-30.422837,-16,-16,72,81.849258,46.14397,44.986813
25.04,-30.165055,-16,-16,72,81.766561,46.161155,45.105576
25.08,-29.904204,-16,-16,72,81.682872,46.178513,45.224314
25.12,-29.6403,-16,-16,72,81.598195,46.196047,45.343026
25.16,-29.373359,-16,-16,72,81.512536,46.213758,45.461712
25.2,-29.103398,-16,-16,72,81.425901,46.231649,45.580371
25.24,-28.830432,-16,-16,72,81.338294,46.249721,45.699002
25.28,-28.554478,-16,-16,72,81.24972,46.267976,45.817605
25.32,-28.275551,-16,-16,72,81.160185,46.286417,45.93618
25.36,-27.993668,-16,-16,72,81.069695,46.305045,46.054725
25.4,-27.708845,-16,-16,72,80.978253,46.323862,46.173241
25.44,-27.421096,-16,-16,72,80.885865,46.34287,46.291726
25.48,-27.130437,-16,-16,72,80.792537,46.362071,46.41018
25.52,-26.836885,-16,-16,72,80.698272,46.381467,46.528602
25.56,-26.540454,-16,-16,72,80.603077,46.40106,46.646991
25.6,-26.24116,-16,-16,72,80.506956,46.420852,46.765348
25.64,-25.939018,-16,-16,72,80.409914,46.440843,46.883671
25.68,-25.634043,-16,-16,72,80.311956,46.461037,47.00196
25.72,-25.326251,-16,-16,72,80.213086,46.481435,47.120213
25.76,-25.015656,-16,-16,72,80.113311,46.50204,47.238431
25.8,-24.702274,-16,-16,72,80.012634,46.522851,47.356613
25.84,-24.386118,-16,-16,72,79.91106,46.543872,47.474757
25.88,-24.067205,-16,-16,72,79.808595,46.565105,47.592864
25.92,-23.745548,-16,-16,72,79.705242,46.58655,47.710932
25.96,-23.421163,-16,-16,72,79.601007,46.608211,47.828961
26,-23.094063,-16,-16,72,79.495894,46.630087,47.94695
26.04,-22.764264,-16,-16,72,79.389908,46.652182,48.064898
26.08,-22.43178,-16,-16,72,79.283054,46.674497,48.182805
26.12,-22.096625,-16,-16,72,79.175336,46.697034,48.30067
26.16,-21.758813,-16,-16,72,79.066759,46.719793,48.418492
26.2,-21.418358,-16,-16,72,78.957328,46.742778,48.53627
26.24,-21.075275,-16,-16,72,78.847047,46.76599,48.654004
26.28,-20.729578,-16,-16,72,78.73592,46.789429,48.771692
26.32,-20.381281,-16,-16,72,78.623952,46.813099,48.889335
26.36,-20.030396,-16,-16,72,78.511148,46.837,49.00693
26.4,-19.67694,-16,-16,72,78.397512,46.861135,49.124478
26.44,-19.320924,-16,-16,72,78.283048,46.885504,49.241978
26.48,-18.962362,-16,-16,72,78.167761,46.91011,49.359428
26.52,-18.601269,-16,-16,72,78.051656,46.934953,49.476828
26.56,-18.237657,-16,-16,72,77.934736,46.960036,49.594178
26.6,-17.871541,-16,-16,72,77.817006,46.985361,49.711475
26.64,-17.502933,-16,-16,72,77.69847,47.010927,49.82872
26.68,-17.131846,-16,-16,72,77.579133,47.036738,49.945911
26.72,-16.758295,-16,-16,72,77.458999,47.062795,50.063048
26.76,-16.382292,-16,-16,72,77.338072,47.089099,50.18013
26.8,-16.00385,-16,-16,72,77.216356,47.115651,50.297155
26.84,-15.622982,-15.622982,-15.8,72,77.093889,47.142453,50.414124
26.88,-15.239958,-15.239958,-15.6,72,76.970711,47.169507,50.531034
26.92,-14.854898,-14.854898,-15.4,72,76.846858,47.196814,50.647886
26.96,-14.467921,-14.467921,-15.2,72,76.722369,47.224374,50.764678
27,-14.079146,-14.079146,-15,72,76.597283,47.25219,50.88141
27.04,-13.68869,-13.68869,-14.8,72,76.471637,47.280261,50.998081
27.08,-13.296671,-13.296671,-14.6,72,76.345471,47.308589,51.114689
27.12,-12.903208,-12.903208,-14.4,72,76.218821,47.337175,51.231234
27.16,-12.508419,-12.508419,-14.2,72,76.091725,47.366019,51.347716
27.2,-12.112419,-12.112419,-14,72,75.964223,47.395122,51.464134
27.24,-11.715327,-11.715327,-13.8,72,75.83635,47.424485,51.580486
27.28,-11.317259,-11.317259,-13.6,72,75.708146,47.454108,51.696772
27.32,-10.918331,-10.918331,-13.4,72,75.579647,47.483993,51.812991
27.36,-10.518659,-10.518659,-13.2,72,75.45089,47.514138,51.929143
27.4,-10.118358,-10.118358,-13,72,75.321914,47.544544,52.045227
27.44,-9.7175424,-9.7175424,-12.8,72,75.192756,47.575212,52.161242
27.48,-9.3163273,-9.3163273,-12.6,72,75.063451,47.606142,52.277187
27.52,-8.9148259,-8.9148259,-12.4,72,74.934037,47.637334,52.393062
27.56,-8.5131517,-8.5131517,-12.2,72,74.80455,47.668788,52.508867
27.6,-8.111417,-8.111417,-12,72,74.675028,47.700503,52.6246
27.64,-7.7097339,-7.7097339,-11.8,72,74.545505,47.73248,52.740261
27.68,-7.3082135,-7.3082135,-11.6,72,74.416018,47.764718,52.85585
27.72,-6.9069666,-6.9069666,-11.4,72,74.286603,47.797217,52.971365
27.76,-6.506103,-6.506103,-11.2,72,74.157296,47.829976,53.086807
27.8,-6.1057318,-6.1057318,-11,72,74.028131,47.862996,53.202174
27.84,-5.7059614,-5.7059614,-10.8,72,73.899143,47.896276,53.317467
27.88,-5.3068995,-5.3068995,-10.6,72,73.770368,47.929814,53.432685
27.92,-4.9086527,-4.9086527,-10.4,72,73.64184,47.963611,53.547828
27.96,-4.511327,-4.511327,-10.2,72,73.513593,47.997666,53.662894
28,-4.1150276,-4.1150276,-10,72,73.385661,48.031977,53.777884
28.04,-3.7198585,-3.7198585,-9.8,72,73.258079,48.066544,53.892798
28.08,-3.3259232,-3.3259232,-9.6,72,73.130879,48.101367,54.007634
28.12,-2.9333238,-2.9333238,-9.4,72,73.004094,48.136443,54.122393
28.16,-2.5421618,-2.5421618,-9.2,72,72.877758,48.171773,54.237075
28.2,-2.1525377,-2.1525377,-9,72,72.751903,48.207354,54.351678
28.24,-1.7645507,-1.7645507,-8.8,72,72.626561,48.243186,54.466204
28.28,-1.3782993,-1.3782993,-8.6,72,72.501764,48.279267,54.580651
28.32,-0.99388085,-0.99388085,-8.4,72,72.377543,48.315596,54.69502
28.36,-0.61139154,-0.61139154,-8.2,72,72.25393,48.352172,54.80931
28.4,-0.23092658,-0.23092658,-8,72,72.130956,48.388993,54.923521
28.44,0.14741997,0.14741997,-7.8,72,72.008651,48.426058,55.037653
28.48,0.52355518,0.52355518,-7.6,72,71.887045,48.463365,55.151707
28.52,0.89738726,0.89738726,-7.4,72,71.766168,48.500912,55.265681
28.56,1.2688256,1.2688256,-7.2,72,71.646049,48.538698,55.379577
28.6,1.6377807,1.6377807,-7,72,71.526718,48.576722,55.493393
28.64,2.0041644,2.0041644,-6.8,72,71.408203,48.614981,55.607131
28.68,2.3678896,2.3678896,-6.6,72,71.290532,48.653473,55.72079
28.72,2.7288706,2.7288706,-6.4,72,71.173733,48.692197,55.83437
28.76,3.0870229,3.0870229,-6.2,72,71.057834,48.731151,55.947872
28.8,3.4422631,3.4422631,-6,72,70.942861,48.770332,56.061295
28.84,3.7945094,3.7945094,-5.8,72,70.828841,48.809739,56.17464
28.88,4.1436811,4.1436811,-5.6,72,70.715801,48.849369,56.287907
28.92,4.4896987,4.4896987,-5.4,72,70.603766,48.889221,56.401096
28.96,4.8324844,4.8324844,-5.2,72,70.492761,48.929292,56.514208
29,5.1719614,5.1719614,-5,72,70.382812,48.969581,56.627243
29.04,5.5080544,5.5080544,-4.8,72,70.273943,49.010083,56.740201
29.08,5.8406895,5.8406895,-4.6,72,70.166177,49.050799,56.853083
29.12,6.1697941,6.1697941,-4.4,72,70.05954,49.091724,56.965888
29.16,6.495297,6.495297,-4.2,72,69.954053,49.132857,57.078619
29.2,6.8171286,6.8171286,-4,72,69.849739,49.174195,57.191274
29.24,7.1352204,7.1352204,-3.8,72,69.746621,49.215735,57.303854
29.28,7.4495057,7.4495057,-3.6,72,69.64472,49.257476,57.416361
29.32,7.7599188,7.7599188,-3.4,72,69.544059,49.299415,57.528794
29.36,8.0663958,8.0663958,-3.2,72,69.444657,49.341548,57.641154
29.4,8.3688743,8.3688743,-3,72,69.346534,49.383874,57.753441
29.44,8.667293,8.667293,-2.8,72,69.249712,49.426389,57.865657
29.48,8.9615923,8.9615923,-2.6,72,69.154209,49.469092,57.977802
29.52,9.2517143,9.2517143,-2.4,72,69.060045,49.511979,58.089877
29.56,9.5376022,9.5376022,-2.2,72,68.967237,49.555047,58.201882
29.6,9.8192009,9.8192009,-2,72,68.875804,49.598294,58.313818
29.64,10.096457,10.096457,-1.8,72,68.785763,49.641716,58.425686
29.68,10.369318,10.369318,-1.6,72,68.697132,49.685312,58.537487
29.72,10.637734,10.637734,-1.4,72,68.609926,49.729078,58.649221
29.76,10.901655,10.901655,-1.2,72,68.524162,49.773011,58.76089
29.8,11.161034,11.161034,-1,72,68.439856,49.817108,58.872494
29.84,11.415825,11.415825,-0.8,72,68.357022,49.861367,58.984034
29.88,11.665983,11.665983,-0.6,72,68.275675,49.905784,59.095511
29.92,11.911466,11.911466,-0.4,72,68.19583,49.950356,59.206926
29.96,12.152233,12.152233,-0.2,72,68.117499,49.995081,59.31828
30,12.388243,12.388243,1.6449431e-14,72,68.040696,50.039954,59.429574
30.04,12.619458,12.619458,0.2,72,67.965433,50.084974,59.540809
30.08,12.845841,12.845841,0.4,72,67.891722,50.130137,59.651986
30.12,13.067358,13.067358,0.6,72,67.819576,50.17544,59.763106
30.16,13.283974,13.283974,0.8,72,67.749004,50.22088,59.87417
30.2,13.495658,13.495658,1,72,67.680018,50.266454,59.985179
30.24,13.70238,13.70238,1.2,72,67.612628,50.312157,60.096135
30.28,13.904109,13.904109,1.4,72,67.546843,50.357989,60.207038
30.32,14.100819,14.100819,1.6,72,67.482672,50.403944,60.317889
30.36,14.292484,14.292484,1.8,72,67.420125,50.450021,60.428691
30.4,14.47908,14.47908,2,72,67.359208,50.496215,60.539443
30.44,14.660583,14.660583,2.2,72,67.299929,50.542524,60.650148
30.48,14.836973,14.836973,2.4,72,67.242296,50.588944,60.760805
30.52,15.00823,15.00823,2.6,72,67.186315,50.635473,60.871418
30.56,15.174336,15.174336,2.8,72,67.131993,50.682106,60.981986
30.6,15.335275,15.335275,3,72,67.079334,50.72884,61.092512
30.64,15.491031,15.491031,3.2,72,67.028344,50.775674,61.202995
30.68,15.64159,15.64159,3.4,72,66.979027,50.822602,61.313439
30.72,15.786941,15.786941,3.6,72,66.931388,50.869622,61.423843
30.76,15.927073,15.927073,3.8,72,66.88543,50.91673,61.53421
30.8,16.061978,16,4,72,66.841151,50.963924,61.64454
30.84,16.191689,16,4.2,72,66.798541,51.0112,61.754835
30.88,16.316265,16,4.4,72,66.757593,51.058554,61.865096
30.92,16.435731,16,4.6,72,66.718296,51.105985,61.975325
30.96,16.550117,16,4.8,72,66.680643,51.153487,62.085522
31,16.659448,16,5,72,66.644624,51.201059,62.19569
31.04,16.763753,16,5.2,72,66.61023,51.248697,62.305829
31.08,16.863056,16,5.4,72,66.577454,51.296399,62.415941
31.12,16.957386,16,5.6,72,66.546286,51.34416,62.526027
31.16,17.046769,16,5.8,72,66.516718,51.391977,62.636088
31.2,17.131231,16,6,72,66.488741,51.439849,62.746126
31.24,17.210798,16,6.2,72,66.462347,51.487771,62.856141
31.28,17.285496,16,6.4,72,66.437528,51.535741,62.966136
31.32,17.355352,16,6.6,72,66.414274,51.583755,63.076112
31.36,17.420392,16,6.8,72,66.392578,51.631811,63.186069
31.4,17.48064,16,7,72,66.372431,51.679906,63.29601
31.44,17.536123,16,7.2,72,66.353826,51.728037,63.405934
31.48,17.586866,16,7.4,72,66.336753,51.7762,63.515845
31.52,17.632894,16,7.6,72,66.321205,51.824393,63.625742
31.56,17.674232,16,7.8,72,66.307173,51.872613,63.735628
31.6,17.710906,16,8,72,66.29465,51.920857,63.845503
31.64,17.74294,16,8.2,72,66.283627,51.969122,63.955368
31.68,17.770359,16,8.4,72,66.274097,52.017406,64.065226
31.72,17.793187,16,8.6,72,66.266051,52.065704,64.175077
31.76,17.81145,16,8.8,72,66.259481,52.114016,64.284922
31.8,17.825171,16,9,72,66.25438,52.162337,64.394764
31.84,17.834375,16,9.2,72,66.25074,52.210665,64.504602
31.88,17.839085,16,9.4,72,66.248553,52.258998,64.614438
31.92,17.839326,16,9.6,72,66.247812,52.307331,64.724273
31.96,17.835122,16,9.8,72,66.248507,52.355664,64.834109
32,17.826496,16,10,72,66.250633,52.403992,64.943947
32.04,17.813472,16,10.2,72,66.254181,52.452314,65.053788
32.08,17.796073,16,10.4,72,66.259144,52.500626,65.163633
32.12,17.774323,16,10.6,72,66.265513,52.548926,65.273484
32.16,17.748244,16,10.8,72,66.273283,52.597211,65.383341
32.2,17.717861,16,11,72,66.282444,52.645478,65.493205
32.24,17.683195,16,11.2,72,66.292991,52.693725,65.603079
32.28,17.644271,16,11.4,72,66.304914,52.74195,65.712963
32.32,17.601109,16,11.6,72,66.318208,52.790148,65.822858
32.36,17.553734,16,11.8,72,66.332864,52.838319,65.932765
32.4,17.502167,16,12,72,66.348876,52.886459,66.042685
32.44,17.446431,16,12.2,72,66.366236,52.934566,66.152621
32.48,17.386548,16,12.4,72,66.384937,52.982637,66.262571
32.52,17.322541,16,12.6,72,66.404972,53.030669,66.372539
32.56,17.25443,16,12.8,72,66.426334,53.07866,66.482525
32.6,17.182239,16,13,72,66.449015,53.126608,66.592529
32.64,17.105988,16,13.2,72,66.473009,53.17451,66.702554
32.68,17.0257,16,13.4,72,66.498308,53.222363,66.8126
32.72,16.941396,16,13.6,72,66.524907,53.270165,66.922668
32.76,16.853098,16,13.8,72,66.552796,53.317913,67.032759
32.8,16.760826,16,14,72,66.581971,53.365606,67.142875
32.84,16.664602,16,14.2,72,66.612424,53.41324,67.253015
32.88,16.564448,16,14.4,72,66.644148,53.460813,67.363183
32.92,16.460383,16,14.6,72,66.677137,53.508322,67.473377
32.96,16.352429,16,14.8,72,66.711383,53.555766,67.5836
33,16.240607,16,15,72,66.74688,53.603141,67.693853
33.04,16.124937,16,15.2,72,66.783621,53.650445,67.804135
33.08,16.005439,16,15.4,72,66.8216,53.697677,67.914449
33.12,15.882135,15.882135,15.6,72,66.860799,53.744833,68.024796
33.16,15.755125,15.755125,15.755125,72,66.901201,53.791911,68.135175
33.2,15.624467,15.624467,15.624467,72,66.942788,53.838909,68.245589
33.24,15.490218,15.490218,15.490218,72,66.98554,53.885825,68.356038
33.28,15.352438,15.352438,15.352438,72,67.029441,53.932656,68.466522
33.32,15.211183,15.211183,15.211183,72,67.07447,53.9794,68.577044
33.36,15.066514,15.066514,15.066514,72,67.120608,54.026055,68.687603
33.4,14.918489,14.918489,14.918489,72,67.167838,54.072619,68.7982
33.44,14.76717,14.76717,14.76717,72,67.216139,54.119089,68.908837
33.48,14.612618,14.612618,14.612618,72,67.265491,54.165465,69.019514
33.52,14.454893,14.454893,14.454893,72,67.315875,54.211743,69.130231
33.56,14.294058,14.294058,14.294058,72,67.367271,54.257922,69.24099
33.6,14.130175,14.130175,14.130175,72,67.41966,54.303999,69.351791
33.64,13.963308,13.963308,13.963308,72,67.47302,54.349973,69.462635
33.68,13.793519,13.793519,13.793519,72,67.527331,54.395842,69.573522
33.72,13.620873,13.620873,13.620873,72,67.582573,54.441605,69.684454
33.76,13.445434,13.445434,13.445434,72,67.638725,54.487258,69.79543
33.8,13.267267,13.267267,13.267267,72,67.695767,54.532801,69.906452
33.84,13.086437,13.086437,13.086437,72,67.753676,54.578232,70.01752
33.88,12.903009,12.903009,12.903009,72,67.812433,54.623548,70.128634
33.92,12.71705,12.71705,12.71705,72,67.872017,54.66875,70.239796
33.96,12.528625,12.528625,12.528625,72,67.932404,54.713834,70.351005
34,12.337801,12.337801,12.337801,72,67.993576,54.758799,70.462262
34.04,12.144645,12.144645,12.144645,72,68.055509,54.803644,70.573567
34.08,11.949223,11.949223,11.949223,72,68.118182,54.848367,70.684922
34.12,11.751604,11.751604,11.751604,72,68.181575,54.892967,70.796326
34.16,11.551854,11.551854,11.551854,72,68.245664,54.937442,70.907779
34.2,11.350041,11.350041,11.351854,72,68.310428,54.981792,71.019283
34.24,11.146234,11.146234,11.151854,72,68.375846,55.026014,71.130838
34.28,10.940499,10.940499,10.951854,72,68.441895,55.070107,71.242443
34.32,10.732906,10.732906,10.751854,72,68.508553,55.114071,71.3541
34.36,10.523523,10.523523,10.551854,72,68.575799,55.157903,71.465808
34.4,10.312418,10.312418,10.351854,72,68.64361,55.201603,71.577568
34.44,10.099659,10.099659,10.151854,72,68.711964,55.24517,71.68938
34.48,9.8853157,9.8853157,9.9518539,72,68.78084,55.288602,71.801245
34.52,9.6694562,9.6694562,9.7518539,72,68.850215,55.331899,71.913162
34.56,9.4521491,9.4521491,9.5518539,72,68.920066,55.37506,72.025131
34.6,9.2334633,9.2334633,9.3518539,72,68.990372,55.418083,72.137153
34.64,9.0134672,9.0134672,9.1518539,72,69.061111,55.460967,72.249229
34.68,8.7922296,8.7922296,8.9518539,72,69.132261,55.503713,72.361358
34.72,8.569819,8.569819,8.7518539,72,69.203799,55.546318,72.473539
34.76,8.3463039,8.3463039,8.5518539,72,69.275703,55.588783,72.585775
34.8,8.1217527,8.1217527,8.3518539,72,69.347951,55.631106,72.698064
34.84,7.8962338,7.8962338,8.1518539,72,69.420522,55.673286,72.810406
34.88,7.6698153,7.6698153,7.9518539,72,69.493392,55.715324,72.922802
34.92,7.4425653,7.4425653,7.7518539,72,69.566541,55.757219,73.035251
34.96,7.2145517,7.2145517,7.5518539,72,69.639947,55.798969,73.147754
35,6.9858421,6.9858421,7.3518539,72,69.713586,55.840574,73.26031
35.04,6.7565042,6.7565042,7.1518539,72,69.787439,55.882035,73.372921
35.08,6.5266052,6.5266052,6.9518539,72,69.861482,55.92335,73.485584
35.12,6.2962122,6.2962122,6.7518539,72,69.935694,55.964519,73.598301
35.16,6.0653921,6.0653921,6.5518539,72,70.010054,56.005541,73.711071
35.2,5.8342113,5.8342113,6.3518539,72,70.084541,56.046417,73.823895
35.24,5.6027361,5.6027361,6.1518539,72,70.159132,56.087146,73.936772
35.28,5.3710327,5.3710327,5.9518539,72,70.233806,56.127728,74.049701
35.32,5.1391665,5.1391665,5.7518539,72,70.308543,56.168163,74.162684
35.36,4.907203,4.907203,5.5518539,72,70.38332,56.20845,74.275719
35.4,4.6752071,4.6752071,5.3518539,72,70.458118,56.248589,74.388807
35.44,4.4432435,4.4432435,5.1518539,72,70.532915,56.288581,74.501947
35.48,4.2113764,4.2113764,4.9518539,72,70.607691,56.328425,74.615139
35.52,3.9796697,3.9796697,4.7518539,72,70.682424,56.368122,74.728383
35.56,3.7481868,3.7481868,4.5518539,72,70.757094,56.407671,74.841678
35.6,3.5169907,3.5169907,4.3518539,72,70.831682,56.447072,74.955025
35.64,3.2861439,3.2861439,4.1518539,72,70.906166,56.486326,75.068423
35.68,3.0557087,3.0557087,3.9518539,72,70.980526,56.525433,75.181872
35.72,2.8257466,2.8257466,3.7518539,72,71.054743,56.564393,75.295372
35.76,2.5963188,2.5963188,3.5518539,72,71.128797,56.603206,75.408921
35.8,2.367486,2.367486,3.3518539,72,71.202668,56.641872,75.522521
35.84,2.1393083,2.1393083,3.1518539,72,71.276337,56.680393,75.636171
35.88,1.9118454,1.9118454,2.9518539,72,71.349784,56.718767,75.749869
35.92,1.6851562,1.6851562,2.7518539,72,71.422991,56.756997,75.863617
35.96,1.4592994,1.4592994,2.5518539,72,71.495938,56.795082,75.977413
36,1.2343329,1.2343329,2.3518539,72,71.568606,56.833022,76.091257
36.04,1.0103141,1.0103141,2.1518539,72,71.640977,56.870818,76.205149
36.08,0.78729973,0.78729973,1.9518539,72,71.713033,56.908471,76.319089
36.12,0.56534602,0.56534602,1.7518539,72,71.784755,56.945982,76.433076
36.16,0.34450852,0.34450852,1.5518539,72,71.856126,56.98335,76.547109
36.2,0.12484218,0.12484218,1.3518539,72,71.927127,57.020578,76.661188
36.24,-0.093598722,-0.093598722,1.1518539,72,71.997741,57.057664,76.775314
36.28,-0.31076053,-0.31076053,0.95185393,72,72.067951,57.094611,76.889484
36.32,-0.52659026,-0.52659026,0.75185393,72,72.137739,57.131418,77.0037
36.36,-0.74103562,-0.74103562,0.55185393,72,72.207088,57.168088,77.11796
36.4,-0.95404497,-0.95404497,0.35185393,72,72.275982,57.20462,77.232264
36.44,-1.1655674,-1.1655674,0.15185393,72,72.344404,57.241015,77.346612
36.48,-1.3755527,-1.3755527,-0.048146072,72,72.412338,57.277275,77.461003
36.52,-1.5839513,-1.5839513,-0.24814607,72,72.479768,57.3134,77.575436
36.56,-1.7907144,-1.7907144,-0.44814607,72,72.546678,57.349391,77.689911
36.6,-1.9957941,-1.9957941,-0.64814607,72,72.613052,57.38525,77.804428
36.64,-2.199143,-2.199143,-0.84814607,72,72.678875,57.420977,77.918986
36.68,-2.4007145,-2.4007145,-1.0481461,72,72.744131,57.456574,78.033585
36.72,-2.6004629,-2.6004629,-1.2481461,72,72.808807,57.492041,78.148224
36.76,-2.7983431,-2.7983431,-1.4481461,72,72.872887,57.52738,78.262902
36.8,-2.9943109,-2.9943109,-1.6481461,72,72.936357,57.562592,78.37762
36.84,-3.1883228,-3.1883228,-1.8481461,72,72.999203,57.597679,78.492376
36.88,-3.3803362,-3.3803362,-2.0481461,72,73.061411,57.63264,78.60717
36.92,-3.5703091,-3.5703091,-2.2481461,72,73.122967,57.667479,78.722002
36.96,-3.7582006,-3.7582006,-2.4481461,72,73.183858,57.702195,78.83687
37,-3.9439704,-3.9439704,-2.6481461,72,73.244071,57.73679,78.951775
37.04,-4.127579,-4.127579,-2.8481461,72,73.303593,57.771266,79.066716
37.08,-4.3089878,-4.3089878,-3.0481461,72,73.362412,57.805624,79.181692
37.12,-4.4881592,-4.4881592,-3.2481461,72,73.420514,57.839866,79.296703
37.16,-4.665056,-4.665056,-3.4481461,72,73.477889,57.873992,79.411749
37.2,-4.8396424,-4.8396424,-3.6481461,72,73.534524,57.908004,79.526827
37.24,-5.011883,-5.011883,-3.8481461,72,73.590408,57.941905,79.641939
37.28,-5.1817433,-5.1817433,-4.0481461,72,73.64553,57.975694,79.757084
37.32,-5.3491901,-5.3491901,-4.2481461,72,73.699878,58.009374,79.872261
37.36,-5.5141904,-5.5141904,-4.4481461,72,73.753443,58.042947,79.987469
37.4,-5.6767126,-5.6767126,-4.6481461,72,73.806213,58.076413,80.102707
37.44,-5.8367257,-5.8367257,-4.8481461,72,73.858179,58.109775,80.217977
37.48,-5.9941997,-5.9941997,-5.0481461,72,73.90933,58.143034,80.333276
37.52,-6.1491054,-6.1491054,-5.2481461,72,73.959658,58.176192,80.448604
37.56,-6.3014145,-6.3014145,-5.4481461,72,74.009153,58.20925,80.56396
37.6,-6.4510996,-6.4510996,-5.6481461,72,74.057805,58.24221,80.679345
37.64,-6.5981341,-6.5981341,-5.8481461,72,74.105607,58.275074,80.794757
37.68,-6.7424925,-6.7424925,-6.0481461,72,74.15255,58.307843,80.910196
37.72,-6.88415,-6.88415,-6.2481461,72,74.198626,58.34052,81.025662
37.76,-7.0230827,-7.0230827,-6.4481461,72,74.243827,58.373105,81.141153
37.8,-7.1592677,-7.1592677,-6.6481461,72,74.288145,58.405601,81.256669
37.84,-7.2926829,-7.2926829,-6.8481461,72,74.331574,58.438009,81.37221
37.88,-7.4233071,-7.4233071,-7.0481461,72,74.374106,58.470332,81.487775
37.92,-7.5511202,-7.5511202,-7.2481461,72,74.415734,58.50257,81.603363
37.96,-7.6761026,-7.6761026,-7.4481461,72,74.456452,58.534727,81.718974
38,-7.7982359,-7.7982359,-7.6481461,72,74.496255,58.566803,81.834608
38.04,-7.9175026,-7.9175026,-7.8481461,72,74.535136,58.598801,81.950263
38.08,-8.0338859,-8.0338859,-8.0338859,72,74.57309,58.630722,82.06594
38.12,-8.1473701,-8.1473701,-8.1473701,72,74.610111,58.662568,82.181637
38.16,-8.2579403,-8.2579403,-8.2579403,72,74.646195,58.694342,82.297354
38.2,-8.3655825,-8.3655825,-8.3655825,72,74.681337,58.726044,82.41309
38.24,-8.4702835,-8.4702835,-8.4702835,72,74.715533,58.757677,82.528846
38.28,-8.5720312,-8.5720312,-8.5720312,72,74.748778,58.789244,82.64462
38.32,-8.6708143,-8.6708143,-8.6708143,72,74.781069,58.820745,82.760411
38.36,-8.7666223,-8.7666223,-8.7666223,72,74.812402,58.852182,82.87622
38.4,-8.8594457,-8.8594457,-8.8594457,72,74.842774,58.883559,82.992046
38.44,-8.9492758,-8.9492758,-8.9492758,72,74.872183,58.914875,83.107887
38.48,-9.0361048,-9.0361048,-9.0361048,72,74.900625,58.946135,83.223744
38.52,-9.1199259,-9.1199259,-9.1199259,72,74.928098,58.977338,83.339616
38.56,-9.2007329,-9.2007329,-9.2007329,72,74.9546,59.008488,83.455503
38.6,-9.2785208,-9.2785208,-9.2785208,72,74.98013,59.039587,83.571403
38.64,-9.3532853,-9.3532853,-9.3532853,72,75.004685,59.070636,83.687317
38.68,-9.425023,-9.425023,-9.425023,72,75.028265,59.101637,83.803243
38.72,-9.4937312,-9.4937312,-9.4937312,72,75.050869,59.132592,83.919182
38.76,-9.5594082,-9.5594082,-9.5594082,72,75.072495,59.163504,84.035132
38.8,-9.6220533,-9.6220533,-9.6220533,72,75.093144,59.194374,84.151093
38.84,-9.6816665,-9.6816665,-9.6816665,72,75.112815,59.225204,84.267065
38.88,-9.7382484,-9.7382484,-9.7382484,72,75.131509,59.255996,84.383047
38.92,-9.7918009,-9.7918009,-9.7918009,72,75.149226,59.286752,84.499039
38.96,-9.8423264,-9.8423264,-9.8423264,72,75.165966,59.317474,84.61504
39,-9.8898283,-9.8898283,-9.8898283,72,75.181732,59.348165,84.731049
39.04,-9.9343106,-9.9343106,-9.9343106,72,75.196522,59.378825,84.847066
39.08,-9.9757785,-9.9757785,-9.9757785,72,75.210341,59.409458,84.96309
39.12,-10.014238,-10.014238,-10.014238,72,75.223188,59.440065,85.079121
39.16,-10.049694,-10.049694,-10.049694,72,75.235066,59.470647,85.195159
39.2,-10.082157,-10.082157,-10.082157,72,75.245978,59.501207,85.311202
39.24,-10.111632,-10.111632,-10.111632,72,75.255925,59.531748,85.427251
39.28,-10.13813,-10.13813,-10.13813,72,75.264911,59.56227,85.543304
39.32,-10.16166,-10.16166,-10.16166,72,75.272938,59.592775,85.659362
39.36,-10.182232,-10.182232,-10.182232,72,75.28001,59.623267,85.775423
39.4,-10.199858,-10.199858,-10.199858,72,75.286131,59.653746,85.891488
39.44,-10.21455,-10.21455,-10.21455,72,75.291304,59.684215,86.007556
39.48,-10.22632,-10.22632,-10.22632,72,75.295533,59.714675,86.123625
39.52,-10.235183,-10.235183,-10.235183,72,75.298822,59.745128,86.239697
39.56,-10.241151,-10.241151,-10.241151,72,75.301177,59.775576,86.35577
39.6,-10.244241,-10.244241,-10.244241,72,75.3026,59.806022,86.471843
39.64,-10.244468,-10.244468,-10.244468,72,75.303099,59.836467,86.587917
39.68,-10.241848,-10.241848,-10.241848,72,75.302676,59.866912,86.703991
39.72,-10.236398,-10.236398,-10.236398,72,75.301339,59.897361,86.820063
39.76,-10.228136,-10.228136,-10.228136,72,75.299093,59.927813,86.936135
39.8,-10.21708,-10.21708,-10.21708,72,75.295943,59.958273,87.052205
39.84,-10.20325,-10.20325,-10.20325,72,75.291896,59.98874,87.168273
39.88,-10.186666,-10.186666,-10.186666,72,75.286958,60.019217,87.284338
39.92,-10.167347,-10.167347,-10.167347,72,75.281135,60.049706,87.4004
39.96,-10.145315,-10.145315,-10.145315,72,75.274434,60.080209,87.516459
40,-10.120591,-10.120591,-10.120591,72,75.266862,60.110727,87.632513
40.04,-10.093198,-10.093198,-10.093198,72,75.258426,60.141262,87.748563
40.08,-10.063158,-10.063158,-10.063158,72,75.249133,60.171816,87.864608
40.12,-10.030496,-10.030496,-10.030496,72,75.238991,60.202391,87.980648
40.16,-9.9952351,-9.9952351,-9.9952351,72,75.228008,60.232988,88.096682
40.2,-9.9574001,-9.9574001,-9.9574001,72,75.216191,60.263608,88.212709
40.24,-9.9170165,-9.9170165,-9.9170165,72,75.203549,60.294255,88.32873
40.28,-9.8741099,-9.8741099,-9.8741099,72,75.190089,60.324928,88.444743
40.32,-9.8287069,-9.8287069,-9.8287069,72,75.17582,60.355631,88.560749
40.36,-9.7808342,-9.7808342,-9.7808342,72,75.160751,60.386364,88.676747
40.4,-9.7305195,-9.7305195,-9.7305195,72,75.144891,60.417129,88.792736
40.44,-9.6777907,-9.6777907,-9.6777907,72,75.128248,60.447928,88.908717
40.48,-9.6226762,-9.6226762,-9.6226762,72,75.110832,60.478762,89.024688
40.52,-9.5652051,-9.5652051,-9.5652051,72,75.092651,60.509632,89.140649
40.56,-9.5054069,-9.5054069,-9.5054069,72,75.073716,60.540541,89.2566
40.6,-9.4433115,-9.4433115,-9.4433115,72,75.054036,60.57149,89.37254
40.64,-9.3789493,-9.3789493,-9.3789493,72,75.03362,60.602481,89.488469
40.68,-9.3123512,-9.3123512,-9.3123512,72,75.012479,60.633514,89.604387
40.72,-9.2435486,-9.2435486,-9.2435486,72,74.990622,60.664591,89.720293
40.76,-9.1725732,-9.1725732,-9.1725732,72,74.96806,60.695714,89.836187
40.8,-9.0994572,-9.0994572,-9.0994572,72,74.944803,60.726884,89.952068
40.84,-9.0242331,-9.0242331,-9.0242331,72,74.920862,60.758102,90.067936
40.88,-8.946934,-8.946934,-8.946934,72,74.896246,60.78937,90.183791
40.92,-8.8675932,-8.8675932,-8.8675932,72,74.870967,60.82069,90.299632
40.96,-8.7862445,-8.7862445,-8.7862445,72,74.845036,60.852061,90.415458
41,-8.7029219,-8.7029219,-8.7029219,72,74.818464,60.883487,90.53127
41.04,-8.6176601,-8.6176601,-8.6176601,72,74.79126,60.914967,90.647068
41.08,-8.5304937,-8.5304937,-8.5304937,72,74.763438,60.946504,90.76285
41.12,-8.4414579,-8.4414579,-8.4414579,72,74.735008,60.978098,90.878616
41.16,-8.3505881,-8.3505881,-8.3505881,72,74.705981,61.00975,90.994366
41.2,-8.2579202,-8.2579202,-8.2579202,72,74.676369,61.041463,91.1101
41.24,-8.1634902,-8.1634902,-8.1634902,72,74.646184,61.073236,91.225817
41.28,-8.0673344,-8.0673344,-8.0673344,72,74.615436,61.105072,91.341517
41.32,-7.9694893,-7.9694893,-7.9694893,72,74.584139,61.136971,91.4572
41.36,-7.869992,-7.869992,-7.869992,72,74.552303,61.168934,91.572864
41.4,-7.7688795,-7.7688795,-7.7688795,72,74.519941,61.200962,91.688511
41.44,-7.6661891,-7.6661891,-7.6661891,72,74.487065,61.233057,91.80414
41.48,-7.5619584,-7.5619584,-7.5619584,72,74.453687,61.265219,91.919749
41.52,-7.4562253,-7.4562253,-7.4562253,72,74.419818,61.297449,92.03534
41.56,-7.3490277,-7.3490277,-7.3490277,72,74.385472,61.329749,92.150911
41.6,-7.2404037,-7.2404037,-7.2404037,72,74.35066,61.362119,92.266463
41.64,-7.1303918,-7.1303918,-7.1303918,72,74.315395,61.39456,92.381995
41.68,-7.0190304,-7.0190304,-7.0190304,72,74.279689,61.427073,92.497506
41.72,-6.9063582,-6.9063582,-6.9063582,72,74.243554,61.459659,92.612997
41.76,-6.7924141,-6.7924141,-6.7924141,72,74.207004,61.492318,92.728467
41.8,-6.677237,-6.677237,-6.677237,72,74.170051,61.525052,92.843916
41.84,-6.5608659,-6.5608659,-6.5608659,72,74.132706,61.557861,92.959344
41.88,-6.44334,-6.44334,-6.44334,72,74.094984,61.590746,93.07475
41.92,-6.3246986,-6.3246986,-6.3246986,72,74.056896,61.623708,93.190134
41.96,-6.2049811,-6.2049811,-6.2049811,72,74.018455,61.656748,93.305496
42,-6.0842268,-6.0842268,-6.0842268,72,73.979674,61.689865,93.420836
42.04,-5.9624753,-5.9624753,-5.9624753,72,73.940566,61.723061,93.536153
42.08,-5.8397661,-5.8397661,-5.8397661,72,73.901143,61.756337,93.651447
42.12,-5.7161387,-5.7161387,-5.7161387,72,73.861418,61.789692,93.766718
42.16,-5.5916329,-5.5916329,-5.5916329,72,73.821404,61.823128,93.881966
42.2,-5.4662881,-5.4662881,-5.4662881,72,73.781113,61.856645,93.99719
42.24,-5.3401441,-5.3401441,-5.3401441,72,73.740559,61.890243,94.112391
42.28,-5.2132404,-5.2132404,-5.2132404,72,73.699754,61.923924,94.227567
42.32,-5.0856166,-5.0856166,-5.0856166,72,73.658711,61.957687,94.34272
42.36,-4.9573124,-4.9573124,-4.9573124,72,73.617443,61.991533,94.457848
42.4,-4.8283673,-4.8283673,-4.8283673,72,73.575963,62.025462,94.572951
42.44,-4.6988208,-4.6988208,-4.6988208,72,73.534282,62.059475,94.68803
42.48,-4.5687122,-4.5687122,-4.5687122,72,73.492415,62.093572,94.803084
42.52,-4.4380811,-4.4380811,-4.4380811,72,73.450373,62.127754,94.918112
42.56,-4.3069665,-4.3069665,-4.3069665,72,73.408169,62.16202,95.033116
42.6,-4.1754078,-4.1754078,-4.1754078,72,73.365816,62.196371,95.148094
42.64,-4.0434441,-4.0434441,-4.0434441,72,73.323327,62.230807,95.263047
42.68,-3.9111142,-3.9111142,-3.9111142,72,73.280715,62.265329,95.377974
42.72,-3.7784571,-3.7784571,-3.7784571,72,73.23799,62.299937,95.492875
42.76,-3.6455115,-3.6455115,-3.6455115,72,73.195167,62.334631,95.607751
42.8,-3.512316,-3.512316,-3.512316,72,73.152258,62.36941,95.7226
42.84,-3.378909,-3.378909,-3.378909,72,73.109275,62.404276,95.837423
42.88,-3.2453287,-3.2453287,-3.2453287,72,73.06623,62.439228,95.95222
42.92,-3.1116133,-3.1116133,-3.1116133,72,73.023137,62.474266,96.066991
42.96,-2.9778007,-2.9778007,-2.9778007,72,72.980006,62.509391,96.181736
43,-2.8439286,-2.8439286,-2.8439286,72,72.93685,62.544602,96.296453
43.04,-2.7100345,-2.7100345,-2.7100345,72,72.893682,62.579899,96.411145
43.08,-2.5761558,-2.5761558,-2.5761558,72,72.850513,62.615283,96.525809
43.12,-2.4423295,-2.4423295,-2.4423295,72,72.807355,62.650753,96.640447
43.16,-2.3085925,-2.3085925,-2.3085925,72,72.764221,62.68631,96.755058
43.2,-2.1749815,-2.1749815,-2.1749815,72,72.721122,62.721953,96.869643
43.24,-2.0415328,-2.0415328,-2.0415328,72,72.67807,62.757681,96.984201
43.28,-1.9082827,-1.9082827,-1.9082827,72,72.635077,62.793496,97.098731
43.32,-1.7752668,-1.7752668,-1.7752668,72,72.592153,62.829397,97.213235
43.36,-1.6425209,-1.6425209,-1.6425209,72,72.549312,62.865383,97.327712
43.4,-1.5100803,-1.5100803,-1.5100803,72,72.506564,62.901455,97.442162
43.44,-1.37798,-1.37798,-1.37798,72,72.46392,62.937611,97.556586
43.48,-1.2462547,-1.2462547,-1.2462547,72,72.421392,62.973853,97.670982
43.52,-1.114939,-1.114939,-1.114939,72,72.378991,63.010179,97.785352
43.56,-0.98406679,-0.98406679,-0.98406679,72,72.336728,63.04659,97.899694
43.6,-0.85367205,-0.85367205,-0.85367205,72,72.294614,63.083085,98.01401
43.64,-0.7237882,-0.7237882,-0.7237882,72,72.252659,63.119663,98.1283
43.68,-0.5944484,-0.5944484,-0.5944484,72,72.210875,63.156325,98.242562
43.72,-0.46568545,-0.46568545,-0.46568545,72,72.169272,63.19307,98.356798
43.76,-0.3375318,-0.3375318,-0.3375318,72,72.127861,63.229897,98.471007
43.8,-0.21001956,-0.21001956,-0.21001956,72,72.086652,63.266806,98.58519
43.84,-0.083180456,-0.083180456,-0.083180456,72,72.045655,63.303797,98.699346
43.88,0.042954133,0.042954133,0.042954133,72,72.004881,63.34087,98.813476
43.92,0.16835321,0.16835321,0.16835321,72,71.964339,63.378023,98.92758
43.96,0.29298618,0.29298618,0.29298618,72,71.92404,63.415256,99.041657
44,0.4168228,0.4168228,0.4168228,72,71.883993,63.452569,99.155709
44.04,0.53983326,0.53983326,0.53983326,72,71.844208,63.489961,99.269734
44.08,0.66198811,0.66198811,0.66198811,72,71.804694,63.527432,99.383734
44.12,0.78325835,0.78325835,0.78325835,72,71.765462,63.564981,99.497708
44.16,0.90361536,0.90361536,0.90361536,72,71.726519,63.602607,99.611657
44.2,1.0230309,1.0230309,1.0230309,72,71.687876,63.640311,99.72558
44.24,1.1414773,1.1414773,1.1414773,72,71.649542,63.67809,99.839477
44.28,1.2589272,1.2589272,1.2589272,72,71.611524,63.715945,99.95335
44.32,1.3753537,1.3753537,1.3753537,72,71.573833,63.753875,100.0672
44.36,1.4907302,1.4907302,1.4907302,72,71.536476,63.791879,100.18102
44.4,1.6050308,1.6050308,1.6050308,72,71.499462,63.829957,100.29482
44.44,1.7182299,1.7182299,1.7182299,72,71.4628,63.868107,100.40859
44.48,1.8303024,1.8303024,1.8303024,72,71.426497,63.90633,100.52234
44.52,1.9412236,1.9412236,1.9412236,72,71.390561,63.944623,100.63607
44.56,2.0509693,2.0509693,2.0509693,72,71.355001,63.982988,100.74977
44.6,2.1595157,2.1595157,2.1595157,72,71.319825,64.021422,100.86345
44.64,2.2668397,2.2668397,2.2668397,72,71.285038,64.059925,100.97711
44.68,2.3729183,2.3729183,2.3729183,72,71.25065,64.098497,101.09074
44.72,2.4777293,2.4777293,2.4777293,72,71.216668,64.137136,101.20435
44.76,2.5812509,2.5812509,2.5812509,72,71.183098,64.175841,101.31793
44.8,2.6834616,2.6834616,2.6834616,72,71.149947,64.214612,101.4315
44.84,2.7843406,2.7843406,2.7843406,72,71.117223,64.253448,101.54504
44.88,2.8838676,2.8838676,2.8838676,72,71.084932,64.292348,101.65856
44.92,2.9820226,2.9820226,2.9820226,72,71.05308,64.331311,101.77206
44.96,3.0787862,3.0787862,3.0787862,72,71.021674,64.370336,101.88553
45,3.1741396,3.1741396,3.1741396,72,70.990719,64.409423,101.99899
45.04,3.2680643,3.2680643,3.2680643,72,70.960223,64.44857,102.11243
45.08,3.3605425,3.3605425,3.3605425,72,70.93019,64.487776,102.22584
45.12,3.4515568,3.4515568,3.4515568,72,70.900627,64.527041,102.33923
45.16,3.5410903,3.5410903,3.5410903,72,70.871539,64.566364,102.45261
45.2,3.6291265,3.6291265,3.6291265,72,70.842931,64.605743,102.56596
45.24,3.7156498,3.7156498,3.7156498,72,70.814809,64.645177,102.6793
45.28,3.8006446,3.8006446,3.8006446,72,70.787177,64.684667,102.79261
45.32,3.8840962,3.8840962,3.8840962,72,70.76004,64.72421,102.90591
45.36,3.9659902,3.9659902,3.9659902,72,70.733404,64.763805,103.01919
45.4,4.0463128,4.0463128,4.0463128,72,70.707272,64.803453,103.13245
45.44,4.1250508,4.1250508,4.1250508,72,70.681649,64.843151,103.2457
45.48,4.2021913,4.2021913,4.2021913,72,70.656539,64.882898,103.35892
45.52,4.277722,4.277722,4.277722,72,70.631947,64.922695,103.47213
45.56,4.3516314,4.3516314,4.3516314,72,70.607875,64.962538,103.58532
45.6,4.423908,4.423908,4.423908,72,70.584329,65.002429,103.6985
45.64,4.4945412,4.4945412,4.4945412,72,70.56131,65.042364,103.81166
45.68,4.5635208,4.5635208,4.5635208,72,70.538824,65.082345,103.9248
45.72,4.6308372,4.6308372,4.6308372,72,70.516872,65.122368,104.03793
45.76,4.6964811,4.6964811,4.6964811,72,70.495458,65.162434,104.15105
45.8,4.760444,4.760444,4.760444,72,70.474584,65.202541,104.26414
45.84,4.8227177,4.8227177,4.8227177,72,70.454255,65.242688,104.37723
45.88,4.8832946,4.8832946,4.8832946,72,70.434471,65.282874,104.4903
45.92,4.9421676,4.9421676,4.9421676,72,70.415235,65.323098,104.60336
45.96,4.9993301,4.9993301,4.9993301,72,70.39655,65.363359,104.7164
46,5.0547761,5.0547761,5.0547761,72,70.378418,65.403656,104.82943
46.04,5.1085001,5.1085001,5.1085001,72,70.36084,65.443988,104.94245
46.08,5.1604969,5.1604969,5.1604969,72,70.343818,65.484353,105.05546
46.12,5.210762,5.210762,5.210762,72,70.327354,65.52475,105.16846
46.16,5.2592915,5.2592915,5.2592915,72,70.311449,65.565179,105.28144
46.2,5.3060817,5.3060817,5.3060817,72,70.296104,65.605638,105.39442
46.24,5.3511297,5.3511297,5.3511297,72,70.28132,65.646126,105.50738
46.28,5.394433,5.394433,5.394433,72,70.267099,65.686643,105.62033
46.32,5.4359895,5.4359895,5.4359895,72,70.25344,65.727186,105.73328
46.36,5.4757977,5.4757977,5.4757977,72,70.240345,65.767755,105.84621
46.4,5.5138566,5.5138566,5.5138566,72,70.227814,65.808349,105.95914
46.44,5.5501656,5.5501656,5.5501656,72,70.215847,65.848966,106.07205
46.48,5.5847247,5.5847247,5.5847247,72,70.204445,65.889606,106.18496
46.52,5.6175344,5.6175344,5.6175344,72,70.193606,65.930267,106.29786
46.56,5.6485955,5.6485955,5.6485955,72,70.183331,65.970948,106.41076
46.6,5.6779095,5.6779095,5.6779095,72,70.17362,66.011649,106.52364
46.64,5.7054782,5.7054782,5.7054782,72,70.164472,66.052367,106.63652
46.68,5.7313041,5.7313041,5.7313041,72,70.155886,66.093103,106.7494
46.72,5.7553898,5.7553898,5.7553898,72,70.147862,66.133854,106.86227
46.76,5.7777388,5.7777388,5.7777388,72,70.140398,66.17462,106.97513
46.8,5.7983547,5.7983547,5.7983547,72,70.133493,66.2154,107.08799
46.84,5.8172418,5.8172418,5.8172418,72,70.127147,66.256192,107.20084
46.88,5.8344048,5.8344048,5.8344048,72,70.121357,66.296995,107.31369
46.92,5.8498488,5.8498488,5.8498488,72,70.116122,66.337809,107.42654
46.96,5.8635793,5.8635793,5.8635793,72,70.11144,66.378632,107.53938
47,5.8756024,5.8756024,5.8756024,72,70.10731,66.419463,107.65222
47.04,5.8859245,5.8859245,5.8859245,72,70.103729,66.460301,107.76506
47.08,5.8945525,5.8945525,5.8945525,72,70.100696,66.501146,107.87789
47.12,5.9014937,5.9014937,5.9014937,72,70.098207,66.541995,107.99073
47.16,5.9067559,5.9067559,5.9067559,72,70.096261,66.582848,108.10356
47.2,5.9103473,5.9103473,5.9103473,72,70.094855,66.623703,108.21639
47.24,5.9122764,5.9122764,5.9122764,72,70.093986,66.664561,108.32922
47.28,5.9125523,5.9125523,5.9125523,72,70.093652,66.705419,108.44205
47.32,5.9111843,5.9111843,5.9111843,72,70.093849,66.746276,108.55488
47.36,5.9081823,5.9081823,5.9081823,72,70.094574,66.787133,108.66771
47.4,5.9035564,5.9035564,5.9035564,72,70.095825,66.827986,108.78054
47.44,5.8973173,5.8973173,5.8973173,72,70.097597,66.868837,108.89337
47.48,5.8894759,5.8894759,5.8894759,72,70.099887,66.909682,109.00621
47.52,5.8800437,5.8800437,5.8800437,72,70.102692,66.950523,109.11905
47.56,5.8690323,5.8690323,5.8690323,72,70.106008,66.991356,109.23188
47.6,5.8564539,5.8564539,5.8564539,72,70.109831,67.032182,109.34473
47.64,5.842321,5.842321,5.842321,72,70.114157,67.073,109.45757
47.68,5.8266464,5.8266464,5.8266464,72,70.118982,67.113808,109.57042
47.72,5.8094433,5.8094433,5.8094433,72,70.124302,67.154606,109.68327
47.76,5.7907253,5.7907253,5.7907253,72,70.130112,67.195392,109.79613
47.8,5.7705062,5.7705062,5.7705062,72,70.136408,67.236166,109.90899
47.84,5.7488002,5.7488002,5.7488002,72,70.143186,67.276927,110.02185
47.88,5.7256221,5.7256221,5.7256221,72,70.150441,67.317673,110.13472
47.92,5.7009865,5.7009865,5.7009865,72,70.158168,67.358404,110.2476
47.96,5.6749087,5.6749087,5.6749087,72,70.166362,67.399119,110.36048
48,5.6474043,5.6474043,5.6474043,72,70.175018,67.439816,110.47337
48.04,5.618489,5.618489,5.618489,72,70.184132,67.480496,110.58626
48.08,5.588179,5.588179,5.588179,72,70.193698,67.521157,110.69916
48.12,5.5564907,5.5564907,5.5564907,72,70.20371,67.561798,110.81207
48.16,5.5234408,5.5234408,5.5234408,72,70.214165,67.602419,110.92499
48.2,5.4890464,5.4890464,5.4890464,72,70.225055,67.643018,111.03791
48.24,5.4533245,5.4533245,5.4533245,72,70.236375,67.683595,111.15084
48.28,5.4162929,5.4162929,5.4162929,72,70.248121,67.724149,111.26378
48.32,5.3779693,5.3779693,5.3779693,72,70.260286,67.764678,111.37673
48.36,5.3383718,5.3383718,5.3383718,72,70.272864,67.805183,111.48969
48.4,5.2975186,5.2975186,5.2975186,72,70.28585,67.845663,111.60266
48.44,5.2554284,5.2554284,5.2554284,72,70.299238,67.886116,111.71563
48.48,5.2121198,5.2121198,5.2121198,72,70.313021,67.926541,111.82862
48.52,5.167612,5.167612,5.167612,72,70.327193,67.966939,111.94161
48.56,5.1219241,5.1219241,5.1219241,72,70.341749,68.007308,112.05462
48.6,5.0750756,5.0750756,5.0750756,72,70.356682,68.047648,112.16764
48.64,5.0270863,5.0270863,5.0270863,72,70.371986,68.087957,112.28066
48.68,4.9779759,4.9779759,4.9779759,72,70.387654,68.128236,112.3937
48.72,4.9277646,4.9277646,4.9277646,72,70.403681,68.168483,112.50675
48.76,4.8764725,4.8764725,4.8764725,72,70.420058,68.208698,112.61981
48.8,4.8241203,4.8241203,4.8241203,72,70.436781,68.248879,112.73288
48.84,4.7707283,4.7707283,4.7707283,72,70.453842,68.289027,112.84597
48.88,4.7163176,4.7163176,4.7163176,72,70.471234,68.329141,112.95907
48.92,4.660909,4.660909,4.660909,72,70.488951,68.369219,113.07217
48.96,4.6045236,4.6045236,4.6045236,72,70.506987,68.409262,113.1853
49,4.5471827,4.5471827,4.5471827,72,70.525333,68.449269,113.29843
49.04,4.4889077,4.4889077,4.4889077,72,70.543984,68.489239,113.41158
49.08,4.4297202,4.4297202,4.4297202,72,70.562932,68.529172,113.52474
49.12,4.3696418,4.3696418,4.3696418,72,70.582171,68.569066,113.63791
49.16,4.3086944,4.3086944,4.3086944,72,70.601694,68.608922,113.7511
49.2,4.2468998,4.2468998,4.2468998,72,70.621492,68.648739,113.8643
49.24,4.1842801,4.1842801,4.1842801,72,70.64156,68.688516,113.97752
49.28,4.1208573,4.1208573,4.1208573,72,70.66189,68.728253,114.09075
49.32,4.0566538,4.0566538,4.0566538,72,70.682476,68.76795,114.20399
49.36,3.9916918,3.9916918,3.9916918,72,70.703309,68.807605,114.31725
49.4,3.9259937,3.9259937,3.9259937,72,70.724383,68.847218,114.43052
49.44,3.8595821,3.8595821,3.8595821,72,70.74569,68.88679,114.54381
49.48,3.7924793,3.7924793,3.7924793,72,70.767223,68.926319,114.65711
49.52,3.7247081,3.7247081,3.7247081,72,70.788975,68.965804,114.77043
49.56,3.6562911,3.6562911,3.6562911,72,70.810939,69.005247,114.88376
49.6,3.587251,3.587251,3.587251,72,70.833107,69.044645,114.99711
49.64,3.5176106,3.5176106,3.5176106,72,70.855472,69.084,115.11048
49.68,3.4473926,3.4473926,3.4473926,72,70.878027,69.123309,115.22385
49.72,3.3766198,3.3766198,3.3766198,72,70.900764,69.162574,115.33725
49.76,3.3053152,3.3053152,3.3053152,72,70.923676,69.201793,115.45066
49.8,3.2335015,3.2335015,3.2335015,72,70.946755,69.240967,115.56409
49.84,3.1612016,3.1612016,3.1612016,72,70.969995,69.280094,115.67753
49.88,3.0884385,3.0884385,3.0884385,72,70.993387,69.319176,115.79098
49.92,3.0152349,3.0152349,3.0152349,72,71.016925,69.35821,115.90446
49.96,2.9416137,2.9416137,2.9416137,72,71.0406,69.397198,116.01795
50,2.8675978,2.8675978,2.8675978,72,71.064407,69.436139,116.13145
50.04,2.79321,2.79321,2.79321,72,71.088337,69.475032,116.24498
50.08,2.718473,2.718473,2.718473,72,71.112382,69.513877,116.35852
50.12,2.6434098,2.6434098,2.6434098,72,71.136536,69.552675,116.47207
50.16,2.5680428,2.5680428,2.5680428,72,71.160792,69.591425,116.58564
50.2,2.492395,2.492395,2.492395,72,71.185141,69.630126,116.69923
50.24,2.4164888,2.4164888,2.4164888,72,71.209578,69.668779,116.81283
50.28,2.3403468,2.3403468,2.3403468,72,71.234093,69.707383,116.92645
50.32,2.2639916,2.2639916,2.2639916,72,71.258681,69.745939,117.04009
50.36,2.1874455,2.1874455,2.1874455,72,71.283333,69.784445,117.15375
50.4,2.110731,2.110731,2.110731,72,71.308043,69.822903,117.26742
50.44,2.0338702,2.0338702,2.0338702,72,71.332804,69.861311,117.3811
50.48,1.9568855,1.9568855,1.9568855,72,71.357608,69.899671,117.49481
50.52,1.8797988,1.8797988,1.8797988,72,71.382448,69.937981,117.60853
50.56,1.8026322,1.8026322,1.8026322,72,71.407317,69.976241,117.72227
50.6,1.7254076,1.7254076,1.7254076,72,71.432208,70.014452,117.83602
50.64,1.6481467,1.6481467,1.6481467,72,71.457114,70.052614,117.94979
50.68,1.5708713,1.5708713,1.5708713,72,71.482027,70.090726,118.06358
50.72,1.4936028,1.4936028,1.4936028,72,71.506942,70.128789,118.17738
50.76,1.4163627,1.4163627,1.4163627,72,71.531851,70.166802,118.2912
50.8,1.3391723,1.3391723,1.3391723,72,71.556747,70.204766,118.40504
50.84,1.2620527,1.2620527,1.2620527,72,71.581623,70.242681,118.51889
50.88,1.185025,1.185025,1.185025,72,71.606473,70.280546,118.63276
50.92,1.10811,1.10811,1.10811,72,71.631289,70.318361,118.74664
50.96,1.0313284,1.0313284,1.0313284,72,71.656066,70.356128,118.86055
51,0.95470084,0.95470084,0.95470084,72,71.680796,70.393845,118.97447
51.04,0.87824767,0.87824767,0.87824767,72,71.705473,70.431513,119.0884
51.08,0.80198913,0.80198913,0.80198913,72,71.73009,70.469133,119.20235
51.12,0.72594529,0.72594529,0.72594529,72,71.75464,70.506703,119.31632
51.16,0.65013605,0.65013605,0.65013605,72,71.779119,70.544225,119.4303
51.2,0.5745811,0.5745811,0.5745811,72,71.803518,70.581698,119.5443
51.24,0.49929998,0.49929998,0.49929998,72,71.827831,70.619123,119.65831
51.28,0.42431203,0.42431203,0.42431203,72,71.852053,70.656499,119.77234
51.32,0.34963639,0.34963639,0.34963639,72,71.876177,70.693828,119.88639
51.36,0.27529201,0.27529201,0.27529201,72,71.900197,70.731109,120.00045
51.4,0.20129765,0.20129765,0.20129765,72,71.924107,70.768342,120.11453
51.44,0.12767185,0.12767185,0.12767185,72,71.947901,70.805528,120.22862
51.48,0.054432945,0.054432945,0.054432945,72,71.971573,70.842666,120.34273
51.52,-0.018400944,-0.018400944,-0.018400944,72,71.995117,70.879758,120.45686
51.56,-0.090811907,-0.090811907,-0.090811907,72,72.018528,70.916803,120.57099
51.6,-0.16278226,-0.16278226,-0.16278226,72,72.041799,70.953802,120.68515
51.64,-0.23429454,-0.23429454,-0.23429454,72,72.064924,70.990755,120.79932
51.68,-0.3053315,-0.3053315,-0.3053315,72,72.087899,71.027662,120.9135
51.72,-0.37587616,-0.37587616,-0.37587616,72,72.110718,71.064523,121.0277
51.76,-0.44591172,-0.44591172,-0.44591172,72,72.133376,71.101339,121.14191
51.8,-0.51542167,-0.51542167,-0.51542167,72,72.155866,71.138111,121.25614
51.84,-0.58438971,-0.58438971,-0.58438971,72,72.178184,71.174838,121.37038
51.88,-0.65279979,-0.65279979,-0.65279979,72,72.200324,71.211521,121.48464
51.92,-0.72063612,-0.72063612,-0.72063612,72,72.222282,71.24816,121.59891
51.96,-0.78788313,-0.78788313,-0.78788313,72,72.244052,71.284755,121.71319
52,-0.85452554,-0.85452554,-0.85452554,72,72.265629,71.321308,121.82749
52.04,-0.9205483,-0.9205483,-0.9205483,72,72.287009,71.357818,121.9418
52.08,-0.98593662,-0.98593662,-0.98593662,72,72.308186,71.394285,122.05612
52.12,-1.050676,-1.050676,-1.050676,72,72.329157,71.430711,122.17046
52.16,-1.1147521,-1.1147521,-1.1147521,72,72.349915,71.467095,122.28481
52.2,-1.1781511,-1.1781511,-1.1781511,72,72.370458,71.503439,122.39918
52.24,-1.2408591,-1.2408591,-1.2408591,72,72.390779,71.539741,122.51355
52.28,-1.3028627,-1.3028627,-1.3028627,72,72.410876,71.576004,122.62794
52.32,-1.3641488,-1.3641488,-1.3641488,72,72.430743,71.612227,122.74235
52.36,-1.4247044,-1.4247044,-1.4247044,72,72.450376,71.648411,122.85676
52.4,-1.4845168,-1.4845168,-1.4845168,72,72.469772,71.684556,122.97119
52.44,-1.5435738,-1.5435738,-1.5435738,72,72.488926,71.720663,123.08563
52.48,-1.6018633,-1.6018633,-1.6018633,72,72.507834,71.756732,123.20008
52.52,-1.6593735,-1.6593735,-1.6593735,72,72.526493,71.792764,123.31454
52.56,-1.7160929,-1.7160929,-1.7160929,72,72.544899,71.828759,123.42901
52.6,-1.7720102,-1.7720102,-1.7720102,72,72.563047,71.864717,123.5435
52.64,-1.8271146,-1.8271146,-1.8271146,72,72.580935,71.90064,123.658
52.68,-1.8813953,-1.8813953,-1.8813953,72,72.598559,71.936528,123.7725
52.72,-1.9348421,-1.9348421,-1.9348421,72,72.615916,71.972381,123.88702
52.76,-1.9874449,-1.9874449,-1.9874449,72,72.633002,72.0082,124.00155
52.8,-2.0391939,-2.0391939,-2.0391939,72,72.649814,72.043986,124.11609
52.84,-2.0900796,-2.0900796,-2.0900796,72,72.66635,72.079738,124.23064
52.88,-2.1400929,-2.1400929,-2.1400929,72,72.682605,72.115458,124.3452
52.92,-2.1892248,-2.1892248,-2.1892248,72,72.698578,72.151145,124.45977
52.96,-2.2374668,-2.2374668,-2.2374668,72,72.714264,72.186802,124.57435
53,-2.2848106,-2.2848106,-2.2848106,72,72.729663,72.222427,124.68894
53.04,-2.3312482,-2.3312482,-2.3312482,72,72.74477,72.258023,124.80354
53.08,-2.3767718,-2.3767718,-2.3767718,72,72.759584,72.293589,124.91815
53.12,-2.4213742,-2.4213742,-2.4213742,72,72.774102,72.329126,125.03277
53.16,-2.4650481,-2.4650481,-2.4650481,72,72.788322,72.364634,125.14739
53.2,-2.5077868,-2.5077868,-2.5077868,72,72.802241,72.400114,125.26203
53.24,-2.5495837,-2.5495837,-2.5495837,72,72.815858,72.435568,125.37667
53.28,-2.5904327,-2.5904327,-2.5904327,72,72.829169,72.470994,125.49132
53.32,-2.6303279,-2.6303279,-2.6303279,72,72.842174,72.506395,125.60598
53.36,-2.6692635,-2.6692635,-2.6692635,72,72.854871,72.54177,125.72065
53.4,-2.7072345,-2.7072345,-2.7072345,72,72.867257,72.57712,125.83533
53.44,-2.7442356,-2.7442356,-2.7442356,72,72.879332,72.612447,125.95001
53.48,-2.7802623,-2.7802623,-2.7802623,72,72.891092,72.647749,126.0647
53.52,-2.81531,-2.81531,-2.81531,72,72.902538,72.683029,126.1794
53.56,-2.8493747,-2.8493747,-2.8493747,72,72.913668,72.718286,126.2941
53.6,-2.8824525,-2.8824525,-2.8824525,72,72.92448,72.753522,126.40881
53.64,-2.91454,-2.91454,-2.91454,72,72.934973,72.788737,126.52353
53.68,-2.9456338,-2.9456338,-2.9456338,72,72.945146,72.823932,126.63825
53.72,-2.9757311,-2.9757311,-2.9757311,72,72.954998,72.859106,126.75298
53.76,-3.0048292,-3.0048292,-3.0048292,72,72.964529,72.894262,126.86771
53.8,-3.0329258,-3.0329258,-3.0329258,72,72.973736,72.929399,126.98245
53.84,-3.0600187,-3.0600187,-3.0600187,72,72.982621,72.964519,127.0972
53.88,-3.0861063,-3.0861063,-3.0861063,72,72.991182,72.999621,127.21195
53.92,-3.1111871,-3.1111871,-3.1111871,72,72.999418,73.034707,127.32671
53.96,-3.1352598,-3.1352598,-3.1352598,72,73.00733,73.069776,127.44147
54,-3.1583235,-3.1583235,-3.1583235,72,73.014916,73.104831,127.55623
54.04,-3.1803777,-3.1803777,-3.1803777,72,73.022177,73.139871,127.671
54.08,-3.201422,-3.201422,-3.201422,72,73.029112,73.174898,127.78578
54.12,-3.2214563,-3.2214563,-3.2214563,72,73.035722,73.209911,127.90056
54.16,-3.240481,-3.240481,-3.240481,72,73.042006,73.244911,128.01534
54.2,-3.2584964,-3.2584964,-3.2584964,72,73.047964,73.2799,128.13012
54.24,-3.2755034,-3.2755034,-3.2755034,72,73.053598,73.314877,128.24491
54.28,-3.291503,-3.291503,-3.291503,72,73.058906,73.349844,128.35971
54.32,-3.3064966,-3.3064966,-3.3064966,72,73.06389,73.3848,128.4745
54.36,-3.3204858,-3.3204858,-3.3204858,72,73.06855,73.419747,128.5893
54.4,-3.3334724,-3.3334724,-3.3334724,72,73.072886,73.454686,128.7041
54.44,-3.3454586,-3.3454586,-3.3454586,72,73.076899,73.489617,128.8189
54.48,-3.3564468,-3.3564468,-3.3564468,72,73.08059,73.52454,128.93371
54.52,-3.3664397,-3.3664397,-3.3664397,72,73.08396,73.559456,129.04852
54.56,-3.3754402,-3.3754402,-3.3754402,72,73.087009,73.594366,129.16333
54.6,-3.3834516,-3.3834516,-3.3834516,72,73.089739,73.629271,129.27814
54.64,-3.3904772,-3.3904772,-3.3904772,72,73.092151,73.664171,129.39295
54.68,-3.3965207,-3.3965207,-3.3965207,72,73.094246,73.699067,129.50777
54.72,-3.4015861,-3.4015861,-3.4015861,72,73.096024,73.733959,129.62258
54.76,-3.4056777,-3.4056777,-3.4056777,72,73.097488,73.768849,129.7374
54.8,-3.4087998,-3.4087998,-3.4087998,72,73.098639,73.803736,129.85221
54.84,-3.4109572,-3.4109572,-3.4109572,72,73.099477,73.838621,129.96703
54.88,-3.4121548,-3.4121548,-3.4121548,72,73.100006,73.873505,130.08185
54.92,-3.4123978,-3.4123978,-3.4123978,72,73.100226,73.908389,130.19667
54.96,-3.4116915,-3.4116915,-3.4116915,72,73.100139,73.943273,130.31148
55,-3.4100417,-3.4100417,-3.4100417,72,73.099748,73.978158,130.4263
55.04,-3.4074542,-3.4074542,-3.4074542,72,73.099053,74.013044,130.54112
55.08,-3.403935,-3.403935,-3.403935,72,73.098056,74.047932,130.65594
55.12,-3.3994906,-3.3994906,-3.3994906,72,73.096761,74.082823,130.77075
55.16,-3.3941274,-3.3941274,-3.3941274,72,73.095168,74.117717,130.88557
55.2,-3.3878522,-3.3878522,-3.3878522,72,73.09328,74.152614,131.00038
55.24,-3.380672,-3.380672,-3.380672,72,73.091099,74.187517,131.11519
55.28,-3.372594,-3.372594,-3.372594,72,73.088628,74.222424,131.23
55.32,-3.3636255,-3.3636255,-3.3636255,72,73.085868,74.257336,131.34481
55.36,-3.3537742,-3.3537742,-3.3537742,72,73.082823,74.292255,131.45962
55.4,-3.3430479,-3.3430479,-3.3430479,72,73.079495,74.32718,131.57442
55.44,-3.3314546,-3.3314546,-3.3314546,72,73.075885,74.362113,131.68923
55.48,-3.3190024,-3.3190024,-3.3190024,72,73.071998,74.397053,131.80403
55.52,-3.3056997,-3.3056997,-3.3056997,72,73.067835,74.432002,131.91883
55.56,-3.2915552,-3.2915552,-3.2915552,72,73.063399,74.46696,132.03362
55.6,-3.2765776,-3.2765776,-3.2765776,72,73.058694,74.501927,132.14841
55.64,-3.2607758,-3.2607758,-3.2607758,72,73.053721,74.536904,132.2632
55.68,-3.2441589,-3.2441589,-3.2441589,72,73.048484,74.571891,132.37799
55.72,-3.2267362,-3.2267362,-3.2267362,72,73.042986,74.60689,132.49277
55.76,-3.2085172,-3.2085172,-3.2085172,72,73.03723,74.6419,132.60755
55.8,-3.1895116,-3.1895116,-3.1895116,72,73.031219,74.676922,132.72233
55.84,-3.169729,-3.169729,-3.169729,72,73.024956,74.711956,132.8371
55.88,-3.1491795,-3.1491795,-3.1491795,72,73.018444,74.747004,132.95187
55.92,-3.1278732,-3.1278732,-3.1278732,72,73.011687,74.782065,133.06663
55.96,-3.1058203,-3.1058203,-3.1058203,72,73.004687,74.81714,133.18139
56,-3.0830312,-3.0830312,-3.0830312,72,72.997448,74.85223,133.29614
56.04,-3.0595165,-3.0595165,-3.0595165,72,72.989974,74.887335,133.4109
56.08,-3.0352869,-3.0352869,-3.0352869,72,72.982268,74.922455,133.52564
56.12,-3.0103533,-3.0103533,-3.0103533,72,72.974333,74.957591,133.64038
56.16,-2.9847264,-2.9847264,-2.9847264,72,72.966173,74.992743,133.75512
56.2,-2.9584176,-2.9584176,-2.9584176,72,72.957792,75.027912,133.86985
56.24,-2.931438,-2.931438,-2.931438,72,72.949192,75.063099,133.98457
56.28,-2.9037989,-2.9037989,-2.9037989,72,72.940379,75.098303,134.09929
56.32,-2.8755117,-2.8755117,-2.8755117,72,72.931354,75.133525,134.21401
56.36,-2.8465882,-2.8465882,-2.8465882,72,72.922123,75.168765,134.32872
56.4,-2.8170399,-2.8170399,-2.8170399,72,72.912688,75.204025,134.44342
56.44,-2.7868786,-2.7868786,-2.7868786,72,72.903054,75.239303,134.55812
56.48,-2.7561163,-2.7561163,-2.7561163,72,72.893225,75.274602,134.67281
56.52,-2.7247649,-2.7247649,-2.7247649,72,72.883204,75.30992,134.78749
56.56,-2.6928366,-2.6928366,-2.6928366,72,72.872995,75.345259,134.90217
56.6,-2.6603434,-2.6603434,-2.6603434,72,72.862602,75.380619,135.01684
56.64,-2.6272977,-2.6272977,-2.6272977,72,72.852029,75.416,135.13151
56.68,-2.5937118,-2.5937118,-2.5937118,72,72.84128,75.451402,135.24617
56.72,-2.5595981,-2.5595981,-2.5595981,72,72.830359,75.486826,135.36082
56.76,-2.5249692,-2.5249692,-2.5249692,72,72.81927,75.522273,135.47547
56.8,-2.4898376,-2.4898376,-2.4898376,72,72.808017,75.557742,135.5901
56.84,-2.4542159,-2.4542159,-2.4542159,72,72.796605,75.593233,135.70473
56.88,-2.4181169,-2.4181169,-2.4181169,72,72.785036,75.628748,135.81936
56.92,-2.3815534,-2.3815534,-2.3815534,72,72.773316,75.664287,135.93398
56.96,-2.3445381,-2.3445381,-2.3445381,72,72.761448,75.699849,136.04859
57,-2.3070839,-2.3070839,-2.3070839,72,72.749437,75.735435,136.16319
57.04,-2.2692037,-2.2692037,-2.2692037,72,72.737286,75.771045,136.27778
57.08,-2.2309106,-2.2309106,-2.2309106,72,72.725001,75.80668,136.39237
57.12,-2.1922174,-2.1922174,-2.1922174,72,72.712584,75.84234,136.50695
57.16,-2.1531373,-2.1531373,-2.1531373,72,72.700041,75.878025,136.62152
57.2,-2.1136834,-2.1136834,-2.1136834,72,72.687376,75.913735,136.73608
57.24,-2.0738687,-2.0738687,-2.0738687,72,72.674592,75.949471,136.85064
57.28,-2.0337063,-2.0337063,-2.0337063,72,72.661694,75.985233,136.96519
57.32,-1.9932095,-1.9932095,-1.9932095,72,72.648686,76.02102,137.07972
57.36,-1.9523913,-1.9523913,-1.9523913,72,72.635573,76.056834,137.19426
57.4,-1.911265,-1.911265,-1.911265,72,72.622358,76.092674,137.30878
57.44,-1.8698437,-1.8698437,-1.8698437,72,72.609046,76.128541,137.42329
57.48,-1.8281407,-1.8281407,-1.8281407,72,72.595642,76.164435,137.5378
57.52,-1.7861691,-1.7861691,-1.7861691,72,72.582149,76.200355,137.6523
57.56,-1.7439422,-1.7439422,-1.7439422,72,72.568571,76.236303,137.76679
57.6,-1.7014731,-1.7014731,-1.7014731,72,72.554914,76.272278,137.88127
57.64,-1.658775,-1.658775,-1.658775,72,72.541181,76.30828,137.99574
57.68,-1.6158612,-1.6158612,-1.6158612,72,72.527376,76.34431,138.1102
57.72,-1.5727447,-1.5727447,-1.5727447,72,72.513504,76.380368,138.22466
57.76,-1.5294387,-1.5294387,-1.5294387,72,72.499569,76.416454,138.3391
57.8,-1.4859562,-1.4859562,-1.4859562,72,72.485575,76.452567,138.45354
57.84,-1.4423105,-1.4423105,-1.4423105,72,72.471527,76.488709,138.56797
57.88,-1.3985146,-1.3985146,-1.3985146,72,72.457428,76.524878,138.68239
57.92,-1.3545814,-1.3545814,-1.3545814,72,72.443283,76.561076,138.7968
57.96,-1.310524,-1.310524,-1.310524,72,72.429096,76.597303,138.9112
58,-1.2663554,-1.2663554,-1.2663554,72,72.414871,76.633557,139.02559
58.04,-1.2220883,-1.2220883,-1.2220883,72,72.400613,76.669841,139.13997
58.08,-1.1777358,-1.1777358,-1.1777358,72,72.386325,76.706152,139.25435
58.12,-1.1333106,-1.1333106,-1.1333106,72,72.372011,76.742492,139.36871
58.16,-1.0888254,-1.0888254,-1.0888254,72,72.357677,76.778861,139.48307
58.2,-1.044293,-1.044293,-1.044293,72,72.343325,76.815259,139.59742
58.24,-0.99972596,-0.99972596,-0.99972596,72,72.328961,76.851685,139.71175
58.28,-0.95513691,-0.95513691,-0.95513691,72,72.314587,76.88814,139.82608
58.32,-0.91053836,-0.91053836,-0.91053836,72,72.300208,76.924623,139.9404
58.36,-0.86594273,-0.86594273,-0.86594273,72,72.285829,76.961136,140.05471
58.4,-0.82136241,-0.82136241,-0.82136241,72,72.271453,76.997677,140.16901
58.44,-0.77680967,-0.77680967,-0.77680967,72,72.257083,77.034246,140.28331
58.48,-0.73229676,-0.73229676,-0.73229676,72,72.242725,77.070844,140.39759
58.52,-0.68783578,-0.68783578,-0.68783578,72,72.228382,77.107471,140.51186
58.56,-0.64343881,-0.64343881,-0.64343881,72,72.214057,77.144127,140.62613
58.6,-0.5991178,-0.5991178,-0.5991178,72,72.199756,77.180811,140.74038
58.64,-0.55488463,-0.55488463,-0.55488463,72,72.18548,77.217523,140.85463
58.68,-0.51075107,-0.51075107,-0.51075107,72,72.171236,77.254264,140.96887
58.72,-0.46672883,-0.46672883,-0.46672883,72,72.157025,77.291033,141.08309
58.76,-0.42282948,-0.42282948,-0.42282948,72,72.142852,77.32783,141.19731
58.8,-0.37906452,-0.37906452,-0.37906452,72,72.128721,77.364656,141.31152
58.84,-0.33544532,-0.33544532,-0.33544532,72,72.114635,77.401509,141.42572
58.88,-0.29198318,-0.29198318,-0.29198318,72,72.100598,77.438391,141.53991
58.92,-0.24868926,-0.24868926,-0.24868926,72,72.086614,77.475301,141.6541
58.96,-0.20557461,-0.20557461,-0.20557461,72,72.072686,77.512238,141.76827
59,-0.1626502,-0.1626502,-0.1626502,72,72.058818,77.549203,141.88244
59.04,-0.11992685,-0.11992685,-0.11992685,72,72.045012,77.586195,141.99659
59.08,-0.077415266,-0.077415266,-0.077415266,72,72.031274,77.623215,142.11074
59.12,-0.035126051,-0.035126051,-0.035126051,72,72.017606,77.660262,142.22488
59.16,0.006930327,0.006930327,0.006930327,72,72.004011,77.697336,142.33901
59.2,0.048743522,0.048743522,0.048743522,72,71.990493,77.734437,142.45313
59.24,0.090303315,0.090303315,0.090303315,72,71.977055,77.771564,142.56724
59.28,0.13159962,0.13159962,0.13159962,72,71.963701,77.808719,142.68134
59.32,0.17262247,0.17262247,0.17262247,72,71.950433,77.8459,142.79544
59.36,0.21336204,0.21336204,0.21336204,72,71.937255,77.883107,142.90952
59.4,0.25380865,0.25380865,0.25380865,72,71.924171,77.92034,143.0236
59.44,0.29395273,0.29395273,0.29395273,72,71.911182,77.957599,143.13767
59.48,0.33378488,0.33378488,0.33378488,72,71.898292,77.994883,143.25173
59.52,0.37329582,0.37329582,0.37329582,72,71.885505,78.032193,143.36578
59.56,0.41247642,0.41247642,0.41247642,72,71.872823,78.069528,143.47983
59.6,0.45131769,0.45131769,0.45131769,72,71.860249,78.106889,143.59386
59.64,0.48981078,0.48981078,0.48981078,72,71.847786,78.144274,143.70789
59.68,0.52794701,0.52794701,0.52794701,72,71.835437,78.181683,143.82191
59.72,0.56571782,0.56571782,0.56571782,72,71.823204,78.219117,143.93592
59.76,0.60311483,0.60311483,0.60311483,72,71.811091,78.256576,144.04993
59.8,0.64012979,0.64012979,0.64012979,72,71.799099,78.294058,144.16392
59.84,0.6767546,0.6767546,0.6767546,72,71.787232,78.331563,144.27791
59.88,0.71298135,0.71298135,0.71298135,72,71.775492,78.369092,144.39189
59.92,0.74880223,0.74880223,0.74880223,72,71.763882,78.406644,144.50586
59.96,0.78420965,0.78420965,0.78420965,72,71.752405,78.444219,144.61983
60,0.81919612,0.81919612,0.81919612,72,71.741061,78.481816,144.73379
60.04,0.85375436,0.85375436,0.85375436,72,71.729855,78.519436,144.84774
60.08,0.88787721,0.88787721,0.88787721,72,71.718788,78.557078,144.96168
60.12,0.9215577,0.9215577,0.9215577,72,71.707863,78.594741,145.07562
60.16,0.95478901,0.95478901,0.95478901,72,71.697081,78.632426,145.18955
60.2,0.98756448,0.98756448,0.98756448,72,71.686446,78.670132,145.30347
60.24,1.0198776,1.0198776,1.0198776,72,71.675958,78.707859,145.41738
60.28,1.0517221,1.0517221,1.0517221,72,71.665621,78.745607,145.53129
60.32,1.0830918,1.0830918,1.0830918,72,71.655436,78.783374,145.64519
60.36,1.1139807,1.1139807,1.1139807,72,71.645405,78.821162,145.75909
60.4,1.144383,1.144383,1.144383,72,71.63553,78.858969,145.87298
60.44,1.174293,1.174293,1.174293,72,71.625813,78.896796,145.98686
60.48,1.2037053,1.2037053,1.2037053,72,71.616256,78.934641,146.10074
60.52,1.2326145,1.2326145,1.2326145,72,71.60686,78.972506,146.21461
60.56,1.2610155,1.2610155,1.2610155,72,71.597627,79.010388,146.32847
60.6,1.2889033,1.2889033,1.2889033,72,71.588559,79.048289,146.44233
60.64,1.3162732,1.3162732,1.3162732,72,71.579657,79.086207,146.55618
60.68,1.3431204,1.3431204,1.3431204,72,71.570923,79.124143,146.67002
60.72,1.3694405,1.3694405,1.3694405,72,71.562359,79.162096,146.78386
60.76,1.3952293,1.3952293,1.3952293,72,71.553965,79.200065,146.8977
60.8,1.4204826,1.4204826,1.4204826,72,71.545743,79.238051,147.01153
60.84,1.4451965,1.4451965,1.4451965,72,71.537694,79.276052,147.12535
60.88,1.4693672,1.4693672,1.4693672,72,71.52982,79.31407,147.23917
60.92,1.4929911,1.4929911,1.4929911,72,71.522122,79.352102,147.35298
60.96,1.5160647,1.5160647,1.5160647,72,71.5146,79.39015,147.46679
61,1.538585,1.538585,1.538585,72,71.507257,79.428212,147.5806
61.04,1.5605487,1.5605487,1.5605487,72,71.500093,79.466288,147.6944
61.08,1.5819529,1.5819529,1.5819529,72,71.493108,79.504379,147.80819
61.12,1.6027949,1.6027949,1.6027949,72,71.486305,79.542482,147.92198
61.16,1.6230722,1.6230722,1.6230722,72,71.479683,79.580599,148.03577
61.2,1.6427823,1.6427823,1.6427823,72,71.473243,79.618729,148.14955
61.24,1.6619231,1.6619231,1.6619231,72,71.466987,79.656871,148.26332
61.28,1.6804925,1.6804925,1.6804925,72,71.460915,79.695025,148.3771
61.32,1.6984885,1.6984885,1.6984885,72,71.455027,79.733191,148.49086
61.36,1.7159096,1.7159096,1.7159096,72,71.449325,79.771368,148.60463
61.4,1.7327541,1.7327541,1.7327541,72,71.443808,79.809556,148.71839
61.44,1.7490206,1.7490206,1.7490206,72,71.438477,79.847755,148.83215
61.48,1.7647081,1.7647081,1.7647081,72,71.433333,79.885964,148.9459
61.52,1.7798154,1.7798154,1.7798154,72,71.428376,79.924183,149.05965
61.56,1.7943417,1.7943417,1.7943417,72,71.423606,79.962411,149.1734
61.6,1.8082862,1.8082862,1.8082862,72,71.419024,80.000649,149.28715
61.64,1.8216485,1.8216485,1.8216485,72,71.414629,80.038895,149.40089
61.68,1.8344282,1.8344282,1.8344282,72,71.410422,80.077149,149.51463
61.72,1.846625,1.846625,1.846625,72,71.406402,80.115411,149.62837
61.76,1.8582389,1.8582389,1.8582389,72,71.402571,80.153681,149.7421
61.8,1.8692701,1.8692701,1.8692701,72,71.398928,80.191959,149.85583
61.84,1.8797187,1.8797187,1.8797187,72,71.395472,80.230243,149.96956
61.88,1.8895854,1.8895854,1.8895854,72,71.392205,80.268533,150.08329
61.92,1.8988705,1.8988705,1.8988705,72,71.389124,80.30683,150.19701
61.96,1.907575,1.907575,1.907575,72,71.386232,80.345133,150.31074
62,1.9156997,1.9156997,1.9156997,72,71.383526,80.38344,150.42446
62.04,1.9232457,1.9232457,1.9232457,72,71.381007,80.421753,150.53818
62.08,1.9302142,1.9302142,1.9302142,72,71.378674,80.460071,150.65189
62.12,1.9366065,1.9366065,1.9366065,72,71.376528,80.498392,150.76561
62.16,1.9424243,1.9424243,1.9424243,72,71.374566,80.536718,150.87933
62.2,1.9476692,1.9476692,1.9476692,72,71.37279,80.575047,150.99304
62.24,1.9523431,1.9523431,1.9523431,72,71.371198,80.613379,151.10675
62.28,1.9564478,1.9564478,1.9564478,72,71.36979,80.651714,151.22046
62.32,1.9599855,1.9599855,1.9599855,72,71.368566,80.690052,151.33418
62.36,1.9629586,1.9629586,1.9629586,72,71.367523,80.728392,151.44789
62.4,1.9653694,1.9653694,1.9653694,72,71.366662,80.766733,151.5616
62.44,1.9672204,1.9672204,1.9672204,72,71.365982,80.805075,151.67531
62.48,1.9685144,1.9685144,1.9685144,72,71.365482,80.843419,151.78901
62.52,1.9692542,1.9692542,1.9692542,72,71.365162,80.881763,151.90272
62.56,1.9694428,1.9694428,1.9694428,72,71.365019,80.920108,152.01643
62.6,1.9690833,1.9690833,1.9690833,72,71.365053,80.958452,152.13014
62.64,1.9681789,1.9681789,1.9681789,72,71.365264,80.996796,152.24385
62.68,1.966733,1.966733,1.966733,72,71.36565,81.03514,152.35756
62.72,1.9647491,1.9647491,1.9647491,72,71.36621,81.073482,152.47127
62.76,1.9622309,1.9622309,1.9622309,72,71.366942,81.111823,152.58498
62.8,1.9591821,1.9591821,1.9591821,72,71.367847,81.150162,152.69869
62.84,1.9556066,1.9556066,1.9556066,72,71.368921,81.188498,152.8124
62.88,1.9515084,1.9515084,1.9515084,72,71.370165,81.226833,152.92611
62.92,1.9468917,1.9468917,1.9468917,72,71.371577,81.265164,153.03983
62.96,1.9417607,1.9417607,1.9417607,72,71.373155,81.303493,153.15354
63,1.9361198,1.9361198,1.9361198,72,71.374898,81.341818,153.26726
63.04,1.9299734,1.9299734,1.9299734,72,71.376804,81.380139,153.38097
63.08,1.9233263,1.9233263,1.9233263,72,71.378873,81.418456,153.49469
63.12,1.9161831,1.9161831,1.9161831,72,71.381103,81.456768,153.60841
63.16,1.9085486,1.9085486,1.9085486,72,71.383491,81.495076,153.72213
63.2,1.9004278,1.9004278,1.9004278,72,71.386038,81.533379,153.83585
63.24,1.8918257,1.8918257,1.8918257,72,71.38874,81.571677,153.94958
63.28,1.8827474,1.8827474,1.8827474,72,71.391596,81.609968,154.06331
63.32,1.8731983,1.8731983,1.8731983,72,71.394605,81.648254,154.17703
63.36,1.8631837,1.8631837,1.8631837,72,71.397765,81.686534,154.29077
63.4,1.852709,1.852709,1.852709,72,71.401074,81.724807,154.4045
63.44,1.8417798,1.8417798,1.8417798,72,71.40453,81.763073,154.51823
63.48,1.8304017,1.8304017,1.8304017,72,71.408132,81.801332,154.63197
63.52,1.8185805,1.8185805,1.8185805,72,71.411878,81.839583,154.74571
63.56,1.806322,1.806322,1.806322,72,71.415766,81.877827,154.85945
63.6,1.793632,1.793632,1.793632,72,71.419793,81.916063,154.9732
63.64,1.7805167,1.7805167,1.7805167,72,71.423959,81.954291,155.08695
63.68,1.766982,1.766982,1.766982,72,71.428261,81.99251,155.2007
63.72,1.7530342,1.7530342,1.7530342,72,71.432697,82.03072,155.31445
63.76,1.7386795,1.7386795,1.7386795,72,71.437264,82.068921,155.42821
63.8,1.7239241,1.7239241,1.7239241,72,71.441963,82.107113,155.54197
63.84,1.7087746,1.7087746,1.7087746,72,71.446789,82.145295,155.65573
63.88,1.6932374,1.6932374,1.6932374,72,71.451741,82.183467,155.7695
63.92,1.677319,1.677319,1.677319,72,71.456817,82.22163,155.88327
63.96,1.661026,1.661026,1.661026,72,71.462015,82.259782,155.99704
64,1.6443651,1.6443651,1.6443651,72,71.467332,82.297923,156.11082
64.04,1.627343,1.627343,1.627343,72,71.472767,82.336054,156.2246
64.08,1.6099666,1.6099666,1.6099666,72,71.478317,82.374173,156.33839
64.12,1.5922426,1.5922426,1.5922426,72,71.48398,82.412282,156.45217
64.16,1.5741781,1.5741781,1.5741781,72,71.489754,82.450379,156.56597
64.2,1.55578,1.55578,1.55578,72,71.495636,82.488464,156.67976
64.24,1.5370553,1.5370553,1.5370553,72,71.501625,82.526537,156.79356
64.28,1.518011,1.518011,1.518011,72,71.507718,82.564598,156.90737
64.32,1.4986544,1.4986544,1.4986544,72,71.513913,82.602647,157.02117
64.36,1.4789925,1.4789925,1.4789925,72,71.520207,82.640684,157.13499
64.4,1.4590327,1.4590327,1.4590327,72,71.526599,82.678708,157.2488
64.44,1.438782,1.438782,1.438782,72,71.533085,82.716718,157.36262
64.48,1.4182479,1.4182479,1.4182479,72,71.539664,82.754716,157.47645
64.52,1.3974377,1.3974377,1.3974377,72,71.546333,82.792701,157.59028
64.56,1.3763587,1.3763587,1.3763587,72,71.553089,82.830672,157.70411
64.6,1.3550183,1.3550183,1.3550183,72,71.559931,82.868629,157.81795
64.64,1.3334239,1.3334239,1.3334239,72,71.566856,82.906573,157.93179
64.68,1.3115831,1.3115831,1.3115831,72,71.573862,82.944503,158.04564
64.72,1.2895032,1.2895032,1.2895032,72,71.580946,82.982419,158.15949
64.76,1.2671919,1.2671919,1.2671919,72,71.588105,83.02032,158.27335
64.8,1.2446565,1.2446565,1.2446565,72,71.595338,83.058207,158.38721
64.84,1.2219047,1.2219047,1.2219047,72,71.602642,83.09608,158.50108
64.88,1.1989441,1.1989441,1.1989441,72,71.610014,83.133938,158.61495
64.92,1.1757821,1.1757821,1.1757821,72,71.617452,83.171781,158.72883
64.96,1.1524264,1.1524264,1.1524264,72,71.624954,83.209609,158.84271
65,1.1288846,1.1288846,1.1288846,72,71.632517,83.247423,158.9566
65.04,1.1051643,1.1051643,1.1051643,72,71.640139,83.285221,159.07049
65.08,1.0812731,1.0812731,1.0812731,72,71.647816,83.323004,159.18439
65.12,1.0572186,1.0572186,1.0572186,72,71.655548,83.360771,159.29829
65.16,1.0330084,1.0330084,1.0330084,72,71.663331,83.398523,159.41219
65.2,1.0086502,1.0086502,1.0086502,72,71.671163,83.436259,159.52611
65.24,0.98415155,0.98415155,0.98415155,72,71.679041,83.47398,159.64002
65.28,0.95952009,0.95952009,0.95952009,72,71.686963,83.511685,159.75395
65.32,0.93476341,0.93476341,0.93476341,72,71.694927,83.549374,159.86787
65.36,0.90988912,0.90988912,0.90988912,72,71.70293,83.587048,159.98181
65.4,0.88490478,0.88490478,0.88490478,72,71.710969,83.624705,160.09575
65.44,0.85981797,0.85981797,0.85981797,72,71.719043,83.662346,160.20969
65.48,0.83463626,0.83463626,0.83463626,72,71.727148,83.699971,160.32364
65.52,0.80936717,0.80936717,0.80936717,72,71.735283,83.73758,160.43759
65.56,0.78401823,0.78401823,0.78401823,72,71.743444,83.775173,160.55155
65.6,0.75859693,0.75859693,0.75859693,72,71.75163,83.812749,160.66552
65.64,0.73311076,0.73311076,0.73311076,72,71.759838,83.850309,160.77949
65.68,0.70756716,0.70756716,0.70756716,72,71.768065,83.887853,160.89346
65.72,0.68197356,0.68197356,0.68197356,72,71.77631,83.925381,161.00744
65.76,0.65633735,0.65633735,0.65633735,72,71.78457,83.962891,161.12143
65.8,0.6306659,0.6306659,0.6306659,72,71.792842,84.000386,161.23542
65.84,0.60496654,0.60496654,0.60496654,72,71.801124,84.037864,161.34942
65.88,0.57924657,0.57924657,0.57924657,72,71.809414,84.075325,161.46342
65.92,0.55351325,0.55351325,0.55351325,72,71.817709,84.11277,161.57743
65.96,0.52777381,0.52777381,0.52777381,72,71.826007,84.150199,161.69144
66,0.50203543,0.50203543,0.50203543,72,71.834306,84.187611,161.80546
66.04,0.47630526,0.47630526,0.47630526,72,71.842604,84.225006,161.91949
66.08,0.45059038,0.45059038,0.45059038,72,71.850897,84.262385,162.03352
66.12,0.42489787,0.42489787,0.42489787,72,71.859185,84.299747,162.14755
66.16,0.39923472,0.39923472,0.39923472,72,71.867463,84.337093,162.26159
66.2,0.3736079,0.3736079,0.3736079,72,71.875732,84.374423,162.37564
66.24,0.34802431,0.34802431,0.34802431,72,71.883987,84.411736,162.48969
66.28,0.32249082,0.32249082,0.32249082,72,71.892227,84.449032,162.60375
66.32,0.29701423,0.29701423,0.29701423,72,71.90045,84.486313,162.71781
66.36,0.27160128,0.27160128,0.27160128,72,71.908654,84.523577,162.83188
66.4,0.24625868,0.24625868,0.24625868,72,71.916835,84.560824,162.94595
66.44,0.22099305,0.22099305,0.22099305,72,71.924993,84.598056,163.06003
66.48,0.19581098,0.19581098,0.19581098,72,71.933125,84.635271,163.17411
66.52,0.17071898,0.17071898,0.17071898,72,71.941229,84.67247,163.2882
66.56,0.1457235,0.1457235,0.1457235,72,71.949302,84.709653,163.4023
66.6,0.12083093,0.12083093,0.12083093,72,71.957344,84.74682,163.51639
66.64,0.0960476,0.0960476,0.0960476,72,71.965351,84.783971,163.6305
66.68,0.071379759,0.071379759,0.071379759,72,71.973322,84.821106,163.74461
66.72,0.0468336,0.0468336,0.0468336,72,71.981254,84.858226,163.85872
66.76,0.022415242,0.022415242,0.022415242,72,71.989147,84.895329,163.97284
66.8,-0.0018692658,-0.0018692658,-0.0018692658,72,71.996997,84.932417,164.08697
66.84,-0.026013945,-0.026013945,-0.026013945,72,72.004802,84.96949,164.2011
66.88,-0.050012892,-0.050012892,-0.050012892,72,72.012562,85.006547,164.31523
66.92,-0.073860277,-0.073860277,-0.073860277,72,72.020274,85.043588,164.42937
66.96,-0.097550345,-0.097550345,-0.097550345,72,72.027935,85.080615,164.54352
67,-0.12107742,-0.12107742,-0.12107742,72,72.035545,85.117626,164.65767
67.04,-0.1444359,-0.1444359,-0.1444359,72,72.043102,85.154622,164.77182
67.08,-0.16762026,-0.16762026,-0.16762026,72,72.050603,85.191603,164.88598
67.12,-0.19062507,-0.19062507,-0.19062507,72,72.058047,85.22857,165.00015
67.16,-0.21344496,-0.21344496,-0.21344496,72,72.065433,85.265522,165.11431
67.2,-0.23607466,-0.23607466,-0.23607466,72,72.072757,85.302459,165.22849
67.24,-0.25850897,-0.25850897,-0.25850897,72,72.08002,85.339381,165.34267
67.28,-0.28074278,-0.28074278,-0.28074278,72,72.087218,85.37629,165.45685
67.32,-0.30277107,-0.30277107,-0.30277107,72,72.094352,85.413184,165.57104
67.36,-0.32458889,-0.32458889,-0.32458889,72,72.101418,85.450064,165.68523
67.4,-0.3461914,-0.3461914,-0.3461914,72,72.108415,85.48693,165.79943
67.44,-0.36757383,-0.36757383,-0.36757383,72,72.115342,85.523782,165.91363
67.48,-0.38873149,-0.38873149,-0.38873149,72,72.122197,85.56062,166.02783
67.52,-0.40965981,-0.40965981,-0.40965981,72,72.128979,85.597445,166.14204
67.56,-0.43035429,-0.43035429,-0.43035429,72,72.135686,85.634257,166.25626
67.6,-0.45081052,-0.45081052,-0.45081052,72,72.142317,85.671055,166.37048
67.64,-0.47102419,-0.47102419,-0.47102419,72,72.148871,85.707841,166.4847
67.68,-0.49099106,-0.49099106,-0.49099106,72,72.155346,85.744613,166.59893
67.72,-0.51070702,-0.51070702,-0.51070702,72,72.16174,85.781373,166.71316
67.76,-0.53016802,-0.53016802,-0.53016802,72,72.168053,85.81812,166.82739
67.8,-0.54937013,-0.54937013,-0.54937013,72,72.174282,85.854855,166.94163
67.84,-0.56830948,-0.56830948,-0.56830948,72,72.180428,85.891577,167.05587
67.88,-0.58698234,-0.58698234,-0.58698234,72,72.186488,85.928288,167.17012
67.92,-0.60538504,-0.60538504,-0.60538504,72,72.192462,85.964986,167.28437
67.96,-0.62351402,-0.62351402,-0.62351402,72,72.198348,86.001673,167.39863
68,-0.64136582,-0.64136582,-0.64136582,72,72.204145,86.038348,167.51288
68.04,-0.65893706,-0.65893706,-0.65893706,72,72.209852,86.075012,167.62715
68.08,-0.67622448,-0.67622448,-0.67622448,72,72.215468,86.111664,167.74141
68.12,-0.6932249,-0.6932249,-0.6932249,72,72.220993,86.148306,167.85568
68.16,-0.70993524,-0.70993524,-0.70993524,72,72.226424,86.184937,167.96995
68.2,-0.72635254,-0.72635254,-0.72635254,72,72.231761,86.221557,168.08423
68.24,-0.74247391,-0.74247391,-0.74247391,72,72.237002,86.258167,168.19851
68.28,-0.75829656,-0.75829656,-0.75829656,72,72.242149,86.294766,168.31279
68.32,-0.77381782,-0.77381782,-0.77381782,72,72.247198,86.331355,168.42708
68.36,-0.78903511,-0.78903511,-0.78903511,72,72.25215,86.367935,168.54136
68.4,-0.80394595,-0.80394595,-0.80394595,72,72.257003,86.404504,168.65566
68.44,-0.81854794,-0.81854794,-0.81854794,72,72.261757,86.441065,168.76995
68.48,-0.83283881,-0.83283881,-0.83283881,72,72.266411,86.477616,168.88425
68.52,-0.84681636,-0.84681636,-0.84681636,72,72.270964,86.514158,168.99855
68.56,-0.86047853,-0.86047853,-0.86047853,72,72.275416,86.550691,169.11285
68.6,-0.87382331,-0.87382331,-0.87382331,72,72.279766,86.587215,169.22716
68.64,-0.88684883,-0.88684883,-0.88684883,72,72.284013,86.623731,169.34147
68.68,-0.8995533,-0.8995533,-0.8995533,72,72.288157,86.660238,169.45578
68.72,-0.91193502,-0.91193502,-0.91193502,72,72.292197,86.696738,169.5701
68.76,-0.92399242,-0.92399242,-0.92399242,72,72.296133,86.73323,169.68441
68.8,-0.935724,-0.935724,-0.935724,72,72.299964,86.769714,169.79873
68.84,-0.94712838,-0.94712838,-0.94712838,72,72.30369,86.80619,169.91305
68.88,-0.95820426,-0.95820426,-0.95820426,72,72.30731,86.84266,170.02738
68.92,-0.96895046,-0.96895046,-0.96895046,72,72.310824,86.879122,170.1417
68.96,-0.97936587,-0.97936587,-0.97936587,72,72.314231,86.915578,170.25603
69,-0.9894495,-0.9894495,-0.9894495,72,72.317532,86.952027,170.37036
69.04,-0.99920046,-0.99920046,-0.99920046,72,72.320725,86.988469,170.4847
69.08,-1.0086179,-1.0086179,-1.0086179,72,72.323811,87.024906,170.59903
69.12,-1.0177013,-1.0177013,-1.0177013,72,72.326789,87.061336,170.71337
69.16,-1.0264498,-1.0264498,-1.0264498,72,72.32966,87.097761,170.8277
69.2,-1.034863,-1.034863,-1.034863,72,72.332422,87.13418,170.94204
69.24,-1.0429405,-1.0429405,-1.0429405,72,72.335077,87.170594,171.05639
69.28,-1.050682,-1.050682,-1.050682,72,72.337623,87.207003,171.17073
69.32,-1.0580873,-1.0580873,-1.0580873,72,72.34006,87.243407,171.28507
69.36,-1.0651562,-1.0651562,-1.0651562,72,72.342389,87.279806,171.39942
69.4,-1.0718886,-1.0718886,-1.0718886,72,72.34461,87.316201,171.51377
69.44,-1.0782848,-1.0782848,-1.0782848,72,72.346722,87.352592,171.62812
69.48,-1.0843447,-1.0843447,-1.0843447,72,72.348726,87.388979,171.74247
69.52,-1.0900687,-1.0900687,-1.0900687,72,72.350622,87.425362,171.85682
69.56,-1.095457,-1.095457,-1.095457,72,72.352409,87.461741,171.97117
69.6,-1.1005102,-1.1005102,-1.1005102,72,72.354088,87.498117,172.08553
69.64,-1.1052287,-1.1052287,-1.1052287,72,72.355659,87.53449,172.19988
69.68,-1.1096132,-1.1096132,-1.1096132,72,72.357122,87.57086,172.31424
69.72,-1.1136643,-1.1136643,-1.1136643,72,72.358478,87.607227,172.42859
69.76,-1.1173828,-1.1173828,-1.1173828,72,72.359726,87.643592,172.54295
69.8,-1.1207696,-1.1207696,-1.1207696,72,72.360868,87.679955,172.65731
69.84,-1.1238257,-1.1238257,-1.1238257,72,72.361902,87.716315,172.77167
69.88,-1.1265522,-1.1265522,-1.1265522,72,72.36283,87.752674,172.88603
69.92,-1.12895,-1.12895,-1.12895,72,72.363652,87.789031,173.00039
69.96,-1.1310205,-1.1310205,-1.1310205,72,72.364368,87.825386,173.11475
70,-1.132765,-1.132765,-1.132765,72,72.364979,87.86174,173.22911
70.04,-1.1341849,-1.1341849,-1.1341849,72,72.365485,87.898094,173.34347
70.08,-1.1352816,-1.1352816,-1.1352816,72,72.365887,87.934446,173.45783
70.12,-1.1360566,-1.1360566,-1.1360566,72,72.366185,87.970798,173.57219
70.16,-1.1365117,-1.1365117,-1.1365117,72,72.366379,88.00715,173.68655
70.2,-1.1366484,-1.1366484,-1.1366484,72,72.36647,88.043501,173.80091
70.24,-1.1364687,-1.1364687,-1.1364687,72,72.366459,88.079852,173.91528
70.28,-1.1359743,-1.1359743,-1.1359743,72,72.366347,88.116204,174.02964
70.32,-1.1351673,-1.1351673,-1.1351673,72,72.366133,88.152556,174.144
70.36,-1.1340496,-1.1340496,-1.1340496,72,72.365819,88.188908,174.25836
70.4,-1.1326232,-1.1326232,-1.1326232,72,72.365404,88.225262,174.37272
70.44,-1.1308905,-1.1308905,-1.1308905,72,72.364891,88.261616,174.48708
70.48,-1.1288536,-1.1288536,-1.1288536,72,72.36428,88.297972,174.60144
70.52,-1.1265148,-1.1265148,-1.1265148,72,72.36357,88.334329,174.7158
70.56,-1.1238766,-1.1238766,-1.1238766,72,72.362764,88.370688,174.83016
70.6,-1.1209413,-1.1209413,-1.1209413,72,72.361862,88.407048,174.94452
70.64,-1.1177115,-1.1177115,-1.1177115,72,72.360864,88.443411,175.05888
70.68,-1.1141897,-1.1141897,-1.1141897,72,72.359772,88.479776,175.17324
70.72,-1.1103787,-1.1103787,-1.1103787,72,72.358586,88.516143,175.28759
70.76,-1.1062812,-1.1062812,-1.1062812,72,72.357308,88.552512,175.40195
70.8,-1.1018998,-1.1018998,-1.1018998,72,72.355937,88.588885,175.5163
70.84,-1.0972376,-1.0972376,-1.0972376,72,72.354476,88.62526,175.63066
70.88,-1.0922973,-1.0922973,-1.0922973,72,72.352924,88.661638,175.74501
70.92,-1.0870819,-1.0870819,-1.0870819,72,72.351283,88.69802,175.85936
70.96,-1.0815945,-1.0815945,-1.0815945,72,72.349554,88.734405,175.97371
71,-1.0758382,-1.0758382,-1.0758382,72,72.347738,88.770794,176.08806
71.04,-1.0698161,-1.0698161,-1.0698161,72,72.345836,88.807186,176.20241
71.08,-1.0635314,-1.0635314,-1.0635314,72,72.343849,88.843583,176.31676
71.12,-1.0569873,-1.0569873,-1.0569873,72,72.341777,88.879983,176.4311
71.16,-1.0501871,-1.0501871,-1.0501871,72,72.339623,88.916388,176.54545
71.2,-1.0431343,-1.0431343,-1.0431343,72,72.337386,88.952797,176.65979
71.24,-1.0358322,-1.0358322,-1.0358322,72,72.335069,88.989211,176.77413
71.28,-1.0282843,-1.0282843,-1.0282843,72,72.332671,89.02563,176.88847
71.32,-1.020494,-1.020494,-1.020494,72,72.330196,89.062054,177.00281
71.36,-1.012465,-1.012465,-1.012465,72,72.327642,89.098483,177.11715
71.4,-1.0042008,-1.0042008,-1.0042008,72,72.325013,89.134917,177.23148
71.44,-0.99570513,-0.99570513,-0.99570513,72,72.322308,89.171356,177.34582
71.48,-0.9869816,-0.9869816,-0.9869816,72,72.319529,89.207801,177.46015
71.52,-0.97803397,-0.97803397,-0.97803397,72,72.316677,89.244252,177.57448
71.56,-0.96886601,-0.96886601,-0.96886601,72,72.313754,89.280708,177.68881
71.6,-0.95948153,-0.95948153,-0.95948153,72,72.31076,89.317171,177.80313
71.64,-0.94988438,-0.94988438,-0.94988438,72,72.307697,89.35364,177.91746
71.68,-0.94007845,-0.94007845,-0.94007845,72,72.304566,89.390114,178.03178
71.72,-0.93006765,-0.93006765,-0.93006765,72,72.301369,89.426596,178.1461
71.76,-0.91985594,-0.91985594,-0.91985594,72,72.298106,89.463083,178.26042
71.8,-0.90944731,-0.90944731,-0.90944731,72,72.29478,89.499578,178.37474
71.84,-0.89884579,-0.89884579,-0.89884579,72,72.29139,89.536079,178.48905
71.88,-0.88805541,-0.88805541,-0.88805541,72,72.287939,89.572587,178.60336
71.92,-0.87708027,-0.87708027,-0.87708027,72,72.284428,89.609102,178.71767
71.96,-0.86592448,-0.86592448,-0.86592448,72,72.280857,89.645624,178.83198
72,-0.85459215,-0.85459215,-0.85459215,72,72.27723,89.682154,178.94628
72.04,-0.84308747,-0.84308747,-0.84308747,72,72.273546,89.71869,179.06058
72.08,-0.8314146,-0.8314146,-0.8314146,72,72.269807,89.755234,179.17489
72.12,-0.81957777,-0.81957777,-0.81957777,72,72.266015,89.791786,179.28918
72.16,-0.80758119,-0.80758119,-0.80758119,72,72.262171,89.828346,179.40348
72.2,-0.79542911,-0.79542911,-0.79542911,72,72.258275,89.864913,179.51777
72.24,-0.78312581,-0.78312581,-0.78312581,72,72.254331,89.901488,179.63206
72.28,-0.77067556,-0.77067556,-0.77067556,72,72.250338,89.938071,179.74635
72.32,-0.75808268,-0.75808268,-0.75808268,72,72.246299,89.974662,179.86063
72.36,-0.74535146,-0.74535146,-0.74535146,72,72.242215,90.011261,179.97492
72.4,-0.73248626,-0.73248626,-0.73248626,72,72.238087,90.047869,180.0892
72.44,-0.71949139,-0.71949139,-0.71949139,72,72.233916,90.084485,180.20347
72.48,-0.70637123,-0.70637123,-0.70637123,72,72.229704,90.121109,180.31775
72.52,-0.69313013,-0.69313013,-0.69313013,72,72.225453,90.157741,180.43202
72.56,-0.67977247,-0.67977247,-0.67977247,72,72.221163,90.194383,180.54629
72.6,-0.66630261,-0.66630261,-0.66630261,72,72.216837,90.231033,180.66056
72.64,-0.65272496,-0.65272496,-0.65272496,72,72.212475,90.267691,180.77482
72.68,-0.63904389,-0.63904389,-0.63904389,72,72.208079,90.304358,180.88908
72.72,-0.62526381,-0.62526381,-0.62526381,72,72.203651,90.341035,181.00334
72.76,-0.6113891,-0.6113891,-0.6113891,72,72.199191,90.37772,181.11759
72.8,-0.59742416,-0.59742416,-0.59742416,72,72.194702,90.414414,181.23184
72.84,-0.58337339,-0.58337339,-0.58337339,72,72.190184,90.451117,181.34609
72.88,-0.56924119,-0.56924119,-0.56924119,72,72.18564,90.487829,181.46034
72.92,-0.55503195,-0.55503195,-0.55503195,72,72.181069,90.52455,181.57458
72.96,-0.54075005,-0.54075005,-0.54075005,72,72.176475,90.56128,181.68882
73,-0.52639988,-0.52639988,-0.52639988,72,72.171859,90.59802,181.80306
73.04,-0.51198582,-0.51198582,-0.51198582,72,72.16722,90.634769,181.9173
73.08,-0.49751224,-0.49751224,-0.49751224,72,72.162563,90.671527,182.03153
73.12,-0.4829835,-0.4829835,-0.4829835,72,72.157886,90.708294,182.14576
73.16,-0.46840395,-0.46840395,-0.46840395,72,72.153193,90.745071,182.25998
73.2,-0.45377793,-0.45377793,-0.45377793,72,72.148484,90.781857,182.3742
73.24,-0.43910977,-0.43910977,-0.43910977,72,72.143761,90.818653,182.48842
73.28,-0.42440378,-0.42440378,-0.42440378,72,72.139025,90.855458,182.60264
73.32,-0.40966428,-0.40966428,-0.40966428,72,72.134277,90.892272,182.71685
73.36,-0.39489554,-0.39489554,-0.39489554,72,72.12952,90.929096,182.83106
73.4,-0.38010184,-0.38010184,-0.38010184,72,72.124753,90.965929,182.94527
73.44,-0.36528743,-0.36528743,-0.36528743,72,72.11998,91.002772,183.05948
73.48,-0.35045653,-0.35045653,-0.35045653,72,72.1152,91.039625,183.17368
73.52,-0.33561338,-0.33561338,-0.33561338,72,72.110416,91.076487,183.28787
73.56,-0.32076214,-0.32076214,-0.32076214,72,72.105629,91.113359,183.40207
73.6,-0.30590701,-0.30590701,-0.30590701,72,72.10084,91.15024,183.51626
73.64,-0.29105213,-0.29105213,-0.29105213,72,72.09605,91.18713,183.63045
73.68,-0.27620162,-0.27620162,-0.27620162,72,72.091261,91.224031,183.74464
73.72,-0.26135959,-0.26135959,-0.26135959,72,72.086474,91.26094,183.85882
73.76,-0.2465301,-0.2465301,-0.2465301,72,72.081691,91.29786,183.973
73.8,-0.2317172,-0.2317172,-0.2317172,72,72.076912,91.334788,184.08717
73.84,-0.21692492,-0.21692492,-0.21692492,72,72.07214,91.371727,184.20135
73.88,-0.20215724,-0.20215724,-0.20215724,72,72.067375,91.408675,184.31552
73.92,-0.18741812,-0.18741812,-0.18741812,72,72.062618,91.445632,184.42969
73.96,-0.1727115,-0.1727115,-0.1727115,72,72.057871,91.482599,184.54385
74,-0.15804127,-0.15804127,-0.15804127,72,72.053136,91.519575,184.65801
74.04,-0.1434113,-0.1434113,-0.1434113,72,72.048413,91.55656,184.77217
74.08,-0.12882542,-0.12882542,-0.12882542,72,72.043703,91.593555,184.88632
74.12,-0.11428743,-0.11428743,-0.11428743,72,72.039009,91.63056,185.00048
74.16,-0.099801093,-0.099801093,-0.099801093,72,72.03433,91.667573,185.11462
74.2,-0.085370137,-0.085370137,-0.085370137,72,72.029669,91.704596,185.22877
74.24,-0.070998253,-0.070998253,-0.070998253,72,72.025026,91.741628,185.34291
74.28,-0.056689093,-0.056689093,-0.056689093,72,72.020403,91.77867,185.45705
74.32,-0.042446272,-0.042446272,-0.042446272,72,72.015801,91.81572,185.57119
74.36,-0.028273365,-0.028273365,-0.028273365,72,72.011221,91.85278,185.68532
74.4,-0.014173909,-0.014173909,-0.014173909,72,72.006664,91.889849,185.79946
74.44,-0.00015139784,-0.00015139784,-0.00015139784,72,72.002131,91.926927,185.91358
74.48,0.013790715,0.013790715,0.013790715,72,71.997624,91.964013,186.02771
74.52,0.027649018,0.027649018,0.027649018,72,71.993143,92.001109,186.14183
74.56,0.041420142,0.041420142,0.041420142,72,71.98869,92.038214,186.25595
74.6,0.055100763,0.055100763,0.055100763,72,71.984265,92.075327,186.37007
74.64,0.0686876,0.0686876,0.0686876,72,71.979871,92.112449,186.48418
74.68,0.082177417,0.082177417,0.082177417,72,71.975507,92.14958,186.59829
74.72,0.095567023,0.095567023,0.095567023,72,71.971175,92.186719,186.7124
74.76,0.10885328,0.10885328,0.10885328,72,71.966875,92.223867,186.82651
74.8,0.12203307,0.12203307,0.12203307,72,71.96261,92.261024,186.94061
74.84,0.13510337,0.13510337,0.13510337,72,71.958379,92.298189,187.05471
74.88,0.14806117,0.14806117,0.14806117,72,71.954185,92.335362,187.1688
74.92,0.1609035,0.1609035,0.1609035,72,71.950027,92.372544,187.2829
74.96,0.17362747,0.17362747,0.17362747,72,71.945907,92.409734,187.39699
75,0.18623023,0.18623023,0.18623023,72,71.941825,92.446931,187.51108
75.04,0.19870896,0.19870896,0.19870896,72,71.937783,92.484137,187.62517
75.08,0.21106091,0.21106091,0.21106091,72,71.933782,92.521351,187.73925
75.12,0.22328338,0.22328338,0.22328338,72,71.929822,92.558573,187.85333
75.16,0.23537371,0.23537371,0.23537371,72,71.925904,92.595803,187.96741
75.2,0.24732932,0.24732932,0.24732932,72,71.922029,92.63304,188.08149
75.24,0.25914764,0.25914764,0.25914764,72,71.918198,92.670285,188.19556
75.28,0.27082618,0.27082618,0.27082618,72,71.914412,92.707537,188.30963
75.32,0.2823625,0.2823625,0.2823625,72,71.910671,92.744797,188.4237
75.36,0.29375422,0.29375422,0.29375422,72,71.906976,92.782065,188.53777
75.4,0.304999,0.304999,0.304999,72,71.903329,92.819339,188.65183
75.44,0.31609455,0.31609455,0.31609455,72,71.899729,92.856621,188.76589
75.48,0.32703865,0.32703865,0.32703865,72,71.896178,92.89391,188.87995
75.52,0.33782914,0.33782914,0.33782914,72,71.892676,92.931205,188.99401
75.56,0.34846389,0.34846389,0.34846389,72,71.889224,92.968508,189.10806
75.6,0.35894084,0.35894084,0.35894084,72,71.885822,93.005817,189.22212
75.64,0.36925799,0.36925799,0.36925799,72,71.882472,93.043134,189.33617
75.68,0.37941339,0.37941339,0.37941339,72,71.879173,93.080456,189.45022
75.72,0.38940515,0.38940515,0.38940515,72,71.875928,93.117785,189.56426
75.76,0.39923143,0.39923143,0.39923143,72,71.872735,93.155121,189.67831
75.8,0.40889046,0.40889046,0.40889046,72,71.869595,93.192462,189.79235
75.84,0.41838049,0.41838049,0.41838049,72,71.86651,93.22981,189.90639
75.88,0.42769988,0.42769988,0.42769988,72,71.86348,93.267164,190.02043
75.92,0.43684701,0.43684701,0.43684701,72,71.860505,93.304524,190.13446
75.96,0.44582033,0.44582033,0.44582033,72,71.857586,93.341889,190.2485
76,0.45461834,0.45461834,0.45461834,72,71.854724,93.379261,190.36253
76.04,0.46323961,0.46323961,0.46323961,72,71.851918,93.416638,190.47656
76.08,0.47168275,0.47168275,0.47168275,72,71.849169,93.45402,190.59059
76.12,0.47994645,0.47994645,0.47994645,72,71.846478,93.491408,190.70462
76.16,0.48802942,0.48802942,0.48802942,72,71.843845,93.528801,190.81864
76.2,0.49593048,0.49593048,0.49593048,72,71.84127,93.566199,190.93266
76.24,0.50364846,0.50364846,0.50364846,72,71.838754,93.603602,191.04669
76.28,0.51118227,0.51118227,0.51118227,72,71.836298,93.64101,191.16071
76.32,0.51853088,0.51853088,0.51853088,72,71.833901,93.678422,191.27473
76.36,0.5256933,0.5256933,0.5256933,72,71.831564,93.71584,191.38874
76.4,0.53266863,0.53266863,0.53266863,72,71.829287,93.753262,191.50276
76.44,0.53945598,0.53945598,0.53945598,72,71.827071,93.790688,191.61677
76.48,0.54605456,0.54605456,0.54605456,72,71.824915,93.828119,191.73079
76.52,0.55246361,0.55246361,0.55246361,72,71.82282,93.865554,191.8448
76.56,0.55868245,0.55868245,0.55868245,72,71.820787,93.902992,191.95881
76.6,0.56471043,0.56471043,0.56471043,72,71.818815,93.940435,192.07282
76.64,0.57054697,0.57054697,0.57054697,72,71.816905,93.977882,192.18682
76.68,0.57619156,0.57619156,0.57619156,72,71.815056,94.015332,192.30083
76.72,0.58164373,0.58164373,0.58164373,72,71.81327,94.052786,192.41484
76.76,0.58690307,0.58690307,0.58690307,72,71.811545,94.090243,192.52884
76.8,0.59196921,0.59196921,0.59196921,72,71.809883,94.127703,192.64284
76.84,0.59684187,0.59684187,0.59684187,72,71.808283,94.165167,192.75685
76.88,0.60152079,0.60152079,0.60152079,72,71.806746,94.202634,192.87085
76.92,0.6060058,0.6060058,0.6060058,72,71.805271,94.240104,192.98485
76.96,0.61029676,0.61029676,0.61029676,72,71.803859,94.277576,193.09885
77,0.61439358,0.61439358,0.61439358,72,71.802509,94.315051,193.21284
77.04,0.61829625,0.61829625,0.61829625,72,71.801222,94.352529,193.32684
77.08,0.62200479,0.62200479,0.62200479,72,71.799997,94.390009,193.44084
77.12,0.62551929,0.62551929,0.62551929,72,71.798835,94.427492,193.55483
77.16,0.62883988,0.62883988,0.62883988,72,71.797736,94.464976,193.66883
77.2,0.63196676,0.63196676,0.63196676,72,71.796699,94.502463,193.78282
77.24,0.63490017,0.63490017,0.63490017,72,71.795724,94.539952,193.89682
77.28,0.6376404,0.6376404,0.6376404,72,71.794812,94.577442,194.01081
77.32,0.6401878,0.6401878,0.6401878,72,71.793962,94.614935,194.1248
77.36,0.64254276,0.64254276,0.64254276,72,71.793174,94.652428,194.2388
77.4,0.64470575,0.64470575,0.64470575,72,71.792448,94.689924,194.35279
77.44,0.64667725,0.64667725,0.64667725,72,71.791784,94.72742,194.46678
77.48,0.64845783,0.64845783,0.64845783,72,71.791182,94.764918,194.58077
77.52,0.65004807,0.65004807,0.65004807,72,71.790641,94.802417,194.69476
77.56,0.65144863,0.65144863,0.65144863,72,71.790161,94.839916,194.80875
77.6,0.65266021,0.65266021,0.65266021,72,71.789742,94.877417,194.92274
77.64,0.65368356,0.65368356,0.65368356,72,71.789384,94.914918,195.03673
77.68,0.65451947,0.65451947,0.65451947,72,71.789087,94.95242,195.15072
77.72,0.65516879,0.65516879,0.65516879,72,71.78885,94.989923,195.26471
77.76,0.6556324,0.6556324,0.6556324,72,71.788673,95.027425,195.3787
77.8,0.65591125,0.65591125,0.65591125,72,71.788555,95.064928,195.49269
77.84,0.65600631,0.65600631,0.65600631,72,71.788497,95.102431,195.60668
77.88,0.65591861,0.65591861,0.65591861,72,71.788499,95.139934,195.72067
77.92,0.65564922,0.65564922,0.65564922,72,71.788558,95.177437,195.83465
77.96,0.65519927,0.65519927,0.65519927,72,71.788677,95.21494,195.94864
78,0.65456991,0.65456991,0.65456991,72,71.788853,95.252443,196.06263
78.04,0.65376235,0.65376235,0.65376235,72,71.789087,95.289944,196.17662
78.08,0.65277784,0.65277784,0.65277784,72,71.789378,95.327446,196.29061
78.12,0.65161765,0.65161765,0.65161765,72,71.789726,95.364946,196.4046
78.16,0.65028313,0.65028313,0.65028313,72,71.790131,95.402446,196.51859
78.2,0.64877564,0.64877564,0.64877564,72,71.790591,95.439945,196.63258
78.24,0.64709659,0.64709659,0.64709659,72,71.791107,95.477443,196.74657
78.28,0.64524744,0.64524744,0.64524744,72,71.791678,95.51494,196.86056
78.32,0.64322967,0.64322967,0.64322967,72,71.792303,95.552435,196.97456
78.36,0.64104481,0.64104481,0.64104481,72,71.792983,95.589929,197.08855
78.4,0.63869443,0.63869443,0.63869443,72,71.793716,95.627422,197.20254
78.44,0.63618013,0.63618013,0.63618013,72,71.794503,95.664913,197.31653
78.48,0.63350355,0.63350355,0.63350355,72,71.795341,95.702403,197.43053
78.52,0.63066636,0.63066636,0.63066636,72,71.796232,95.73989,197.54452
78.56,0.62767027,0.62767027,0.62767027,72,71.797175,95.777376,197.65852
78.6,0.62451702,0.62451702,0.62451702,72,71.798168,95.81486,197.77251
78.64,0.6212084,0.6212084,0.6212084,72,71.799212,95.852342,197.88651
78.68,0.61774622,0.61774622,0.61774622,72,71.800305,95.889821,198.00051
78.72,0.61413231,0.61413231,0.61413231,72,71.801448,95.927299,198.1145
78.76,0.61036854,0.61036854,0.61036854,72,71.802639,95.964774,198.2285
78.8,0.60645684,0.60645684,0.60645684,72,71.803879,96.002246,198.3425
78.84,0.60239912,0.60239912,0.60239912,72,71.805165,96.039716,198.4565
78.88,0.59819736,0.59819736,0.59819736,72,71.806499,96.077183,198.5705
78.92,0.59385355,0.59385355,0.59385355,72,71.807878,96.114648,198.6845
78.96,0.5893697,0.5893697,0.5893697,72,71.809303,96.152109,198.79851
79,0.58474788,0.58474788,0.58474788,72,71.810773,96.189568,198.91251
79.04,0.57999014,0.57999014,0.57999014,72,71.812287,96.227024,199.02651
79.08,0.57509861,0.57509861,0.57509861,72,71.813844,96.264477,199.14052
79.12,0.57007539,0.57007539,0.57007539,72,71.815444,96.301926,199.25453
79.16,0.56492265,0.56492265,0.56492265,72,71.817086,96.339372,199.36853
79.2,0.55964255,0.55964255,0.55964255,72,71.81877,96.376815,199.48254
79.24,0.55423729,0.55423729,0.55423729,72,71.820494,96.414254,199.59655
79.28,0.5487091,0.5487091,0.5487091,72,71.822258,96.45169,199.71056
79.32,0.54306021,0.54306021,0.54306021,72,71.824062,96.489123,199.82458
79.36,0.53729289,0.53729289,0.53729289,72,71.825904,96.526551,199.93859
79.4,0.53140941,0.53140941,0.53140941,72,71.827784,96.563976,200.05261
79.44,0.52541208,0.52541208,0.52541208,72,71.8297,96.601397,200.16662
79.48,0.51930321,0.51930321,0.51930321,72,71.831653,96.638815,200.28064
79.52,0.51308515,0.51308515,0.51308515,72,71.833642,96.676228,200.39466
79.56,0.50676024,0.50676024,0.50676024,72,71.835666,96.713637,200.50868
79.6,0.50033085,0.50033085,0.50033085,72,71.837723,96.751042,200.6227
79.64,0.49379938,0.49379938,0.49379938,72,71.839814,96.788443,200.73672
79.68,0.48716822,0.48716822,0.48716822,72,71.841937,96.82584,200.85075
79.72,0.48043978,0.48043978,0.48043978,72,71.844092,96.863232,200.96477
79.76,0.47361649,0.47361649,0.47361649,72,71.846278,96.90062,201.0788
79.8,0.46670079,0.46670079,0.46670079,72,71.848494,96.938004,201.19283
79.84,0.45969514,0.45969514,0.45969514,72,71.85074,96.975383,201.30686
79.88,0.45260198,0.45260198,0.45260198,72,71.853014,97.012758,201.42089
79.92,0.44542381,0.44542381,0.44542381,72,71.855316,97.050128,201.53492
79.96,0.43816309,0.43816309,0.43816309,72,71.857645,97.087494,201.64895
80,0.43082231,0.43082231,0.43082231,72,71.86,97.124854,201.76299
