0,0.8,0.8,1,0
0.002,0.8,0.7999999866933334,1,1.330666666666667e-08
0.004,0.8,0.7999998937590415,1,1.062409585791992e-07
0.006,0.8,0.7999996421523397,1,3.578476604116746e-07
0.008,0.8,0.7999991534608074,1,8.465391926350232e-07
0.01,0.8,0.7999983499005994,1,1.65009940065683e-06
0.012,0.8,0.7999971543126763,1,2.845687323786018e-06
0.014,0.8,0.7999954901590559,1,4.509840944123094e-06
0.016,0.8,0.7999932815190846,1,6.718480915476187e-06
0.018,0.8,0.7999904530857277,1,9.546914272402597e-06
0.02,0.8,0.7999869301618806,1,1.306983811947512e-05
0.022,0.8,0.7999826386566992,1,1.73613433008719e-05
0.024,0.8,0.7999775050819496,1,2.249491805038815e-05
0.026,0.8,0.7999714565483781,1,2.854345162196759e-05
0.028,0.8,0.7999644207620992,1,3.557923790085082e-05
0.03,0.8,0.7999563260210046,1,4.36739789954378e-05
0.032,0.8,0.7999471012111901,1,5.289878880996057e-05
0.034,0.8,0.799936675803402,1,6.332419659806239e-05
0.036,0.8,0.7999249798495026,1,7.502015049737876e-05
0.038,0.8,0.7999119439789548,1,8.805602104521521e-05
0.04,0.8,0.7998974993953246,1,0.0001025006046754168
0.042,0.8,0.7998815778728036,1,0.0001184221271965232
0.044,0.8,0.7998641117527487,1,0.0001358882472513028
0.046,0.8,0.7998450339402423,1,0.0001549660597577599
0.048,0.8,0.7998242779006683,1,0.0001757220993317071
0.05,0.8,0.799801777656309,1,0.0001982223436909951
0.052,0.8,0.7997774677829586,1,0.0002225322170414923
0.054,0.8,0.7997512834065551,1,0.0002487165934449059
0.056,0.8,0.7997231601998315,1,0.0002768398001685343
0.058,0.8,0.799693034378983,1,0.0003069656210170428
0.06,0.8,0.7996608427003536,1,0.0003391572996463517
0.062,0.8,0.7996265224571403,1,0.0003734775428597276
0.064,0.8,0.7995900114761139,1,0.0004099885238861658
0.066,0.8,0.7995512481143588,1,0.0004487518856411535
0.068,0.8,0.7995101712560302,1,0.0004898287439699027
0.07000000000000001,0.8,0.7994667203091269,1,0.0005332796908731398
0.07200000000000001,0.8,0.7994208352022845,1,0.0005791647977155396
0.074,0.8,0.7993724563815832,1,0.0006275436184168917
0.076,0.8,0.799321524807374,1,0.0006784751926260852
0.078,0.8,0.799267981951122,1,0.0007320180488779983
0.08,0.8,0.7992117697922667,1,0.0007882302077333791
0.082,0,-0.0008471558515684688,-1,0.0008471558515684688
0.08400000000000001,0,-0.0009087325444467015,-1,0.0009087325444467015
0.08600000000000001,0,-0.0009728584827473713,-1,0.0009728584827473713
0.08799999999999999,0,-0.001039432651199951,-1,0.001039432651199951
0.09,0,-0.001108354800416829,-1,0.001108354800416829
0.092,0,-0.001179525442388283,-1,0.001179525442388283
0.094,0,-0.001252845846001208,-1,0.001252845846001208
0.096,0,-0.001328218032581494,-1,0.001328218032581494
0.098,0,-0.00140554477145993,-1,0.00140554477145993
0.1,0,-0.001484729575561525,-1,0.001484729575561525
0.102,0,-0.00156567669701811,-1,0.00156567669701811
0.104,0,-0.001648291122804133,-1,0.001648291122804133
0.106,0,-0.001732478570395512,-1,0.001732478570395512
0.108,0,-0.001818145483451436,-1,0.001818145483451436
0.11,0,-0.001905199027519001,-1,0.001905199027519001
0.112,0,-0.001993547085760574,-1,0.001993547085760574
0.114,0,-0.002083098254703755,-1,0.002083098254703755
0.116,0,-0.002173761840013848,-1,0.002173761840013848
0.118,0,-0.002265447852288706,-1,0.002265447852288706
0.12,0,-0.002358067002875851,-1,0.002358067002875851
0.122,0,-0.002451530699711765,-1,0.002451530699711765
0.124,0,-0.002545751043183217,-1,0.002545751043183217
0.126,0,-0.002640640822010551,-1,0.002640640822010551
0.128,0,-0.00273611350915279,-1,0.00273611350915279
0.13,0,-0.002832083257734475,-1,0.002832083257734475
0.132,0,-0.002928464896994118,-1,0.002928464896994118
0.134,0,-0.003025173928254158,-1,0.003025173928254158
0.136,0,-0.003122126520912329,-1,0.003122126520912329
0.138,0,-0.003219239508454308,-1,0.003219239508454308
0.14,0,-0.003316430384487567,-1,0.003316430384487567
0.142,0,-0.003413617298796297,-1,0.003413617298796297
0.144,0,-0.003510719053417313,-1,0.003510719053417313
0.146,0,-0.003607655098736835,-1,0.003607655098736835
0.148,0,-0.00370434552960803,-1,0.00370434552960803
0.15,0,-0.003800711081489233,-1,0.003800711081489233
0.152,0,-0.003896673126602714,-1,0.003896673126602714
0.154,0,-0.003992153670113917,-1,0.003992153670113917
0.156,0,-0.004087075346331051,-1,0.004087075346331051
0.158,0,-0.004181361414924941,-1,0.004181361414924941
0.16,0,-0.004274935757169025,-1,0.004274935757169025
0.162,0,-0.004367722872199414,-1,0.004367722872199414
0.164,0,-0.004459647873294905,-1,0.004459647873294905
0.166,0,-0.004550636484176841,-1,0.004550636484176841
0.168,0,-0.004640615035328735,-1,0.004640615035328735
0.17,0,-0.004729510460335541,-1,0.004729510460335541
0.172,0,-0.004817250292242493,-1,0.004817250292242493
0.174,0,-0.004903762659933394,-1,0.004903762659933394
0.176,0,-0.004988976284528277,-1,0.004988976284528277
0.178,0,-0.005072820475800321,-1,0.005072820475800321
0.18,0,-0.005155225128611949,-1,0.005155225128611949
0.182,0,-0.005236120719369988,-1,0.005236120719369988
0.184,0,-0.005315438302499816,-1,0.005315438302499816
0.186,0,-0.005393109506938385,-1,0.005393109506938385
0.188,0,-0.005469066532646035,-1,0.005469066532646035
0.19,0,-0.005543242147137006,-1,0.005543242147137006
0.192,0,-0.005615569682028544,-1,0.005615569682028544
0.194,0,-0.005685983029608518,-1,0.005685983029608518
0.196,0,-0.005754416639421453,-1,0.005754416639421453
0.198,0,-0.005820805514872881,-1,0.005820805514872881
0.2,0,-0.005885085209851927,-1,0.005885085209851927
0.202,0,-0.005947191825372026,-1,0.005947191825372026
0.204,0,-0.006007062006229703,-1,0.006007062006229703
0.206,0,-0.006064632937681293,-1,0.006064632937681293
0.208,0,-0.006119842342137541,-1,0.006119842342137541
0.21,0,-0.006172628475875972,-1,0.006172628475875972
0.212,0,-0.006222930125770954,-1,0.006222930125770954
0.214,0,-0.006270686606041358,-1,0.006270686606041358
0.216,0,-0.006315837755015729,-1,0.006315837755015729
0.218,0,-0.006358323931914883,-1,0.006358323931914883
0.22,0,-0.006398086013651835,-1,0.006398086013651835
0.222,0,-0.006435065391648978,-1,0.006435065391648978
0.224,0,-0.006469203968672428,-1,0.006469203968672428
0.226,0,-0.006500444155683431,-1,0.006500444155683431
0.228,0,-0.006528728868706776,-1,0.006528728868706776
0.23,0,-0.006554001525716103,-1,0.006554001525716103
0.232,0,-0.006576206043536029,-1,0.006576206043536029
0.234,0,-0.006595286834761013,-1,0.006595286834761013
0.236,0,-0.006611188804690868,-1,0.006611188804690868
0.238,0,-0.006623857348282839,-1,0.006623857348282839
0.24,0,-0.006633238347120166,-1,0.006633238347120166
0.242,0,-0.006639278166397049,-1,0.006639278166397049
0.244,0,-0.006641923651919921,-1,0.006641923651919921
0.246,0,-0.006641122127124965,-1,0.006641122127124965
0.248,0,-0.006636821390111782,-1,0.006636821390111782
0.25,0,-0.006628969710693127,-1,0.006628969710693127
0.252,0,-0.006617515827460643,-1,0.006617515827460643
0.254,0,-0.006602408944866493,-1,0.006602408944866493
0.256,0,-0.006583598730320838,-1,0.006583598730320838
0.258,0,-0.006561035311305048,-1,0.006561035311305048
0.26,0,-0.006534669272500598,-1,0.006534669272500598
0.262,0,-0.00650445165293354,-1,0.00650445165293354
0.264,0,-0.006470333943134506,-1,0.006470333943134506
0.266,0,-0.006432268082314129,-1,0.006432268082314129
0.268,0,-0.006390206455553828,-1,0.006390206455553828
0.27,0,-0.00634410189101187,-1,0.00634410189101187
0.272,0,-0.006293907657144633,-1,0.006293907657144633
0.274,0,-0.006239577459942994,-1,0.006239577459942994
0.276,0,-0.006181065440183767,-1,0.006181065440183767
0.278,0,-0.006118326170696108,-1,0.006118326170696108
0.28,0,-0.006051314653642822,-1,0.006051314653642822
0.282,0,-0.005979986317816486,-1,0.005979986317816486
0.284,0,-0.005904297015950323,-1,0.005904297015950323
0.286,0,-0.00582420302204374,-1,0.00582420302204374
0.288,0,-0.005739661028702471,-1,0.005739661028702471
0.29,0,-0.005650628144493237,-1,0.005650628144493237
0.292,0,-0.005557061891312859,-1,0.005557061891312859
0.294,0,-0.005458920201771745,-1,0.005458920201771745
0.296,0,-0.005356161416591682,-1,0.005356161416591682
0.298,0,-0.005248744282017858,-1,0.005248744282017858
0.3,0,-0.005136627947245044,-1,0.005136627947245044
0.302,0,-0.005019771961857859,-1,0.005019771961857859
0.304,0,-0.004898136273285058,-1,0.004898136273285058
0.306,0,-0.004771681224267754,-1,0.004771681224267754
0.308,0,-0.004640367550341524,-1,0.004640367550341524
0.31,0,-0.004504156377332314,-1,0.004504156377332314
0.312,0,-0.004363009218866074,-1,0.004363009218866074
0.314,0,-0.004216887973892058,-1,0.004216887973892058
0.316,0,-0.004065754924219724,-1,0.004065754924219724
0.318,0,-0.003909572732069148,-1,0.003909572732069148
0.32,0,-0.003748304437634909,-1,0.003748304437634909
0.322,0,-0.003581913456663342,-1,0.003581913456663342
0.324,0,-0.003410363578043129,-1,0.003410363578043129
0.326,0,-0.003233618961409134,-1,0.003233618961409134
0.328,0,-0.003051644134759422,-1,0.003051644134759422
0.33,0,-0.002864403992085394,-1,0.002864403992085394
0.332,0,-0.002671863791014981,-1,0.002671863791014981
0.334,0,-0.002473989150468814,-1,0.002473989150468814
0.336,0,-0.002270746048329314,-1,0.002270746048329314
0.338,0,-0.002062100819122638,-1,0.002062100819122638
0.34,0,-0.001848020151713406,-1,0.001848020151713406
0.342,0,-0.001628471087012157,-1,0.001628471087012157
0.344,0,-0.001403421015695454,-1,0.001403421015695454
0.346,0,-0.001172837675938591,-1,0.001172837675938591
0.348,0,-0.0009366891511608164,-1,0.0009366891511608164
0.35,0,-0.0006949438677830317,-1,0.0006949438677830317
0.352,0,-0.0004475705929978847,-1,0.0004475705929978847
0.354,0,-0.0001945384325522023,-1,0.0001945384325522023
0.356,0,6.418317145830306e-05,1,-6.418317145830306e-05
0.358,0,0.0003285845316176697,1,-0.0003285845316176697
0.36,0,0.0005985497415351647,1,-0.0005985497415351647
0.362,0,0.0008739504850308623,1,-0.0008739504850308623
0.364,0,0.001154659381737613,1,-0.001154659381737613
0.366,0,0.00144054998167436,1,-0.00144054998167436
0.368,0,0.001731496759847869,1,-0.001731496759847869
0.37,0,0.002027375110882732,1,-0.002027375110882732
0.372,0,0.002328061343679503,1,-0.002328061343679503
0.374,0,0.002633432676100831,1,-0.002633432676100831
0.376,0,0.002943367229685445,1,-0.002943367229685445
0.378,0,0.003257744024389861,1,-0.003257744024389861
0.38,0,0.003576442973357665,1,-0.003576442973357665
0.382,0,0.003899344877716252,1,-0.003899344877716252
0.384,0,0.004226331421400857,1,-0.004226331421400857
0.386,0,0.004557285166005776,1,-0.004557285166005776
0.388,0,0.004892089545662619,1,-0.004892089545662619
0.39,0,0.005230628861945466,1,-0.005230628861945466
0.392,0,0.005572788278802802,1,-0.005572788278802802
0.394,0,0.005918453817516087,1,-0.005918453817516087
0.396,0,0.006267512351684837,1,-0.006267512351684837
0.398,0,0.006619851602238081,1,-0.006619851602238081
0.4,0,0.006975360132472061,1,-0.006975360132472061
0.402,0,0.007333927343114052,1,-0.007333927343114052
0.404,0,0.007695443467412164,1,-0.007695443467412164
0.406,0,0.008059799566251009,1,-0.008059799566251009
0.408,0,0.00842688752329309,1,-0.00842688752329309
0.41,0,0.008796600040145795,1,-0.008796600040145795
0.412,0,0.009168830631553862,1,-0.009168830631553862
0.414,0,0.009543473620617207,1,-0.009543473620617207
0.416,0,0.009920424134033951,1,-0.009920424134033951
0.418,0,0.01029957809736857,1,-0.01029957809736857
0.42,0,0.01068083223034498,1,-0.01068083223034498
0.422,0,0.01106408404216455,1,-0.01106408404216455
0.424,0,0.01144923182684873,1,-0.01144923182684873
0.426,0,0.01183617465860636,1,-0.01183617465860636
0.428,0,0.01222481238722545,1,-0.01222481238722545
0.43,0,0.0126150456334893,1,-0.0126150456334893
0.432,0,0.01300677578461686,1,-0.01300677578461686
0.434,0,0.01339990498972722,1,-0.01339990498972722
0.436,0,0.01379433615532808,1,-0.01379433615532808
0.438,0,0.01418997294082815,1,-0.01418997294082815
0.44,0,0.0145867197540732,1,-0.0145867197540732
0.442,0,0.01498448174690589,1,-0.01498448174690589
0.444,0,0.01538316481074899,1,-0.01538316481074899
0.446,0,0.01578267557221213,1,-0.01578267557221213
0.448,0,0.01618292138872173,1,-0.01618292138872173
0.45,0,0.01658381034417422,1,-0.01658381034417422
0.452,0,0.01698525124461216,1,-0.01698525124461216
0.454,0,0.01738715361392348,1,-0.01738715361392348
0.456,0,0.01778942768956345,1,-0.01778942768956345
0.458,0,0.01819198441829936,1,-0.01819198441829936
0.46,0,0.01859473545197782,1,-0.01859473545197782
0.462,0,0.01899759314331462,1,-0.01899759314331462
0.464,0,0.01940047054170684,1,-0.01940047054170684
0.466,0,0.01980328138906729,1,-0.01980328138906729
0.468,0,0.02020594011568119,1,-0.02020594011568119
0.47,0,0.0206083618360847,1,-0.0206083618360847
0.472,0,0.02101046234496558,1,-0.02101046234496558
0.474,0,0.02141215811308555,1,-0.02141215811308555
0.476,0,0.02181336628322443,1,-0.02181336628322443
0.478,0,0.02221400466614587,1,-0.02221400466614587
0.48,0,0.02261399173658455,1,-0.02261399173658455
0.482,0,0.02301324662925483,1,-0.02301324662925483
0.484,0,0.02341168913488065,1,-0.02341168913488065
0.486,0,0.0238092396962466,1,-0.0238092396962466
0.488,0,0.02420581940427011,1,-0.02420581940427011
0.49,0,0.02460134999409455,1,-0.02460134999409455
0.492,0,0.02499575384120325,1,-0.02499575384120325
0.494,0,0.02538895395755424,1,-0.02538895395755424
0.496,0,0.02578087398773563,1,-0.02578087398773563
0.498,0,0.02617143820514164,1,-0.02617143820514164
0.5,0,0.02656057150816894,1,-0.02656057150816894
0.502,0,0.02694819941643345,1,-0.02694819941643345
0.504,0,0.02733424806700731,1,-0.02733424806700731
0.506,0,0.02771864421067607,1,-0.02771864421067607
0.508,0,0.02810131520821584,1,-0.02810131520821584
0.51,0,0.02848218902669044,1,-0.02848218902669044
0.512,0,0.02886119423576838,1,-0.02886119423576838
0.514,0,0.02923826000405957,1,-0.02923826000405957
0.516,0,0.02961331609547167,1,-0.02961331609547167
0.518,0,0.02998629286558604,1,-0.02998629286558604
0.52,0,0.03035712125805306,1,-0.03035712125805306
0.522,0,0.03072573280100685,1,-0.03072573280100685
0.524,0,0.03109205960349925,1,-0.03109205960349925
0.526,0,0.03145603435195288,1,-0.03145603435195288
0.528,0,0.03181759030663342,1,-0.03181759030663342
0.53,0,0.03217666129814065,1,-0.03217666129814065
0.532,0,0.03253318172391852,1,-0.03253318172391852
0.534,0,0.03288708654478394,1,-0.03288708654478394
0.536,0,0.03323831128147423,1,-0.03323831128147423
0.538,0,0.03358679201121318,1,-0.03358679201121318
0.54,0,0.03393246536429563,1,-0.03393246536429563
0.542,0,0.03427526852069038,1,-0.03427526852069038
0.544,0,0.0346151392066615,1,-0.0346151392066615
0.546,0,0.03495201569140773,1,-0.03495201569140773
0.548,0,0.03528583678372016,1,-0.03528583678372016
0.55,0,0.03561654182865784,1,-0.03561654182865784
0.552,0,0.03594407070424133,1,-0.03594407070424133
0.554,0,0.03626836381816417,1,-0.03626836381816417
0.556,0,0.03658936210452202,1,-0.03658936210452202
0.5580000000000001,0,0.03690700702055961,1,-0.03690700702055961
0.5600000000000001,0,0.03722124054343509,1,-0.03722124054343509
0.5620000000000001,0,0.03753200516700206,1,-0.03753200516700206
0.5640000000000001,0,0.03783924389860886,1,-0.03783924389860886
0.5660000000000001,0,0.0381429002559153,1,-0.0381429002559153
0.5680000000000001,0,0.03844291826372651,1,-0.03844291826372651
0.5700000000000001,0,0.03873924245084405,1,-0.03873924245084405
0.5720000000000001,0,0.03903181784693396,1,-0.03903181784693396
0.5740000000000001,0,0.0393205899794119,1,-0.0393205899794119
0.5760000000000001,0,0.03960550487034509,1,-0.03960550487034509
0.578,0,0.03988650903337107,1,-0.03988650903337107
0.58,0,0.04016354947063325,1,-0.04016354947063325
0.582,0,0.04043657366973297,1,-0.04043657366973297
0.584,0,0.04070552960069823,1,-0.04070552960069823
0.586,0,0.04097036571296878,1,-0.04097036571296878
0.588,0,0.04123103093239767,1,-0.04123103093239767
0.59,0,0.04148747465826912,1,-0.04148747465826912
0.592,0,0.04173964676033244,1,-0.04173964676033244
0.594,0,0.04198749757585234,1,-0.04198749757585234
0.596,0,0.04223097790667506,1,-0.04223097790667506
0.598,0,0.04247003901631064,1,-0.04247003901631064
0.6,0,0.04270463262703099,1,-0.04270463262703099
0.602,0,0.04293471091698379,1,-0.04293471091698379
0.604,0,0.04316022651732213,1,-0.04316022651732213
0.606,0,0.04338113250934982,1,-0.04338113250934982
0.608,0,0.04359738242168223,1,-0.04359738242168223
0.61,0,0.04380893022742268,1,-0.04380893022742268
0.612,0,0.04401573034135418,1,-0.04401573034135418
0.614,0,0.04421773761714655,1,-0.04421773761714655
0.616,0,0.04441490734457881,1,-0.04441490734457881
0.618,0,0.04460719524677673,1,-0.04460719524677673
0.62,0,0.04479455747746543,1,-0.04479455747746543
0.622,0,0.04497695061823719,1,-0.04497695061823719
0.624,0,0.04515433167583395,1,-0.04515433167583395
0.626,0,0.04532665807944494,1,-0.04532665807944494
0.628,0,0.04549388767801894,1,-0.04549388767801894
0.63,0,0.04565597873759135,1,-0.04565597873759135
0.632,0,0.04581288993862586,1,-0.04581288993862586
0.634,0,0.04596458037337076,1,-0.04596458037337076
0.636,0,0.04611100954322968,1,-0.04611100954322968
0.638,0,0.04625213735614683,1,-0.04625213735614683
0.64,0,0.04638792412400656,1,-0.04638792412400656
0.642,0,0.04651833056004717,1,-0.04651833056004717
0.644,0,0.04664331777628902,1,-0.04664331777628902
0.646,0,0.04676284728097667,1,-0.04676284728097667
0.648,0,0.04687688097603519,1,-0.04687688097603519
0.65,0,0.04698538115454039,1,-0.04698538115454039
0.652,0,0.04708831049820301,1,-0.04708831049820301
0.654,0,0.04718563207486675,1,-0.04718563207486675
0.656,0,0.0472773093360201,1,-0.0472773093360201
0.658,0,0.04736330611432183,1,-0.04736330611432183
0.66,0,0.0474435866211402,1,-0.0474435866211402
0.662,0,0.04751811544410571,1,-0.04751811544410571
0.664,0,0.04758685754467729,1,-0.04758685754467729
0.666,0,0.04764977825572204,1,-0.04764977825572204
0.668,0,0.04770684327910827,1,-0.04770684327910827
0.67,0,0.04775801868331181,1,-0.04775801868331181
0.672,0,0.04780327090103562,1,-0.04780327090103562
0.674,0,0.04784256672684255,1,-0.04784256672684255
0.676,0,0.04787587331480112,1,-0.04787587331480112
0.678,0,0.04790315817614442,1,-0.04790315817614442
0.68,0,0.04792438917694196,1,-0.04792438917694196
0.6820000000000001,0,0.04793953453578434,1,-0.04793953453578434
0.6840000000000001,0,0.04794856282148085,1,-0.04794856282148085
0.6860000000000001,0,0.04795144295076977,1,-0.04795144295076977
0.6880000000000001,0,0.04794814418604138,1,-0.04794814418604138
0.6900000000000001,0,0.04793863613307366,1,-0.04793863613307366
0.6920000000000001,0,0.04792288873878045,1,-0.04792288873878045
0.6940000000000001,0,0.04790087228897223,1,-0.04790087228897223
0.6960000000000001,0,0.04787255740612928,1,-0.04787255740612928
0.6980000000000001,0,0.04783791504718721,1,-0.04783791504718721
0.7000000000000001,0,0.04779691650133486,1,-0.04779691650133486
0.7020000000000001,0,0.04774953338782439,1,-0.04774953338782439
0.704,0,0.0476957376537936,1,-0.0476957376537936
0.706,0,0.04763550157210037,1,-0.04763550157210037
0.708,0,0.04756879773916913,1,-0.04756879773916913
0.71,0,0.0474955990728494,1,-0.0474955990728494
0.712,0,0.04741587881028621,1,-0.04741587881028621
0.714,0,0.04732961050580242,1,-0.04732961050580242
0.716,0,0.04723676802879289,1,-0.04723676802879289
0.718,0,0.04713732556163034,1,-0.04713732556163034
0.72,0,0.04703125759758298,1,-0.04703125759758298
0.722,0,0.04691853893874372,1,-0.04691853893874372
0.724,0,0.04679914469397104,1,-0.04679914469397104
0.726,0,0.04667305027684125,1,-0.04667305027684125
0.728,0,0.04654023140361235,1,-0.04654023140361235
0.73,0,0.04640066409119917,1,-0.04640066409119917
0.732,0,0.04625432465515998,1,-0.04625432465515998
0.734,0,0.04610118970769423,1,-0.04610118970769423
0.736,0,0.04594123615565165,1,-0.04594123615565165
0.738,0,0.04577444119855249,1,-0.04577444119855249
0.74,0,0.04560078232661876,1,-0.04560078232661876
0.742,0,0.04542023731881671,1,-0.04542023731881671
0.744,0,0.04523278424091015,1,-0.04523278424091015
0.746,0,0.0450384014435248,1,-0.0450384014435248
0.748,0,0.04483706756022346,1,-0.04483706756022346
0.75,0,0.04462876150559208,1,-0.04462876150559208
0.752,0,0.04441346247333654,1,-0.04441346247333654
0.754,0,0.04419114993439017,1,-0.04419114993439017
0.756,0,0.04396180363503196,1,-0.04396180363503196
0.758,0,0.0437254035950153,1,-0.0437254035950153
0.76,0,0.04348193010570739,1,-0.04348193010570739
0.762,0,0.04323136372823899,1,-0.04323136372823899
0.764,0,0.04297368529166478,1,-0.04297368529166478
0.766,0,0.04270887589113399,1,-0.04270887589113399
0.768,0,0.04243691688607141,1,-0.04243691688607141
0.77,0,0.04215778989836869,1,-0.04215778989836869
0.772,0,0.04187147681058587,1,-0.04187147681058587
0.774,0,0.04157795976416302,1,-0.04157795976416302
0.776,0,0.04127722115764212,1,-0.04127722115764212
0.778,0,0.04096924364489891,1,-0.04096924364489891
0.78,0,0.04065401013338485,1,-0.04065401013338485
0.782,0,0.04033150378237891,1,-0.04033150378237891
0.784,0,0.04000170800124944,1,-0.04000170800124944
0.786,0,0.03966460644772581,1,-0.03966460644772581
0.788,0,0.03932018302617985,1,-0.03932018302617985
0.79,0,0.03896842188591713,1,-0.03896842188591713
0.792,0,0.03860930741947785,1,-0.03860930741947785
0.794,0,0.03824282426094752,1,-0.03824282426094752
0.796,0,0.0378689572842771,1,-0.0378689572842771
0.798,0,0.03748769160161287,1,-0.03748769160161287
0.8,0,0.03709901256163563,1,-0.03709901256163563
0.802,0,0.03670290574790955,1,-0.03670290574790955
0.804,0,0.03629935697724027,1,-0.03629935697724027
0.806,0,0.03588835229804247,1,-0.03588835229804247
0.8080000000000001,0,0.03546987798871672,1,-0.03546987798871672
0.8100000000000001,0,0.03504392055603562,1,-0.03504392055603562
0.8120000000000001,0,0.0346104667335391,1,-0.0346104667335391
0.8140000000000001,0,0.03416950347993896,1,-0.03416950347993896
0.8160000000000001,0,0.03372101797753253,1,-0.03372101797753253
0.8180000000000001,0,0.03326499763062536,1,-0.03326499763062536
0.8200000000000001,0,0.03280143006396295,1,-0.03280143006396295
0.8220000000000001,0,0.03233030312117152,1,-0.03233030312117152
0.8240000000000001,0,0.03185160486320764,1,-0.03185160486320764
0.8260000000000001,0,0.03136532356681684,1,-0.03136532356681684
0.8280000000000001,0,0.03087144772300092,1,-0.03087144772300092
0.8300000000000001,0,0.03036996603549423,1,-0.03036996603549423
0.8320000000000001,0,0.02986086741924858,1,-0.02986086741924858
0.834,0,0.02934414099892689,1,-0.02934414099892689
0.836,0,0.02881977610740553,1,-0.02881977610740553
0.838,0,0.02828776228428523,1,-0.02828776228428523
0.84,0,0.02774808927441057,1,-0.02774808927441057
0.842,0,0.02720074702639806,1,-0.02720074702639806
0.844,0,0.02664572569117257,1,-0.02664572569117257
0.846,0,0.02608301562051235,1,-0.02608301562051235
0.848,0,0.02551260736560232,1,-0.02551260736560232
0.85,0,0.02493449167559577,1,-0.02493449167559577
0.852,0,0.02434865949618439,1,-0.02434865949618439
0.854,0,0.02375510196817646,1,-0.02375510196817646
0.856,0,0.02315381042608338,1,-0.02315381042608338
0.858,0,0.02254477639671429,1,-0.02254477639671429
0.86,0,0.02192799159777888,1,-0.02192799159777888
0.862,0,0.02130344793649825,1,-0.02130344793649825
0.864,0,0.02067113750822384,1,-0.02067113750822384
0.866,0,0.02003105259506435,1,-0.02003105259506435
0.868,0,0.01938318566452066,1,-0.01938318566452066
0.87,0,0.01872752936812862,1,-0.01872752936812862
0.872,0,0.01806407654010977,1,-0.01806407654010977
0.874,0,0.01739282019602989,1,-0.01739282019602989
0.876,0,0.01671375353146528,1,-0.01671375353146528
0.878,0,0.01602686992067694,1,-0.01602686992067694
0.88,0,0.01533216291529231,1,-0.01533216291529231
0.882,0,0.01462962624299484,1,-0.01462962624299484
0.884,0,0.01391925380622101,1,-0.01391925380622101
0.886,0,0.01320103968086518,1,-0.01320103968086518
0.888,0,0.01247497811499175,1,-0.01247497811499175
0.89,0,0.01174106352755505,1,-0.01174106352755505
0.892,0,0.01099929050712658,1,-0.01099929050712658
0.894,0,0.0102496538106297,1,-0.0102496538106297
0.896,0,0.009492148362081787,1,-0.009492148362081787
0.898,0,0.008726769251343669,1,-0.008726769251343669
0.9,0,0.007953511732876445,1,-0.007953511732876445
0.902,0,0.007172371224505552,1,-0.007172371224505552
0.904,0,0.006383343306192085,1,-0.006383343306192085
0.906,0,0.005586423718811325,1,-0.005586423718811325
0.908,0,0.004781608362938437,1,-0.004781608362938437
0.91,0,0.003968893297641296,1,-0.003968893297641296
0.912,0,0.003148274739280407,1,-0.003148274739280407
0.914,0,0.00231974906031588,1,-0.00231974906031588
0.916,0,0.001483312788121426,1,-0.001483312788121426
0.918,0,0.0006389626038053286,1,-0.0006389626038053286
0.92,0,-0.0002133046589616313,-1,0.0002133046589616313
0.922,0,-0.001073452103946906,-1,0.001073452103946906
0.924,0,-0.001941336797679027,-1,0.001941336797679027
0.926,0,-0.002816803577615803,-1,0.002816803577615803
0.928,0,-0.003699698396734136,-1,0.003699698396734136
0.93,0,-0.004589868317096389,-1,0.004589868317096389
0.9320000000000001,0,-0.005487161503450339,-1,0.005487161503450339
0.9340000000000001,0,-0.006391427216862552,-1,0.006391427216862552
0.9360000000000001,0,-0.007302515808385026,-1,0.007302515808385026
0.9380000000000001,0,-0.008220278712754915,-1,0.008220278712754915
0.9400000000000001,0,-0.009144568442127198,-1,0.009144568442127198
0.9420000000000001,0,-0.01007523857984011,-1,0.01007523857984011
0.9440000000000001,0,-0.01101214377421316,-1,0.01101214377421316
0.9460000000000001,0,-0.01195513973237767,-1,0.01195513973237767
0.9480000000000001,0,-0.01290408321413946,-1,0.01290408321413946
0.9500000000000001,0,-0.01385883202587384,-1,0.01385883202587384
0.9520000000000001,0,-0.01481924501445239,-1,0.01481924501445239
0.9540000000000001,0,-0.0157851820612017,-1,0.0157851820612017
0.9560000000000001,0,-0.01675650407589365,-1,0.01675650407589365
0.9580000000000001,0,-0.01773307299076725,-1,0.01773307299076725
0.96,0,-0.01871475175458183,-1,0.01871475175458183
0.962,0,-0.01970140432670132,-1,0.01970140432670132
0.964,0,-0.02069289567120972,-1,0.02069289567120972
0.966,0,-0.02168909175105727,-1,0.02168909175105727
0.968,0,-0.02268985952223751,-1,0.02268985952223751
0.97,0,-0.02369506692799476,-1,0.02369506692799476
0.972,0,-0.02470458289306217,-1,0.02470458289306217
0.974,0,-0.02571827731792992,-1,0.02571827731792992
0.976,0,-0.02673602107314361,-1,0.02673602107314361
0.978,0,-0.0277576859936326,-1,0.0277576859936326
0.98,0,-0.02878314487306817,-1,0.02878314487306817
0.982,0,-0.02981227145825136,-1,0.02981227145825136
0.984,0,-0.03084494044353036,-1,0.03084494044353036
0.986,0,-0.03188102746524722,-1,0.03188102746524722
0.988,0,-0.03292040909621392,-1,0.03292040909621392
0.99,0,-0.03396296284021734,-1,0.03396296284021734
0.992,0,-0.0350085671265534,-1,0.0350085671265534
0.994,0,-0.03605710130458983,-1,0.03605710130458983
0.996,0,-0.03710844563835768,-1,0.03710844563835768
0.998,0,-0.03816248130117134,-1,0.03816248130117134
1,0,-0.03921909037027691,-1,0.03921909037027691
1.002,0,-0.04027815582152889,-1,0.04027815582152889
1.004,0,-0.04133956152409483,-1,0.04133956152409483
1.006,0,-0.04240319223518807,-1,0.04240319223518807
1.008,0,-0.0434689335948282,-1,0.0434689335948282
1.01,0,-0.04453667212062929,-1,0.04453667212062929
1.012,0,-0.04560629520261557,-1,0.04560629520261557
1.014,0,-0.04667769109806457,-1,0.04667769109806457
1.016,0,-0.04775074892637755,-1,0.04775074892637755
1.018,0,-0.04882535866397702,-1,0.04882535866397702
1.02,0,-0.04990141113923123,-1,0.04990141113923123
1.022,0,-0.05097879802740565,-1,0.05097879802740565
1.024,0,-0.05205741184564102,-1,0.05205741184564102
1.026,0,-0.05313714594795815,-1,0.05313714594795815
1.028,0,-0.05421789452028904,-1,0.05421789452028904
1.03,0,-0.0552995525755345,-1,0.0552995525755345
1.032,0,-0.05638201594864779,-1,0.05638201594864779
1.034,0,-0.05746518129174448,-1,0.05746518129174448
1.036,0,-0.0585489460692382,-1,0.0585489460692382
1.038,0,-0.05963320855300216,-1,0.05963320855300216
1.04,0,-0.06071786781755647,-1,0.06071786781755647
1.042,0,-0.06180282373528085,-1,0.06180282373528085
1.044,0,-0.06288797697165295,-1,0.06288797697165295
1.046,0,-0.06397322898051186,-1,0.06397322898051186
1.048,0,-0.06505848199934679,-1,0.06505848199934679
1.05,0,-0.06614363904461087,-1,0.06614363904461087
1.052,0,-0.06722860390705988,-1,0.06722860390705988
1.054,0,-0.06831328114711567,-1,0.06831328114711567
1.056,0,-0.06939757609025436,-1,0.06939757609025436
1.058,0,-0.07048139482241911,-1,0.07048139482241911
1.06,0,-0.07156464418545723,-1,0.07156464418545723
1.062,0,-0.0726472317725817,-1,0.0726472317725817
1.064,0,-0.07372906592385678,-1,0.07372906592385678
1.066,0,-0.07481005572170779,-1,0.07481005572170779
1.068,0,-0.07589011098645476,-1,0.07589011098645476
1.07,0,-0.07696914227186995,-1,0.07696914227186995
1.072,0,-0.07804706086075906,-1,0.07804706086075906
1.074,0,-0.07912377876056607,-1,0.07912377876056607
1.076,0,-0.08019920869900149,-1,0.08019920869900149
1.078,0,-0.08127326411969399,-1,0.08127326411969399
1.08,0,-0.08234585917786533,-1,0.08234585917786533
1.082,0,-0.08341690873602829,-1,0.08341690873602829
1.084,0,-0.08448632835970776,-1,0.08448632835970776
1.086,0,-0.08555403431318458,-1,0.08555403431318458
1.088,0,-0.08661994355526222,-1,0.08661994355526222
1.09,0,-0.08768397373505614,-1,0.08768397373505614
1.092,0,-0.0887460431878057,-1,0.0887460431878057
1.094,0,-0.08980607093070846,-1,0.08980607093070846
1.096,0,-0.09086397665877681,-1,0.09086397665877681
1.098,0,-0.09191968074071691,-1,0.09191968074071691
1.1,0,-0.09297310421482957,-1,0.09297310421482957
1.102,0,-0.09402416878493329,-1,0.09402416878493329
1.104,0,-0.09507279681630902,-1,0.09507279681630902
1.106,0,-0.09611891133166683,-1,0.09611891133166683
1.108,0,-0.09716243600713415,-1,0.09716243600713415
1.11,0,-0.09820329516826559,-1,0.09820329516826559
1.112,0,-0.09924141378607426,-1,0.09924141378607426
1.114,0,-0.1002767174730843,-1,0.1002767174730843
1.116,0,-0.1013091324794047,-1,0.1013091324794047
1.118,0,-0.1023385856888245,-1,0.1023385856888245
1.12,0,-0.1033650046149283,-1,0.1033650046149283
1.122,0,-0.1043883173972336,-1,0.1043883173972336
1.124,0,-0.1054084527973483,-1,0.1054084527973483
1.126,0,-0.1064253401951491,-1,0.1064253401951491
1.128,0,-0.1074389095849804,-1,0.1074389095849804
1.13,0,-0.1084490915718741,-1,0.1084490915718741
1.132,0,-0.1094558173677891,-1,0.1094558173677891
1.134,0,-0.1104590187878718,-1,0.1104590187878718
1.136,0,-0.111458628246736,-1,0.111458628246736
1.138,0,-0.112454578754764,-1,0.112454578754764
1.14,0,-0.1134468039144265,-1,0.1134468039144265
1.142,0,-0.1144352379166231,-1,0.1144352379166231
1.144,0,-0.1154198155370423,-1,0.1154198155370423
1.146,0,-0.1164004721325414,-1,0.1164004721325414
1.148,0,-0.1173771436375458,-1,0.1173771436375458
1.15,0,-0.1183497665604679,-1,0.1183497665604679
1.152,0,-0.1193182779801452,-1,0.1193182779801452
1.154,0,-0.120282615542298,-1,0.120282615542298
1.156,0,-0.1212427174560059,-1,0.1212427174560059
1.158,0,-0.1221985224902039,-1,0.1221985224902039
1.16,0,-0.1231499699701968,-1,0.1231499699701968
1.162,0,-0.1240969997741935,-1,0.1240969997741935
1.164,0,-0.125039552329859,-1,0.125039552329859
1.166,0,-0.1259775686108859,-1,0.1259775686108859
1.168,0,-0.126910990133584,-1,0.126910990133584
1.17,0,-0.1278397589534893,-1,0.1278397589534893
1.172,0,-0.1287638176619899,-1,0.1287638176619899
1.174,0,-0.129683109382972,-1,0.129683109382972
1.176,0,-0.1305975777694827,-1,0.1305975777694827
1.178,0,-0.1315071670004121,-1,0.1315071670004121
1.18,0,-0.1324118217771923,-1,0.1324118217771923
1.182,0,-0.1333114873205155,-1,0.1333114873205155
1.184,0,-0.134206109367069,-1,0.134206109367069
1.186,0,-0.1350956341662891,-1,0.1350956341662891
1.188,0,-0.1359800084771313,-1,0.1359800084771313
1.19,0,-0.1368591795648595,-1,0.1368591795648595
1.192,0,-0.1377330951978516,-1,0.1377330951978516
1.194,0,-0.1386017036444233,-1,0.1386017036444233
1.196,0,-0.1394649536696689,-1,0.1394649536696689
1.198,0,-0.1403227945323195,-1,0.1403227945323195
1.2,0,-0.1411751759816179,-1,0.1411751759816179
1.202,0,-0.1420220482542116,-1,0.1420220482542116
1.204,0,-0.1428633620710613,-1,0.1428633620710613
1.206,0,-0.1436990686343682,-1,0.1436990686343682
1.208,0,-0.1445291196245161,-1,0.1445291196245161
1.21,0,-0.145353467197032,-1,0.145353467197032
1.212,0,-0.1461720639795621,-1,0.1461720639795621
1.214,0,-0.146984863068865,-1,0.146984863068865
1.216,0,-0.1477918180278212,-1,0.1477918180278212
1.218,0,-0.1485928828824591,-1,0.1485928828824591
1.22,0,-0.1493880121189972,-1,0.1493880121189972
1.222,0,-0.1501771606809026,-1,0.1501771606809026
1.224,0,-0.1509602839659656,-1,0.1509602839659656
1.226,0,-0.1517373378233903,-1,0.1517373378233903
1.228,0,-0.1525082785509017,-1,0.1525082785509017
1.23,0,-0.1532730628918677,-1,0.1532730628918677
1.232,0,-0.1540316480324379,-1,0.1540316480324379
1.234,0,-0.1547839915986977,-1,0.1547839915986977
1.236,0,-0.1555300516538383,-1,0.1555300516538383
1.238,0,-0.1562697866953416,-1,0.1562697866953416
1.24,0,-0.1570031556521817,-1,0.1570031556521817
1.242,0,-0.1577301178820409,-1,0.1577301178820409
1.244,0,-0.1584506331685416,-1,0.1584506331685416
1.246,0,-0.1591646617184931,-1,0.1591646617184931
1.248,0,-0.1598721641591539,-1,0.1598721641591539
1.25,0,-0.1605731015355087,-1,0.1605731015355087
1.252,0,-0.1612674353075612,-1,0.1612674353075612
1.254,0,-0.161955127347641,-1,0.161955127347641
1.256,0,-0.1626361399377257,-1,0.1626361399377257
1.258,0,-0.1633104357667783,-1,0.1633104357667783
1.26,0,-0.1639779779280983,-1,0.1639779779280983
1.262,0,-0.1646387299166888,-1,0.1646387299166888
1.264,0,-0.1652926556266366,-1,0.1652926556266366
1.266,0,-0.1659397193485084,-1,0.1659397193485084
1.268,0,-0.1665798857667602,-1,0.1665798857667602
1.27,0,-0.1672131199571618,-1,0.1672131199571618
1.272,0,-0.1678393873842352,-1,0.1678393873842352
1.274,0,-0.1684586538987075,-1,0.1684586538987075
1.276,0,-0.1690708857349776,-1,0.1690708857349776
1.278,0,-0.1696760495085973,-1,0.1696760495085973
1.28,0,-0.1702741122137663,-1,0.1702741122137663
1.282,0,-0.1708650412208408,-1,0.1708650412208408
1.284,0,-0.1714488042738568,-1,0.1714488042738568
1.286,0,-0.1720253694880659,-1,0.1720253694880659
1.288,0,-0.1725947053474862,-1,0.1725947053474862
1.29,0,-0.1731567807024658,-1,0.1731567807024658
1.292,0,-0.1737115647672604,-1,0.1737115647672604
1.294,0,-0.1742590271176242,-1,0.1742590271176242
1.296,0,-0.1747991376884142,-1,0.1747991376884142
1.298,0,-0.1753318667712083,-1,0.1753318667712083
1.3,0,-0.175857185011936,-1,0.175857185011936
1.302,0,-0.1763750634085227,-1,0.1763750634085227
1.304,0,-0.1768854733085475,-1,0.1768854733085475
1.306,0,-0.1773883864069135,-1,0.1773883864069135
1.308,0,-0.177883774743531,-1,0.177883774743531
1.31,0,-0.1783716107010149,-1,0.1783716107010149
1.312,0,-0.1788518670023933,-1,0.1788518670023933
1.314,0,-0.1793245167088302,-1,0.1793245167088302
1.316,0,-0.1797895332173602,-1,0.1797895332173602
1.318,0,-0.1802468902586367,-1,0.1802468902586367
1.32,0,-0.1806965618946915,-1,0.1806965618946915
1.322,0,-0.1811385225167084,-1,0.1811385225167084
1.324,0,-0.1815727468428082,-1,0.1815727468428082
1.326,0,-0.1819992099158466,-1,0.1819992099158466
1.328,0,-0.1824178871012244,-1,0.1824178871012244
1.33,0,-0.1828287540847103,-1,0.1828287540847103
1.332,0,-0.1832317868702751,-1,0.1832317868702751
1.334,0,-0.1836269617779391,-1,0.1836269617779391
1.336,0,-0.184014255441631,-1,0.184014255441631
1.338,0,-0.184393644807059,-1,0.184393644807059
1.34,0,-0.184765107129594,-1,0.184765107129594
1.342,0,-0.1851286199721644,-1,0.1851286199721644
1.344,0,-0.1854841612031634,-1,0.1854841612031634
1.346,0,-0.1858317089943674,-1,0.1858317089943674
1.348,0,-0.1861712418188667,-1,0.1861712418188667
1.35,0,-0.1865027384490074,-1,0.1865027384490074
1.352,0,-0.1868261779543455,-1,0.1868261779543455
1.354,0,-0.187141539699612,-1,0.187141539699612
1.356,0,-0.18744880334269,-1,0.18744880334269
1.358,0,-0.1877479488326026,-1,0.1877479488326026
1.36,0,-0.1880389564075131,-1,0.1880389564075131
1.362,0,-0.188321806592736,-1,0.188321806592736
1.364,0,-0.1885964801987588,-1,0.1885964801987588
1.366,0,-0.1888629583192759,-1,0.1888629583192759
1.368,0,-0.1891212223292335,-1,0.1891212223292335
1.37,0,-0.1893712538828847,-1,0.1893712538828847
1.372,0,-0.1896130349118572,-1,0.1896130349118572
1.374,0,-0.1898465476232302,-1,0.1898465476232302
1.376,0,-0.1900717744976238,-1,0.1900717744976238
1.378,0,-0.1902886982872982,-1,0.1902886982872982
1.38,0,-0.1904973020142643,-1,0.1904973020142643
1.382,0,-0.190697568968405,-1,0.190697568968405
1.384,0,-0.1908894827056066,-1,0.1908894827056066
1.386,0,-0.1910730270459017,-1,0.1910730270459017
1.388,0,-0.1912481860716224,-1,0.1912481860716224
1.39,0,-0.1914149441255635,-1,0.1914149441255635
1.392,0,-0.191573285809157,-1,0.191573285809157
1.394,0,-0.1917231959806565,-1,0.1917231959806565
1.396,0,-0.1918646597533324,-1,0.1918646597533324
1.398,0,-0.1919976624936764,-1,0.1919976624936764
1.4,0,-0.192122189819618,-1,0.192122189819618
1.402,0,-0.1922382275987495,-1,0.1922382275987495
1.404,0,-0.192345761946562,-1,0.192345761946562
1.406,0,-0.1924447792246918,-1,0.1924447792246918
1.408,0,-0.1925352660391759,-1,0.1925352660391759
1.41,0,-0.1926172092387184,-1,0.1926172092387184
1.412,0,-0.1926905959129663,-1,0.1926905959129663
1.414,0,-0.1927554133907955,-1,0.1927554133907955
1.416,0,-0.1928116492386064,-1,0.1928116492386064
1.418,0,-0.1928592912586297,-1,0.1928592912586297
1.42,0,-0.1928983274872412,-1,0.1928983274872412
1.422,0,-0.1929287461932874,-1,0.1929287461932874
1.424,0,-0.1929505358764194,-1,0.1929505358764194
1.426,0,-0.1929636852654377,-1,0.1929636852654377
1.428,0,-0.1929681833166457,-1,0.1929681833166457
1.43,0,-0.1929640192122127,-1,0.1929640192122127
1.432,0,-0.192951182358547,-1,0.192951182358547
1.434,0,-0.1929296623846777,-1,0.1929296623846777
1.436,0,-0.1928994491406463,-1,0.1928994491406463
1.438,0,-0.192860532695907,-1,0.192860532695907
1.44,0,-0.1928129033377372,-1,0.1928129033377372
1.442,0,-0.1927565515696562,-1,0.1927565515696562
1.444,0,-0.1926914681098539,-1,0.1926914681098539
1.446,0,-0.1926176438896279,-1,0.1926176438896279
1.448,0,-0.1925350700518299,-1,0.1925350700518299
1.45,0,-0.1924437379493216,-1,0.1924437379493216
1.452,0,-0.1923436391434386,-1,0.1923436391434386
1.454,0,-0.1922347654024641,-1,0.1922347654024641
1.456,0,-0.1921171087001111,-1,0.1921171087001111
1.458,0,-0.1919906612140131,-1,0.1919906612140131
1.46,0,-0.1918554153242243,-1,0.1918554153242243
1.462,0,-0.1917113636117277,-1,0.1917113636117277
1.464,0,-0.191558498856953,-1,0.191558498856953
1.466,0,-0.1913968140383016,-1,0.1913968140383016
1.468,0,-0.1912263023306816,-1,0.1912263023306816
1.47,0,-0.1910469571040507,-1,0.1910469571040507
1.472,0,-0.1908587719219675,-1,0.1908587719219675
1.474,0,-0.1906617405401516,-1,0.1906617405401516
1.476,0,-0.1904558569050519,-1,0.1904558569050519
1.478,0,-0.1902411151524234,-1,0.1902411151524234
1.48,0,-0.1900175096059122,-1,0.1900175096059122
1.482,0,-0.1897850347756486,-1,0.1897850347756486
1.484,0,-0.1895436853568493,-1,0.1895436853568493
1.486,0,-0.1892934562284262,-1,0.1892934562284262
1.488,0,-0.1890343424516052,-1,0.1890343424516052
1.49,0,-0.1887663392685518,-1,0.1887663392685518
1.492,0,-0.1884894421010052,-1,0.1884894421010052
1.494,0,-0.1882036465489205,-1,0.1882036465489205
1.496,0,-0.1879089483891185,-1,0.1879089483891185
1.498,0,-0.1876053435739441,-1,0.1876053435739441
1.5,0,-0.1872928282299321,-1,0.1872928282299321
1.502,0,-0.1869713986564808,-1,0.1869713986564808
1.504,0,-0.1866410513245338,-1,0.1866410513245338
1.506,0,-0.1863017828752692,-1,0.1863017828752692
1.508,0,-0.1859535901187966,-1,0.1859535901187966
1.51,0,-0.1855964700328623,-1,0.1855964700328623
1.512,0,-0.1852304197615612,-1,0.1852304197615612
1.514,0,-0.1848554366140572,-1,0.1848554366140572
1.516,0,-0.1844715180633104,-1,0.1844715180633104
1.518,0,-0.1840786617448129,-1,0.1840786617448129
1.52,0,-0.1836768654553306,-1,0.1836768654553306
1.522,0,-0.183266127151654,-1,0.183266127151654
1.524,0,-0.182846444949355,-1,0.182846444949355
1.526,0,-0.1824178171215524,-1,0.1824178171215524
1.528,0,-0.1819802420976836,-1,0.1819802420976836
1.53,0,-0.1815337184622842,-1,0.1815337184622842
1.532,0,-0.1810782449537748,-1,0.1810782449537748
1.534,0,-0.180613820463255,-1,0.180613820463255
1.536,0,-0.1801404440333041,-1,0.1801404440333041
1.538,0,-0.17965811485679,-1,0.17965811485679
1.54,0,-0.1791668322756839,-1,0.1791668322756839
1.542,0,-0.1786665957798832,-1,0.1786665957798832
1.544,0,-0.1781574050060407,-1,0.1781574050060407
1.546,0,-0.1776392597364011,-1,0.1776392597364011
1.548,0,-0.1771121598976444,-1,0.1771121598976444
1.55,0,-0.1765761055597362,-1,0.1765761055597362
1.552,0,-0.1760310969347846,-1,0.1760310969347846
1.554,0,-0.1754771343759048,-1,0.1754771343759048
1.556,0,-0.1749142183760894,-1,0.1749142183760894
1.558,0,-0.1743423495670862,-1,0.1743423495670862
1.56,0,-0.1737615287182823,-1,0.1737615287182823
1.562,0,-0.1731717567355956,-1,0.1731717567355956
1.564,0,-0.1725730346603721,-1,0.1725730346603721
1.566,0,-0.1719653636682901,-1,0.1719653636682901
1.568,0,-0.1713487450682713,-1,0.1713487450682713
1.57,0,-0.1707231803013985,-1,0.1707231803013985
1.572,0,-0.1700886709398389,-1,0.1700886709398389
1.574,0,-0.1694452186857751,-1,0.1694452186857751
1.576,0,-0.168792825370342,-1,0.168792825370342
1.578,0,-0.1681314929525696,-1,0.1681314929525696
1.58,0,-0.1674612235183333,-1,0.1674612235183333
1.582,0,-0.1667820192793096,-1,0.1667820192793096
1.584,0,-0.1660938825719386,-1,0.1660938825719386
1.586,0,-0.1653968158563926,-1,0.1653968158563926
1.588,0,-0.164690821715551,-1,0.164690821715551
1.59,0,-0.1639759028539812,-1,0.1639759028539812
1.592,0,-0.1632520620969262,-1,0.1632520620969262
1.594,0,-0.1625193023892979,-1,0.1625193023892979
1.596,0,-0.1617776267946767,-1,0.1617776267946767
1.598,0,-0.1610270384943167,-1,0.1610270384943167
1.6,0,-0.1602675407861581,-1,0.1602675407861581
1.602,0,-0.1594991370838442,-1,0.1594991370838442
1.604,0,-0.1587218309157455,-1,0.1587218309157455
1.606,0,-0.157935625923989,-1,0.157935625923989
1.608,0,-0.1571405258634943,-1,0.1571405258634943
1.61,0,-0.1563365346010141,-1,0.1563365346010141
1.612,0,-0.1555236561141823,-1,0.1555236561141823
1.614,0,-0.1547018944905668,-1,0.1547018944905668
1.616,0,-0.1538712539267283,-1,0.1538712539267283
1.618,0,-0.1530317387272852,-1,0.1530317387272852
1.62,0,-0.1521833533039837,-1,0.1521833533039837
1.622,0,-0.1513261021747742,-1,0.1513261021747742
1.624,0,-0.1504599899628926,-1,0.1504599899628926
1.626,0,-0.1495850213959485,-1,0.1495850213959485
1.628,0,-0.1487012013050172,-1,0.1487012013050172
1.63,0,-0.147808534623739,-1,0.147808534623739
1.632,0,-0.1469070263874232,-1,0.1469070263874232
1.634,0,-0.1459966817321575,-1,0.1459966817321575
1.636,0,-0.1450775058939235,-1,0.1450775058939235
1.638,0,-0.1441495042077168,-1,0.1441495042077168
1.64,0,-0.1432126821066736,-1,0.1432126821066736
1.642,0,-0.1422670451212017,-1,0.1422670451212017
1.644,0,-0.1413125988781176,-1,0.1413125988781176
1.646,0,-0.1403493490997884,-1,0.1403493490997884
1.648,0,-0.1393773016032794,-1,0.1393773016032794
1.65,0,-0.1383964622995065,-1,0.1383964622995065
1.652,0,-0.1374068371923949,-1,0.1374068371923949
1.654,0,-0.1364084323780416,-1,0.1364084323780416
1.656,0,-0.1354012540438841,-1,0.1354012540438841
1.658,0,-0.1343853084678743,-1,0.1343853084678743
1.66,0,-0.1333606020176565,-1,0.1333606020176565
1.662,0,-0.1323271411497519,-1,0.1323271411497519
1.664,0,-0.1312849324087473,-1,0.1312849324087473
1.666,0,-0.1302339824264889,-1,0.1302339824264889
1.668,0,-0.1291742979212818,-1,0.1291742979212818
1.67,0,-0.1281058856970935,-1,0.1281058856970935
1.672,0,-0.1270287526427633,-1,0.1270287526427633
1.674,0,-0.1259429057312158,-1,0.1259429057312158
1.676,0,-0.1248483520186804,-1,0.1248483520186804
1.678,0,-0.1237450986439147,-1,0.1237450986439147
1.68,0,-0.122633152827433,-1,0.122633152827433
1.682,0,-0.12151252187074,-1,0.12151252187074
1.684,0,-0.1203832131555694,-1,0.1203832131555694
1.686,0,-0.1192452341431262,-1,0.1192452341431262
1.688,0,-0.1180985923733353,-1,0.1180985923733353
1.69,0,-0.1169432954640938,-1,0.1169432954640938
1.692,0,-0.1157793511105284,-1,0.1157793511105284
1.694,0,-0.1146067670842572,-1,0.1146067670842572
1.696,0,-0.1134255512326566,-1,0.1134255512326566
1.698,0,-0.1122357114781323,-1,0.1122357114781323
1.7,0,-0.1110372558173958,-1,0.1110372558173958
1.702,0,-0.109830192320744,-1,0.109830192320744
1.704,0,-0.1086145291313452,-1,0.1086145291313452
1.706,0,-0.1073902744645278,-1,0.1073902744645278
1.708,0,-0.1061574366070752,-1,0.1061574366070752
1.71,0,-0.1049160239165238,-1,0.1049160239165238
1.712,0,-0.1036660448204662,-1,0.1036660448204662
1.714,0,-0.102407507815859,-1,0.102407507815859
1.716,0,-0.1011404214683342,-1,0.1011404214683342
1.718,0,-0.0998647944115158,-1,0.0998647944115158
1.72,0,-0.09858063534634037,-1,0.09858063534634037
1.722,0,-0.09728795304038201,-1,0.09728795304038201
1.724,0,-0.0959867563271817,-1,0.0959867563271817
1.726,0,-0.09467705410558089,-1,0.09467705410558089
1.728,0,-0.0933588553390593,-1,0.0933588553390593
1.73,0,-0.09203216905507712,-1,0.09203216905507712
1.732,0,-0.09069700434442132,-1,0.09069700434442132
1.734,0,-0.08935337036055618,-1,0.08935337036055618
1.736,0,-0.08800127631897797,-1,0.08800127631897797
1.738,0,-0.08664073149657386,-1,0.08664073149657386
1.74,0,-0.08527174523098489,-1,0.08527174523098489
1.742,0,-0.08389432691997308,-1,0.08389432691997308
1.744,0,-0.08250848602079261,-1,0.08250848602079261
1.746,0,-0.08111423204956508,-1,0.08111423204956508
1.748,0,-0.07971157458065881,-1,0.07971157458065881
1.75,0,-0.07830052324607209,-1,0.07830052324607209
1.752,0,-0.07688108773482057,-1,0.07688108773482057
1.754,0,-0.07545327779232844,-1,0.07545327779232844
1.756,0,-0.07401710321982373,-1,0.07401710321982373
1.758,0,-0.07257257387373743,-1,0.07257257387373743
1.76,0,-0.07111969966510659,-1,0.07111969966510659
1.762,0,-0.06965849055898121,-1,0.06965849055898121
1.764,0,-0.06818895657383514,-1,0.06818895657383514
1.766,0,-0.06671110778098063,-1,0.06671110778098063
1.768,0,-0.06522495430398692,-1,0.06522495430398692
1.77,0,-0.06373050631810245,-1,0.06373050631810245
1.772,0,-0.06222777404968097,-1,0.06222777404968097
1.774,0,-0.06071676777561129,-1,0.06071676777561129
1.776,0,-0.05919749782275091,-1,0.05919749782275091
1.778,0,-0.05766997456736327,-1,0.05766997456736327
1.78,0,-0.05613420843455871,-1,0.05613420843455871
1.782,0,-0.05459020989773912,-1,0.05459020989773912
1.784,0,-0.05303798947804627,-1,0.05303798947804627
1.786,0,-0.05147755774381371,-1,0.05147755774381371
1.788,0,-0.04990892531002233,-1,0.04990892531002233
1.79,0,-0.04833210283775956,-1,0.04833210283775956
1.792,0,-0.04674710103368202,-1,0.04674710103368202
1.794,0,-0.04515393064948183,-1,0.04515393064948183
1.796,0,-0.04355260248135644,-1,0.04355260248135644
1.798,0,-0.04194312736948191,-1,0.04194312736948191
1.8,0,-0.04032551619748979,-1,0.04032551619748979
1.802,0,-0.03869977989194739,-1,0.03869977989194739
1.804,0,-0.03706592942184153,-1,0.03706592942184153
1.806,0,-0.03542397579806576,-1,0.03542397579806576
1.808,0,-0.03377393007291095,-1,0.03377393007291095
1.81,0,-0.0321158033395593,-1,0.0321158033395593
1.812,0,-0.03044960673158174,-1,0.03044960673158174
1.814,0,-0.02877535142243871,-1,0.02877535142243871
1.816,0,-0.02709304862498421,-1,0.02709304862498421
1.818,0,-0.02540270959097323,-1,0.02540270959097323
1.82,0,-0.0237043456105725,-1,0.0237043456105725
1.822,0,-0.02199796801187446,-1,0.02199796801187446
1.824,0,-0.02028358816041459,-1,0.02028358816041459
1.826,0,-0.01856121745869188,-1,0.01856121745869188
1.828,0,-0.01683086734569264,-1,0.01683086734569264
1.83,0,-0.01509254929641743,-1,0.01509254929641743
1.832,0,-0.01334627482141126,-1,0.01334627482141126
1.834,0,-0.01159205546629694,-1,0.01159205546629694
1.836,0,-0.009829902811311525,-1,0.009829902811311525
1.838,0,-0.008059828470846046,-1,0.008059828470846046
1.84,0,-0.00628184409298822,-1,0.00628184409298822
1.842,0,-0.004495961359068344,-1,0.004495961359068344
1.844,0,-0.002702191983208264,-1,0.002702191983208264
1.846,0,-0.000900547711873404,-1,0.000900547711873404
1.848,0,0.0009089463432388049,1,-0.0009089463432388049
1.85,0,0.002726158922406382,1,-0.002726158922406382
1.852,0,0.004550919865860955,1,-0.004550919865860955
1.854,0,0.006383060267185227,1,-0.006383060267185227
1.856,0,0.008222412448222485,1,-0.008222412448222485
1.858,0,0.01006880995196185,1,-0.01006880995196185
1.86,0,0.01192208753546076,1,-0.01192208753546076
1.862,0,0.01378208116280452,1,-0.01378208116280452
1.864,0,0.01564862799810271,1,-0.01564862799810271
1.866,0,0.01752156639852224,1,-0.01752156639852224
1.868,0,0.01940073590735695,1,-0.01940073590735695
1.87,0,0.0212859772471335,1,-0.0212859772471335
1.872,0,0.02317713231275342,1,-0.02317713231275342
1.874,0,0.02507404416467113,1,-0.02507404416467113
1.876,0,0.0269765570221077,1,-0.0269765570221077
1.878,0,0.02888451625630023,1,-0.02888451625630023
1.88,0,0.03079776838378674,1,-0.03079776838378674
1.882,0,0.03271616105972618,1,-0.03271616105972618
1.884,0,0.03463954307125363,1,-0.03463954307125363
1.886,0,0.03656776433087038,1,-0.03656776433087038
1.888,0,0.03850067586986867,1,-0.03850067586986867
1.89,0,0.04043812983179114,1,-0.04043812983179114
1.892,0,0.04237997946592452,1,-0.04237997946592452
1.894,0,0.04432607912082764,1,-0.04432607912082764
1.896,0,0.04627628423789346,1,-0.04627628423789346
1.898,0,0.04823045134494497,1,-0.04823045134494497
1.9,0,0.05018843804986481,1,-0.05018843804986481
1.902,0,0.05215010303425847,1,-0.05215010303425847
1.904,0,0.05411530604715084,1,-0.05411530604715084
1.906,0,0.05608390789871596,1,-0.05608390789871596
1.908,0,0.05805577045403985,1,-0.05805577045403985
1.91,0,0.06003075662691626,1,-0.06003075662691626
1.912,0,0.06200873037367503,1,-0.06200873037367503
1.914,0,0.06398955668704316,1,-0.06398955668704316
1.916,0,0.06597310159003815,1,-0.06597310159003815
1.918,0,0.06795923212989366,1,-0.06795923212989366
1.92,0,0.06994781637201725,1,-0.06994781637201725
1.922,0,0.07193872339397993,1,-0.07193872339397993
1.924,0,0.07393182327953765,1,-0.07393182327953765
1.926,0,0.07592698711268425,1,-0.07592698711268425
1.928,0,0.0779240869717359,1,-0.0779240869717359
1.93,0,0.07992299592344686,1,-0.07992299592344686
1.932,0,0.08192358801715628,1,-0.08192358801715628
1.934,0,0.08392573827896617,1,-0.08392573827896617
1.936,0,0.08592932270594995,1,-0.08592932270594995
1.938,0,0.0879342182603919,1,-0.0879342182603919
1.94,0,0.08994030286405692,1,-0.08994030286405692
1.942,0,0.09194745539249086,1,-0.09194745539249086
1.944,0,0.09395555566935089,1,-0.09395555566935089
1.946,0,0.09596448446076608,1,-0.09596448446076608
1.948,0,0.09797412346972781,1,-0.09797412346972781
1.95,0,0.09998435533050996,1,-0.09998435533050996
1.952,0,0.1019950636031187,1,-0.1019950636031187
1.954,0,0.1040061327677719,1,-0.1040061327677719
1.956,0,0.1060174482194076,1,-0.1060174482194076
1.958,0,0.1080288962622219,1,-0.1080288962622219
1.96,0,0.1100403641042357,1,-0.1100403641042357
1.962,0,0.1120517398518905,1,-0.1120517398518905
1.964,0,0.1140629125046729,1,-0.1140629125046729
1.966,0,0.1160737719497675,1,-0.1160737719497675
1.968,0,0.1180842089567385,1,-0.1180842089567385
1.97,0,0.1200941151722397,1,-0.1200941151722397
1.972,0,0.1221033831147522,1,-0.1221033831147522
1.974,0,0.1241119061693507,1,-0.1241119061693507
1.976,0,0.1261195785824973,1,-0.1261195785824973
1.978,0,0.1281262954568632,1,-0.1281262954568632
1.98,0,0.1301319527461783,1,-0.1301319527461783
1.982,0,0.1321364472501075,1,-0.1321364472501075
1.984,0,0.1341396766091551,1,-0.1341396766091551
1.986,0,0.1361415392995962,1,-0.1361415392995962
1.988,0,0.138141934628435,1,-0.138141934628435
1.99,0,0.1401407627283902,1,-0.1401407627283902
1.992,0,0.142137924552907,1,-0.142137924552907
1.994,0,0.144133321871196,1,-0.144133321871196
1.996,0,0.1461268572632985,1,-0.1461268572632985
1.998,0,0.1481184341151786,1,-0.1481184341151786
2,0,0.1501079566138403,1,-0.1501079566138403
2.002,0,0.1520953297424727,1,-0.1520953297424727
2.004,0,0.1540804592756193,1,-0.1540804592756193
2.006,0,0.1560632517743744,1,-0.1560632517743744
2.008,0,0.1580436145816048,1,-0.1580436145816048
2.01,0,0.1600214558171973,1,-0.1600214558171973
2.012,0,0.1619966843733313,1,-0.1619966843733313
2.014,0,0.1639692099097769,1,-0.1639692099097769
2.016,0,0.165938942849219,1,-0.165938942849219
2.018,0,0.1679057943726051,1,-0.1679057943726051
2.02,0,0.1698696764145192,1,-0.1698696764145192
2.022,0,0.1718305016585803,1,-0.1718305016585803
2.024,0,0.1737881835328651,1,-0.1737881835328651
2.026,0,0.1757426362053562,1,-0.1757426362053562
2.028,0,0.1776937745794138,1,-0.1776937745794138
2.03,0,0.1796415142892729,1,-0.1796415142892729
2.032,0,0.1815857716955634,1,-0.1815857716955634
2.034,0,0.1835264638808554,1,-0.1835264638808554
2.036,0,0.1854635086452281,1,-0.1854635086452281
2.038,0,0.1873968245018625,1,-0.1873968245018625
2.04,0,0.1893263306726579,1,-0.1893263306726579
2.042,0,0.1912519470838722,1,-0.1912519470838722
2.044,0,0.1931735943617854,1,-0.1931735943617854
2.046,0,0.1950911938283868,1,-0.1950911938283868
2.048,0,0.1970046674970852,1,-0.1970046674970852
2.05,0,0.1989139380684427,1,-0.1989139380684427
2.052,0,0.200818928925931,1,-0.200818928925931
2.054,0,0.2027195641317111,1,-0.2027195641317111
2.056,0,0.2046157684224352,1,-0.2046157684224352
2.058,0,0.2065074672050723,1,-0.2065074672050723
2.06,0,0.2083945865527553,1,-0.2083945865527553
2.062,0,0.2102770532006512,1,-0.2102770532006512
2.064,0,0.2121547945418538,1,-0.2121547945418538
2.066,0,0.2140277386232978,1,-0.2140277386232978
2.068,0,0.215895814141696,1,-0.215895814141696
2.07,0,0.2177589504394981,1,-0.2177589504394981
2.072,0,0.2196170775008712,1,-0.2196170775008712
2.074,0,0.2214701259477025,1,-0.2214701259477025
2.076,0,0.2233180270356236,1,-0.2233180270356236
2.078,0,0.2251607126500561,1,-0.2251607126500561
2.08,0,0.2269981153022787,1,-0.2269981153022787
2.082,0,0.2288301681255163,1,-0.2288301681255163
2.084,0,0.2306568048710496,1,-0.2306568048710496
2.086,0,0.2324779599043461,1,-0.2324779599043461
2.088,0,0.2342935682012122,1,-0.2342935682012122
2.09,0,0.2361035653439664,1,-0.2361035653439664
2.092,0,0.2379078875176328,1,-0.2379078875176328
2.094,0,0.2397064715061558,1,-0.2397064715061558
2.096,0,0.2414992546886353,1,-0.2414992546886353
2.098,0,0.2432861750355826,1,-0.2432861750355826
2.1,0,0.2450671711051959,1,-0.2450671711051959
2.102,0,0.2468421820396574,1,-0.2468421820396574
2.104,0,0.2486111475614494,1,-0.2486111475614494
2.106,0,0.2503740079696912,1,-0.2503740079696912
2.108,0,0.2521307041364959,1,-0.2521307041364959
2.11,0,0.2538811775033468,1,-0.2538811775033468
2.112,0,0.255625370077494,1,-0.255625370077494
2.114,0,0.2573632244283704,1,-0.2573632244283704
2.116,0,0.2590946836840274,1,-0.2590946836840274
2.118,0,0.26081969152759,1,-0.26081969152759
2.12,0,0.2625381921937319,1,-0.2625381921937319
2.122,0,0.2642501304651685,1,-0.2642501304651685
2.124,0,0.265955451669171,1,-0.265955451669171
2.126,0,0.2676541016740978,1,-0.2676541016740978
2.128,0,0.2693460268859462,1,-0.2693460268859462
2.13,0,0.2710311742449223,1,-0.2710311742449223
2.132,0,0.2727094912220302,1,-0.2727094912220302
2.134,0,0.2743809258156794,1,-0.2743809258156794
2.136,0,0.276045426548311,1,-0.276045426548311
2.138,0,0.2777029424630431,1,-0.2777029424630431
2.14,0,0.2793534231203334,1,-0.2793534231203334
2.142,0,0.2809968185946611,1,-0.2809968185946611
2.144,0,0.2826330794712268,1,-0.2826330794712268
2.146,0,0.2842621568426704,1,-0.2842621568426704
2.148,0,0.2858840023058073,1,-0.2858840023058073
2.15,0,0.2874985679583822,1,-0.2874985679583822
2.152,0,0.2891058063958415,1,-0.2891058063958415
2.154,0,0.2907056707081224,1,-0.2907056707081224
2.156,0,0.2922981144764607,1,-0.2922981144764607
2.158,0,0.2938830917702159,1,-0.2938830917702159
2.16,0,0.2954605571437134,1,-0.2954605571437134
2.162,0,0.297030465633105,1,-0.297030465633105
2.164,0,0.2985927727532456,1,-0.2985927727532456
2.166,0,0.3001474344945881,1,-0.3001474344945881
2.168,0,0.3016944073200954,1,-0.3016944073200954
2.17,0,0.3032336481621686,1,-0.3032336481621686
2.172,0,0.3047651144195933,1,-0.3047651144195933
2.174,0,0.306288763954502,1,-0.306288763954502
2.176,0,0.3078045550893541,1,-0.3078045550893541
2.178,0,0.3093124466039314,1,-0.3093124466039314
2.18,0,0.3108123977323518,1,-0.3108123977323518
2.182,0,0.3123043681600981,1,-0.3123043681600981
2.184,0,0.3137883180210645,1,-0.3137883180210645
2.186,0,0.3152642078946186,1,-0.3152642078946186
2.188,0,0.31673199880268,1,-0.31673199880268
2.19,0,0.3181916522068153,1,-0.3181916522068153
2.192,0,0.3196431300053493,1,-0.3196431300053493
2.194,0,0.3210863945304917,1,-0.3210863945304917
2.196,0,0.3225214085454803,1,-0.3225214085454803
2.198,0,0.3239481352417399,1,-0.3239481352417399
2.2,0,0.3253665382360573,1,-0.3253665382360573
2.202,0,0.3267765815677715,1,-0.3267765815677715
2.204,0,0.3281782296959798,1,-0.3281782296959798
2.206,0,0.3295714474967599,1,-0.3295714474967599
2.208,0,0.3309562002604067,1,-0.3309562002604067
2.21,0,0.3323324536886851,1,-0.3323324536886851
2.212,0,0.333700173892098,1,-0.333700173892098
2.214,0,0.3350593273871694,1,-0.3350593273871694
2.216,0,0.3364098810937428,1,-0.3364098810937428
2.218,0,0.3377518023322947,1,-0.3377518023322947
2.22,0,0.3390850588212632,1,-0.3390850588212632
2.222,0,0.3404096186743914,1,-0.3404096186743914
2.224,0,0.3417254503980856,1,-0.3417254503980856
2.226,0,0.3430325228887884,1,-0.3430325228887884
2.228,0,0.344330805430367,1,-0.344330805430367
2.23,0,0.345620267691515,1,-0.345620267691515
2.232,0,0.3469008797231698,1,-0.3469008797231698
2.234,0,0.3481726119559441,1,-0.3481726119559441
2.236,0,0.3494354351975718,1,-0.3494354351975718
2.238,0,0.3506893206303681,1,-0.3506893206303681
2.24,0,0.3519342398087046,1,-0.3519342398087046
2.242,0,0.3531701646564973,1,-0.3531701646564973
2.244,0,0.3543970674647098,1,-0.3543970674647098
2.246,0,0.3556149208888706,1,-0.3556149208888706
2.248,0,0.3568236979466034,1,-0.3568236979466034
2.25,0,0.3580233720151719,1,-0.3580233720151719
2.252,0,0.359213916829039,1,-0.359213916829039
2.254,0,0.3603953064774384,1,-0.3603953064774384
2.256,0,0.3615675154019615,1,-0.3615675154019615
2.258,0,0.3627305183941563,1,-0.3627305183941563
2.26,0,0.3638842905931412,1,-0.3638842905931412
2.262,0,0.3650288074832315,1,-0.3650288074832315
2.264,0,0.3661640448915794,1,-0.3661640448915794
2.266,0,0.3672899789858278,1,-0.3672899789858278
2.268,0,0.3684065862717767,1,-0.3684065862717767
2.27,0,0.3695138435910635,1,-0.3695138435910635
2.272,0,0.3706117281188557,1,-0.3706117281188557
2.274,0,0.3717002173615572,1,-0.3717002173615572
2.276,0,0.3727792891545276,1,-0.3727792891545276
2.278,0,0.3738489216598139,1,-0.3738489216598139
2.28,0,0.3749090933638958,1,-0.3749090933638958
2.282,0,0.3759597830754434,1,-0.3759597830754434
2.284,0,0.3770009699230875,1,-0.3770009699230875
2.286,0,0.3780326333532025,1,-0.3780326333532025
2.288,0,0.379054753127703,1,-0.379054753127703
2.29,0,0.3800673093218511,1,-0.3800673093218511
2.292,0,0.3810702823220776,1,-0.3810702823220776
2.294,0,0.3820636528238152,1,-0.3820636528238152
2.296,0,0.3830474018293439,1,-0.3830474018293439
2.298,0,0.3840215106456486,1,-0.3840215106456486
2.3,0,0.3849859608822894,1,-0.3849859608822894
2.302,0,0.3859407344492835,1,-0.3859407344492835
2.304,0,0.3868858135549993,1,-0.3868858135549993
2.306,0,0.3878211807040631,1,-0.3878211807040631
2.308,0,0.3887468186952769,1,-0.3887468186952769
2.31,0,0.3896627106195485,1,-0.3896627106195485
2.312,0,0.3905688398578337,1,-0.3905688398578337
2.314,0,0.39146519007909,1,-0.39146519007909
2.316,0,0.3923517452382415,1,-0.3923517452382415
2.318,0,0.3932284895741568,1,-0.3932284895741568
2.32,0,0.3940954076076372,1,-0.3940954076076372
2.322,0,0.3949524841394167,1,-0.3949524841394167
2.324,0,0.3957997042481745,1,-0.3957997042481745
2.326,0,0.3966370532885571,1,-0.3966370532885571
2.328,0,0.3974645168892135,1,-0.3974645168892135
2.33,0,0.3982820809508406,1,-0.3982820809508406
2.332,0,0.3990897316442403,1,-0.3990897316442403
2.334,0,0.3998874554083877,1,-0.3998874554083877
2.336,0,0.4006752389485102,1,-0.4006752389485102
2.338,0,0.4014530692341782,1,-0.4014530692341782
2.34,0,0.4022209334974058,1,-0.4022209334974058
2.342,0,0.4029788192307641,1,-0.4029788192307641
2.344,0,0.4037267141855032,1,-0.4037267141855032
2.346,0,0.4044646063696873,1,-0.4044646063696873
2.348,0,0.4051924840463387,1,-0.4051924840463387
2.35,0,0.4059103357315937,1,-0.4059103357315937
2.352,0,0.4066181501928689,1,-0.4066181501928689
2.354,0,0.4073159164470374,1,-0.4073159164470374
2.356,0,0.4080036237586169,1,-0.4080036237586169
2.358,0,0.4086812616379668,1,-0.4086812616379668
2.36,0,0.4093488198394971,1,-0.4093488198394971
2.362,0,0.4100062883598867,1,-0.4100062883598867
2.364,0,0.4106536574363124,1,-0.4106536574363124
2.366,0,0.4112909175446883,1,-0.4112909175446883
2.368,0,0.4119180593979153,1,-0.4119180593979153
2.37,0,0.4125350739441406,1,-0.4125350739441406
2.372,0,0.4131419523650277,1,-0.4131419523650277
2.374,0,0.4137386860740362,1,-0.4137386860740362
2.376,0,0.4143252667147116,1,-0.4143252667147116
2.378,0,0.414901686158985,1,-0.414901686158985
2.38,0,0.4154679365054831,1,-0.4154679365054831
2.382,0,0.4160240100778478,1,-0.4160240100778478
2.384,0,0.4165698994230653,1,-0.4165698994230653
2.386,0,0.4171055973098055,1,-0.4171055973098055
2.388,0,0.4176310967267705,1,-0.4176310967267705
2.39,0,0.4181463908810538,1,-0.4181463908810538
2.392,0,0.4186514731965075,1,-0.4186514731965075
2.394,0,0.4191463373121208,1,-0.4191463373121208
2.396,0,0.4196309770804065,1,-0.4196309770804065
2.398,0,0.4201053865657977,1,-0.4201053865657977
2.4,0,0.4205695600430542,1,-0.4205695600430542
2.402,0,0.4210234919956775,1,-0.4210234919956775
2.404,0,0.4214671771143352,1,-0.4214671771143352
2.406,0,0.4219006102952956,1,-0.4219006102952956
2.408,0,0.4223237866388701,1,-0.4223237866388701
2.41,0,0.4227367014478658,1,-0.4227367014478658
2.412,0,0.4231393502260468,1,-0.4231393502260468
2.414,0,0.4235317286766046,1,-0.4235317286766046
2.416,0,0.4239138327006375,1,-0.4239138327006375
2.418,0,0.4242856583956389,1,-0.4242856583956389
2.42,0,0.4246472020539948,1,-0.4246472020539948
2.422,0,0.4249984601614897,1,-0.4249984601614897
2.424,0,0.4253394293958221,1,-0.4253394293958221
2.426,0,0.4256701066251274,1,-0.4256701066251274
2.428,0,0.4259904889065114,1,-0.4259904889065114
2.43,0,0.4263005734845904,1,-0.4263005734845904
2.432,0,0.4266003577900421,1,-0.4266003577900421
2.434,0,0.4268898394381632,1,-0.4268898394381632
2.436,0,0.4271690162274365,1,-0.4271690162274365
2.438,0,0.4274378861381066,1,-0.4274378861381066
2.44,0,0.4276964473307637,1,-0.4276964473307637
2.442,0,0.4279446981449357,1,-0.4279446981449357
2.444,0,0.4281826370976891,1,-0.4281826370976891
2.446,0,0.4284102628822378,1,-0.4284102628822378
2.448,0,0.4286275743665605,1,-0.4286275743665605
2.45,0,0.4288345705920263,1,-0.4288345705920263
2.452,0,0.4290312507720281,1,-0.4290312507720281
2.454,0,0.4292176142906246,1,-0.4292176142906246
2.456,0,0.4293936607011903,1,-0.4293936607011903
2.458,0,0.4295593897250735,1,-0.4295593897250735
2.46,0,0.429714801250262,1,-0.429714801250262
2.462,0,0.4298598953300574,1,-0.4298598953300574
2.464,0,0.4299946721817571,1,-0.4299946721817571
2.466,0,0.4301191321853438,1,-0.4301191321853438
2.468,0,0.4302332758821833,1,-0.4302332758821833
2.47,0,0.43033710397373,1,-0.43033710397373
2.472,0,0.43043061732024,1,-0.43043061732024
2.474,0,0.4305138169394922,1,-0.4305138169394922
2.476,0,0.4305867040055168,1,-0.4305867040055168
2.478,0,0.4306492798473316,1,-0.4306492798473316
2.48,0,0.430701545947686,1,-0.430701545947686
2.482,0,0.4307435039418121,1,-0.4307435039418121
2.484,0,0.430775155616184,1,-0.430775155616184
2.486,0,0.4307965029072841,1,-0.4307965029072841
2.488,0,0.4308075479003767,1,-0.4308075479003767
2.49,0,0.4308082928282898,1,-0.4308082928282898
2.492,0,0.4307987400702031,1,-0.4307987400702031
2.494,0,0.4307788921504446,1,-0.4307788921504446
2.496,0,0.4307487517372933,1,-0.4307487517372933
2.498,0,0.4307083216417896,1,-0.4307083216417896
2.5,0,0.4306576048165536,1,-0.4306576048165536
2.502,0,0.4305966043546093,1,-0.4305966043546093
2.504,0,0.4305253234882169,1,-0.4305253234882169
2.506,0,0.4304437655877116,1,-0.4304437655877116
2.508,0,0.4303519341603499,1,-0.4303519341603499
2.51,0,0.4302498328491628,1,-0.4302498328491628
2.512,0,0.4301374654318154,1,-0.4301374654318154
2.514,0,0.4300148358194744,1,-0.4300148358194744
2.516,0,0.4298819480556819,1,-0.4298819480556819
2.518,0,0.4297388063152361,1,-0.4297388063152361
2.52,0,0.429585414903079,1,-0.429585414903079
2.522,0,0.4294217782531907,1,-0.4294217782531907
2.524,0,0.4292479009274906,1,-0.4292479009274906
2.526,0,0.4290637876147453,1,-0.4290637876147453
2.528,0,0.4288694431294831,1,-0.4288694431294831
2.53,0,0.4286648724109152,1,-0.4286648724109152
2.532,0,0.4284500805218637,1,-0.4284500805218637
2.534,0,0.4282250726476954,1,-0.4282250726476954
2.536,0,0.4279898540952636,1,-0.4279898540952636
2.538,0,0.4277444302918548,1,-0.4277444302918548
2.54,0,0.4274888067841426,1,-0.4274888067841426
2.542,0,0.4272229892371487,1,-0.4272229892371487
2.544,0,0.4269469834332089,1,-0.4269469834332089
2.546,0,0.4266607952709462,1,-0.4266607952709462
2.548,0,0.4263644307642511,1,-0.4263644307642511
2.55,0,0.4260578960412659,1,-0.4260578960412659
2.552,0,0.425741197343378,1,-0.425741197343378
2.554,0,0.4254143410242172,1,-0.4254143410242172
2.556,0,0.4250773335486605,1,-0.4250773335486605
2.558,0,0.4247301814918426,1,-0.4247301814918426
2.56,0,0.4243728915381724,1,-0.4243728915381724
2.562,0,0.4240054704803561,1,-0.4240054704803561
2.564,0,0.4236279252184255,1,-0.4236279252184255
2.566,0,0.4232402627587735,1,-0.4232402627587735
2.568,0,0.4228424902131945,1,-0.4228424902131945
2.57,0,0.4224346147979314,1,-0.4224346147979314
2.572,0,0.4220166438327282,1,-0.4220166438327282
2.574,0,0.4215885847398889,1,-0.4215885847398889
2.576,0,0.4211504450433417,1,-0.4211504450433417
2.578,0,0.4207022323677096,1,-0.4207022323677096
2.58,0,0.4202439544373864,1,-0.4202439544373864
2.582,0,0.4197756190756187,1,-0.4197756190756187
2.584,0,0.4192972342035935,1,-0.4192972342035935
2.586,0,0.4188088078395317,1,-0.4188088078395317
2.588,0,0.4183103480977868,1,-0.4183103480977868
2.59,0,0.4178018631879503,1,-0.4178018631879503
2.592,0,0.417283361413961,1,-0.417283361413961
2.594,0,0.4167548511732219,1,-0.4167548511732219
2.596,0,0.4162163409557209,1,-0.4162163409557209
2.598,0,0.4156678393431582,1,-0.4156678393431582
2.6,0,0.4151093550080786,1,-0.4151093550080786
2.602,0,0.4145408967130096,1,-0.4145408967130096
2.604,0,0.4139624733096045,1,-0.4139624733096045
2.606,0,0.4133740937377914,1,-0.4133740937377914
2.608,0,0.4127757670249272,1,-0.4127757670249272
2.61,0,0.4121675022849573,1,-0.4121675022849573
2.612,0,0.4115493087175802,1,-0.4115493087175802
2.614,0,0.4109211956074176,1,-0.4109211956074176
2.616,0,0.4102831723231901,1,-0.4102831723231901
2.618,0,0.4096352483168974,1,-0.4096352483168974
2.62,0,0.4089774331230042,1,-0.4089774331230042
2.622,0,0.4083097363576313,1,-0.4083097363576313
2.624,0,0.4076321677177516,1,-0.4076321677177516
2.626,0,0.4069447369803913,1,-0.4069447369803913
2.628,0,0.4062474540018364,1,-0.4062474540018364
2.63,0,0.4055403287168439,1,-0.4055403287168439
2.632,0,0.4048233711378583,1,-0.4048233711378583
2.634,0,0.4040965913542328,1,-0.4040965913542328
2.636,0,0.4033599995314561,1,-0.4033599995314561
2.638,0,0.4026136059103836,1,-0.4026136059103836
2.64,0,0.4018574208064734,1,-0.4018574208064734
2.642,0,0.4010914546090278,1,-0.4010914546090278
2.644,0,0.4003157177804393,1,-0.4003157177804393
2.646,0,0.3995302208554411,1,-0.3995302208554411
2.648,0,0.3987349744403634,1,-0.3987349744403634
2.65,0,0.3979299892123936,1,-0.3979299892123936
2.652,0,0.3971152759188412,1,-0.3971152759188412
2.654,0,0.3962908453764085,1,-0.3962908453764085
2.656,0,0.3954567084704648,1,-0.3954567084704648
2.658,0,0.3946128761543257,1,-0.3946128761543257
2.66,0,0.3937593594485377,1,-0.3937593594485377
2.662,0,0.3928961694401662,1,-0.3928961694401662
2.664,0,0.3920233172820893,1,-0.3920233172820893
2.666,0,0.3911408141922956,1,-0.3911408141922956
2.668,0,0.3902486714531861,1,-0.3902486714531861
2.67,0,0.3893469004108819,1,-0.3893469004108819
2.672,0,0.3884355124745352,1,-0.3884355124745352
2.674,0,0.3875145191156454,1,-0.3875145191156454
2.676,0,0.3865839318673794,1,-0.3865839318673794
2.678,0,0.3856437623238965,1,-0.3856437623238965
2.68,0,0.3846940221396776,1,-0.3846940221396776
2.682,0,0.3837347230288591,1,-0.3837347230288591
2.684,0,0.3827658767645703,1,-0.3827658767645703
2.686,0,0.3817874951782763,1,-0.3817874951782763
2.688,0,0.3807995901591243,1,-0.3807995901591243
2.69,0,0.3798021736532947,1,-0.3798021736532947
2.692,0,0.378795257663356,1,-0.378795257663356
2.694,0,0.3777788542476246,1,-0.3777788542476246
2.696,0,0.3767529755195281,1,-0.3767529755195281
2.698,0,0.3757176336469734,1,-0.3757176336469734
2.7,0,0.3746728408517184,1,-0.3746728408517184
2.702,0,0.3736186094087484,1,-0.3736186094087484
2.704,0,0.3725549516456564,1,-0.3725549516456564
2.706,0,0.3714818799420271,1,-0.3714818799420271
2.708,0,0.3703994067288257,1,-0.3703994067288257
2.71,0,0.3693075444877901,1,-0.3693075444877901
2.712,0,0.368206305750828,1,-0.368206305750828
2.714,0,0.3670957030994165,1,-0.3670957030994165
2.716,0,0.3659757491640077,1,-0.3659757491640077
2.718,0,0.3648464566234361,1,-0.3648464566234361
2.72,0,0.3637078382043319,1,-0.3637078382043319
2.722,0,0.3625599066805371,1,-0.3625599066805371
2.724,0,0.3614026748725254,1,-0.3614026748725254
2.726,0,0.3602361556468266,1,-0.3602361556468266
2.728,0,0.3590603619154548,1,-0.3590603619154548
2.73,0,0.3578753066353398,1,-0.3578753066353398
2.732,0,0.356681002807763,1,-0.356681002807763
2.734,0,0.3554774634777966,1,-0.3554774634777966
2.736,0,0.354264701733747,1,-0.354264701733747
2.738,0,0.3530427307066016,1,-0.3530427307066016
2.74,0,0.3518115635694793,1,-0.3518115635694793
2.742,0,0.3505712135370855,1,-0.3505712135370855
2.744,0,0.3493216938651691,1,-0.3493216938651691
2.746,0,0.3480630178499854,1,-0.3480630178499854
2.748,0,0.3467951988277603,1,-0.3467951988277603
2.75,0,0.3455182501741603,1,-0.3455182501741603
2.752,0,0.3442321853037643,1,-0.3442321853037643
2.754,0,0.3429370176695402,1,-0.3429370176695402
2.756,0,0.3416327607623246,1,-0.3416327607623246
2.758,0,0.3403194281103059,1,-0.3403194281103059
2.76,0,0.3389970332785111,1,-0.3389970332785111
2.762,0,0.3376655898682961,1,-0.3376655898682961
2.764,0,0.3363251115168398,1,-0.3363251115168398
2.766,0,0.3349756118966409,1,-0.3349756118966409
2.768,0,0.3336171047150187,1,-0.3336171047150187
2.77,0,0.3322496037136173,1,-0.3322496037136173
2.772,0,0.3308731226679131,1,-0.3308731226679131
2.774,0,0.3294876753867256,1,-0.3294876753867256
2.776,0,0.3280932757117319,1,-0.3280932757117319
2.778,0,0.3266899375169837,1,-0.3266899375169837
2.78,0,0.3252776747084292,1,-0.3252776747084292
2.782,0,0.3238565012234363,1,-0.3238565012234363
2.784,0,0.3224264310303209,1,-0.3224264310303209
2.786,0,0.3209874781278775,1,-0.3209874781278775
2.788,0,0.319539656544913,1,-0.319539656544913
2.79,0,0.3180829803397842,1,-0.3180829803397842
2.792,0,0.3166174635999385,1,-0.3166174635999385
2.794,0,0.3151431204414573,1,-0.3151431204414573
2.796,0,0.3136599650086028,1,-0.3136599650086028
2.798,0,0.3121680114733684,1,-0.3121680114733684
2.8,0,0.3106672740350318,1,-0.3106672740350318
2.802,0,0.3091577669197111,1,-0.3091577669197111
2.804,0,0.3076395043799244,1,-0.3076395043799244
2.806,0,0.3061125006941522,1,-0.3061125006941522
2.808,0,0.3045767701664032,1,-0.3045767701664032
2.81,0,0.3030323271257827,1,-0.3030323271257827
2.812,0,0.3014791859260643,1,-0.3014791859260643
2.814,0,0.2999173609452649,1,-0.2999173609452649
2.816,0,0.298346866585222,1,-0.298346866585222
2.818,0,0.2967677172711746,1,-0.2967677172711746
2.82,0,0.2951799274513466,1,-0.2951799274513466
2.822,0,0.2935835115965341,1,-0.2935835115965341
2.824,0,0.2919784841996939,1,-0.2919784841996939
2.826,0,0.2903648597755368,1,-0.2903648597755368
2.828,0,0.2887426528601226,1,-0.2887426528601226
2.83,0,0.2871118780104584,1,-0.2871118780104584
2.832,0,0.2854725498040998,1,-0.2854725498040998
2.834,0,0.2838246828387545,1,-0.2838246828387545
2.836,0,0.2821682917318896,1,-0.2821682917318896
2.838,0,0.280503391120341,1,-0.280503391120341
2.84,0,0.2788299956599254,1,-0.2788299956599254
2.842,0,0.2771481200250565,1,-0.2771481200250565
2.844,0,0.2754577789083617,1,-0.2754577789083617
2.846,0,0.2737589870203039,1,-0.2737589870203039
2.848,0,0.2720517590888045,1,-0.2720517590888045
2.85,0,0.2703361098588693,1,-0.2703361098588693
2.852,0,0.2686120540922181,1,-0.2686120540922181
2.854,0,0.2668796065669156,1,-0.2668796065669156
2.856,0,0.2651387820770061,1,-0.2651387820770061
2.858,0,0.2633895954321502,1,-0.2633895954321502
2.86,0,0.2616320614572644,1,-0.2616320614572644
2.862,0,0.2598661949921633,1,-0.2598661949921633
2.864,0,0.2580920108912045,1,-0.2580920108912045
2.866,0,0.2563095240229356,1,-0.2563095240229356
2.868,0,0.2545187492697448,1,-0.2545187492697448
2.87,0,0.2527197015275131,1,-0.2527197015275131
2.872,0,0.2509123957052692,1,-0.2509123957052692
2.874,0,0.2490968467248476,1,-0.2490968467248476
2.876,0,0.2472730695205486,1,-0.2472730695205486
2.878,0,0.2454410790388007,1,-0.2454410790388007
2.88,0,0.2436008902378261,1,-0.2436008902378261
2.882,0,0.2417525180873084,1,-0.2417525180873084
2.884,0,0.2398959775680623,1,-0.2398959775680623
2.886,0,0.2380312836717066,1,-0.2380312836717066
2.888,0,0.2361584514003391,1,-0.2361584514003391
2.89,0,0.2342774957662137,1,-0.2342774957662137
2.892,0,0.2323884317914208,1,-0.2323884317914208
2.894,0,0.230491274507569,1,-0.230491274507569
2.896,0,0.2285860389554701,1,-0.2285860389554701
2.898,0,0.2266727401848259,1,-0.2266727401848259
2.9,0,0.2247513932539175,1,-0.2247513932539175
2.902,0,0.2228220132292969,1,-0.2228220132292969
2.904,0,0.2208846151854814,1,-0.2208846151854814
2.906,0,0.2189392142046493,1,-0.2189392142046493
2.908,0,0.2169858253763391,1,-0.2169858253763391
2.91,0,0.2150244637971498,1,-0.2150244637971498
2.912,0,0.2130551445704446,1,-0.2130551445704446
2.914,0,0.2110778828060561,1,-0.2110778828060561
2.916,0,0.2090926936199936,1,-0.2090926936199936
2.918,0,0.2070995921341538,1,-0.2070995921341538
2.92,0,0.205098593476032,1,-0.205098593476032
2.922,0,0.203089712778437,1,-0.203089712778437
2.924,0,0.2010729651792076,1,-0.2010729651792076
2.926,0,0.1990483658209309,1,-0.1990483658209309
2.928,0,0.1970159298506635,1,-0.1970159298506635
2.93,0,0.1949756724196544,1,-0.1949756724196544
2.932,0,0.1929276086830701,1,-0.1929276086830701
2.934,0,0.1908717537997217,1,-0.1908717537997217
2.936,0,0.1888081229317948,1,-0.1888081229317948
2.938,0,0.1867367312445805,1,-0.1867367312445805
2.94,0,0.1846575939062091,1,-0.1846575939062091
2.942,0,0.1825707260873859,1,-0.1825707260873859
2.944,0,0.1804761429611287,1,-0.1804761429611287
2.946,0,0.1783738597025078,1,-0.1783738597025078
2.948,0,0.1762638914883877,1,-0.1762638914883877
2.95,0,0.1741462534971709,1,-0.1741462534971709
2.952,0,0.1720209609085437,1,-0.1720209609085437
2.954,0,0.1698880289032245,1,-0.1698880289032245
2.956,0,0.167747472662713,1,-0.167747472662713
2.958,0,0.1655993073690425,1,-0.1655993073690425
2.96,0,0.1634435482045335,1,-0.1634435482045335
2.962,0,0.1612802103515497,1,-0.1612802103515497
2.964,0,0.1591093089922553,1,-0.1591093089922553
2.966,0,0.1569308593083751,1,-0.1569308593083751
2.968,0,0.1547448764809558,1,-0.1547448764809558
2.97,0,0.1525513756901294,1,-0.1525513756901294
2.972,0,0.1503503721148789,1,-0.1503503721148789
2.974,0,0.1481418809328052,1,-0.1481418809328052
2.976,0,0.1459259173198965,1,-0.1459259173198965
2.978,0,0.1437024964502991,1,-0.1437024964502991
2.98,0,0.1414716334960905,1,-0.1414716334960905
2.982,0,0.1392333436270538,1,-0.1392333436270538
2.984,0,0.1369876420104545,1,-0.1369876420104545
2.986,0,0.1347345438108189,1,-0.1347345438108189
2.988,0,0.1324740641897138,1,-0.1324740641897138
2.99,0,0.130206218305529,1,-0.130206218305529
2.992,0,0.1279310213132608,1,-0.1279310213132608
2.994,0,0.1256484883642973,1,-0.1256484883642973
2.996,0,0.1233586346062064,1,-0.1233586346062064
2.998,0,0.1210614751825241,1,-0.1210614751825241
3,0,0.1187570252325456,1,-0.1187570252325456
3.002,0,0.1164452998911179,1,-0.1164452998911179
3.004,0,0.1141263142884339,1,-0.1141263142884339
3.006,0,0.1118000835498284,1,-0.1118000835498284
3.008,0,0.1094666227955761,1,-0.1094666227955761
3.01,0,0.1071259471406904,1,-0.1071259471406904
3.012,0,0.1047780716947247,1,-0.1047780716947247
3.014,0,0.1024230115615752,1,-0.1024230115615752
3.016,0,0.1000607818392853,1,-0.1000607818392853
3.018,0,0.09769139761985146,1,-0.09769139761985146
3.02,0,0.09531487398903098,1,-0.09531487398903098
3.022,0,0.09293122602615127,1,-0.09293122602615127
3.024,0,0.0905404688039208,1,-0.0905404688039208
3.026,0,0.08814261738824165,1,-0.08814261738824165
3.028,0,0.08573768683802362,1,-0.08573768683802362
3.03,0,0.08332569220499995,1,-0.08332569220499995
3.032,0,0.08090664853354472,1,-0.08090664853354472
3.034,0,0.07848057086049164,1,-0.07848057086049164
3.036,0,0.07604747421495456,1,-0.07604747421495456
3.038,0,0.07360737361814948,1,-0.07360737361814948
3.04,0,0.07116028408321806,1,-0.07116028408321806
3.042,0,0.06870622061505273,1,-0.06870622061505273
3.044,0,0.06624519821012331,1,-0.06624519821012331
3.046,0,0.06377723185630513,1,-0.06377723185630513
3.048,0,0.06130233653270863,1,-0.06130233653270863
3.05,0,0.05882052720951053,1,-0.05882052720951053
3.052,0,0.05633181884778646,1,-0.05633181884778646
3.054,0,0.053836226399345,1,-0.053836226399345
3.056,0,0.0513337648065633,1,-0.0513337648065633
3.058,0,0.04882444900222407,1,-0.04882444900222407
3.06,0,0.04630829390935407,1,-0.04630829390935407
3.062,0,0.04378531444106405,1,-0.04378531444106405
3.064,0,0.04125552550039008,1,-0.04125552550039008
3.066,0,0.03871894198013634,1,-0.03871894198013634
3.068,0,0.03617557876271929,1,-0.03617557876271929
3.07,0,0.03362545072001332,1,-0.03362545072001332
3.072,0,0.03106857271319771,1,-0.03106857271319771
3.074,0,0.02850495959260504,1,-0.02850495959260504
3.076,0,0.02593462619757093,1,-0.02593462619757093
3.078,0,0.02335758735628524,1,-0.02335758735628524
3.08,0,0.02077385788564452,1,-0.02077385788564452
3.082,0,0.01818345259110589,1,-0.01818345259110589
3.084,0,0.01558638626654226,1,-0.01558638626654226
3.086,0,0.01298267369409887,1,-0.01298267369409887
3.088,0,0.01037232964405116,1,-0.01037232964405116
3.09,0,0.007755368874663967,1,-0.007755368874663967
3.092,0,0.005131806132052061,1,-0.005131806132052061
3.094,0,0.00250165615004193,1,-0.00250165615004193
3.096,0,-0.0001350663499650917,-1,0.0001350663499650917
3.098,0,-0.002778306747963978,-1,0.002778306747963978
3.1,0,-0.005427904549644872,-1,0.005427904549644872
3.102,0,-0.00808368719354287,-1,0.00808368719354287
3.104,0,-0.01074548339461495,-1,0.01074548339461495
3.106,0,-0.01341312313679895,-1,0.01341312313679895
3.108,0,-0.01608643766561163,-1,0.01608643766561163
3.11,0,-0.01876525948078561,-1,0.01876525948078561
3.112,0,-0.02144942232894496,-1,0.02144942232894496
3.114,0,-0.0241387611963193,-1,0.0241387611963193
3.116,0,-0.02683311230149622,-1,0.02683311230149622
3.118,0,-0.02953231308821179,-1,0.02953231308821179
3.12,0,-0.03223620221817899,-1,0.03223620221817899
3.122,0,-0.03494461956395385,-1,0.03494461956395385
3.124,0,-0.03765740620183922,-1,0.03765740620183922
3.126,0,-0.04037440440482577,-1,0.04037440440482577
3.128,0,-0.04309545763557034,-1,0.04309545763557034
3.13,0,-0.04582041053941108,-1,0.04582041053941108
3.132,0,-0.04854910893741955,-1,0.04854910893741955
3.134,0,-0.05128139981948942,-1,0.05128139981948942
3.136,0,-0.05401713133746152,-1,0.05401713133746152
3.138,0,-0.05675615279828528,-1,0.05675615279828528
3.14,0,-0.05949831465721615,-1,0.05949831465721615
3.142,0,-0.062243468511049,-1,0.062243468511049
3.144,0,-0.06499146709138721,-1,0.06499146709138721
3.146,0,-0.0677421642579473,-1,0.0677421642579473
3.148,0,-0.0704954149918989,-1,0.0704954149918989
3.15,0,-0.07325107538924007,-1,0.07325107538924007
3.152,0,-0.0760090026542074,-1,0.0760090026542074
3.154,0,-0.07876905509272117,-1,0.07876905509272117
3.156,0,-0.08153109210586505,-1,0.08153109210586505
3.158,0,-0.08429497418340041,-1,0.08429497418340041
3.16,0,-0.08706056289731483,-1,0.08706056289731483
3.162,0,-0.08982772089540488,-1,0.08982772089540488
3.164,0,-0.09259631189489283,-1,0.09259631189489283
3.166,0,-0.09536620067607722,-1,0.09536620067607722
3.168,0,-0.09813725307601703,-1,0.09813725307601703
3.17,0,-0.1009093359822494,-1,0.1009093359822494
3.172,0,-0.1036823173265406,-1,0.1036823173265406
3.174,0,-0.1064560660786701,-1,0.1064560660786701
3.176,0,-0.109230452240248,-1,0.109230452240248
3.178,0,-0.1120053468385646,-1,0.1120053468385646
3.18,0,-0.1147806219204733,-1,0.1147806219204733
3.182,0,-0.1175561505463056,-1,0.1175561505463056
3.184,0,-0.1203318067838187,-1,0.1203318067838187
3.186,0,-0.1231074657021747,-1,0.1231074657021747
3.188,0,-0.1258830033659528,-1,0.1258830033659528
3.19,0,-0.1286582968291925,-1,0.1286582968291925
3.192,0,-0.1314332241294686,-1,0.1314332241294686
3.194,0,-0.1342076642819983,-1,0.1342076642819983
3.196,0,-0.1369814972737792,-1,0.1369814972737792
3.198,0,-0.1397546040577582,-1,0.1397546040577582
3.2,0,-0.1425268665470325,-1,0.1425268665470325
3.202,0,-0.1452981676090805,-1,0.1452981676090805
3.204,0,-0.1480683910600239,-1,0.1480683910600239
3.206,0,-0.1508374216589206,-1,0.1508374216589206
3.208,0,-0.1536051451020874,-1,0.1536051451020874
3.21,0,-0.1563714480174537,-1,0.1563714480174537
3.212,0,-0.159136217958945,-1,0.159136217958945
3.214,0,-0.1618993434008963,-1,0.1618993434008963
3.216,0,-0.1646607137324956,-1,0.1646607137324956
3.218,0,-0.1674202192522571,-1,0.1674202192522571
3.22,0,-0.1701777511625235,-1,0.1701777511625235
3.222,0,-0.1729332015639984,-1,0.1729332015639984
3.224,0,-0.1756864634503073,-1,0.1756864634503073
3.226,0,-0.1784374307025882,-1,0.1784374307025882
3.228,0,-0.1811859980841109,-1,0.1811859980841109
3.23,0,-0.183932061234925,-1,0.183932061234925
3.232,0,-0.1866755166665369,-1,0.1866755166665369
3.234,0,-0.1894162617566151,-1,0.1894162617566151
3.236,0,-0.1921541947437241,-1,0.1921541947437241
3.238,0,-0.1948892147220862,-1,0.1948892147220862
3.24,0,-0.1976212216363717,-1,0.1976212216363717
3.242,0,-0.2003501162765169,-1,0.2003501162765169
3.244,0,-0.2030758002725699,-1,0.2030758002725699
3.246,0,-0.2057981760895646,-1,0.2057981760895646
3.248,0,-0.208517147022421,-1,0.208517147022421
3.25,0,-0.2112326171908745,-1,0.2112326171908745
3.252,0,-0.2139444915344311,-1,0.2139444915344311
3.254,0,-0.2166526758073506,-1,0.2166526758073506
3.256,0,-0.2193570765736565,-1,0.2193570765736565
3.258,0,-0.2220576012021725,-1,0.2220576012021725
3.26,0,-0.2247541578615862,-1,0.2247541578615862
3.262,0,-0.2274466555155389,-1,0.2274466555155389
3.264,0,-0.2301350039177425,-1,0.2301350039177425
3.266,0,-0.232819113607122,-1,0.232819113607122
3.268,0,-0.2354988959029846,-1,0.2354988959029846
3.27,0,-0.2381742629002148,-1,0.2381742629002148
3.272,0,-0.2408451274644954,-1,0.2408451274644954
3.274,0,-0.2435114032275544,-1,0.2435114032275544
3.276,0,-0.2461730045824373,-1,0.2461730045824373
3.278,0,-0.2488298466788052,-1,0.2488298466788052
3.28,0,-0.2514818454182581,-1,0.2514818454182581
3.282,0,-0.2541289174496837,-1,0.2541289174496837
3.284,0,-0.2567709801646312,-1,0.2567709801646312
3.286,0,-0.2594079516927104,-1,0.2594079516927104
3.288,0,-0.2620397508970148,-1,0.2620397508970148
3.29,0,-0.2646662973695711,-1,0.2646662973695711
3.292,0,-0.2672875114268116,-1,0.2672875114268116
3.294,0,-0.2699033141050722,-1,0.2699033141050722
3.296,0,-0.2725136271561148,-1,0.2725136271561148
3.298,0,-0.2751183730426732,-1,0.2751183730426732
3.3,0,-0.277717474934024,-1,0.277717474934024
3.302,0,-0.280310856701581,-1,0.280310856701581
3.304,0,-0.282898442914514,-1,0.282898442914514
3.306,0,-0.2854801588353907,-1,0.2854801588353907
3.308,0,-0.288055930415843,-1,0.288055930415843
3.31,0,-0.2906256842922563,-1,0.2906256842922563
3.312,0,-0.2931893477814827,-1,0.2931893477814827
3.314,0,-0.2957468488765769,-1,0.2957468488765769
3.316,0,-0.2982981162425562,-1,0.2982981162425562
3.318,0,-0.3008430792121825,-1,0.3008430792121825
3.32,0,-0.3033816677817682,-1,0.3033816677817682
3.322,0,-0.3059138126070045,-1,0.3059138126070045
3.324,0,-0.3084394449988122,-1,0.3084394449988122
3.326,0,-0.3109584969192158,-1,0.3109584969192158
3.328,0,-0.3134709009772396,-1,0.3134709009772396
3.33,0,-0.3159765904248261,-1,0.3159765904248261
3.332,0,-0.3184754991527772,-1,0.3184754991527772
3.334,0,-0.3209675616867171,-1,0.3209675616867171
3.336,0,-0.3234527131830771,-1,0.3234527131830771
3.338,0,-0.3259308894251032,-1,0.3259308894251032
3.34,0,-0.3284020268188845,-1,0.3284020268188845
3.342,0,-0.330866062389404,-1,0.330866062389404
3.344,0,-0.3333229337766107,-1,0.3333229337766107
3.346,0,-0.3357725792315132,-1,0.3357725792315132
3.348,0,-0.338214937612295,-1,0.338214937612295
3.35,0,-0.3406499483804507,-1,0.3406499483804507
3.352,0,-0.3430775515969434,-1,0.3430775515969434
3.354,0,-0.3454976879183834,-1,0.3454976879183834
3.356,0,-0.3479102985932278,-1,0.3479102985932278
3.358,0,-0.3503153254580009,-1,0.3503153254580009
3.36,0,-0.3527127109335351,-1,0.3527127109335351
3.362,0,-0.3551023980212328,-1,0.3551023980212328
3.364,0,-0.3574843302993491,-1,0.3574843302993491
3.366,0,-0.3598584519192936,-1,0.3598584519192936
3.368,0,-0.3622247076019545,-1,0.3622247076019545
3.37,0,-0.3645830426340413,-1,0.3645830426340413
3.372,0,-0.3669334028644482,-1,0.3669334028644482
3.374,0,-0.3692757347006377,-1,0.3692757347006377
3.376,0,-0.3716099851050441,-1,0.3716099851050441
3.378,0,-0.373936101591496,-1,0.373936101591496
3.38,0,-0.3762540322216602,-1,0.3762540322216602
3.382,0,-0.378563725601503,-1,0.378563725601503
3.384,0,-0.3808651308777732,-1,0.3808651308777732
3.386,0,-0.3831581977345029,-1,0.3831581977345029
3.388,0,-0.3854428763895285,-1,0.3854428763895285
3.39,0,-0.3877191175910304,-1,0.3877191175910304
3.392,0,-0.3899868726140924,-1,0.3899868726140924
3.394,0,-0.3922460932572796,-1,0.3922460932572796
3.396,0,-0.3944967318392352,-1,0.3944967318392352
3.398,0,-0.3967387411952966,-1,0.3967387411952966
3.4,0,-0.3989720746741299,-1,0.3989720746741299
3.402,0,-0.4011966861343831,-1,0.4011966861343831
3.404,0,-0.4034125299413578,-1,0.4034125299413578
3.406,0,-0.4056195609636993,-1,0.4056195609636993
3.408,0,-0.4078177345701055,-1,0.4078177345701055
3.41,0,-0.4100070066260529,-1,0.4100070066260529
3.412,0,-0.4121873334905427,-1,0.4121873334905427
3.414,0,-0.4143586720128626,-1,0.4143586720128626
3.416,0,-0.416520979529369,-1,0.416520979529369
3.418,0,-0.4186742138602848,-1,0.4186742138602848
3.42,0,-0.4208183333065169,-1,0.4208183333065169
3.422,0,-0.4229532966464902,-1,0.4229532966464902
3.424,0,-0.4250790631329995,-1,0.4250790631329995
3.426,0,-0.4271955924900797,-1,0.4271955924900797
3.428,0,-0.4293028449098917,-1,0.4293028449098917
3.43,0,-0.4314007810496279,-1,0.4314007810496279
3.432,0,-0.4334893620284326,-1,0.4334893620284326
3.434,0,-0.4355685494243419,-1,0.4355685494243419
3.436,0,-0.4376383052712383,-1,0.4376383052712383
3.438,0,-0.4396985920558246,-1,0.4396985920558246
3.44,0,-0.441749372714613,-1,0.441749372714613
3.442,0,-0.4437906106309316,-1,0.4437906106309316
3.444,0,-0.445822269631948,-1,0.445822269631948
3.446,0,-0.4478443139857091,-1,0.4478443139857091
3.448,0,-0.4498567083981972,-1,0.4498567083981972
3.45,0,-0.4518594180104037,-1,0.4518594180104037
3.452,0,-0.4538524083954175,-1,0.4538524083954175
3.454,0,-0.4558356455555313,-1,0.4558356455555313
3.456,0,-0.4578090959193634,-1,0.4578090959193634
3.458,0,-0.4597727263389955,-1,0.4597727263389955
3.46,0,-0.4617265040871266,-1,0.4617265040871266
3.462,0,-0.4636703968542436,-1,0.4636703968542436
3.464,0,-0.4656043727458067,-1,0.4656043727458067
3.466,0,-0.4675284002794514,-1,0.4675284002794514
3.468,0,-0.4694424483822058,-1,0.4694424483822058
3.47,0,-0.4713464863877238,-1,0.4713464863877238
3.472,0,-0.4732404840335337,-1,0.4732404840335337
3.474,0,-0.4751244114583026,-1,0.4751244114583026
3.476,0,-0.4769982391991157,-1,0.4769982391991157
3.478,0,-0.4788619381887712,-1,0.4788619381887712
3.48,0,-0.4807154797530906,-1,0.4807154797530906
3.482,0,-0.482558835608244,-1,0.482558835608244
3.484,0,-0.4843919778580904,-1,0.4843919778580904
3.486,0,-0.486214878991533,-1,0.486214878991533
3.488,0,-0.48802751187989,-1,0.48802751187989
3.49,0,-0.4898298497742793,-1,0.4898298497742793
3.492,0,-0.4916218663030189,-1,0.4916218663030189
3.494,0,-0.4934035354690413,-1,0.4934035354690413
3.496,0,-0.495174831647323,-1,0.495174831647323
3.498,0,-0.4969357295823285,-1,0.4969357295823285
3.5,0,-0.4986862043854682,-1,0.4986862043854682
3.502,0,-0.5004262315325717,-1,0.5004262315325717
3.504,0,-0.5021557868613747,-1,0.5021557868613747
3.506,0,-0.5038748465690204,-1,0.5038748465690204
3.508,0,-0.5055833872095746,-1,0.5055833872095746
3.51,0,-0.5072813856915562,-1,0.5072813856915562
3.512,0,-0.5089688192754801,-1,0.5089688192754801
3.514,0,-0.5106456655714152,-1,0.5106456655714152
3.516,0,-0.5123119025365559,-1,0.5123119025365559
3.518,0,-0.5139675084728075,-1,0.5139675084728075
3.52,0,-0.515612462024385,-1,0.515612462024385
3.522,0,-0.5172467421754264,-1,0.5172467421754264
3.524,0,-0.5188703282476186,-1,0.5188703282476186
3.526,0,-0.5204831998978375,-1,0.5204831998978375
3.528,0,-0.5220853371158015,-1,0.5220853371158015
3.53,0,-0.5236767202217379,-1,0.5236767202217379
3.532,0,-0.5252573298640636,-1,0.5252573298640636
3.534,0,-0.5268271470170777,-1,0.5268271470170777
3.536,0,-0.5283861529786685,-1,0.5283861529786685
3.538,0,-0.5299343293680334,-1,0.5299343293680334
3.54,0,-0.5314716581234109,-1,0.5314716581234109
3.542,0,-0.5329981214998268,-1,0.5329981214998268
3.544,0,-0.5345137020668528,-1,0.5345137020668528
3.546,0,-0.5360183827063776,-1,0.5360183827063776
3.548,0,-0.5375121466103914,-1,0.5375121466103914
3.55,0,-0.5389949772787829,-1,0.5389949772787829
3.552,0,-0.5404668585171486,-1,0.5404668585171486
3.554,0,-0.5419277744346152,-1,0.5419277744346152
3.556,0,-0.5433777094416742,-1,0.5433777094416742
3.558,0,-0.5448166482480291,-1,0.5448166482480291
3.56,0,-0.5462445758604549,-1,0.5462445758604549
3.562,0,-0.54766147758067,-1,0.54766147758067
3.564,0,-0.5490673390032198,-1,0.5490673390032198
3.566,0,-0.550462146013374,-1,0.550462146013374
3.568,0,-0.5518458847850339,-1,0.5518458847850339
3.57,0,-0.5532185417786539,-1,0.5532185417786539
3.572,0,-0.5545801037391733,-1,0.5545801037391733
3.574,0,-0.5559305576939609,-1,0.5559305576939609
3.576,0,-0.5572698909507714,-1,0.5572698909507714
3.578,0,-0.5585980910957136,-1,0.5585980910957136
3.58,0,-0.5599151459912299,-1,0.5599151459912299
3.582,0,-0.5612210437740885,-1,0.5612210437740885
3.584,0,-0.5625157728533862,-1,0.5625157728533862
3.586,0,-0.5637993219085629,-1,0.5637993219085629
3.588,0,-0.5650716798874286,-1,0.5650716798874286
3.59,0,-0.5663328360042005,-1,0.5663328360042005
3.592,0,-0.5675827797375524,-1,0.5675827797375524
3.594,0,-0.5688215008286754,-1,0.5688215008286754
3.596,0,-0.5700489892793491,-1,0.5700489892793491
3.598,0,-0.5712652353500248,-1,0.5712652353500248
3.6,0,-0.5724702295579198,-1,0.5724702295579198
3.602,0,-0.5736639626751221,-1,0.5736639626751221
3.604,0,-0.5748464257267072,-1,0.5748464257267072
3.606,0,-0.5760176099888648,-1,0.5760176099888648
3.608,0,-0.5771775069870372,-1,0.5771775069870372
3.61,0,-0.5783261084940683,-1,0.5783261084940683
3.612,0,-0.5794634065283631,-1,0.5794634065283631
3.614,0,-0.5805893933520587,-1,0.5805893933520587
3.616,0,-0.5817040614692052,-1,0.5817040614692052
3.618,0,-0.5828074036239576,-1,0.5828074036239576
3.62,0,-0.5838994127987783,-1,0.5838994127987783
3.622,0,-0.5849800822126503,-1,0.5849800822126503
3.624,0,-0.5860494053193002,-1,0.5860494053193002
3.626,0,-0.5871073758054324,-1,0.5871073758054324
3.628,0,-0.5881539875889732,-1,0.5881539875889732
3.63,0,-0.5891892348173254,-1,0.5891892348173254
3.632,0,-0.5902131118656331,-1,0.5902131118656331
3.634,0,-0.5912256133350565,-1,0.5912256133350565
3.636,0,-0.5922267340510572,-1,0.5922267340510572
3.638,0,-0.5932164690616933,-1,0.5932164690616933
3.64,0,-0.5941948136359247,-1,0.5941948136359247
3.642,0,-0.5951617632619285,-1,0.5951617632619285
3.644,0,-0.5961173136454236,-1,0.5961173136454236
3.646,0,-0.5970614607080065,-1,0.5970614607080065
3.648,0,-0.5979942005854956,-1,0.5979942005854956
3.65,0,-0.598915529626286,-1,0.598915529626286
3.652,0,-0.5998254443897141,-1,0.5998254443897141
3.654,0,-0.6007239416444312,-1,0.6007239416444312
3.656,0,-0.6016110183667875,-1,0.6016110183667875
3.658,0,-0.6024866717392252,-1,0.6024866717392252
3.66,0,-0.6033508991486812,-1,0.6033508991486812
3.662,0,-0.6042036981849994,-1,0.6042036981849994
3.664,0,-0.6050450666393522,-1,0.6050450666393522
3.666,0,-0.6058750025026717,-1,0.6058750025026717
3.668,0,-0.6066935039640898,-1,0.6066935039640898
3.67,0,-0.6075005694093881,-1,0.6075005694093881
3.672,0,-0.6082961974194563,-1,0.6082961974194563
3.674,0,-0.6090803867687602,-1,0.6090803867687602
3.676,0,-0.6098531364238193,-1,0.6098531364238193
3.678,0,-0.6106144455416925,-1,0.6106144455416925
3.68,0,-0.6113643134684734,-1,0.6113643134684734
3.682,0,-0.6121027397377945,-1,0.6121027397377945
3.684,0,-0.6128297240693403,-1,0.6128297240693403
3.686,0,-0.6135452663673695,-1,0.6135452663673695
3.688,0,-0.6142493667192453,-1,0.6142493667192453
3.69,0,-0.6149420253939758,-1,0.6149420253939758
3.692,0,-0.6156232428407613,-1,0.6156232428407613
3.694,0,-0.6162930196875525,-1,0.6162930196875525
3.696,0,-0.6169513567396152,-1,0.6169513567396152
3.698,0,-0.6175982549781054,-1,0.6175982549781054
3.7,0,-0.6182337155586515,-1,0.6182337155586515
3.702,0,-0.6188577398099462,-1,0.6188577398099462
3.704,0,-0.6194703292323461,-1,0.6194703292323461
3.706,0,-0.6200714854964799,-1,0.6200714854964799
3.708,0,-0.6206612104418651,-1,0.6206612104418651
3.71,0,-0.6212395060755329,-1,0.6212395060755329
3.712,0,-0.6218063745706617,-1,0.6218063745706617
3.714,0,-0.6223618182652183,-1,0.6223618182652183
3.716,0,-0.6229058396606076,-1,0.6229058396606076
3.718,0,-0.6234384414203309,-1,0.6234384414203309
3.72,0,-0.6239596263686511,-1,0.6239596263686511
3.722,0,-0.6244693974892674,-1,0.6244693974892674
3.724,0,-0.6249677579239971,-1,0.6249677579239971
3.726,0,-0.6254547109714653,-1,0.6254547109714653
3.728,0,-0.6259302600858037,-1,0.6259302600858037
3.73,0,-0.6263944088753555,-1,0.6263944088753555
3.732,0,-0.6268471611013899,-1,0.6268471611013899
3.734,0,-0.6272885206768233,-1,0.6272885206768233
3.736,0,-0.6277184916649483,-1,0.6277184916649483
3.738,0,-0.6281370782781716,-1,0.6281370782781716
3.74,0,-0.6285442848767576,-1,0.6285442848767576
3.742,0,-0.6289401159675818,-1,0.6289401159675818
3.744,0,-0.6293245762028902,-1,0.6293245762028902
3.746,0,-0.6296976703790668,-1,0.6296976703790668
3.748,0,-0.6300594034354089,-1,0.6300594034354089
3.75,0,-0.6304097804529096,-1,0.6304097804529096
3.752,0,-0.6307488066530479,-1,0.6307488066530479
3.754,0,-0.6310764873965856,-1,0.6310764873965856
3.756,0,-0.6313928281823726,-1,0.6313928281823726
3.758,0,-0.6316978346461587,-1,0.6316978346461587
3.76,0,-0.6319915125594129,-1,0.6319915125594129
3.762,0,-0.6322738678281503,-1,0.6322738678281503
3.764,0,-0.6325449064917656,-1,0.6325449064917656
3.766,0,-0.6328046347218743,-1,0.6328046347218743
3.768,0,-0.6330530588211606,-1,0.6330530588211606
3.77,0,-0.6332901852222327,-1,0.6332901852222327
3.772,0,-0.633516020486485,-1,0.633516020486485
3.774,0,-0.6337305713029675,-1,0.6337305713029675
3.776,0,-0.6339338444872619,-1,0.6339338444872619
3.778,0,-0.6341258469803647,-1,0.6341258469803647
3.78,0,-0.6343065858475774,-1,0.6343065858475774
3.782,0,-0.6344760682774034,-1,0.6344760682774034
3.784,0,-0.6346343015804519,-1,0.6346343015804519
3.786,0,-0.634781293188348,-1,0.634781293188348
3.788,0,-0.6349170506526506,-1,0.6349170506526506
3.79,0,-0.635041581643776,-1,0.635041581643776
3.792,0,-0.6351548939499287,-1,0.6351548939499287
3.794,0,-0.6352569954760389,-1,0.6352569954760389
3.796,0,-0.635347894242706,-1,0.635347894242706
3.798,0,-0.6354275983851497,-1,0.6354275983851497
3.8,0,-0.6354961161521667,-1,0.6354961161521667
3.802,0,-0.6355534559050944,-1,0.6355534559050944
3.804,0,-0.6355996261167806,-1,0.6355996261167806
3.806,0,-0.6356346353705604,-1,0.6356346353705604
3.808,0,-0.635658492359239,-1,0.635658492359239
3.81,0,-0.6356712058840804,-1,0.6356712058840804
3.812,0,-0.6356727848538036,-1,0.6356727848538036
3.814,0,-0.635663238283584,-1,0.635663238283584
3.816,0,-0.6356425752940612,-1,0.6356425752940612
3.818,0,-0.6356108051103543,-1,0.6356108051103543
3.82,0,-0.6355679370610814,-1,0.6355679370610814
3.822,0,-0.6355139805773866,-1,0.6355139805773866
3.824,0,-0.635448945191973,-1,0.635448945191973
3.826,0,-0.6353728405381412,-1,0.6353728405381412
3.828,0,-0.6352856763488344,-1,0.6352856763488344
3.83,0,-0.635187462455689,-1,0.635187462455689
3.832,0,-0.6350782087880924,-1,0.6350782087880924
3.834,0,-0.6349579253722448,-1,0.6349579253722448
3.836,0,-0.6348266223302287,-1,0.6348266223302287
3.838,0,-0.6346843098790832,-1,0.6346843098790832
3.84,0,-0.634530998329885,-1,0.634530998329885
3.842,0,-0.6343666980868344,-1,0.6343666980868344
3.844,0,-0.6341914196463476,-1,0.6341914196463476
3.846,0,-0.6340051735961547,-1,0.6340051735961547
3.848,0,-0.6338079706144033,-1,0.6338079706144033
3.85,0,-0.6335998214687679,-1,0.6335998214687679
3.852,0,-0.633380737015565,-1,0.633380737015565
3.854,0,-0.6331507281988736,-1,0.6331507281988736
3.856,0,-0.632909806049662,-1,0.632909806049662
3.858,0,-0.6326579816849187,-1,0.6326579816849187
3.86,0,-0.6323952663067909,-1,0.6323952663067909
3.862,0,-0.6321216712017268,-1,0.6321216712017268
3.864,0,-0.6318372077396242,-1,0.6318372077396242
3.866,0,-0.6315418873729841,-1,0.6315418873729841
3.868,0,-0.6312357216360708,-1,0.6312357216360708
3.87,0,-0.6309187221440754,-1,0.6309187221440754
3.872,0,-0.630590900592287,-1,0.630590900592287
3.874,0,-0.6302522687552673,-1,0.6302522687552673
3.876,0,-0.6299028384860318,-1,0.6299028384860318
3.878,0,-0.6295426217152355,-1,0.6295426217152355
3.88,0,-0.6291716304503641,-1,0.6291716304503641
3.882,0,-0.6287898767749307,-1,0.6287898767749307
3.884,0,-0.6283973728476774,-1,0.6283973728476774
3.886,0,-0.6279941309017818,-1,0.6279941309017818
3.888,0,-0.6275801632440695,-1,0.6275801632440695
3.89,0,-0.6271554822542305,-1,0.6271554822542305
3.892,0,-0.6267201003840417,-1,0.6267201003840417
3.894,0,-0.6262740301565941,-1,0.6262740301565941
3.896,0,-0.6258172841655248,-1,0.6258172841655248
3.898,0,-0.6253498750742544,-1,0.6253498750742544
3.9,0,-0.624871815615229,-1,0.624871815615229
3.902,0,-0.6243831185891672,-1,0.6243831185891672
3.904,0,-0.6238837968643123,-1,0.6238837968643123
3.906,0,-0.6233738633756893,-1,0.6233738633756893
3.908,0,-0.6228533311243664,-1,0.6228533311243664
3.91,0,-0.6223222131767213,-1,0.6223222131767213
3.912,0,-0.6217805226637135,-1,0.6217805226637135
3.914,0,-0.6212282727801595,-1,0.6212282727801595
3.916,0,-0.6206654767840141,-1,0.6206654767840141
3.918,0,-0.620092147995656,-1,0.620092147995656
3.92,0,-0.6195082997971785,-1,0.6195082997971785
3.922,0,-0.6189139456316836,-1,0.6189139456316836
3.924,0,-0.6183090990025824,-1,0.6183090990025824
3.926,0,-0.6176937734728992,-1,0.6176937734728992
3.928,0,-0.6170679826645803,-1,0.6170679826645803
3.93,0,-0.6164317402578073,-1,0.6164317402578073
3.932,0,-0.6157850599903153,-1,0.6157850599903153
3.934,0,-0.6151279556567151,-1,0.6151279556567151
3.936,0,-0.6144604411078204,-1,0.6144604411078204
3.938,0,-0.6137825302499792,-1,0.6137825302499792
3.94,0,-0.6130942370444097,-1,0.6130942370444097
3.942,0,-0.6123955755065406,-1,0.6123955755065406
3.944,0,-0.6116865597053556,-1,0.6116865597053556
3.946,0,-0.6109672037627427,-1,0.6109672037627427
3.948,0,-0.6102375218528476,-1,0.6102375218528476
3.95,0,-0.6094975282014314,-1,0.6094975282014314
3.952,0,-0.6087472370852324,-1,0.6087472370852324
3.954,0,-0.6079866628313325,-1,0.6079866628313325
3.956,0,-0.6072158198165282,-1,0.6072158198165282
3.958,0,-0.6064347224667045,-1,0.6064347224667045
3.96,0,-0.6056433852562146,-1,0.6056433852562146
3.962,0,-0.6048418227072628,-1,0.6048418227072628
3.964,0,-0.6040300493892917,-1,0.6040300493892917
3.966,0,-0.6032080799183736,-1,0.6032080799183736
3.968,0,-0.602375928956606,-1,0.602375928956606
3.97,0,-0.6015336112115116,-1,0.6015336112115116
3.972,0,-0.6006811414354416,-1,0.6006811414354416
3.974,0,-0.5998185344249833,-1,0.5998185344249833
3.976,0,-0.5989458050203723,-1,0.5989458050203723
3.978,0,-0.5980629681049077,-1,0.5980629681049077
3.98,0,-0.597170038604372,-1,0.597170038604372
3.982,0,-0.596267031486455,-1,0.596267031486455
3.984,0,-0.5953539617601807,-1,0.5953539617601807
3.986,0,-0.5944308444753394,-1,0.5944308444753394
3.988,0,-0.5934976947219228,-1,0.5934976947219228
3.99,0,-0.5925545276295631,-1,0.5925545276295631
3.992,0,-0.5916013583669759,-1,0.5916013583669759
3.994,0,-0.5906382021414076,-1,0.5906382021414076
3.996,0,-0.5896650741980857,-1,0.5896650741980857
3.998,0,-0.5886819898196728,-1,0.5886819898196728
4,0,-0.5876889643257256,-1,0.5876889643257256
4.002,0,-0.5866860130721562,-1,0.5866860130721562
4.004,0,-0.5856731514506979,-1,0.5856731514506979
4.006,0,-0.5846503948883743,-1,0.5846503948883743
4.008,0,-0.5836177588469728,-1,0.5836177588469728
4.01,0,-0.5825752588225204,-1,0.5825752588225204
4.012,0,-0.5815229103447646,-1,0.5815229103447646
4.014,0,-0.5804607289766568,-1,0.5804607289766568
4.016,0,-0.57938873031384,-1,0.57938873031384
4.018,0,-0.5783069299841396,-1,0.5783069299841396
4.02,0,-0.577215343647058,-1,0.577215343647058
4.022,0,-0.5761139869932727,-1,0.5761139869932727
4.024,0,-0.5750028757441376,-1,0.5750028757441376
4.026,0,-0.5738820256511883,-1,0.5738820256511883
4.028,0,-0.5727514524956506,-1,0.5727514524956506
4.03,0,-0.5716111720879522,-1,0.5716111720879522
4.032,0,-0.5704612002672381,-1,0.5704612002672381
4.034,0,-0.5693015529008896,-1,0.5693015529008896
4.036,0,-0.5681322458840461,-1,0.5681322458840461
4.038,0,-0.5669532951391311,-1,0.5669532951391311
4.04,0,-0.5657647166153805,-1,0.5657647166153805
4.042,0,-0.5645665262883753,-1,0.5645665262883753
4.044,0,-0.5633587401595765,-1,0.5633587401595765
4.046,0,-0.5621413742558646,-1,0.5621413742558646
4.048,0,-0.5609144446290809,-1,0.5609144446290809
4.05,0,-0.5596779673555735,-1,0.5596779673555735
4.052,0,-0.5584319585357453,-1,0.5584319585357453
4.054,0,-0.5571764342936061,-1,0.5571764342936061
4.056,0,-0.5559114107763272,-1,0.5559114107763272
4.058,0,-0.5546369041538001,-1,0.5546369041538001
4.06,0,-0.5533529306181969,-1,0.5533529306181969
4.062,0,-0.5520595063835357,-1,0.5520595063835357
4.064,0,-0.5507566476852475,-1,0.5507566476852475
4.066,0,-0.5494443707797468,-1,0.5494443707797468
4.068000000000001,0,-0.548122691944006,-1,0.548122691944006
4.07,0,-0.5467916274751313,-1,0.5467916274751313
4.072,0,-0.5454511936899434,-1,0.5454511936899434
4.074,0,-0.5441014069245598,-1,0.5441014069245598
4.076000000000001,0,-0.5427422835339809,-1,0.5427422835339809
4.078,0,-0.5413738398916791,-1,0.5413738398916791
4.08,0,-0.5399960923891902,-1,0.5399960923891902
4.082,0,-0.5386090574357089,-1,0.5386090574357089
4.084000000000001,0,-0.5372127514576859,-1,0.5372127514576859
4.086,0,-0.5358071908984291,-1,0.5358071908984291
4.088,0,-0.5343923922177073,-1,0.5343923922177073
4.09,0,-0.5329683718913563,-1,0.5329683718913563
4.092000000000001,0,-0.5315351464108886,-1,0.5315351464108886
4.094,0,-0.5300927322831058,-1,0.5300927322831058
4.096,0,-0.5286411460297133,-1,0.5286411460297133
4.098,0,-0.5271804041869387,-1,0.5271804041869387
4.1,0,-0.5257105233051522,-1,0.5257105233051522
4.102,0,-0.5242315199484906,-1,0.5242315199484906
4.104,0,-0.522743410694483,-1,0.522743410694483
4.106,0,-0.5212462121336806,-1,0.5212462121336806
4.108,0,-0.519739940869288,-1,0.519739940869288
4.11,0,-0.5182246135167982,-1,0.5182246135167982
4.112,0,-0.5167002467036295,-1,0.5167002467036295
4.114,0,-0.5151668570687657,-1,0.5151668570687657
4.116,0,-0.5136244612623992,-1,0.5136244612623992
4.118,0,-0.5120730759455755,-1,0.5120730759455755
4.12,0,-0.5105127177898418,-1,0.5105127177898418
4.122,0,-0.5089434034768974,-1,0.5089434034768974
4.124,0,-0.5073651496982472,-1,0.5073651496982472
4.126,0,-0.5057779731548574,-1,0.5057779731548574
4.128,0,-0.5041818905568139,-1,0.5041818905568139
4.13,0,-0.5025769186229836,-1,0.5025769186229836
4.132,0,-0.5009630740806776,-1,0.5009630740806776
4.134,0,-0.4993403736653177,-1,0.4993403736653177
4.136,0,-0.497708834120105,-1,0.497708834120105
4.138,0,-0.4960684721956908,-1,0.4960684721956908
4.14,0,-0.4944193046498508,-1,0.4944193046498508
4.142,0,-0.4927613482471609,-1,0.4927613482471609
4.144,0,-0.491094619758676,-1,0.491094619758676
4.146,0,-0.489419135961611,-1,0.489419135961611
4.148,0,-0.4877349136390244,-1,0.4877349136390244
4.15,0,-0.4860419695795046,-1,0.4860419695795046
4.152,0,-0.4843403205768576,-1,0.4843403205768576
4.154,0,-0.4826299834297983,-1,0.4826299834297983
4.156,0,-0.4809109749416439,-1,0.4809109749416439
4.158,0,-0.4791833119200087,-1,0.4791833119200087
4.16,0,-0.4774470111765027,-1,0.4774470111765027
4.162,0,-0.4757020895264313,-1,0.4757020895264313
4.164,0,-0.4739485637884985,-1,0.4739485637884985
4.166,0,-0.4721864507845113,-1,0.4721864507845113
4.168,0,-0.4704157673390871,-1,0.4704157673390871
4.17,0,-0.468636530279363,-1,0.468636530279363
4.172,0,-0.4668487564347079,-1,0.4668487564347079
4.174,0,-0.4650524626364362,-1,0.4650524626364362
4.176,0,-0.4632476657175245,-1,0.4632476657175245
4.178,0,-0.4614343825123293,-1,0.4614343825123293
4.18,0,-0.4596126298563086,-1,0.4596126298563086
4.182,0,-0.4577824245857445,-1,0.4577824245857445
4.184,0,-0.455943783537468,-1,0.455943783537468
4.186,0,-0.4540967235485869,-1,0.4540967235485869
4.188,0,-0.4522412614562149,-1,0.4522412614562149
4.19,0,-0.4503774140972032,-1,0.4503774140972032
4.192,0,-0.4485051983078746,-1,0.4485051983078746
4.194,0,-0.4466246309237589,-1,0.4466246309237589
4.196,0,-0.4447357287793315,-1,0.4447357287793315
4.198,0,-0.4428385087077532,-1,0.4428385087077532
4.2,0,-0.4409329875406123,-1,0.4409329875406123
4.202,0,-0.4390191821076693,-1,0.4390191821076693
4.204,0,-0.4370971092366029,-1,0.4370971092366029
4.206,0,-0.4351667857527585,-1,0.4351667857527585
4.208,0,-0.4332282284788989,-1,0.4332282284788989
4.21,0,-0.4312814542349564,-1,0.4312814542349564
4.212,0,-0.4293264798377876,-1,0.4293264798377876
4.214,0,-0.4273633221009298,-1,0.4273633221009298
4.216,0,-0.4253919978343595,-1,0.4253919978343595
4.218,0,-0.423412523844253,-1,0.423412523844253
4.22,0,-0.4214249169327487,-1,0.4214249169327487
4.222,0,-0.4194291938977116,-1,0.4194291938977116
4.224,0,-0.4174253715324995,-1,0.4174253715324995
4.226,0,-0.4154134666257317,-1,0.4154134666257317
4.228,0,-0.4133934959610587,-1,0.4133934959610587
4.23,0,-0.4113654763169346,-1,0.4113654763169346
4.232,0,-0.4093294244663912,-1,0.4093294244663912
4.234,0,-0.4072853571768137,-1,0.4072853571768137
4.236,0,-0.4052332912097187,-1,0.4052332912097187
4.238,0,-0.4031732433205335,-1,0.4031732433205335
4.24,0,-0.401105230258378,-1,0.401105230258378
4.242,0,-0.3990292687658479,-1,0.3990292687658479
4.244,0,-0.3969453755787997,-1,0.3969453755787997
4.246,0,-0.3948535674261379,-1,0.3948535674261379
4.248,0,-0.3927538610296037,-1,0.3927538610296037
4.25,0,-0.3906462731035659,-1,0.3906462731035659
4.252,0,-0.3885308203548125,-1,0.3885308203548125
4.254,0,-0.3864075194823459,-1,0.3864075194823459
4.256,0,-0.3842763871771779,-1,0.3842763871771779
4.258,0,-0.3821374401221281,-1,0.3821374401221281
4.26,0,-0.3799906949916228,-1,0.3799906949916228
4.262,0,-0.3778361684514963,-1,0.3778361684514963
4.264,0,-0.3756738771587939,-1,0.3756738771587939
4.266,0,-0.3735038377615764,-1,0.3735038377615764
4.268,0,-0.3713260668987265,-1,0.3713260668987265
4.27,0,-0.3691405811997564,-1,0.3691405811997564
4.272,0,-0.3669473972846179,-1,0.3669473972846179
4.274,0,-0.3647465317635135,-1,0.3647465317635135
4.276,0,-0.3625380012367093,-1,0.3625380012367093
4.278,0,-0.3603218222943498,-1,0.3603218222943498
4.28,0,-0.3580980115162742,-1,0.3580980115162742
4.282,0,-0.3558665854718341,-1,0.3558665854718341
4.284,0,-0.3536275607197132,-1,0.3536275607197132
4.286,0,-0.3513809538077483,-1,0.3513809538077483
4.288,0,-0.3491267812727518,-1,0.3491267812727518
4.29,0,-0.3468650596403368,-1,0.3468650596403368
4.292,0,-0.3445958054247419,-1,0.3445958054247419
4.294,0,-0.3423190351286597,-1,0.3423190351286597
4.296,0,-0.3400347652430649,-1,0.3400347652430649
4.298,0,-0.3377430122470456,-1,0.3377430122470456
4.3,0,-0.3354437926076348,-1,0.3354437926076348
4.302,0,-0.3331371227796446,-1,0.3331371227796446
4.304,0,-0.3308230192055008,-1,0.3308230192055008
4.306,0,-0.3285014983150802,-1,0.3285014983150802
4.308,0,-0.326172576525548,-1,0.326172576525548
4.31,0,-0.3238362702411981,-1,0.3238362702411981
4.312,0,-0.3214925958532939,-1,0.3214925958532939
4.314,0,-0.3191415697399112,-1,0.3191415697399112
4.316,0,-0.3167832082657818,-1,0.3167832082657818
4.318000000000001,0,-0.3144175277821395,-1,0.3144175277821395
4.32,0,-0.312044544626567,-1,0.312044544626567
4.322,0,-0.3096642751228439,-1,0.3096642751228439
4.324,0,-0.3072767355807972,-1,0.3072767355807972
4.326000000000001,0,-0.304881942296152,-1,0.304881942296152
4.328,0,-0.3024799115503845,-1,0.3024799115503845
4.33,0,-0.3000706596105759,-1,0.3000706596105759
4.332,0,-0.2976542027292682,-1,0.2976542027292682
4.334000000000001,0,-0.2952305571443203,-1,0.2952305571443203
4.336,0,-0.2927997390787672,-1,0.2927997390787672
4.338,0,-0.2903617647406788,-1,0.2903617647406788
4.34,0,-0.2879166503230211,-1,0.2879166503230211
4.342000000000001,0,-0.2854644120035189,-1,0.2854644120035189
4.344,0,-0.2830050659445186,-1,0.2830050659445186
4.346,0,-0.280538628292854,-1,0.280538628292854
4.348,0,-0.2780651151797121,-1,0.2780651151797121
4.350000000000001,0,-0.2755845427205009,-1,0.2755845427205009
4.352,0,-0.273096927014718,-1,0.273096927014718
4.354,0,-0.2706022841458215,-1,0.2706022841458215
4.356,0,-0.2681006301811006,-1,0.2681006301811006
4.358,0,-0.2655919811715493,-1,0.2655919811715493
4.36,0,-0.2630763531517394,-1,0.2630763531517394
4.362,0,-0.2605537621396971,-1,0.2605537621396971
4.364,0,-0.2580242241367782,-1,0.2580242241367782
4.366,0,-0.2554877551275472,-1,0.2554877551275472
4.368,0,-0.2529443710796555,-1,0.2529443710796555
4.37,0,-0.2503940879437219,-1,0.2503940879437219
4.372,0,-0.2478369216532144,-1,0.2478369216532144
4.374,0,-0.2452728881243327,-1,0.2452728881243327
4.376,0,-0.2427020032558921,-1,0.2427020032558921
4.378,0,-0.2401242829292089,-1,0.2401242829292089
4.38,0,-0.2375397430079865,-1,0.2375397430079865
4.382,0,-0.2349483993382029,-1,0.2349483993382029
4.384,0,-0.232350267748,-1,0.232350267748
4.386,0,-0.2297453640475725,-1,0.2297453640475725
4.388,0,-0.2271337040290598,-1,0.2271337040290598
4.39,0,-0.2245153034664378,-1,0.2245153034664378
4.392,0,-0.2218901781154123,-1,0.2218901781154123
4.394,0,-0.2192583437133136,-1,0.2192583437133136
4.396,0,-0.2166198159789919,-1,0.2166198159789919
4.398,0,-0.2139746106127145,-1,0.2139746106127145
4.4,0,-0.211322743296063,-1,0.211322743296063
4.402,0,-0.208664229691833,-1,0.208664229691833
4.404,0,-0.2059990854439335,-1,0.2059990854439335
4.406,0,-0.2033273261772887,-1,0.2033273261772887
4.408,0,-0.2006489674977399,-1,0.2006489674977399
4.41,0,-0.197964024991949,-1,0.197964024991949
4.412,0,-0.1952725142273027,-1,0.1952725142273027
4.414,0,-0.1925744507518185,-1,0.1925744507518185
4.416,0,-0.1898698500940506,-1,0.1898698500940506
4.418,0,-0.1871587277629982,-1,0.1871587277629982
4.42,0,-0.1844410992480137,-1,0.1844410992480137
4.422,0,-0.1817169800187124,-1,0.1817169800187124
4.424,0,-0.1789863855248836,-1,0.1789863855248836
4.426,0,-0.176249331196402,-1,0.176249331196402
4.428,0,-0.1735058324431407,-1,0.1735058324431407
4.43,0,-0.1707559046548849,-1,0.1707559046548849
4.432,0,-0.1679995632012466,-1,0.1679995632012466
4.434,0,-0.165236823431581,-1,0.165236823431581
4.436,0,-0.1624677006749023,-1,0.1624677006749023
4.438,0,-0.1596922102398024,-1,0.1596922102398024
4.44,0,-0.1569103674143692,-1,0.1569103674143692
4.442,0,-0.1541221874661064,-1,0.1541221874661064
4.444,0,-0.1513276856418543,-1,0.1513276856418543
4.446,0,-0.1485268771677116,-1,0.1485268771677116
4.448,0,-0.1457197772489575,-1,0.1457197772489575
4.45,0,-0.1429064010699761,-1,0.1429064010699761
4.452,0,-0.14008676379418,-1,0.14008676379418
4.454,0,-0.1372608805639365,-1,0.1372608805639365
4.456,0,-0.1344287665004936,-1,0.1344287665004936
4.458,0,-0.1315904367039074,-1,0.1315904367039074
4.46,0,-0.1287459062529703,-1,0.1287459062529703
4.462,0,-0.1258951902051402,-1,0.1258951902051402
4.464,0,-0.1230383035964704,-1,0.1230383035964704
4.466,0,-0.1201752614415408,-1,0.1201752614415408
4.468,0,-0.1173060787333893,-1,0.1173060787333893
4.47,0,-0.114430770443445,-1,0.114430770443445
4.472,0,-0.1115493515214613,-1,0.1115493515214613
4.474,0,-0.108661836895451,-1,0.108661836895451
4.476,0,-0.1057682414716209,-1,0.1057682414716209
4.478,0,-0.1028685801343087,-1,0.1028685801343087
4.48,0,-0.09996286774591948,-1,0.09996286774591948
4.482,0,-0.09705111914686394,-1,0.09705111914686394
4.484,0,-0.09413334915549713,-1,0.09413334915549713
4.486,0,-0.09120957256805795,-1,0.09120957256805795
4.488,0,-0.08827980415860963,-1,0.08827980415860963
4.49,0,-0.08534405867898096,-1,0.08534405867898096
4.492,0,-0.08240235085870838,-1,0.08240235085870838
4.494,0,-0.0794546954049789,-1,0.0794546954049789
4.496,0,-0.07650110700257377,-1,0.07650110700257377
4.498,0,-0.07354160031381302,-1,0.07354160031381302
4.5,0,-0.07057618997850074,-1,0.07057618997850074
4.502,0,-0.06760489061387122,-1,0.06760489061387122
4.504,0,-0.06462771681453583,-1,0.06462771681453583
4.506,0,-0.0616446831524307,-1,0.0616446831524307
4.508,0,-0.05865580417676517,-1,0.05865580417676517
4.51,0,-0.05566109441397104,-1,0.05566109441397104
4.512,0,-0.05266056836765255,-1,0.05266056836765255
4.514,0,-0.04965424051853716,-1,0.04965424051853716
4.516,0,-0.04664212532442704,-1,0.04664212532442704
4.518,0,-0.04362423722015137,-1,0.04362423722015137
4.52,0,-0.04060059061751931,-1,0.04060059061751931
4.522,0,-0.03757119990527381,-1,0.03757119990527381
4.524,0,-0.03453607944904608,-1,0.03453607944904608
4.526,0,-0.03149524359131079,-1,0.03149524359131079
4.528,0,-0.02844870665134206,-1,0.02844870665134206
4.53,0,-0.02539648292517011,-1,0.02539648292517011
4.532,0,-0.02233858668553864,-1,0.02233858668553864
4.534,0,-0.01927503218186292,-1,0.01927503218186292
4.536,0,-0.01620583364018864,-1,0.01620583364018864
4.538,0,-0.01313100526315134,-1,0.01313100526315134
4.54,0,-0.01005056122993667,-1,0.01005056122993667
4.542,0,-0.006964515696241243,-1,0.006964515696241243
4.544,0,-0.003872882794234229,-1,0.003872882794234229
4.546,0,-0.0007756766325196039,-1,0.0007756766325196039
4.548,0,0.002327075370567586,1,-0.002327075370567586
4.55,0,0.005435239703763198,1,-0.005435239703763198
4.552,0,0.008548644010449023,1,-0.008548644010449023
4.554,0,0.01166711724164948,1,-0.01166711724164948
4.556,0,0.01479048963054267,1,-0.01479048963054267
4.558,0,0.01791859268494944,1,-0.01791859268494944
4.56,0,0.02105125917986214,1,-0.02105125917986214
4.562,0,0.0241883231500125,1,-0.0241883231500125
4.564,0,0.02732961988247885,1,-0.02732961988247885
4.566,0,0.03047498590933216,1,-0.03047498590933216
4.568000000000001,0,0.03362425900032092,1,-0.03362425900032092
4.57,0,0.0367772781555945,1,-0.0367772781555945
4.572,0,0.03993388359846496,1,-0.03993388359846496
4.574,0,0.04309391676820701,1,-0.04309391676820701
4.576000000000001,0,0.04625722031289595,1,-0.04625722031289595
4.578,0,0.04942363808228344,1,-0.04942363808228344
4.58,0,0.05259301512071084,1,-0.05259301512071084
4.582,0,0.05576519766006009,1,-0.05576519766006009
4.584000000000001,0,0.05894003311274167,1,-0.05894003311274167
4.586,0,0.06211737006471977,1,-0.06211737006471977
4.588,0,0.06529705826857422,1,-0.06529705826857422
4.59,0,0.06847894863659922,1,-0.06847894863659922
4.592000000000001,0,0.07166289323393846,1,-0.07166289323393846
4.594,0,0.07484874527175668,1,-0.07484874527175668
4.596,0,0.0780363591004473,1,-0.0780363591004473
4.598,0,0.08122559020287605,1,-0.08122559020287605
4.600000000000001,0,0.08441629518766036,1,-0.08441629518766036
4.602,0,0.08760833178248444,1,-0.08760833178248444
4.604,0,0.09080155882744963,1,-0.09080155882744963
4.606,0,0.09399583626846023,1,-0.09399583626846023
4.608000000000001,0,0.09719102515064421,1,-0.09719102515064421
4.61,0,0.1003869876118089,1,-0.1003869876118089
4.612,0,0.1035835868759316,1,-0.1035835868759316
4.614,0,0.1067806872466841,1,-0.1067806872466841
4.616,0,0.1099781541009928,1,-0.1099781541009928
4.618,0,0.1131758538826315,1,-0.1131758538826315
4.62,0,0.1163736540958497,1,-0.1163736540958497
4.622,0,0.1195714232990337,1,-0.1195714232990337
4.624,0,0.1227690310984019,1,-0.1227690310984019
4.626,0,0.1259663481417337,1,-0.1259663481417337
4.628,0,0.1291632461121316,1,-0.1291632461121316
4.63,0,0.1323595977218163,1,-0.1323595977218163
4.632,0,0.1355552767059554,1,-0.1355552767059554
4.634,0,0.1387501578165244,1,-0.1387501578165244
4.636,0,0.1419441168162008,1,-0.1419441168162008
4.638,0,0.1451370304722907,1,-0.1451370304722907
4.64,0,0.1483287765506872,1,-0.1483287765506872
4.642,0,0.1515192338098623,1,-0.1515192338098623
4.644,0,0.1547082819948893,1,-0.1547082819948893
4.646,0,0.1578958018314983,1,-0.1578958018314983
4.648,0,0.1610816750201631,1,-0.1610816750201631
4.65,0,0.1642657842302192,1,-0.1642657842302192
4.652,0,0.1674480130940139,1,-0.1674480130940139
4.654,0,0.1706282462010874,1,-0.1706282462010874
4.656,0,0.173806369092385,1,-0.173806369092385
4.658,0,0.1769822682545001,1,-0.1769822682545001
4.66,0,0.1801558311139484,1,-0.1801558311139484
4.662,0,0.1833269460314721,1,-0.1833269460314721
4.664,0,0.1864955022963757,1,-0.1864955022963757
4.666,0,0.1896613901208906,1,-0.1896613901208906
4.668,0,0.1928245006345715,1,-0.1928245006345715
4.67,0,0.1959847258787215,1,-0.1959847258787215
4.672,0,0.1991419588008478,1,-0.1991419588008478
4.674,0,0.2022960932491475,1,-0.2022960932491475
4.676,0,0.2054470239670215,1,-0.2054470239670215
4.678,0,0.2085946465876198,1,-0.2085946465876198
4.68,0,0.2117388576284144,1,-0.2117388576284144
4.682,0,0.2148795544858026,1,-0.2148795544858026
4.684,0,0.2180166354297381,1,-0.2180166354297381
4.686,0,0.2211499995983925,1,-0.2211499995983925
4.688,0,0.2242795469928437,1,-0.2242795469928437
4.69,0,0.2274051784717946,1,-0.2274051784717946
4.692,0,0.2305267957463185,1,-0.2305267957463185
4.694,0,0.2336443013746347,1,-0.2336443013746347
4.696,0,0.2367575987569105,1,-0.2367575987569105
4.698,0,0.2398665921300921,1,-0.2398665921300921
4.7,0,0.2429711865627633,1,-0.2429711865627633
4.702,0,0.2460712879500315,1,-0.2460712879500315
4.704,0,0.249166803008442,1,-0.249166803008442
4.706,0,0.2522576392709188,1,-0.2522576392709188
4.708,0,0.2553437050817335,1,-0.2553437050817335
4.71,0,0.2584249095915011,1,-0.2584249095915011
4.712,0,0.2615011627522024,1,-0.2615011627522024
4.714,0,0.2645723753122342,1,-0.2645723753122342
4.716,0,0.2676384588114853,1,-0.2676384588114853
4.718,0,0.2706993255764397,1,-0.2706993255764397
4.72,0,0.273754888715306,1,-0.273754888715306
4.722,0,0.2768050621131735,1,-0.2768050621131735
4.724,0,0.2798497604271941,1,-0.2798497604271941
4.726,0,0.2828888990817907,1,-0.2828888990817907
4.728,0,0.2859223942638908,1,-0.2859223942638908
4.73,0,0.2889501629181871,1,-0.2889501629181871
4.732,0,0.2919721227424228,1,-0.2919721227424228
4.734,0,0.294988192182703,1,-0.294988192182703
4.736,0,0.2979982904288309,1,-0.2979982904288309
4.738,0,0.3010023374096703,1,-0.3010023374096703
4.74,0,0.3040002537885325,1,-0.3040002537885325
4.742,0,0.3069919609585883,1,-0.3069919609585883
4.744,0,0.3099773810383056,1,-0.3099773810383056
4.746,0,0.3129564368669107,1,-0.3129564368669107
4.748,0,0.3159290519998753,1,-0.3159290519998753
4.75,0,0.3188951507044275,1,-0.3188951507044275
4.752,0,0.3218546579550873,1,-0.3218546579550873
4.754,0,0.3248074994292265,1,-0.3248074994292265
4.756,0,0.3277536015026528,1,-0.3277536015026528
4.758,0,0.3306928912452178,1,-0.3306928912452178
4.76,0,0.333625296416449,1,-0.333625296416449
4.762,0,0.3365507454612058,1,-0.3365507454612058
4.764,0,0.3394691675053589,1,-0.3394691675053589
4.766,0,0.3423804923514934,1,-0.3423804923514934
4.768,0,0.3452846504746354,1,-0.3452846504746354
4.77,0,0.3481815730180017,1,-0.3481815730180017
4.772,0,0.3510711917887733,1,-0.3510711917887733
4.774,0,0.3539534392538915,1,-0.3539534392538915
4.776,0,0.3568282485358767,1,-0.3568282485358767
4.778,0,0.3596955534086709,1,-0.3596955534086709
4.78,0,0.3625552882935024,1,-0.3625552882935024
4.782,0,0.3654073882547731,1,-0.3654073882547731
4.784,0,0.3682517889959686,1,-0.3682517889959686
4.786,0,0.3710884268555904,1,-0.3710884268555904
4.788,0,0.373917238803111,1,-0.373917238803111
4.79,0,0.37673816243495,1,-0.37673816243495
4.792,0,0.3795511359704737,1,-0.3795511359704737
4.794,0,0.3823560982480156,1,-0.3823560982480156
4.796,0,0.3851529887209192,1,-0.3851529887209192
4.798,0,0.3879417474536024,1,-0.3879417474536024
4.8,0,0.3907223151176433,1,-0.3907223151176433
4.802,0,0.3934946329878884,1,-0.3934946329878884
4.804,0,0.396258642938581,1,-0.396258642938581
4.806,0,0.3990142874395115,1,-0.3990142874395115
4.808,0,0.401761509552189,1,-0.401761509552189
4.81,0,0.404500252926034,1,-0.404500252926034
4.812,0,0.4072304617945915,1,-0.4072304617945915
4.814,0,0.4099520809717654,1,-0.4099520809717654
4.816,0,0.4126650558480741,1,-0.4126650558480741
4.818000000000001,0,0.4153693323869253,1,-0.4153693323869253
4.82,0,0.4180648571209133,1,-0.4180648571209133
4.822,0,0.4207515771481353,1,-0.4207515771481353
4.824,0,0.4234294401285282,1,-0.4234294401285282
4.826000000000001,0,0.4260983942802264,1,-0.4260983942802264
4.828,0,0.4287583883759392,1,-0.4287583883759392
4.83,0,0.4314093717393477,1,-0.4314093717393477
4.832,0,0.4340512942415229,1,-0.4340512942415229
4.834000000000001,0,0.4366841062973625,1,-0.4366841062973625
4.836,0,0.439307758862048,1,-0.439307758862048
4.838,0,0.4419222034275211,1,-0.4419222034275211
4.84,0,0.4445273920189801,1,-0.4445273920189801
4.842000000000001,0,0.4471232771913949,1,-0.4471232771913949
4.844,0,0.4497098120260424,1,-0.4497098120260424
4.846,0,0.4522869501270601,1,-0.4522869501270601
4.848,0,0.4548546456180193,1,-0.4548546456180193
4.850000000000001,0,0.4574128531385178,1,-0.4574128531385178
4.852,0,0.4599615278407903,1,-0.4599615278407903
4.854,0,0.462500625386339,1,-0.462500625386339
4.856,0,0.4650301019425818,1,-0.4650301019425818
4.858000000000001,0,0.46754991417952,1,-0.46754991417952
4.86,0,0.470060019266424,1,-0.470060019266424
4.862,0,0.4725603748685377,1,-0.4725603748685377
4.864,0,0.4750509391438013,1,-0.4750509391438013
4.866,0,0.4775316707395919,1,-0.4775316707395919
4.868,0,0.480002528789483,1,-0.480002528789483
4.87,0,0.4824634729100216,1,-0.4824634729100216
4.872,0,0.4849144631975234,1,-0.4849144631975234
4.874,0,0.4873554602248856,1,-0.4873554602248856
4.876,0,0.4897864250384182,1,-0.4897864250384182
4.878,0,0.4922073191546924,1,-0.4922073191546924
4.88,0,0.4946181045574065,1,-0.4946181045574065
4.882,0,0.4970187436942702,1,-0.4970187436942702
4.884,0,0.4994091994739053,1,-0.4994091994739053
4.886,0,0.5017894352627643,1,-0.5017894352627643
4.888,0,0.5041594148820665,1,-0.5041594148820665
4.89,0,0.5065191026047503,1,-0.5065191026047503
4.892,0,0.5088684631524437,1,-0.5088684631524437
4.894,0,0.5112074616924513,1,-0.5112074616924513
4.896,0,0.513536063834758,1,-0.513536063834758
4.898,0,0.5158542356290498,1,-0.5158542356290498
4.9,0,0.5181619435617512,1,-0.5181619435617512
4.902,0,0.5204591545530795,1,-0.5204591545530795
4.904,0,0.5227458359541152,1,-0.5227458359541152
4.906,0,0.5250219555438895,1,-0.5250219555438895
4.908,0,0.5272874815264875,1,-0.5272874815264875
4.91,0,0.5295423825281682,1,-0.5295423825281682
4.912,0,0.5317866275945005,1,-0.5317866275945005
4.914,0,0.5340201861875153,1,-0.5340201861875153
4.916,0,0.5362430281828742,1,-0.5362430281828742
4.918,0,0.538455123867053,1,-0.538455123867053
4.92,0,0.5406564439345424,1,-0.5406564439345424
4.922,0,0.5428469594850638,1,-0.5428469594850638
4.924,0,0.5450266420208008,1,-0.5450266420208008
4.926,0,0.5471954634436463,1,-0.5471954634436463
4.928,0,0.5493533960524662,1,-0.5493533960524662
4.93,0,0.5515004125403767,1,-0.5515004125403767
4.932,0,0.5536364859920386,1,-0.5536364859920386
4.934,0,0.5557615898809665,1,-0.5557615898809665
4.936,0,0.5578756980668524,1,-0.5578756980668524
4.938,0,0.5599787847929062,1,-0.5599787847929062
4.94,0,0.5620708246832093,1,-0.5620708246832093
4.942,0,0.564151792740085,1,-0.564151792740085
4.944,0,0.5662216643414822,1,-0.5662216643414822
4.946,0,0.5682804152383756,1,-0.5682804152383756
4.948,0,0.5703280215521789,1,-0.5703280215521789
4.95,0,0.5723644597721745,1,-0.5723644597721745
4.952,0,0.5743897067529566,1,-0.5743897067529566
4.954,0,0.5764037397118891,1,-0.5764037397118891
4.956,0,0.5784065362265781,1,-0.5784065362265781
4.958,0,0.5803980742323592,1,-0.5803980742323592
4.96,0,0.5823783320197983,1,-0.5823783320197983
4.962,0,0.5843472882322069,1,-0.5843472882322069
4.964,0,0.5863049218631724,1,-0.5863049218631724
4.966,0,0.5882512122541012,1,-0.5882512122541012
4.968,0,0.5901861390917765,1,-0.5901861390917765
4.97,0,0.5921096824059308,1,-0.5921096824059308
4.972,0,0.5940218225668302,1,-0.5940218225668302
4.974,0,0.5959225402828753,1,-0.5959225402828753
4.976,0,0.5978118165982129,1,-0.5978118165982129
4.978,0,0.5996896328903639,1,-0.5996896328903639
4.98,0,0.6015559708678634,1,-0.6015559708678634
4.982,0,0.6034108125679143,1,-0.6034108125679143
4.984,0,0.6052541403540551,1,-0.6052541403540551
4.986,0,0.6070859369138407,1,-0.6070859369138407
4.988,0,0.6089061852565363,1,-0.6089061852565363
4.99,0,0.6107148687108247,1,-0.6107148687108247
4.992,0,0.6125119709225272,1,-0.6125119709225272
4.994,0,0.6142974758523368,1,-0.6142974758523368
4.996,0,0.6160713677735653,1,-0.6160713677735653
4.998,0,0.6178336312699024,1,-0.6178336312699024
5,0,0.6195842512331888,1,-0.6195842512331888
5.002,0,0.6213232128612014,1,-0.6213232128612014
5.004,0,0.6230505016554514,1,-0.6230505016554514
5.006,0,0.6247661034189951,1,-0.6247661034189951
5.008,0,0.6264700042542577,1,-0.6264700042542577
5.01,0,0.6281621905608691,1,-0.6281621905608691
5.012,0,0.6298426490335125,1,-0.6298426490335125
5.014,0,0.6315113666597858,1,-0.6315113666597858
5.016,0,0.6331683307180744,1,-0.6331683307180744
5.018,0,0.6348135287754374,1,-0.6348135287754374
5.02,0,0.6364469486855052,1,-0.6364469486855052
5.022,0,0.63806857858639,1,-0.63806857858639
5.024,0,0.6396784068986078,1,-0.6396784068986078
5.026,0,0.6412764223230127,1,-0.6412764223230127
5.028,0,0.6428626138387435,1,-0.6428626138387435
5.03,0,0.6444369707011817,1,-0.6444369707011817
5.032,0,0.6459994824399213,1,-0.6459994824399213
5.034,0,0.6475501388567516,1,-0.6475501388567516
5.036,0,0.6490889300236499,1,-0.6490889300236499
5.038,0,0.6506158462807872,1,-0.6506158462807872
5.04,0,0.6521308782345453,1,-0.6521308782345453
5.042,0,0.6536340167555453,1,-0.6536340167555453
5.044,0,0.6551252529766873,1,-0.6551252529766873
5.046,0,0.6566045782912021,1,-0.6566045782912021
5.048,0,0.6580719843507139,1,-0.6580719843507139
5.05,0,0.6595274630633144,1,-0.6595274630633144
5.052,0,0.6609710065916486,1,-0.6609710065916486
5.054,0,0.662402607351011,1,-0.662402607351011
5.056,0,0.6638222580074531,1,-0.6638222580074531
5.058,0,0.6652299514759029,1,-0.6652299514759029
5.06,0,0.6666256809182943,1,-0.6666256809182943
5.062,0,0.668009439741708,1,-0.668009439741708
5.064,0,0.6693812215965231,1,-0.6693812215965231
5.066,0,0.6707410203745799,1,-0.6707410203745799
5.068000000000001,0,0.6720888302073531,1,-0.6720888302073531
5.07,0,0.6734246454641358,1,-0.6734246454641358
5.072,0,0.6747484607502348,1,-0.6747484607502348
5.074,0,0.6760602709051751,1,-0.6760602709051751
5.076000000000001,0,0.6773600710009166,1,-0.6773600710009166
5.078,0,0.6786478563400803,1,-0.6786478563400803
5.08,0,0.6799236224541854,1,-0.6799236224541854
5.082,0,0.6811873651018963,1,-0.6811873651018963
5.084000000000001,0,0.6824390802672806,1,-0.6824390802672806
5.086,0,0.6836787641580769,1,-0.6836787641580769
5.088,0,0.6849064132039732,1,-0.6849064132039732
5.09,0,0.6861220240548948,1,-0.6861220240548948
5.092000000000001,0,0.6873255935793033,1,-0.6873255935793033
5.094,0,0.6885171188625053,1,-0.6885171188625053
5.096,0,0.6896965972049703,1,-0.6896965972049703
5.098,0,0.6908640261206601,1,-0.6908640261206601
5.100000000000001,0,0.6920194033353667,1,-0.6920194033353667
5.102,0,0.6931627267850611,1,-0.6931627267850611
5.104,0,0.6942939946142509,1,-0.6942939946142509
5.106,0,0.695413205174349,1,-0.695413205174349
5.108000000000001,0,0.6965203570220506,1,-0.6965203570220506
5.11,0,0.6976154489177206,1,-0.6976154489177206
5.112,0,0.698698479823791,1,-0.698698479823791
5.114,0,0.6997694489031665,1,-0.6997694489031665
5.116000000000001,0,0.7008283555176412,1,-0.7008283555176412
5.118,0,0.7018751992263238,1,-0.7018751992263238
5.12,0,0.702909979784072,1,-0.702909979784072
5.122,0,0.7039326971399372,1,-0.7039326971399372
5.124,0,0.7049433514356177,1,-0.7049433514356177
5.126,0,0.7059419430039214,1,-0.7059419430039214
5.128,0,0.706928472367238,1,-0.706928472367238
5.13,0,0.7079029402360196,1,-0.7079029402360196
5.132,0,0.7088653475072713,1,-0.7088653475072713
5.134,0,0.7098156952630501,1,-0.7098156952630501
5.136,0,0.7107539847689734,1,-0.7107539847689734
5.138,0,0.7116802174727364,1,-0.7116802174727364
5.14,0,0.7125943950026373,1,-0.7125943950026373
5.142,0,0.7134965191661136,1,-0.7134965191661136
5.144,0,0.7143865919482847,1,-0.7143865919482847
5.146,0,0.7152646155105054,1,-0.7152646155105054
5.148,0,0.7161305921889265,1,-0.7161305921889265
5.15,0,0.7169845244930653,1,-0.7169845244930653
5.152,0,0.7178264151043838,1,-0.7178264151043838
5.154,0,0.7186562668748765,1,-0.7186562668748765
5.156,0,0.7194740828256653,1,-0.7194740828256653
5.158,0,0.7202798661456042,1,-0.7202798661456042
5.16,0,0.7210736201898923,1,-0.7210736201898923
5.162,0,0.721855348478694,1,-0.721855348478694
5.164,0,0.7226250546957694,1,-0.7226250546957694
5.166,0,0.7233827426871113,1,-0.7233827426871113
5.168,0,0.7241284164595918,1,-0.7241284164595918
5.17,0,0.7248620801796162,1,-0.7248620801796162
5.172,0,0.7255837381717853,1,-0.7255837381717853
5.174,0,0.7262933949175665,1,-0.7262933949175665
5.176,0,0.726991055053972,1,-0.726991055053972
5.178,0,0.7276767233722455,1,-0.7276767233722455
5.18,0,0.7283504048165574,1,-0.7283504048165574
5.182,0,0.7290121044827069,1,-0.7290121044827069
5.184,0,0.7296618276168328,1,-0.7296618276168328
5.186,0,0.7302995796141322,1,-0.7302995796141322
5.188,0,0.7309253660175864,1,-0.7309253660175864
5.19,0,0.7315391925166955,1,-0.7315391925166955
5.192,0,0.7321410649462199,1,-0.7321410649462199
5.194,0,0.7327309892849299,1,-0.7327309892849299
5.196,0,0.7333089716543629,1,-0.7333089716543629
5.198,0,0.7338750183175888,1,-0.7338750183175888
5.2,0,0.7344291356779816,1,-0.7344291356779816
5.202,0,0.734971330278,1,-0.734971330278
5.204,0,0.7355016087979745,1,-0.7355016087979745
5.206,0,0.736019978054903,1,-0.736019978054903
5.208,0,0.7365264450012525,1,-0.7365264450012525
5.21,0,0.7370210167237691,1,-0.7370210167237691
5.212,0,0.7375037004422952,1,-0.7375037004422952
5.214,0,0.7379745035085939,1,-0.7379745035085939
5.216,0,0.738433433405181,1,-0.738433433405181
5.218,0,0.738880497744163,1,-0.738880497744163
5.22,0,0.7393157042660841,1,-0.7393157042660841
5.222,0,0.7397390608387791,1,-0.7397390608387791
5.224,0,0.7401505754562338,1,-0.7401505754562338
5.226,0,0.7405502562374523,1,-0.7405502562374523
5.228,0,0.7409381114253318,1,-0.7409381114253318
5.23,0,0.7413141493855435,1,-0.7413141493855435
5.232,0,0.7416783786054215,1,-0.7416783786054215
5.234,0,0.742030807692858,1,-0.742030807692858
5.236,0,0.7423714453752053,1,-0.7423714453752053
5.238,0,0.7427003004981849,1,-0.7427003004981849
5.24,0,0.7430173820248038,1,-0.7430173820248038
5.242,0,0.7433226990342766,1,-0.7433226990342766
5.244,0,0.7436162607209551,1,-0.7436162607209551
5.246,0,0.7438980763932641,1,-0.7438980763932641
5.248,0,0.7441681554726446,1,-0.7441681554726446
5.25,0,0.7444265074925026,1,-0.7444265074925026
5.252,0,0.7446731420971655,1,-0.7446731420971655
5.254,0,0.7449080690408443,1,-0.7449080690408443
5.256,0,0.7451312981866024,1,-0.7451312981866024
5.258,0,0.7453428395053316,1,-0.7453428395053316
5.26,0,0.7455427030747338,1,-0.7455427030747338
5.262,0,0.7457308990783089,1,-0.7457308990783089
5.264,0,0.7459074378043502,1,-0.7459074378043502
5.266,0,0.7460723296449451,1,-0.7460723296449451
5.268,0,0.7462255850949823,1,-0.7462255850949823
5.27,0,0.7463672147511655,1,-0.7463672147511655
5.272,0,0.7464972293110338,1,-0.7464972293110338
5.274,0,0.7466156395719868,1,-0.7466156395719868
5.276,0,0.7467224564303178,1,-0.7467224564303178
5.278,0,0.7468176908802512,1,-0.7468176908802512
5.28,0,0.7469013540129879,1,-0.7469013540129879
5.282,0,0.746973457015755,1,-0.746973457015755
5.284,0,0.7470340111708632,1,-0.7470340111708632
5.286,0,0.7470830278547688,1,-0.7470830278547688
5.288,0,0.7471205185371421,1,-0.7471205185371421
5.29,0,0.7471464947799425,1,-0.7471464947799425
5.292,0,0.7471609682364986,1,-0.7471609682364986
5.294,0,0.7471639506505942,1,-0.7471639506505942
5.296,0,0.7471554538555605,1,-0.7471554538555605
5.298,0,0.7471354897733744,1,-0.7471354897733744
5.3,0,0.7471040704137617,1,-0.7471040704137617
5.302,0,0.7470612078733067,1,-0.7470612078733067
5.304,0,0.7470069143345672,1,-0.7470069143345672
5.306,0,0.7469412020651958,1,-0.7469412020651958
5.308,0,0.7468640834170656,1,-0.7468640834170656
5.31,0,0.7467755708254028,1,-0.7467755708254028
5.312,0,0.7466756768079245,1,-0.7466756768079245
5.314,0,0.7465644139639812,1,-0.7465644139639812
5.316,0,0.7464417949737063,1,-0.7464417949737063
5.318000000000001,0,0.7463078325971702,1,-0.7463078325971702
5.32,0,0.7461625396735394,1,-0.7461625396735394
5.322,0,0.7460059291202427,1,-0.7460059291202427
5.324,0,0.7458380139321406,1,-0.7458380139321406
5.326000000000001,0,0.7456588071807021,1,-0.7456588071807021
5.328,0,0.7454683220131857,1,-0.7454683220131857
5.33,0,0.7452665716518259,1,-0.7452665716518259
5.332,0,0.7450535693930248,1,-0.7450535693930248
5.334000000000001,0,0.74482932860655,1,-0.74482932860655
5.336,0,0.7445938627347364,1,-0.7445938627347364
5.338,0,0.7443471852916936,1,-0.7443471852916936
5.34,0,0.7440893098625193,1,-0.7440893098625193
5.342000000000001,0,0.7438202501025164,1,-0.7438202501025164
5.344,0,0.7435400197364165,1,-0.7435400197364165
5.346,0,0.7432486325576079,1,-0.7432486325576079
5.348,0,0.7429461024273684,1,-0.7429461024273684
5.350000000000001,0,0.7426324432741038,1,-0.7426324432741038
5.352,0,0.7423076690925912,1,-0.7423076690925912
5.354,0,0.7419717939432264,1,-0.7419717939432264
5.356,0,0.741624831951278,1,-0.741624831951278
5.358000000000001,0,0.7412667973061444,1,-0.7412667973061444
5.36,0,0.7408977042606172,1,-0.7408977042606172
5.362,0,0.7405175671301488,1,-0.7405175671301488
5.364,0,0.7401264002921254,1,-0.7401264002921254
5.366000000000001,0,0.7397242181851437,1,-0.7397242181851437
5.368,0,0.7393110353082933,1,-0.7393110353082933
5.37,0,0.7388868662204442,1,-0.7388868662204442
5.372,0,0.7384517255395374,1,-0.7384517255395374
5.374000000000001,0,0.7380056279418823,1,-0.7380056279418823
5.376,0,0.7375485881614571,1,-0.7375485881614571
5.378,0,0.7370806209892146,1,-0.7370806209892146
5.38,0,0.7366017412723926,1,-0.7366017412723926
5.382,0,0.7361119639138289,1,-0.7361119639138289
5.384,0,0.7356113038712807,1,-0.7356113038712807
5.386,0,0.7350997761567483,1,-0.7350997761567483
5.388,0,0.7345773958358042,1,-0.7345773958358042
5.39,0,0.7340441780269257,1,-0.7340441780269257
5.392,0,0.7335001379008328,1,-0.7335001379008328
5.394,0,0.7329452906798299,1,-0.7329452906798299
5.396,0,0.7323796516371524,1,-0.7323796516371524
5.398,0,0.7318032360963169,1,-0.7318032360963169
5.4,0,0.7312160594304773,1,-0.7312160594304773
5.402,0,0.7306181370617835,1,-0.7306181370617835
5.404,0,0.7300094844607454,1,-0.7300094844607454
5.406,0,0.7293901171456016,1,-0.7293901171456016
5.408,0,0.728760050681691,1,-0.728760050681691
5.41,0,0.7281193006808299,1,-0.7281193006808299
5.412,0,0.7274678828006925,1,-0.7274678828006925
5.414,0,0.7268058127441968,1,-0.7268058127441968
5.416,0,0.7261331062588926,1,-0.7261331062588926
5.418,0,0.7254497791363561,1,-0.7254497791363561
5.42,0,0.7247558472115867,1,-0.7247558472115867
5.422,0,0.7240513263624089,1,-0.7240513263624089
5.424,0,0.7233362325088781,1,-0.7233362325088781
5.426,0,0.7226105816126903,1,-0.7226105816126903
5.428,0,0.7218743896765959,1,-0.7218743896765959
5.43,0,0.7211276727438176,1,-0.7211276727438176
5.432,0,0.7203704468974724,1,-0.7203704468974724
5.434,0,0.7196027282599972,1,-0.7196027282599972
5.436,0,0.7188245329925783,1,-0.7188245329925783
5.438,0,0.718035877294586,1,-0.718035877294586
5.44,0,0.7172367774030112,1,-0.7172367774030112
5.442,0,0.7164272495919075,1,-0.7164272495919075
5.444,0,0.7156073101718362,1,-0.7156073101718362
5.446,0,0.7147769754893157,1,-0.7147769754893157
5.448,0,0.7139362619262745,1,-0.7139362619262745
5.45,0,0.7130851858995076,1,-0.7130851858995076
5.452,0,0.7122237638601376,1,-0.7122237638601376
5.454,0,0.7113520122930788,1,-0.7113520122930788
5.456,0,0.7104699477165047,1,-0.7104699477165047
5.458,0,0.709577586681321,1,-0.709577586681321
5.46,0,0.7086749457706396,1,-0.7086749457706396
5.462,0,0.7077620415992588,1,-0.7077620415992588
5.464,0,0.7068388908131454,1,-0.7068388908131454
5.466,0,0.7059055100889216,1,-0.7059055100889216
5.468,0,0.7049619161333541,1,-0.7049619161333541
5.47,0,0.7040081256828489,1,-0.7040081256828489
5.472,0,0.7030441555029472,1,-0.7030441555029472
5.474,0,0.702070022387827,1,-0.702070022387827
5.476,0,0.7010857431598068,1,-0.7010857431598068
5.478,0,0.7000913346688533,1,-0.7000913346688533
5.48,0,0.6990868137920929,1,-0.6990868137920929
5.482,0,0.6980721974333258,1,-0.6980721974333258
5.484,0,0.6970475025225447,1,-0.6970475025225447
5.486,0,0.6960127460154557,1,-0.6960127460154557
5.488,0,0.6949679448930037,1,-0.6949679448930037
5.49,0,0.6939131161609005,1,-0.6939131161609005
5.492,0,0.6928482768491561,1,-0.6928482768491561
5.494,0,0.6917734440116143,1,-0.6917734440116143
5.496,0,0.6906886347254908,1,-0.6906886347254908
5.498,0,0.6895938660909146,1,-0.6895938660909146
5.5,0,0.6884891552304729,1,-0.6884891552304729
5.502,0,0.68737451928876,1,-0.68737451928876
5.504,0,0.6862499754319278,1,-0.6862499754319278
5.506,0,0.6851155408472407,1,-0.6851155408472407
5.508,0,0.683971232742634,1,-0.683971232742634
5.51,0,0.6828170683462745,1,-0.6828170683462745
5.512,0,0.6816530649061247,1,-0.6816530649061247
5.514,0,0.6804792396895103,1,-0.6804792396895103
5.516,0,0.679295609982691,1,-0.679295609982691
5.518,0,0.6781021930904337,1,-0.6781021930904337
5.52,0,0.6768990063355897,1,-0.6768990063355897
5.522,0,0.6756860670586742,1,-0.6756860670586742
5.524,0,0.6744633926174494,1,-0.6744633926174494
5.526,0,0.6732310003865102,1,-0.6732310003865102
5.528,0,0.6719889077568737,1,-0.6719889077568737
5.53,0,0.6707371321355708,1,-0.6707371321355708
5.532,0,0.6694756909452413,1,-0.6694756909452413
5.534,0,0.6682046016237316,1,-0.6682046016237316
5.536,0,0.6669238816236963,1,-0.6669238816236963
5.538,0,0.6656335484122016,1,-0.6656335484122016
5.54,0,0.6643336194703319,1,-0.6643336194703319
5.542,0,0.6630241122928002,1,-0.6630241122928002
5.544,0,0.6617050443875602,1,-0.6617050443875602
5.546,0,0.6603764332754218,1,-0.6603764332754218
5.548,0,0.6590382964896697,1,-0.6590382964896697
5.55,0,0.6576906515756844,1,-0.6576906515756844
5.552,0,0.6563335160905663,1,-0.6563335160905663
5.554,0,0.6549669076027624,1,-0.6549669076027624
5.556,0,0.6535908436916962,1,-0.6535908436916962
5.558,0,0.6522053419473995,1,-0.6522053419473995
5.56,0,0.6508104199701483,1,-0.6508104199701483
5.562,0,0.6494060953701003,1,-0.6494060953701003
5.564,0,0.6479923857669354,1,-0.6479923857669354
5.566,0,0.6465693087894994,1,-0.6465693087894994
5.568000000000001,0,0.6451368820754495,1,-0.6451368820754495
5.57,0,0.6436951232709037,1,-0.6436951232709037
5.572,0,0.6422440500300918,1,-0.6422440500300918
5.574,0,0.6407836800150091,1,-0.6407836800150091
5.576000000000001,0,0.6393140308950737,1,-0.6393140308950737
5.578,0,0.6378351203467854,1,-0.6378351203467854
5.58,0,0.6363469660533876,1,-0.6363469660533876
5.582,0,0.6348495857045319,1,-0.6348495857045319
5.584000000000001,0,0.6333429969959449,1,-0.6333429969959449
5.586,0,0.631827217629098,1,-0.631827217629098
5.588,0,0.6303022653108796,1,-0.6303022653108796
5.59,0,0.6287681577532694,1,-0.6287681577532694
5.592000000000001,0,0.6272249126730161,1,-0.6272249126730161
5.594,0,0.6256725477913163,1,-0.6256725477913163
5.596,0,0.6241110808334975,1,-0.6241110808334975
5.598,0,0.6225405295287023,1,-0.6225405295287023
5.600000000000001,0,0.6209609116095753,1,-0.6209609116095753
5.602,0,0.619372244811953,1,-0.619372244811953
5.604,0,0.6177745468745552,1,-0.6177745468745552
5.606,0,0.6161678355386802,1,-0.6161678355386802
5.608000000000001,0,0.6145521285479003,1,-0.6145521285479003
5.61,0,0.6129274436477622,1,-0.6129274436477622
5.612,0,0.6112937985854875,1,-0.6112937985854875
5.614,0,0.6096512111096771,1,-0.6096512111096771
5.616000000000001,0,0.6079996989700172,1,-0.6079996989700172
5.618,0,0.6063392799169876,1,-0.6063392799169876
5.62,0,0.6046699717015727,1,-0.6046699717015727
5.622,0,0.6029917920749746,1,-0.6029917920749746
5.624000000000001,0,0.6013047587883285,1,-0.6013047587883285
5.626,0,0.5996088895924202,1,-0.5996088895924202
5.628,0,0.5979042022374061,1,-0.5979042022374061
5.63,0,0.5961907144725355,1,-0.5961907144725355
5.632,0,0.5944684440458745,1,-0.5944684440458745
5.634,0,0.5927374087040332,1,-0.5927374087040332
5.636,0,0.5909976261918941,1,-0.5909976261918941
5.638,0,0.5892491142523431,1,-0.5892491142523431
5.64,0,0.5874918906260027,1,-0.5874918906260027
5.642,0,0.5857259730509676,1,-0.5857259730509676
5.644,0,0.5839513792625417,1,-0.5839513792625417
5.646,0,0.5821681269929779,1,-0.5821681269929779
5.648,0,0.5803762339712201,1,-0.5803762339712201
5.65,0,0.5785757179226463,1,-0.5785757179226463
5.652,0,0.5767665965688155,1,-0.5767665965688155
5.654,0,0.574948887627215,1,-0.574948887627215
5.656,0,0.5731226088110107,1,-0.5731226088110107
5.658,0,0.5712877778287996,1,-0.5712877778287996
5.66,0,0.5694444123843632,1,-0.5694444123843632
5.662,0,0.5675925301764245,1,-0.5675925301764245
5.664,0,0.5657321488984061,1,-0.5657321488984061
5.666,0,0.56386328623819,1,-0.56386328623819
5.668,0,0.5619859598778807,1,-0.5619859598778807
5.67,0,0.5601001874935685,1,-0.5601001874935685
5.672,0,0.5582059867550964,1,-0.5582059867550964
5.674,0,0.5563033753258281,1,-0.5563033753258281
5.676,0,0.5543923708624181,1,-0.5543923708624181
5.678,0,0.5524729910145839,1,-0.5524729910145839
5.68,0,0.5505452534248799,1,-0.5505452534248799
5.682,0,0.5486091757284733,1,-0.5486091757284733
5.684,0,0.5466647755529219,1,-0.5466647755529219
5.686,0,0.5447120705179541,1,-0.5447120705179541
5.688,0,0.54275107823525,1,-0.54275107823525
5.69,0,0.5407818163082254,1,-0.5407818163082254
5.692,0,0.5388043023318168,1,-0.5388043023318168
5.694,0,0.5368185538922684,1,-0.5368185538922684
5.696,0,0.5348245885669217,1,-0.5348245885669217
5.698,0,0.5328224239240058,1,-0.5328224239240058
5.7,0,0.5308120775224302,1,-0.5308120775224302
5.702,0,0.5287935669115793,1,-0.5287935669115793
5.704,0,0.5267669096311085,1,-0.5267669096311085
5.706,0,0.5247321232107423,1,-0.5247321232107423
5.708,0,0.5226892251700739,1,-0.5226892251700739
5.71,0,0.5206382330183671,1,-0.5206382330183671
5.712,0,0.5185791642543592,1,-0.5185791642543592
5.714,0,0.5165120363660665,1,-0.5165120363660665
5.716,0,0.5144368668305901,1,-0.5144368668305901
5.718,0,0.5123536731139254,1,-0.5123536731139254
5.72,0,0.5102624726707718,1,-0.5102624726707718
5.722,0,0.5081632829443445,1,-0.5081632829443445
5.724,0,0.5060561213661879,1,-0.5060561213661879
5.726,0,0.5039410053559913,1,-0.5039410053559913
5.728,0,0.5018179523214051,1,-0.5018179523214051
5.73,0,0.4996869796578601,1,-0.4996869796578601
5.732,0,0.4975481047483867,1,-0.4975481047483867
5.734,0,0.4954013449634376,1,-0.4954013449634376
5.736,0,0.4932467176607106,1,-0.4932467176607106
5.738,0,0.491084240184974,1,-0.491084240184974
5.74,0,0.4889139298678928,1,-0.4889139298678928
5.742,0,0.4867358040278573,1,-0.4867358040278573
5.744,0,0.4845498799698128,1,-0.4845498799698128
5.746,0,0.4823561749850907,1,-0.4823561749850907
5.748,0,0.4801547063512417,1,-0.4801547063512417
5.75,0,0.4779454913318702,1,-0.4779454913318702
5.752,0,0.4757285471764702,1,-0.4757285471764702
5.754,0,0.4735038911202631,1,-0.4735038911202631
5.756,0,0.4712715403840363,1,-0.4712715403840363
5.758,0,0.4690315121739843,1,-0.4690315121739843
5.76,0,0.4667838236815505,1,-0.4667838236815505
5.762,0,0.4645284920832708,1,-0.4645284920832708
5.764,0,0.4622655345406187,1,-0.4622655345406187
5.766,0,0.4599949681998518,1,-0.4599949681998518
5.768,0,0.4577168101918597,1,-0.4577168101918597
5.77,0,0.4554310776320136,1,-0.4554310776320136
5.772,0,0.4531377876200172,1,-0.4531377876200172
5.774,0,0.450836957239759,1,-0.450836957239759
5.776,0,0.4485286035591661,1,-0.4485286035591661
5.778,0,0.4462127436300591,1,-0.4462127436300591
5.78,0,0.4438893944880092,1,-0.4438893944880092
5.782,0,0.4415585731521958,1,-0.4415585731521958
5.784,0,0.4392202966252661,1,-0.4392202966252661
5.786,0,0.4368745818931957,1,-0.4368745818931957
5.788,0,0.434521445925151,1,-0.434521445925151
5.79,0,0.4321609056733522,1,-0.4321609056733522
5.792,0,0.4297929780729391,1,-0.4297929780729391
5.794,0,0.4274176800418363,1,-0.4274176800418363
5.796,0,0.4250350284806213,1,-0.4250350284806213
5.798,0,0.4226450402723935,1,-0.4226450402723935
5.8,0,0.420247732282644,1,-0.420247732282644
5.802,0,0.4178431213591275,1,-0.4178431213591275
5.804,0,0.415431224331735,1,-0.415431224331735
5.806,0,0.4130120580123678,1,-0.4130120580123678
5.808,0,0.4105856391948133,1,-0.4105856391948133
5.81,0,0.4081519846546212,1,-0.4081519846546212
5.812,0,0.4057111111489818,1,-0.4057111111489818
5.814,0,0.4032630354166054,1,-0.4032630354166054
5.816,0,0.4008077741776023,1,-0.4008077741776023
5.818000000000001,0,0.398345344133365,1,-0.398345344133365
5.82,0,0.3958757619664511,1,-0.3958757619664511
5.822,0,0.3933990443404674,1,-0.3933990443404674
5.824,0,0.3909152078999552,1,-0.3909152078999552
5.826000000000001,0,0.3884242692702774,1,-0.3884242692702774
5.828,0,0.3859262450575062,1,-0.3859262450575062
5.83,0,0.3834211518483118,1,-0.3834211518483118
5.832,0,0.3809090062098532,1,-0.3809090062098532
5.834000000000001,0,0.3783898246896695,1,-0.3783898246896695
5.836,0,0.3758636238155723,1,-0.3758636238155723
5.838,0,0.3733304200955397,1,-0.3733304200955397
5.84,0,0.3707902300176112,1,-0.3707902300176112
5.842000000000001,0,0.368243070049784,1,-0.368243070049784
5.844,0,0.3656889566399098,1,-0.3656889566399098
5.846,0,0.3631279062155938,1,-0.3631279062155938
5.848,0,0.3605599351840937,1,-0.3605599351840937
5.850000000000001,0,0.3579850599322209,1,-0.3579850599322209
5.852,0,0.3554032968262417,1,-0.3554032968262417
5.854,0,0.3528146622117805,1,-0.3528146622117805
5.856,0,0.3502191724137239,1,-0.3502191724137239
5.858000000000001,0,0.3476168437361254,1,-0.3476168437361254
5.86,0,0.3450076924621123,1,-0.3450076924621123
5.862,0,0.3423917348537918,1,-0.3423917348537918
5.864,0,0.3397689871521606,1,-0.3397689871521606
5.866000000000001,0,0.3371394655770133,1,-0.3371394655770133
5.868,0,0.3345031863268534,1,-0.3345031863268534
5.87,0,0.3318601655788048,1,-0.3318601655788048
5.872,0,0.3292104194885239,1,-0.3292104194885239
5.874000000000001,0,0.3265539641901137,1,-0.3265539641901137
5.876,0,0.3238908157960383,1,-0.3238908157960383
5.878,0,0.3212209903970384,1,-0.3212209903970384
5.88,0,0.318544504062048,1,-0.318544504062048
5.882000000000001,0,0.3158613728381122,1,-0.3158613728381122
5.884,0,0.3131716127503058,1,-0.3131716127503058
5.886,0,0.310475239801653,1,-0.310475239801653
5.888,0,0.3077722699730481,1,-0.3077722699730481
5.89,0,0.3050627192231772,1,-0.3050627192231772
5.892,0,0.3023466034884406,1,-0.3023466034884406
5.894,0,0.2996239386828766,1,-0.2996239386828766
5.896,0,0.2968947406980863,1,-0.2968947406980863
5.898,0,0.2941590254031586,1,-0.2941590254031586
5.9,0,0.2914168086445972,1,-0.2914168086445972
5.902,0,0.2886681062462476,1,-0.2886681062462476
5.904,0,0.2859129340092257,1,-0.2859129340092257
5.906,0,0.2831513077118474,1,-0.2831513077118474
5.908,0,0.280383243109558,1,-0.280383243109558
5.91,0,0.2776087559348643,1,-0.2776087559348643
5.912,0,0.2748278618972659,1,-0.2748278618972659
5.914,0,0.2720405766831886,1,-0.2720405766831886
5.916,0,0.2692469159559183,1,-0.2692469159559183
5.918,0,0.2664468953555353,1,-0.2664468953555353
5.92,0,0.2636405304988508,1,-0.2636405304988508
5.922,0,0.2608278369793424,1,-0.2608278369793424
5.924,0,0.2580088303670924,1,-0.2580088303670924
5.926,0,0.2551835262087257,1,-0.2551835262087257
5.928,0,0.2523519400273488,1,-0.2523519400273488
5.93,0,0.2495140873224903,1,-0.2495140873224903
5.932,0,0.2466699835700412,1,-0.2466699835700412
5.934,0,0.2438196442221972,1,-0.2438196442221972
5.936,0,0.2409630847074008,1,-0.2409630847074008
5.938,0,0.2381003204302849,1,-0.2381003204302849
5.94,0,0.2352313667716169,1,-0.2352313667716169
5.942,0,0.232356239088244,1,-0.232356239088244
5.944,0,0.2294749527130388,1,-0.2294749527130388
5.946,0,0.2265875229548462,1,-0.2265875229548462
5.948,0,0.2236939650984307,1,-0.2236939650984307
5.95,0,0.2207942944044247,1,-0.2207942944044247
5.952,0,0.2178885261092779,1,-0.2178885261092779
5.954,0,0.2149766754252068,1,-0.2149766754252068
5.956,0,0.2120587575401456,1,-0.2120587575401456
5.958,0,0.2091347876176973,1,-0.2091347876176973
5.96,0,0.2062047807970867,1,-0.2062047807970867
5.962,0,0.2032687521931123,1,-0.2032687521931123
5.964,0,0.2003267168961011,1,-0.2003267168961011
5.966,0,0.1973786899718624,1,-0.1973786899718624
5.968,0,0.1944246864616435,1,-0.1944246864616435
5.97,0,0.1914647213820851,1,-0.1914647213820851
5.972,0,0.1884988097251791,1,-0.1884988097251791
5.974,0,0.185526966458225,1,-0.185526966458225
5.976,0,0.1825492065237888,1,-0.1825492065237888
5.978,0,0.1795655448396617,1,-0.1795655448396617
5.98,0,0.1765759962988199,1,-0.1765759962988199
5.982,0,0.1735805757693849,1,-0.1735805757693849
5.984,0,0.1705792980945845,1,-0.1705792980945845
5.986,0,0.1675721780927149,1,-0.1675721780927149
5.988,0,0.164559230557103,1,-0.164559230557103
5.99,0,0.1615404702560697,1,-0.1615404702560697
5.992,0,0.1585159119328936,1,-0.1585159119328936
5.994,0,0.1554855703057759,1,-0.1554855703057759
5.996,0,0.1524494600678055,1,-0.1524494600678055
5.998,0,0.1494075958869249,1,-0.1494075958869249
6,0,0.1463599924058969,1,-0.1463599924058969
6.002,0,0.143306664242272,1,-0.143306664242272
6.004,0,0.1402476259883558,1,-0.1402476259883558
6.006,0,0.1371828922111785,1,-0.1371828922111785
6.008,0,0.1341124774524633,1,-0.1341124774524633
6.01,0,0.131036396228597,1,-0.131036396228597
6.012,0,0.1279546630306,1,-0.1279546630306
6.014,0,0.1248672923240979,1,-0.1248672923240979
6.016,0,0.1217742985492928,1,-0.1217742985492928
6.018,0,0.1186756961209364,1,-0.1186756961209364
6.02,0,0.1155714994283028,1,-0.1155714994283028
6.022,0,0.1124617228351619,1,-0.1124617228351619
6.024,0,0.1093463806797543,1,-0.1093463806797543
6.026,0,0.1062254872747656,1,-0.1062254872747656
6.028,0,0.1030990569073024,1,-0.1030990569073024
6.03,0,0.09996710383886845,1,-0.09996710383886845
6.032,0,0.09682964230534086,1,-0.09682964230534086
6.034,0,0.09368668651694799,1,-0.09368668651694799
6.036,0,0.09053825065824711,1,-0.09053825065824711
6.038,0,0.08738434888810297,1,-0.08738434888810297
6.04,0,0.08422499533966682,1,-0.08422499533966682
6.042,0,0.08106020412035614,1,-0.08106020412035614
6.044,0,0.07788998931183483,1,-0.07788998931183483
6.046,0,0.07471436496999401,1,-0.07471436496999401
6.048,0,0.0715333451249334,1,-0.0715333451249334
6.05,0,0.06834694378094323,1,-0.06834694378094323
6.052,0,0.06515517491648674,1,-0.06515517491648674
6.054,0,0.06195805248418317,1,-0.06195805248418317
6.056,0,0.05875559041079136,1,-0.05875559041079136
6.058,0,0.05554780259719386,1,-0.05554780259719386
6.06,0,0.05233470291838162,1,-0.05233470291838162
6.062,0,0.04911630522343914,1,-0.04911630522343914
6.064,0,0.0458926233355302,1,-0.0458926233355302
6.066,0,0.04266367105188414,1,-0.04266367105188414
6.068000000000001,0,0.0394294621437826,1,-0.0394294621437826
6.07,0,0.03619001035654682,1,-0.03619001035654682
6.072,0,0.03294532940952548,1,-0.03294532940952548
6.074,0,0.02969543299608296,1,-0.02969543299608296
6.076000000000001,0,0.02644033478358823,1,-0.02644033478358823
6.078,0,0.02318004841340411,1,-0.02318004841340411
6.08,0,0.01991458750087716,1,-0.01991458750087716
6.082,0,0.01664396563532796,1,-0.01664396563532796
6.084000000000001,0,0.01336819638004196,1,-0.01336819638004196
6.086,0,0.01008729327226076,1,-0.01008729327226076
6.088,0,0.006801269823173887,1,-0.006801269823173887
6.09,0,0.003510139517911109,1,-0.003510139517911109
6.092000000000001,0,0.0002139158155351367,1,-0.0002139158155351367
6.094,0,-0.003087374517631802,-1,0.003087374517631802
6.096,0,-0.006393598624779864,-1,0.006393598624779864
6.098,0,-0.009704584806156736,-1,0.009704584806156736
6.100000000000001,0,-0.01302016267203464,-1,0.01302016267203464
6.102,0,-0.0163401631171919,-1,0.0163401631171919
6.104,0,-0.01966441831337275,-1,0.01966441831337275
6.106,0,-0.02299276170178693,-1,0.02299276170178693
6.108000000000001,0,-0.02632502798564875,-1,0.02632502798564875
6.11,0,-0.02966105312275554,-1,0.02966105312275554
6.112,0,-0.03300067431810523,-1,0.03300067431810523
6.114,0,-0.03634373001655287,-1,0.03634373001655287
6.116000000000001,0,-0.03969005989550593,-1,0.03969005989550593
6.118,0,-0.04303950485765807,-1,0.04303950485765807
6.12,0,-0.04639190702376145,-1,0.04639190702376145
6.122,0,-0.04974710972543708,-1,0.04974710972543708
6.124000000000001,0,-0.05310495749802318,-1,0.05310495749802318
6.126,0,-0.0564652960734614,-1,0.0564652960734614
6.128,0,-0.05982797237322061,-1,0.05982797237322061
6.13,0,-0.06319283450125815,-1,0.06319283450125815
6.132000000000001,0,-0.06655973173701824,-1,0.06655973173701824
6.134,0,-0.06992851452846757,-1,0.06992851452846757
6.136,0,-0.07329903448516767,-1,0.07329903448516767
6.138,0,-0.07667114437138399,-1,0.07667114437138399
6.140000000000001,0,-0.08004469809923151,-1,0.08004469809923151
6.142,0,-0.08341955072185661,-1,0.08341955072185661
6.144,0,-0.08679555842665522,-1,0.08679555842665522
6.146,0,-0.09017257852852673,-1,0.09017257852852673
6.148,0,-0.09355046946316388,-1,0.09355046946316388
6.15,0,-0.09692909078037815,-1,0.09692909078037815
6.152,0,-0.1003083031374606,-1,0.1003083031374606
6.154,0,-0.1036879682925779,-1,0.1036879682925779
6.156,0,-0.1070679490982036,-1,0.1070679490982036
6.158,0,-0.1104481094945843,-1,0.1104481094945843
6.16,0,-0.1138283145032401,-1,0.1138283145032401
6.162,0,-0.1172084302205003,-1,0.1172084302205003
6.164,0,-0.1205883238110729,-1,0.1205883238110729
6.166,0,-0.1239678635016489,-1,0.1239678635016489
6.168,0,-0.1273469185745399,-1,0.1273469185745399
6.17,0,-0.13072535936135,-1,0.13072535936135
6.172,0,-0.1341030572366816,-1,0.1341030572366816
6.174,0,-0.1374798846118744,-1,0.1374798846118744
6.176,0,-0.1408557149287778,-1,0.1408557149287778
6.178,0,-0.1442304226535566,-1,0.1442304226535566
6.18,0,-0.1476038832705297,-1,0.1476038832705297
6.182,0,-0.1509759732760415,-1,0.1509759732760415
6.184,0,-0.1543465701723665,-1,0.1543465701723665
6.186,0,-0.1577155524616458,-1,0.1577155524616458
6.188,0,-0.1610827996398565,-1,0.1610827996398565
6.19,0,-0.164448192190813,-1,0.164448192190813
6.192,0,-0.1678116115802003,-1,0.1678116115802003
6.194,0,-0.1711729402496398,-1,0.1711729402496398
6.196,0,-0.1745320616107858,-1,0.1745320616107858
6.198,0,-0.1778888600394546,-1,0.1778888600394546
6.2,0,-0.1812432208697846,-1,0.1812432208697846
6.202,0,-0.1845950303884271,-1,0.1845950303884271
6.204,0,-0.1879441758287694,-1,0.1879441758287694
6.206,0,-0.191290545365188,-1,0.191290545365188
6.208,0,-0.1946340281073324,-1,0.1946340281073324
6.21,0,-0.1979745140944406,-1,0.1979745140944406
6.212,0,-0.2013118942896837,-1,0.2013118942896837
6.214,0,-0.2046460605745421,-1,0.2046460605745421
6.216,0,-0.2079769057432112,-1,0.2079769057432112
6.218,0,-0.2113043234970371,-1,0.2113043234970371
6.22,0,-0.2146282084389822,-1,0.2146282084389822
6.222,0,-0.2179484560681213,-1,0.2179484560681213
6.224,0,-0.2212649627741659,-1,0.2212649627741659
6.226,0,-0.2245776258320192,-1,0.2245776258320192
6.228,0,-0.2278863433963596,-1,0.2278863433963596
6.23,0,-0.2311910144962536,-1,0.2311910144962536
6.232,0,-0.2344915390297979,-1,0.2344915390297979
6.234,0,-0.2377878177587899,-1,0.2377878177587899
6.236,0,-0.2410797523034272,-1,0.2410797523034272
6.238,0,-0.2443672451370357,-1,0.2443672451370357
6.24,0,-0.2476501995808259,-1,0.2476501995808259
6.242,0,-0.2509285197986775,-1,0.2509285197986775
6.244,0,-0.2542021107919524,-1,0.2542021107919524
6.246,0,-0.2574708783943352,-1,0.2574708783943352
6.248,0,-0.2607347292667022,-1,0.2607347292667022
6.25,0,-0.2639935708920174,-1,0.2639935708920174
6.252,0,-0.2672473115702565,-1,0.2672473115702565
6.254,0,-0.2704958604133584,-1,0.2704958604133584
6.256,0,-0.2737391273402036,-1,0.2737391273402036
6.258,0,-0.27697702307162,-1,0.27697702307162
6.26,0,-0.2802094591254157,-1,0.2802094591254157
6.262,0,-0.2834363478114387,-1,0.2834363478114387
6.264,0,-0.2866576022266634,-1,0.2866576022266634
6.266,0,-0.2898731362503034,-1,0.2898731362503034
6.268,0,-0.2930828645389509,-1,0.2930828645389509
6.27,0,-0.2962867025217431,-1,0.2962867025217431
6.272,0,-0.2994845663955533,-1,0.2994845663955533
6.274,0,-0.30267637312021,-1,0.30267637312021
6.276,0,-0.3058620404137403,-1,0.3058620404137403
6.278,0,-0.3090414867476399,-1,0.3090414867476399
6.28,0,-0.3122146313421689,-1,0.3122146313421689
6.282,0,-0.3153813941616726,-1,0.3153813941616726
6.284,0,-0.318541695909928,-1,0.318541695909928
6.286,0,-0.321695458025516,-1,0.321695458025516
6.288,0,-0.3248426026772179,-1,0.3248426026772179
6.29,0,-0.3279830527594378,-1,0.3279830527594378
6.292,0,-0.3311167318876494,-1,0.3311167318876494
6.294,0,-0.3342435643938678,-1,0.3342435643938678
6.296,0,-0.3373634753221457,-1,0.3373634753221457
6.298,0,-0.3404763904240945,-1,0.3404763904240945
6.3,0,-0.3435822361544298,-1,0.3435822361544298
6.302,0,-0.3466809396665406,-1,0.3466809396665406
6.304,0,-0.3497724288080835,-1,0.3497724288080835
6.306,0,-0.3528566321166003,-1,0.3528566321166003
6.308,0,-0.35593347881516,-1,0.35593347881516
6.31,0,-0.3590028988080242,-1,0.3590028988080242
6.312,0,-0.3620648226763364,-1,0.3620648226763364
6.314,0,-0.3651191816738347,-1,0.3651191816738347
6.316,0,-0.3681659077225883,-1,0.3681659077225883
6.318000000000001,0,-0.371204933408757,-1,0.371204933408757
6.32,0,-0.3742361919783739,-1,0.3742361919783739
6.322,0,-0.3772596173331513,-1,0.3772596173331513
6.324,0,-0.3802751440263096,-1,0.3802751440263096
6.326000000000001,0,-0.3832827072584288,-1,0.3832827072584288
6.328,0,-0.3862822428733234,-1,0.3862822428733234
6.33,0,-0.3892736873539388,-1,0.3892736873539388
6.332,0,-0.3922569778182716,-1,0.3922569778182716
6.334000000000001,0,-0.3952320520153109,-1,0.3952320520153109
6.336,0,-0.3981988483210029,-1,0.3981988483210029
6.338,0,-0.4011573057342374,-1,0.4011573057342374
6.34,0,-0.4041073638728556,-1,0.4041073638728556
6.342000000000001,0,-0.4070489629696815,-1,0.4070489629696815
6.344,0,-0.4099820438685733,-1,0.4099820438685733
6.346,0,-0.4129065480204977,-1,0.4129065480204977
6.348,0,-0.4158224174796255,-1,0.4158224174796255
6.350000000000001,0,-0.4187295948994484,-1,0.4187295948994484
6.352,0,-0.4216280235289177,-1,0.4216280235289177
6.354,0,-0.4245176472086039,-1,0.4245176472086039
6.356,0,-0.4273984103668776,-1,0.4273984103668776
6.358000000000001,0,-0.4302702580161115,-1,0.4302702580161115
6.36,0,-0.4331331357489032,-1,0.4331331357489032
6.362,0,-0.4359869897343192,-1,0.4359869897343192
6.364,0,-0.4388317667141589,-1,0.4388317667141589
6.366000000000001,0,-0.4416674139992405,-1,0.4416674139992405
6.368,0,-0.4444938794657061,-1,0.4444938794657061
6.37,0,-0.4473111115513479,-1,0.4473111115513479
6.372,0,-0.4501190592519547,-1,0.4501190592519547
6.374000000000001,0,-0.4529176721176787,-1,0.4529176721176787
6.376,0,-0.455706900249422,-1,0.455706900249422
6.378,0,-0.4584866942952434,-1,0.4584866942952434
6.38,0,-0.4612570054467853,-1,0.4612570054467853
6.382000000000001,0,-0.46401778543572,-1,0.46401778543572
6.384,0,-0.466768986530216,-1,0.466768986530216
6.386,0,-0.4695105615314238,-1,0.4695105615314238
6.388,0,-0.4722424637699812,-1,0.4722424637699812
6.390000000000001,0,-0.4749646471025381,-1,0.4749646471025381
6.392,0,-0.4776770659083002,-1,0.4776770659083002
6.394,0,-0.4803796750855929,-1,0.4803796750855929
6.396,0,-0.4830724300484431,-1,0.4830724300484431
6.398000000000001,0,-0.4857552867231807,-1,0.4857552867231807
6.4,0,-0.4884282015450592,-1,0.4884282015450592
6.402,0,-0.4910911314548943,-1,0.4910911314548943
6.404,0,-0.4937440338957221,-1,0.4937440338957221
6.406,0,-0.4963868668094754,-1,0.4963868668094754
6.408,0,-0.4990195886336789,-1,0.4990195886336789
6.41,0,-0.5016421582981623,-1,0.5016421582981623
6.412,0,-0.5042545352217923,-1,0.5042545352217923
6.414,0,-0.5068566793092226,-1,0.5068566793092226
6.416,0,-0.5094485509476619,-1,0.5094485509476619
6.418,0,-0.5120301110036606,-1,0.5120301110036606
6.42,0,-0.5146013208199143,-1,0.5146013208199143
6.422,0,-0.5171621422120865,-1,0.5171621422120865
6.424,0,-0.5197125374656479,-1,0.5197125374656479
6.426,0,-0.5222524693327348,-1,0.5222524693327348
6.428,0,-0.5247819010290234,-1,0.5247819010290234
6.43,0,-0.5273007962306229,-1,0.5273007962306229
6.432,0,-0.5298091190709853,-1,0.5298091190709853
6.434,0,-0.5323068341378333,-1,0.5323068341378333
6.436,0,-0.5347939064701046,-1,0.5347939064701046
6.438,0,-0.5372703015549138,-1,0.5372703015549138
6.44,0,-0.5397359853245315,-1,0.5397359853245315
6.442,0,-0.5421909241533797,-1,0.5421909241533797
6.444,0,-0.5446350848550449,-1,0.5446350848550449
6.446,0,-0.5470684346793078,-1,0.5470684346793078
6.448,0,-0.5494909413091892,-1,0.5494909413091892
6.45,0,-0.5519025728580133,-1,0.5519025728580133
6.452,0,-0.5543032978664868,-1,0.5543032978664868
6.454,0,-0.556693085299795,-1,0.556693085299795
6.456,0,-0.5590719045447142,-1,0.5590719045447142
6.458,0,-0.56143972540674,-1,0.56143972540674
6.46,0,-0.5637965181072323,-1,0.5637965181072323
6.462,0,-0.5661422532805762,-1,0.5661422532805762
6.464,0,-0.5684769019713589,-1,0.5684769019713589
6.466,0,-0.5708004356315627,-1,0.5708004356315627
6.468,0,-0.5731128261177735,-1,0.5731128261177735
6.47,0,-0.5754140456884058,-1,0.5754140456884058
6.472,0,-0.5777040670009429,-1,0.5777040670009429
6.474,0,-0.5799828631091924,-1,0.5799828631091924
6.476,0,-0.5822504074605582,-1,0.5822504074605582
6.478,0,-0.5845066738933272,-1,0.5845066738933272
6.48,0,-0.5867516366339717,-1,0.5867516366339717
6.482,0,-0.5889852702944667,-1,0.5889852702944667
6.484,0,-0.5912075498696233,-1,0.5912075498696233
6.486,0,-0.5934184507344367,-1,0.5934184507344367
6.488,0,-0.5956179486414485,-1,0.5956179486414485
6.49,0,-0.5978060197181257,-1,0.5978060197181257
6.492,0,-0.5999826404642534,-1,0.5999826404642534
6.494,0,-0.6021477877493424,-1,0.6021477877493424
6.496,0,-0.604301438810052,-1,0.604301438810052
6.498,0,-0.6064435712476275,-1,0.6064435712476275
6.5,0,-0.6085741630253516,-1,0.6085741630253516
6.502,0,-0.6106931924660114,-1,0.6106931924660114
6.504,0,-0.6128006382493787,-1,0.6128006382493787
6.506,0,-0.6148964794097058,-1,0.6148964794097058
6.508,0,-0.616980695333235,-1,0.616980695333235
6.51,0,-0.6190532657557217,-1,0.6190532657557217
6.512,0,-0.6211141707599737,-1,0.6211141707599737
6.514,0,-0.623163390773402,-1,0.623163390773402
6.516,0,-0.6252009065655877,-1,0.6252009065655877
6.518,0,-0.6272266992458615,-1,0.6272266992458615
6.52,0,-0.6292407502608981,-1,0.6292407502608981
6.522,0,-0.6312430413923233,-1,0.6312430413923233
6.524,0,-0.6332335547543361,-1,0.6332335547543361
6.526,0,-0.6352122727913428,-1,0.6352122727913428
6.528,0,-0.6371791782756069,-1,0.6371791782756069
6.53,0,-0.63913425430491,-1,0.63913425430491
6.532,0,-0.6410774843002283,-1,0.6410774843002283
6.534,0,-0.6430088520034211,-1,0.6430088520034211
6.536,0,-0.6449283414749333,-1,0.6449283414749333
6.538,0,-0.6468359370915108,-1,0.6468359370915108
6.54,0,-0.648731623543929,-1,0.648731623543929
6.542,0,-0.650615385834735,-1,0.650615385834735
6.544,0,-0.6524872092760018,-1,0.6524872092760018
6.546,0,-0.6543470794870966,-1,0.6543470794870966
6.548,0,-0.656194982392461,-1,0.656194982392461
6.55,0,-0.6580309042194046,-1,0.6580309042194046
6.552,0,-0.6598548314959113,-1,0.6598548314959113
6.554,0,-0.6616667510484582,-1,0.6616667510484582
6.556,0,-0.6634666499998468,-1,0.6634666499998468
6.558,0,-0.6652545157670475,-1,0.6652545157670475
6.56,0,-0.6670303360590559,-1,0.6670303360590559
6.562,0,-0.6687940988747619,-1,0.6687940988747619
6.564,0,-0.6705457925008309,-1,0.6705457925008309
6.566,0,-0.6722854055095977,-1,0.6722854055095977
6.568000000000001,0,-0.6740129267569721,-1,0.6740129267569721
6.57,0,-0.6757283453803571,-1,0.6757283453803571
6.572,0,-0.6774316507965791,-1,0.6774316507965791
6.574,0,-0.6791228326998299,-1,0.6791228326998299
6.576000000000001,0,-0.680801881059621,-1,0.680801881059621
6.578,0,-0.6824687861187497,-1,0.6824687861187497
6.58,0,-0.6841235383912769,-1,0.6841235383912769
6.582,0,-0.685766128660517,-1,0.685766128660517
6.584000000000001,0,-0.6873965479770391,-1,0.6873965479770391
6.586,0,-0.6890147876566802,-1,0.6890147876566802
6.588,0,-0.6906208392785702,-1,0.6906208392785702
6.59,0,-0.6922146946831678,-1,0.6922146946831678
6.592000000000001,0,-0.6937963459703081,-1,0.6937963459703081
6.594,0,-0.6953657854972625,-1,0.6953657854972625
6.596,0,-0.6969230058768082,-1,0.6969230058768082
6.598,0,-0.6984679999753112,-1,0.6984679999753112
6.600000000000001,0,-0.7000007609108182,-1,0.7000007609108182
6.602,0,-0.7015212820511617,-1,0.7015212820511617
6.604,0,-0.7030295570120749,-1,0.7030295570120749
6.606,0,-0.7045255796553185,-1,0.7045255796553185
6.608000000000001,0,-0.7060093440868178,-1,0.7060093440868178
6.61,0,-0.7074808446548114,-1,0.7074808446548114
6.612,0,-0.7089400759480103,-1,0.7089400759480103
6.614,0,-0.7103870327937681,-1,0.7103870327937681
6.616000000000001,0,-0.7118217102562621,-1,0.7118217102562621
6.618,0,-0.7132441036346844,-1,0.7132441036346844
6.62,0,-0.7146542084614448,-1,0.7146542084614448
6.622,0,-0.7160520205003834,-1,0.7160520205003834
6.624000000000001,0,-0.717437535744994,-1,0.717437535744994
6.626,0,-0.7188107504166582,-1,0.7188107504166582
6.628,0,-0.7201716609628895,-1,0.7201716609628895
6.63,0,-0.7215202640555887,-1,0.7215202640555887
6.632000000000001,0,-0.7228565565893083,-1,0.7228565565893083
6.634,0,-0.7241805356795281,-1,0.7241805356795281
6.636,0,-0.7254921986609412,-1,0.7254921986609412
6.638,0,-0.7267915430857491,-1,0.7267915430857491
6.640000000000001,0,-0.7280785667219681,-1,0.7280785667219681
6.642,0,-0.7293532675517451,-1,0.7293532675517451
6.644,0,-0.7306156437696834,-1,0.7306156437696834
6.646,0,-0.7318656937811786,-1,0.7318656937811786
6.648000000000001,0,-0.7331034162007649,-1,0.7331034162007649
6.65,0,-0.73432880985047,-1,0.73432880985047
6.652,0,-0.7355418737581809,-1,0.7355418737581809
6.654,0,-0.7367426071560194,-1,0.7367426071560194
6.656000000000001,0,-0.7379310094787261,-1,0.7379310094787261
6.658,0,-0.7391070803620562,-1,0.7391070803620562
6.66,0,-0.7402708196411824,-1,0.7402708196411824
6.662,0,-0.741422227349109,-1,0.741422227349109
6.664,0,-0.7425613037150954,-1,0.7425613037150954
6.666,0,-0.7436880491630882,-1,0.7436880491630882
6.668,0,-0.7448024643101632,-1,0.7448024643101632
6.67,0,-0.7459045499649769,-1,0.7459045499649769
6.672,0,-0.7469943071262271,-1,0.7469943071262271
6.674,0,-0.7480717369811223,-1,0.7480717369811223
6.676,0,-0.7491368409038613,-1,0.7491368409038613
6.678,0,-0.750189620454121,-1,0.750189620454121
6.68,0,-0.7512300773755535,-1,0.7512300773755535
6.682,0,-0.7522582135942928,-1,0.7522582135942928
6.684,0,-0.7532740312174698,-1,0.7532740312174698
6.686,0,-0.7542775325317366,-1,0.7542775325317366
6.688,0,-0.7552687200017995,-1,0.7552687200017995
6.69,0,-0.7562475962689611,-1,0.7562475962689611
6.692,0,-0.7572141641496711,-1,0.7572141641496711
6.694,0,-0.7581684266340858,-1,0.7581684266340858
6.696,0,-0.7591103868846362,-1,0.7591103868846362
6.698,0,-0.7600400482346049,-1,0.7600400482346049
6.7,0,-0.7609574141867121,-1,0.7609574141867121
6.702,0,-0.7618624884117091,-1,0.7618624884117091
6.704,0,-0.762755274746981,-1,0.762755274746981
6.706,0,-0.7636357771951582,-1,0.7636357771951582
6.708,0,-0.7645039999227355,-1,0.7645039999227355
6.71,0,-0.7653599472587003,-1,0.7653599472587003
6.712,0,-0.7662036236931685,-1,0.7662036236931685
6.714,0,-0.7670350338760296,-1,0.7670350338760296
6.716,0,-0.7678541826155988,-1,0.7678541826155988
6.718,0,-0.7686610748772787,-1,0.7686610748772787
6.72,0,-0.7694557157822284,-1,0.7694557157822284
6.722,0,-0.7702381106060401,-1,0.7702381106060401
6.724,0,-0.7710082647774253,-1,0.7710082647774253
6.726,0,-0.7717661838769082,-1,0.7717661838769082
6.728,0,-0.7725118736355262,-1,0.7725118736355262
6.73,0,-0.7732453399335404,-1,0.7732453399335404
6.732,0,-0.7739665887991523,-1,0.7739665887991523
6.734,0,-0.7746756264072288,-1,0.7746756264072288
6.736,0,-0.7753724590780354,-1,0.7753724590780354
6.738,0,-0.7760570932759772,-1,0.7760570932759772
6.74,0,-0.7767295356083466,-1,0.7767295356083466
6.742,0,-0.7773897928240803,-1,0.7773897928240803
6.744,0,-0.7780378718125224,-1,0.7780378718125224
6.746,0,-0.7786737796021964,-1,0.7786737796021964
6.748,0,-0.779297523359584,-1,0.779297523359584
6.75,0,-0.7799091103879114,-1,0.7799091103879114
6.752,0,-0.7805085481259436,-1,0.7805085481259436
6.754,0,-0.7810958441467858,-1,0.7810958441467858
6.756,0,-0.7816710061566923,-1,0.7816710061566923
6.758,0,-0.7822340419938826,-1,0.7822340419938826
6.76,0,-0.7827849596273653,-1,0.7827849596273653
6.762,0,-0.7833237671557685,-1,0.7833237671557685
6.764,0,-0.7838504728061784,-1,0.7838504728061784
6.766,0,-0.7843650849329843,-1,0.7843650849329843
6.768,0,-0.7848676120167313,-1,0.7848676120167313
6.77,0,-0.7853580626629797,-1,0.7853580626629797
6.772,0,-0.7858364456011721,-1,0.7858364456011721
6.774,0,-0.7863027696835065,-1,0.7863027696835065
6.776,0,-0.7867570438838182,-1,0.7867570438838182
6.778,0,-0.7871992772964664,-1,0.7871992772964664
6.78,0,-0.7876294791352297,-1,0.7876294791352297
6.782,0,-0.7880476587322075,-1,0.7880476587322075
6.784,0,-0.7884538255367283,-1,0.7884538255367283
6.786,0,-0.7888479891142653,-1,0.7888479891142653
6.788,0,-0.7892301591453585,-1,0.7892301591453585
6.79,0,-0.7896003454245434,-1,0.7896003454245434
6.792,0,-0.7899585578592866,-1,0.7899585578592866
6.794,0,-0.7903048064689282,-1,0.7903048064689282
6.796,0,-0.7906391013836307,-1,0.7906391013836307
6.798,0,-0.7909614528433343,-1,0.7909614528433343
6.8,0,-0.7912718711967193,-1,0.7912718711967193
6.802,0,-0.7915703669001746,-1,0.7915703669001746
6.804,0,-0.7918569505167727,-1,0.7918569505167727
6.806,0,-0.7921316327152517,-1,0.7921316327152517
6.808,0,-0.7923944242690026,-1,0.7923944242690026
6.81,0,-0.7926453360550647,-1,0.7926453360550647
6.812,0,-0.7928843790531256,-1,0.7928843790531256
6.814,0,-0.7931115643445286,-1,0.7931115643445286
6.816,0,-0.7933269031112861,-1,0.7933269031112861
6.818000000000001,0,-0.7935304066350993,-1,0.7935304066350993
6.82,0,-0.7937220862963841,-1,0.7937220862963841
6.822,0,-0.793901953573303,-1,0.793901953573303
6.824,0,-0.7940700200408034,-1,0.7940700200408034
6.826000000000001,0,-0.7942262973696622,-1,0.7942262973696622
6.828,0,-0.7943707973255358,-1,0.7943707973255358
6.83,0,-0.7945035317680169,-1,0.7945035317680169
6.832,0,-0.794624512649697,-1,0.794624512649697
6.834000000000001,0,-0.7947337520152348,-1,0.7947337520152348
6.836,0,-0.7948312620004305,-1,0.7948312620004305
6.838,0,-0.7949170548313067,-1,0.7949170548313067
6.84,0,-0.7949911428231942,-1,0.7949911428231942
6.842000000000001,0,-0.795053538379824,-1,0.795053538379824
6.844,0,-0.7951042539924258,-1,0.7951042539924258
6.846,0,-0.7951433022388315,-1,0.7951433022388315
6.848,0,-0.7951706957825843,-1,0.7951706957825843
6.850000000000001,0,-0.7951864473720546,-1,0.7951864473720546
6.852,0,-0.7951905698395605,-1,0.7951905698395605
6.854,0,-0.7951830761004945,-1,0.7951830761004945
6.856,0,-0.795163979152456,-1,0.795163979152456
6.858000000000001,0,-0.7951332920743884,-1,0.7951332920743884
6.86,0,-0.7950910280257235,-1,0.7950910280257235
6.862,0,-0.7950372002455296,-1,0.7950372002455296
6.864,0,-0.7949718220516665,-1,0.7949718220516665
6.866000000000001,0,-0.7948949068399452,-1,0.7948949068399452
6.868,0,-0.7948064680832936,-1,0.7948064680832936
6.87,0,-0.7947065193309267,-1,0.7947065193309267
6.872,0,-0.7945950742075235,-1,0.7945950742075235
6.874000000000001,0,-0.7944721464124082,-1,0.7944721464124082
6.876,0,-0.7943377497187371,-1,0.7943377497187371
6.878,0,-0.7941918979726911,-1,0.7941918979726911
6.88,0,-0.7940346050926728,-1,0.7940346050926728
6.882000000000001,0,-0.7938658850685093,-1,0.7938658850685093
6.884,0,-0.7936857519606606,-1,0.7936857519606606
6.886,0,-0.793494219899432,-1,0.793494219899432
6.888,0,-0.793291303084193,-1,0.793291303084193
6.890000000000001,0,-0.7930770157826004,-1,0.7930770157826004
6.892,0,-0.7928513723298266,-1,0.7928513723298266
6.894,0,-0.7926143871277939,-1,0.7926143871277939
6.896,0,-0.7923660746444121,-1,0.7923660746444121
6.898000000000001,0,-0.7921064494128233,-1,0.7921064494128233
6.9,0,-0.7918355260306494,-1,0.7918355260306494
6.902,0,-0.7915533191592468,-1,0.7915533191592468
6.904,0,-0.7912598435229636,-1,0.7912598435229636
6.906000000000001,0,-0.7909551139084045,-1,0.7909551139084045
6.908,0,-0.7906391451636977,-1,0.7906391451636977
6.91,0,-0.7903119521977693,-1,0.7903119521977693
6.912,0,-0.7899735499796201,-1,0.7899735499796201
6.914,0,-0.7896239535376094,-1,0.7896239535376094
6.916,0,-0.7892631779587418,-1,0.7892631779587418
6.918,0,-0.7888912383879599,-1,0.7888912383879599
6.92,0,-0.7885081500274411,-1,0.7885081500274411
6.922,0,-0.7881139281358993,-1,0.7881139281358993
6.924,0,-0.7877085880278912,-1,0.7877085880278912
6.926,0,-0.7872921450731276,-1,0.7872921450731276
6.928,0,-0.7868646146957886,-1,0.7868646146957886
6.93,0,-0.7864260123738439,-1,0.7864260123738439
6.932,0,-0.7859763536383777,-1,0.7859763536383777
6.934,0,-0.7855156540729178,-1,0.7855156540729178
6.936,0,-0.7850439293127693,-1,0.7850439293127693
6.938,0,-0.7845611950443533,-1,0.7845611950443533
6.94,0,-0.784067467004549,-1,0.784067467004549
6.942,0,-0.7835627609800414,-1,0.7835627609800414
6.944,0,-0.7830470928066727,-1,0.7830470928066727
6.946,0,-0.782520478368798,-1,0.782520478368798
6.948,0,-0.7819829335986459,-1,0.7819829335986459
6.95,0,-0.781434474475683,-1,0.781434474475683
6.952,0,-0.7808751170259831,-1,0.7808751170259831
6.954,0,-0.7803048773215999,-1,0.7803048773215999
6.956,0,-0.7797237714799452,-1,0.7797237714799452
6.958,0,-0.77913181566317,-1,0.77913181566317
6.96,0,-0.7785290260775508,-1,0.7785290260775508
6.962,0,-0.7779154189728799,-1,0.7779154189728799
6.964,0,-0.777291010641859,-1,0.777291010641859
6.966,0,-0.7766558174194985,-1,0.7766558174194985
6.968,0,-0.7760098556825196,-1,0.7760098556825196
6.97,0,-0.7753531418487609,-1,0.7753531418487609
6.972,0,-0.7746856923765896,-1,0.7746856923765896
6.974,0,-0.7740075237643155,-1,0.7740075237643155
6.976,0,-0.7733186525496106,-1,0.7733186525496106
6.978,0,-0.7726190953089317,-1,0.7726190953089317
6.98,0,-0.7719088686569467,-1,0.7719088686569467
6.982,0,-0.7711879892459661,-1,0.7711879892459661
6.984,0,-0.770456473765377,-1,0.770456473765377
6.986,0,-0.7697143389410822,-1,0.7697143389410822
6.988,0,-0.7689616015349426,-1,0.7689616015349426
6.99,0,-0.7681982783442235,-1,0.7681982783442235
6.992,0,-0.7674243862010446,-1,0.7674243862010446
6.994,0,-0.7666399419718344,-1,0.7666399419718344
6.996,0,-0.7658449625567879,-1,0.7658449625567879
6.998,0,-0.7650394648893281,-1,0.7650394648893281
7,0,-0.7642234659355714,-1,0.7642234659355714
7.002,0,-0.7633969826937971,-1,0.7633969826937971
7.004,0,-0.7625600321939197,-1,0.7625600321939197
7.006,0,-0.7617126314969656,-1,0.7617126314969656
7.008,0,-0.7608547976945537,-1,0.7608547976945537
7.01,0,-0.7599865479083786,-1,0.7599865479083786
7.012,0,-0.7591078992896988,-1,0.7591078992896988
7.014,0,-0.7582188690188272,-1,0.7582188690188272
7.016,0,-0.7573194743046261,-1,0.7573194743046261
7.018,0,-0.7564097323840056,-1,0.7564097323840056
7.02,0,-0.755489660521425,-1,0.755489660521425
7.022,0,-0.7545592760083986,-1,0.7545592760083986
7.024,0,-0.7536185961630042,-1,0.7536185961630042
7.026,0,-0.752667638329396,-1,0.752667638329396
7.028,0,-0.7517064198773196,-1,0.7517064198773196
7.03,0,-0.7507349582016319,-1,0.7507349582016319
7.032,0,-0.749753270721824,-1,0.749753270721824
7.034,0,-0.7487613748815463,-1,0.7487613748815463
7.036,0,-0.7477592881481391,-1,0.7477592881481391
7.038,0,-0.7467470280121649,-1,0.7467470280121649
7.04,0,-0.7457246119869447,-1,0.7457246119869447
7.042,0,-0.744692057608098,-1,0.744692057608098
7.044,0,-0.7436493824330848,-1,0.7436493824330848
7.046,0,-0.7425966040407526,-1,0.7425966040407526
7.048,0,-0.7415337400308853,-1,0.7415337400308853
7.05,0,-0.7404608080237566,-1,0.7404608080237566
7.052,0,-0.7393778256596848,-1,0.7393778256596848
7.054,0,-0.7382848105985931,-1,0.7382848105985931
7.056,0,-0.7371817805195713,-1,0.7371817805195713
7.058,0,-0.7360687531204415,-1,0.7360687531204415
7.06,0,-0.734945746117327,-1,0.734945746117327
7.062,0,-0.7338127772442238,-1,0.7338127772442238
7.064,0,-0.7326698642525759,-1,0.7326698642525759
7.066,0,-0.731517024910853,-1,0.731517024910853
7.068000000000001,0,-0.7303542770041324,-1,0.7303542770041324
7.07,0,-0.7291816383336821,-1,0.7291816383336821
7.072,0,-0.7279991267165493,-1,0.7279991267165493
7.074,0,-0.72680675998515,-1,0.72680675998515
7.076000000000001,0,-0.7256045559868625,-1,0.7256045559868625
7.078,0,-0.7243925325836238,-1,0.7243925325836238
7.08,0,-0.7231707076515291,-1,0.7231707076515291
7.082,0,-0.7219390990804341,-1,0.7219390990804341
7.084000000000001,0,-0.7206977247735598,-1,0.7206977247735598
7.086,0,-0.7194466026471011,-1,0.7194466026471011
7.088,0,-0.7181857506298382,-1,0.7181857506298382
7.09,0,-0.7169151866627499,-1,0.7169151866627499
7.092000000000001,0,-0.7156349286986308,-1,0.7156349286986308
7.094,0,-0.7143449947017112,-1,0.7143449947017112
7.096,0,-0.7130454026472797,-1,0.7130454026472797
7.098,0,-0.7117361705213082,-1,0.7117361705213082
7.100000000000001,0,-0.7104173163200809,-1,0.7104173163200809
7.102,0,-0.7090888580498245,-1,0.7090888580498245
7.104,0,-0.7077508137263426,-1,0.7077508137263426
7.106,0,-0.7064032013746522,-1,0.7064032013746522
7.108000000000001,0,-0.7050460390286227,-1,0.7050460390286227
7.11,0,-0.7036793447306186,-1,0.7036793447306186
7.112,0,-0.7023031365311434,-1,0.7023031365311434
7.114,0,-0.700917432488488,-1,0.700917432488488
7.116000000000001,0,-0.6995222506683805,-1,0.6995222506683805
7.118,0,-0.6981176091436387,-1,0.6981176091436387
7.12,0,-0.6967035259938263,-1,0.6967035259938263
7.122,0,-0.6952800193049103,-1,0.6952800193049103
7.124000000000001,0,-0.6938471071689223,-1,0.6938471071689223
7.126,0,-0.6924048076836214,-1,0.6924048076836214
7.128,0,-0.6909531389521608,-1,0.6909531389521608
7.13,0,-0.6894921190827558,-1,0.6894921190827558
7.132000000000001,0,-0.6880217661883548,-1,0.6880217661883548
7.134,0,-0.6865420983863133,-1,0.6865420983863133
7.136,0,-0.6850531337980701,-1,0.6850531337980701
7.138,0,-0.6835548905488256,-1,0.6835548905488256
7.140000000000001,0,-0.6820473867672232,-1,0.6820473867672232
7.142,0,-0.6805306405850331,-1,0.6805306405850331
7.144,0,-0.6790046701368381,-1,0.6790046701368381
7.146,0,-0.6774694935597224,-1,0.6774694935597224
7.148000000000001,0,-0.6759251289929628,-1,0.6759251289929628
7.15,0,-0.6743715945777217,-1,0.6743715945777217
7.152,0,-0.6728089084567435,-1,0.6728089084567435
7.154,0,-0.6712370887740524,-1,0.6712370887740524
7.156000000000001,0,-0.6696561536746535,-1,0.6696561536746535
7.158,0,-0.6680661213042353,-1,0.6680661213042353
7.16,0,-0.6664670098088755,-1,0.6664670098088755
7.162,0,-0.6648588373347488,-1,0.6648588373347488
7.164000000000001,0,-0.6632416220278365,-1,0.6632416220278365
7.166,0,-0.6616153820336393,-1,0.6616153820336393
7.168,0,-0.6599801354968916,-1,0.6599801354968916
7.17,0,-0.6583359005612786,-1,0.6583359005612786
7.172,0,-0.6566826953691555,-1,0.6566826953691555
7.174,0,-0.6550205380612693,-1,0.6550205380612693
7.176,0,-0.653349446776482,-1,0.653349446776482
7.178,0,-0.6516694396514968,-1,0.6516694396514968
7.18,0,-0.6499805348205864,-1,0.6499805348205864
7.182,0,-0.648282750415323,-1,0.648282750415323
7.184,0,-0.6465761045643114,-1,0.6465761045643114
7.186,0,-0.6448606153929232,-1,0.6448606153929232
7.188,0,-0.643136301023034,-1,0.643136301023034
7.19,0,-0.6414031795727626,-1,0.6414031795727626
7.192,0,-0.639661269156212,-1,0.639661269156212
7.194,0,-0.6379105878832126,-1,0.6379105878832126
7.196,0,-0.6361511538590681,-1,0.6361511538590681
7.198,0,-0.6343829851843023,-1,0.6343829851843023
7.2,0,-0.6326060999544094,-1,0.6326060999544094
7.202,0,-0.6308205162596057,-1,0.6308205162596057
7.204,0,-0.6290262521845829,-1,0.6290262521845829
7.206,0,-0.6272233258082641,-1,0.6272233258082641
7.208,0,-0.6254117552035621,-1,0.6254117552035621
7.21,0,-0.6235915584371384,-1,0.6235915584371384
7.212,0,-0.621762753569166,-1,0.621762753569166
7.214,0,-0.6199253586530927,-1,0.6199253586530927
7.216,0,-0.6180793917354074,-1,0.6180793917354074
7.218,0,-0.6162248708554073,-1,0.6162248708554073
7.22,0,-0.6143618140449686,-1,0.6143618140449686
7.222,0,-0.6124902393283176,-1,0.6124902393283176
7.224,0,-0.6106101647218047,-1,0.6106101647218047
7.226,0,-0.6087216082336802,-1,0.6087216082336802
7.228,0,-0.6068245878638712,-1,0.6068245878638712
7.23,0,-0.6049191216037618,-1,0.6049191216037618
7.232,0,-0.6030052274359744,-1,0.6030052274359744
7.234,0,-0.6010829233341525,-1,0.6010829233341525
7.236,0,-0.5991522272627459,-1,0.5991522272627459
7.238,0,-0.597213157176798,-1,0.597213157176798
7.24,0,-0.5952657310217344,-1,0.5952657310217344
7.242,0,-0.5933099667331536,-1,0.5933099667331536
7.244,0,-0.5913458822366195,-1,0.5913458822366195
7.246,0,-0.5893734954474555,-1,0.5893734954474555
7.248,0,-0.587392824270541,-1,0.587392824270541
7.25,0,-0.5854038866001087,-1,0.5854038866001087
7.252,0,-0.5834067003195448,-1,0.5834067003195448
7.254,0,-0.5814012833011902,-1,0.5814012833011902
7.256,0,-0.579387653406144,-1,0.579387653406144
7.258,0,-0.5773658284840676,-1,0.5773658284840676
7.26,0,-0.5753358263729924,-1,0.5753358263729924
7.262,0,-0.5732976648991277,-1,0.5732976648991277
7.264,0,-0.5712513618766707,-1,0.5712513618766707
7.266,0,-0.5691969351076185,-1,0.5691969351076185
7.268,0,-0.5671344023815817,-1,0.5671344023815817
7.27,0,-0.5650637814755997,-1,0.5650637814755997
7.272,0,-0.5629850901539569,-1,0.5629850901539569
7.274,0,-0.5608983461680023,-1,0.5608983461680023
7.276,0,-0.5588035672559685,-1,0.5588035672559685
7.278,0,-0.5567007711427945,-1,0.5567007711427945
7.28,0,-0.5545899755399487,-1,0.5545899755399487
7.282,0,-0.5524711981452541,-1,0.5524711981452541
7.284,0,-0.550344456642715,-1,0.550344456642715
7.286,0,-0.5482097687023451,-1,0.5482097687023451
7.288,0,-0.5460671519799976,-1,0.5460671519799976
7.29,0,-0.5439166241171968,-1,0.5439166241171968
7.292,0,-0.5417582027409706,-1,0.5417582027409706
7.294,0,-0.5395919054636859,-1,0.5395919054636859
7.296,0,-0.5374177498828838,-1,0.5374177498828838
7.298,0,-0.5352357535811182,-1,0.5352357535811182
7.3,0,-0.5330459341257944,-1,0.5330459341257944
7.302,0,-0.53084830906901,-1,0.53084830906901
7.304,0,-0.5286428959473974,-1,0.5286428959473974
7.306,0,-0.5264297122819673,-1,0.5264297122819673
7.308,0,-0.5242087755779541,-1,0.5242087755779541
7.31,0,-0.5219801033246624,-1,0.5219801033246624
7.312,0,-0.5197437129953155,-1,0.5197437129953155
7.314,0,-0.5174996220469051,-1,0.5174996220469051
7.316,0,-0.5152478479200422,-1,0.5152478479200422
7.318000000000001,0,-0.5129884080388097,-1,0.5129884080388097
7.32,0,-0.5107213198106169,-1,0.5107213198106169
7.322,0,-0.5084466006260541,-1,0.5084466006260541
7.324,0,-0.5061642678587502,-1,0.5061642678587502
7.326000000000001,0,-0.5038743388652308,-1,0.5038743388652308
7.328,0,-0.5015768309847777,-1,0.5015768309847777
7.33,0,-0.4992717615392901,-1,0.4992717615392901
7.332,0,-0.4969591478331472,-1,0.4969591478331472
7.334000000000001,0,-0.4946390071530716,-1,0.4946390071530716
7.336,0,-0.4923113567679951,-1,0.4923113567679951
7.338,0,-0.4899762139289248,-1,0.4899762139289248
7.34,0,-0.4876335958688113,-1,0.4876335958688113
7.342000000000001,0,-0.4852835198024176,-1,0.4852835198024176
7.344,0,-0.4829260029261902,-1,0.4829260029261902
7.346,0,-0.4805610624181304,-1,0.4805610624181304
7.348,0,-0.4781887154376681,-1,0.4781887154376681
7.350000000000001,0,-0.4758089791255357,-1,0.4758089791255357
7.352,0,-0.4734218706036447,-1,0.4734218706036447
7.354,0,-0.4710274069749621,-1,0.4710274069749621
7.356,0,-0.4686256053233891,-1,0.4686256053233891
7.358000000000001,0,-0.466216482713641,-1,0.466216482713641
7.36,0,-0.4638000561911274,-1,0.4638000561911274
7.362,0,-0.4613763427818354,-1,0.4613763427818354
7.364,0,-0.458945359492212,-1,0.458945359492212
7.366000000000001,0,-0.4565071233090498,-1,0.4565071233090498
7.368,0,-0.4540616511993719,-1,0.4540616511993719
7.37,0,-0.4516089601103198,-1,0.4516089601103198
7.372,0,-0.4491490669690414,-1,0.4491490669690414
7.374000000000001,0,-0.4466819886825806,-1,0.4466819886825806
7.376,0,-0.4442077421377681,-1,0.4442077421377681
7.378,0,-0.4417263442011134,-1,0.4417263442011134
7.38,0,-0.4392378117186976,-1,0.4392378117186976
7.382000000000001,0,-0.4367421615160683,-1,0.4367421615160683
7.384,0,-0.4342394103981346,-1,0.4342394103981346
7.386,0,-0.4317295751490638,-1,0.4317295751490638
7.388,0,-0.4292126725321795,-1,0.4292126725321795
7.390000000000001,0,-0.4266887192898603,-1,0.4266887192898603
7.392,0,-0.4241577321434398,-1,0.4241577321434398
7.394,0,-0.4216197277931079,-1,0.4216197277931079
7.396,0,-0.4190747229178134,-1,0.4190747229178134
7.398000000000001,0,-0.4165227341751672,-1,0.4165227341751672
7.4,0,-0.4139637782013465,-1,0.4139637782013465
7.402,0,-0.4113978716110013,-1,0.4113978716110013
7.404,0,-0.4088250309971606,-1,0.4088250309971606
7.406000000000001,0,-0.4062452729311403,-1,0.4062452729311403
7.408,0,-0.4036586139624521,-1,0.4036586139624521
7.41,0,-0.4010650706187138,-1,0.4010650706187138
7.412,0,-0.39846465940556,-1,0.39846465940556
7.414000000000001,0,-0.3958573968065546,-1,0.3958573968065546
7.416,0,-0.3932432992831035,-1,0.3932432992831035
7.418,0,-0.3906223832743693,-1,0.3906223832743693
7.42,0,-0.3879946651971862,-1,0.3879946651971862
7.422000000000001,0,-0.3853601614459766,-1,0.3853601614459766
7.424,0,-0.382718888392668,-1,0.382718888392668
7.426,0,-0.3800708623866119,-1,0.3800708623866119
7.428,0,-0.3774160997545026,-1,0.3774160997545026
7.43,0,-0.374754616800298,-1,0.374754616800298
7.432,0,-0.3720864298051406,-1,0.3720864298051406
7.434,0,-0.3694115550272798,-1,0.3694115550272798
7.436,0,-0.3667300087019958,-1,0.3667300087019958
7.438,0,-0.3640418070415232,-1,0.3640418070415232
7.44,0,-0.3613469662349765,-1,0.3613469662349765
7.442,0,-0.3586455024482765,-1,0.3586455024482765
7.444,0,-0.3559374318240773,-1,0.3559374318240773
7.446,0,-0.3532227704816947,-1,0.3532227704816947
7.448,0,-0.3505015345170348,-1,0.3505015345170348
7.45,0,-0.3477737400025245,-1,0.3477737400025245
7.452,0,-0.3450394029870422,-1,0.3450394029870422
7.454,0,-0.3422985394958497,-1,0.3422985394958497
7.456,0,-0.339551165530525,-1,0.339551165530525
7.458,0,-0.3367972970688963,-1,0.3367972970688963
7.46,0,-0.3340369500649761,-1,0.3340369500649761
7.462,0,-0.3312701404488972,-1,0.3312701404488972
7.464,0,-0.3284968841268486,-1,0.3284968841268486
7.466,0,-0.3257171969810134,-1,0.3257171969810134
7.468,0,-0.3229310948695066,-1,0.3229310948695066
7.47,0,-0.320138593626314,-1,0.320138593626314
7.472,0,-0.3173397090612327,-1,0.3173397090612327
7.474,0,-0.3145344569598114,-1,0.3145344569598114
7.476,0,-0.3117228530832923,-1,0.3117228530832923
7.478,0,-0.3089049131685533,-1,0.3089049131685533
7.48,0,-0.3060806529280519,-1,0.3060806529280519
7.482,0,-0.3032500880497688,-1,0.3032500880497688
7.484,0,-0.3004132341971532,-1,0.3004132341971532
7.486,0,-0.2975701070090687,-1,0.2975701070090687
7.488,0,-0.2947207220997399,-1,0.2947207220997399
7.49,0,-0.2918650950586999,-1,0.2918650950586999
7.492,0,-0.2890032414507387,-1,0.2890032414507387
7.494,0,-0.286135176815852,-1,0.286135176815852
7.496,0,-0.2832609166691917,-1,0.2832609166691917
7.498,0,-0.2803804765010158,-1,0.2803804765010158
7.5,0,-0.2774938717766408,-1,0.2774938717766408
7.502,0,-0.2746011179363932,-1,0.2746011179363932
7.504,0,-0.271702230395563,-1,0.271702230395563
7.506,0,-0.2687972245443574,-1,0.2687972245443574
7.508,0,-0.2658861157478556,-1,0.2658861157478556
7.51,0,-0.2629689193459637,-1,0.2629689193459637
7.512,0,-0.2600456506533713,-1,0.2600456506533713
7.514,0,-0.2571163249595081,-1,0.2571163249595081
7.516,0,-0.2541809575285016,-1,0.2541809575285016
7.518,0,-0.2512395635991356,-1,0.2512395635991356
7.52,0,-0.2482921583848089,-1,0.2482921583848089
7.522,0,-0.2453387570734956,-1,0.2453387570734956
7.524,0,-0.2423793748277052,-1,0.2423793748277052
7.526,0,-0.2394140267844444,-1,0.2394140267844444
7.528,0,-0.2364427280551785,-1,0.2364427280551785
7.53,0,-0.2334654937257944,-1,0.2334654937257944
7.532,0,-0.2304823388565643,-1,0.2304823388565643
7.534,0,-0.227493278482109,-1,0.227493278482109
7.536,0,-0.2244983276113635,-1,0.2244983276113635
7.538,0,-0.2214975012275421,-1,0.2214975012275421
7.54,0,-0.2184908142881045,-1,0.2184908142881045
7.542,0,-0.2154782817247229,-1,0.2154782817247229
7.544,0,-0.2124599184432493,-1,0.2124599184432493
7.546,0,-0.209435739323684,-1,0.209435739323684
7.548,0,-0.206405759220144,-1,0.206405759220144
7.55,0,-0.2033699929608329,-1,0.2033699929608329
7.552,0,-0.200328455348011,-1,0.200328455348011
7.554,0,-0.1972811611579659,-1,0.1972811611579659
7.556,0,-0.1942281251409843,-1,0.1942281251409843
7.558,0,-0.191169362021324,-1,0.191169362021324
7.56,0,-0.1881048864971865,-1,0.1881048864971865
7.562,0,-0.1850347132406905,-1,0.1850347132406905
7.564,0,-0.1819588568978462,-1,0.1819588568978462
7.566,0,-0.1788773320885293,-1,0.1788773320885293
7.568000000000001,0,-0.1757901534064568,-1,0.1757901534064568
7.57,0,-0.1726973354191626,-1,0.1726973354191626
7.572,0,-0.1695988926679741,-1,0.1695988926679741
7.574,0,-0.1664948396679893,-1,0.1664948396679893
7.576000000000001,0,-0.1633851909080542,-1,0.1633851909080542
7.578,0,-0.1602699608507417,-1,0.1602699608507417
7.58,0,-0.1571491639323296,-1,0.1571491639323296
7.582,0,-0.1540228145627809,-1,0.1540228145627809
7.584000000000001,0,-0.1508909271257233,-1,0.1508909271257233
7.586,0,-0.1477535159784302,-1,0.1477535159784302
7.588,0,-0.1446105954518014,-1,0.1446105954518014
7.59,0,-0.1414621798503453,-1,0.1414621798503453
7.592000000000001,0,-0.1383082834521611,-1,0.1383082834521611
7.594,0,-0.1351489205089218,-1,0.1351489205089218
7.596,0,-0.1319841052458572,-1,0.1319841052458572
7.598,0,-0.1288138518617387,-1,0.1288138518617387
7.600000000000001,0,-0.1256381745288629,-1,0.1256381745288629
7.602,0,-0.1224570873930377,-1,0.1224570873930377
7.604,0,-0.1192706045735669,-1,0.1192706045735669
7.606,0,-0.1160787401632372,-1,0.1160787401632372
7.608000000000001,0,-0.1128815082283047,-1,0.1128815082283047
7.61,0,-0.1096789228084818,-1,0.1096789228084818
7.612,0,-0.1064709979169254,-1,0.1064709979169254
7.614,0,-0.1032577475402248,-1,0.1032577475402248
7.616000000000001,0,-0.1000391856383909,-1,0.1000391856383909
7.618,0,-0.09681532614484517,-1,0.09681532614484517
7.62,0,-0.09358618296640961,-1,0.09358618296640961
7.622,0,-0.09035176998329711,-1,0.09035176998329711
7.624000000000001,0,-0.08711210104910222,-1,0.08711210104910222
7.626,0,-0.0838671899907925,-1,0.0838671899907925
7.628,0,-0.08061705060870029,-1,0.08061705060870029
7.63,0,-0.07736169667651509,-1,0.07736169667651509
7.632000000000001,0,-0.07410114194127629,-1,0.07410114194127629
7.634,0,-0.0708354001233665,-1,0.0708354001233665
7.636,0,-0.06756448491650525,-1,0.06756448491650525
7.638,0,-0.06428840998774327,-1,0.06428840998774327
7.640000000000001,0,-0.06100718897745713,-1,0.06100718897745713
7.642,0,-0.05772083549934446,-1,0.05772083549934446
7.644,0,-0.05442936314041957,-1,0.05442936314041957
7.646,0,-0.05113278546100951,-1,0.05113278546100951
7.648000000000001,0,-0.04783111599475065,-1,0.04783111599475065
7.65,0,-0.04452436824858566,-1,0.04452436824858566
7.652,0,-0.04121255570276098,-1,0.04121255570276098
7.654,0,-0.03789569181082468,-1,0.03789569181082468
7.656000000000001,0,-0.03457378999962483,-1,0.03457378999962483
7.658,0,-0.03124686366930828,-1,0.03124686366930828
7.66,0,-0.02791492619331981,-1,0.02791492619331981
7.662,0,-0.02457799091840186,-1,0.02457799091840186
7.664000000000001,0,-0.02123607116459453,-1,0.02123607116459453
7.666,0,-0.01788918022523614,-1,0.01788918022523614
7.668,0,-0.01453733136696407,-1,0.01453733136696407
7.67,0,-0.01118053782971616,-1,0.01118053782971616
7.672000000000001,0,-0.007818812826732444,-1,0.007818812826732444
7.674,0,-0.004452169544557299,-1,0.004452169544557299
7.676,0,-0.001080621143042023,-1,0.001080621143042023
7.678,0,0.002295805911318853,1,-0.002295805911318853
7.68,0,0.005676979062149771,1,-0.005676979062149771
7.682,0,0.009062726910729676,1,-0.009062726910729676
7.684,0,0.01245287936894947,1,-0.01245287936894947
7.686,0,0.01584726763378407,1,-0.01584726763378407
7.688,0,0.01924572417974283,1,-0.01924572417974283
7.69,0,0.02264808275135976,1,-0.02264808275135976
7.692,0,0.0260541783557233,1,-0.0260541783557233
7.694,0,0.02946384725504555,1,-0.02946384725504555
7.696,0,0.03287692695927071,1,-0.03287692695927071
7.698,0,0.03629325621872245,1,-0.03629325621872245
7.7,0,0.03971267501679022,1,-0.03971267501679022
7.702,0,0.04313502456265413,1,-0.04313502456265413
7.704,0,0.04656014728404817,1,-0.04656014728404817
7.706,0,0.04998788682006187,1,-0.04998788682006187
7.708,0,0.05341808801397986,1,-0.05341808801397986
7.71,0,0.05685059690615932,1,-0.05685059690615932
7.712,0,0.06028526072694518,1,-0.06028526072694518
7.714,0,0.06372192788962272,1,-0.06372192788962272
7.716,0,0.06716044798340751,1,-0.06716044798340751
7.718,0,0.07060067176647246,1,-0.07060067176647246
7.72,0,0.07404245115901185,1,-0.07404245115901185
7.722,0,0.07748563923634204,1,-0.07748563923634204
7.724,0,0.08093009022203874,1,-0.08093009022203874
7.726,0,0.08437565948111077,1,-0.08437565948111077
7.728,0,0.08782220351320986,1,-0.08782220351320986
7.73,0,0.09126957994587664,1,-0.09126957994587664
7.732,0,0.09471764752782236,1,-0.09471764752782236
7.734,0,0.09816626612224627,1,-0.09816626612224627
7.736,0,0.1016152967001886,1,-0.1016152967001886
7.738,0,0.1050646013339188,1,-0.1050646013339188
7.74,0,0.1085140431903587,1,-0.1085140431903587
7.742,0,0.1119634865245411,1,-0.1119634865245411
7.744,0,0.1154127966731025,1,-0.1154127966731025
7.746,0,0.1188618400478112,1,-0.1188618400478112
7.748,0,0.1223104841291292,1,-0.1223104841291292
7.75,0,0.1257585974598086,1,-0.1257585974598086
7.752,0,0.1292060496385224,1,-0.1292060496385224
7.754,0,0.1326527113135283,1,-0.1326527113135283
7.756,0,0.1360984541763677,1,-0.1360984541763677
7.758,0,0.1395431509555967,1,-0.1395431509555967
7.76,0,0.142986675410552,1,-0.142986675410552
7.762,0,0.1464289023251485,1,-0.1464289023251485
7.764,0,0.1498697075017119,1,-0.1498697075017119
7.766,0,0.1533089677548422,1,-0.1533089677548422
7.768,0,0.1567465609053113,1,-0.1567465609053113
7.77,0,0.160182365773993,1,-0.160182365773993
7.772,0,0.1636162621758249,1,-0.1636162621758249
7.774,0,0.1670481309138029,1,-0.1670481309138029
7.776,0,0.1704778537730082,1,-0.1704778537730082
7.778,0,0.1739053135146654,1,-0.1739053135146654
7.78,0,0.177330393870233,1,-0.177330393870233
7.782,0,0.1807529795355255,1,-0.1807529795355255
7.784,0,0.1841729561648668,1,-0.1841729561648668
7.786,0,0.1875902103652746,1,-0.1875902103652746
7.788,0,0.1910046296906767,1,-0.1910046296906767
7.79,0,0.194416102636158,1,-0.194416102636158
7.792,0,0.1978245186322377,1,-0.1978245186322377
7.794,0,0.2012297680391781,1,-0.2012297680391781
7.796,0,0.2046317421413235,1,-0.2046317421413235
7.798,0,0.2080303331414698,1,-0.2080303331414698
7.8,0,0.2114254341552636,1,-0.2114254341552636
7.802,0,0.2148169392056319,1,-0.2148169392056319
7.804,0,0.2182047432172422,1,-0.2182047432172422
7.806,0,0.2215887420109914,1,-0.2215887420109914
7.808,0,0.2249688322985247,1,-0.2249688322985247
7.81,0,0.2283449116767844,1,-0.2283449116767844
7.812,0,0.2317168786225877,1,-0.2317168786225877
7.814,0,0.235084632487233,1,-0.235084632487233
7.816,0,0.238448073491137,1,-0.238448073491137
7.818000000000001,0,0.2418071027184987,1,-0.2418071027184987
7.82,0,0.2451616221119933,1,-0.2451616221119933
7.822,0,0.2485115344674946,1,-0.2485115344674946
7.824,0,0.2518567434288257,1,-0.2518567434288257
7.826000000000001,0,0.2551971534825377,1,-0.2551971534825377
7.828,0,0.2585326699527173,1,-0.2585326699527173
7.83,0,0.2618631989958218,1,-0.2618631989958218
7.832,0,0.2651886475955419,1,-0.2651886475955419
7.834000000000001,0,0.2685089235576934,1,-0.2685089235576934
7.836,0,0.2718239355051347,1,-0.2718239355051347
7.838,0,0.2751335928727133,1,-0.2751335928727133
7.84,0,0.2784378059022392,1,-0.2784378059022392
7.842000000000001,0,0.2817364856374845,1,-0.2817364856374845
7.844,0,0.2850295439192122,1,-0.2850295439192122
7.846,0,0.2883168933802294,1,-0.2883168933802294
7.848,0,0.2915984474404692,1,-0.2915984474404692
7.850000000000001,0,0.2948741203020985,1,-0.2948741203020985
7.852,0,0.2981438269446523,1,-0.2981438269446523
7.854,0,0.3014074831201943,1,-0.3014074831201943
7.856,0,0.3046650053485043,1,-0.3046650053485043
7.858000000000001,0,0.3079163109122909,1,-0.3079163109122909
7.86,0,0.311161317852431,1,-0.311161317852431
7.862,0,0.3143999449632344,1,-0.3143999449632344
7.864,0,0.3176321117877347,1,-0.3176321117877347
7.866000000000001,0,0.3208577386130057,1,-0.3208577386130057
7.868,0,0.3240767464655028,1,-0.3240767464655028
7.87,0,0.3272890571064304,1,-0.3272890571064304
7.872,0,0.330494593027134,1,-0.330494593027134
7.874000000000001,0,0.3336932774445176,1,-0.3336932774445176
7.876,0,0.336885034296486,1,-0.336885034296486
7.878,0,0.340069788237412,1,-0.340069788237412
7.88,0,0.3432474646336282,1,-0.3432474646336282
7.882000000000001,0,0.3464179895589435,1,-0.3464179895589435
7.884,0,0.3495812897901838,1,-0.3495812897901838
7.886,0,0.3527372928027572,1,-0.3527372928027572
7.888,0,0.3558859267662438,1,-0.3558859267662438
7.890000000000001,0,0.3590271205400086,1,-0.3590271205400086
7.892,0,0.3621608036688392,1,-0.3621608036688392
7.894,0,0.3652869063786072,1,-0.3652869063786072
7.896,0,0.3684053595719531,1,-0.3684053595719531
7.898000000000001,0,0.3715160948239949,1,-0.3715160948239949
7.9,0,0.3746190443780599,1,-0.3746190443780599
7.902,0,0.3777141411414408,1,-0.3777141411414408
7.904,0,0.3808013186811735,1,-0.3808013186811735
7.906000000000001,0,0.3838805112198397,1,-0.3838805112198397
7.908,0,0.3869516536313912,1,-0.3869516536313912
7.91,0,0.3900146814369977,1,-0.3900146814369977
7.912,0,0.3930695308009173,1,-0.3930695308009173
7.914000000000001,0,0.3961161385263895,1,-0.3961161385263895
7.916,0,0.3991544420515513,1,-0.3991544420515513
7.918,0,0.4021843794453744,1,-0.4021843794453744
7.92,0,0.4052058894036266,1,-0.4052058894036266
7.922000000000001,0,0.4082189112448535,1,-0.4082189112448535
7.924,0,0.4112233849063841,1,-0.4112233849063841
7.926,0,0.4142192509403564,1,-0.4142192509403564
7.928,0,0.4172064505097668,1,-0.4172064505097668
7.930000000000001,0,0.42018492538454,1,-0.42018492538454
7.932,0,0.4231546179376208,1,-0.4231546179376208
7.934,0,0.4261154711410877,1,-0.4261154711410877
7.936,0,0.4290674285622879,1,-0.4290674285622879
7.938,0,0.4320104343599931,1,-0.4320104343599931
7.94,0,0.4349444332805771,1,-0.4349444332805771
7.942,0,0.4378693706542144,1,-0.4378693706542144
7.944,0,0.4407851923910992,1,-0.4407851923910992
7.946,0,0.4436918449776863,1,-0.4436918449776863
7.948,0,0.4465892754729517,1,-0.4465892754729517
7.95,0,0.4494774315046749,1,-0.4494774315046749
7.952,0,0.4523562612657406,1,-0.4523562612657406
7.954,0,0.4552257135104622,1,-0.4552257135104622
7.956,0,0.4580857375509243,1,-0.4580857375509243
7.958,0,0.4609362832533465,1,-0.4609362832533465
7.96,0,0.4637773010344669,1,-0.4637773010344669
7.962,0,0.4666087418579456,1,-0.4666087418579456
7.964,0,0.4694305572307882,1,-0.4694305572307882
7.966,0,0.4722426991997892,1,-0.4722426991997892
7.968,0,0.4750451203479953,1,-0.4750451203479953
7.97,0,0.4778377737911878,1,-0.4778377737911878
7.972,0,0.4806206131743851,1,-0.4806206131743851
7.974,0,0.4833935926683645,1,-0.4833935926683645
7.976,0,0.4861566669662028,1,-0.4861566669662028
7.978,0,0.4889097912798372,1,-0.4889097912798372
7.98,0,0.4916529213366444,1,-0.4916529213366444
7.982,0,0.4943860133760389,1,-0.4943860133760389
7.984,0,0.4971090241460908,1,-0.4971090241460908
7.986,0,0.4998219109001618,1,-0.4998219109001618
7.988,0,0.5025246313935602,1,-0.5025246313935602
7.99,0,0.5052171438802149,1,-0.5052171438802149
7.992,0,0.5078994071093671,1,-0.5078994071093671
7.994,0,0.5105713803222814,1,-0.5105713803222814
7.996,0,0.5132330232489748,1,-0.5132330232489748
7.998,0,0.5158842961049637,1,-0.5158842961049637
8,0,0.5185251595880297,1,-0.5185251595880297
8.002000000000001,0,0.5211555748750032,1,-0.5211555748750032
8.004,0,0.523775503618565,1,-0.523775503618565
8.006,0,0.5263849079440656,1,-0.5263849079440656
8.008000000000001,0,0.5289837504463626,1,-0.5289837504463626
8.01,0,0.531571994186676,1,-0.531571994186676
8.012,0,0.5341496026894603,1,-0.5341496026894603
8.013999999999999,0,0.5367165399392952,1,-0.5367165399392952
8.016,0,0.5392727703777929,1,-0.5392727703777929
8.018000000000001,0,0.5418182589005232,1,-0.5418182589005232
8.02,0,0.5443529708539557,1,-0.5443529708539557
8.022,0,0.5468768720324195,1,-0.5468768720324195
8.024000000000001,0,0.5493899286750794,1,-0.5493899286750794
8.026,0,0.5518921074629295,1,-0.5518921074629295
8.028,0,0.5543833755158037,1,-0.5543833755158037
8.029999999999999,0,0.5568637003894031,1,-0.5568637003894031
8.032,0,0.5593330500723398,1,-0.5593330500723398
8.034000000000001,0,0.5617913929831976,1,-0.5617913929831976
8.036,0,0.5642386979676092,1,-0.5642386979676092
8.038,0,0.5666749342953501,1,-0.5666749342953501
8.040000000000001,0,0.5691000716574487,1,-0.5691000716574487
8.042,0,0.5715140801633125,1,-0.5715140801633125
8.044,0,0.5739169303378709,1,-0.5739169303378709
8.045999999999999,0,0.5763085931187341,1,-0.5763085931187341
8.048,0,0.5786890398533677,1,-0.5786890398533677
8.050000000000001,0,0.5810582422962839,1,-0.5810582422962839
8.052,0,0.583416172606248,1,-0.583416172606248
8.054,0,0.5857628033435009,1,-0.5857628033435009
8.056000000000001,0,0.5880981074669978,1,-0.5880981074669978
8.058,0,0.5904220583316615,1,-0.5904220583316615
8.06,0,0.5927346296856525,1,-0.5927346296856525
8.061999999999999,0,0.5950357956676537,1,-0.5950357956676537
8.064,0,0.5973255308041711,1,-0.5973255308041711
8.066000000000001,0,0.5996038100068488,1,-0.5996038100068488
8.068,0,0.6018706085698011,1,-0.6018706085698011
8.07,0,0.6041259021669577,1,-0.6041259021669577
8.072000000000001,0,0.6063696668494256,1,-0.6063696668494256
8.074,0,0.6086018790428649,1,-0.6086018790428649
8.076000000000001,0,0.6108225155448804,1,-0.6108225155448804
8.077999999999999,0,0.6130315535224276,1,-0.6130315535224276
8.08,0,0.615228970509233,1,-0.615228970509233
8.082000000000001,0,0.6174147444032306,1,-0.6174147444032306
8.084,0,0.6195888534640115,1,-0.6195888534640115
8.086,0,0.6217512763102886,1,-0.6217512763102886
8.088000000000001,0,0.6239019919173761,1,-0.6239019919173761
8.09,0,0.626040979614683,1,-0.626040979614683
8.092000000000001,0,0.6281682190832208,1,-0.6281682190832208
8.093999999999999,0,0.6302836903531265,1,-0.6302836903531265
8.096,0,0.6323873738011978,1,-0.6323873738011978
8.098000000000001,0,0.6344792501484448,1,-0.6344792501484448
8.1,0,0.6365593004576534,1,-0.6365593004576534
8.102,0,0.6386275061309649,1,-0.6386275061309649
8.104000000000001,0,0.6406838489074673,1,-0.6406838489074673
8.106,0,0.6427283108608024,1,-0.6427283108608024
8.108000000000001,0,0.644760874396785,1,-0.644760874396785
8.109999999999999,0,0.646781522251037,1,-0.646781522251037
8.112,0,0.6487902374866344,1,-0.6487902374866344
8.114000000000001,0,0.6507870034917681,1,-0.6507870034917681
8.116,0,0.6527718039774179,1,-0.6527718039774179
8.118,0,0.6547446229750401,1,-0.6547446229750401
8.120000000000001,0,0.6567054448342688,1,-0.6567054448342688
8.122,0,0.6586542542206296,1,-0.6586542542206296
8.124000000000001,0,0.660591036113267,1,-0.660591036113267
8.125999999999999,0,0.6625157758026848,1,-0.6625157758026848
8.128,0,0.6644284588885,1,-0.6644284588885
8.130000000000001,0,0.6663290712772085,1,-0.6663290712772085
8.132,0,0.6682175991799653,1,-0.6682175991799653
8.134,0,0.6700940291103757,1,-0.6700940291103757
8.136000000000001,0,0.6719583478823015,1,-0.6719583478823015
8.138,0,0.6738105426076775,1,-0.6738105426076775
8.140000000000001,0,0.6756506006943425,1,-0.6756506006943425
8.141999999999999,0,0.6774785098438819,1,-0.6774785098438819
8.144,0,0.6792942580494834,1,-0.6792942580494834
8.146000000000001,0,0.6810978335938044,1,-0.6810978335938044
8.148,0,0.6828892250468525,1,-0.6828892250468525
8.15,0,0.6846684212638778,1,-0.6846684212638778
8.152000000000001,0,0.6864354113832782,1,-0.6864354113832782
8.154,0,0.6881901848245158,1,-0.6881901848245158
8.156000000000001,0,0.6899327312860458,1,-0.6899327312860458
8.157999999999999,0,0.6916630407432585,1,-0.6916630407432585
8.16,0,0.6933811034464313,1,-0.6933811034464313
8.162000000000001,0,0.6950869099186948,1,-0.6950869099186948
8.164,0,0.696780450954009,1,-0.696780450954009
8.166,0,0.6984617176151522,1,-0.6984617176151522
8.168000000000001,0,0.7001307012317217,1,-0.7001307012317217
8.17,0,0.7017873933981456,1,-0.7017873933981456
8.172000000000001,0,0.7034317859717065,1,-0.7034317859717065
8.173999999999999,0,0.7050638710705776,1,-0.7050638710705776
8.176,0,0.7066836410718682,1,-0.7066836410718682
8.178000000000001,0,0.7082910886096832,1,-0.7082910886096832
8.18,0,0.7098862065731918,1,-0.7098862065731918
8.182,0,0.7114689881047093,1,-0.7114689881047093
8.184000000000001,0,0.7130394265977884,1,-0.7130394265977884
8.186,0,0.7145975156953233,1,-0.7145975156953233
8.188000000000001,0,0.7161432492876638,1,-0.7161432492876638
8.19,0,0.7176766215107413,1,-0.7176766215107413
8.192,0,0.719197626744205,1,-0.719197626744205
8.194000000000001,0,0.7207062596095698,1,-0.7207062596095698
8.196,0,0.7222025149683748,1,-0.7222025149683748
8.198,0,0.7236863879203526,1,-0.7236863879203526
8.199999999999999,0,0.7251578738016091,1,-0.7251578738016091
8.202,0,0.7266169681828153,1,-0.7266169681828153
8.204000000000001,0,0.7280636668674076,1,-0.7280636668674076
8.206,0,0.7294979658898013,1,-0.7294979658898013
8.208,0,0.7309198615136121,1,-0.7309198615136121
8.210000000000001,0,0.7323293502298903,1,-0.7323293502298903
8.212,0,0.7337264287553641,1,-0.7337264287553641
8.214,0,0.7351110940306935,1,-0.7351110940306935
8.215999999999999,0,0.7364833432187354,1,-0.7364833432187354
8.218,0,0.7378431737028175,1,-0.7378431737028175
8.220000000000001,0,0.7391905830850239,1,-0.7391905830850239
8.222,0,0.7405255691844901,1,-0.7405255691844901
8.224,0,0.7418481300357079,1,-0.7418481300357079
8.226000000000001,0,0.7431582638868414,1,-0.7431582638868414
8.228,0,0.7444559691980517,1,-0.7444559691980517
8.23,0,0.7457412446398327,1,-0.7457412446398327
8.231999999999999,0,0.7470140890913562,1,-0.7470140890913562
8.234,0,0.748274501638827,1,-0.748274501638827
8.236000000000001,0,0.7495224815738475,1,-0.7495224815738475
8.238,0,0.750758028391793,1,-0.750758028391793
8.24,0,0.7519811417901953,1,-0.7519811417901953
8.242000000000001,0,0.7531918216671375,1,-0.7531918216671375
8.244,0,0.754390068119657,1,-0.754390068119657
8.246,0,0.7555758814421591,1,-0.7555758814421591
8.247999999999999,0,0.7567492621248393,1,-0.7567492621248393
8.25,0,0.7579102108521155,1,-0.7579102108521155
8.252000000000001,0,0.7590587285010699,1,-0.7590587285010699
8.254,0,0.7601948161398993,1,-0.7601948161398993
8.256,0,0.7613184750263755,1,-0.7613184750263755
8.258000000000001,0,0.7624297066063149,1,-0.7624297066063149
8.26,0,0.7635285125120569,1,-0.7635285125120569
8.262,0,0.7646148945609514,1,-0.7646148945609514
8.263999999999999,0,0.7656888547538564,1,-0.7656888547538564
8.266,0,0.766750395273643,1,-0.766750395273643
8.268000000000001,0,0.7677995184837109,1,-0.7677995184837109
8.27,0,0.7688362269265122,1,-0.7688362269265122
8.272,0,0.7698605233220842,1,-0.7698605233220842
8.274000000000001,0,0.7708724105665907,1,-0.7708724105665907
8.276,0,0.7718718917308729,1,-0.7718718917308729
8.278,0,0.7728589700590083,1,-0.7728589700590083
8.279999999999999,0,0.7738336489668788,1,-0.7738336489668788
8.282,0,0.7747959320407473,1,-0.7747959320407473
8.284000000000001,0,0.7757458230358428,1,-0.7757458230358428
8.286,0,0.7766833258749546,1,-0.7766833258749546
8.288,0,0.777608444647034,1,-0.777608444647034
8.290000000000001,0,0.7785211836058059,1,-0.7785211836058059
8.292,0,0.7794215471683874,1,-0.7794215471683874
8.294,0,0.7803095399139159,1,-0.7803095399139159
8.295999999999999,0,0.7811851665821852,1,-0.7811851665821852
8.298,0,0.7820484320722894,1,-0.7820484320722894
8.300000000000001,0,0.7828993414412759,1,-0.7828993414412759
8.302,0,0.7837378999028062,1,-0.7837378999028062
8.304,0,0.7845641128258246,1,-0.7845641128258246
8.306000000000001,0,0.7853779857332357,1,-0.7853779857332357
8.308,0,0.7861795243005895,1,-0.7861795243005895
8.31,0,0.7869687343547743,1,-0.7869687343547743
8.311999999999999,0,0.7877456218727187,1,-0.7877456218727187
8.314,0,0.7885101929801001,1,-0.7885101929801001
8.316000000000001,0,0.7892624539500621,1,-0.7892624539500621
8.318,0,0.7900024112019399,1,-0.7900024112019399
8.32,0,0.7907300712999925,1,-0.7907300712999925
8.322000000000001,0,0.7914454409521436,1,-0.7914454409521436
8.324,0,0.7921485270087301,1,-0.7921485270087301
8.326000000000001,0,0.7928393364612578,1,-0.7928393364612578
8.327999999999999,0,0.7935178764411657,1,-0.7935178764411657
8.33,0,0.7941841542185968,1,-0.7941841542185968
8.332000000000001,0,0.7948381772011773,1,-0.7948381772011773
8.334,0,0.7954799529328033,1,-0.7954799529328033
8.336,0,0.7961094890924341,1,-0.7961094890924341
8.338000000000001,0,0.7967267934928942,1,-0.7967267934928942
8.34,0,0.7973318740796822,1,-0.7973318740796822
8.342000000000001,0,0.7979247389297865,1,-0.7979247389297865
8.343999999999999,0,0.7985053962505094,1,-0.7985053962505094
8.346,0,0.7990738543782976,1,-0.7990738543782976
8.348000000000001,0,0.7996301217775804,1,-0.7996301217775804
8.35,0,0.8001742070396152,1,-0.8001742070396152
8.352,0,0.8007061188813397,1,-0.8007061188813397
8.354000000000001,0,0.801225866144232,1,-0.801225866144232
8.356,0,0.801733457793177,1,-0.801733457793177
8.358000000000001,0,0.8022289029153401,1,-0.8022289029153401
8.359999999999999,0,0.8027122107190485,1,-0.8027122107190485
8.362,0,0.8031833905326787,1,-0.8031833905326787
8.364000000000001,0,0.8036424518035514,1,-0.8036424518035514
8.366,0,0.804089404096833,1,-0.804089404096833
8.368,0,0.8045242570944445,1,-0.8045242570944445
8.370000000000001,0,0.8049470205939766,1,-0.8049470205939766
8.372,0,0.805357704507612,1,-0.805357704507612
8.374000000000001,0,0.8057563188610545,1,-0.8057563188610545
8.375999999999999,0,0.8061428737924643,1,-0.8061428737924643
8.378,0,0.8065173795514009,1,-0.8065173795514009
8.380000000000001,0,0.8068798464977717,1,-0.8068798464977717
8.382,0,0.8072302851007876,1,-0.8072302851007876
8.384,0,0.807568705937926,1,-0.807568705937926
8.386000000000001,0,0.8078951196938982,1,-0.8078951196938982
8.388,0,0.808209537159626,1,-0.808209537159626
8.390000000000001,0,0.8085119692312227,1,-0.8085119692312227
8.391999999999999,0,0.8088024269089815,1,-0.8088024269089815
8.394,0,0.8090809212963701,1,-0.8090809212963701
8.396000000000001,0,0.8093474635990314,1,-0.8093474635990314
8.398,0,0.8096020651237912,1,-0.8096020651237912
8.4,0,0.8098447372776714,1,-0.8098447372776714
8.402000000000001,0,0.8100754915669102,1,-0.8100754915669102
8.404,0,0.8102943395959877,1,-0.8102943395959877
8.406000000000001,0,0.810501293066659,1,-0.810501293066659
8.407999999999999,0,0.8106963637769914,1,-0.8106963637769914
8.41,0,0.81087956362041,1,-0.81087956362041
8.412000000000001,0,0.8110509045847479,1,-0.8110509045847479
8.414,0,0.8112103987513032,1,-0.8112103987513032
8.416,0,0.8113580582939011,1,-0.8113580582939011
8.418000000000001,0,0.8114938954779634,1,-0.8114938954779634
8.42,0,0.8116179226595827,1,-0.8116179226595827
8.422000000000001,0,0.8117301522846032,1,-0.8117301522846032
8.423999999999999,0,0.8118305968877072,1,-0.8118305968877072
8.426,0,0.8119192690915075,1,-0.8119192690915075
8.428000000000001,0,0.8119961816056452,1,-0.8119961816056452
8.43,0,0.8120613472258946,1,-0.8120613472258946
8.432,0,0.8121147788332722,1,-0.8121147788332722
8.434000000000001,0,0.8121564893931522,1,-0.8121564893931522
8.436,0,0.8121864919543884,1,-0.8121864919543884
8.438000000000001,0,0.8122047996484403,1,-0.8122047996484403
8.44,0,0.812211425688506,1,-0.812211425688506
8.442,0,0.8122063833686605,1,-0.8122063833686605
8.444000000000001,0,0.8121896860629989,1,-0.8121896860629989
8.446,0,0.8121613472247862,1,-0.8121613472247862
8.448,0,0.8121213803856117,1,-0.8121213803856117
8.449999999999999,0,0.8120697991545495,1,-0.8120697991545495
8.452,0,0.812006617217324,1,-0.812006617217324
8.454000000000001,0,0.8119318483354815,1,-0.8119318483354815
8.456,0,0.8118455063455658,1,-0.8118455063455658
8.458,0,0.8117476051583014,1,-0.8117476051583014
8.460000000000001,0,0.8116381587577794,1,-0.8116381587577794
8.462,0,0.8115171812006513,1,-0.8115171812006513
8.464,0,0.8113846866153258,1,-0.8113846866153258
8.465999999999999,0,0.8112406892011725,1,-0.8112406892011725
8.468,0,0.81108520322773,1,-0.81108520322773
8.470000000000001,0,0.8109182430339194,1,-0.8109182430339194
8.472,0,0.8107398230272628,1,-0.8107398230272628
8.474,0,0.8105499576831074,1,-0.8105499576831074
8.476000000000001,0,0.8103486615438543,1,-0.8103486615438543
8.478,0,0.8101359492181921,1,-0.8101359492181921
8.48,0,0.8099118353803363,1,-0.8099118353803363
8.481999999999999,0,0.8096763347692731,1,-0.8096763347692731
8.484,0,0.8094294621880088,1,-0.8094294621880088
8.486000000000001,0,0.8091712325028232,1,-0.8091712325028232
8.488,0,0.8089016606425289,1,-0.8089016606425289
8.49,0,0.808620761597735,1,-0.808620761597735
8.492000000000001,0,0.808328550420116,1,-0.808328550420116
8.494,0,0.8080250422216851,1,-0.8080250422216851
8.496,0,0.8077102521740728,1,-0.8077102521740728
8.497999999999999,0,0.8073841955078098,1,-0.8073841955078098
8.5,0,0.8070468875116154,1,-0.8070468875116154
8.502000000000001,0,0.8066983435316896,1,-0.8066983435316896
8.504,0,0.8063385789710112,1,-0.8063385789710112
8.506,0,0.8059676092886396,1,-0.8059676092886396
8.508000000000001,0,0.8055854499990215,1,-0.8055854499990215
8.51,0,0.8051921166713022,1,-0.8051921166713022
8.512,0,0.8047876249286422,1,-0.8047876249286422
8.513999999999999,0,0.8043719904475373,1,-0.8043719904475373
8.516,0,0.803945228957144,1,-0.803945228957144
8.518000000000001,0,0.8035073562386095,1,-0.8035073562386095
8.52,0,0.8030583881244051,1,-0.8030583881244051
8.522,0,0.8025983404976661,1,-0.8025983404976661
8.524000000000001,0,0.8021272292915339,1,-0.8021272292915339
8.526,0,0.8016450704885044,1,-0.8016450704885044
8.528,0,0.8011518801197798,1,-0.8011518801197798
8.529999999999999,0,0.8006476742646248,1,-0.8006476742646248
8.532,0,0.8001324690497277,1,-0.8001324690497277
8.534000000000001,0,0.7996062806485653,1,-0.7996062806485653
8.536,0,0.7990691252807727,1,-0.7990691252807727
8.538,0,0.7985210192115165,1,-0.7985210192115165
8.540000000000001,0,0.7979619787508733,1,-0.7979619787508733
8.542,0,0.7973920202532114,1,-0.7973920202532114
8.544,0,0.796811160116578,1,-0.796811160116578
8.545999999999999,0,0.7962194147820891,1,-0.7962194147820891
8.548,0,0.7956168007333247,1,-0.7956168007333247
8.550000000000001,0,0.7950033344957278,1,-0.7950033344957278
8.552,0,0.7943790326360071,1,-0.7943790326360071
8.554,0,0.7937439117615446,1,-0.7937439117615446
8.556000000000001,0,0.7930979885198067,1,-0.7930979885198067
8.558,0,0.7924412795977596,1,-0.7924412795977596
8.56,0,0.7917738017212883,1,-0.7917738017212883
8.561999999999999,0,0.7910955716546204,1,-0.7910955716546204
8.564,0,0.7904066061997531,1,-0.7904066061997531
8.566000000000001,0,0.7897069221958847,1,-0.7897069221958847
8.568,0,0.7889965365188496,1,-0.7889965365188496
8.57,0,0.7882754660805578,1,-0.7882754660805578
8.572000000000001,0,0.7875437278284373,1,-0.7875437278284373
8.574,0,0.7868013387448818,1,-0.7868013387448818
8.576000000000001,0,0.786048315846701,1,-0.786048315846701
8.577999999999999,0,0.7852846761845751,1,-0.7852846761845751
8.58,0,0.7845104368425136,1,-0.7845104368425136
8.582000000000001,0,0.7837256149373171,1,-0.7837256149373171
8.584,0,0.7829302276180433,1,-0.7829302276180433
8.586,0,0.782124292065477,1,-0.782124292065477
8.588000000000001,0,0.7813078254916029,1,-0.7813078254916029
8.59,0,0.7804808451390836,1,-0.7804808451390836
8.592000000000001,0,0.7796433682807392,1,-0.7796433682807392
8.593999999999999,0,0.7787954122190329,1,-0.7787954122190329
8.596,0,0.7779369942855583,1,-0.7779369942855583
8.598000000000001,0,0.7770681318405314,1,-0.7770681318405314
8.6,0,0.7761888422722857,1,-0.7761888422722857
8.602,0,0.7752991429967713,1,-0.7752991429967713
8.604000000000001,0,0.7743990514570572,1,-0.7743990514570572
8.606,0,0.7734885851228371,1,-0.7734885851228371
8.608000000000001,0,0.7725677614899391,1,-0.7725677614899391
8.609999999999999,0,0.7716365980798383,1,-0.7716365980798383
8.612,0,0.7706951124391737,1,-0.7706951124391737
8.614000000000001,0,0.7697433221392674,1,-0.7697433221392674
8.616,0,0.7687812447756488,1,-0.7687812447756488
8.618,0,0.7678088979675805,1,-0.7678088979675805
8.620000000000001,0,0.7668262993575885,1,-0.7668262993575885
8.622,0,0.7658334666109964,1,-0.7658334666109964
8.624000000000001,0,0.7648304174154614,1,-0.7648304174154614
8.625999999999999,0,0.7638171694805149,1,-0.7638171694805149
8.628,0,0.7627937405371058,1,-0.7627937405371058
8.630000000000001,0,0.7617601483371473,1,-0.7617601483371473
8.632,0,0.7607164106530673,1,-0.7607164106530673
8.634,0,0.7596625452773611,1,-0.7596625452773611
8.636000000000001,0,0.7585985700221485,1,-0.7585985700221485
8.638,0,0.7575245027187333,1,-0.7575245027187333
8.640000000000001,0,0.7564403612171663,1,-0.7564403612171663
8.641999999999999,0,0.7553461633858115,1,-0.7553461633858115
8.644,0,0.7542419271109154,1,-0.7542419271109154
8.646000000000001,0,0.7531276702961797,1,-0.7531276702961797
8.648,0,0.7520034108623364,1,-0.7520034108623364
8.65,0,0.750869166746727,1,-0.750869166746727
8.652000000000001,0,0.7497249559028841,1,-0.7497249559028841
8.654,0,0.7485707963001162,1,-0.7485707963001162
8.656000000000001,0,0.7474067059230959,1,-0.7474067059230959
8.657999999999999,0,0.7462327027714504,1,-0.7462327027714504
8.66,0,0.7450488048593561,1,-0.7450488048593561
8.662000000000001,0,0.7438550302151351,1,-0.7438550302151351
8.664,0,0.7426513968808555,1,-0.7426513968808555
8.666,0,0.741437922911934,1,-0.741437922911934
8.668000000000001,0,0.7402146263767423,1,-0.7402146263767423
8.67,0,0.7389815253562154,1,-0.7389815253562154
8.672000000000001,0,0.7377386379434638,1,-0.7377386379434638
8.673999999999999,0,0.736485982243388,1,-0.736485982243388
8.676,0,0.7352235763722957,1,-0.7352235763722957
8.678000000000001,0,0.7339514384575228,1,-0.7339514384575228
8.68,0,0.7326695866370561,1,-0.7326695866370561
8.682,0,0.7313780390591599,1,-0.7313780390591599
8.684000000000001,0,0.7300768138820044,1,-0.7300768138820044
8.686,0,0.7287659292732978,1,-0.7287659292732978
8.688000000000001,0,0.7274454034099203,1,-0.7274454034099203
8.69,0,0.7261152544775619,1,-0.7261152544775619
8.692,0,0.724775500670362,1,-0.724775500670362
8.694000000000001,0,0.7234261601905525,1,-0.7234261601905525
8.696,0,0.7220672512481027,1,-0.7220672512481027
8.698,0,0.7206987920603679,1,-0.7206987920603679
8.700000000000001,0,0.7193208008517402,1,-0.7193208008517402
8.702,0,0.7179332958533017,1,-0.7179332958533017
8.704000000000001,0,0.7165362953024809,1,-0.7165362953024809
8.706,0,0.7151298174427115,1,-0.7151298174427115
8.708,0,0.7137138805230939,1,-0.7137138805230939
8.710000000000001,0,0.712288502798059,1,-0.712288502798059
8.712,0,0.7108537025270347,1,-0.7108537025270347
8.714,0,0.7094094979741158,1,-0.7094094979741158
8.715999999999999,0,0.7079559074077347,1,-0.7079559074077347
8.718,0,0.7064929491003368,1,-0.7064929491003368
8.720000000000001,0,0.7050206413280565,1,-0.7050206413280565
8.722,0,0.703539002370397,1,-0.703539002370397
8.724,0,0.702048050509912,1,-0.702048050509912
8.726000000000001,0,0.7005478040318901,1,-0.7005478040318901
8.728,0,0.6990382812240414,1,-0.6990382812240414
8.73,0,0.6975195003761872,1,-0.6975195003761872
8.731999999999999,0,0.6959914797799512,1,-0.6959914797799512
8.734,0,0.6944542377284542,1,-0.6944542377284542
8.736000000000001,0,0.69290779251601,1,-0.69290779251601
8.738,0,0.6913521624378248,1,-0.6913521624378248
8.74,0,0.6897873657896987,1,-0.6897873657896987
8.742000000000001,0,0.6882134208677287,1,-0.6882134208677287
8.744,0,0.6866303459680156,1,-0.6866303459680156
8.746,0,0.6850381593863717,1,-0.6850381593863717
8.747999999999999,0,0.6834368794180319,1,-0.6834368794180319
8.75,0,0.6818265243573668,1,-0.6818265243573668
8.752000000000001,0,0.6802071124975978,1,-0.6802071124975978
8.754,0,0.6785786621305149,1,-0.6785786621305149
8.756,0,0.6769411915461965,1,-0.6769411915461965
8.758000000000001,0,0.6752947190327317,1,-0.6752947190327317
8.76,0,0.6736392628759448,1,-0.6736392628759448
8.762,0,0.6719748413591212,1,-0.6719748413591212
8.763999999999999,0,0.6703014727627375,1,-0.6703014727627375
8.766,0,0.6686191753641916,1,-0.6686191753641916
8.768000000000001,0,0.6669279674375361,1,-0.6669279674375361
8.77,0,0.6652278672532144,1,-0.6652278672532144
8.772,0,0.6635188930777971,1,-0.6635188930777971
8.774000000000001,0,0.6618010631737231,1,-0.6618010631737231
8.776,0,0.6600743957990405,1,-0.6600743957990405
8.778,0,0.6583389092071509,1,-0.6583389092071509
8.779999999999999,0,0.6565946216465559,1,-0.6565946216465559
8.782,0,0.6548415513606048,1,-0.6548415513606048
8.784000000000001,0,0.6530797165872453,1,-0.6530797165872453
8.786,0,0.6513091355587756,1,-0.6513091355587756
8.788,0,0.6495298265015991,1,-0.6495298265015991
8.790000000000001,0,0.6477418076359809,1,-0.6477418076359809
8.792,0,0.6459450971758063,1,-0.6459450971758063
8.794,0,0.6441397133283411,1,-0.6441397133283411
8.795999999999999,0,0.6423256742939948,1,-0.6423256742939948
8.798,0,0.6405029982660846,1,-0.6405029982660846
8.800000000000001,0,0.6386717034306022,1,-0.6386717034306022
8.802,0,0.6368318079659826,1,-0.6368318079659826
8.804,0,0.6349833300428741,1,-0.6349833300428741
8.806000000000001,0,0.6331262878239113,1,-0.6331262878239113
8.808,0,0.6312606994634893,1,-0.6312606994634893
8.81,0,0.6293865831075396,1,-0.6293865831075396
8.811999999999999,0,0.6275039568933093,1,-0.6275039568933093
8.814,0,0.6256128389491404,1,-0.6256128389491404
8.816000000000001,0,0.6237132473942525,1,-0.6237132473942525
8.818,0,0.6218052003385262,1,-0.6218052003385262
8.82,0,0.6198887158822891,1,-0.6198887158822891
8.822000000000001,0,0.6179638121161037,1,-0.6179638121161037
8.824,0,0.6160305071205567,1,-0.6160305071205567
8.826000000000001,0,0.6140888189660504,1,-0.6140888189660504
8.827999999999999,0,0.6121387657125957,1,-0.6121387657125957
8.83,0,0.6101803654096075,1,-0.6101803654096075
8.832000000000001,0,0.6082136360957011,1,-0.6082136360957011
8.834,0,0.6062385957984909,1,-0.6062385957984909
8.836,0,0.604255262534391,1,-0.604255262534391
8.838000000000001,0,0.6022636543084169,1,-0.6022636543084169
8.84,0,0.6002637891139898,1,-0.6002637891139898
8.842000000000001,0,0.5982556849327419,1,-0.5982556849327419
8.843999999999999,0,0.5962393597343243,1,-0.5962393597343243
8.846,0,0.5942148314762152,1,-0.5942148314762152
8.848000000000001,0,0.5921821181035318,1,-0.5921821181035318
8.85,0,0.590141237548842,1,-0.590141237548842
8.852,0,0.5880922077319788,1,-0.5880922077319788
8.854000000000001,0,0.5860350465598566,1,-0.5860350465598566
8.856,0,0.5839697719262883,1,-0.5839697719262883
8.858000000000001,0,0.5818964017118047,1,-0.5818964017118047
8.859999999999999,0,0.5798149537834754,1,-0.5798149537834754
8.862,0,0.5777254459947313,1,-0.5777254459947313
8.864000000000001,0,0.5756278961851889,1,-0.5756278961851889
8.866,0,0.5735223221804759,1,-0.5735223221804759
8.868,0,0.5714087417920586,1,-0.5714087417920586
8.870000000000001,0,0.5692871728170709,1,-0.5692871728170709
8.872,0,0.567157633038145,1,-0.567157633038145
8.874000000000001,0,0.5650201402232436,1,-0.5650201402232436
8.875999999999999,0,0.5628747121254934,1,-0.5628747121254934
8.878,0,0.5607213664830205,1,-0.5607213664830205
8.880000000000001,0,0.5585601210187874,1,-0.5585601210187874
8.882,0,0.556390993440431,1,-0.556390993440431
8.884,0,0.554214001440103,1,-0.554214001440103
8.886000000000001,0,0.5520291626943113,1,-0.5520291626943113
8.888,0,0.5498364948637625,1,-0.5498364948637625
8.890000000000001,0,0.5476360155932066,1,-0.5476360155932066
8.891999999999999,0,0.5454277425112832,1,-0.5454277425112832
8.894,0,0.5432116932303688,1,-0.5432116932303688
8.896000000000001,0,0.5409878853464253,1,-0.5409878853464253
8.898,0,0.538756336438851,1,-0.538756336438851
8.9,0,0.5365170640703323,1,-0.5365170640703323
8.902000000000001,0,0.5342700857866964,1,-0.5342700857866964
8.904,0,0.532015419116767,1,-0.532015419116767
8.906000000000001,0,0.5297530815722195,1,-0.5297530815722195
8.907999999999999,0,0.527483090647439,1,-0.527483090647439
8.91,0,0.5252054638193796,1,-0.5252054638193796
8.912000000000001,0,0.522920218547424,1,-0.522920218547424
8.914,0,0.5206273722732461,1,-0.5206273722732461
8.916,0,0.5183269424206735,1,-0.5183269424206735
8.918000000000001,0,0.5160189463955522,1,-0.5160189463955522
8.92,0,0.5137034015856131,1,-0.5137034015856131
8.922000000000001,0,0.5113803253603382,1,-0.5113803253603382
8.923999999999999,0,0.50904973507083,1,-0.50904973507083
8.926,0,0.5067116480496811,1,-0.5067116480496811
8.928000000000001,0,0.5043660816108455,1,-0.5043660816108455
8.93,0,0.5020130530495116,1,-0.5020130530495116
8.932,0,0.4996525796419753,1,-0.4996525796419753
8.934000000000001,0,0.4972846786455161,1,-0.4972846786455161
8.936,0,0.4949093672982727,1,-0.4949093672982727
8.938000000000001,0,0.4925266628191218,1,-0.4925266628191218
8.94,0,0.4901365824075564,1,-0.4901365824075564
8.942,0,0.4877391432435665,1,-0.4877391432435665
8.944000000000001,0,0.4853343624875206,1,-0.4853343624875206
8.946,0,0.4829222572800487,1,-0.4829222572800487
8.948,0,0.4805028447419264,1,-0.4805028447419264
8.950000000000001,0,0.47807614197396,1,-0.47807614197396
8.952,0,0.4756421660568736,1,-0.4756421660568736
8.954000000000001,0,0.4732009340511963,1,-0.4732009340511963
8.956,0,0.4707524629971518,1,-0.4707524629971518
8.958,0,0.4682967699145483,1,-0.4682967699145483
8.960000000000001,0,0.4658338718026702,1,-0.4658338718026702
8.962,0,0.4633637856401703,1,-0.4633637856401703
8.964,0,0.4608865283849642,1,-0.4608865283849642
8.965999999999999,0,0.4584021169741246,1,-0.4584021169741246
8.968,0,0.4559105683237783,1,-0.4559105683237783
8.970000000000001,0,0.4534118993290027,1,-0.4534118993290027
8.972,0,0.4509061268637249,1,-0.4509061268637249
8.974,0,0.448393267780621,1,-0.448393267780621
8.976000000000001,0,0.4458733389110169,1,-0.4458733389110169
8.978,0,0.4433463570647902,1,-0.4433463570647902
8.98,0,0.4408123390302734,1,-0.4408123390302734
8.981999999999999,0,0.4382713015741577,1,-0.4382713015741577
8.984,0,0.4357232614413986,1,-0.4357232614413986
8.986000000000001,0,0.433168235355122,1,-0.433168235355122
8.988,0,0.4306062400165316,1,-0.4306062400165316
8.99,0,0.4280372921048177,1,-0.4280372921048177
8.992000000000001,0,0.4254614082770665,1,-0.4254614082770665
8.994,0,0.4228786051681711,1,-0.4228786051681711
8.996,0,0.4202888993907427,1,-0.4202888993907427
8.997999999999999,0,0.4176923075350241,1,-0.4176923075350241
9,0,0.415088846168803,1,-0.415088846168803
9.002000000000001,0,0.4124785318373273,1,-0.4124785318373273
9.004,0,0.4098613810632206,1,-0.4098613810632206
9.006,0,0.4072374103463996,1,-0.4072374103463996
9.008000000000001,0,0.4046066361639917,1,-0.4046066361639917
9.01,0,0.4019690749702542,1,-0.4019690749702542
9.012,0,0.3993247431964946,1,-0.3993247431964946
9.013999999999999,0,0.3966736572509909,1,-0.3966736572509909
9.016,0,0.3940158335189142,1,-0.3940158335189142
9.018000000000001,0,0.3913512883622517,1,-0.3913512883622517
9.02,0,0.3886800381197302,1,-0.3886800381197302
9.022,0,0.3860020991067417,1,-0.3860020991067417
9.024000000000001,0,0.3833174876152688,1,-0.3833174876152688
9.026,0,0.3806262199138118,1,-0.3806262199138118
9.028,0,0.3779283122473168,1,-0.3779283122473168
9.029999999999999,0,0.3752237808371039,1,-0.3752237808371039
9.032,0,0.3725126418807976,1,-0.3725126418807976
9.034000000000001,0,0.3697949115522571,1,-0.3697949115522571
9.036,0,0.3670706060015079,1,-0.3670706060015079
9.038,0,0.3643397413546745,1,-0.3643397413546745
9.040000000000001,0,0.3616023337139139,1,-0.3616023337139139
9.042,0,0.3588583991573498,1,-0.3588583991573498
9.044,0,0.3561079537390079,1,-0.3561079537390079
9.045999999999999,0,0.3533510134887523,1,-0.3533510134887523
9.048,0,0.3505875944122219,1,-0.3505875944122219
9.050000000000001,0,0.3478177124907695,1,-0.3478177124907695
9.052,0,0.3450413836813996,1,-0.3450413836813996
9.054,0,0.3422586239167086,1,-0.3422586239167086
9.056000000000001,0,0.3394694491048251,1,-0.3394694491048251
9.058,0,0.3366738751293518,1,-0.3366738751293518
9.06,0,0.3338719178493074,1,-0.3338719178493074
9.061999999999999,0,0.3310635930990699,1,-0.3310635930990699
9.064,0,0.3282489166883204,1,-0.3282489166883204
9.066000000000001,0,0.3254279044019884,1,-0.3254279044019884
9.068,0,0.3226005720001971,1,-0.3226005720001971
9.07,0,0.31976693521821,1,-0.31976693521821
9.072000000000001,0,0.3169270097663781,1,-0.3169270097663781
9.074,0,0.3140808113300883,1,-0.3140808113300883
9.076000000000001,0,0.3112283555697122,1,-0.3112283555697122
9.077999999999999,0,0.3083696581205559,1,-0.3083696581205559
9.08,0,0.3055047345928104,1,-0.3055047345928104
9.082000000000001,0,0.3026336005715033,1,-0.3026336005715033
9.084,0,0.2997562716164505,1,-0.2997562716164505
9.086,0,0.2968727632622094,1,-0.2968727632622094
9.088000000000001,0,0.2939830910180327,1,-0.2939830910180327
9.09,0,0.2910872703678227,1,-0.2910872703678227
9.092000000000001,0,0.2881853167700863,1,-0.2881853167700863
9.093999999999999,0,0.2852772456578915,1,-0.2852772456578915
9.096,0,0.282363072438824,1,-0.282363072438824
9.098000000000001,0,0.2794428124949443,1,-0.2794428124949443
9.1,0,0.2765164811827467,1,-0.2765164811827467
9.102,0,0.2735840938331176,1,-0.2735840938331176
9.104000000000001,0,0.2706456657512955,1,-0.2706456657512955
9.106,0,0.2677012122168316,1,-0.2677012122168316
9.108000000000001,0,0.2647507484835507,1,-0.2647507484835507
9.109999999999999,0,0.2617942897795134,1,-0.2617942897795134
9.112,0,0.2588318513069785,1,-0.2588318513069785
9.114000000000001,0,0.2558634482423664,1,-0.2558634482423664
9.116,0,0.2528890957362231,1,-0.2528890957362231
9.118,0,0.2499088089131849,1,-0.2499088089131849
9.120000000000001,0,0.246922602871944,1,-0.246922602871944
9.122,0,0.2439304926852143,1,-0.2439304926852143
9.124000000000001,0,0.2409324933996986,1,-0.2409324933996986
9.125999999999999,0,0.2379286200360556,1,-0.2379286200360556
9.128,0,0.2349188875888685,1,-0.2349188875888685
9.130000000000001,0,0.2319033110266135,1,-0.2319033110266135
9.132,0,0.2288819052916294,1,-0.2288819052916294
9.134,0,0.2258546853000878,1,-0.2258546853000878
9.136000000000001,0,0.2228216659419637,1,-0.2228216659419637
9.138,0,0.2197828620810074,1,-0.2197828620810074
9.140000000000001,0,0.2167382885547158,1,-0.2167382885547158
9.141999999999999,0,0.213687960174306,1,-0.213687960174306
9.144,0,0.2106318917246882,1,-0.2106318917246882
9.146000000000001,0,0.2075700979644395,1,-0.2075700979644395
9.148,0,0.2045025936257791,1,-0.2045025936257791
9.15,0,0.2014293934145433,1,-0.2014293934145433
9.152000000000001,0,0.198350512010161,1,-0.198350512010161
9.154,0,0.1952659640656307,1,-0.1952659640656307
9.156000000000001,0,0.1921757642074975,1,-0.1921757642074975
9.157999999999999,0,0.1890799270358304,1,-0.1890799270358304
9.16,0,0.1859784671242012,1,-0.1859784671242012
9.162000000000001,0,0.1828713990196627,1,-0.1828713990196627
9.164,0,0.1797587372427288,1,-0.1797587372427288
9.166,0,0.1766404962873543,1,-0.1766404962873543
9.168000000000001,0,0.1735166906209155,1,-0.1735166906209155
9.17,0,0.1703873346841913,1,-0.1703873346841913
9.172000000000001,0,0.1672524428913456,1,-0.1672524428913456
9.173999999999999,0,0.1641120296299088,1,-0.1641120296299088
9.176,0,0.1609661092607614,1,-0.1609661092607614
9.178000000000001,0,0.1578146961181173,1,-0.1578146961181173
9.18,0,0.1546578045095077,1,-0.1546578045095077
9.182,0,0.1514954487157659,1,-0.1514954487157659
9.184000000000001,0,0.1483276429910124,1,-0.1483276429910124
9.186,0,0.1451544015626405,1,-0.1451544015626405
9.188000000000001,0,0.1419757386313026,1,-0.1419757386313026
9.19,0,0.138791668370897,1,-0.138791668370897
9.192,0,0.1356022049285552,1,-0.1356022049285552
9.194000000000001,0,0.1324073624246296,1,-0.1324073624246296
9.196,0,0.1292071549526822,1,-0.1292071549526822
9.198,0,0.1260015965794729,1,-0.1260015965794729
9.200000000000001,0,0.1227907013449494,1,-0.1227907013449494
9.202,0,0.1195744832622369,1,-0.1195744832622369
9.204000000000001,0,0.1163529563176285,1,-0.1163529563176285
9.206,0,0.1131261344705763,1,-0.1131261344705763
9.208,0,0.1098940316536824,1,-0.1098940316536824
9.210000000000001,0,0.1066566617726912,1,-0.1066566617726912
9.212,0,0.1034140387064817,1,-0.1034140387064817
9.214,0,0.1001661763070601,1,-0.1001661763070601
9.216000000000001,0,0.09691308839955384,1,-0.09691308839955384
9.218,0,0.09365478878220473,1,-0.09365478878220473
9.220000000000001,0,0.09039129122636372,1,-0.09039129122636372
9.222,0,0.08712260947648554,1,-0.08712260947648554
9.224,0,0.08384875725012406,1,-0.08384875725012406
9.226000000000001,0,0.08056974823792797,1,-0.08056974823792797
9.228,0,0.07728559610363703,1,-0.07728559610363703
9.23,0,0.07399631448407872,1,-0.07399631448407872
9.231999999999999,0,0.07070191698916534,1,-0.07070191698916534
9.234,0,0.06740241720189162,1,-0.06740241720189162
9.236000000000001,0,0.06409782867833272,1,-0.06409782867833272
9.238,0,0.06078816494764269,1,-0.06078816494764269
9.24,0,0.05747343951205339,1,-0.05747343951205339
9.242000000000001,0,0.05415366584687384,1,-0.05415366584687384
9.244,0,0.05082885740048997,1,-0.05082885740048997
9.246,0,0.04749902759436487,1,-0.04749902759436487
9.247999999999999,0,0.04416418982303939,1,-0.04416418982303939
9.25,0,0.04082435745413324,1,-0.04082435745413324
9.252000000000001,0,0.03747954382834641,1,-0.03747954382834641
9.254,0,0.03412976225946115,1,-0.03412976225946115
9.256,0,0.03077502603434422,1,-0.03077502603434422
9.258000000000001,0,0.02741534841294964,1,-0.02741534841294964
9.26,0,0.02405074262832181,1,-0.02405074262832181
9.262,0,0.02068122188659906,1,-0.02068122188659906
9.263999999999999,0,0.01730679936701755,1,-0.01730679936701755
9.266,0,0.01392748822191566,1,-0.01392748822191566
9.268000000000001,0,0.01054330157673866,1,-0.01054330157673866
9.27,0,0.007154252530043859,1,-0.007154252530043859
9.272,0,0.003760354153506094,1,-0.003760354153506094
9.274000000000001,0,0.0003616194919236326,1,-0.0003616194919236326
9.276,0,-0.003041925103442229,-1,0.003041925103442229
9.278,0,-0.006450147191626098,-1,0.006450147191626098
9.279999999999999,0,-0.009862875489490764,-1,0.009862875489490764
9.282,0,-0.01327994002468142,-1,0.01327994002468142
9.284000000000001,0,-0.01670117211009454,-1,0.01670117211009454
9.286,0,-0.02012640433632511,-1,0.02012640433632511
9.288,0,-0.02355547056415364,-1,0.02355547056415364
9.290000000000001,0,-0.02698820591707291,-1,0.02698820591707291
9.292,0,-0.030424446773854,-1,0.030424446773854
9.294,0,-0.03386403076115165,-1,0.03386403076115165
9.295999999999999,0,-0.03730679674614863,-1,0.03730679674614863
9.298,0,-0.0407525848292389,-1,0.0407525848292389
9.300000000000001,0,-0.04420123633674953,-1,0.04420123633674953
9.302,0,-0.04765259381370094,-1,0.04765259381370094
9.304,0,-0.05110650101660552,-1,0.05110650101660552
9.306000000000001,0,-0.05456280290630426,-1,0.05456280290630426
9.308,0,-0.05802134564084129,-1,0.05802134564084129
9.31,0,-0.0614819765683761,-1,0.0614819765683761
9.311999999999999,0,-0.06494454422013329,-1,0.06494454422013329
9.314,0,-0.06840889830338966,-1,0.06840889830338966
9.316000000000001,0,-0.07187488969449835,-1,0.07187488969449835
9.318,0,-0.07534237043195006,-1,0.07534237043195006
9.32,0,-0.07881119370947096,-1,0.07881119370947096
9.322000000000001,0,-0.08228121386915717,-1,0.08228121386915717
9.324,0,-0.08575228639464572,-1,0.08575228639464572
9.326000000000001,0,-0.08922426790432164,-1,0.08922426790432164
9.327999999999999,0,-0.09269701614456122,-1,0.09269701614456122
9.33,0,-0.09617038998301096,-1,0.09617038998301096
9.332000000000001,0,-0.09964424940190238,-1,0.09964424940190238
9.334,0,-0.1031184554914022,-1,0.1031184554914022
9.336,0,-0.1065928704429979,-1,0.1065928704429979
9.338000000000001,0,-0.1100673575429185,-1,0.1100673575429185
9.34,0,-0.1135417811655903,-1,0.1135417811655903
9.342000000000001,0,-0.1170160067671272,-1,0.1170160067671272
9.343999999999999,0,-0.1204899008788559,-1,0.1204899008788559
9.346,0,-0.1239633311008756,-1,0.1239633311008756
9.348000000000001,0,-0.1274361660956519,-1,0.1274361660956519
9.35,0,-0.1309082755816444,-1,0.1309082755816444
9.352,0,-0.1343795303269693,-1,0.1343795303269693
9.354000000000001,0,-0.1378498021430944,-1,0.1378498021430944
9.356,0,-0.1413189638785689,-1,0.1413189638785689
9.358000000000001,0,-0.144786889412786,-1,0.144786889412786
9.359999999999999,0,-0.148253453649779,-1,0.148253453649779
9.362,0,-0.1517185325120501,-1,0.1517185325120501
9.364000000000001,0,-0.1551820029344329,-1,0.1551820029344329
9.366,0,-0.1586437428579872,-1,0.1586437428579872
9.368,0,-0.162103631223926,-1,0.162103631223926
9.370000000000001,0,-0.1655615479675759,-1,0.1655615479675759
9.372,0,-0.1690173740123692,-1,0.1690173740123692
9.374000000000001,0,-0.1724709912638679,-1,0.1724709912638679
9.375999999999999,0,-0.1759222826038204,-1,0.1759222826038204
9.378,0,-0.1793711318842492,-1,0.1793711318842492
9.380000000000001,0,-0.182817423921571,-1,0.182817423921571
9.382,0,-0.1862610444907475,-1,0.1862610444907475
9.384,0,-0.1897018803194683,-1,0.1897018803194683
9.386000000000001,0,-0.1931398190823644,-1,0.1931398190823644
9.388,0,-0.196574749395253,-1,0.196574749395253
9.390000000000001,0,-0.200006560809413,-1,0.200006560809413
9.391999999999999,0,-0.2034351438058914,-1,0.2034351438058914
9.394,0,-0.2068603897898401,-1,0.2068603897898401
9.396000000000001,0,-0.2102821910848831,-1,0.2102821910848831
9.398,0,-0.2137004409275139,-1,0.2137004409275139
9.4,0,-0.2171150334615236,-1,0.2171150334615236
9.402000000000001,0,-0.2205258637324574,-1,0.2205258637324574
9.404,0,-0.2239328276821031,-1,0.2239328276821031
9.406000000000001,0,-0.227335822143007,-1,0.227335822143007
9.407999999999999,0,-0.2307347448330211,-1,0.2307347448330211
9.41,0,-0.2341294943498785,-1,0.2341294943498785
9.412000000000001,0,-0.2375199701657986,-1,0.2375199701657986
9.414,0,-0.240906072622121,-1,0.240906072622121
9.416,0,-0.2442877029239684,-1,0.2442877029239684
9.418000000000001,0,-0.2476647631349386,-1,0.2476647631349386
9.42,0,-0.2510371561718245,-1,0.2510371561718245
9.422000000000001,0,-0.2544047857993632,-1,0.2544047857993632
9.423999999999999,0,-0.2577675566250127,-1,0.2577675566250127
9.426,0,-0.2611253740937579,-1,0.2611253740937579
9.428000000000001,0,-0.264478144482943,-1,0.264478144482943
9.43,0,-0.2678257748971339,-1,0.2678257748971339
9.432,0,-0.2711681732630064,-1,0.2711681732630064
9.434000000000001,0,-0.2745052483242628,-1,0.2745052483242628
9.436,0,-0.2778369096365767,-1,0.2778369096365767
9.438000000000001,0,-0.281163067562564,-1,0.281163067562564
9.44,0,-0.2844836332667817,-1,0.2844836332667817
9.442,0,-0.2877985187107536,-1,0.2877985187107536
9.444000000000001,0,-0.2911076366480231,-1,0.2911076366480231
9.446,0,-0.2944109006192327,-1,0.2944109006192327
9.448,0,-0.2977082249472299,-1,0.2977082249472299
9.450000000000001,0,-0.3009995247322003,-1,0.3009995247322003
9.452,0,-0.3042847158468263,-1,0.3042847158468263
9.454000000000001,0,-0.3075637149314728,-1,0.3075637149314728
9.456,0,-0.3108364393893984,-1,0.3108364393893984
9.458,0,-0.3141028073819928,-1,0.3141028073819928
9.460000000000001,0,-0.3173627378240406,-1,0.3173627378240406
9.462,0,-0.3206161503790097,-1,0.3206161503790097
9.464,0,-0.3238629654543667,-1,0.3238629654543667
9.466000000000001,0,-0.3271031041969166,-1,0.3271031041969166
9.468,0,-0.3303364884881682,-1,0.3303364884881682
9.470000000000001,0,-0.3335630409397253,-1,0.3335630409397253
9.472,0,-0.3367826848887022,-1,0.3367826848887022
9.474,0,-0.3399953443931643,-1,0.3399953443931643
9.476000000000001,0,-0.3432009442275942,-1,0.3432009442275942
9.478,0,-0.3463994098783817,-1,0.3463994098783817
9.48,0,-0.3495906675393389,-1,0.3495906675393389
9.481999999999999,0,-0.3527746441072393,-1,0.3527746441072393
9.484,0,-0.3559512671773818,-1,0.3559512671773818
9.486000000000001,0,-0.3591204650391787,-1,0.3591204650391787
9.488,0,-0.3622821666717674,-1,0.3622821666717674
9.49,0,-0.3654363017396468,-1,0.3654363017396468
9.492000000000001,0,-0.3685828005883366,-1,0.3685828005883366
9.494,0,-0.3717215942400618,-1,0.3717215942400618
9.496,0,-0.3748526143894589,-1,0.3748526143894589
9.497999999999999,0,-0.3779757933993072,-1,0.3779757933993072
9.5,0,-0.3810910642962828,-1,0.3810910642962828
9.502000000000001,0,-0.3841983607667357,-1,0.3841983607667357
9.504,0,-0.3872976171524903,-1,0.3872976171524903
9.506,0,-0.3903887684466692,-1,0.3903887684466692
9.508000000000001,0,-0.393471750289539,-1,0.393471750289539
9.51,0,-0.3965464989643797,-1,0.3965464989643797
9.512,0,-0.3996129513933768,-1,0.3996129513933768
9.513999999999999,0,-0.4026710451335353,-1,0.4026710451335353
9.516,0,-0.4057207183726165,-1,0.4057207183726165
9.518000000000001,0,-0.4087619099250975,-1,0.4087619099250975
9.52,0,-0.4117945592281519,-1,0.4117945592281519
9.522,0,-0.4148186063376539,-1,0.4148186063376539
9.524000000000001,0,-0.4178339919242035,-1,0.4178339919242035
9.526,0,-0.4208406572691735,-1,0.4208406572691735
9.528,0,-0.4238385442607788,-1,0.4238385442607788
9.529999999999999,0,-0.4268275953901674,-1,0.4268275953901674
9.532,0,-0.429807753747532,-1,0.429807753747532
9.534000000000001,0,-0.4327789630182442,-1,0.4327789630182442
9.536,0,-0.4357411674790094,-1,0.4357411674790094
9.538,0,-0.4386943119940427,-1,0.4386943119940427
9.540000000000001,0,-0.4416383420112667,-1,0.4416383420112667
9.542,0,-0.4445732035585296,-1,0.4445732035585296
9.544,0,-0.4474988432398443,-1,0.4474988432398443
9.545999999999999,0,-0.4504152082316486,-1,0.4504152082316486
9.548,0,-0.4533222462790856,-1,0.4533222462790856
9.550000000000001,0,-0.4562199056923052,-1,0.4562199056923052
9.552,0,-0.459108135342786,-1,0.459108135342786
9.554,0,-0.4619868846596767,-1,0.4619868846596767
9.556000000000001,0,-0.4648561036261591,-1,0.4648561036261591
9.558,0,-0.4677157427758304,-1,0.4677157427758304
9.56,0,-0.4705657531891056,-1,0.4705657531891056
9.561999999999999,0,-0.47340608648964,-1,0.47340608648964
9.564,0,-0.4762366948407718,-1,0.4762366948407718
9.566000000000001,0,-0.479057530941984,-1,0.479057530941984
9.568,0,-0.4818685480253862,-1,0.4818685480253862
9.57,0,-0.4846696998522158,-1,0.4846696998522158
9.572000000000001,0,-0.4874609407093589,-1,0.4874609407093589
9.574,0,-0.4902422254058901,-1,0.4902422254058901
9.576000000000001,0,-0.4930135092696322,-1,0.4930135092696322
9.577999999999999,0,-0.4957747481437343,-1,0.4957747481437343
9.58,0,-0.4985258983832698,-1,0.4985258983832698
9.582000000000001,0,-0.5012669168518521,-1,0.5012669168518521
9.584,0,-0.5039977609182708,-1,0.5039977609182708
9.586,0,-0.5067183884531452,-1,0.5067183884531452
9.588000000000001,0,-0.5094287578255975,-1,0.5094287578255975
9.59,0,-0.5121288278999436,-1,0.5121288278999436
9.592000000000001,0,-0.5148185580324035,-1,0.5148185580324035
9.593999999999999,0,-0.5174979080678288,-1,0.5174979080678288
9.596,0,-0.5201668383364497,-1,0.5201668383364497
9.598000000000001,0,-0.5228253096506394,-1,0.5228253096506394
9.6,0,-0.5254732833016972,-1,0.5254732833016972
9.602,0,-0.5281107210566484,-1,0.5281107210566484
9.604000000000001,0,-0.530737585155064,-1,0.530737585155064
9.606,0,-0.5333538383058963,-1,0.5333538383058963
9.608000000000001,0,-0.5359594436843339,-1,0.5359594436843339
9.609999999999999,0,-0.5385543649286728,-1,0.5385543649286728
9.612,0,-0.5411385661372062,-1,0.5411385661372062
9.614000000000001,0,-0.5437120118651314,-1,0.5437120118651314
9.616,0,-0.5462746671214735,-1,0.5462746671214735
9.618,0,-0.5488264973660275,-1,0.5488264973660275
9.620000000000001,0,-0.5513674685063167,-1,0.5513674685063167
9.622,0,-0.5538975468945683,-1,0.5538975468945683
9.624000000000001,0,-0.5564166993247064,-1,0.5564166993247064
9.625999999999999,0,-0.5589248930293618,-1,0.5589248930293618
9.628,0,-0.5614220956768982,-1,0.5614220956768982
9.630000000000001,0,-0.5639082753684556,-1,0.5639082753684556
9.632,0,-0.5663834006350105,-1,0.5663834006350105
9.634,0,-0.5688474404344521,-1,0.5688474404344521
9.636000000000001,0,-0.5713003641486756,-1,0.5713003641486756
9.638,0,-0.573742141580691,-1,0.573742141580691
9.640000000000001,0,-0.5761727429517499,-1,0.5761727429517499
9.641999999999999,0,-0.5785921388984866,-1,0.5785921388984866
9.644,0,-0.5810003004700763,-1,0.5810003004700763
9.646000000000001,0,-0.58339719912541,-1,0.58339719912541
9.648,0,-0.5857828067302837,-1,0.5857828067302837
9.65,0,-0.5881570955546054,-1,0.5881570955546054
9.652000000000001,0,-0.5905200382696163,-1,0.5905200382696163
9.654,0,-0.5928716079451289,-1,0.5928716079451289
9.656000000000001,0,-0.5952117780467803,-1,0.5952117780467803
9.657999999999999,0,-0.5975405224333007,-1,0.5975405224333007
9.66,0,-0.5998578153537983,-1,0.5998578153537983
9.662000000000001,0,-0.6021636314450588,-1,0.6021636314450588
9.664,0,-0.6044579457288606,-1,0.6044579457288606
9.666,0,-0.6067407336093051,-1,0.6067407336093051
9.668000000000001,0,-0.6090119708701627,-1,0.6090119708701627
9.67,0,-0.6112716336722328,-1,0.6112716336722328
9.672000000000001,0,-0.6135196985507202,-1,0.6135196985507202
9.673999999999999,0,-0.6157561424126252,-1,0.6157561424126252
9.676,0,-0.6179809425341495,-1,0.6179809425341495
9.678000000000001,0,-0.6201940765581162,-1,0.6201940765581162
9.68,0,-0.6223955224914052,-1,0.6223955224914052
9.682,0,-0.6245852587024022,-1,0.6245852587024022
9.684000000000001,0,-0.6267632639184638,-1,0.6267632639184638
9.686,0,-0.6289295172233954,-1,0.6289295172233954
9.688000000000001,0,-0.6310839980549446,-1,0.6310839980549446
9.69,0,-0.633226686202309,-1,0.633226686202309
9.692,0,-0.6353575618036572,-1,0.6353575618036572
9.694000000000001,0,-0.6374766053436652,-1,0.6374766053436652
9.696,0,-0.6395837976510664,-1,0.6395837976510664
9.698,0,-0.6416791198962153,-1,0.6416791198962153
9.700000000000001,0,-0.6437625535886656,-1,0.6437625535886656
9.702,0,-0.6458340805747627,-1,0.6458340805747627
9.704000000000001,0,-0.6478936830352482,-1,0.6478936830352482
9.706,0,-0.6499413434828807,-1,0.6499413434828807
9.708,0,-0.651977044760068,-1,0.651977044760068
9.710000000000001,0,-0.6540007700365144,-1,0.6540007700365144
9.712,0,-0.6560125028068804,-1,0.6560125028068804
9.714,0,-0.6580122268884573,-1,0.6580122268884573
9.716000000000001,0,-0.6599999264188534,-1,0.6599999264188534
9.718,0,-0.6619755858536952,-1,0.6619755858536952
9.720000000000001,0,-0.6639391899643408,-1,0.6639391899643408
9.722,0,-0.6658907238356068,-1,0.6658907238356068
9.724,0,-0.6678301728635084,-1,0.6678301728635084
9.726000000000001,0,-0.6697575227530126,-1,0.6697575227530126
9.728,0,-0.6716727595158039,-1,0.6716727595158039
9.73,0,-0.6735758694680636,-1,0.6735758694680636
9.731999999999999,0,-0.6754668392282615,-1,0.6754668392282615
9.734,0,-0.6773456557149603,-1,0.6773456557149603
9.736000000000001,0,-0.6792123061446335,-1,0.6792123061446335
9.738,0,-0.6810667780294944,-1,0.6810667780294944
9.74,0,-0.6829090591753397,-1,0.6829090591753397
9.742000000000001,0,-0.6847391376794035,-1,0.6847391376794035
9.744,0,-0.6865570019282256,-1,0.6865570019282256
9.746,0,-0.6883626405955307,-1,0.6883626405955307
9.747999999999999,0,-0.6901560426401213,-1,0.6901560426401213
9.75,0,-0.6919371973037816,-1,0.6919371973037816
9.752000000000001,0,-0.693706094109194,-1,0.693706094109194
9.754,0,-0.6954627228578687,-1,0.6954627228578687
9.756,0,-0.6972070736280833,-1,0.6972070736280833
9.758000000000001,0,-0.6989391367728366,-1,0.6989391367728366
9.76,0,-0.7006589029178127,-1,0.7006589029178127
9.762,0,-0.7023663629593583,-1,0.7023663629593583
9.763999999999999,0,-0.7040615080624701,-1,0.7040615080624701
9.766,0,-0.7057443296587962,-1,0.7057443296587962
9.768000000000001,0,-0.7074148194446467,-1,0.7074148194446467
9.77,0,-0.7090729693790181,-1,0.7090729693790181
9.772,0,-0.7107187716816279,-1,0.7107187716816279
9.774000000000001,0,-0.7123522188309613,-1,0.7123522188309613
9.776,0,-0.7139733035623294,-1,0.7139733035623294
9.778,0,-0.7155820188659376,-1,0.7155820188659376
9.779999999999999,0,-0.7171783579849678,-1,0.7171783579849678
9.782,0,-0.7187623144136689,-1,0.7187623144136689
9.784000000000001,0,-0.7203338818954609,-1,0.7203338818954609
9.786,0,-0.7218930544210488,-1,0.7218930544210488
9.788,0,-0.723439826226548,-1,0.723439826226548
9.790000000000001,0,-0.7249741917916208,-1,0.7249741917916208
9.792,0,-0.7264961458376237,-1,0.7264961458376237
9.794,0,-0.7280056833257657,-1,0.7280056833257657
9.795999999999999,0,-0.7295027994552774,-1,0.7295027994552774
9.798,0,-0.730987489661591,-1,0.730987489661591
9.800000000000001,0,-0.732459749614531,-1,0.732459749614531
9.802,0,-0.7339195752165153,-1,0.7339195752165153
9.804,0,-0.7353669626007675,-1,0.7353669626007675
9.806000000000001,0,-0.7368019081295392,-1,0.7368019081295392
9.808,0,-0.7382244083923432,-1,0.7382244083923432
9.81,0,-0.739634460204197,-1,0.739634460204197
9.811999999999999,0,-0.7410320606038766,-1,0.7410320606038766
9.814,0,-0.742417206852181,-1,0.742417206852181
9.816000000000001,0,-0.7437898964302064,-1,0.7437898964302064
9.818,0,-0.7451501270376314,-1,0.7451501270376314
9.82,0,-0.7464978965910115,-1,0.7464978965910115
9.822000000000001,0,-0.7478332032220848,-1,0.7478332032220848
9.824,0,-0.7491560452760866,-1,0.7491560452760866
9.826000000000001,0,-0.7504664213100749,-1,0.7504664213100749
9.827999999999999,0,-0.7517643300912656,-1,0.7517643300912656
9.83,0,-0.7530497705953777,-1,0.7530497705953777
9.832000000000001,0,-0.7543227420049877,-1,0.7543227420049877
9.834,0,-0.7555832437078951,-1,0.7555832437078951
9.836,0,-0.7568312752954964,-1,0.7568312752954964
9.838000000000001,0,-0.7580668365611696,-1,0.7580668365611696
9.84,0,-0.7592899274986677,-1,0.7592899274986677
9.842000000000001,0,-0.7605005483005229,-1,0.7605005483005229
9.843999999999999,0,-0.761698699356459,-1,0.761698699356459
9.846,0,-0.762884381251814,-1,0.762884381251814
9.848000000000001,0,-0.7640575947659728,-1,0.7640575947659728
9.85,0,-0.7652183408708075,-1,0.7652183408708075
9.852,0,-0.7663666207291292,-1,0.7663666207291292
9.854000000000001,0,-0.7675024356931474,-1,0.7675024356931474
9.856,0,-0.7686257873029393,-1,0.7686257873029393
9.858000000000001,0,-0.7697366772849288,-1,0.7697366772849288
9.859999999999999,0,-0.7708351075503737,-1,0.7708351075503737
9.862,0,-0.7719210801938626,-1,0.7719210801938626
9.864000000000001,0,-0.7729945974918211,-1,0.7729945974918211
9.866,0,-0.7740556619010258,-1,0.7740556619010258
9.868,0,-0.7751042760571289,-1,0.7751042760571289
9.870000000000001,0,-0.7761404427731906,-1,0.7761404427731906
9.872,0,-0.7771641650382204,-1,0.7771641650382204
9.874000000000001,0,-0.778175446015728,-1,0.778175446015728
9.875999999999999,0,-0.779174289042282,-1,0.779174289042282
9.878,0,-0.7801606976260783,-1,0.7801606976260783
9.880000000000001,0,-0.781134675445516,-1,0.781134675445516
9.882,0,-0.782096226347783,-1,0.782096226347783
9.884,0,-0.7830453543474497,-1,0.7830453543474497
9.886000000000001,0,-0.7839820636250714,-1,0.7839820636250714
9.888,0,-0.7849063585257988,-1,0.7849063585257988
9.890000000000001,0,-0.7858182435579976,-1,0.7858182435579976
9.891999999999999,0,-0.7867177233918758,-1,0.7867177233918758
9.894,0,-0.7876048028581201,-1,0.7876048028581201
9.896000000000001,0,-0.7884794869465397,-1,0.7884794869465397
9.898,0,-0.7893417808047194,-1,0.7893417808047194
9.9,0,-0.7901916897366801,-1,0.7901916897366801
9.902000000000001,0,-0.7910292192015478,-1,0.7910292192015478
9.904,0,-0.7918543748122308,-1,0.7918543748122308
9.906000000000001,0,-0.7926671623341047,-1,0.7926671623341047
9.907999999999999,0,-0.7934675876837061,-1,0.7934675876837061
9.91,0,-0.7942556569274333,-1,0.7942556569274333
9.912000000000001,0,-0.7950313762802558,-1,0.7950313762802558
9.914,0,-0.7957947521044315,-1,0.7957947521044315
9.916,0,-0.7965457909082315,-1,0.7965457909082315
9.918000000000001,0,-0.7972844993446732,-1,0.7972844993446732
9.92,0,-0.7980108842102605,-1,0.7980108842102605
9.922000000000001,0,-0.7987249524437326,-1,0.7987249524437326
9.923999999999999,0,-0.7994267111248201,-1,0.7994267111248201
9.926,0,-0.8001161674730082,-1,0.8001161674730082
9.928000000000001,0,-0.8007933288463085,-1,0.8007933288463085
9.93,0,-0.8014582027400382,-1,0.8014582027400382
9.932,0,-0.802110796785606,-1,0.802110796785606
9.934000000000001,0,-0.8027511187493065,-1,0.8027511187493065
9.936,0,-0.8033791765311215,-1,0.8033791765311215
9.938000000000001,0,-0.8039949781635287,-1,0.8039949781635287
9.94,0,-0.8045985318103186,-1,0.8045985318103186
9.942,0,-0.8051898457654173,-1,0.8051898457654173
9.944000000000001,0,-0.8057689284517178,-1,0.8057689284517178
9.946,0,-0.806335788419918,-1,0.806335788419918
9.948,0,-0.8068904343473666,-1,0.8068904343473666
9.950000000000001,0,-0.8074328750369147,-1,0.8074328750369147
9.952,0,-0.8079631194157764,-1,0.8079631194157764
9.954000000000001,0,-0.8084811765343949,-1,0.8084811765343949
9.956,0,-0.8089870555653169,-1,0.8089870555653169
9.958,0,-0.8094807658020733,-1,0.8094807658020733
9.960000000000001,0,-0.8099623166580671,-1,0.8099623166580671
9.962,0,-0.810431717665468,-1,0.810431717665468
9.964,0,-0.8108889784741145,-1,0.8108889784741145
9.966000000000001,0,-0.8113341088504223,-1,0.8113341088504223
9.968,0,-0.8117671186763,-1,0.8117671186763
9.970000000000001,0,-0.8121880179480712,-1,0.8121880179480712
9.972,0,-0.8125968167754033,-1,0.8125968167754033
9.974,0,-0.8129935253802437,-1,0.8129935253802437
9.976000000000001,0,-0.8133781540957621,-1,0.8133781540957621
9.978,0,-0.8137507133652994,-1,0.8137507133652994
9.98,0,-0.8141112137413234,-1,0.8141112137413234
9.982000000000001,0,-0.8144596658843918,-1,0.8144596658843918
9.984,0,-0.8147960805621199,-1,0.8147960805621199
9.986000000000001,0,-0.815120468648157,-1,0.815120468648157
9.988,0,-0.8154328411211675,-1,0.8154328411211675
9.99,0,-0.8157332090638197,-1,0.8157332090638197
9.992000000000001,0,-0.8160215836617801,-1,0.8160215836617801
9.994,0,-0.8162979762027146,-1,0.8162979762027146
9.996,0,-0.8165623980752958,-1,0.8165623980752958
9.997999999999999,0,-0.8168148607682171,-1,0.8168148607682171
10,0,-0.8170553758692117,-1,0.8170553758692117
10.002,0,-0.8172839550640799,-1,0.8172839550640799
10.004,0,-0.8175006101357206,-1,0.8175006101357206
10.006,0,-0.8177053529631703,-1,0.8177053529631703
10.008,0,-0.8178981955206475,-1,0.8178981955206475
10.01,0,-0.8180791498766037,-1,0.8180791498766037
10.012,0,-0.8182482281927801,-1,0.8182482281927801
10.014,0,-0.8184054427232704,-1,0.8184054427232704
10.016,0,-0.8185508058135897,-1,0.8185508058135897
10.018,0,-0.8186843298997494,-1,0.8186843298997494
10.02,0,-0.8188060275073377,-1,0.8188060275073377
10.022,0,-0.8189159112506064,-1,0.8189159112506064
10.024,0,-0.8190139938315635,-1,0.8190139938315635
10.026,0,-0.8191002880390712,-1,0.8191002880390712
10.028,0,-0.8191748067479504,-1,0.8191748067479504
10.03,0,-0.8192375629180904,-1,0.8192375629180904
10.032,0,-0.8192885695935643,-1,0.8192885695935643
10.034,0,-0.8193278399017512,-1,0.8193278399017512
10.036,0,-0.819355387052462,-1,0.819355387052462
10.038,0,-0.8193712243370731,-1,0.8193712243370731
10.04,0,-0.8193753651276641,-1,0.8193753651276641
10.042,0,-0.8193678228761617,-1,0.8193678228761617
10.044,0,-0.8193486111134894,-1,0.8193486111134894
10.046,0,-0.8193177434487222,-1,0.8193177434487222
10.048,0,-0.8192752335682468,-1,0.8192752335682468
10.05,0,-0.819221095234928,-1,0.819221095234928
10.052,0,-0.8191553422872795,-1,0.8191553422872795
10.054,0,-0.8190779886386408,-1,0.8190779886386408
10.056,0,-0.8189890482763592,-1,0.8189890482763592
10.058,0,-0.8188885352609773,-1,0.8188885352609773
10.06,0,-0.8187764637254255,-1,0.8187764637254255
10.062,0,-0.8186528478742201,-1,0.8186528478742201
10.064,0,-0.8185177019826668,-1,0.8185177019826668
10.066,0,-0.8183710403960687,-1,0.8183710403960687
10.068,0,-0.81821287752894,-1,0.81821287752894
10.07,0,-0.8180432278642252,-1,0.8180432278642252
10.072,0,-0.8178621059525227,-1,0.8178621059525227
10.074,0,-0.817669526411314,-1,0.817669526411314
10.076,0,-0.8174655039241974,-1,0.8174655039241974
10.078,0,-0.8172500532401279,-1,0.8172500532401279
10.08,0,-0.8170231891726609,-1,0.8170231891726609
10.082,0,-0.8167849265992017,-1,0.8167849265992017
10.084,0,-0.816535280460259,-1,0.816535280460259
10.086,0,-0.816274265758705,-1,0.816274265758705
10.088,0,-0.8160018975590383,-1,0.8160018975590383
10.09,0,-0.8157181909866538,-1,0.8157181909866538
10.092,0,-0.8154231612271157,-1,0.8154231612271157
10.094,0,-0.8151168235254364,-1,0.8151168235254364
10.096,0,-0.8147991931853598,-1,0.8147991931853598
10.098,0,-0.8144702855686494,-1,0.8144702855686494
10.1,0,-0.8141301160943814,-1,0.8141301160943814
10.102,0,-0.8137787002382417,-1,0.8137787002382417
10.104,0,-0.8134160535318291,-1,0.8134160535318291
10.106,0,-0.8130421915619616,-1,0.8130421915619616
10.108,0,-0.8126571299699882,-1,0.8126571299699882
10.11,0,-0.8122608844511051,-1,0.8122608844511051
10.112,0,-0.8118534707536768,-1,0.8118534707536768
10.114,0,-0.8114349046785609,-1,0.8114349046785609
10.116,0,-0.8110052020784388,-1,0.8110052020784388
10.118,0,-0.8105643788571494,-1,0.8105643788571494
10.12,0,-0.8101124509690283,-1,0.8101124509690283
10.122,0,-0.8096494344182514,-1,0.8096494344182514
10.124,0,-0.8091753452581826,-1,0.8091753452581826
10.126,0,-0.8086901995907256,-1,0.8086901995907256
10.128,0,-0.8081940135656814,-1,0.8081940135656814
10.13,0,-0.8076868033801085,-1,0.8076868033801085
10.132,0,-0.8071685852776884,-1,0.8071685852776884
10.134,0,-0.8066393755480958,-1,0.8066393755480958
10.136,0,-0.8060991905263718,-1,0.8060991905263718
10.138,0,-0.8055480465923023,-1,0.8055480465923023
10.14,0,-0.8049859601698007,-1,0.8049859601698007
10.142,0,-0.8044129477262945,-1,0.8044129477262945
10.144,0,-0.8038290257721157,-1,0.8038290257721157
10.146,0,-0.8032342108598965,-1,0.8032342108598965
10.148,0,-0.802628519583968,-1,0.802628519583968
10.15,0,-0.8020119685797634,-1,0.8020119685797634
10.152,0,-0.801384574523226,-1,0.801384574523226
10.154,0,-0.8007463541302198,-1,0.8007463541302198
10.156,0,-0.8000973241559458,-1,0.8000973241559458
10.158,0,-0.7994375013943613,-1,0.7994375013943613
10.16,0,-0.7987669026776031,-1,0.7987669026776031
10.162,0,-0.7980855448754155,-1,0.7980855448754155
10.164,0,-0.7973934448945816,-1,0.7973934448945816
10.166,0,-0.7966906196783589,-1,0.7966906196783589
10.168,0,-0.7959770862059181,-1,0.7959770862059181
10.17,0,-0.7952528614917874,-1,0.7952528614917874
10.172,0,-0.7945179625852986,-1,0.7945179625852986
10.174,0,-0.7937724065700386,-1,0.7937724065700386
10.176,0,-0.793016210563304,-1,0.793016210563304
10.178,0,-0.79224939171556,-1,0.79224939171556
10.18,0,-0.7914719672099024,-1,0.7914719672099024
10.182,0,-0.7906839542615243,-1,0.7906839542615243
10.184,0,-0.7898853701171853,-1,0.7898853701171853
10.186,0,-0.7890762320546858,-1,0.7890762320546858
10.188,0,-0.7882565573823439,-1,0.7882565573823439
10.19,0,-0.7874263634384765,-1,0.7874263634384765
10.192,0,-0.786585667590884,-1,0.786585667590884
10.194,0,-0.7857344872363387,-1,0.7857344872363387
10.196,0,-0.7848728398000764,-1,0.7848728398000764
10.198,0,-0.7840007427352923,-1,0.7840007427352923
10.2,0,-0.7831182135226399,-1,0.7831182135226399
10.202,0,-0.7822252696697334,-1,0.7822252696697334
10.204,0,-0.7813219287106543,-1,0.7813219287106543
10.206,0,-0.780408208205461,-1,0.780408208205461
10.208,0,-0.7794841257397015,-1,0.7794841257397015
10.21,0,-0.7785496989239307,-1,0.7785496989239307
10.212,0,-0.77760494539323,-1,0.77760494539323
10.214,0,-0.7766498828067313,-1,0.7766498828067313
10.216,0,-0.7756845288471433,-1,0.7756845288471433
10.218,0,-0.7747089012202827,-1,0.7747089012202827
10.22,0,-0.7737230176546069,-1,0.7737230176546069
10.222,0,-0.7727268959007522,-1,0.7727268959007522
10.224,0,-0.771720553731073,-1,0.771720553731073
10.226,0,-0.7707040089391866,-1,0.7707040089391866
10.228,0,-0.7696772793395196,-1,0.7696772793395196
10.23,0,-0.7686403827668582,-1,0.7686403827668582
10.232,0,-0.7675933370759023,-1,0.7675933370759023
10.234,0,-0.7665361601408214,-1,0.7665361601408214
10.236,0,-0.7654688698548154,-1,0.7654688698548154
10.238,0,-0.7643914841296776,-1,0.7643914841296776
10.24,0,-0.7633040208953608,-1,0.7633040208953608
10.242,0,-0.7622064980995471,-1,0.7622064980995471
10.244,0,-0.7610989337072208,-1,0.7610989337072208
10.246,0,-0.759981345700244,-1,0.759981345700244
10.248,0,-0.7588537520769355,-1,0.7588537520769355
10.25,0,-0.7577161708516531,-1,0.7577161708516531
10.252,0,-0.7565686200543785,-1,0.7565686200543785
10.254,0,-0.7554111177303056,-1,0.7554111177303056
10.256,0,-0.7542436819394315,-1,0.7542436819394315
10.258,0,-0.7530663307561511,-1,0.7530663307561511
10.26,0,-0.7518790822688542,-1,0.7518790822688542
10.262,0,-0.7506819545795256,-1,0.7506819545795256
10.264,0,-0.7494749658033482,-1,0.7494749658033482
10.266,0,-0.7482581340683095,-1,0.7482581340683095
10.268,0,-0.7470314775148107,-1,0.7470314775148107
10.27,0,-0.7457950142952782,-1,0.7457950142952782
10.272,0,-0.7445487625737789,-1,0.7445487625737789
10.274,0,-0.743292740525638,-1,0.743292740525638
10.276,0,-0.7420269663370593,-1,0.7420269663370593
10.278,0,-0.7407514582047493,-1,0.7407514582047493
10.28,0,-0.7394662343355429,-1,0.7394662343355429
10.282,0,-0.7381713129460329,-1,0.7381713129460329
10.284,0,-0.7368667122622019,-1,0.7368667122622019
10.286,0,-0.7355524505190569,-1,0.7355524505190569
10.288,0,-0.734228545960267,-1,0.734228545960267
10.29,0,-0.7328950168378034,-1,0.7328950168378034
10.292,0,-0.7315518814115828,-1,0.7315518814115828
10.294,0,-0.7301991579491125,-1,0.7301991579491125
10.296,0,-0.7288368647251393,-1,0.7288368647251393
10.298,0,-0.7274650200213003,-1,0.7274650200213003
10.3,0,-0.7260836421257769,-1,0.7260836421257769
10.302,0,-0.724692749332951,-1,0.724692749332951
10.304,0,-0.7232923599430642,-1,0.7232923599430642
10.306,0,-0.7218824922618792,-1,0.7218824922618792
10.308,0,-0.7204631646003444,-1,0.7204631646003444
10.31,0,-0.7190343952742608,-1,0.7190343952742608
10.312,0,-0.7175962026039512,-1,0.7175962026039512
10.314,0,-0.7161486049139322,-1,0.7161486049139322
10.316,0,-0.7146916205325891,-1,0.7146916205325891
10.318,0,-0.7132252677918526,-1,0.7132252677918526
10.32,0,-0.7117495650268787,-1,0.7117495650268787
10.322,0,-0.7102645305757307,-1,0.7102645305757307
10.324,0,-0.7087701827790638,-1,0.7087701827790638
10.326,0,-0.707266539979812,-1,0.707266539979812
10.328,0,-0.705753620522878,-1,0.705753620522878
10.33,0,-0.704231442754825,-1,0.704231442754825
10.332,0,-0.7027000250235707,-1,0.7027000250235707
10.334,0,-0.7011593856780846,-1,0.7011593856780846
10.336,0,-0.6996095430680873,-1,0.6996095430680873
10.338,0,-0.6980505155437516,-1,0.6980505155437516
10.34,0,-0.6964823214554069,-1,0.6964823214554069
10.342,0,-0.6949049791532452,-1,0.6949049791532452
10.344,0,-0.69331850698703,-1,0.69331850698703
10.346,0,-0.6917229233058072,-1,0.6917229233058072
10.348,0,-0.6901182464576183,-1,0.6901182464576183
10.35,0,-0.6885044947892163,-1,0.6885044947892163
10.352,0,-0.6868816866457831,-1,0.6868816866457831
10.354,0,-0.6852498403706502,-1,0.6852498403706502
10.356,0,-0.6836089743050208,-1,0.6836089743050208
10.358,0,-0.6819591067876946,-1,0.6819591067876946
10.36,0,-0.6803002561547946,-1,0.6803002561547946
10.362,0,-0.6786324407394964,-1,0.6786324407394964
10.364,0,-0.6769556788717592,-1,0.6769556788717592
10.366,0,-0.6752699888780598,-1,0.6752699888780598
10.368,0,-0.6735753890811277,-1,0.6735753890811277
10.37,0,-0.6718718977996836,-1,0.6718718977996836
10.372,0,-0.6701595333481788,-1,0.6701595333481788
10.374,0,-0.6684383140365379,-1,0.6684383140365379
10.376,0,-0.6667082581699026,-1,0.6667082581699026
10.378,0,-0.6649693840483787,-1,0.6649693840483787
10.38,0,-0.6632217099667838,-1,0.6632217099667838
10.382,0,-0.6614652542143984,-1,0.6614652542143984
10.384,0,-0.6597000350747187,-1,0.6597000350747187
10.386,0,-0.657926070825211,-1,0.657926070825211
10.388,0,-0.6561433797370685,-1,0.6561433797370685
10.39,0,-0.6543519800749701,-1,0.6543519800749701
10.392,0,-0.6525518900968414,-1,0.6525518900968414
10.394,0,-0.6507431280536177,-1,0.6507431280536177
10.396,0,-0.6489257121890081,-1,0.6489257121890081
10.398,0,-0.6470996607392633,-1,0.6470996607392633
10.4,0,-0.6452649919329438,-1,0.6452649919329438
10.402,0,-0.643421723990691,-1,0.643421723990691
10.404,0,-0.6415698751249994,-1,0.6415698751249994
10.406,0,-0.6397094635399923,-1,0.6397094635399923
10.408,0,-0.6378405074311971,-1,0.6378405074311971
10.41,0,-0.635963024985325,-1,0.635963024985325
10.412,0,-0.6340770343800506,-1,0.6340770343800506
10.414,0,-0.6321825537837946,-1,0.6321825537837946
10.416,0,-0.6302796013555082,-1,0.6302796013555082
10.418,0,-0.6283681952444585,-1,0.6283681952444585
10.42,0,-0.6264483535900173,-1,0.6264483535900173
10.422,0,-0.6245200945214499,-1,0.6245200945214499
10.424,0,-0.6225834361577075,-1,0.6225834361577075
10.426,0,-0.6206383966072205,-1,0.6206383966072205
10.428,0,-0.6186849939676935,-1,0.6186849939676935
10.43,0,-0.6167232463259025,-1,0.6167232463259025
10.432,0,-0.6147531717574936,-1,0.6147531717574936
10.434,0,-0.6127747883267839,-1,0.6127747883267839
10.436,0,-0.6107881140865637,-1,0.6107881140865637
10.438,0,-0.6087931670779009,-1,0.6087931670779009
10.44,0,-0.6067899653299462,-1,0.6067899653299462
10.442,0,-0.6047785268597419,-1,0.6047785268597419
10.444,0,-0.6027588696720301,-1,0.6027588696720301
10.446,0,-0.6007310117590644,-1,0.6007310117590644
10.448,0,-0.5986949711004228,-1,0.5986949711004228
10.45,0,-0.5966507656628217,-1,0.5966507656628217
10.452,0,-0.5945984133999325,-1,0.5945984133999325
10.454,0,-0.592537932252199,-1,0.592537932252199
10.456,0,-0.5904693401466574,-1,0.5904693401466574
10.458,0,-0.588392654996757,-1,0.588392654996757
10.46,0,-0.5863078947021831,-1,0.5863078947021831
10.462,0,-0.5842150771486819,-1,0.5842150771486819
10.464,0,-0.5821142202078857,-1,0.5821142202078857
10.466,0,-0.5800053417371411,-1,0.5800053417371411
10.468,0,-0.5778884595793382,-1,0.5778884595793382
10.47,0,-0.5757635915627414,-1,0.5757635915627414
10.472,0,-0.5736307555008217,-1,0.5736307555008217
10.474,0,-0.5714899691920908,-1,0.5714899691920908
10.476,0,-0.5693412504199369,-1,0.5693412504199369
10.478,0,-0.5671846169524613,-1,0.5671846169524613
10.48,0,-0.5650200865423174,-1,0.5650200865423174
10.482,0,-0.5628476769265509,-1,0.5628476769265509
10.484,0,-0.5606674058264413,-1,0.5606674058264413
10.486,0,-0.5584792909473452,-1,0.5584792909473452
10.488,0,-0.556283349978541,-1,0.556283349978541
10.49,0,-0.5540796005930755,-1,0.5540796005930755
10.492,0,-0.5518680604476107,-1,0.5518680604476107
10.494,0,-0.5496487471822741,-1,0.5496487471822741
10.496,0,-0.5474216784205083,-1,0.5474216784205083
10.498,0,-0.5451868717689237,-1,0.5451868717689237
10.5,0,-0.542944344817152,-1,0.542944344817152
10.502,0,-0.540694115137701,-1,0.540694115137701
10.504,0,-0.5384362002858112,-1,0.5384362002858112
10.506,0,-0.5361706177993132,-1,0.5361706177993132
10.508,0,-0.5338973851984875,-1,0.5338973851984875
10.51,0,-0.5316165199859247,-1,0.5316165199859247
10.512,0,-0.529328039646388,-1,0.529328039646388
10.514,0,-0.5270319616466759,-1,0.5270319616466759
10.516,0,-0.5247283034354877,-1,0.5247283034354877
10.518,0,-0.5224170824432894,-1,0.5224170824432894
10.52,0,-0.5200983160821809,-1,0.5200983160821809
10.522,0,-0.5177720217457654,-1,0.5177720217457654
10.524,0,-0.5154382168090191,-1,0.5154382168090191
10.526,0,-0.5130969186281632,-1,0.5130969186281632
10.528,0,-0.5107481445405362,-1,0.5107481445405362
10.53,0,-0.5083919118644686,-1,0.5083919118644686
10.532,0,-0.5060282378991582,-1,0.5060282378991582
10.534,0,-0.5036571399245465,-1,0.5036571399245465
10.536,0,-0.5012786352011975,-1,0.5012786352011975
10.538,0,-0.4988927409701763,-1,0.4988927409701763
10.54,0,-0.49649947445293,-1,0.49649947445293
10.542,0,-0.4940988528511698,-1,0.4940988528511698
10.544,0,-0.4916908933467539,-1,0.4916908933467539
10.546,0,-0.4892756131015716,-1,0.4892756131015716
10.548,0,-0.4868530292574297,-1,0.4868530292574297
10.55,0,-0.4844231589359384,-1,0.4844231589359384
10.552,0,-0.4819860192384002,-1,0.4819860192384002
10.554,0,-0.4795416272456985,-1,0.4795416272456985
10.556,0,-0.4770900000181889,-1,0.4770900000181889
10.558,0,-0.4746311545955898,-1,0.4746311545955898
10.56,0,-0.4721651079968764,-1,0.4721651079968764
10.562,0,-0.469691877220174,-1,0.469691877220174
10.564,0,-0.4672114792426537,-1,0.4672114792426537
10.566,0,-0.4647239310204285,-1,0.4647239310204285
10.568,0,-0.4622292494884511,-1,0.4622292494884511
10.57,0,-0.4597274515604125,-1,0.4597274515604125
10.572,0,-0.4572185541286419,-1,0.4572185541286419
10.574,0,-0.4547025740640077,-1,0.4547025740640077
10.576,0,-0.4521795282158199,-1,0.4521795282158199
10.578,0,-0.4496494334117327,-1,0.4496494334117327
10.58,0,-0.4471123064576499,-1,0.4471123064576499
10.582,0,-0.4445681641376294,-1,0.4445681641376294
10.584,0,-0.4420170232137903,-1,0.4420170232137903
10.586,0,-0.4394589004262206,-1,0.4394589004262206
10.588,0,-0.4368938124928858,-1,0.4368938124928858
10.59,0,-0.4343217761095388,-1,0.4343217761095388
10.592,0,-0.431742807949631,-1,0.431742807949631
10.594,0,-0.4291569246642239,-1,0.4291569246642239
10.596,0,-0.4265641428819027,-1,0.4265641428819027
10.598,0,-0.4239644792086898,-1,0.4239644792086898
10.6,0,-0.4213579502279604,-1,0.4213579502279604
10.602,0,-0.4187445725003585,-1,0.4187445725003585
10.604,0,-0.4161243625637142,-1,0.4161243625637142
10.606,0,-0.4134973369329616,-1,0.4134973369329616
10.608,0,-0.4108635121000586,-1,0.4108635121000586
10.61,0,-0.4082229045339067,-1,0.4082229045339067
10.612,0,-0.4055755306802726,-1,0.4055755306802726
10.614,0,-0.4029214069617101,-1,0.4029214069617101
10.616,0,-0.4002605497774838,-1,0.4002605497774838
10.618,0,-0.3975929755034928,-1,0.3975929755034928
10.62,0,-0.3949187004921964,-1,0.3949187004921964
10.622,0,-0.3922377410725398,-1,0.3922377410725398
10.624,0,-0.3895501135498818,-1,0.3895501135498818
10.626,0,-0.3868558342059225,-1,0.3868558342059225
10.628,0,-0.3841549192986323,-1,0.3841549192986323
10.63,0,-0.3814473850621823,-1,0.3814473850621823
10.632,0,-0.3787332477068747,-1,0.3787332477068747
10.634,0,-0.376012523419075,-1,0.376012523419075
10.636,0,-0.3732852283611447,-1,0.3732852283611447
10.638,0,-0.3705513786713752,-1,0.3705513786713752
10.64,0,-0.3678109904639218,-1,0.3678109904639218
10.642,0,-0.36506407982874,-1,0.36506407982874
10.644,0,-0.3623106628315214,-1,0.3623106628315214
10.646,0,-0.3595507555136311,-1,0.3595507555136311
10.648,0,-0.356784373892046,-1,0.356784373892046
10.65,0,-0.354011533959294,-1,0.354011533959294
10.652,0,-0.3512322516833935,-1,0.3512322516833935
10.654,0,-0.3484465430077947,-1,0.3484465430077947
10.656,0,-0.345654423851321,-1,0.345654423851321
10.658,0,-0.3428559101081117,-1,0.3428559101081117
10.66,0,-0.3400510176475653,-1,0.3400510176475653
10.662,0,-0.3372397623142839,-1,0.3372397623142839
10.664,0,-0.3344221599280178,-1,0.3344221599280178
10.666,0,-0.3315982262836122,-1,0.3315982262836122
10.668,0,-0.3287679771509532,-1,0.3287679771509532
10.67,0,-0.3259314282749157,-1,0.3259314282749157
10.672,0,-0.323088595375312,-1,0.323088595375312
10.674,0,-0.3202394941468404,-1,0.3202394941468404
10.676,0,-0.3173841402590357,-1,0.3173841402590357
10.678,0,-0.3145225493562199,-1,0.3145225493562199
10.68,0,-0.3116547370574534,-1,0.3116547370574534
10.682,0,-0.3087807189564881,-1,0.3087807189564881
10.684,0,-0.3059005106217199,-1,0.3059005106217199
10.686,0,-0.3030141275961428,-1,0.3030141275961428
10.688,0,-0.3001215853973039,-1,0.3001215853973039
10.69,0,-0.2972228995172587,-1,0.2972228995172587
10.692,0,-0.2943180854225271,-1,0.2943180854225271
10.694,0,-0.2914071585540506,-1,0.2914071585540506
10.696,0,-0.2884901343271503,-1,0.2884901343271503
10.698,0,-0.2855670281314848,-1,0.2855670281314848
10.7,0,-0.2826378553310099,-1,0.2826378553310099
10.702,0,-0.2797026312639385,-1,0.2797026312639385
10.704,0,-0.2767613712427011,-1,0.2767613712427011
10.706,0,-0.2738140905539072,-1,0.2738140905539072
10.708,0,-0.2708608044583078,-1,0.2708608044583078
10.71,0,-0.2679015281907578,-1,0.2679015281907578
10.712,0,-0.2649362769601799,-1,0.2649362769601799
10.714,0,-0.2619650659495285,-1,0.2619650659495285
10.716,0,-0.258987910315755,-1,0.258987910315755
10.718,0,-0.2560048251897734,-1,0.2560048251897734
10.72,0,-0.2530158256764264,-1,0.2530158256764264
10.722,0,-0.2500209268544528,-1,0.2500209268544528
10.724,0,-0.2470201437764547,-1,0.2470201437764547
10.726,0,-0.2440134914688664,-1,0.2440134914688664
10.728,0,-0.2410009849319231,-1,0.2410009849319231
10.73,0,-0.2379826391396308,-1,0.2379826391396308
10.732,0,-0.2349584690397364,-1,0.2349584690397364
10.734,0,-0.2319284895536992,-1,0.2319284895536992
10.736,0,-0.228892715576662,-1,0.228892715576662
10.738,0,-0.225851161977424,-1,0.225851161977424
10.74,0,-0.2228038435984131,-1,0.2228038435984131
10.742,0,-0.2197507752556603,-1,0.2197507752556603
10.744,0,-0.216691971738773,-1,0.216691971738773
10.746,0,-0.2136274478109108,-1,0.2136274478109108
10.748,0,-0.2105572182087601,-1,0.2105572182087601
10.75,0,-0.2074812976425109,-1,0.2074812976425109
10.752,0,-0.2043997007958331,-1,0.2043997007958331
10.754,0,-0.201312442325854,-1,0.201312442325854
10.756,0,-0.1982195368631359,-1,0.1982195368631359
10.758,0,-0.1951209990116551,-1,0.1951209990116551
10.76,0,-0.1920168433487806,-1,0.1920168433487806
10.762,0,-0.1889070844252541,-1,0.1889070844252541
10.764,0,-0.1857917367651701,-1,0.1857917367651701
10.766,0,-0.1826708148659567,-1,0.1826708148659567
10.768,0,-0.1795443331983573,-1,0.1795443331983573
10.77,0,-0.1764123062064125,-1,0.1764123062064125
10.772,0,-0.1732747483074425,-1,0.1732747483074425
10.774,0,-0.1701316738920306,-1,0.1701316738920306
10.776,0,-0.1669830973240067,-1,0.1669830973240067
10.778,0,-0.1638290329404315,-1,0.1638290329404315
10.78,0,-0.1606694950515816,-1,0.1606694950515816
10.782,0,-0.1575044979409345,-1,0.1575044979409345
10.784,0,-0.1543340558651548,-1,0.1543340558651548
10.786,0,-0.1511581830540806,-1,0.1511581830540806
10.788,0,-0.1479768937107104,-1,0.1479768937107104
10.79,0,-0.1447902020111907,-1,0.1447902020111907
10.792,0,-0.1415981221048039,-1,0.1415981221048039
10.794,0,-0.1384006681139571,-1,0.1384006681139571
10.796,0,-0.135197854134171,-1,0.135197854134171
10.798,0,-0.1319896942340697,-1,0.1319896942340697
10.8,0,-0.1287762024553706,-1,0.1287762024553706
10.802,0,-0.1255573928128749,-1,0.1255573928128749
10.804,0,-0.1223332792944593,-1,0.1223332792944593
10.806,0,-0.1191038758610671,-1,0.1191038758610671
10.808,0,-0.1158691964467005,-1,0.1158691964467005
10.81,0,-0.1126292549584131,-1,0.1126292549584131
10.812,0,-0.1093840652763034,-1,0.1093840652763034
10.814,0,-0.1061336412535077,-1,0.1061336412535077
10.816,0,-0.1028779967161948,-1,0.1028779967161948
10.818,0,-0.09961714546356039,-1,0.09961714546356039
10.82,0,-0.09635110126782176,-1,0.09635110126782176
10.822,0,-0.09307987787421365,-1,0.09307987787421365
10.824,0,-0.08980348900098405,-1,0.08980348900098405
10.826,0,-0.0865219483393906,-1,0.0865219483393906
10.828,0,-0.08323526955369753,-1,0.08323526955369753
10.83,0,-0.07994346628117296,-1,0.07994346628117296
10.832,0,-0.07664655213208668,-1,0.07664655213208668
10.834,0,-0.07334454068970837,-1,0.07334454068970837
10.836,0,-0.0700374455103063,-1,0.0700374455103063
10.838,0,-0.06672528012314642,-1,0.06672528012314642
10.84,0,-0.06340805803049193,-1,0.06340805803049193
10.842,0,-0.06008579270760327,-1,0.06008579270760327
10.844,0,-0.0567584976027385,-1,0.0567584976027385
10.846,0,-0.05342618613715419,-1,0.05342618613715419
10.848,0,-0.05008887170510667,-1,0.05008887170510667
10.85,0,-0.0467465676738537,-1,0.0467465676738537
10.852,0,-0.04339928738365659,-1,0.04339928738365659
10.854,0,-0.04004704414778273,-1,0.04004704414778273
10.856,0,-0.03668985125250848,-1,0.03668985125250848
10.858,0,-0.03332772195712256,-1,0.03332772195712256
10.86,0,-0.02996066949392973,-1,0.02996066949392973
10.862,0,-0.02658870706825497,-1,0.02658870706825497
10.864,0,-0.02321184785844799,-1,0.02321184785844799
10.866,0,-0.01983010501588817,-1,0.01983010501588817
10.868,0,-0.01644349166498989,-1,0.01644349166498989
10.87,0,-0.01305202090320822,-1,0.01305202090320822
10.872,0,-0.009655705801045002,-1,0.009655705801045002
10.874,0,-0.006254559402055356,-1,0.006254559402055356
10.876,0,-0.002848594722854503,-1,0.002848594722854503
10.878,0,0.0005621752468750025,1,-0.0005621752468750025
10.88,0,0.003977697633211232,1,-0.003977697633211232
10.882,0,0.007397813702149465,1,-0.007397813702149465
10.884,0,0.01082235266661059,1,-0.01082235266661059
10.886,0,0.01425114502987757,1,-0.01425114502987757
10.888,0,0.01768402257801484,1,-0.01768402257801484
10.89,0,0.02112081837232769,1,-0.02112081837232769
10.892,0,0.02456136674186138,1,-0.02456136674186138
10.894,0,0.02800550327593987,1,-0.02800550327593987
10.896,0,0.03145306481674384,1,-0.03145306481674384
10.898,0,0.03490388945192795,1,-0.03490388945192795
10.9,0,0.0383578165072771,1,-0.0383578165072771
10.902,0,0.04181468653940133,1,-0.04181468653940133
10.904,0,0.04527434132846952,1,-0.04527434132846952
10.906,0,0.0487366238709813,1,-0.0487366238709813
10.908,0,0.05220137837257733,1,-0.05220137837257733
10.91,0,0.05566845024088745,1,-0.05566845024088745
10.912,0,0.05913768607841679,1,-0.05913768607841679
10.914,0,0.06260893367546944,1,-0.06260893367546944
10.916,0,0.0660820420031096,1,-0.0660820420031096
10.918,0,0.06955686120616004,1,-0.06955686120616004
10.92,0,0.07303324259623757,1,-0.07303324259623757
10.922,0,0.07651103864482543,1,-0.07651103864482543
10.924,0,0.07999010297638245,1,-0.07999010297638245
10.926,0,0.0834702903614887,1,-0.0834702903614887
10.928,0,0.08695145671002749,1,-0.08695145671002749
10.93,0,0.09043345906440353,1,-0.09043345906440353
10.932,0,0.09391615559279712,1,-0.09391615559279712
10.934,0,0.09739940558245411,1,-0.09739940558245411
10.936,0,0.1008830694330115,1,-0.1008830694330115
10.938,0,0.1043670086498586,1,-0.1043670086498586
10.94,0,0.1078510858375332,1,-0.1078510858375332
10.942,0,0.1113351646931531,1,-0.1113351646931531
10.944,0,0.1148191099998826,1,-0.1148191099998826
10.946,0,0.1183027876204334,1,-0.1183027876204334
10.948,0,0.1217860644906006,1,-0.1217860644906006
10.95,0,0.1252688086128325,1,-0.1252688086128325
10.952,0,0.1287508890498349,1,-0.1287508890498349
10.954,0,0.1322321759182101,1,-0.1322321759182101
10.956,0,0.1357125403821286,1,-0.1357125403821286
10.958,0,0.1391918546470352,1,-0.1391918546470352
10.96,0,0.142669991953389,1,-0.142669991953389
10.962,0,0.1461468265704358,1,-0.1461468265704358
10.964,0,0.149622233790015,1,-0.149622233790015
10.966,0,0.1530960899203981,1,-0.1530960899203981
10.968,0,0.1565682722801613,1,-0.1565682722801613
10.97,0,0.1600386591920905,1,-0.1600386591920905
10.972,0,0.1635071299771183,1,-0.1635071299771183
10.974,0,0.1669735649482941,1,-0.1669735649482941
10.976,0,0.1704378454047862,1,-0.1704378454047862
10.978,0,0.173899853625916,1,-0.173899853625916
10.98,0,0.1773594728652237,1,-0.1773594728652237
10.982,0,0.1808165873445667,1,-0.1808165873445667
10.984,0,0.1842710822482486,1,-0.1842710822482486
10.986,0,0.1877228437171801,1,-0.1877228437171801
10.988,0,0.1911717588430715,1,-0.1911717588430715
10.99,0,0.1946177156626554,1,-0.1946177156626554
10.992,0,0.1980606031519415,1,-0.1980606031519415
10.994,0,0.2015003112205013,1,-0.2015003112205013
10.996,0,0.204936730705784,1,-0.204936730705784
10.998,0,0.2083697533674626,1,-0.2083697533674626
11,0,0.2117992718818105,1,-0.2117992718818105
11.002,0,0.2152251798361084,1,-0.2152251798361084
11.004,0,0.218647371723081,1,-0.218647371723081
11.006,0,0.2220657429353638,1,-0.2220657429353638
11.008,0,0.2254801897599993,1,-0.2254801897599993
11.01,0,0.2288906093729637,1,-0.2288906093729637
11.012,0,0.2322968998337216,1,-0.2322968998337216
11.014,0,0.2356989600798117,1,-0.2356989600798117
11.016,0,0.2390966899214599,1,-0.2390966899214599
11.018,0,0.2424899900362229,1,-0.2424899900362229
11.02,0,0.24587876196366,1,-0.24587876196366
11.022,0,0.2492629081000334,1,-0.2492629081000334
11.024,0,0.2526423316930375,1,-0.2526423316930375
11.026,0,0.2560169368365565,1,-0.2560169368365565
11.028,0,0.2593866284654502,1,-0.2593866284654502
11.03,0,0.2627513123503681,1,-0.2627513123503681
11.032,0,0.2661108950925913,1,-0.2661108950925913
11.034,0,0.2694652841189023,1,-0.2694652841189023
11.036,0,0.272814387676483,1,-0.272814387676483
11.038,0,0.2761581148278393,1,-0.2761581148278393
11.04,0,0.2794963754457541,1,-0.2794963754457541
11.042,0,0.2828290802082671,1,-0.2828290802082671
11.044,0,0.2861561405936822,1,-0.2861561405936822
11.046,0,0.2894774688756009,1,-0.2894774688756009
11.048,0,0.2927929781179841,1,-0.2927929781179841
11.05,0,0.2961025821702395,1,-0.2961025821702395
11.052,0,0.2994061956623359,1,-0.2994061956623359
11.054,0,0.3027037339999443,1,-0.3027037339999443
11.056,0,0.3059951133596052,1,-0.3059951133596052
11.058,0,0.3092802506839218,1,-0.3092802506839218
11.06,0,0.3125590636767799,1,-0.3125590636767799
11.062,0,0.315831470798593,1,-0.315831470798593
11.064,0,0.319097391261574,1,-0.319097391261574
11.066,0,0.3223567450250322,1,-0.3223567450250322
11.068,0,0.3256094527906958,1,-0.3256094527906958
11.07,0,0.3288554359980598,1,-0.3288554359980598
11.072,0,0.33209461681976,1,-0.33209461681976
11.074,0,0.3353269181569706,1,-0.3353269181569706
11.076,0,0.3385522636348287,1,-0.3385522636348287
11.078,0,0.341770577597882,1,-0.341770577597882
11.08,0,0.3449817851055631,1,-0.3449817851055631
11.082,0,0.3481858119276865,1,-0.3481858119276865
11.084,0,0.3513825845399718,1,-0.3513825845399718
11.086,0,0.3545720301195905,1,-0.3545720301195905
11.088,0,0.3577540765407373,1,-0.3577540765407373
11.09,0,0.3609286523702254,1,-0.3609286523702254
11.092,0,0.3640956868631064,1,-0.3640956868631064
11.094,0,0.3672551099583133,1,-0.3672551099583133
11.096,0,0.3704068522743283,1,-0.3704068522743283
11.098,0,0.3735508451048732,1,-0.3735508451048732
11.1,0,0.3766870204146244,1,-0.3766870204146244
11.102,0,0.3798153108349507,1,-0.3798153108349507
11.104,0,0.3829356496596746,1,-0.3829356496596746
11.106,0,0.3860479708408571,1,-0.3860479708408571
11.108,0,0.389152208984605,1,-0.389152208984605
11.11,0,0.3922482993469015,1,-0.3922482993469015
11.112,0,0.3953361778294605,1,-0.3953361778294605
11.114,0,0.3984157809756016,1,-0.3984157809756016
11.116,0,0.40148704596615,1,-0.40148704596615
11.118,0,0.4045499106153575,1,-0.4045499106153575
11.12,0,0.4076043133668462,1,-0.4076043133668462
11.122,0,0.4106501932895747,1,-0.4106501932895747
11.124,0,0.4136874900738265,1,-0.4136874900738265
11.126,0,0.4167161440272204,1,-0.4167161440272204
11.128,0,0.4197360960707422,1,-0.4197360960707422
11.13,0,0.4227472877347997,1,-0.4227472877347997
11.132,0,0.4257496611552977,1,-0.4257496611552977
11.134,0,0.4287431590697361,1,-0.4287431590697361
11.136,0,0.4317277248133287,1,-0.4317277248133287
11.138,0,0.4347033023151434,1,-0.4347033023151434
11.14,0,0.4376698360942641,1,-0.4376698360942641
11.142,0,0.4406272712559736,1,-0.4406272712559736
11.144,0,0.4435755534879572,1,-0.4435755534879572
11.146,0,0.4465146290565279,1,-0.4465146290565279
11.148,0,0.449444444802872,1,-0.449444444802872
11.15,0,0.4523649481393157,1,-0.4523649481393157
11.152,0,0.4552760870456123,1,-0.4552760870456123
11.154,0,0.4581778100652497,1,-0.4581778100652497
11.156,0,0.4610700663017787,1,-0.4610700663017787
11.158,0,0.4639528054151613,1,-0.4639528054151613
11.16,0,0.4668259776181396,1,-0.4668259776181396
11.162,0,0.4696895336726246,1,-0.4696895336726246
11.164,0,0.4725434248861047,1,-0.4725434248861047
11.166,0,0.4753876031080751,1,-0.4753876031080751
11.168,0,0.4782220207264857,1,-0.4782220207264857
11.17,0,0.4810466306642097,1,-0.4810466306642097
11.172,0,0.4838613863755318,1,-0.4838613863755318
11.174,0,0.4866662418426551,1,-0.4866662418426551
11.176,0,0.4894611515722282,1,-0.4894611515722282
11.178,0,0.4922460705918915,1,-0.4922460705918915
11.18,0,0.4950209544468422,1,-0.4950209544468422
11.182,0,0.4977857591964194,1,-0.4977857591964194
11.184,0,0.5005404414107069,1,-0.5005404414107069
11.186,0,0.503284958167156,1,-0.503284958167156
11.188,0,0.5060192670472272,1,-0.5060192670472272
11.19,0,0.5087433261330493,1,-0.5087433261330493
11.192,0,0.5114570940040988,1,-0.5114570940040988
11.194,0,0.5141605297338966,1,-0.5141605297338966
11.196,0,0.5168535928867239,1,-0.5168535928867239
11.198,0,0.5195362435143562,1,-0.5195362435143562
11.2,0,0.5222084421528153,1,-0.5222084421528153
11.202,0,0.5248701498191397,1,-0.5248701498191397
11.204,0,0.5275213280081733,1,-0.5275213280081733
11.206,0,0.5301619386893717,1,-0.5301619386893717
11.208,0,0.5327919443036263,1,-0.5327919443036263
11.21,0,0.5354113077601068,1,-0.5354113077601068
11.212,0,0.5380199924331208,1,-0.5380199924331208
11.214,0,0.5406179621589911,1,-0.5406179621589911
11.216,0,0.5432051812329507,1,-0.5432051812329507
11.218,0,0.5457816144060555,1,-0.5457816144060555
11.22,0,0.5483472268821136,1,-0.5483472268821136
11.222,0,0.5509019843146321,1,-0.5509019843146321
11.224,0,0.5534458528037819,1,-0.5534458528037819
11.226,0,0.5559787988933781,1,-0.5559787988933781
11.228,0,0.5585007895678786,1,-0.5585007895678786
11.23,0,0.5610117922493992,1,-0.5610117922493992
11.232,0,0.5635117747947453,1,-0.5635117747947453
11.234,0,0.5660007054924606,1,-0.5660007054924606
11.236,0,0.568478553059892,1,-0.568478553059892
11.238,0,0.570945286640272,1,-0.570945286640272
11.24,0,0.5734008757998165,1,-0.5734008757998165
11.242,0,0.5758452905248393,1,-0.5758452905248393
11.244,0,0.5782785012188837,1,-0.5782785012188837
11.246,0,0.5807004786998688,1,-0.5807004786998688
11.248,0,0.5831111941972534,1,-0.5831111941972534
11.25,0,0.585510619349215,1,-0.585510619349215
11.252,0,0.5878987261998451,1,-0.5878987261998451
11.254,0,0.5902754871963604,1,-0.5902754871963604
11.256,0,0.5926408751863298,1,-0.5926408751863298
11.258,0,0.594994863414917,1,-0.594994863414917
11.26,0,0.5973374255221389,1,-0.5973374255221389
11.262,0,0.5996685355401391,1,-0.5996685355401391
11.264,0,0.6019881678904778,1,-0.6019881678904778
11.266,0,0.6042962973814361,1,-0.6042962973814361
11.268,0,0.606592899205336,1,-0.606592899205336
11.27,0,0.6088779489358759,1,-0.6088779489358759
11.272,0,0.611151422525481,1,-0.611151422525481
11.274,0,0.6134132963026688,1,-0.6134132963026688
11.276,0,0.6156635469694293,1,-0.6156635469694293
11.278,0,0.6179021515986207,1,-0.6179021515986207
11.28,0,0.6201290876313799,1,-0.6201290876313799
11.282,0,0.6223443328745468,1,-0.6223443328745468
11.284,0,0.6245478654981048,1,-0.6245478654981048
11.286,0,0.6267396640326346,1,-0.6267396640326346
11.288,0,0.6289197073667833,1,-0.6289197073667833
11.29,0,0.6310879747447476,1,-0.6310879747447476
11.292,0,0.6332444457637719,1,-0.6332444457637719
11.294,0,0.6353891003716596,1,-0.6353891003716596
11.296,0,0.6375219188643002,1,-0.6375219188643002
11.298,0,0.6396428818832091,1,-0.6396428818832091
11.3,0,0.6417519704130822,1,-0.6417519704130822
11.302,0,0.643849165779365,1,-0.643849165779365
11.304,0,0.6459344496458345,1,-0.6459344496458345
11.306,0,0.6480078040121955,1,-0.6480078040121955
11.308,0,0.6500692112116911,1,-0.6500692112116911
11.31,0,0.6521186539087268,1,-0.6521186539087268
11.312,0,0.6541561150965072,1,-0.6541561150965072
11.314,0,0.6561815780946878,1,-0.6561815780946878
11.316,0,0.6581950265470395,1,-0.6581950265470395
11.318,0,0.6601964444191266,1,-0.6601964444191266
11.32,0,0.6621858159959982,1,-0.6621858159959982
11.322,0,0.6641631258798931,1,-0.6641631258798931
11.324,0,0.6661283589879576,1,-0.6661283589879576
11.326,0,0.6680815005499769,1,-0.6680815005499769
11.328,0,0.6700225361061192,1,-0.6700225361061192
11.33,0,0.6719514515046928,1,-0.6719514515046928
11.332,0,0.6738682328999168,1,-0.6738682328999168
11.334,0,0.6757728667497037,1,-0.6757728667497037
11.336,0,0.6776653398134558,1,-0.6776653398134558
11.338,0,0.6795456391498735,1,-0.6795456391498735
11.34,0,0.6814137521147772,1,-0.6814137521147772
11.342,0,0.6832696663589407,1,-0.6832696663589407
11.344,0,0.6851133698259384,1,-0.6851133698259384
11.346,0,0.6869448507500039,1,-0.6869448507500039
11.348,0,0.6887640976539017,1,-0.6887640976539017
11.35,0,0.6905710993468112,1,-0.6905710993468112
11.352,0,0.6923658449222226,1,-0.6923658449222226
11.354,0,0.6941483237558456,1,-0.6941483237558456
11.356,0,0.6959185255035294,1,-0.6959185255035294
11.358,0,0.6976764400991962,1,-0.6976764400991962
11.36,0,0.6994220577527851,1,-0.6994220577527851
11.362,0,0.7011553689482093,1,-0.7011553689482093
11.364,0,0.7028763644413245,1,-0.7028763644413245
11.366,0,0.7045850352579095,1,-0.7045850352579095
11.368,0,0.7062813726916581,1,-0.7062813726916581
11.37,0,0.7079653683021836,1,-0.7079653683021836
11.372,0,0.7096370139130339,1,-0.7096370139130339
11.374,0,0.7112963016097192,1,-0.7112963016097192
11.376,0,0.7129432237377507,1,-0.7129432237377507
11.378,0,0.7145777729006902,1,-0.7145777729006902
11.38,0,0.7161999419582131,1,-0.7161999419582131
11.382,0,0.7178097240241802,1,-0.7178097240241802
11.384,0,0.7194071124647228,1,-0.7194071124647228
11.386,0,0.7209921008963379,1,-0.7209921008963379
11.388,0,0.7225646831839956,1,-0.7225646831839956
11.39,0,0.724124853439256,1,-0.724124853439256
11.392,0,0.7256726060183994,1,-0.7256726060183994
11.394,0,0.7272079355205654,1,-0.7272079355205654
11.396,0,0.728730836785904,1,-0.728730836785904
11.398,0,0.7302413048937377,1,-0.7302413048937377
11.4,0,0.7317393351607341,1,-0.7317393351607341
11.402,0,0.733224923139089,1,-0.733224923139089
11.404,0,0.7346980646147213,1,-0.7346980646147213
11.406,0,0.7361587556054769,1,-0.7361587556054769
11.408,0,0.737606992359345,1,-0.737606992359345
11.41,0,0.7390427713526834,1,-0.7390427713526834
11.412,0,0.7404660892884555,1,-0.7404660892884555
11.414,0,0.7418769430944772,1,-0.7418769430944772
11.416,0,0.7432753299216737,1,-0.7432753299216737
11.418,0,0.7446612471423476,1,-0.7446612471423476
11.42,0,0.746034692348457,1,-0.746034692348457
11.422,0,0.747395663349903,1,-0.747395663349903
11.424,0,0.7487441581728287,1,-0.7487441581728287
11.426,0,0.7500801750579269,1,-0.7500801750579269
11.428,0,0.7514037124587594,1,-0.7514037124587594
11.43,0,0.7527147690400848,1,-0.7527147690400848
11.432,0,0.7540133436761975,1,-0.7540133436761975
11.434,0,0.7552994354492755,1,-0.7552994354492755
11.436,0,0.7565730436477388,1,-0.7565730436477388
11.438,0,0.7578341677646176,1,-0.7578341677646176
11.44,0,0.75908280749593,1,-0.75908280749593
11.442,0,0.760318962739069,1,-0.760318962739069
11.444,0,0.7615426335911998,1,-0.7615426335911998
11.446,0,0.7627538203476668,1,-0.7627538203476668
11.448,0,0.7639525235004094,1,-0.7639525235004094
11.45,0,0.7651387437363876,1,-0.7651387437363876
11.452,0,0.7663124819360173,1,-0.7663124819360173
11.454,0,0.767473739171615,1,-0.767473739171615
11.456,0,0.768622516705851,1,-0.768622516705851
11.458,0,0.7697588159902132,1,-0.7697588159902132
11.46,0,0.7708826386634792,1,-0.7708826386634792
11.462,0,0.7719939865501976,1,-0.7719939865501976
11.464,0,0.773092861659179,1,-0.773092861659179
11.466,0,0.7741792661819957,1,-0.7741792661819957
11.468,0,0.7752532024914905,1,-0.7752532024914905
11.47,0,0.7763146731402946,1,-0.7763146731402946
11.472,0,0.7773636808593538,1,-0.7773636808593538
11.474,0,0.7784002285564651,1,-0.7784002285564651
11.476,0,0.7794243193148205,1,-0.7794243193148205
11.478,0,0.7804359563915604,1,-0.7804359563915604
11.48,0,0.7814351432163359,1,-0.7814351432163359
11.482,0,0.7824218833898794,1,-0.7824218833898794
11.484,0,0.783396180682584,1,-0.783396180682584
11.486,0,0.7843580390330915,1,-0.7843580390330915
11.488,0,0.7853074625468894,1,-0.7853074625468894
11.49,0,0.7862444554949155,1,-0.7862444554949155
11.492,0,0.7871690223121717,1,-0.7871690223121717
11.494,0,0.7880811675963463,1,-0.7880811675963463
11.496,0,0.7889808961064441,1,-0.7889808961064441
11.498,0,0.7898682127614253,1,-0.7898682127614253
11.5,0,0.7907431226388526,1,-0.7907431226388526
11.502,0,0.7916056309735465,1,-0.7916056309735465
11.504,0,0.792455743156249,1,-0.792455743156249
11.506,0,0.7932934647322949,1,-0.7932934647322949
11.508,0,0.794118801400292,1,-0.794118801400292
11.51,0,0.7949317590108088,1,-0.7949317590108088
11.512,0,0.7957323435650704,1,-0.7957323435650704
11.514,0,0.7965205612136627,1,-0.7965205612136627
11.516,0,0.7972964182552438,1,-0.7972964182552438
11.518,0,0.7980599211352641,1,-0.7980599211352641
11.52,0,0.7988110764446942,1,-0.7988110764446942
11.522,0,0.7995498909187595,1,-0.7995498909187595
11.524,0,0.8002763714356843,1,-0.8002763714356843
11.526,0,0.8009905250154422,1,-0.8009905250154422
11.528,0,0.8016923588185152,1,-0.8016923588185152
11.53,0,0.8023818801446594,1,-0.8023818801446594
11.532,0,0.8030590964316796,1,-0.8030590964316796
11.534,0,0.8037240152542104,1,-0.8037240152542104
11.536,0,0.8043766443225053,1,-0.8043766443225053
11.538,0,0.8050169914812332,1,-0.8050169914812332
11.54,0,0.8056450647082821,1,-0.8056450647082821
11.542,0,0.8062608721135711,1,-0.8062608721135711
11.544,0,0.8068644219378686,1,-0.8068644219378686
11.546,0,0.8074557225516183,1,-0.8074557225516183
11.548,0,0.8080347824537731,1,-0.8080347824537731
11.55,0,0.8086016102706352,1,-0.8086016102706352
11.552,0,0.8091562147547037,1,-0.8091562147547037
11.554,0,0.8096986047835303,1,-0.8096986047835303
11.556,0,0.8102287893585808,1,-0.8102287893585808
11.558,0,0.8107467776041045,1,-0.8107467776041045
11.56,0,0.8112525787660105,1,-0.8112525787660105
11.562,0,0.8117462022107509,1,-0.8117462022107509
11.564,0,0.8122276574242108,1,-0.8122276574242108
11.566,0,0.8126969540106059,1,-0.8126969540106059
11.568,0,0.8131541016913866,1,-0.8131541016913866
11.57,0,0.8135991103041482,1,-0.8135991103041482
11.572,0,0.8140319898015498,1,-0.8140319898015498
11.574,0,0.8144527502502377,1,-0.8144527502502377
11.576,0,0.8148614018297776,1,-0.8148614018297776
11.578,0,0.8152579548315922,1,-0.8152579548315922
11.58,0,0.8156424196579061,1,-0.8156424196579061
11.582,0,0.8160148068206968,1,-0.8160148068206968
11.584,0,0.8163751269406533,1,-0.8163751269406533
11.586,0,0.81672339074614,1,-0.81672339074614
11.588,0,0.8170596090721679,1,-0.8170596090721679
11.59,0,0.8173837928593726,1,-0.8173837928593726
11.592,0,0.8176959531529976,1,-0.8176959531529976
11.594,0,0.8179961011018854,1,-0.8179961011018854
11.596,0,0.818284247957474,1,-0.818284247957474
11.598,0,0.8185604050728003,1,-0.8185604050728003
11.6,0,0.8188245839015094,1,-0.8188245839015094
11.602,0,0.8190767959968706,1,-0.8190767959968706
11.604,0,0.8193170530107994,1,-0.8193170530107994
11.606,0,0.8195453666928857,1,-0.8195453666928857
11.608,0,0.8197617488894287,1,-0.8197617488894287
11.61,0,0.8199662115424767,1,-0.8199662115424767
11.612,0,0.820158766688875,1,-0.820158766688875
11.614,0,0.8203394264593176,1,-0.8203394264593176
11.616,0,0.8205082030774067,1,-0.8205082030774067
11.618,0,0.8206651088587176,1,-0.8206651088587176
11.62,0,0.8208101562098693,1,-0.8208101562098693
11.622,0,0.8209433576276016,1,-0.8209433576276016
11.624,0,0.8210647256978579,1,-0.8210647256978579
11.626,0,0.8211742730948736,1,-0.8211742730948736
11.628,0,0.8212720125802706,1,-0.8212720125802706
11.63,0,0.821357957002158,1,-0.821357957002158
11.632,0,0.8214321192942378,1,-0.8214321192942378
11.634,0,0.8214945124749169,1,-0.8214945124749169
11.636,0,0.8215451496464249,1,-0.8215451496464249
11.638,0,0.8215840439939371,1,-0.8215840439939371
11.64,0,0.8216112087847037,1,-0.8216112087847037
11.642,0,0.8216266573671842,1,-0.8216266573671842
11.644,0,0.8216304031701877,1,-0.8216304031701877
11.646,0,0.8216224597020186,1,-0.8216224597020186
11.648,0,0.8216028405496282,1,-0.8216028405496282
11.65,0,0.8215715593777708,1,-0.8215715593777708
11.652,0,0.8215286299281669,1,-0.8215286299281669
11.654,0,0.8214740660186701,1,-0.8214740660186701
11.656,0,0.8214078815424412,1,-0.8214078815424412
11.658,0,0.8213300904671255,1,-0.8213300904671255
11.66,0,0.8212407068340379,1,-0.8212407068340379
11.662,0,0.8211397447573516,1,-0.8211397447573516
11.664,0,0.8210272184232925,1,-0.8210272184232925
11.666,0,0.8209031420893391,1,-0.8209031420893391
11.668,0,0.820767530083428,1,-0.820767530083428
11.67,0,0.8206203968031632,1,-0.8206203968031632
11.672,0,0.8204617567150327,1,-0.8204617567150327
11.674,0,0.8202916243536282,1,-0.8202916243536282
11.676,0,0.8201100143208712,1,-0.8201100143208712
11.678,0,0.8199169412852435,1,-0.8199169412852435
11.68,0,0.8197124199810236,1,-0.8197124199810236
11.682,0,0.8194964652075273,1,-0.8194964652075273
11.684,0,0.8192690918283534,1,-0.8192690918283534
11.686,0,0.8190303147706351,1,-0.8190303147706351
11.688,0,0.8187801490242957,1,-0.8187801490242957
11.69,0,0.8185186096413092,1,-0.8185186096413092
11.692,0,0.8182457117349662,1,-0.8182457117349662
11.694,0,0.8179614704791445,1,-0.8179614704791445
11.696,0,0.8176659011075844,1,-0.8176659011075844
11.698,0,0.8173590189131691,1,-0.8173590189131691
11.7,0,0.8170408392472095,1,-0.8170408392472095
11.702,0,0.8167113775187341,1,-0.8167113775187341
11.704,0,0.8163706491937838,1,-0.8163706491937838
11.706,0,0.8160186697947107,1,-0.8160186697947107
11.708,0,0.8156554548994824,1,-0.8156554548994824
11.71,0,0.8152810201409906,1,-0.8152810201409906
11.712,0,0.8148953812063638,1,-0.8148953812063638
11.714,0,0.814498553836286,1,-0.814498553836286
11.716,0,0.8140905538243183,1,-0.8140905538243183
11.718,0,0.8136713970162265,1,-0.8136713970162265
11.72,0,0.8132410993093122,1,-0.8132410993093122
11.722,0,0.812799676651749,1,-0.812799676651749
11.724,0,0.8123471450419231,1,-0.8123471450419231
11.726,0,0.8118835205277778,1,-0.8118835205277778
11.728,0,0.8114088192061636,1,-0.8114088192061636
11.73,0,0.8109230572221914,1,-0.8109230572221914
11.732,0,0.8104262507685907,1,-0.8104262507685907
11.734,0,0.8099184160850724,1,-0.8099184160850724
11.736,0,0.8093995694576956,1,-0.8093995694576956
11.738,0,0.8088697272182387,1,-0.8088697272182387
11.74,0,0.8083289057435744,1,-0.8083289057435744
11.742,0,0.8077771214550503,1,-0.8077771214550503
11.744,0,0.8072143908178722,1,-0.8072143908178722
11.746,0,0.8066407303404922,1,-0.8066407303404922
11.748,0,0.8060561565740014,1,-0.8060561565740014
11.75,0,0.8054606861115262,1,-0.8054606861115262
11.752,0,0.8048543355876289,1,-0.8048543355876289
11.754,0,0.8042371216777122,1,-0.8042371216777122
11.756,0,0.8036090610974288,1,-0.8036090610974288
11.758,0,0.8029701706020935,1,-0.8029701706020935
11.76,0,0.8023204669861005,1,-0.8023204669861005
11.762,0,0.8016599670823443,1,-0.8016599670823443
11.764,0,0.800988687761645,1,-0.800988687761645
11.766,0,0.8003066459321766,1,-0.8003066459321766
11.768,0,0.7996138585389004,1,-0.7996138585389004
11.77,0,0.7989103425630019,1,-0.7989103425630019
11.772,0,0.7981961150213309,1,-0.7981961150213309
11.774,0,0.7974711929658471,1,-0.7974711929658471
11.776,0,0.7967355934830679,1,-0.7967355934830679
11.778,0,0.7959893336935209,1,-0.7959893336935209
11.78,0,0.7952324307512001,1,-0.7952324307512001
11.782,0,0.794464901843026,1,-0.794464901843026
11.784,0,0.7936867641883092,1,-0.7936867641883092
11.786,0,0.7928980350382179,1,-0.7928980350382179
11.788,0,0.7920987316752491,1,-0.7920987316752491
11.79,0,0.7912888714127038,1,-0.7912888714127038
11.792,0,0.7904684715941652,1,-0.7904684715941652
11.794,0,0.7896375495929817,1,-0.7896375495929817
11.796,0,0.788796122811752,1,-0.788796122811752
11.798,0,0.7879442086818156,1,-0.7879442086818156
11.8,0,0.787081824662745,1,-0.787081824662745
11.802,0,0.7862089882418436,1,-0.7862089882418436
11.804,0,0.7853257169336453,1,-0.7853257169336453
11.806,0,0.7844320282794184,1,-0.7844320282794184
11.808,0,0.7835279398466736,1,-0.7835279398466736
11.81,0,0.7826134692286745,1,-0.7826134692286745
11.812,0,0.7816886340439519,1,-0.7816886340439519
11.814,0,0.7807534519358224,1,-0.7807534519358224
11.816,0,0.7798079405719087,1,-0.7798079405719087
11.818,0,0.7788521176436655,1,-0.7788521176436655
11.82,0,0.7778860008659065,1,-0.7778860008659065
11.822,0,0.7769096079763372,1,-0.7769096079763372
11.824,0,0.7759229567350888,1,-0.7759229567350888
11.826,0,0.774926064924257,1,-0.774926064924257
11.828,0,0.7739189503474434,1,-0.7739189503474434
11.83,0,0.7729016308293007,1,-0.7729016308293007
11.832,0,0.7718741242150806,1,-0.7718741242150806
11.834,0,0.7708364483701854,1,-0.7708364483701854
11.836,0,0.7697886211797226,1,-0.7697886211797226
11.838,0,0.7687306605480632,1,-0.7687306605480632
11.84,0,0.7676625843984026,1,-0.7676625843984026
11.842,0,0.7665844106723252,1,-0.7665844106723252
11.844,0,0.7654961573293715,1,-0.7654961573293715
11.846,0,0.7643978423466093,1,-0.7643978423466093
11.848,0,0.7632894837182076,1,-0.7632894837182076
11.85,0,0.7621710994550128,1,-0.7621710994550128
11.852,0,0.76104270758413,1,-0.76104270758413
11.854,0,0.759904326148505,1,-0.759904326148505
11.856,0,0.7587559732065114,1,-0.7587559732065114
11.858,0,0.7575976668315395,1,-0.7575976668315395
11.86,0,0.7564294251115885,1,-0.7564294251115885
11.862,0,0.7552512661488622,1,-0.7552512661488622
11.864,0,0.7540632080593671,1,-0.7540632080593671
11.866,0,0.7528652689725137,1,-0.7528652689725137
11.868,0,0.751657467030721,1,-0.751657467030721
11.87,0,0.7504398203890235,1,-0.7504398203890235
11.872,0,0.7492123472146814,1,-0.7492123472146814
11.874,0,0.7479750656867939,1,-0.7479750656867939
11.876,0,0.7467279939959148,1,-0.7467279939959148
11.878,0,0.7454711503436715,1,-0.7454711503436715
11.88,0,0.7442045529423869,1,-0.7442045529423869
11.882,0,0.7429282200147035,1,-0.7429282200147035
11.884,0,0.7416421697932112,1,-0.7416421697932112
11.886,0,0.7403464205200774,1,-0.7403464205200774
11.888,0,0.7390409904466796,1,-0.7390409904466796
11.89,0,0.7377258978332417,1,-0.7377258978332417
11.892,0,0.7364011609484723,1,-0.7364011609484723
11.894,0,0.7350667980692056,1,-0.7350667980692056
11.896,0,0.733722827480046,1,-0.733722827480046
11.898,0,0.7323692674730146,1,-0.7323692674730146
11.9,0,0.731006136347198,1,-0.731006136347198
11.902,0,0.7296334524084015,1,-0.7296334524084015
11.904,0,0.7282512339688028,1,-0.7282512339688028
11.906,0,0.72685949934661,1,-0.72685949934661
11.908,0,0.7254582668657216,1,-0.7254582668657216
11.91,0,0.7240475548553887,1,-0.7240475548553887
11.912,0,0.7226273816498809,1,-0.7226273816498809
11.914,0,0.7211977655881536,1,-0.7211977655881536
11.916,0,0.7197587250135186,1,-0.7197587250135186
11.918,0,0.7183102782733171,1,-0.7183102782733171
11.92,0,0.7168524437185951,1,-0.7168524437185951
11.922,0,0.7153852397037818,1,-0.7153852397037818
11.924,0,0.7139086845863695,1,-0.7139086845863695
11.926,0,0.7124227967265971,1,-0.7124227967265971
11.928,0,0.7109275944871358,1,-0.7109275944871358
11.93,0,0.7094230962327766,1,-0.7094230962327766
11.932,0,0.7079093203301207,1,-0.7079093203301207
11.934,0,0.7063862851472731,1,-0.7063862851472731
11.936,0,0.7048540090535371,1,-0.7048540090535371
11.938,0,0.7033125104191127,1,-0.7033125104191127
11.94,0,0.7017618076147961,1,-0.7017618076147961
11.942,0,0.7002019190116826,1,-0.7002019190116826
11.944,0,0.6986328629808711,1,-0.6986328629808711
11.946,0,0.6970546578931718,1,-0.6970546578931718
11.948,0,0.6954673221188151,1,-0.6954673221188151
11.95,0,0.6938708740271643,1,-0.6938708740271643
11.952,0,0.6922653319864288,1,-0.6922653319864288
11.954,0,0.6906507143633814,1,-0.6906507143633814
11.956,0,0.6890270395230766,1,-0.6890270395230766
11.958,0,0.6873943258285719,1,-0.6873943258285719
11.96,0,0.6857525916406505,1,-0.6857525916406505
11.962,0,0.6841018553175477,1,-0.6841018553175477
11.964,0,0.6824421352146781,1,-0.6824421352146781
11.966,0,0.6807734496843654,1,-0.6807734496843654
11.968,0,0.679095817075575,1,-0.679095817075575
11.97,0,0.6774092557336482,1,-0.6774092557336482
11.972,0,0.6757137840000386,1,-0.6757137840000386
11.974,0,0.6740094202120509,1,-0.6740094202120509
11.976,0,0.6722961827025816,1,-0.6722961827025816
11.978,0,0.6705740897998622,1,-0.6705740897998622
11.98,0,0.6688431598272041,1,-0.6688431598272041
11.982,0,0.667103411102746,1,-0.667103411102746
11.984,0,0.6653548619392027,1,-0.6653548619392027
11.986,0,0.663597530643617,1,-0.663597530643617
11.988,0,0.6618314355171133,1,-0.6618314355171133
11.99,0,0.6600565948546524,1,-0.6600565948546524
11.992,0,0.6582730269447896,1,-0.6582730269447896
11.994,0,0.6564807500694342,1,-0.6564807500694342
11.996,0,0.6546797825036109,1,-0.6546797825036109
11.998,0,0.6528701425152239,1,-0.6528701425152239
12,0,0.6510518483648218,1,-0.6510518483648218
12.002,0,0.6492249183053659,1,-0.6492249183053659
12.004,0,0.6473893705819994,1,-0.6473893705819994
12.006,0,0.645545223431819,1,-0.645545223431819
12.008,0,0.6436924950836483,1,-0.6436924950836483
12.01,0,0.6418312037578137,1,-0.6418312037578137
12.012,0,0.6399613676659209,1,-0.6399613676659209
12.014,0,0.6380830050106351,1,-0.6380830050106351
12.016,0,0.6361961339854613,1,-0.6361961339854613
12.018,0,0.6343007727745279,1,-0.6343007727745279
12.02,0,0.6323969395523716,1,-0.6323969395523716
12.022,0,0.6304846524837241,1,-0.6304846524837241
12.024,0,0.6285639297233003,1,-0.6285639297233003
12.026,0,0.6266347894155898,1,-0.6266347894155898
12.028,0,0.6246972496946483,1,-0.6246972496946483
12.03,0,0.6227513286838923,1,-0.6227513286838923
12.032,0,0.6207970444958946,1,-0.6207970444958946
12.034,0,0.6188344152321824,1,-0.6188344152321824
12.036,0,0.6168634589830371,1,-0.6168634589830371
12.038,0,0.6148841938272948,1,-0.6148841938272948
12.04,0,0.6128966378321501,1,-0.6128966378321501
12.042,0,0.6109008090529607,1,-0.6109008090529607
12.044,0,0.608896725533054,1,-0.608896725533054
12.046,0,0.6068844053035353,1,-0.6068844053035353
12.048,0,0.6048638663830981,1,-0.6048638663830981
12.05,0,0.6028351267778356,1,-0.6028351267778356
12.052,0,0.6007982044810544,1,-0.6007982044810544
12.054,0,0.5987531174730892,1,-0.5987531174730892
12.056,0,0.5966998837211203,1,-0.5966998837211203
12.058,0,0.5946385211789912,1,-0.5946385211789912
12.06,0,0.5925690477870298,1,-0.5925690477870298
12.062,0,0.5904914814718693,1,-0.5904914814718693
12.064,0,0.5884058401462721,1,-0.5884058401462721
12.066,0,0.5863121417089547,1,-0.5863121417089547
12.068,0,0.5842104040444147,1,-0.5842104040444147
12.07,0,0.5821006450227585,1,-0.5821006450227585
12.072,0,0.5799828824995316,1,-0.5799828824995316
12.074,0,0.5778571343155499,1,-0.5778571343155499
12.076,0,0.575723418296733,1,-0.575723418296733
12.078,0,0.5735817522539388,1,-0.5735817522539388
12.08,0,0.5714321539827992,1,-0.5714321539827992
12.082,0,0.5692746412635583,1,-0.5692746412635583
12.084,0,0.5671092318609116,1,-0.5671092318609116
12.086,0,0.5649359435238465,1,-0.5649359435238465
12.088,0,0.562754793985485,1,-0.562754793985485
12.09,0,0.5605658009629275,1,-0.5605658009629275
12.092,0,0.5583689821570977,1,-0.5583689821570977
12.094,0,0.5561643552525898,1,-0.5561643552525898
12.096,0,0.5539519379175165,1,-0.5539519379175165
12.098,0,0.5517317478033593,1,-0.5517317478033593
12.1,0,0.5495038025448191,1,-0.5495038025448191
12.102,0,0.5472681197596692,1,-0.5472681197596692
12.104,0,0.5450247170486091,1,-0.5450247170486091
12.106,0,0.5427736119951209,1,-0.5427736119951209
12.108,0,0.5405148221653251,1,-0.5405148221653251
12.11,0,0.5382483651078399,1,-0.5382483651078399
12.112,0,0.5359742583536408,1,-0.5359742583536408
12.114,0,0.5336925194159213,1,-0.5336925194159213
12.116,0,0.5314031657899564,1,-0.5314031657899564
12.118,0,0.5291062149529657,1,-0.5291062149529657
12.12,0,0.5268016843639793,1,-0.5268016843639793
12.122,0,0.5244895914637042,1,-0.5244895914637042
12.124,0,0.5221699536743925,1,-0.5221699536743925
12.126,0,0.5198427883997108,1,-0.5198427883997108
12.128,0,0.517508113024611,1,-0.517508113024611
12.13,0,0.5151659449152022,1,-0.5151659449152022
12.132,0,0.5128163014186243,1,-0.5128163014186243
12.134,0,0.5104591998629225,1,-0.5104591998629225
12.136,0,0.5080946575569235,1,-0.5080946575569235
12.138,0,0.5057226917901126,1,-0.5057226917901126
12.14,0,0.5033433198325125,1,-0.5033433198325125
12.142,0,0.5009565589345628,1,-0.5009565589345628
12.144,0,0.4985624263270018,1,-0.4985624263270018
12.146,0,0.4961609392207481,1,-0.4961609392207481
12.148,0,0.4937521148067848,1,-0.4937521148067848
12.15,0,0.4913359702560442,1,-0.4913359702560442
12.152,0,0.4889125227192938,1,-0.4889125227192938
12.154,0,0.486481789327024,1,-0.486481789327024
12.156,0,0.4840437871893364,1,-0.4840437871893364
12.158,0,0.4815985333958335,1,-0.4815985333958335
12.16,0,0.4791460450155102,1,-0.4791460450155102
12.162,0,0.4766863390966453,1,-0.4766863390966453
12.164,0,0.4742194326666955,1,-0.4742194326666955
12.166,0,0.4717453427321895,1,-0.4717453427321895
12.168,0,0.4692640862786241,1,-0.4692640862786241
12.17,0,0.4667756802703608,1,-0.4667756802703608
12.172,0,0.4642801416505239,1,-0.4642801416505239
12.174,0,0.4617774873409002,1,-0.4617774873409002
12.176,0,0.4592677342418385,1,-0.4592677342418385
12.178,0,0.4567508992321518,1,-0.4567508992321518
12.18,0,0.4542269991690196,1,-0.4542269991690196
12.182,0,0.4516960508878917,1,-0.4516960508878917
12.184,0,0.4491580712023931,1,-0.4491580712023931
12.186,0,0.4466130769042299,1,-0.4466130769042299
12.188,0,0.4440610847630963,1,-0.4440610847630963
12.19,0,0.4415021115265829,1,-0.4415021115265829
12.192,0,0.4389361739200857,1,-0.4389361739200857
12.194,0,0.4363632886467167,1,-0.4363632886467167
12.196,0,0.4337834723872152,1,-0.4337834723872152
12.198,0,0.4311967417998601,1,-0.4311967417998601
12.2,0,0.4286031135203833,1,-0.4286031135203833
12.202,0,0.4260026041618847,1,-0.4260026041618847
12.204,0,0.4233952303147474,1,-0.4233952303147474
12.206,0,0.4207810085465544,1,-0.4207810085465544
12.208,0,0.4181599554020062,1,-0.4181599554020062
12.21,0,0.4155320874028397,1,-0.4155320874028397
12.212,0,0.4128974210477477,1,-0.4128974210477477
12.214,0,0.4102559728122995,1,-0.4102559728122995
12.216,0,0.407607759148863,1,-0.407607759148863
12.218,0,0.4049527964865268,1,-0.4049527964865268
12.22,0,0.4022911012310242,1,-0.4022911012310242
12.222,0,0.3996226897646581,1,-0.3996226897646581
12.224,0,0.3969475784462261,1,-0.3969475784462261
12.226,0,0.3942657836109474,1,-0.3942657836109474
12.228,0,0.3915773215703904,1,-0.3915773215703904
12.23,0,0.3888822086124009,1,-0.3888822086124009
12.232,0,0.386180461001032,1,-0.386180461001032
12.234,0,0.3834720949764742,1,-0.3834720949764742
12.236,0,0.3807571267549867,1,-0.3807571267549867
12.238,0,0.3780355725288299,1,-0.3780355725288299
12.24,0,0.3753074484661983,1,-0.3753074484661983
12.242,0,0.3725727707111548,1,-0.3725727707111548
12.244,0,0.3698315553835657,1,-0.3698315553835657
12.246,0,0.3670838185790365,1,-0.3670838185790365
12.248,0,0.3643295763688489,1,-0.3643295763688489
12.25,0,0.3615688447998982,1,-0.3615688447998982
12.252,0,0.3588016398946321,1,-0.3588016398946321
12.254,0,0.3560279776509902,1,-0.3560279776509902
12.256,0,0.3532478740423443,1,-0.3532478740423443
12.258,0,0.3504613450174393,1,-0.3504613450174393
12.26,0,0.3476684065003359,1,-0.3476684065003359
12.262,0,0.3448690743903529,1,-0.3448690743903529
12.264,0,0.3420633645620113,1,-0.3420633645620113
12.266,0,0.3392512928649788,1,-0.3392512928649788
12.268,0,0.3364328751240154,1,-0.3364328751240154
12.27,0,0.3336081271389194,1,-0.3336081271389194
12.272,0,0.3307770646844748,1,-0.3307770646844748
12.274,0,0.327939703510399,1,-0.327939703510399
12.276,0,0.3250960593412918,1,-0.3250960593412918
12.278,0,0.3222461478765847,1,-0.3222461478765847
12.28,0,0.3193899847904914,1,-0.3193899847904914
12.282,0,0.3165275857319586,1,-0.3165275857319586
12.284,0,0.3136589663246188,1,-0.3136589663246188
12.286,0,0.3107841421667419,1,-0.3107841421667419
12.288,0,0.3079031288311898,1,-0.3079031288311898
12.29,0,0.3050159418653698,1,-0.3050159418653698
12.292,0,0.3021225967911902,1,-0.3021225967911902
12.294,0,0.2992231091050159,1,-0.2992231091050159
12.296,0,0.296317494277625,1,-0.296317494277625
12.298,0,0.2934057677541662,1,-0.2934057677541662
12.3,0,0.2904879449541167,1,-0.2904879449541167
12.302,0,0.2875640412712415,1,-0.2875640412712415
12.304,0,0.2846340720735523,1,-0.2846340720735523
12.306,0,0.2816980527032682,1,-0.2816980527032682
12.308,0,0.2787559984767767,1,-0.2787559984767767
12.31,0,0.2758079246845955,1,-0.2758079246845955
12.312,0,0.2728538465913345,1,-0.2728538465913345
12.314,0,0.2698937794356597,1,-0.2698937794356597
12.316,0,0.2669277384302565,1,-0.2669277384302565
12.318,0,0.2639557387617945,1,-0.2639557387617945
12.32,0,0.2609777955908927,1,-0.2609777955908927
12.322,0,0.2579939240520859,1,-0.2579939240520859
12.324,0,0.2550041392537905,1,-0.2550041392537905
12.326,0,0.2520084562782727,1,-0.2520084562782727
12.328,0,0.2490068901816159,1,-0.2490068901816159
12.33,0,0.2459994559936898,1,-0.2459994559936898
12.332,0,0.2429861687181196,1,-0.2429861687181196
12.334,0,0.2399670433322559,1,-0.2399670433322559
12.336,0,0.2369420947871455,1,-0.2369420947871455
12.338,0,0.2339113380075029,1,-0.2339113380075029
12.34,0,0.2308747878916819,1,-0.2308747878916819
12.342,0,0.2278324593116486,1,-0.2278324593116486
12.344,0,0.2247843671129541,1,-0.2247843671129541
12.346,0,0.2217305261147093,1,-0.2217305261147093
12.348,0,0.2186709511095585,1,-0.2186709511095585
12.35,0,0.2156056568636551,1,-0.2156056568636551
12.352,0,0.2125346581166371,1,-0.2125346581166371
12.354,0,0.2094579695816037,1,-0.2094579695816037
12.356,0,0.2063756059450921,1,-0.2063756059450921
12.358,0,0.2032875818670553,1,-0.2032875818670553
12.36,0,0.20019391198084,1,-0.20019391198084
12.362,0,0.1970946108931658,1,-0.1970946108931658
12.364,0,0.1939896931841043,1,-0.1939896931841043
12.366,0,0.190879173407059,1,-0.190879173407059
12.368,0,0.1877630660887462,1,-0.1877630660887462
12.37,0,0.184641385729176,1,-0.184641385729176
12.372,0,0.181514146801634,1,-0.181514146801634
12.374,0,0.1783813637526635,1,-0.1783813637526635
12.376,0,0.1752430510020485,1,-0.1752430510020485
12.378,0,0.172099222942797,1,-0.172099222942797
12.38,0,0.1689498939411253,1,-0.1689498939411253
12.382,0,0.165795078336442,1,-0.165795078336442
12.384,0,0.1626347904413337,1,-0.1626347904413337
12.386,0,0.1594690445415501,1,-0.1594690445415501
12.388,0,0.1562978548959906,1,-0.1562978548959906
12.39,0,0.1531212357366905,1,-0.1531212357366905
12.392,0,0.1499392012688089,1,-0.1499392012688089
12.394,0,0.146751765670616,1,-0.146751765670616
12.396,0,0.1435589430934817,1,-0.1435589430934817
12.398,0,0.1403607476618639,1,-0.1403607476618639
12.4,0,0.1371571934732987,1,-0.1371571934732987
12.402,0,0.1339482945983894,1,-0.1339482945983894
12.404,0,0.1307340650807976,1,-0.1307340650807976
12.406,0,0.1275145189372334,1,-0.1275145189372334
12.408,0,0.1242896701574473,1,-0.1242896701574473
12.41,0,0.1210595327042218,1,-0.1210595327042218
12.412,0,0.1178241205133639,1,-0.1178241205133639
12.414,0,0.1145834474936979,1,-0.1145834474936979
12.416,0,0.1113375275270587,1,-0.1113375275270587
12.418,0,0.1080863744682856,1,-0.1080863744682856
12.42,0,0.1048300021452171,1,-0.1048300021452171
12.422,0,0.1015684243586847,1,-0.1015684243586847
12.424,0,0.09830165488250925,1,-0.09830165488250925
12.426,0,0.09502970746349587,1,-0.09502970746349587
12.428,0,0.09175259582143053,1,-0.09175259582143053
12.43,0,0.08847033364907658,1,-0.08847033364907658
12.432,0,0.08518293461217191,1,-0.08518293461217191
12.434,0,0.08189041234942647,1,-0.08189041234942647
12.436,0,0.0785927804725203,1,-0.0785927804725203
12.438,0,0.07529005256610199,1,-0.07529005256610199
12.44,0,0.07198224218778758,1,-0.07198224218778758
12.442,0,0.06866936286815988,1,-0.06866936286815988
12.444,0,0.06535142811076829,1,-0.06535142811076829
12.446,0,0.06202845139212899,1,-0.06202845139212899
12.448,0,0.05870044616172558,1,-0.05870044616172558
12.45,0,0.05536742584201013,1,-0.05536742584201013
12.452,0,0.05202940382840467,1,-0.05202940382840467
12.454,0,0.04868639348930313,1,-0.04868639348930313
12.456,0,0.04533840816607363,1,-0.04533840816607363
12.458,0,0.04198546117306121,1,-0.04198546117306121
12.46,0,0.038627565797591,1,-0.038627565797591
12.462,0,0.03526473529997175,1,-0.03526473529997175
12.464,0,0.03189698291349976,1,-0.03189698291349976
12.466,0,0.02852432184446328,1,-0.02852432184446328
12.468,0,0.02514676527214722,1,-0.02514676527214722
12.47,0,0.02176432634883829,1,-0.02176432634883829
12.472,0,0.01837701819983053,1,-0.01837701819983053
12.474,0,0.01498485392343124,1,-0.01498485392343124
12.476,0,0.01158784659096726,1,-0.01158784659096726
12.478,0,0.008186009246791635,1,-0.008186009246791635
12.48,0,0.004779354908290687,1,-0.004779354908290687
12.482,0,0.001367896565891437,1,-0.001367896565891437
12.484,0,-0.002048339483597269,-1,0.002048339483597269
12.486,0,-0.005469220853742173,-1,0.005469220853742173
12.488,0,-0.008894576316016386,-1,0.008894576316016386
12.49,0,-0.01232423595275212,-1,0.01232423595275212
12.492,0,-0.01575803113160805,-1,0.01575803113160805
12.494,0,-0.01919579449801513,-1,0.01919579449801513
12.496,0,-0.02263735996766211,-1,0.02263735996766211
12.498,0,-0.02608256271902079,-1,0.02608256271902079
12.5,0,-0.02953123918591072,-1,0.02953123918591072
12.502,0,-0.03298322705010301,-1,0.03298322705010301
12.504,0,-0.03643836523396335,-1,0.03643836523396335
12.506,0,-0.03989649389313376,-1,0.03989649389313376
12.508,0,-0.04335745440925307,-1,0.04335745440925307
12.51,0,-0.0468210893827158,-1,0.0468210893827158
12.512,0,-0.05028724262546941,-1,0.05028724262546941
12.514,0,-0.05375575915384953,-1,0.05375575915384953
12.516,0,-0.05722648518145317,-1,0.05722648518145317
12.518,0,-0.06069926811204958,-1,0.06069926811204958
12.52,0,-0.06417395653252865,-1,0.06417395653252865
12.522,0,-0.06765040020588665,-1,0.06765040020588665
12.524,0,-0.07112845006424916,-1,0.07112845006424916
12.526,0,-0.07460795820193082,-1,0.07460795820193082
12.528,0,-0.07808877786853205,-1,0.07808877786853205
12.53,0,-0.08157076346207222,-1,0.08157076346207222
12.532,0,-0.08505377052215929,-1,0.08505377052215929
12.534,0,-0.08853765572319569,-1,0.08853765572319569
12.536,0,-0.09202227686762023,-1,0.09202227686762023
12.538,0,-0.09550749287918589,-1,0.09550749287918589
12.54,0,-0.09899316379627331,-1,0.09899316379627331
12.542,0,-0.1024791507652398,-1,0.1024791507652398
12.544,0,-0.1059653160338037,-1,0.1059653160338037
12.546,0,-0.1094515229444637,-1,0.1094515229444637
12.548,0,-0.1129376359279537,-1,0.1129376359279537
12.55,0,-0.1164235204967318,-1,0.1164235204967318
12.552,0,-0.1199090432385043,-1,0.1199090432385043
12.554,0,-0.1233940718097842,-1,0.1233940718097842
12.556,0,-0.1268784749294837,-1,0.1268784749294837
12.558,0,-0.1303621223725416,-1,0.1303621223725416
12.56,0,-0.133844884963583,-1,0.133844884963583
12.562,0,-0.1373266345706152,-1,0.1373266345706152
12.564,0,-0.1408072440987547,-1,0.1408072440987547
12.566,0,-0.1442865874839896,-1,0.1442865874839896
12.568,0,-0.147764539686974,-1,0.147764539686974
12.57,0,-0.1512409766868565,-1,0.1512409766868565
12.572,0,-0.1547157754751407,-1,0.1547157754751407
12.574,0,-0.1581888140495792,-1,0.1581888140495792
12.576,0,-0.1616599714081001,-1,0.1616599714081001
12.578,0,-0.1651291275427654,-1,0.1651291275427654
12.58,0,-0.1685961634337625,-1,0.1685961634337625
12.582,0,-0.1720609610434274,-1,0.1720609610434274
12.584,0,-0.1755234033102996,-1,0.1755234033102996
12.586,0,-0.1789833741432096,-1,0.1789833741432096
12.588,0,-0.1824407584153974,-1,0.1824407584153974
12.59,0,-0.1858954419586625,-1,0.1858954419586625
12.592,0,-0.1893473115575455,-1,0.1893473115575455
12.594,0,-0.1927962549435411,-1,0.1927962549435411
12.596,0,-0.1962421607893413,-1,0.1962421607893413
12.598,0,-0.1996849187031106,-1,0.1996849187031106
12.6,0,-0.2031244192227906,-1,0.2031244192227906
12.602,0,-0.2065605538104365,-1,0.2065605538104365
12.604,0,-0.2099932148465829,-1,0.2099932148465829
12.606,0,-0.2134222956246406,-1,0.2134222956246406
12.608,0,-0.2168476903453231,-1,0.2168476903453231
12.61,0,-0.2202692941111032,-1,0.2202692941111032
12.612,0,-0.2236870029206992,-1,0.2236870029206992
12.614,0,-0.2271007136635914,-1,0.2271007136635914
12.616,0,-0.2305103241145669,-1,0.2305103241145669
12.618,0,-0.2339157329282951,-1,0.2339157329282951
12.62,0,-0.2373168396339316,-1,0.2373168396339316
12.622,0,-0.2407135446297511,-1,0.2407135446297511
12.624,0,-0.2441057491778097,-1,0.2441057491778097
12.626,0,-0.2474933553986357,-1,0.2474933553986357
12.628,0,-0.2508762662659489,-1,0.2508762662659489
12.63,0,-0.2542543856014087,-1,0.2542543856014087
12.632,0,-0.2576276180693903,-1,0.2576276180693903
12.634,0,-0.2609958691717891,-1,0.2609958691717891
12.636,0,-0.264359045242853,-1,0.264359045242853
12.638,0,-0.2677170534440435,-1,0.2677170534440435
12.64,0,-0.271069801758923,-1,0.271069801758923
12.642,0,-0.2744171989880713,-1,0.2744171989880713
12.644,0,-0.2777591547440286,-1,0.2777591547440286
12.646,0,-0.2810955794462661,-1,0.2810955794462661
12.648,0,-0.284426384316184,-1,0.284426384316184
12.65,0,-0.2877514813721366,-1,0.2877514813721366
12.652,0,-0.2910707834244839,-1,0.2910707834244839
12.654,0,-0.2943842040706703,-1,0.2943842040706703
12.656,0,-0.2976916576903303,-1,0.2976916576903303
12.658,0,-0.3009930594404202,-1,0.3009930594404202
12.66,0,-0.304288325250376,-1,0.304288325250376
12.662,0,-0.3075773718172988,-1,0.3075773718172988
12.664,0,-0.310860116601165,-1,0.310860116601165
12.666,0,-0.314136477820063,-1,0.314136477820063
12.668,0,-0.3174063744454558,-1,0.3174063744454558
12.67,0,-0.3206697261974697,-1,0.3206697261974697
12.672,0,-0.3239264535402076,-1,0.3239264535402076
12.674,0,-0.327176477677089,-1,0.327176477677089
12.676,0,-0.3304197205462145,-1,0.3304197205462145
12.678,0,-0.3336561048157558,-1,0.3336561048157558
12.68,0,-0.336885553879371,-1,0.336885553879371
12.682,0,-0.3401079918516443,-1,0.3401079918516443
12.684,0,-0.3433233435635514,-1,0.3433233435635514
12.686,0,-0.3465315345579488,-1,0.3465315345579488
12.688,0,-0.349732491085088,-1,0.349732491085088
12.69,0,-0.3529261400981544,-1,0.3529261400981544
12.692,0,-0.3561124092488305,-1,0.3561124092488305
12.694,0,-0.3592912268828825,-1,0.3592912268828825
12.696,0,-0.3624625220357725,-1,0.3624625220357725
12.698,0,-0.3656262244282933,-1,0.3656262244282933
12.7,0,-0.3687822644622278,-1,0.3687822644622278
12.702,0,-0.3719305732160318,-1,0.3719305732160318
12.704,0,-0.3750710824405409,-1,0.3750710824405409
12.706,0,-0.3782037245547002,-1,0.3782037245547002
12.708,0,-0.3813284326413177,-1,0.3813284326413177
12.71,0,-0.3844451404428413,-1,0.3844451404428413
12.712,0,-0.3875537823571585,-1,0.3875537823571585
12.714,0,-0.390654293433419,-1,0.390654293433419
12.716,0,-0.3937466093678808,-1,0.3937466093678808
12.718,0,-0.3968306664997785,-1,0.3968306664997785
12.72,0,-0.3999064018072148,-1,0.3999064018072148
12.722,0,-0.4029737529030739,-1,0.4029737529030739
12.724,0,-0.4060326580309578,-1,0.4060326580309578
12.726,0,-0.4090830560611454,-1,0.4090830560611454
12.728,0,-0.4121248864865722,-1,0.4121248864865722
12.73,0,-0.4151580894188342,-1,0.4151580894188342
12.732,0,-0.4181826055842122,-1,0.4181826055842122
12.734,0,-0.4211983763197185,-1,0.4211983763197185
12.736,0,-0.4242053435691658,-1,0.4242053435691658
12.738,0,-0.427203449879257,-1,0.427203449879257
12.74,0,-0.430192638395697,-1,0.430192638395697
12.742,0,-0.4331728528593258,-1,0.4331728528593258
12.744,0,-0.4361440376022732,-1,0.4361440376022732
12.746,0,-0.4391061375441341,-1,0.4391061375441341
12.748,0,-0.4420590981881657,-1,0.4420590981881657
12.75,0,-0.445002865617505,-1,0.445002865617505
12.752,0,-0.4479373864914075,-1,0.4479373864914075
12.754,0,-0.450862608041507,-1,0.450862608041507
12.756,0,-0.4537784780680952,-1,0.4537784780680952
12.758,0,-0.4566849449364233,-1,0.4566849449364233
12.76,0,-0.4595819575730223,-1,0.4595819575730223
12.762,0,-0.4624694654620451,-1,0.4624694654620451
12.764,0,-0.4653474186416283,-1,0.4653474186416283
12.766,0,-0.4682157677002741,-1,0.4682157677002741
12.768,0,-0.4710744637732525,-1,0.4710744637732525
12.77,0,-0.4739234585390231,-1,0.4739234585390231
12.772,0,-0.4767627042156773,-1,0.4767627042156773
12.774,0,-0.4795921535573998,-1,0.4795921535573998
12.776,0,-0.4824117598509495,-1,0.4824117598509495
12.778,0,-0.4852214769121609,-1,0.4852214769121609
12.78,0,-0.4880212590824643,-1,0.4880212590824643
12.782,0,-0.4908110612254249,-1,0.4908110612254249
12.784,0,-0.4935908387233025,-1,0.4935908387233025
12.786,0,-0.4963605474736287,-1,0.4963605474736287
12.788,0,-0.4991201438858045,-1,0.4991201438858045
12.79,0,-0.5018695848777163,-1,0.5018695848777163
12.792,0,-0.5046088278723707,-1,0.5046088278723707
12.794,0,-0.5073378307945483,-1,0.5073378307945483
12.796,0,-0.5100565520674759,-1,0.5100565520674759
12.798,0,-0.5127649506095173,-1,0.5127649506095173
12.8,0,-0.5154629858308831,-1,0.5154629858308831
12.802,0,-0.5181506176303582,-1,0.5181506176303582
12.804,0,-0.5208278063920476,-1,0.5208278063920476
12.806,0,-0.5234945129821413,-1,0.5234945129821413
12.808,0,-0.5261506987456961,-1,0.5261506987456961
12.81,0,-0.528796325503436,-1,0.528796325503436
12.812,0,-0.531431355548571,-1,0.531431355548571
12.814,0,-0.5340557516436324,-1,0.5340557516436324
12.816,0,-0.5366694770173273,-1,0.5366694770173273
12.818,0,-0.5392724953614095,-1,0.5392724953614095
12.82,0,-0.5418647708275693,-1,0.5418647708275693
12.822,0,-0.5444462680243392,-1,0.5444462680243392
12.824,0,-0.5470169520140178,-1,0.5470169520140178
12.826,0,-0.5495767883096115,-1,0.5495767883096115
12.828,0,-0.5521257428717926,-1,0.5521257428717926
12.83,0,-0.5546637821058742,-1,0.5546637821058742
12.832,0,-0.5571908728588031,-1,0.5571908728588031
12.834,0,-0.5597069824161692,-1,0.5597069824161692
12.836,0,-0.5622120784992317,-1,0.5622120784992317
12.838,0,-0.5647061292619617,-1,0.5647061292619617
12.84,0,-0.5671891032881021,-1,0.5671891032881021
12.842,0,-0.5696609695882437,-1,0.5696609695882437
12.844,0,-0.5721216975969181,-1,0.5721216975969181
12.846,0,-0.5745712571697064,-1,0.5745712571697064
12.848,0,-0.5770096185803649,-1,0.5770096185803649
12.85,0,-0.5794367525179669,-1,0.5794367525179669
12.852,0,-0.5818526300840602,-1,0.5818526300840602
12.854,0,-0.5842572227898412,-1,0.5842572227898412
12.856,0,-0.5866505025533446,-1,0.5866505025533446
12.858,0,-0.5890324416966496,-1,0.5890324416966496
12.86,0,-0.5914030129431009,-1,0.5914030129431009
12.862,0,-0.5937621894145467,-1,0.5937621894145467
12.864,0,-0.5961099446285913,-1,0.5961099446285913
12.866,0,-0.5984462524958638,-1,0.5984462524958638
12.868,0,-0.6007710873173023,-1,0.6007710873173023
12.87,0,-0.6030844237814535,-1,0.6030844237814535
12.872,0,-0.6053862369617874,-1,0.6053862369617874
12.874,0,-0.6076765023140273,-1,0.6076765023140273
12.876,0,-0.6099551956734954,-1,0.6099551956734954
12.878,0,-0.6122222932524733,-1,0.6122222932524733
12.88,0,-0.614477771637577,-1,0.614477771637577
12.882,0,-0.6167216077871477,-1,0.6167216077871477
12.884,0,-0.6189537790286567,-1,0.6189537790286567
12.886,0,-0.6211742630561259,-1,0.6211742630561259
12.888,0,-0.6233830379275622,-1,0.6233830379275622
12.89,0,-0.6255800820624071,-1,0.6255800820624071
12.892,0,-0.6277653742390005,-1,0.6277653742390005
12.894,0,-0.6299388935920591,-1,0.6299388935920591
12.896,0,-0.6321006196101698,-1,0.6321006196101698
12.898,0,-0.6342505321332964,-1,0.6342505321332964
12.9,0,-0.636388611350301,-1,0.636388611350301
12.902,0,-0.6385148377964801,-1,0.6385148377964801
12.904,0,-0.640629192351114,-1,0.640629192351114
12.906,0,-0.6427316562350308,-1,0.6427316562350308
12.908,0,-0.6448222110081842,-1,0.6448222110081842
12.91,0,-0.6469008385672449,-1,0.6469008385672449
12.912,0,-0.6489675211432068,-1,0.6489675211432068
12.914,0,-0.6510222412990052,-1,0.6510222412990052
12.916,0,-0.6530649819271508,-1,0.6530649819271508
12.918,0,-0.6550957262473754,-1,0.6550957262473754
12.92,0,-0.6571144578042928,-1,0.6571144578042928
12.922,0,-0.6591211604650714,-1,0.6591211604650714
12.924,0,-0.6611158184171221,-1,0.6611158184171221
12.926,0,-0.6630984161657978,-1,0.6630984161657978
12.928,0,-0.6650689385321075,-1,0.6650689385321075
12.93,0,-0.6670273706504426,-1,0.6670273706504426
12.932,0,-0.668973697966317,-1,0.668973697966317
12.934,0,-0.67090790623412,-1,0.67090790623412
12.936,0,-0.672829981514882,-1,0.672829981514882
12.938,0,-0.6747399101740535,-1,0.6747399101740535
12.94,0,-0.6766376788792966,-1,0.6766376788792966
12.942,0,-0.6785232745982892,-1,0.6785232745982892
12.944,0,-0.6803966845965427,-1,0.6803966845965427
12.946,0,-0.6822578964352312,-1,0.6822578964352312
12.948,0,-0.6841068979690342,-1,0.6841068979690342
12.95,0,-0.6859436773439916,-1,0.6859436773439916
12.952,0,-0.6877682229953707,-1,0.6877682229953707
12.954,0,-0.6895805236455456,-1,0.6895805236455456
12.956,0,-0.6913805683018902,-1,0.6913805683018902
12.958,0,-0.6931683462546817,-1,0.6931683462546817
12.96,0,-0.6949438470750173,-1,0.6949438470750173
12.962,0,-0.6967070606127429,-1,0.6967070606127429
12.964,0,-0.6984579769943935,-1,0.6984579769943935
12.966,0,-0.700196586621146,-1,0.700196586621146
12.968,0,-0.7019228801667842,-1,0.7019228801667842
12.97,0,-0.7036368485756743,-1,0.7036368485756743
12.972,0,-0.7053384830607543,-1,0.7053384830607543
12.974,0,-0.7070277751015331,-1,0.7070277751015331
12.976,0,-0.7087047164421031,-1,0.7087047164421031
12.978,0,-0.7103692990891626,-1,0.7103692990891626
12.98,0,-0.7120215153100514,-1,0.7120215153100514
12.982,0,-0.7136613576307971,-1,0.7136613576307971
12.984,0,-0.7152888188341726,-1,0.7152888188341726
12.986,0,-0.7169038919577659,-1,0.7169038919577659
12.988,0,-0.7185065702920602,-1,0.7185065702920602
12.99,0,-0.720096847378526,-1,0.720096847378526
12.992,0,-0.721674717007724,-1,0.721674717007724
12.994,0,-0.7232401732174193,-1,0.7232401732174193
12.996,0,-0.7247932102907068,-1,0.7247932102907068
12.998,0,-0.7263338227541473,-1,0.7263338227541473
13,0,-0.7278620053759148,-1,0.7278620053759148
13.002,0,-0.7293777531639551,-1,0.7293777531639551
13.004,0,-0.7308810613641541,-1,0.7308810613641541
13.006,0,-0.732371925458518,-1,0.732371925458518
13.008,0,-0.7338503411633642,-1,0.7338503411633642
13.01,0,-0.735316304427522,-1,0.735316304427522
13.012,0,-0.7367698114305449,-1,0.7367698114305449
13.014,0,-0.7382108585809325,-1,0.7382108585809325
13.016,0,-0.7396394425143643,-1,0.7396394425143643
13.018,0,-0.7410555600919424,-1,0.7410555600919424
13.02,0,-0.7424592083984457,-1,0.7424592083984457
13.022,0,-0.7438503847405941,-1,0.7438503847405941
13.024,0,-0.7452290866453226,-1,0.7452290866453226
13.026,0,-0.7465953118580666,-1,0.7465953118580666
13.028,0,-0.7479490583410562,-1,0.7479490583410562
13.03,0,-0.7492903242716218,-1,0.7492903242716218
13.032,0,-0.7506191080405087,-1,0.7506191080405087
13.034,0,-0.7519354082502024,-1,0.7519354082502024
13.036,0,-0.7532392237132642,-1,0.7532392237132642
13.038,0,-0.7545305534506754,-1,0.7545305534506754
13.04,0,-0.7558093966901928,-1,0.7558093966901928
13.042,0,-0.7570757528647128,-1,0.7570757528647128
13.044,0,-0.758329621610647,-1,0.758329621610647
13.046,0,-0.7595710027663048,-1,0.7595710027663048
13.048,0,-0.7607998963702888,-1,0.7607998963702888
13.05,0,-0.7620163026598968,-1,0.7620163026598968
13.052,0,-0.7632202220695361,-1,0.7632202220695361
13.054,0,-0.7644116552291451,-1,0.7644116552291451
13.056,0,-0.7655906029626255,-1,0.7655906029626255
13.058,0,-0.7667570662862838,-1,0.7667570662862838
13.06,0,-0.7679110464072819,-1,0.7679110464072819
13.062,0,-0.7690525447220971,-1,0.7690525447220971
13.064,0,-0.7701815628149912,-1,0.7701815628149912
13.066,0,-0.7712981024564893,-1,0.7712981024564893
13.068,0,-0.7724021656018674,-1,0.7724021656018674
13.07,0,-0.7734937543896487,-1,0.7734937543896487
13.072,0,-0.77457287114011,-1,0.77457287114011
13.074,0,-0.775639518353796,-1,0.775639518353796
13.076,0,-0.7766936987100431,-1,0.7766936987100431
13.078,0,-0.7777354150655126,-1,0.7777354150655126
13.08,0,-0.7787646704527315,-1,0.7787646704527315
13.082,0,-0.7797814680786433,-1,0.7797814680786433
13.084,0,-0.7807858113231674,-1,0.7807858113231674
13.086,0,-0.781777703737766,-1,0.781777703737766
13.088,0,-0.7827571490440216,-1,0.7827571490440216
13.09,0,-0.7837241511322218,-1,0.7837241511322218
13.092,0,-0.7846787140599528,-1,0.7846787140599528
13.094,0,-0.7856208420507022,-1,0.7856208420507022
13.096,0,-0.7865505394924692,-1,0.7865505394924692
13.098,0,-0.7874678109363845,-1,0.7874678109363845
13.1,0,-0.7883726610953372,-1,0.7883726610953372
13.102,0,-0.7892650948426113,-1,0.7892650948426113
13.104,0,-0.7901451172105299,-1,0.7901451172105299
13.106,0,-0.7910127333891077,-1,0.7910127333891077
13.108,0,-0.7918679487247117,-1,0.7918679487247117
13.11,0,-0.7927107687187304,-1,0.7927107687187304
13.112,0,-0.7935411990262505,-1,0.7935411990262505
13.114,0,-0.7943592454547429,-1,0.7943592454547429
13.116,0,-0.795164913962755,-1,0.795164913962755
13.118,0,-0.7959582106586125,-1,0.7959582106586125
13.12,0,-0.7967391417991284,-1,0.7967391417991284
13.122,0,-0.7975077137883203,-1,0.7975077137883203
13.124,0,-0.7982639331761353,-1,0.7982639331761353
13.126,0,-0.799007806657183,-1,0.799007806657183
13.128,0,-0.7997393410694756,-1,0.7997393410694756
13.13,0,-0.8004585433931772,-1,0.8004585433931772
13.132,0,-0.801165420749359,-1,0.801165420749359
13.134,0,-0.8018599803987635,-1,0.8018599803987635
13.136,0,-0.8025422297405758,-1,0.8025422297405758
13.138,0,-0.8032121763112025,-1,0.8032121763112025
13.14,0,-0.8038698277830584,-1,0.8038698277830584
13.142,0,-0.8045151919633603,-1,0.8045151919633603
13.144,0,-0.8051482767929287,-1,0.8051482767929287
13.146,0,-0.8057690903449961,-1,0.8057690903449961
13.148,0,-0.8063776408240242,-1,0.8063776408240242
13.15,0,-0.8069739365645268,-1,0.8069739365645268
13.152,0,-0.8075579860299007,-1,0.8075579860299007
13.154,0,-0.8081297978112645,-1,0.8081297978112645
13.156,0,-0.8086893806263034,-1,0.8086893806263034
13.158,0,-0.8092367433181219,-1,0.8092367433181219
13.16,0,-0.8097718948541037,-1,0.8097718948541037
13.162,0,-0.8102948443247785,-1,0.8102948443247785
13.164,0,-0.8108056009426956,-1,0.8108056009426956
13.166,0,-0.8113041740413053,-1,0.8113041740413053
13.168,0,-0.8117905730738463,-1,0.8117905730738463
13.17,0,-0.8122648076122408,-1,0.8122648076122408
13.172,0,-0.8127268873459967,-1,0.8127268873459967
13.174,0,-0.8131768220811155,-1,0.8131768220811155
13.176,0,-0.8136146217390082,-1,0.8136146217390082
13.178,0,-0.8140402963554175,-1,0.8140402963554175
13.18,0,-0.8144538560793472,-1,0.8144538560793472
13.182,0,-0.8148553111719974,-1,0.8148553111719974
13.184,0,-0.8152446720057074,-1,0.8152446720057074
13.186,0,-0.8156219490629047,-1,0.8156219490629047
13.188,0,-0.8159871529350611,-1,0.8159871529350611
13.19,0,-0.8163402943216541,-1,0.8163402943216541
13.192,0,-0.816681384029137,-1,0.816681384029137
13.194,0,-0.8170104329699135,-1,0.8170104329699135
13.196,0,-0.8173274521613196,-1,0.8173274521613196
13.198,0,-0.8176324527246125,-1,0.8176324527246125
13.2,0,-0.8179254458839645,-1,0.8179254458839645
13.202,0,-0.818206442965465,-1,0.818206442965465
13.204,0,-0.8184754553961269,-1,0.8184754553961269
13.206,0,-0.8187324947029012,-1,0.8187324947029012
13.208,0,-0.8189775725116967,-1,0.8189775725116967
13.21,0,-0.819210700546406,-1,0.819210700546406
13.212,0,-0.8194318906279383,-1,0.8194318906279383
13.214,0,-0.8196411546732576,-1,0.8196411546732576
13.216,0,-0.8198385046944278,-1,0.8198385046944278
13.218,0,-0.820023952797663,-1,0.820023952797663
13.22,0,-0.8201975111823852,-1,0.8201975111823852
13.222,0,-0.8203591921402861,-1,0.8203591921402861
13.224,0,-0.820509008054397,-1,0.820509008054397
13.226,0,-0.8206469713981631,-1,0.8206469713981631
13.228,0,-0.8207730947345246,-1,0.8207730947345246
13.23,0,-0.8208873907150032,-1,0.8208873907150032
13.232,0,-0.8209898720787945,-1,0.8209898720787945
13.234,0,-0.8210805516518668,-1,0.8210805516518668
13.236,0,-0.8211594423460651,-1,0.8211594423460651
13.238,0,-0.8212265571582209,-1,0.8212265571582209
13.24,0,-0.8212819091692682,-1,0.8212819091692682
13.242,0,-0.8213255115433648,-1,0.8213255115433648
13.244,0,-0.821357377527019,-1,0.821357377527019
13.246,0,-0.8213775204482231,-1,0.8213775204482231
13.248,0,-0.821385953715591,-1,0.821385953715591
13.25,0,-0.8213826908175025,-1,0.8213826908175025
13.252,0,-0.8213677453212527,-1,0.8213677453212527
13.254,0,-0.8213411308722069,-1,0.8213411308722069
13.256,0,-0.8213028611929614,-1,0.8213028611929614
13.258,0,-0.8212529500825086,-1,0.8212529500825086
13.26,0,-0.8211914114154095,-1,0.8211914114154095
13.262,0,-0.8211182591409697,-1,0.8211182591409697
13.264,0,-0.8210335072824215,-1,0.8210335072824215
13.266,0,-0.820937169936112,-1,0.820937169936112
13.268,0,-0.8208292612706952,-1,0.8208292612706952
13.27,0,-0.8207097955263304,-1,0.8207097955263304
13.272,0,-0.8205787870138853,-1,0.8205787870138853
13.274,0,-0.8204362501141449,-1,0.8204362501141449
13.276,0,-0.8202821992770248,-1,0.8202821992770248
13.278,0,-0.8201166490207904,-1,0.8201166490207904
13.28,0,-0.8199396139312807,-1,0.8199396139312807
13.282,0,-0.8197511086611374,-1,0.8197511086611374
13.284,0,-0.8195511479290394,-1,0.8195511479290394
13.286,0,-0.8193397465189417,-1,0.8193397465189417
13.288,0,-0.8191169192793201,-1,0.8191169192793201
13.29,0,-0.8188826811224198,-1,0.8188826811224198
13.292,0,-0.8186370470235104,-1,0.8186370470235104
13.294,0,-0.8183800320201445,-1,0.8183800320201445
13.296,0,-0.8181116512114222,-1,0.8181116512114222
13.298,0,-0.8178319197572596,-1,0.8178319197572596
13.3,0,-0.817540852877663,-1,0.817540852877663
13.302,0,-0.8172384658520074,-1,0.8172384658520074
13.304,0,-0.8169247740183201,-1,0.8169247740183201
13.306,0,-0.8165997927725684,-1,0.8165997927725684
13.308,0,-0.8162635375679536,-1,0.8162635375679536
13.31,0,-0.8159160239142075,-1,0.8159160239142075
13.312,0,-0.8155572673768957,-1,0.8155572673768957
13.314,0,-0.8151872835767242,-1,0.8151872835767242
13.316,0,-0.8148060881888511,-1,0.8148060881888511
13.318,0,-0.8144136969422033,-1,0.8144136969422033
13.32,0,-0.8140101256187969,-1,0.8140101256187969
13.322,0,-0.8135953900530631,-1,0.8135953900530631
13.324,0,-0.813169506131178,-1,0.813169506131178
13.326,0,-0.812732489790397,-1,0.812732489790397
13.328,0,-0.8122843570183942,-1,0.8122843570183942
13.33,0,-0.8118251238526054,-1,0.8118251238526054
13.332,0,-0.8113548063795766,-1,0.8113548063795766
13.334,0,-0.8108734207343158,-1,0.8108734207343158
13.336,0,-0.8103809830996499,-1,0.8103809830996499
13.338,0,-0.8098775097055859,-1,0.8098775097055859
13.34,0,-0.8093630168286763,-1,0.8093630168286763
13.342,0,-0.8088375207913885,-1,0.8088375207913885
13.344,0,-0.8083010379614793,-1,0.8083010379614793
13.346,0,-0.807753584751373,-1,0.807753584751373
13.348,0,-0.8071951776175439,-1,0.8071951776175439
13.35,0,-0.8066258330599029,-1,0.8066258330599029
13.352,0,-0.8060455676211887,-1,0.8060455676211887
13.354,0,-0.8054543978863632,-1,0.8054543978863632
13.356,0,-0.8048523404820098,-1,0.8048523404820098
13.358,0,-0.8042394120757378,-1,0.8042394120757378
13.36,0,-0.8036156293755894,-1,0.8036156293755894
13.362,0,-0.8029810091294513,-1,0.8029810091294513
13.364,0,-0.8023355681244702,-1,0.8023355681244702
13.366,0,-0.8016793231864728,-1,0.8016793231864728
13.368,0,-0.8010122911793895,-1,0.8010122911793895
13.37,0,-0.8003344890046814,-1,0.8003344890046814
13.372,0,-0.7996459336007724,-1,0.7996459336007724
13.374,0,-0.7989466419424848,-1,0.7989466419424848
13.376,0,-0.7982366310404785,-1,0.7982366310404785
13.378,0,-0.7975159179406945,-1,0.7975159179406945
13.38,0,-0.7967845197238023,-1,0.7967845197238023
13.382,0,-0.7960424535046504,-1,0.7960424535046504
13.384,0,-0.7952897364317221,-1,0.7952897364317221
13.386,0,-0.7945263856865932,-1,0.7945263856865932
13.388,0,-0.7937524184833954,-1,0.7937524184833954
13.39,0,-0.792967852068282,-1,0.792967852068282
13.392,0,-0.7921727037188983,-1,0.7921727037188983
13.394,0,-0.7913669907438547,-1,0.7913669907438547
13.396,0,-0.7905507304822053,-1,0.7905507304822053
13.398,0,-0.7897239403029275,-1,0.7897239403029275
13.4,0,-0.788886637604408,-1,0.788886637604408
13.402,0,-0.7880388398139306,-1,0.7880388398139306
13.404,0,-0.7871805643871685,-1,0.7871805643871685
13.406,0,-0.7863118288076796,-1,0.7863118288076796
13.408,0,-0.785432650586406,-1,0.785432650586406
13.41,0,-0.7845430472611765,-1,0.7845430472611765
13.412,0,-0.7836430363962131,-1,0.7836430363962131
13.414,0,-0.7827326355816407,-1,0.7827326355816407
13.416,0,-0.7818118624330004,-1,0.7818118624330004
13.418,0,-0.780880734590766,-1,0.780880734590766
13.42,0,-0.7799392697198648,-1,0.7799392697198648
13.422,0,-0.7789874855092006,-1,0.7789874855092006
13.424,0,-0.7780253996711811,-1,0.7780253996711811
13.426,0,-0.7770530299412484,-1,0.7770530299412484
13.428,0,-0.7760703940774126,-1,0.7760703940774126
13.43,0,-0.7750775098597893,-1,0.7750775098597893
13.432,0,-0.7740743950901396,-1,0.7740743950901396
13.434,0,-0.7730610675914146,-1,0.7730610675914146
13.436,0,-0.7720375452073018,-1,0.7720375452073018
13.438,0,-0.7710038458017763,-1,0.7710038458017763
13.44,0,-0.7699599872586537,-1,0.7699599872586537
13.442,0,-0.7689059874811476,-1,0.7689059874811476
13.444,0,-0.7678418643914294,-1,0.7678418643914294
13.446,0,-0.7667676359301919,-1,0.7667676359301919
13.448,0,-0.7656833200562153,-1,0.7656833200562153
13.45,0,-0.7645889347459375,-1,0.7645889347459375
13.452,0,-0.7634844979930265,-1,0.7634844979930265
13.454,0,-0.7623700278079566,-1,0.7623700278079566
13.456,0,-0.7612455422175873,-1,0.7612455422175873
13.458,0,-0.7601110592647456,-1,0.7601110592647456
13.46,0,-0.7589665970078112,-1,0.7589665970078112
13.462,0,-0.7578121735203047,-1,0.7578121735203047
13.464,0,-0.7566478068904791,-1,0.7566478068904791
13.466,0,-0.7554735152209138,-1,0.7554735152209138
13.468,0,-0.7542893166281126,-1,0.7542893166281126
13.47,0,-0.7530952292421034,-1,0.7530952292421034
13.472,0,-0.7518912712060418,-1,0.7518912712060418
13.474,0,-0.7506774606758175,-1,0.7506774606758175
13.476,0,-0.7494538158196632,-1,0.7494538158196632
13.478,0,-0.7482203548177668,-1,0.7482203548177668
13.48,0,-0.7469770958618867,-1,0.7469770958618867
13.482,0,-0.7457240571549691,-1,0.7457240571549691
13.484,0,-0.7444612569107697,-1,0.7444612569107697
13.486,0,-0.7431887133534762,-1,0.7431887133534762
13.488,0,-0.7419064447173357,-1,0.7419064447173357
13.49,0,-0.7406144692462833,-1,0.7406144692462833
13.492,0,-0.7393128051935746,-1,0.7393128051935746
13.494,0,-0.7380014708214204,-1,0.7380014708214204
13.496,0,-0.7366804844006243,-1,0.7366804844006243
13.498,0,-0.7353498642102229,-1,0.7353498642102229
13.5,0,-0.7340096285371291,-1,0.7340096285371291
13.502,0,-0.7326597956757782,-1,0.7326597956757782
13.504,0,-0.7313003839277759,-1,0.7313003839277759
13.506,0,-0.7299314116015494,-1,0.7299314116015494
13.508,0,-0.7285528970120021,-1,0.7285528970120021
13.51,0,-0.7271648584801694,-1,0.7271648584801694
13.512,0,-0.7257673143328781,-1,0.7257673143328781
13.514,0,-0.7243602829024081,-1,0.7243602829024081
13.516,0,-0.722943782526157,-1,0.722943782526157
13.518,0,-0.721517831546307,-1,0.721517831546307
13.52,0,-0.7200824483094944,-1,0.7200824483094944
13.522,0,-0.7186376511664818,-1,0.7186376511664818
13.524,0,-0.7171834584718328,-1,0.7171834584718328
13.526,0,-0.7157198885835893,-1,0.7157198885835893
13.528,0,-0.7142469598629507,-1,0.7142469598629507
13.53,0,-0.7127646906739571,-1,0.7127646906739571
13.532,0,-0.7112730993831731,-1,0.7112730993831731
13.534,0,-0.7097722043593754,-1,0.7097722043593754
13.536,0,-0.7082620239732424,-1,0.7082620239732424
13.538,0,-0.7067425765970465,-1,0.7067425765970465
13.54,0,-0.7052138806043482,-1,0.7052138806043482
13.542,0,-0.7036759543696932,-1,0.7036759543696932
13.544,0,-0.7021288162683119,-1,0.7021288162683119
13.546,0,-0.7005724846758209,-1,0.7005724846758209
13.548,0,-0.6990069779679272,-1,0.6990069779679272
13.55,0,-0.6974323145201347,-1,0.6974323145201347
13.552,0,-0.6958485127074525,-1,0.6958485127074525
13.554,0,-0.694255590904107,-1,0.694255590904107
13.556,0,-0.6926535674832544,-1,0.6926535674832544
13.558,0,-0.6910424608166966,-1,0.6910424608166966
13.56,0,-0.6894222892745997,-1,0.6894222892745997
13.562,0,-0.6877930712252138,-1,0.6877930712252138
13.564,0,-0.6861548250345958,-1,0.6861548250345958
13.566,0,-0.6845075690663339,-1,0.6845075690663339
13.568,0,-0.682851321681275,-1,0.682851321681275
13.57,0,-0.6811861012372538,-1,0.6811861012372538
13.572,0,-0.6795119260888239,-1,0.6795119260888239
13.574,0,-0.6778288145869923,-1,0.6778288145869923
13.576,0,-0.6761367850789542,-1,0.6761367850789542
13.578,0,-0.6744358559078318,-1,0.6744358559078318
13.58,0,-0.6727260454124138,-1,0.6727260454124138
13.582,0,-0.6710073719268981,-1,0.6710073719268981
13.584,0,-0.669279853780636,-1,0.669279853780636
13.586,0,-0.6675435092978791,-1,0.6675435092978791
13.588,0,-0.6657983567975273,-1,0.6657983567975273
13.59,0,-0.6640444145928799,-1,0.6640444145928799
13.592,0,-0.6622817009913884,-1,0.6622817009913884
13.594,0,-0.6605102342944111,-1,0.6605102342944111
13.596,0,-0.6587300327969704,-1,0.6587300327969704
13.598,0,-0.6569411147875113,-1,0.6569411147875113
13.6,0,-0.6551434985476625,-1,0.6551434985476625
13.602,0,-0.6533372023519995,-1,0.6533372023519995
13.604,0,-0.6515222444678097,-1,0.6515222444678097
13.606,0,-0.6496986431548588,-1,0.6496986431548588
13.608,0,-0.6478664166651602,-1,0.6478664166651602
13.61,0,-0.6460255832427459,-1,0.6460255832427459
13.612,0,-0.6441761611234395,-1,0.6441761611234395
13.614,0,-0.6423181685346301,-1,0.6423181685346301
13.616,0,-0.6404516236950503,-1,0.6404516236950503
13.618,0,-0.6385765448145538,-1,0.6385765448145538
13.62,0,-0.6366929500938969,-1,0.6366929500938969
13.622,0,-0.6348008577245199,-1,0.6348008577245199
13.624,0,-0.6329002858883322,-1,0.6329002858883322
13.626,0,-0.6309912527574983,-1,0.6309912527574983
13.628,0,-0.6290737764942257,-1,0.6290737764942257
13.63,0,-0.6271478752505547,-1,0.6271478752505547
13.632,0,-0.6252135671681508,-1,0.6252135671681508
13.634,0,-0.6232708703780974,-1,0.6232708703780974
13.636,0,-0.6213198030006918,-1,0.6213198030006918
13.638,0,-0.619360383145242,-1,0.619360383145242
13.64,0,-0.617392628909866,-1,0.617392628909866
13.642,0,-0.6154165583812923,-1,0.6154165583812923
13.644,0,-0.6134321896346624,-1,0.6134321896346624
13.646,0,-0.6114395407333353,-1,0.6114395407333353
13.648,0,-0.6094386297286933,-1,0.6094386297286933
13.65,0,-0.6074294746599501,-1,0.6074294746599501
13.652,0,-0.6054120935539596,-1,0.6054120935539596
13.654,0,-0.6033865044250281,-1,0.6033865044250281
13.656,0,-0.6013527252747261,-1,0.6013527252747261
13.658,0,-0.5993107740917037,-1,0.5993107740917037
13.66,0,-0.5972606688515069,-1,0.5972606688515069
13.662,0,-0.5952024275163947,-1,0.5952024275163947
13.664,0,-0.5931360680351598,-1,0.5931360680351598
13.666,0,-0.5910616083429493,-1,0.5910616083429493
13.668,0,-0.5889790663610875,-1,0.5889790663610875
13.67,0,-0.5868884599969009,-1,0.5868884599969009
13.672,0,-0.5847898071435437,-1,0.5847898071435437
13.674,0,-0.5826831256798264,-1,0.5826831256798264
13.676,0,-0.5805684334700445,-1,0.5805684334700445
13.678,0,-0.5784457483638098,-1,0.5784457483638098
13.68,0,-0.5763150881958828,-1,0.5763150881958828
13.682,0,-0.5741764707860071,-1,0.5741764707860071
13.684,0,-0.5720299139387445,-1,0.5720299139387445
13.686,0,-0.5698754354433128,-1,0.5698754354433128
13.688,0,-0.5677130530734243,-1,0.5677130530734243
13.69,0,-0.5655427845871265,-1,0.5655427845871265
13.692,0,-0.563364647726643,-1,0.563364647726643
13.694,0,-0.5611786602182178,-1,0.5611786602182178
13.696,0,-0.5589848397719598,-1,0.5589848397719598
13.698,0,-0.5567832040816889,-1,0.5567832040816889
13.7,0,-0.5545737708247842,-1,0.5545737708247842
13.702,0,-0.5523565576620331,-1,0.5523565576620331
13.704,0,-0.550131582237482,-1,0.550131582237482
13.706,0,-0.5478988621782888,-1,0.5478988621782888
13.708,0,-0.545658415094576,-1,0.545658415094576
13.71,0,-0.5434102585792865,-1,0.5434102585792865
13.712,0,-0.5411544102080396,-1,0.5411544102080396
13.714,0,-0.5388908875389892,-1,0.5388908875389892
13.716,0,-0.536619708112683,-1,0.536619708112683
13.718,0,-0.5343408894519235,-1,0.5343408894519235
13.72,0,-0.5320544490616299,-1,0.5320544490616299
13.722,0,-0.5297604044287018,-1,0.5297604044287018
13.724,0,-0.5274587730218838,-1,0.5274587730218838
13.726,0,-0.5251495722916324,-1,0.5251495722916324
13.728,0,-0.522832819669983,-1,0.522832819669983
13.73,0,-0.5205085325704191,-1,0.5205085325704191
13.732,0,-0.5181767283877428,-1,0.5181767283877428
13.734,0,-0.515837424497946,-1,0.515837424497946
13.736,0,-0.5134906382580842,-1,0.5134906382580842
13.738,0,-0.5111363870061496,-1,0.5111363870061496
13.74,0,-0.5087746880609478,-1,0.5087746880609478
13.742,0,-0.5064055587219742,-1,0.5064055587219742
13.744,0,-0.504029016269292,-1,0.504029016269292
13.746,0,-0.501645077963412,-1,0.501645077963412
13.748,0,-0.4992537610451731,-1,0.4992537610451731
13.75,0,-0.4968550827356246,-1,0.4968550827356246
13.752,0,-0.4944490602359091,-1,0.4944490602359091
13.754,0,-0.492035710727147,-1,0.492035710727147
13.756,0,-0.4896150513703227,-1,0.4896150513703227
13.758,0,-0.4871870993061711,-1,0.4871870993061711
13.76,0,-0.4847518716550658,-1,0.4847518716550658
13.762,0,-0.4823093855169088,-1,0.4823093855169088
13.764,0,-0.4798596579710209,-1,0.4798596579710209
13.766,0,-0.4774027060760335,-1,0.4774027060760335
13.768,0,-0.4749385468697819,-1,0.4749385468697819
13.77,0,-0.4724671973691991,-1,0.4724671973691991
13.772,0,-0.4699886745702113,-1,0.4699886745702113
13.774,0,-0.4675029954476346,-1,0.4675029954476346
13.776,0,-0.4650101769550723,-1,0.4650101769550723
13.778,0,-0.4625102360248143,-1,0.4625102360248143
13.78,0,-0.4600031895677368,-1,0.4600031895677368
13.782,0,-0.4574890544732031,-1,0.4574890544732031
13.784,0,-0.4549678476089666,-1,0.4549678476089666
13.786,0,-0.4524395858210736,-1,0.4524395858210736
13.788,0,-0.4499042859337678,-1,0.4499042859337678
13.79,0,-0.4473619647493964,-1,0.4473619647493964
13.792,0,-0.4448126390483165,-1,0.4448126390483165
13.794,0,-0.4422563255888026,-1,0.4422563255888026
13.796,0,-0.439693041106956,-1,0.439693041106956
13.798,0,-0.4371228023166147,-1,0.4371228023166147
13.8,0,-0.434545625909264,-1,0.434545625909264
13.802,0,-0.4319615285539493,-1,0.4319615285539493
13.804,0,-0.4293705268971886,-1,0.4293705268971886
13.806,0,-0.426772637562887,-1,0.426772637562887
13.808,0,-0.4241678771522521,-1,0.4241678771522521
13.81,0,-0.4215562622437102,-1,0.4215562622437102
13.812,0,-0.4189378093928234,-1,0.4189378093928234
13.814,0,-0.4163125351322082,-1,0.4163125351322082
13.816,0,-0.413680455971455,-1,0.413680455971455
13.818,0,-0.411041588397048,-1,0.411041588397048
13.82,0,-0.408395948872287,-1,0.408395948872287
13.822,0,-0.4057435538372097,-1,0.4057435538372097
13.824,0,-0.4030844197085148,-1,0.4030844197085148
13.826,0,-0.4004185628794869,-1,0.4004185628794869
13.828,0,-0.3977459997199209,-1,0.3977459997199209
13.83,0,-0.3950667465760495,-1,0.3950667465760495
13.832,0,-0.3923808197704694,-1,0.3923808197704694
13.834,0,-0.38968823560207,-1,0.38968823560207
13.836,0,-0.3869890103459626,-1,0.3869890103459626
13.838,0,-0.3842831602534102,-1,0.3842831602534102
13.84,0,-0.381570701551759,-1,0.381570701551759
13.842,0,-0.3788516504443699,-1,0.3788516504443699
13.844,0,-0.3761260231105516,-1,0.3761260231105516
13.846,0,-0.3733938357054946,-1,0.3733938357054946
13.848,0,-0.3706551043602054,-1,0.3706551043602054
13.85,0,-0.3679098451814429,-1,0.3679098451814429
13.852,0,-0.3651580742516543,-1,0.3651580742516543
13.854,0,-0.3623998076289125,-1,0.3623998076289125
13.856,0,-0.359635061346855,-1,0.359635061346855
13.858,0,-0.3568638514146226,-1,0.3568638514146226
13.86,0,-0.3540861938167995,-1,0.3540861938167995
13.862,0,-0.3513021045133544,-1,0.3513021045133544
13.864,0,-0.3485115994395822,-1,0.3485115994395822
13.866,0,-0.3457146945060469,-1,0.3457146945060469
13.868,0,-0.3429114055985245,-1,0.3429114055985245
13.87,0,-0.3401017485779481,-1,0.3401017485779481
13.872,0,-0.3372857392803525,-1,0.3372857392803525
13.874,0,-0.3344633935168207,-1,0.3344633935168207
13.876,0,-0.3316347270734302,-1,0.3316347270734302
13.878,0,-0.3287997557112012,-1,0.3287997557112012
13.88,0,-0.3259584951660448,-1,0.3259584951660448
13.882,0,-0.3231109611487125,-1,0.3231109611487125
13.884,0,-0.3202571693447459,-1,0.3202571693447459
13.886,0,-0.3173971354144282,-1,0.3173971354144282
13.888,0,-0.3145308749927355,-1,0.3145308749927355
13.89,0,-0.3116584036892892,-1,0.3116584036892892
13.892,0,-0.3087797370883096,-1,0.3087797370883096
13.894,0,-0.3058948907485698,-1,0.3058948907485698
13.896,0,-0.3030038802033505,-1,0.3030038802033505
13.898,0,-0.3001067209603955,-1,0.3001067209603955
13.9,0,-0.2972034285018683,-1,0.2972034285018683
13.902,0,-0.2942940182843088,-1,0.2942940182843088
13.904,0,-0.2913785057385918,-1,0.2913785057385918
13.906,0,-0.2884569062698846,-1,0.2884569062698846
13.908,0,-0.2855292352576075,-1,0.2855292352576075
13.91,0,-0.282595508055393,-1,0.282595508055393
13.912,0,-0.2796557399910469,-1,0.2796557399910469
13.914,0,-0.2767099463665098,-1,0.2767099463665098
13.916,0,-0.2737581424578195,-1,0.2737581424578195
13.918,0,-0.2708003435150738,-1,0.2708003435150738
13.92,0,-0.267836564762394,-1,0.267836564762394
13.922,0,-0.2648668213978896,-1,0.2648668213978896
13.924,0,-0.2618911285936232,-1,0.2618911285936232
13.926,0,-0.2589095014955762,-1,0.2589095014955762
13.928,0,-0.2559219552236154,-1,0.2559219552236154
13.93,0,-0.2529285048714601,-1,0.2529285048714601
13.932,0,-0.2499291655066496,-1,0.2499291655066496
13.934,0,-0.2469239521705122,-1,0.2469239521705122
13.936,0,-0.243912879878134,-1,0.243912879878134
13.938,0,-0.240895963618329,-1,0.240895963618329
13.94,0,-0.237873218353609,-1,0.237873218353609
13.942,0,-0.2348446590201555,-1,0.2348446590201555
13.944,0,-0.2318103005277909,-1,0.2318103005277909
13.946,0,-0.2287701577599511,-1,0.2287701577599511
13.948,0,-0.2257242455736589,-1,0.2257242455736589
13.95,0,-0.2226725787994969,-1,0.2226725787994969
13.952,0,-0.2196151722415828,-1,0.2196151722415828
13.954,0,-0.2165520406775435,-1,0.2165520406775435
13.956,0,-0.2134831988584913,-1,0.2134831988584913
13.958,0,-0.2104086615089997,-1,0.2104086615089997
13.96,0,-0.2073284433270806,-1,0.2073284433270806
13.962,0,-0.2042425589841612,-1,0.2042425589841612
13.964,0,-0.2011510231250625,-1,0.2011510231250625
13.966,0,-0.1980538503679777,-1,0.1980538503679777
13.968,0,-0.1949510553044512,-1,0.1949510553044512
13.97,0,-0.1918426524993591,-1,0.1918426524993591
13.972,0,-0.1887286564908886,-1,0.1887286564908886
13.974,0,-0.18560908179052,-1,0.18560908179052
13.976,0,-0.1824839428830075,-1,0.1824839428830075
13.978,0,-0.1793532542263616,-1,0.1793532542263616
13.98,0,-0.1762170302518317,-1,0.1762170302518317
13.982,0,-0.1730752853638896,-1,0.1730752853638896
13.984,0,-0.1699280339402131,-1,0.1699280339402131
13.986,0,-0.1667752903316703,-1,0.1667752903316703
13.988,0,-0.1636170688623046,-1,0.1636170688623046
13.99,0,-0.1604533838293206,-1,0.1604533838293206
13.992,0,-0.1572842495030692,-1,0.1572842495030692
13.994,0,-0.1541096801270349,-1,0.1541096801270349
13.996,0,-0.1509296899178228,-1,0.1509296899178228
13.998,0,-0.147744293065146,-1,0.147744293065146
14,0,-0.1445535037318137,-1,0.1445535037318137
14.002,0,-0.1413573360537201,-1,0.1413573360537201
14.004,0,-0.1381558041398335,-1,0.1381558041398335
14.006,0,-0.1349489220721861,-1,0.1349489220721861
14.008,0,-0.1317367039058639,-1,0.1317367039058639
14.01,0,-0.1285191636689979,-1,0.1285191636689979
14.012,0,-0.1252963153627548,-1,0.1252963153627548
14.014,0,-0.1220681729613291,-1,0.1220681729613291
14.016,0,-0.1188347504119354,-1,0.1188347504119354
14.018,0,-0.1155960616348006,-1,0.1155960616348006
14.02,0,-0.1123521205231577,-1,0.1123521205231577
14.022,0,-0.1091029409432391,-1,0.1091029409432391
14.024,0,-0.1058485367342709,-1,0.1058485367342709
14.026,0,-0.1025889217084677,-1,0.1025889217084677
14.028,0,-0.09932410965102718,-1,0.09932410965102718
14.03,0,-0.09605411432012645,-1,0.09605411432012645
14.032,0,-0.0927789494469175,-1,0.0927789494469175
14.034,0,-0.089498628735524,-1,0.089498628735524
14.036,0,-0.08621316586303818,-1,0.08621316586303818
14.038,0,-0.08292257447951826,-1,0.08292257447951826
14.04,0,-0.07962686820798638,-1,0.07962686820798638
14.042,0,-0.0763260606444269,-1,0.0763260606444269
14.044,0,-0.07302016535778516,-1,0.07302016535778516
14.046,0,-0.06970919588996669,-1,0.06970919588996669
14.048,0,-0.06639316575583688,-1,0.06639316575583688
14.05,0,-0.06307208844322107,-1,0.06307208844322107
14.052,0,-0.05974597741290501,-1,0.05974597741290501
14.054,0,-0.05641484609863588,-1,0.05641484609863588
14.056,0,-0.05307870790712359,-1,0.05307870790712359
14.058,0,-0.04973757621804258,-1,0.04973757621804258
14.06,0,-0.04639146438403403,-1,0.04639146438403403
14.062,0,-0.0430403857307085,-1,0.0430403857307085
14.064,0,-0.03968435355664889,-1,0.03968435355664889
14.066,0,-0.03632338113341389,-1,0.03632338113341389
14.068,0,-0.03295748170554188,-1,0.03295748170554188
14.07,0,-0.02958666849055506,-1,0.02958666849055506
14.072,0,-0.02621095467896416,-1,0.02621095467896416
14.074,0,-0.02283035343427343,-1,0.02283035343427343
14.076,0,-0.01944487789298606,-1,0.01944487789298606
14.078,0,-0.01605454116460997,-1,0.01605454116460997
14.08,0,-0.01265935633166401,-1,0.01265935633166401
14.082,0,-0.009259336449684538,-1,0.009259336449684538
14.084,0,-0.005854494547232332,-1,0.005854494547232332
14.086,0,-0.002444843625899933,-1,0.002444843625899933
14.088,0,0.0009696033396806745,1,-0.0009696033396806745
14.09,0,0.004388793490665559,1,-0.004388793490665559
14.092,0,0.007812568108154961,1,-0.007812568108154961
14.094,0,0.01124075642020125,1,-0.01124075642020125
14.096,0,0.01467318894524491,1,-0.01467318894524491
14.098,0,0.01810969748453353,1,-0.01810969748453353
14.1,0,0.0215501151145807,1,-0.0215501151145807
14.102,0,0.02499427617966472,1,-0.02499427617966472
14.104,0,0.02844201628436684,1,-0.02844201628436684
14.106,0,0.03189317228614891,1,-0.03189317228614891
14.108,0,0.03534758228797017,1,-0.03534758228797017
14.11,0,0.03880508563094302,1,-0.03880508563094302
14.112,0,0.04226552288702765,1,-0.04226552288702765
14.114,0,0.04572873585176512,1,-0.04572873585176512
14.116,0,0.04919456753704905,1,-0.04919456753704905
14.118,0,0.05266286216393528,1,-0.05266286216393528
14.12,0,0.05613346515548977,1,-0.05613346515548977
14.122,0,0.05960622312967422,1,-0.05960622312967422
14.124,0,0.06308098389226931,1,-0.06308098389226931
14.126,0,0.06655759642983552,1,-0.06655759642983552
14.128,0,0.07003591090271112,1,-0.07003591090271112
14.13,0,0.07351577863804724,1,-0.07351577863804724
14.132,0,0.07699705212287994,1,-0.07699705212287994
14.134,0,0.08047958499723887,1,-0.08047958499723887
14.136,0,0.0839632320472926,1,-0.0839632320472926
14.138,0,0.0874478491985302,1,-0.0874478491985302
14.14,0,0.09093329350897904,1,-0.09093329350897904
14.142,0,0.09441942316245854,1,-0.09441942316245854
14.144,0,0.09790609746186982,1,-0.09790609746186982
14.146,0,0.1013931768225209,1,-0.1013931768225209
14.148,0,0.1048805227654874,1,-0.1048805227654874
14.15,0,0.1083679979110086,1,-0.1083679979110086
14.152,0,0.1118554659719182,1,-0.1118554659719182
14.154,0,0.1153427917471107,1,-0.1153427917471107
14.156,0,0.118829841115042,1,-0.118829841115042
14.158,0,0.1223164810272648,1,-0.1223164810272648
14.16,0,0.1258025795019982,1,-0.1258025795019982
14.162,0,0.1292880056177318,1,-0.1292880056177318
14.164,0,0.1327726295068639,1,-0.1327726295068639
14.166,0,0.1362563223493731,1,-0.1362563223493731
14.168,0,0.1397389563665244,1,-0.1397389563665244
14.17,0,0.1432204048146082,1,-0.1432204048146082
14.172,0,0.1467005419787128,1,-0.1467005419787128
14.174,0,0.1501792431665306,1,-0.1501792431665306
14.176,0,0.153656384702197,1,-0.153656384702197
14.178,0,0.1571318439201617,1,-0.1571318439201617
14.18,0,0.1606054991590939,1,-0.1606054991590939
14.182,0,0.164077229755819,1,-0.164077229755819
14.184,0,0.1675469160392884,1,-0.1675469160392884
14.186,0,0.1710144393245808,1,-0.1710144393245808
14.188,0,0.1744796819069366,1,-0.1744796819069366
14.19,0,0.1779425270558233,1,-0.1779425270558233
14.192,0,0.1814028590090329,1,-0.1814028590090329
14.194,0,0.1848605629668114,1,-0.1848605629668114
14.196,0,0.1883155250860191,1,-0.1883155250860191
14.198,0,0.1917676324743225,1,-0.1917676324743225
14.2,0,0.1952167731844171,1,-0.1952167731844171
14.202,0,0.1986628362082816,1,-0.1986628362082816
14.204,0,0.2021057114714626,1,-0.2021057114714626
14.206,0,0.2055452898273898,1,-0.2055452898273898
14.208,0,0.2089814630517222,1,-0.2089814630517222
14.21,0,0.2124141238367241,1,-0.2124141238367241
14.212,0,0.2158431657856718,1,-0.2158431657856718
14.214,0,0.2192684834072903,1,-0.2192684834072903
14.216,0,0.2226899721102191,1,-0.2226899721102191
14.218,0,0.226107528197509,1,-0.226107528197509
14.22,0,0.2295210488611477,1,-0.2295210488611477
14.222,0,0.2329304321766149,1,-0.2329304321766149
14.224,0,0.2363355770974671,1,-0.2363355770974671
14.226,0,0.2397363834499509,1,-0.2397363834499509
14.228,0,0.2431327519276464,1,-0.2431327519276464
14.23,0,0.2465245840861379,1,-0.2465245840861379
14.232,0,0.2499117823377148,1,-0.2499117823377148
14.234,0,0.2532942499461004,1,-0.2532942499461004
14.236,0,0.2566718910212092,1,-0.2566718910212092
14.238,0,0.2600446105139321,1,-0.2600446105139321
14.24,0,0.2634123142109508,1,-0.2634123142109508
14.242,0,0.2667749087295791,1,-0.2667749087295791
14.244,0,0.2701323015126325,1,-0.2701323015126325
14.246,0,0.2734844008233259,1,-0.2734844008233259
14.248,0,0.276831115740198,1,-0.276831115740198
14.25,0,0.2801723561520641,1,-0.2801723561520641
14.252,0,0.2835080327529957,1,-0.2835080327529957
14.254,0,0.2868380570373271,1,-0.2868380570373271
14.256,0,0.2901623412946897,1,-0.2901623412946897
14.258,0,0.2934807986050721,1,-0.2934807986050721
14.26,0,0.2967933428339084,1,-0.2967933428339084
14.262,0,0.3000998886271919,1,-0.3000998886271919
14.264,0,0.3034003514066158,1,-0.3034003514066158
14.266,0,0.3066946473647404,1,-0.3066946473647404
14.268,0,0.309982693460186,1,-0.309982693460186
14.27,0,0.3132644074128527,1,-0.3132644074128527
14.272,0,0.3165397076991651,1,-0.3165397076991651
14.274,0,0.3198085135473439,1,-0.3198085135473439
14.276,0,0.3230707449327027,1,-0.3230707449327027
14.278,0,0.3263263225729699,1,-0.3263263225729699
14.28,0,0.3295751679236372,1,-0.3295751679236372
14.282,0,0.3328172031733321,1,-0.3328172031733321
14.284,0,0.3360523512392167,1,-0.3360523512392167
14.286,0,0.339280535762411,1,-0.339280535762411
14.288,0,0.3425016811034409,1,-0.3425016811034409
14.29,0,0.3457157123377116,1,-0.3457157123377116
14.292,0,0.3489225552510055,1,-0.3489225552510055
14.294,0,0.3521221363350039,1,-0.3521221363350039
14.296,0,0.3553143827828348,1,-0.3553143827828348
14.298,0,0.3584992224846431,1,-0.3584992224846431
14.3,0,0.3616765840231861,1,-0.3616765840231861
14.302,0,0.3648463966694531,1,-0.3648463966694531
14.304,0,0.3680085903783084,1,-0.3680085903783084
14.306,0,0.3711630957841583,1,-0.3711630957841583
14.308,0,0.3743098441966423,1,-0.3743098441966423
14.31,0,0.3774487675963467,1,-0.3774487675963467
14.312,0,0.3805797986305433,1,-0.3805797986305433
14.314,0,0.3837028706089498,1,-0.3837028706089498
14.316,0,0.3868179174995146,1,-0.3868179174995146
14.318,0,0.3899248739242239,1,-0.3899248739242239
14.32,0,0.3930236751549326,1,-0.3930236751549326
14.322,0,0.3961142571092173,1,-0.3961142571092173
14.324,0,0.3991965563462523,1,-0.3991965563462523
14.326,0,0.4022705100627085,1,-0.4022705100627085
14.328,0,0.4053360560886746,1,-0.4053360560886746
14.33,0,0.4083931328836005,1,-0.4083931328836005
14.332,0,0.4114416795322634,1,-0.4114416795322634
14.334,0,0.4144816357407561,1,-0.4144816357407561
14.336,0,0.4175129418324966,1,-0.4175129418324966
14.338,0,0.4205355387442608,1,-0.4205355387442608
14.34,0,0.423549368022236,1,-0.423549368022236
14.342,0,0.4265543718180969,1,-0.4265543718180969
14.344,0,0.4295504928851026,1,-0.4295504928851026
14.346,0,0.4325376745742159,1,-0.4325376745742159
14.348,0,0.435515860830243,1,-0.435515860830243
14.35,0,0.4384849961879952,1,-0.4384849961879952
14.352,0,0.4414450257684718,1,-0.4414450257684718
14.354,0,0.4443958952750634,1,-0.4443958952750634
14.356,0,0.4473375509897771,1,-0.4473375509897771
14.358,0,0.4502699397694819,1,-0.4502699397694819
14.36,0,0.453193009042175,1,-0.453193009042175
14.362,0,0.4561067068032689,1,-0.4561067068032689
14.364,0,0.4590109816118988,1,-0.4590109816118988
14.366,0,0.4619057825872508,1,-0.4619057825872508
14.368,0,0.4647910594049099,1,-0.4647910594049099
14.37,0,0.4676667622932288,1,-0.4676667622932288
14.372,0,0.4705328420297166,1,-0.4705328420297166
14.374,0,0.4733892499374472,1,-0.4733892499374472
14.376,0,0.4762359378814883,1,-0.4762359378814883
14.378,0,0.4790728582653494,1,-0.4790728582653494
14.38,0,0.4818999640274504,1,-0.4818999640274504
14.382,0,0.484717208637609,1,-0.484717208637609
14.384,0,0.4875245460935482,1,-0.4875245460935482
14.386,0,0.4903219309174229,1,-0.4903219309174229
14.388,0,0.4931093181523661,1,-0.4931093181523661
14.39,0,0.495886663359054,1,-0.495886663359054
14.392,0,0.4986539226122901,1,-0.4986539226122901
14.394,0,0.5014110524976092,1,-0.5014110524976092
14.396,0,0.5041580101078992,1,-0.5041580101078992
14.398,0,0.5068947530400424,1,-0.5068947530400424
14.4,0,0.5096212393915756,1,-0.5096212393915756
14.402,0,0.512337427757368,1,-0.512337427757368
14.404,0,0.5150432772263192,1,-0.5150432772263192
14.406,0,0.5177387473780736,1,-0.5177387473780736
14.408,0,0.520423798279755,1,-0.520423798279755
14.41,0,0.5230983904827186,1,-0.5230983904827186
14.412,0,0.5257624850193209,1,-0.5257624850193209
14.414,0,0.5284160433997084,1,-0.5284160433997084
14.416,0,0.5310590276086238,1,-0.5310590276086238
14.418,0,0.5336914001022303,1,-0.5336914001022303
14.42,0,0.5363131238049531,1,-0.5363131238049531
14.422,0,0.5389241621063399,1,-0.5389241621063399
14.424,0,0.5415244788579374,1,-0.5415244788579374
14.426,0,0.5441140383701867,1,-0.5441140383701867
14.428,0,0.5466928054093352,1,-0.5466928054093352
14.43,0,0.5492607451943663,1,-0.5492607451943663
14.432,0,0.5518178233939462,1,-0.5518178233939462
14.434,0,0.5543640061233881,1,-0.5543640061233881
14.436,0,0.5568992599416329,1,-0.5568992599416329
14.438,0,0.5594235518482478,1,-0.5594235518482478
14.44,0,0.5619368492804404,1,-0.5619368492804404
14.442,0,0.5644391201100915,1,-0.5644391201100915
14.444,0,0.5669303326408027,1,-0.5669303326408027
14.446,0,0.5694104556049622,1,-0.5694104556049622
14.448,0,0.5718794581608259,1,-0.5718794581608259
14.45,0,0.574337309889616,1,-0.574337309889616
14.452,0,0.5767839807926352,1,-0.5767839807926352
14.454,0,0.5792194412883979,1,-0.5792194412883979
14.456,0,0.5816436622097769,1,-0.5816436622097769
14.458,0,0.5840566148011668,1,-0.5840566148011668
14.46,0,0.5864582707156628,1,-0.5864582707156628
14.462,0,0.5888486020122565,1,-0.5888486020122565
14.464,0,0.5912275811530465,1,-0.5912275811530465
14.466,0,0.5935951810004654,1,-0.5935951810004654
14.468,0,0.5959513748145222,1,-0.5959513748145222
14.47,0,0.5982961362500611,1,-0.5982961362500611
14.472,0,0.6006294393540343,1,-0.6006294393540343
14.474,0,0.6029512585627923,1,-0.6029512585627923
14.476,0,0.6052615686993876,1,-0.6052615686993876
14.478,0,0.6075603449708953,1,-0.6075603449708953
14.48,0,0.6098475629657477,1,-0.6098475629657477
14.482,0,0.6121231986510854,1,-0.6121231986510854
14.484,0,0.6143872283701222,1,-0.6143872283701222
14.486,0,0.6166396288395252,1,-0.6166396288395252
14.488,0,0.6188803771468109,1,-0.6188803771468109
14.49,0,0.6211094507477549,1,-0.6211094507477549
14.492,0,0.6233268274638171,1,-0.6233268274638171
14.494,0,0.625532485479581,1,-0.625532485479581
14.496,0,0.6277264033402082,1,-0.6277264033402082
14.498,0,0.6299085599489074,1,-0.6299085599489074
14.5,0,0.6320789345644169,1,-0.6320789345644169
14.502,0,0.6342375067985031,1,-0.6342375067985031
14.504,0,0.636384256613472,1,-0.636384256613472
14.506,0,0.6385191643196955,1,-0.6385191643196955
14.508,0,0.6406422105731517,1,-0.6406422105731517
14.51,0,0.6427533763729795,1,-0.6427533763729795
14.512,0,0.6448526430590468,1,-0.6448526430590468
14.514,0,0.6469399923095331,1,-0.6469399923095331
14.516,0,0.649015406138526,1,-0.649015406138526
14.518,0,0.6510788668936308,1,-0.6510788668936308
14.52,0,0.6531303572535945,1,-0.6531303572535945
14.522,0,0.6551698602259435,1,-0.6551698602259435
14.524,0,0.6571973591446343,1,-0.6571973591446343
14.526,0,0.6592128376677184,1,-0.6592128376677184
14.528,0,0.6612162797750202,1,-0.6612162797750202
14.53,0,0.663207669765828,1,-0.663207669765828
14.532,0,0.6651869922565995,1,-0.6651869922565995
14.534,0,0.6671542321786789,1,-0.6671542321786789
14.536,0,0.6691093747760284,1,-0.6691093747760284
14.538,0,0.6710524056029725,1,-0.6710524056029725
14.54,0,0.672983310521955,1,-0.672983310521955
14.542,0,0.6749020757013091,1,-0.6749020757013091
14.544,0,0.6768086876130407,1,-0.6768086876130407
14.546,0,0.6787031330306242,1,-0.6787031330306242
14.548,0,0.6805853990268111,1,-0.6805853990268111
14.55,0,0.6824554729714515,1,-0.6824554729714515
14.552,0,0.6843133425293277,1,-0.6843133425293277
14.554,0,0.6861589956580014,1,-0.6861589956580014
14.556,0,0.6879924206056719,1,-0.6879924206056719
14.558,0,0.6898136059090482,1,-0.6898136059090482
14.56,0,0.6916225403912325,1,-0.6916225403912325
14.562,0,0.6934192131596164,1,-0.6934192131596164
14.564,0,0.6952036136037892,1,-0.6952036136037892
14.566,0,0.6969757313934587,1,-0.6969757313934587
14.568,0,0.6987355564763831,1,-0.6987355564763831
14.57,0,0.7004830790763165,1,-0.7004830790763165
14.572,0,0.7022182896909649,1,-0.7022182896909649
14.574,0,0.7039411790899552,1,-0.7039411790899552
14.576,0,0.7056517383128155,1,-0.7056517383128155
14.578,0,0.7073499586669669,1,-0.7073499586669669
14.58,0,0.7090358317257281,1,-0.7090358317257281
14.582,0,0.7107093493263307,1,-0.7107093493263307
14.584,0,0.7123705035679458,1,-0.7123705035679458
14.586,0,0.714019286809724,1,-0.714019286809724
14.588,0,0.7156556916688445,1,-0.7156556916688445
14.59,0,0.7172797110185772,1,-0.7172797110185772
14.592,0,0.7188913379863561,1,-0.7188913379863561
14.594,0,0.7204905659518628,1,-0.7204905659518628
14.596,0,0.7220773885451227,1,-0.7220773885451227
14.598,0,0.7236517996446116,1,-0.7236517996446116
14.6,0,0.7252137933753734,1,-0.7252137933753734
14.602,0,0.7267633641071494,1,-0.7267633641071494
14.604,0,0.7283005064525178,1,-0.7283005064525178
14.606,0,0.729825215265045,1,-0.729825215265045
14.608,0,0.7313374856374473,1,-0.7313374856374473
14.61,0,0.7328373128997634,1,-0.7328373128997634
14.612,0,0.7343246926175379,1,-0.7343246926175379
14.614,0,0.7357996205900154,1,-0.7357996205900154
14.616,0,0.7372620928483455,1,-0.7372620928483455
14.618,0,0.7387121056537981,1,-0.7387121056537981
14.62,0,0.740149655495989,1,-0.740149655495989
14.622,0,0.7415747390911169,1,-0.7415747390911169
14.624,0,0.7429873533802102,1,-0.7429873533802102
14.626,0,0.7443874955273838,1,-0.7443874955273838
14.628,0,0.7457751629181074,1,-0.7457751629181074
14.63,0,0.747150353157483,1,-0.747150353157483
14.632,0,0.7485130640685331,1,-0.7485130640685331
14.634,0,0.749863293690499,1,-0.749863293690499
14.636,0,0.751201040277149,1,-0.751201040277149
14.638,0,0.7525263022950971,1,-0.7525263022950971
14.64,0,0.7538390784221317,1,-0.7538390784221317
14.642,0,0.7551393675455533,1,-0.7551393675455533
14.644,0,0.7564271687605235,1,-0.7564271687605235
14.646,0,0.7577024813684229,1,-0.7577024813684229
14.648,0,0.7589653048752188,1,-0.7589653048752188
14.65,0,0.7602156389898435,1,-0.7602156389898435
14.652,0,0.761453483622581,1,-0.761453483622581
14.654,0,0.7626788388834649,1,-0.7626788388834649
14.656,0,0.7638917050806842,1,-0.7638917050806842
14.658,0,0.7650920827189996,1,-0.7650920827189996
14.66,0,0.76627997249817,1,-0.76627997249817
14.662,0,0.7674553753113864,1,-0.7674553753113864
14.664,0,0.7686182922437171,1,-0.7686182922437171
14.666,0,0.7697687245705613,1,-0.7697687245705613
14.668,0,0.7709066737561124,1,-0.7709066737561124
14.67,0,0.7720321414518301,1,-0.7720321414518301
14.672,0,0.7731451294949218,1,-0.7731451294949218
14.674,0,0.7742456399068337,1,-0.7742456399068337
14.676,0,0.7753336748917504,1,-0.7753336748917504
14.678,0,0.7764092368351035,1,-0.7764092368351035
14.68,0,0.7774723283020896,1,-0.7774723283020896
14.682,0,0.7785229520361968,1,-0.7785229520361968
14.684,0,0.7795611109577407,1,-0.7795611109577407
14.686,0,0.7805868081624087,1,-0.7805868081624087
14.688,0,0.781600046919813,1,-0.781600046919813
14.69,0,0.7826008306720533,1,-0.7826008306720533
14.692,0,0.783589163032287,1,-0.783589163032287
14.694,0,0.7845650477833086,1,-0.7845650477833086
14.696,0,0.7855284888761382,1,-0.7855284888761382
14.698,0,0.7864794904286179,1,-0.7864794904286179
14.7,0,0.7874180567240164,1,-0.7874180567240164
14.702,0,0.7883441922096437,1,-0.7883441922096437
14.704,0,0.7892579014954719,1,-0.7892579014954719
14.706,0,0.7901591893527665,1,-0.7901591893527665
14.708,0,0.7910480607127249,1,-0.7910480607127249
14.71,0,0.7919245206651234,1,-0.7919245206651234
14.712,0,0.7927885744569726,1,-0.7927885744569726
14.714,0,0.7936402274911808,1,-0.7936402274911808
14.716,0,0.7944794853252259,1,-0.7944794853252259
14.718,0,0.7953063536698352,1,-0.7953063536698352
14.72,0,0.7961208383876729,1,-0.7961208383876729
14.722,0,0.7969229454920365,1,-0.7969229454920365
14.724,0,0.7977126811455605,1,-0.7977126811455605
14.726,0,0.7984900516589283,1,-0.7984900516589283
14.728,0,0.7992550634895919,1,-0.7992550634895919
14.73,0,0.8000077232404996,1,-0.8000077232404996
14.732,0,0.8007480376588316,1,-0.8007480376588316
14.734,0,0.8014760136347429,1,-0.8014760136347429
14.736,0,0.8021916582001142,1,-0.8021916582001142
14.738,0,0.8028949785273111,1,-0.8028949785273111
14.74,0,0.8035859819279499,1,-0.8035859819279499
14.742,0,0.8042646758516721,1,-0.8042646758516721
14.744,0,0.8049310678849247,1,-0.8049310678849247
14.746,0,0.8055851657497508,1,-0.8055851657497508
14.748,0,0.8062269773025847,1,-0.8062269773025847
14.75,0,0.806856510533057,1,-0.806856510533057
14.752,0,0.8074737735628048,1,-0.8074737735628048
14.754,0,0.8080787746442916,1,-0.8080787746442916
14.756,0,0.8086715221596324,1,-0.8086715221596324
14.758,0,0.809252024619428,1,-0.809252024619428
14.76,0,0.8098202906616044,1,-0.8098202906616044
14.762,0,0.8103763290502616,1,-0.8103763290502616
14.764,0,0.8109201486745281,1,-0.8109201486745281
14.766,0,0.8114517585474232,1,-0.8114517585474232
14.768,0,0.8119711678047261,1,-0.8119711678047261
14.77,0,0.8124783857038521,1,-0.8124783857038521
14.772,0,0.812973421622736,1,-0.812973421622736
14.774,0,0.8134562850587221,1,-0.8134562850587221
14.776,0,0.8139269856274619,1,-0.8139269856274619
14.778,0,0.8143855330618175,1,-0.8143855330618175
14.78,0,0.814831937210773,1,-0.814831937210773
14.782,0,0.8152662080383521,1,-0.8152662080383521
14.784,0,0.815688355622543,1,-0.815688355622543
14.786,0,0.8160983901542291,1,-0.8160983901542291
14.788,0,0.8164963219361275,1,-0.8164963219361275
14.79,0,0.8168821613817338,1,-0.8168821613817338
14.792,0,0.8172559190142729,1,-0.8172559190142729
14.794,0,0.8176176054656575,1,-0.8176176054656575
14.796,0,0.8179672314754526,1,-0.8179672314754526
14.798,0,0.8183048078898462,1,-0.8183048078898462
14.8,0,0.8186303456606272,1,-0.8186303456606272
14.802,0,0.8189438558441693,1,-0.8189438558441693
14.804,0,0.8192453496004215,1,-0.8192453496004215
14.806,0,0.8195348381919051,1,-0.8195348381919051
14.808,0,0.8198123329827165,1,-0.8198123329827165
14.81,0,0.8200778454375371,1,-0.8200778454375371
14.812,0,0.8203313871206492,1,-0.8203313871206492
14.814,0,0.8205729696949577,1,-0.8205729696949577
14.816,0,0.8208026049210189,1,-0.8208026049210189
14.818,0,0.8210203046560742,1,-0.8210203046560742
14.82,0,0.8212260808530919,1,-0.8212260808530919
14.822,0,0.8214199455598128,1,-0.8214199455598128
14.824,0,0.8216019109178038,1,-0.8216019109178038
14.826,0,0.8217719891615164,1,-0.8217719891615164
14.828,0,0.821930192617352,1,-0.821930192617352
14.83,0,0.8220765337027324,1,-0.8220765337027324
14.832,0,0.8222110249251768,1,-0.8222110249251768
14.834,0,0.8223336788813849,1,-0.8223336788813849
14.836,0,0.8224445082563249,1,-0.8224445082563249
14.838,0,0.8225435258223285,1,-0.8225435258223285
14.84,0,0.8226307444381913,1,-0.8226307444381913
14.842,0,0.8227061770482784,1,-0.8227061770482784
14.844,0,0.8227698366816371,1,-0.8227698366816371
14.846,0,0.8228217364511136,1,-0.8228217364511136
14.848,0,0.822861889552477,1,-0.822861889552477
14.85,0,0.822890309263548,1,-0.822890309263548
14.852,0,0.8229070089433336,1,-0.8229070089433336
14.854,0,0.8229120020311672,1,-0.8229120020311672
14.856,0,0.8229053020458545,1,-0.8229053020458545
14.858,0,0.8228869225848248,1,-0.8228869225848248
14.86,0,0.8228568773232875,1,-0.8228568773232875
14.862,0,0.822815180013395,1,-0.822815180013395
14.864,0,0.8227618444834102,1,-0.8227618444834102
14.866,0,0.8226968846368793,1,-0.8226968846368793
14.868,0,0.8226203144518111,1,-0.8226203144518111
14.87,0,0.8225321479798601,1,-0.8225321479798601
14.872,0,0.8224323993455166,1,-0.8224323993455166
14.874,0,0.8223210827453006,1,-0.8223210827453006
14.876,0,0.8221982124469619,1,-0.8221982124469619
14.878,0,0.8220638027886851,1,-0.8220638027886851
14.88,0,0.8219178681782997,1,-0.8219178681782997
14.882,0,0.8217604230924961,1,-0.8217604230924961
14.884,0,0.8215914820760456,1,-0.8215914820760456
14.886,0,0.8214110597410266,1,-0.8214110597410266
14.888,0,0.8212191707660549,1,-0.8212191707660549
14.89,0,0.8210158298955201,1,-0.8210158298955201
14.892,0,0.8208010519388265,1,-0.8208010519388265
14.894,0,0.8205748517696386,1,-0.8205748517696386
14.896,0,0.8203372443251328,1,-0.8203372443251328
14.898,0,0.8200882446052523,1,-0.8200882446052523
14.9,0,0.8198278676719689,1,-0.8198278676719689
14.902,0,0.8195561286485481,1,-0.8195561286485481
14.904,0,0.81927304271882,1,-0.81927304271882
14.906,0,0.8189786251264545,1,-0.8189786251264545
14.908,0,0.8186728911742418,1,-0.8186728911742418
14.91,0,0.8183558562233774,1,-0.8183558562233774
14.912,0,0.8180275356927518,1,-0.8180275356927518
14.914,0,0.8176879450582452,1,-0.8176879450582452
14.916,0,0.8173370998520266,1,-0.8173370998520266
14.918,0,0.8169750156618582,1,-0.8169750156618582
14.92,0,0.8166017081304033,1,-0.8166017081304033
14.922,0,0.8162171929545403,1,-0.8162171929545403
14.924,0,0.8158214858846801,1,-0.8158214858846801
14.926,0,0.8154146027240886,1,-0.8154146027240886
14.928,0,0.8149965593282139,1,-0.8149965593282139
14.93,0,0.8145673716040176,1,-0.8145673716040176
14.932,0,0.8141270555093111,1,-0.8141270555093111
14.934,0,0.8136756270520958,1,-0.8136756270520958
14.936,0,0.8132131022899085,1,-0.8132131022899085
14.938,0,0.8127394973291703,1,-0.8127394973291703
14.94,0,0.8122548283245407,1,-0.8122548283245407
14.942,0,0.8117591114782757,1,-0.8117591114782757
14.944,0,0.8112523630395907,1,-0.8112523630395907
14.946,0,0.8107345993040267,1,-0.8107345993040267
14.948,0,0.8102058366128221,1,-0.8102058366128221
14.95,0,0.8096660913522878,1,-0.8096660913522878
14.952,0,0.8091153799531872,1,-0.8091153799531872
14.954,0,0.8085537188901196,1,-0.8085537188901196
14.956,0,0.8079811246809093,1,-0.8079811246809093
14.958,0,0.8073976138859971,1,-0.8073976138859971
14.96,0,0.806803203107837,1,-0.806803203107837
14.962,0,0.8061979089902974,1,-0.8061979089902974
14.964,0,0.8055817482180652,1,-0.8055817482180652
14.966,0,0.8049547375160548,1,-0.8049547375160548
14.968,0,0.8043168936488215,1,-0.8043168936488215
14.97,0,0.803668233419978,1,-0.803668233419978
14.972,0,0.8030087736716153,1,-0.8030087736716153
14.974,0,0.8023385312837281,1,-0.8023385312837281
14.976,0,0.8016575231736438,1,-0.8016575231736438
14.978,0,0.800965766295455,1,-0.800965766295455
14.98,0,0.8002632776394567,1,-0.8002632776394567
14.982,0,0.7995500742315871,1,-0.7995500742315871
14.984,0,0.7988261731328719,1,-0.7988261731328719
14.986,0,0.7980915914388732,1,-0.7980915914388732
14.988,0,0.797346346279142,1,-0.797346346279142
14.99,0,0.7965904548166739,1,-0.7965904548166739
14.992,0,0.7958239342473694,1,-0.7958239342473694
14.994,0,0.7950468017994976,1,-0.7950468017994976
14.996,0,0.7942590747331639,1,-0.7942590747331639
14.998,0,0.793460770339781,1,-0.793460770339781
15,0,0.7926519059415441,1,-0.7926519059415441
15.002,0,0.7918324988909095,1,-0.7918324988909095
15.004,0,0.7910025665700766,1,-0.7910025665700766
15.006,0,0.7901621263904748,1,-0.7901621263904748
15.008,0,0.7893111957922521,1,-0.7893111957922521
15.01,0,0.788449792243769,1,-0.788449792243769
15.012,0,0.787577933241095,1,-0.787577933241095
15.014,0,0.7866956363075094,1,-0.7866956363075094
15.016,0,0.7858029189930044,1,-0.7858029189930044
15.018,0,0.7848997988737935,1,-0.7848997988737935
15.02,0,0.783986293551822,1,-0.783986293551822
15.022,0,0.7830624206542817,1,-0.7830624206542817
15.024,0,0.7821281978331283,1,-0.7821281978331283
15.026,0,0.7811836427646034,1,-0.7811836427646034
15.028,0,0.780228773148759,1,-0.780228773148759
15.03,0,0.7792636067089858,1,-0.7792636067089858
15.032,0,0.7782881611915444,1,-0.7782881611915444
15.034,0,0.7773024543651011,1,-0.7773024543651011
15.036,0,0.7763065040202655,1,-0.7763065040202655
15.038,0,0.775300327969132,1,-0.775300327969132
15.04,0,0.7742839440448256,1,-0.7742839440448256
15.042,0,0.7732573701010493,1,-0.7732573701010493
15.044,0,0.7722206240116363,1,-0.7722206240116363
15.046,0,0.7711737236701039,1,-0.7711737236701039
15.048,0,0.7701166869892125,1,-0.7701166869892125
15.05,0,0.7690495319005259,1,-0.7690495319005259
15.052,0,0.7679722763539765,1,-0.7679722763539765
15.054,0,0.7668849383174321,1,-0.7668849383174321
15.056,0,0.7657875357762675,1,-0.7657875357762675
15.058,0,0.7646800867329376,1,-0.7646800867329376
15.06,0,0.7635626092065552,1,-0.7635626092065552
15.062,0,0.76243512123247,1,-0.76243512123247
15.064,0,0.7612976408618531,1,-0.7612976408618531
15.066,0,0.7601501861612824,1,-0.7601501861612824
15.068,0,0.758992775212332,1,-0.758992775212332
15.07,0,0.7578254261111651,1,-0.7578254261111651
15.072,0,0.7566481569681288,1,-0.7566481569681288
15.074,0,0.7554609859073528,1,-0.7554609859073528
15.076,0,0.7542639310663504,1,-0.7542639310663504
15.078,0,0.7530570105956232,1,-0.7530570105956232
15.08,0,0.7518402426582683,1,-0.7518402426582683
15.082,0,0.7506136454295883,1,-0.7506136454295883
15.084,0,0.7493772370967043,1,-0.7493772370967043
15.086,0,0.7481310358581724,1,-0.7481310358581724
15.088,0,0.7468750599236021,1,-0.7468750599236021
15.09,0,0.7456093275132782,1,-0.7456093275132782
15.092,0,0.7443338568577855,1,-0.7443338568577855
15.094,0,0.7430486661976359,1,-0.7430486661976359
15.096,0,0.7417537737828988,1,-0.7417537737828988
15.098,0,0.740449197872834,1,-0.740449197872834
15.1,0,0.7391349567355281,1,-0.7391349567355281
15.102,0,0.7378110686475319,1,-0.7378110686475319
15.104,0,0.7364775518935027,1,-0.7364775518935027
15.106,0,0.7351344247658479,1,-0.7351344247658479
15.108,0,0.7337817055643717,1,-0.7337817055643717
15.11,0,0.7324194125959247,1,-0.7324194125959247
15.112,0,0.7310475641740558,1,-0.7310475641740558
15.114,0,0.7296661786186673,1,-0.7296661786186673
15.116,0,0.7282752742556721,1,-0.7282752742556721
15.118,0,0.7268748694166536,1,-0.7268748694166536
15.12,0,0.7254649824385289,1,-0.7254649824385289
15.122,0,0.7240456316632135,1,-0.7240456316632135
15.124,0,0.7226168354372895,1,-0.7226168354372895
15.126,0,0.7211786121116761,1,-0.7211786121116761
15.128,0,0.7197309800413024,1,-0.7197309800413024
15.13,0,0.7182739575847831,1,-0.7182739575847831
15.132,0,0.7168075631040962,1,-0.7168075631040962
15.134,0,0.7153318149642642,1,-0.7153318149642642
15.136,0,0.7138467315330368,1,-0.7138467315330368
15.138,0,0.7123523311805763,1,-0.7123523311805763
15.14,0,0.710848632279146,1,-0.710848632279146
15.142,0,0.7093356532028005,1,-0.7093356532028005
15.144,0,0.7078134123270785,1,-0.7078134123270785
15.146,0,0.7062819280286984,1,-0.7062819280286984
15.148,0,0.7047412186852557,1,-0.7047412186852557
15.15,0,0.7031913026749237,1,-0.7031913026749237
15.152,0,0.7016321983761553,1,-0.7016321983761553
15.154,0,0.7000639241673885,1,-0.7000639241673885
15.156,0,0.6984864984267531,1,-0.6984864984267531
15.158,0,0.696899939531781,1,-0.696899939531781
15.16,0,0.6953042658591173,1,-0.6953042658591173
15.162,0,0.6936994957842352,1,-0.6936994957842352
15.164,0,0.6920856476811518,1,-0.6920856476811518
15.166,0,0.6904627399221476,1,-0.6904627399221476
15.168,0,0.6888307908774871,1,-0.6888307908774871
15.17,0,0.6871898189151423,1,-0.6871898189151423
15.172,0,0.6855398424005181,1,-0.6855398424005181
15.174,0,0.6838808796961804,1,-0.6838808796961804
15.176,0,0.6822129491615855,1,-0.6822129491615855
15.178,0,0.680536069152813,1,-0.680536069152813
15.18,0,0.6788502580222996,1,-0.6788502580222996
15.182,0,0.6771555341185762,1,-0.6771555341185762
15.184,0,0.6754519157860062,1,-0.6754519157860062
15.186,0,0.6737394213645262,1,-0.6737394213645262
15.188,0,0.6720180691893898,1,-0.6720180691893898
15.19,0,0.6702878775909118,1,-0.6702878775909118
15.192,0,0.6685488648942162,1,-0.6685488648942162
15.194,0,0.6668010494189849,1,-0.6668010494189849
15.196,0,0.6650444494792096,1,-0.6650444494792096
15.198,0,0.6632790833829449,1,-0.6632790833829449
15.2,0,0.6615049694320644,1,-0.6615049694320644
15.202,0,0.6597221259220174,1,-0.6597221259220174
15.204,0,0.6579305711415895,1,-0.6579305711415895
15.206,0,0.6561303233726636,1,-0.6561303233726636
15.208,0,0.6543214008899839,1,-0.6543214008899839
15.21,0,0.6525038219609213,1,-0.6525038219609213
15.212,0,0.650677604845241,1,-0.650677604845241
15.214,0,0.6488427677948726,1,-0.6488427677948726
15.216,0,0.6469993290536811,1,-0.6469993290536811
15.218,0,0.6451473068572408,1,-0.6451473068572408
15.22,0,0.6432867194326104,1,-0.6432867194326104
15.222,0,0.641417584998111,1,-0.641417584998111
15.224,0,0.6395399217631045,1,-0.6395399217631045
15.226,0,0.6376537479277756,1,-0.6376537479277756
15.228,0,0.6357590816829145,1,-0.6357590816829145
15.23,0,0.6338559412097019,1,-0.6338559412097019
15.232,0,0.631944344679496,1,-0.631944344679496
15.234,0,0.6300243102536208,1,-0.6300243102536208
15.236,0,0.6280958560831572,1,-0.6280958560831572
15.238,0,0.6261590003087348,1,-0.6261590003087348
15.24,0,0.6242137610603266,1,-0.6242137610603266
15.242,0,0.6222601564570442,1,-0.6222601564570442
15.244,0,0.6202982046069367,1,-0.6202982046069367
15.246,0,0.6183279236067895,1,-0.6183279236067895
15.248,0,0.6163493315419256,1,-0.6163493315419256
15.25,0,0.6143624464860094,1,-0.6143624464860094
15.252,0,0.6123672865008507,1,-0.6123672865008507
15.254,0,0.6103638696362123,1,-0.6103638696362123
15.256,0,0.6083522139296172,1,-0.6083522139296172
15.258,0,0.6063323374061598,1,-0.6063323374061598
15.26,0,0.6043042580783168,1,-0.6043042580783168
15.262,0,0.6022679939457614,1,-0.6022679939457614
15.264,0,0.6002235629951779,1,-0.6002235629951779
15.266,0,0.5981709832000789,1,-0.5981709832000789
15.268,0,0.5961102725206237,1,-0.5961102725206237
15.27,0,0.5940414489034385,1,-0.5940414489034385
15.272,0,0.5919645302814383,1,-0.5919645302814383
15.274,0,0.5898795345736501,1,-0.5898795345736501
15.276,0,0.5877864796850385,1,-0.5877864796850385
15.278,0,0.5856853835063319,1,-0.5856853835063319
15.28,0,0.5835762639138513,1,-0.5835762639138513
15.282,0,0.5814591387693396,1,-0.5814591387693396
15.284,0,0.5793340259197939,1,-0.5793340259197939
15.286,0,0.5772009431972978,1,-0.5772009431972978
15.288,0,0.5750599084188566,1,-0.5750599084188566
15.29,0,0.5729109393862334,1,-0.5729109393862334
15.292,0,0.5707540538857866,1,-0.5707540538857866
15.294,0,0.5685892696883096,1,-0.5685892696883096
15.296,0,0.5664166045488712,1,-0.5664166045488712
15.298,0,0.5642360762066584,1,-0.5642360762066584
15.3,0,0.5620477023848198,1,-0.5620477023848198
15.302,0,0.5598515007903113,1,-0.5598515007903113
15.304,0,0.5576474891137428,1,-0.5576474891137428
15.306,0,0.5554356850292267,1,-0.5554356850292267
15.308,0,0.5532161061942271,1,-0.5532161061942271
15.31,0,0.550988770249412,1,-0.550988770249412
15.312,0,0.5487536948185051,1,-0.5487536948185051
15.314,0,0.5465108975081409,1,-0.5465108975081409
15.316,0,0.5442603959077191,1,-0.5442603959077191
15.318,0,0.5420022075892629,1,-0.5420022075892629
15.32,0,0.5397363501072763,1,-0.5397363501072763
15.322,0,0.5374628409986048,1,-0.5374628409986048
15.324,0,0.535181697782296,1,-0.535181697782296
15.326,0,0.5328929379594628,1,-0.5328929379594628
15.328,0,0.5305965790131469,1,-0.5305965790131469
15.33,0,0.5282926384081847,1,-0.5282926384081847
15.332,0,0.5259811335910733,1,-0.5259811335910733
15.334,0,0.5236620819898394,1,-0.5236620819898394
15.336,0,0.5213355010139082,1,-0.5213355010139082
15.338,0,0.5190014080539744,1,-0.5190014080539744
15.34,0,0.5166598204818743,1,-0.5166598204818743
15.342,0,0.514310755650459,1,-0.514310755650459
15.344,0,0.5119542308934696,1,-0.5119542308934696
15.346,0,0.5095902635254128,1,-0.5095902635254128
15.348,0,0.5072188708414385,1,-0.5072188708414385
15.35,0,0.504840070117218,1,-0.504840070117218
15.352,0,0.5024538786088246,1,-0.5024538786088246
15.354,0,0.5000603135526143,1,-0.5000603135526143
15.356,0,0.4976593921651081,1,-0.4976593921651081
15.358,0,0.4952511316428762,1,-0.4952511316428762
15.36,0,0.4928355491624222,1,-0.4928355491624222
15.362,0,0.49041266188007,1,-0.49041266188007
15.364,0,0.4879824869318509,1,-0.4879824869318509
15.366,0,0.4855450414333918,1,-0.4855450414333918
15.368,0,0.4831003424798058,1,-0.4831003424798058
15.37,0,0.4806484071455827,1,-0.4806484071455827
15.372,0,0.4781892524844811,1,-0.4781892524844811
15.374,0,0.4757228955294224,1,-0.4757228955294224
15.376,0,0.473249353292385,1,-0.473249353292385
15.378,0,0.4707686427643001,1,-0.4707686427643001
15.38,0,0.4682807809149485,1,-0.4682807809149485
15.382,0,0.4657857846928591,1,-0.4657857846928591
15.384,0,0.4632836710252078,1,-0.4632836710252078
15.386,0,0.4607744568177181,1,-0.4607744568177181
15.388,0,0.4582581589545622,1,-0.4582581589545622
15.39,0,0.4557347942982644,1,-0.4557347942982644
15.392,0,0.4532043796896042,1,-0.4532043796896042
15.394,0,0.4506669319475214,1,-0.4506669319475214
15.396,0,0.4481224678690222,1,-0.4481224678690222
15.398,0,0.4455710042290862,1,-0.4455710042290862
15.4,0,0.4430125577805746,1,-0.4430125577805746
15.402,0,0.4404471452541394,1,-0.4404471452541394
15.404,0,0.4378747833581337,1,-0.4378747833581337
15.406,0,0.4352954887785236,1,-0.4352954887785236
15.408,0,0.4327092781787998,1,-0.4327092781787998
15.41,0,0.430116168199892,1,-0.430116168199892
15.412,0,0.4275161754600827,1,-0.4275161754600827
15.414,0,0.4249093165549237,1,-0.4249093165549237
15.416,0,0.4222956080571518,1,-0.4222956080571518
15.418,0,0.4196750665166072,1,-0.4196750665166072
15.42,0,0.4170477084601519,1,-0.4170477084601519
15.422,0,0.4144135503915894,1,-0.4144135503915894
15.424,0,0.4117726087915858,1,-0.4117726087915858
15.426,0,0.4091249001175907,1,-0.4091249001175907
15.428,0,0.4064704408037609,1,-0.4064704408037609
15.43,0,0.4038092472608835,1,-0.4038092472608835
15.432,0,0.4011413358763005,1,-0.4011413358763005
15.434,0,0.398466723013835,1,-0.398466723013835
15.436,0,0.3957854250137173,1,-0.3957854250137173
15.438,0,0.393097458192513,1,-0.393097458192513
15.44,0,0.3904028388430509,1,-0.3904028388430509
15.442,0,0.3877015832343531,1,-0.3877015832343531
15.444,0,0.3849937076115649,1,-0.3849937076115649
15.446,0,0.3822792281958866,1,-0.3822792281958866
15.448,0,0.3795581611845056,1,-0.3795581611845056
15.45,0,0.3768305227505298,1,-0.3768305227505298
15.452,0,0.3740963290429211,1,-0.3740963290429211
15.454,0,0.3713555961864314,1,-0.3713555961864314
15.456,0,0.3686083402815379,1,-0.3686083402815379
15.458,0,0.36585457740438,1,-0.36585457740438
15.46,0,0.3630943236066973,1,-0.3630943236066973
15.462,0,0.3603275949157678,1,-0.3603275949157678
15.464,0,0.3575544073343479,1,-0.3575544073343479
15.466,0,0.3547747768406124,1,-0.3547747768406124
15.468,0,0.3519887193880958,1,-0.3519887193880958
15.47,0,0.3491962509056346,1,-0.3491962509056346
15.472,0,0.34639738729731,1,-0.34639738729731
15.474,0,0.3435921444423918,1,-0.3435921444423918
15.476,0,0.3407805381952831,1,-0.3407805381952831
15.478,0,0.3379625843854657,1,-0.3379625843854657
15.48,0,0.3351382988174466,1,-0.3351382988174466
15.482,0,0.3323076972707046,1,-0.3323076972707046
15.484,0,0.329470795499639,1,-0.329470795499639
15.486,0,0.326627609233518,1,-0.326627609233518
15.488,0,0.3237781541764281,1,-0.3237781541764281
15.49,0,0.3209224460072249,1,-0.3209224460072249
15.492,0,0.3180605003794839,1,-0.3180605003794839
15.494,0,0.3151923329214527,1,-0.3151923329214527
15.496,0,0.3123179592360038,1,-0.3123179592360038
15.498,0,0.3094373949005878,1,-0.3094373949005878
15.5,0,0.3065506554671883,1,-0.3065506554671883
15.502,0,0.3036577564622766,1,-0.3036577564622766
15.504,0,0.3007587133867672,1,-0.3007587133867672
15.506,0,0.2978535417159753,1,-0.2978535417159753
15.508,0,0.2949422568995734,1,-0.2949422568995734
15.51,0,0.2920248743615499,1,-0.2920248743615499
15.512,0,0.2891014095001677,1,-0.2891014095001677
15.514,0,0.2861718776879235,1,-0.2861718776879235
15.516,0,0.283236294271509,1,-0.283236294271509
15.518,0,0.280294674571771,1,-0.280294674571771
15.52,0,0.2773470338836739,1,-0.2773470338836739
15.522,0,0.2743933874762617,1,-0.2743933874762617
15.524,0,0.2714337505926214,1,-0.2714337505926214
15.526,0,0.268468138449847,1,-0.268468138449847
15.528,0,0.265496566239004,1,-0.265496566239004
15.53,0,0.2625190491250947,1,-0.2625190491250947
15.532,0,0.2595356022470242,1,-0.2595356022470242
15.534,0,0.2565462407175672,1,-0.2565462407175672
15.536,0,0.2535509796233352,1,-0.2535509796233352
15.538,0,0.2505498340247447,1,-0.2505498340247447
15.54,0,0.2475428189559859,1,-0.2475428189559859
15.542,0,0.244529949424992,1,-0.244529949424992
15.544,0,0.2415112404134092,1,-0.2415112404134092
15.546,0,0.2384867068765676,1,-0.2384867068765676
15.548,0,0.2354563637434524,1,-0.2354563637434524
15.55,0,0.2324202259166761,1,-0.2324202259166761
15.552,0,0.2293783082724509,1,-0.2293783082724509
15.554,0,0.2263306256605621,1,-0.2263306256605621
15.556,0,0.2232771929043421,1,-0.2232771929043421
15.558,0,0.2202180248006449,1,-0.2202180248006449
15.56,0,0.217153136119821,1,-0.217153136119821
15.562,0,0.2140825416056938,1,-0.2140825416056938
15.564,0,0.2110062559755356,1,-0.2110062559755356
15.566,0,0.2079242939200445,1,-0.2079242939200445
15.568,0,0.2048366701033224,1,-0.2048366701033224
15.57,0,0.201743399162853,1,-0.201743399162853
15.572,0,0.1986444957094808,1,-0.1986444957094808
15.574,0,0.1955399743273901,1,-0.1955399743273901
15.576,0,0.1924298495740857,1,-0.1924298495740857
15.578,0,0.189314135980373,1,-0.189314135980373
15.58,0,0.1861928480503391,1,-0.1861928480503391
15.582,0,0.1830660002613351,1,-0.1830660002613351
15.584,0,0.1799336070639577,1,-0.1799336070639577
15.586,0,0.1767956828820328,1,-0.1767956828820328
15.588,0,0.1736522421125984,1,-0.1736522421125984
15.59,0,0.1705032991258889,1,-0.1705032991258889
15.592,0,0.1673488682653197,1,-0.1673488682653197
15.594,0,0.1641889638474721,1,-0.1641889638474721
15.596,0,0.1610236001620791,1,-0.1610236001620791
15.598,0,0.1578527914720116,1,-0.1578527914720116
15.6,0,0.1546765520132652,1,-0.1546765520132652
15.602,0,0.1514948959949474,1,-0.1514948959949474
15.604,0,0.1483078375992653,1,-0.1483078375992653
15.606,0,0.1451153909815142,1,-0.1451153909815142
15.608,0,0.1419175702700663,1,-0.1419175702700663
15.61,0,0.1387143895663599,1,-0.1387143895663599
15.612,0,0.1355058629448898,1,-0.1355058629448898
15.614,0,0.132292004453197,1,-0.132292004453197
15.616,0,0.1290728281118603,1,-0.1290728281118603
15.618,0,0.1258483479144872,1,-0.1258483479144872
15.62,0,0.122618577827706,1,-0.122618577827706
15.622,0,0.1193835317911582,1,-0.1193835317911582
15.624,0,0.1161432237174914,1,-0.1161432237174914
15.626,0,0.1128976674923527,1,-0.1128976674923527
15.628,0,0.1096468769743823,1,-0.1096468769743823
15.63,0,0.1063908659952083,1,-0.1063908659952083
15.632,0,0.1031296483594411,1,-0.1031296483594411
15.634,0,0.09986323784466875,1,-0.09986323784466875
15.636,0,0.09659164820145308,1,-0.09659164820145308
15.638,0,0.09331489315332543,1,-0.09331489315332543
15.64,0,0.0900329863967836,1,-0.0900329863967836
15.642,0,0.0867459416012889,1,-0.0867459416012889
15.644,0,0.08345377240926379,1,-0.08345377240926379
15.646,0,0.08015649243608985,1,-0.08015649243608985
15.648,0,0.07685411527010637,1,-0.07685411527010637
15.65,0,0.07354665447260916,1,-0.07354665447260916
15.652,0,0.07023412357785003,1,-0.07023412357785003
15.654,0,0.06691653609303651,1,-0.06691653609303651
15.656,0,0.06359390549833213,1,-0.06359390549833213
15.658,0,0.0602662452468571,1,-0.0602662452468571
15.66,0,0.05693356876468936,1,-0.05693356876468936
15.662,0,0.05359588945086613,1,-0.05359588945086613
15.664,0,0.05025322067738582,1,-0.05025322067738582
15.666,0,0.04690557578921041,1,-0.04690557578921041
15.668,0,0.04355296810426817,1,-0.04355296810426817
15.67,0,0.04019541091345686,1,-0.04019541091345686
15.672,0,0.03683291748064731,1,-0.03683291748064731
15.674,0,0.03346550104268736,1,-0.03346550104268736
15.676,0,0.0300931748094063,1,-0.0300931748094063
15.678,0,0.02671595196361957,1,-0.02671595196361957
15.68,0,0.02333384566113398,1,-0.02333384566113398
15.682,0,0.01994686903075325,1,-0.01994686903075325
15.684,0,0.01655503517428392,1,-0.01655503517428392
15.686,0,0.01315835716654172,1,-0.01315835716654172
15.688,0,0.009756848055358249,1,-0.009756848055358249
15.69,0,0.006350520861588056,1,-0.006350520861588056
15.692,0,0.002939388579116092,1,-0.002939388579116092
15.694,0,-0.0004765358251344644,-1,0.0004765358251344644
15.696,0,-0.00389719950002957,-1,0.00389719950002957
15.698,0,-0.007322443734380308,-1,0.007322443734380308
15.7,0,-0.01075209776395071,-1,0.01075209776395071
15.702,0,-0.01418599211489363,-1,0.01418599211489363
15.704,0,-0.01762395859616956,-1,0.01762395859616956
15.706,0,-0.02106583029200546,-1,0.02106583029200546
15.708,0,-0.02451144155439331,-1,0.02451144155439331
15.71,0,-0.0279606279956282,-1,0.0279606279956282
15.712,0,-0.03141322648088592,-1,0.03141322648088592
15.714,0,-0.03486907512083953,-1,0.03486907512083953
15.716,0,-0.03832801326431514,-1,0.03832801326431514
15.718,0,-0.04178988149098627,-1,0.04178988149098627
15.72,0,-0.04525452160410696,-1,0.04525452160410696
15.722,0,-0.04872177662328318,-1,0.04872177662328318
15.724,0,-0.05219149077728253,-1,0.05219149077728253
15.726,0,-0.0556635094968819,-1,0.0556635094968819
15.728,0,-0.05913767940775302,-1,0.05913767940775302
15.73,0,-0.06261384832338562,-1,0.06261384832338562
15.732,0,-0.06609186523804809,-1,0.06609186523804809
15.734,0,-0.06957158031978534,-1,0.06957158031978534
15.736,0,-0.07305284490345383,-1,0.07305284490345383
15.738,0,-0.07653551148379342,-1,0.07653551148379342
15.74,0,-0.08001943370853604,-1,0.08001943370853604
15.742,0,-0.08350446637155082,-1,0.08350446637155082
15.744,0,-0.08699046540602559,-1,0.08699046540602559
15.746,0,-0.09047728787768458,-1,0.09047728787768458
15.748,0,-0.09396479197804207,-1,0.09396479197804207
15.75,0,-0.09745283701769189,-1,0.09745283701769189
15.752,0,-0.1009412834196326,-1,0.1009412834196326
15.754,0,-0.1044299927126279,-1,0.1044299927126279
15.756,0,-0.1079188275246028,-1,0.1079188275246028
15.758,0,-0.1114076515760743,-1,0.1114076515760743
15.76,0,-0.1148963296736174,-1,0.1148963296736174
15.762,0,-0.1183847277033658,-1,0.1183847277033658
15.764,0,-0.1218727126245472,-1,0.1218727126245472
15.766,0,-0.1253601524630526,-1,0.1253601524630526
15.768,0,-0.1288469163050408,-1,0.1288469163050408
15.77,0,-0.1323328742905757,-1,0.1323328742905757
15.772,0,-0.1358178976072988,-1,0.1358178976072988
15.774,0,-0.1393018584841341,-1,0.1393018584841341
15.776,0,-0.1427846301850279,-1,0.1427846301850279
15.778,0,-0.146266087002721,-1,0.146266087002721
15.78,0,-0.1497461042525543,-1,0.1497461042525543
15.782,0,-0.1532245582663083,-1,0.1532245582663083
15.784,0,-0.1567013263860739,-1,0.1567013263860739
15.786,0,-0.1601762869581576,-1,0.1601762869581576
15.788,0,-0.1636493193270181,-1,0.1636493193270181
15.79,0,-0.167120303829236,-1,0.167120303829236
15.792,0,-0.1705891217875151,-1,0.1705891217875151
15.794,0,-0.1740556555047168,-1,0.1740556555047168
15.796,0,-0.1775197882579248,-1,0.1775197882579248
15.798,0,-0.1809814042925434,-1,0.1809814042925434
15.8,0,-0.1844403888164261,-1,0.1844403888164261
15.802,0,-0.1878966279940361,-1,0.1878966279940361
15.804,0,-0.1913500089406381,-1,0.1913500089406381
15.806,0,-0.1948004197165213,-1,0.1948004197165213
15.808,0,-0.1982477493212529,-1,0.1982477493212529
15.81,0,-0.2016918876879634,-1,0.2016918876879634
15.812,0,-0.205132725677661,-1,0.205132725677661
15.814,0,-0.2085701550735785,-1,0.2085701550735785
15.816,0,-0.2120040685755486,-1,0.2120040685755486
15.818,0,-0.2154343597944108,-1,0.2154343597944108
15.82,0,-0.2188609232464479,-1,0.2188609232464479
15.822,0,-0.2222836543478519,-1,0.2222836543478519
15.824,0,-0.2257024494092206,-1,0.2257024494092206
15.826,0,-0.2291172056300831,-1,0.2291172056300831
15.828,0,-0.2325278210934549,-1,0.2325278210934549
15.83,0,-0.2359341947604224,-1,0.2359341947604224
15.832,0,-0.2393362264647567,-1,0.2393362264647567
15.834,0,-0.242733816907556,-1,0.242733816907556
15.836,0,-0.2461268676519173,-1,0.2461268676519173
15.838,0,-0.2495152811176365,-1,0.2495152811176365
15.84,0,-0.2528989605759371,-1,0.2528989605759371
15.842,0,-0.2562778101442279,-1,0.2562778101442279
15.844,0,-0.2596517347808879,-1,0.2596517347808879
15.846,0,-0.2630206402800804,-1,0.2630206402800804
15.848,0,-0.2663844332665945,-1,0.2663844332665945
15.85,0,-0.2697430211907147,-1,0.2697430211907147
15.852,0,-0.2730963123231184,-1,0.2730963123231184
15.854,0,-0.2764442157498,-1,0.2764442157498
15.856,0,-0.2797866413670243,-1,0.2797866413670243
15.858,0,-0.2831234998763051,-1,0.2831234998763051
15.86,0,-0.2864547027794127,-1,0.2864547027794127
15.862,0,-0.2897801623734071,-1,0.2897801623734071
15.864,0,-0.2930997917456994,-1,0.2930997917456994
15.866,0,-0.2964135047691385,-1,0.2964135047691385
15.868,0,-0.2997212160971259,-1,0.2997212160971259
15.87,0,-0.3030228411587559,-1,0.3030228411587559
15.872,0,-0.3063182961539825,-1,0.3063182961539825
15.874,0,-0.3096074980488128,-1,0.3096074980488128
15.876,0,-0.3128903645705262,-1,0.3128903645705262
15.878,0,-0.3161668142029195,-1,0.3161668142029195
15.88,0,-0.3194367661815781,-1,0.3194367661815781
15.882,0,-0.3227001404891728,-1,0.3227001404891728
15.884,0,-0.325956857850782,-1,0.325956857850782
15.886,0,-0.3292068397292394,-1,0.3292068397292394
15.888,0,-0.3324500083205072,-1,0.3324500083205072
15.89,0,-0.3356862865490745,-1,0.3356862865490745
15.892,0,-0.3389155980633804,-1,0.3389155980633804
15.894,0,-0.3421378672312623,-1,0.3421378672312623
15.896,0,-0.3453530191354291,-1,0.3453530191354291
15.898,0,-0.3485609795689587,-1,0.3485609795689587
15.9,0,-0.3517616750308206,-1,0.3517616750308206
15.902,0,-0.3549550327214222,-1,0.3549550327214222
15.904,0,-0.3581409805381803,-1,0.3581409805381803
15.906,0,-0.361319447071116,-1,0.361319447071116
15.908,0,-0.3644903615984739,-1,0.3644903615984739
15.91,0,-0.3676536540823657,-1,0.3676536540823657
15.912,0,-0.3708092551644369,-1,0.3708092551644369
15.914,0,-0.3739570961615574,-1,0.3739570961615574
15.916,0,-0.3770971090615363,-1,0.3770971090615363
15.918,0,-0.3802292265188592,-1,0.3802292265188592
15.92,0,-0.3833533818504495,-1,0.3833533818504495
15.922,0,-0.3864695090314525,-1,0.3864695090314525
15.924,0,-0.3895775426910432,-1,0.3895775426910432
15.926,0,-0.3926774181082563,-1,0.3926774181082563
15.928,0,-0.3957690712078398,-1,0.3957690712078398
15.93,0,-0.3988524385561306,-1,0.3988524385561306
15.932,0,-0.4019274573569535,-1,0.4019274573569535
15.934,0,-0.4049940654475424,-1,0.4049940654475424
15.936,0,-0.4080522012944836,-1,0.4080522012944836
15.938,0,-0.4111018039896819,-1,0.4111018039896819
15.94,0,-0.4141428132463484,-1,0.4141428132463484
15.942,0,-0.4171751693950111,-1,0.4171751693950111
15.944,0,-0.4201988133795464,-1,0.4201988133795464
15.946,0,-0.4232136867532333,-1,0.4232136867532333
15.948,0,-0.426219731674829,-1,0.426219731674829
15.95,0,-0.4292168909046664,-1,0.4292168909046664
15.952,0,-0.4322051078007723,-1,0.4322051078007723
15.954,0,-0.4351843263150081,-1,0.4351843263150081
15.956,0,-0.4381544909892313,-1,0.4381544909892313
15.958,0,-0.4411155469514776,-1,0.4411155469514776
15.96,0,-0.4440674399121652,-1,0.4440674399121652
15.962,0,-0.4470101161603192,-1,0.4470101161603192
15.964,0,-0.4499435225598171,-1,0.4499435225598171
15.966,0,-0.4528676065456554,-1,0.4528676065456554
15.968,0,-0.4557823161202365,-1,0.4557823161202365
15.97,0,-0.4586875998496758,-1,0.4586875998496758
15.972,0,-0.4615834068601302,-1,0.4615834068601302
15.974,0,-0.464469686834146,-1,0.464469686834146
15.976,0,-0.4673463900070276,-1,0.4673463900070276
15.978,0,-0.470213467163226,-1,0.470213467163226
15.98,0,-0.4730708696327475,-1,0.4730708696327475
15.982,0,-0.4759185492875824,-1,0.4759185492875824
15.984,0,-0.4787564585381532,-1,0.4787564585381532
15.986,0,-0.4815845503297829,-1,0.4815845503297829
15.988,0,-0.4844027781391827,-1,0.4844027781391827
15.99,0,-0.4872110959709591,-1,0.4872110959709591
15.992,0,-0.4900094583541408,-1,0.4900094583541408
15.994,0,-0.4927978203387245,-1,0.4927978203387245
15.996,0,-0.4955761374922403,-1,0.4955761374922403
15.998,0,-0.4983443658963357,-1,0.4983443658963357
16,0,-0.5011024621433795,-1,0.5011024621433795
16.002,0,-0.5038503833330836,-1,0.5038503833330836
16.004,0,-0.5065880870691443,-1,0.5065880870691443
16.006,0,-0.509315531455902,-1,0.509315531455902
16.008,0,-0.5120326750950202,-1,0.5120326750950202
16.01,0,-0.5147394770821815,-1,0.5147394770821815
16.012,0,-0.5174358970038043,-1,0.5174358970038043
16.014,0,-0.5201218949337757,-1,0.5201218949337757
16.016,0,-0.5227974314302039,-1,0.5227974314302039
16.018,0,-0.5254624675321883,-1,0.5254624675321883
16.02,0,-0.5281169647566082,-1,0.5281169647566082
16.022,0,-0.5307608850949287,-1,0.5307608850949287
16.024,0,-0.5333941910100249,-1,0.5333941910100249
16.026,0,-0.5360168454330241,-1,0.5360168454330241
16.028,0,-0.538628811760165,-1,0.538628811760165
16.03,0,-0.5412300538496755,-1,0.5412300538496755
16.032,0,-0.5438205360186673,-1,0.5438205360186673
16.034,0,-0.5464002230400481,-1,0.5464002230400481
16.036,0,-0.5489690801394509,-1,0.5489690801394509
16.038,0,-0.5515270729921814,-1,0.5515270729921814
16.04,0,-0.5540741677201814,-1,0.5540741677201814
16.042,0,-0.5566103308890101,-1,0.5566103308890101
16.044,0,-0.5591355295048425,-1,0.5591355295048425
16.046,0,-0.5616497310114833,-1,0.5616497310114833
16.048,0,-0.5641529032873999,-1,0.5641529032873999
16.05,0,-0.56664501464277,-1,0.56664501464277
16.052,0,-0.569126033816547,-1,0.569126033816547
16.054,0,-0.5715959299735418,-1,0.5715959299735418
16.056,0,-0.5740546727015204,-1,0.5740546727015204
16.058,0,-0.5765022320083193,-1,0.5765022320083193
16.06,0,-0.5789385783189752,-1,0.5789385783189752
16.062,0,-0.5813636824728732,-1,0.5813636824728732
16.064,0,-0.5837775157209087,-1,0.5837775157209087
16.066,0,-0.5861800497226679,-1,0.5861800497226679
16.068,0,-0.5885712565436219,-1,0.5885712565436219
16.07,0,-0.5909511086523382,-1,0.5909511086523382
16.072,0,-0.5933195789177077,-1,0.5933195789177077
16.074,0,-0.5956766406061866,-1,0.5956766406061866
16.076,0,-0.5980222673790556,-1,0.5980222673790556
16.078,0,-0.6003564332896926,-1,0.6003564332896926
16.08,0,-0.6026791127808626,-1,0.6026791127808626
16.082,0,-0.6049902806820222,-1,0.6049902806820222
16.084,0,-0.6072899122066393,-1,0.6072899122066393
16.086,0,-0.6095779829495285,-1,0.6095779829495285
16.088,0,-0.6118544688842013,-1,0.6118544688842013
16.09,0,-0.6141193463602315,-1,0.6141193463602315
16.092,0,-0.6163725921006358,-1,0.6163725921006358
16.094,0,-0.6186141831992688,-1,0.6186141831992688
16.096,0,-0.6208440971182333,-1,0.6208440971182333
16.098,0,-0.6230623116853055,-1,0.6230623116853055
16.1,0,-0.6252688050913739,-1,0.6252688050913739
16.102,0,-0.6274635558878947,-1,0.6274635558878947
16.104,0,-0.6296465429843593,-1,0.6296465429843593
16.106,0,-0.6318177456457785,-1,0.6318177456457785
16.108,0,-0.6339771434901796,-1,0.6339771434901796
16.11,0,-0.6361247164861187,-1,0.6361247164861187
16.112,0,-0.6382604449502064,-1,0.6382604449502064
16.114,0,-0.6403843095446486,-1,0.6403843095446486
16.116,0,-0.642496291274801,-1,0.642496291274801
16.118,0,-0.6445963714867371,-1,0.6445963714867371
16.12,0,-0.6466845318648309,-1,0.6466845318648309
16.122,0,-0.648760754429353,-1,0.648760754429353
16.124,0,-0.6508250215340809,-1,0.6508250215340809
16.126,0,-0.6528773158639229,-1,0.6528773158639229
16.128,0,-0.6549176204325551,-1,0.6549176204325551
16.13,0,-0.6569459185800726,-1,0.6569459185800726
16.132,0,-0.6589621939706544,-1,0.6589621939706544
16.134,0,-0.660966430590241,-1,0.660966430590241
16.136,0,-0.662958612744226,-1,0.662958612744226
16.138,0,-0.6649387250551607,-1,0.6649387250551607
16.14,0,-0.6669067524604723,-1,0.6669067524604723
16.142,0,-0.6688626802101942,-1,0.6688626802101942
16.144,0,-0.6708064938647111,-1,0.6708064938647111
16.146,0,-0.6727381792925158,-1,0.6727381792925158
16.148,0,-0.6746577226679791,-1,0.6746577226679791
16.15,0,-0.6765651104691334,-1,0.6765651104691334
16.152,0,-0.6784603294754682,-1,0.6784603294754682
16.154,0,-0.680343366765739,-1,0.680343366765739
16.156,0,-0.6822142097157886,-1,0.6822142097157886
16.158,0,-0.6840728459963806,-1,0.6840728459963806
16.16,0,-0.6859192635710468,-1,0.6859192635710468
16.162,0,-0.6877534506939453,-1,0.6877534506939453
16.164,0,-0.6895753959077326,-1,0.6895753959077326
16.166,0,-0.6913850880414472,-1,0.6913850880414472
16.168,0,-0.6931825162084054,-1,0.6931825162084054
16.17,0,-0.6949676698041104,-1,0.6949676698041104
16.172,0,-0.6967405385041719,-1,0.6967405385041719
16.174,0,-0.6985011122622394,-1,0.6985011122622394
16.176,0,-0.7002493813079466,-1,0.7002493813079466
16.178,0,-0.7019853361448677,-1,0.7019853361448677
16.18,0,-0.7037089675484868,-1,0.7037089675484868
16.182,0,-0.7054202665641774,-1,0.7054202665641774
16.184,0,-0.7071192245051954,-1,0.7071192245051954
16.186,0,-0.7088058329506821,-1,0.7088058329506821
16.188,0,-0.7104800837436808,-1,0.7104800837436808
16.19,0,-0.7121419689891632,-1,0.7121419689891632
16.192,0,-0.7137914810520686,-1,0.7137914810520686
16.194,0,-0.7154286125553539,-1,0.7154286125553539
16.196,0,-0.7170533563780557,-1,0.7170533563780557
16.198,0,-0.7186657056533625,-1,0.7186657056533625
16.2,0,-0.7202656537666997,-1,0.7202656537666997
16.202,0,-0.721853194353825,-1,0.721853194353825
16.204,0,-0.7234283212989351,-1,0.7234283212989351
16.206,0,-0.7249910287327834,-1,0.7249910287327834
16.208,0,-0.7265413110308095,-1,0.7265413110308095
16.21,0,-0.7280791628112786,-1,0.7280791628112786
16.212,0,-0.7296045789334324,-1,0.7296045789334324
16.214,0,-0.7311175544956514,-1,0.7311175544956514
16.216,0,-0.7326180848336271,-1,0.7326180848336271
16.218,0,-0.7341061655185457,-1,0.7341061655185457
16.22,0,-0.7355817923552819,-1,0.7355817923552819
16.222,0,-0.7370449613806039,-1,0.7370449613806039
16.224,0,-0.7384956688613891,-1,0.7384956688613891
16.226,0,-0.7399339112928494,-1,0.7399339112928494
16.228,0,-0.7413596853967681,-1,0.7413596853967681
16.23,0,-0.742772988119747,-1,0.742772988119747
16.232,0,-0.7441738166314633,-1,0.7441738166314633
16.234,0,-0.7455621683229372,-1,0.7455621683229372
16.236,0,-0.7469380408048101,-1,0.7469380408048101
16.238,0,-0.7483014319056324,-1,0.7483014319056324
16.24,0,-0.7496523396701621,-1,0.7496523396701621
16.242,0,-0.7509907623576729,-1,0.7509907623576729
16.244,0,-0.752316698440273,-1,0.752316698440273
16.246,0,-0.7536301466012333,-1,0.7536301466012333
16.248,0,-0.7549311057333257,-1,0.7549311057333257
16.25,0,-0.7562195749371718,-1,0.7562195749371718
16.252,0,-0.757495553519601,-1,0.757495553519601
16.254,0,-0.758759040992018,-1,0.758759040992018
16.256,0,-0.760010037068781,-1,0.760010037068781
16.258,0,-0.7612485416655892,-1,0.7612485416655892
16.26,0,-0.7624745548978793,-1,0.7624745548978793
16.262,0,-0.7636880770792326,-1,0.7636880770792326
16.264,0,-0.764889108719791,-1,0.764889108719791
16.266,0,-0.7660776505246826,-1,0.7660776505246826
16.268,0,-0.7672537033924568,-1,0.7672537033924568
16.27,0,-0.768417268413529,-1,0.768417268413529
16.272,0,-0.7695683468686342,-1,0.7695683468686342
16.274,0,-0.7707069402272901,-1,0.7707069402272901
16.276,0,-0.7718330501462698,-1,0.7718330501462698
16.278,0,-0.7729466784680826,-1,0.7729466784680826
16.28,0,-0.7740478272194654,-1,0.7740478272194654
16.282,0,-0.7751364986098822,-1,0.7751364986098822
16.284,0,-0.7762126950300328,-1,0.7762126950300328
16.286,0,-0.7772764190503707,-1,0.7772764190503707
16.288,0,-0.7783276734196298,-1,0.7783276734196298
16.29,0,-0.7793664610633603,-1,0.7793664610633603
16.292,0,-0.7803927850824725,-1,0.7803927850824725
16.294,0,-0.781406648751791,-1,0.781406648751791
16.296,0,-0.7824080555186161,-1,0.7824080555186161
16.298,0,-0.7833970090012949,-1,0.7833970090012949
16.3,0,-0.7843735129878004,-1,0.7843735129878004
16.302,0,-0.7853375714343199,-1,0.7853375714343199
16.304,0,-0.7862891884638514,-1,0.7862891884638514
16.306,0,-0.7872283683648088,-1,0.7872283683648088
16.308,0,-0.7881551155896355,-1,0.7881551155896355
16.31,0,-0.7890694347534263,-1,0.7890694347534263
16.312,0,-0.7899713306325581,-1,0.7899713306325581
16.314,0,-0.7908608081633285,-1,0.7908608081633285
16.316,0,-0.7917378724406028,-1,0.7917378724406028
16.318,0,-0.7926025287164696,-1,0.7926025287164696
16.32,0,-0.7934547823989042,-1,0.7934547823989042
16.322,0,-0.7942946390504402,-1,0.7942946390504402
16.324,0,-0.7951221043868493,-1,0.7951221043868493
16.326,0,-0.7959371842758293,-1,0.7959371842758293
16.328,0,-0.7967398847357002,-1,0.7967398847357002
16.33,0,-0.7975302119341079,-1,0.7975302119341079
16.332,0,-0.7983081721867359,-1,0.7983081721867359
16.334,0,-0.7990737719560254,-1,0.7990737719560254
16.336,0,-0.7998270178499028,-1,0.7998270178499028
16.338,0,-0.8005679166205155,-1,0.8005679166205155
16.34,0,-0.8012964751629743,-1,0.8012964751629743
16.342,0,-0.8020127005141052,-1,0.8020127005141052
16.344,0,-0.8027165998512078,-1,0.8027165998512078
16.346,0,-0.8034081804908213,-1,0.8034081804908213
16.348,0,-0.8040874498874988,-1,0.8040874498874988
16.35,0,-0.8047544156325888,-1,0.8047544156325888
16.352,0,-0.8054090854530239,-1,0.8054090854530239
16.354,0,-0.8060514672101179,-1,0.8060514672101179
16.356,0,-0.806681568898369,-1,0.806681568898369
16.358,0,-0.8072993986442717,-1,0.8072993986442717
16.36,0,-0.8079049647051355,-1,0.8079049647051355
16.362,0,-0.8084982754679108,-1,0.8084982754679108
16.364,0,-0.8090793394480222,-1,0.8090793394480222
16.366,0,-0.8096481652882095,-1,0.8096481652882095
16.368,0,-0.8102047617573749,-1,0.8102047617573749
16.37,0,-0.8107491377494386,-1,0.8107491377494386
16.372,0,-0.8112813022822005,-1,0.8112813022822005
16.374,0,-0.8118012644962096,-1,0.8118012644962096
16.376,0,-0.8123090336536402,-1,0.8123090336536402
16.378,0,-0.8128046191371749,-1,0.8128046191371749
16.38,0,-0.8132880304488956,-1,0.8132880304488956
16.382,0,-0.81375927720918,-1,0.81375927720918
16.384,0,-0.8142183691556057,-1,0.8142183691556057
16.386,0,-0.8146653161418618,-1,0.8146653161418618
16.388,0,-0.8151001281366659,-1,0.8151001281366659
16.39,0,-0.8155228152226892,-1,0.8155228152226892
16.392,0,-0.8159333875954877,-1,0.8159333875954877
16.394,0,-0.8163318555624401,-1,0.8163318555624401
16.396,0,-0.8167182295416928,-1,0.8167182295416928
16.398,0,-0.817092520061111,-1,0.817092520061111
16.4,0,-0.8174547377572368,-1,0.8174547377572368
16.402,0,-0.8178048933742538,-1,0.8178048933742538
16.404,0,-0.818142997762958,-1,0.818142997762958
16.406,0,-0.8184690618797356,-1,0.8184690618797356
16.408,0,-0.8187830967855469,-1,0.8187830967855469
16.41,0,-0.8190851136449171,-1,0.8190851136449171
16.412,0,-0.8193751237249324,-1,0.8193751237249324
16.414,0,-0.819653138394244,-1,0.819653138394244
16.416,0,-0.8199191691220775,-1,0.8199191691220775
16.418,0,-0.8201732274772484,-1,0.8201732274772484
16.42,0,-0.8204153251271844,-1,0.8204153251271844
16.422,0,-0.8206454738369537,-1,0.8206454738369537
16.424,0,-0.8208636854682999,-1,0.8208636854682999
16.426,0,-0.8210699719786818,-1,0.8210699719786818
16.428,0,-0.8212643454203209,-1,0.8212643454203209
16.43,0,-0.8214468179392539,-1,0.8214468179392539
16.432,0,-0.8216174017743918,-1,0.8216174017743918
16.434,0,-0.8217761092565848,-1,0.8217761092565848
16.436,0,-0.8219229528076931,-1,0.8219229528076931
16.438,0,-0.8220579449396639,-1,0.8220579449396639
16.44,0,-0.8221810982536139,-1,0.8221810982536139
16.442,0,-0.8222924254389183,-1,0.8222924254389183
16.444,0,-0.8223919392723056,-1,0.8223919392723056
16.446,0,-0.822479652616957,-1,0.822479652616957
16.448,0,-0.8225555784216135,-1,0.8225555784216135
16.45,0,-0.8226197297196873,-1,0.8226197297196873
16.452,0,-0.8226721196283796,-1,0.8226721196283796
16.454,0,-0.8227127613478038,-1,0.8227127613478038
16.456,0,-0.8227416681601146,-1,0.8227416681601146
16.458,0,-0.8227588534286426,-1,0.8227588534286426
16.46,0,-0.8227643305970346,-1,0.8227643305970346
16.462,0,-0.8227581131883991,-1,0.8227581131883991
16.464,0,-0.8227402148044579,-1,0.8227402148044579
16.466,0,-0.8227106491247032,-1,0.8227106491247032
16.468,0,-0.822669429905559,-1,0.822669429905559
16.47,0,-0.8226165709795502,-1,0.8226165709795502
16.472,0,-0.8225520862544745,-1,0.8225520862544745
16.474,0,-0.8224759897125818,-1,0.8224759897125818
16.476,0,-0.8223882954097579,-1,0.8223882954097579
16.478,0,-0.8222890174747136,-1,0.8222890174747136
16.48,0,-0.8221781701081796,-1,0.8221781701081796
16.482,0,-0.822055767582106,-1,0.822055767582106
16.484,0,-0.8219218242388676,-1,0.8219218242388676
16.486,0,-0.8217763544904741,-1,0.8217763544904741
16.488,0,-0.8216193728177857,-1,0.8216193728177857
16.49,0,-0.8214508937697335,-1,0.8214508937697335
16.492,0,-0.8212709319625453,-1,0.8212709319625453
16.494,0,-0.8210795020789766,-1,0.8210795020789766
16.496,0,-0.8208766188675466,-1,0.8208766188675466
16.498,0,-0.8206622971417786,-1,0.8206622971417786
16.5,0,-0.8204365517794467,-1,0.8204365517794467
16.502,0,-0.8201993977218263,-1,0.8201993977218263
16.504,0,-0.8199508499729499,-1,0.8199508499729499
16.506,0,-0.8196909235988684,-1,0.8196909235988684
16.508,0,-0.8194196337269167,-1,0.8194196337269167
16.51,0,-0.8191369955449839,-1,0.8191369955449839
16.512,0,-0.8188430243007891,-1,0.8188430243007891
16.514,0,-0.818537735301162,-1,0.818537735301162
16.516,0,-0.8182211439113272,-1,0.8182211439113272
16.518,0,-0.8178932655541946,-1,0.8178932655541946
16.52,0,-0.8175541157096539,-1,0.8175541157096539
16.522,0,-0.8172037099138737,-1,0.8172037099138737
16.524,0,-0.8168420637586058,-1,0.8168420637586058
16.526,0,-0.8164691928904935,-1,0.8164691928904935
16.528,0,-0.8160851130103849,-1,0.8160851130103849
16.53,0,-0.8156898398726511,-1,0.8156898398726511
16.532,0,-0.8152833892845084,-1,0.8152833892845084
16.534,0,-0.8148657771053452,-1,0.8148657771053452
16.536,0,-0.8144370192460542,-1,0.8144370192460542
16.538,0,-0.8139971316683672,-1,0.8139971316683672
16.54,0,-0.8135461303841971,-1,0.8135461303841971
16.542,0,-0.8130840314549819,-1,0.8130840314549819
16.544,0,-0.8126108509910345,-1,0.8126108509910345
16.546,0,-0.8121266051508963,-1,0.8121266051508963
16.548,0,-0.8116313101406958,-1,0.8116313101406958
16.55,0,-0.8111249822135106,-1,0.8111249822135106
16.552,0,-0.8106076376687349,-1,0.8106076376687349
16.554,0,-0.8100792928514502,-1,0.8100792928514502
16.556,0,-0.8095399641518011,-1,0.8095399641518011
16.558,0,-0.8089896680043748,-1,0.8089896680043748
16.56,0,-0.8084284208875854,-1,0.8084284208875854
16.562,0,-0.8078562393230616,-1,0.8078562393230616
16.564,0,-0.8072731398750396,-1,0.8072731398750396
16.566,0,-0.8066791391497591,-1,0.8066791391497591
16.568,0,-0.8060742537948645,-1,0.8060742537948645
16.57,0,-0.8054585004988094,-1,0.8054585004988094
16.572,0,-0.8048318959902653,-1,0.8048318959902653
16.574,0,-0.804194457037535,-1,0.804194457037535
16.576,0,-0.8035462004479692,-1,0.8035462004479692
16.578,0,-0.8028871430673878,-1,0.8028871430673878
16.58,0,-0.8022173017795047,-1,0.8022173017795047
16.582,0,-0.8015366935053568,-1,0.8015366935053568
16.584,0,-0.8008453352027374,-1,0.8008453352027374
16.586,0,-0.8001432438656322,-1,0.8001432438656322
16.588,0,-0.7994304365236609,-1,0.7994304365236609
16.59,0,-0.7987069302415216,-1,0.7987069302415216
16.592,0,-0.7979727421184394,-1,0.7979727421184394
16.594,0,-0.7972278892876185,-1,0.7972278892876185
16.596,0,-0.7964723889156987,-1,0.7964723889156987
16.598,0,-0.7957062582022155,-1,0.7957062582022155
16.6,0,-0.7949295143790637,-1,0.7949295143790637
16.602,0,-0.7941421747099648,-1,0.7941421747099648
16.604,0,-0.7933442564899389,-1,0.7933442564899389
16.606,0,-0.7925357770447788,-1,0.7925357770447788
16.608,0,-0.7917167537305295,-1,0.7917167537305295
16.61,0,-0.79088720393297,-1,0.79088720393297
16.612,0,-0.7900471450670996,-1,0.7900471450670996
16.614,0,-0.7891965945766276,-1,0.7891965945766276
16.616,0,-0.7883355699334663,-1,0.7883355699334663
16.618,0,-0.7874640886372281,-1,0.7874640886372281
16.62,0,-0.7865821682147256,-1,0.7865821682147256
16.622,0,-0.7856898262194759,-1,0.7856898262194759
16.624,0,-0.7847870802312078,-1,0.7847870802312078
16.626,0,-0.783873947855373,-1,0.783873947855373
16.628,0,-0.7829504467226606,-1,0.7829504467226606
16.63,0,-0.7820165944885145,-1,0.7820165944885145
16.632,0,-0.7810724088326556,-1,0.7810724088326556
16.634,0,-0.7801179074586062,-1,0.7801179074586062
16.636,0,-0.779153108093218,-1,0.779153108093218
16.638,0,-0.7781780284862043,-1,0.7781780284862043
16.64,0,-0.7771926864096743,-1,0.7771926864096743
16.642,0,-0.776197099657672,-1,0.776197099657672
16.644,0,-0.7751912860457176,-1,0.7751912860457176
16.646,0,-0.7741752634103524,-1,0.7741752634103524
16.648,0,-0.773149049608687,-1,0.773149049608687
16.65,0,-0.7721126625179533,-1,0.7721126625179533
16.652,0,-0.7710661200350587,-1,0.7710661200350587
16.654,0,-0.7700094400761445,-1,0.7700094400761445
16.656,0,-0.7689426405761469,-1,0.7689426405761469
16.658,0,-0.7678657394883616,-1,0.7678657394883616
16.66,0,-0.7667787547840111,-1,0.7667787547840111
16.662,0,-0.765681704451816,-1,0.765681704451816
16.664,0,-0.7645746064975684,-1,0.7645746064975684
16.666,0,-0.7634574789437091,-1,0.7634574789437091
16.668,0,-0.7623303398289079,-1,0.7623303398289079
16.67,0,-0.7611932072076464,-1,0.7611932072076464
16.672,0,-0.7600460991498049,-1,0.7600460991498049
16.674,0,-0.7588890337402512,-1,0.7588890337402512
16.676,0,-0.7577220290784331,-1,0.7577220290784331
16.678,0,-0.7565451032779742,-1,0.7565451032779742
16.68,0,-0.7553582744662716,-1,0.7553582744662716
16.682,0,-0.7541615607840977,-1,0.7541615607840977
16.684,0,-0.7529549803852045,-1,0.7529549803852045
16.686,0,-0.7517385514359308,-1,0.7517385514359308
16.688,0,-0.7505122921148126,-1,0.7505122921148126
16.69,0,-0.7492762206121958,-1,0.7492762206121958
16.692,0,-0.7480303551298525,-1,0.7480303551298525
16.694,0,-0.7467747138806,-1,0.7467747138806
16.696,0,-0.7455093150879224,-1,0.7455093150879224
16.698,0,-0.7442341769855949,-1,0.7442341769855949
16.7,0,-0.7429493178173119,-1,0.7429493178173119
16.702,0,-0.7416547558363166,-1,0.7416547558363166
16.704,0,-0.7403505093050343,-1,0.7403505093050343
16.706,0,-0.7390365964947083,-1,0.7390365964947083
16.708,0,-0.7377130356850382,-1,0.7377130356850382
16.71,0,-0.7363798451638215,-1,0.7363798451638215
16.712,0,-0.7350370432265972,-1,0.7350370432265972
16.714,0,-0.7336846481762933,-1,0.7336846481762933
16.716,0,-0.7323226783228755,-1,0.7323226783228755
16.718,0,-0.7309511519829994,-1,0.7309511519829994
16.72,0,-0.7295700874796661,-1,0.7295700874796661
16.722,0,-0.7281795031418786,-1,0.7281795031418786
16.724,0,-0.7267794173043026,-1,0.7267794173043026
16.726,0,-0.7253698483069287,-1,0.7253698483069287
16.728,0,-0.7239508144947382,-1,0.7239508144947382
16.73,0,-0.7225223342173704,-1,0.7225223342173704
16.732,0,-0.7210844258287938,-1,0.7210844258287938
16.734,0,-0.7196371076869784,-1,0.7196371076869784
16.736,0,-0.7181803981535716,-1,0.7181803981535716
16.738,0,-0.7167143155935763,-1,0.7167143155935763
16.74,0,-0.7152388783750316,-1,0.7152388783750316
16.742,0,-0.7137541048686955,-1,0.7137541048686955
16.744,0,-0.7122600134477307,-1,0.7122600134477307
16.746,0,-0.7107566224873928,-1,0.7107566224873928
16.748,0,-0.7092439503647205,-1,0.7092439503647205
16.75,0,-0.7077220154582289,-1,0.7077220154582289
16.752,0,-0.7061908361476044,-1,0.7061908361476044
16.754,0,-0.7046504308134027,-1,0.7046504308134027
16.756,0,-0.7031008178367492,-1,0.7031008178367492
16.758,0,-0.7015420155990409,-1,0.7015420155990409
16.76,0,-0.6999740424816522,-1,0.6999740424816522
16.762,0,-0.6983969168656412,-1,0.6983969168656412
16.764,0,-0.69681065713146,-1,0.69681065713146
16.766,0,-0.6952152816586662,-1,0.6952152816586662
16.768,0,-0.6936108088256374,-1,0.6936108088256374
16.77,0,-0.6919972570092876,-1,0.6919972570092876
16.772,0,-0.690374644584786,-1,0.690374644584786
16.774,0,-0.6887429899252782,-1,0.6887429899252782
16.776,0,-0.687102311401609,-1,0.687102311401609
16.778,0,-0.6854526273820489,-1,0.6854526273820489
16.78,0,-0.6837939562320212,-1,0.6837939562320212
16.782,0,-0.682126316313832,-1,0.682126316313832
16.784,0,-0.680449725986403,-1,0.680449725986403
16.786,0,-0.678764203605005,-1,0.678764203605005
16.788,0,-0.6770697675209955,-1,0.6770697675209955
16.79,0,-0.6753664360815566,-1,0.6753664360815566
16.792,0,-0.6736542276294362,-1,0.6736542276294362
16.794,0,-0.6719331605026911,-1,0.6719331605026911
16.796,0,-0.6702032530344323,-1,0.6702032530344323
16.798,0,-0.6684645235525715,-1,0.6684645235525715
16.8,0,-0.6667169903795713,-1,0.6667169903795713
16.802,0,-0.6649606718321963,-1,0.6649606718321963
16.804,0,-0.6631955862212664,-1,0.6631955862212664
16.806,0,-0.6614217518514127,-1,0.6614217518514127
16.808,0,-0.659639187020835,-1,0.659639187020835
16.81,0,-0.6578479100210614,-1,0.6578479100210614
16.812,0,-0.6560479391367098,-1,0.6560479391367098
16.814,0,-0.6542392926452518,-1,0.6542392926452518
16.816,0,-0.6524219888167786,-1,0.6524219888167786
16.818,0,-0.6505960459137681,-1,0.6505960459137681
16.82,0,-0.6487614821908548,-1,0.6487614821908548
16.822,0,-0.6469183158946016,-1,0.6469183158946016
16.824,0,-0.6450665652632728,-1,0.6450665652632728
16.826,0,-0.6432062485266101,-1,0.6432062485266101
16.828,0,-0.6413373839056099,-1,0.6413373839056099
16.83,0,-0.6394599896123023,-1,0.6394599896123023
16.832,0,-0.6375740838495326,-1,0.6375740838495326
16.834,0,-0.6356796848107443,-1,0.6356796848107443
16.836,0,-0.6337768106797642,-1,0.6337768106797642
16.838,0,-0.631865479630589,-1,0.631865479630589
16.84,0,-0.6299457098271745,-1,0.6299457098271745
16.842,0,-0.6280175194232251,-1,0.6280175194232251
16.844,0,-0.6260809265619878,-1,0.6260809265619878
16.846,0,-0.6241359493760447,-1,0.6241359493760447
16.848,0,-0.6221826059871101,-1,0.6221826059871101
16.85,0,-0.6202209145058281,-1,0.6202209145058281
16.852,0,-0.6182508930315719,-1,0.6182508930315719
16.854,0,-0.6162725596522454,-1,0.6162725596522454
16.856,0,-0.6142859324440864,-1,0.6142859324440864
16.858,0,-0.6122910294714713,-1,0.6122910294714713
16.86,0,-0.6102878687867219,-1,0.6102878687867219
16.862,0,-0.6082764684299137,-1,0.6082764684299137
16.864,0,-0.6062568464286857,-1,0.6062568464286857
16.866,0,-0.604229020798053,-1,0.604229020798053
16.868,0,-0.6021930095402193,-1,0.6021930095402193
16.87,0,-0.6001488306443928,-1,0.6001488306443928
16.872,0,-0.598096502086603,-1,0.598096502086603
16.874,0,-0.5960360418295189,-1,0.5960360418295189
16.876,0,-0.5939674678222693,-1,0.5939674678222693
16.878,0,-0.591890798000265,-1,0.591890798000265
16.88,0,-0.5898060502850219,-1,0.5898060502850219
16.882,0,-0.5877132425839862,-1,0.5877132425839862
16.884,0,-0.5856123927903611,-1,0.5856123927903611
16.886,0,-0.5835035187829357,-1,0.5835035187829357
16.888,0,-0.5813866384259139,-1,0.5813866384259139
16.89,0,-0.5792617695687466,-1,0.5792617695687466
16.892,0,-0.577128930045965,-1,0.577128930045965
16.894,0,-0.5749881376770145,-1,0.5749881376770145
16.896,0,-0.5728394102660918,-1,0.5728394102660918
16.898,0,-0.5706827656019819,-1,0.5706827656019819
16.9,0,-0.5685182214578981,-1,0.5685182214578981
16.902,0,-0.5663457955913223,-1,0.5663457955913223
16.904,0,-0.5641655057438475,-1,0.5641655057438475
16.906,0,-0.561977369641022,-1,0.561977369641022
16.908,0,-0.5597814049921943,-1,0.5597814049921943
16.91,0,-0.5575776294903604,-1,0.5575776294903604
16.912,0,-0.5553660608120118,-1,0.5553660608120118
16.914,0,-0.5531467166169853,-1,0.5531467166169853
16.916,0,-0.5509196145483146,-1,0.5509196145483146
16.918,0,-0.5486847722320828,-1,0.5486847722320828
16.92,0,-0.5464422072772764,-1,0.5464422072772764
16.922,0,-0.5441919372756415,-1,0.5441919372756415
16.924,0,-0.5419339798015402,-1,0.5419339798015402
16.926,0,-0.5396683524118093,-1,0.5396683524118093
16.928,0,-0.5373950726456201,-1,0.5373950726456201
16.93,0,-0.5351141580243399,-1,0.5351141580243399
16.932,0,-0.5328256260513943,-1,0.5328256260513943
16.934,0,-0.5305294942121314,-1,0.5305294942121314
16.936,0,-0.528225779973687,-1,0.528225779973687
16.938,0,-0.5259145007848519,-1,0.5259145007848519
16.94,0,-0.5235956740759392,-1,0.5235956740759392
16.942,0,-0.5212693172586544,-1,0.5212693172586544
16.944,0,-0.5189354477259661,-1,0.5189354477259661
16.946,0,-0.5165940828519777,-1,0.5165940828519777
16.948,0,-0.5142452399918014,-1,0.5142452399918014
16.95,0,-0.5118889364814324,-1,0.5118889364814324
16.952,0,-0.5095251896376256,-1,0.5095251896376256
16.954,0,-0.5071540167577724,-1,0.5071540167577724
16.956,0,-0.5047754351197795,-1,0.5047754351197795
16.958,0,-0.502389461981949,-1,0.502389461981949
16.96,0,-0.4999961145828593,-1,0.4999961145828593
16.962,0,-0.4975954101412475,-1,0.4975954101412475
16.964,0,-0.4951873658558937,-1,0.4951873658558937
16.966,0,-0.4927719989055052,-1,0.4927719989055052
16.968,0,-0.4903493264486029,-1,0.4903493264486029
16.97,0,-0.4879193656234089,-1,0.4879193656234089
16.972,0,-0.4854821335477352,-1,0.4854821335477352
16.974,0,-0.483037647318873,-1,0.483037647318873
16.976,0,-0.4805859240134844,-1,0.4805859240134844
16.978,0,-0.4781269806874941,-1,0.4781269806874941
16.98,0,-0.4756608343759832,-1,0.4756608343759832
16.982,0,-0.4731875020930836,-1,0.4731875020930836
16.984,0,-0.4707070008318739,-1,0.4707070008318739
16.986,0,-0.4682193475642764,-1,0.4682193475642764
16.988,0,-0.4657245592409548,-1,0.4657245592409548
16.99,0,-0.4632226527912143,-1,0.4632226527912143
16.992,0,-0.4607136451229009,-1,0.4607136451229009
16.994,0,-0.458197553122304,-1,0.458197553122304
16.996,0,-0.4556743936540583,-1,0.4556743936540583
16.998,0,-0.4531441835610479,-1,0.4531441835610479
17,0,-0.4506069396643114,-1,0.4506069396643114
17.002,0,-0.4480626787629473,-1,0.4480626787629473
17.004,0,-0.4455114176340219,-1,0.4455114176340219
17.006,0,-0.4429531730324767,-1,0.4429531730324767
17.008,0,-0.4403879616910382,-1,0.4403879616910382
17.01,0,-0.4378158003201283,-1,0.4378158003201283
17.012,0,-0.4352367056077753,-1,0.4352367056077753
17.014,0,-0.4326506942195267,-1,0.4326506942195267
17.016,0,-0.4300577827983627,-1,0.4300577827983627
17.018,0,-0.4274579879646108,-1,0.4274579879646108
17.02,0,-0.4248513263158614,-1,0.4248513263158614
17.022,0,-0.4222378144268843,-1,0.4222378144268843
17.024,0,-0.4196174688495468,-1,0.4196174688495468
17.026,0,-0.4169903061127321,-1,0.4169903061127321
17.028,0,-0.4143563427222592,-1,0.4143563427222592
17.03,0,-0.4117155951608033,-1,0.4117155951608033
17.032,0,-0.4090680798878181,-1,0.4090680798878181
17.034,0,-0.4064138133394581,-1,0.4064138133394581
17.036,0,-0.4037528119285025,-1,0.4037528119285025
17.038,0,-0.4010850920442797,-1,0.4010850920442797
17.04,0,-0.3984106700525933,-1,0.3984106700525933
17.042,0,-0.3957295622956485,-1,0.3957295622956485
17.044,0,-0.3930417850919798,-1,0.3930417850919798
17.046,0,-0.3903473547363795,-1,0.3903473547363795
17.048,0,-0.3876462874998272,-1,0.3876462874998272
17.05,0,-0.3849385996294203,-1,0.3849385996294203
17.052,0,-0.3822243073483055,-1,0.3822243073483055
17.054,0,-0.3795034268556106,-1,0.3795034268556106
17.056,0,-0.3767759743263784,-1,0.3767759743263784
17.058,0,-0.3740419659115005,-1,0.3740419659115005
17.06,0,-0.3713014177376523,-1,0.3713014177376523
17.062,0,-0.3685543459072291,-1,0.3685543459072291
17.064,0,-0.3658007664982828,-1,0.3658007664982828
17.066,0,-0.3630406955644599,-1,0.3630406955644599
17.068,0,-0.36027414913494,-1,0.36027414913494
17.07,0,-0.3575011432143751,-1,0.3575011432143751
17.072,0,-0.3547216937828305,-1,0.3547216937828305
17.074,0,-0.3519358167957253,-1,0.3519358167957253
17.076,0,-0.3491435281837754,-1,0.3491435281837754
17.078,0,-0.3463448438529356,-1,0.3463448438529356
17.08,0,-0.3435397796843442,-1,0.3435397796843442
17.082,0,-0.340728351534267,-1,0.340728351534267
17.084,0,-0.3379105752340432,-1,0.3379105752340432
17.086,0,-0.3350864665900317,-1,0.3350864665900317
17.088,0,-0.3322560413835579,-1,0.3322560413835579
17.09,0,-0.3294193153708621,-1,0.3294193153708621
17.092,0,-0.3265763042830482,-1,0.3265763042830482
17.094,0,-0.3237270238260332,-1,0.3237270238260332
17.096,0,-0.3208714896804974,-1,0.3208714896804974
17.098,0,-0.318009717501836,-1,0.318009717501836
17.1,0,-0.3151417229201109,-1,0.3151417229201109
17.102,0,-0.3122675215400034,-1,0.3122675215400034
17.104,0,-0.309387128940768,-1,0.309387128940768
17.106,0,-0.3065005606761864,-1,0.3065005606761864
17.108,0,-0.3036078322745228,-1,0.3036078322745228
17.11,0,-0.3007089592384797,-1,0.3007089592384797
17.112,0,-0.2978039570451546,-1,0.2978039570451546
17.114,0,-0.2948928411459975,-1,0.2948928411459975
17.116,0,-0.2919756269667684,-1,0.2919756269667684
17.118,0,-0.2890523299074972,-1,0.2890523299074972
17.12,0,-0.2861229653424424,-1,0.2861229653424424
17.122,0,-0.2831875486200517,-1,0.2831875486200517
17.124,0,-0.2802460950629234,-1,0.2802460950629234
17.126,0,-0.2772986199677677,-1,0.2772986199677677
17.128,0,-0.2743451386053697,-1,0.2743451386053697
17.13,0,-0.2713856662205521,-1,0.2713856662205521
17.132,0,-0.2684202180321395,-1,0.2684202180321395
17.134,0,-0.2654488092329229,-1,0.2654488092329229
17.136,0,-0.2624714549896249,-1,0.2624714549896249
17.138,0,-0.2594881704428662,-1,0.2594881704428662
17.14,0,-0.2564989707071315,-1,0.2564989707071315
17.142,0,-0.2535038708707376,-1,0.2535038708707376
17.144,0,-0.2505028859958011,-1,0.2505028859958011
17.146,0,-0.2474960311182073,-1,0.2474960311182073
17.148,0,-0.2444833212475795,-1,0.2444833212475795
17.15,0,-0.2414647713672491,-1,0.2414647713672491
17.152,0,-0.2384403964342261,-1,0.2384403964342261
17.154,0,-0.2354102113791709,-1,0.2354102113791709
17.156,0,-0.2323742311063662,-1,0.2323742311063662
17.158,0,-0.2293324704936892,-1,0.2293324704936892
17.16,0,-0.2262849443925855,-1,0.2262849443925855
17.162,0,-0.2232316676280429,-1,0.2232316676280429
17.164,0,-0.2201726549985656,-1,0.2201726549985656
17.166,0,-0.2171079212761498,-1,0.2171079212761498
17.168,0,-0.2140374812062594,-1,0.2140374812062594
17.17,0,-0.2109613495078023,-1,0.2109613495078023
17.172,0,-0.2078795408731077,-1,0.2078795408731077
17.174,0,-0.2047920699679033,-1,0.2047920699679033
17.176,0,-0.201698951431294,-1,0.201698951431294
17.178,0,-0.1986001998757406,-1,0.1986001998757406
17.18,0,-0.1954958298870391,-1,0.1954958298870391
17.182,0,-0.1923858560243008,-1,0.1923858560243008
17.184,0,-0.189270292819933,-1,0.189270292819933
17.186,0,-0.1861491547796202,-1,0.1861491547796202
17.188,0,-0.1830224563823055,-1,0.1830224563823055
17.19,0,-0.1798902120801736,-1,0.1798902120801736
17.192,0,-0.1767524362986331,-1,0.1767524362986331
17.194,0,-0.1736091434363002,-1,0.1736091434363002
17.196,0,-0.1704603478649827,-1,0.1704603478649827
17.198,0,-0.1673060639296649,-1,0.1673060639296649
17.2,0,-0.164146305948492,-1,0.164146305948492
17.202,0,-0.1609810882127564,-1,0.1609810882127564
17.204,0,-0.1578104249868839,-1,0.1578104249868839
17.206,0,-0.1546343305084199,-1,0.1546343305084199
17.208,0,-0.1514528189880175,-1,0.1514528189880175
17.21,0,-0.1482659046094246,-1,0.1482659046094246
17.212,0,-0.1450736015294726,-1,0.1450736015294726
17.214,0,-0.1418759238780653,-1,0.1418759238780653
17.216,0,-0.1386728857581681,-1,0.1386728857581681
17.218,0,-0.135464501245798,-1,0.135464501245798
17.22,0,-0.1322507843900142,-1,0.1322507843900142
17.222,0,-0.1290317492129084,-1,0.1290317492129084
17.224,0,-0.1258074097095971,-1,0.1258074097095971
17.226,0,-0.1225777798482128,-1,0.1225777798482128
17.228,0,-0.1193428735698967,-1,0.1193428735698967
17.23,0,-0.1161027047887916,-1,0.1161027047887916
17.232,0,-0.1128572873920352,-1,0.1128572873920352
17.234,0,-0.1096066352397541,-1,0.1096066352397541
17.236,0,-0.1063507621650581,-1,0.1063507621650581
17.238,0,-0.1030896819740348,-1,0.1030896819740348
17.24,0,-0.09982340844574526,-1,0.09982340844574526
17.242,0,-0.09655195533221968,-1,0.09655195533221968
17.244,0,-0.09327533635845339,-1,0.09327533635845339
17.246,0,-0.0899935652224038,-1,0.0899935652224038
17.248,0,-0.08670665559498743,-1,0.08670665559498743
17.25,0,-0.08341462112007753,-1,0.08341462112007753
17.252,0,-0.08011747541450215,-1,0.08011747541450215
17.254,0,-0.07681523206804262,-1,0.07681523206804262
17.256,0,-0.07350790464343253,-1,0.07350790464343253
17.258,0,-0.07019550667635703,-1,0.07019550667635703
17.26,0,-0.06687805167545274,-1,0.06687805167545274
17.262,0,-0.06355555312230796,-1,0.06355555312230796
17.264,0,-0.0602280244714633,-1,0.0602280244714633
17.266,0,-0.05689547915041288,-1,0.05689547915041288
17.268,0,-0.05355793055960578,-1,0.05355793055960578
17.27,0,-0.05021539207244804,-1,0.05021539207244804
17.272,0,-0.04686787703530496,-1,0.04686787703530496
17.274,0,-0.04351539876750393,-1,0.04351539876750393
17.276,0,-0.04015797056133758,-1,0.04015797056133758
17.278,0,-0.03679560568206738,-1,0.03679560568206738
17.28,0,-0.03342831736792763,-1,0.03342831736792763
17.282,0,-0.03005611883012984,-1,0.03005611883012984
17.284,0,-0.0266790232528675,-1,0.0266790232528675
17.286,0,-0.02329704379332131,-1,0.02329704379332131
17.288,0,-0.01991019358166467,-1,0.01991019358166467
17.29,0,-0.01651848572106971,-1,0.01651848572106971
17.292,0,-0.01312193328771356,-1,0.01312193328771356
17.294,0,-0.009720549330785096,-1,0.009720549330785096
17.296,0,-0.006314346872492034,-1,0.006314346872492034
17.298,0,-0.002903338908068378,-1,0.002903338908068378
17.3,0,0.0005124615942177346,1,-0.0005124615942177346
17.302,0,0.003933001781891389,1,-0.003933001781891389
17.304,0,0.007358122942426871,1,-0.007358122942426871
17.306,0,0.01078765431025548,1,-0.01078765431025548
17.308,0,0.01422142641020138,1,-0.01422142641020138
17.31,0,0.01765927104990045,1,-0.01765927104990045
17.312,0,0.02110102131225901,1,-0.02110102131225901
17.314,0,0.02454651154795247,1,-0.02454651154795247
17.316,0,0.02799557736796333,1,-0.02799557736796333
17.318,0,0.03144805563615879,1,-0.03144805563615879
17.32,0,0.03490378446190734,1,-0.03490378446190734
17.322,0,0.03836260319273443,1,-0.03836260319273443
17.324,0,0.04182435240701695,1,-0.04182435240701695
17.326,0,0.04528887390671621,1,-0.04528887390671621
17.328,0,0.04875601071014943,1,-0.04875601071014943
17.33,0,0.05222560704479937,1,-0.05222560704479937
17.332,0,0.05569750834016201,1,-0.05569750834016201
17.334,0,0.05917156122063209,1,-0.05917156122063209
17.336,0,0.06264761349842625,1,-0.06264761349842625
17.338,0,0.06612551416654364,1,-0.06612551416654364
17.34,0,0.06960511339176383,1,-0.06960511339176383
17.342,0,0.0730862625076818,1,-0.0730862625076818
17.344,0,0.07656881400777983,1,-0.07656881400777983
17.346,0,0.08005262153853608,1,-0.08005262153853608
17.348,0,0.08353753989256973,1,-0.08353753989256973
17.35,0,0.0870234250018225,1,-0.0870234250018225
17.352,0,0.09051013393077632,1,-0.09051013393077632
17.354,0,0.093997524869707,1,-0.093997524869707
17.356,0,0.09748545712797366,1,-0.09748545712797366
17.358,0,0.1009737911273439,1,-0.1009737911273439
17.36,0,0.1044623883953544,1,-0.1044623883953544
17.362,0,0.1079511115587066,1,-0.1079511115587066
17.364,0,0.111439824336698,1,-0.111439824336698
17.366,0,0.1149283915346876,1,-0.1149283915346876
17.368,0,0.1184166790375971,1,-0.1184166790375971
17.37,0,0.1219045538034455,1,-0.1219045538034455
17.372,0,0.1253918838569193,1,-0.1253918838569193
17.374,0,0.128878538282976,1,-0.128878538282976
17.376,0,0.1323643872204825,1,-0.1323643872204825
17.378,0,0.1358493018558863,1,-0.1358493018558863
17.38,0,0.1393331544169216,1,-0.1393331544169216
17.382,0,0.1428158181663482,1,-0.1428158181663482
17.384,0,0.1462971673957243,1,-0.1462971673957243
17.386,0,0.1497770774192118,1,-0.1497770774192118
17.388,0,0.1532554245674155,1,-0.1532554245674155
17.39,0,0.1567320861812547,1,-0.1567320861812547
17.392,0,0.1602069406058675,1,-0.1602069406058675
17.394,0,0.1636798671845482,1,-0.1636798671845482
17.396,0,0.1671507462527163,1,-0.1671507462527163
17.398,0,0.1706194591319181,1,-0.1706194591319181
17.4,0,0.1740858881238609,1,-0.1740858881238609
17.402,0,0.1775499165044784,1,-0.1775499165044784
17.404,0,0.1810114285180279,1,-0.1810114285180279
17.406,0,0.1844703093712197,1,-0.1844703093712197
17.408,0,0.1879264452273773,1,-0.1879264452273773
17.41,0,0.1913797232006292,1,-0.1913797232006292
17.412,0,0.1948300313501318,1,-0.1948300313501318
17.414,0,0.1982772586743232,1,-0.1982772586743232
17.416,0,0.201721295105208,1,-0.201721295105208
17.418,0,0.2051620315026724,1,-0.2051620315026724
17.42,0,0.2085993596488301,1,-0.2085993596488301
17.422,0,0.2120331722423987,1,-0.2120331722423987
17.424,0,0.2154633628931058,1,-0.2154633628931058
17.426,0,0.2188898261161257,1,-0.2188898261161257
17.428,0,0.2223124573265454,1,-0.2223124573265454
17.43,0,0.2257311528338611,1,-0.2257311528338611
17.432,0,0.2291458098365037,1,-0.2291458098365037
17.434,0,0.2325563264163939,1,-0.2325563264163939
17.436,0,0.2359626015335268,1,-0.2359626015335268
17.438,0,0.2393645350205854,1,-0.2393645350205854
17.44,0,0.2427620275775833,1,-0.2427620275775833
17.442,0,0.2461549807665361,1,-0.2461549807665361
17.444,0,0.2495432970061618,1,-0.2495432970061618
17.446,0,0.2529268795666094,1,-0.2529268795666094
17.448,0,0.2563056325642162,1,-0.2563056325642162
17.45,0,0.2596794609562935,1,-0.2596794609562935
17.452,0,0.2630482705359398,1,-0.2630482705359398
17.454,0,0.266411967926883,1,-0.266411967926883
17.456,0,0.2697704605783495,1,-0.2697704605783495
17.458,0,0.2731236567599619,1,-0.2731236567599619
17.46,0,0.2764714655566632,1,-0.2764714655566632
17.462,0,0.27981379686367,1,-0.27981379686367
17.464,0,0.2831505613814511,1,-0.2831505613814511
17.466,0,0.2864816706107349,1,-0.2864816706107349
17.468,0,0.2898070368475433,1,-0.2898070368475433
17.47,0,0.2931265731782519,1,-0.2931265731782519
17.472,0,0.2964401934746778,1,-0.2964401934746778
17.474,0,0.2997478123891934,1,-0.2997478123891934
17.476,0,0.3030493453498675,1,-0.3030493453498675
17.478,0,0.3063447085556318,1,-0.3063447085556318
17.48,0,0.3096338189714741,1,-0.3096338189714741
17.482,0,0.3129165943236577,1,-0.3129165943236577
17.484,0,0.3161929530949665,1,-0.3161929530949665
17.486,0,0.3194628145199763,1,-0.3194628145199763
17.488,0,0.3227260985803512,1,-0.3227260985803512
17.49,0,0.3259827260001659,1,-0.3259827260001659
17.492,0,0.3292326182412541,1,-0.3292326182412541
17.494,0,0.3324756974985807,1,-0.3324756974985807
17.496,0,0.3357118866956407,1,-0.3357118866956407
17.498,0,0.3389411094798821,1,-0.3389411094798821
17.5,0,0.3421632902181546,1,-0.3421632902181546
17.502,0,0.345378353992182,1,-0.345378353992182
17.504,0,0.3485862265940607,1,-0.3485862265940607
17.506,0,0.3517868345217814,1,-0.3517868345217814
17.508,0,0.3549801049747759,1,-0.3549801049747759
17.51,0,0.3581659658494884,1,-0.3581659658494884
17.512,0,0.3613443457349704,1,-0.3613443457349704
17.514,0,0.3645151739085002,1,-0.3645151739085002
17.516,0,0.3676783803312259,1,-0.3676783803312259
17.518,0,0.3708338956438324,1,-0.3708338956438324
17.52,0,0.3739816511622324,1,-0.3739816511622324
17.522,0,0.3771215788732802,1,-0.3771215788732802
17.524,0,0.3802536114305102,1,-0.3802536114305102
17.526,0,0.3833776821498971,1,-0.3833776821498971
17.528,0,0.3864937250056409,1,-0.3864937250056409
17.53,0,0.3896016746259738,1,-0.3896016746259738
17.532,0,0.3927014662889909,1,-0.3927014662889909
17.534,0,0.3957930359185036,1,-0.3957930359185036
17.536,0,0.398876320079915,1,-0.398876320079915
17.538,0,0.4019512559761191,1,-0.4019512559761191
17.54,0,0.405017781443422,1,-0.405017781443422
17.542,0,0.4080758349474849,1,-0.4080758349474849
17.544,0,0.4111253555792905,1,-0.4111253555792905
17.546,0,0.4141662830511309,1,-0.4141662830511309
17.548,0,0.4171985576926175,1,-0.4171985576926175
17.55,0,0.4202221204467135,1,-0.4202221204467135
17.552,0,0.4232369128657872,1,-0.4232369128657872
17.554,0,0.4262428771076882,1,-0.4262428771076882
17.556,0,0.4292399559318444,1,-0.4292399559318444
17.558,0,0.4322280926953809,1,-0.4322280926953809
17.56,0,0.4352072313492597,1,-0.4352072313492597
17.562,0,0.4381773164344419,1,-0.4381773164344419
17.564,0,0.4411382930780698,1,-0.4411382930780698
17.566,0,0.4440901069896708,1,-0.4440901069896708
17.568,0,0.447032704457382,1,-0.447032704457382
17.57,0,0.4499660323441961,1,-0.4499660323441961
17.572,0,0.4528900380842271,1,-0.4528900380842271
17.574,0,0.4558046696789976,1,-0.4558046696789976
17.576,0,0.4587098756937466,1,-0.4587098756937466
17.578,0,0.4616056052537568,1,-0.4616056052537568
17.58,0,0.4644918080407032,1,-0.4644918080407032
17.582,0,0.4673684342890216,1,-0.4673684342890216
17.584,0,0.4702354347822974,1,-0.4702354347822974
17.586,0,0.4730927608496737,1,-0.4730927608496737
17.588,0,0.4759403643622805,1,-0.4759403643622805
17.59,0,0.4787781977296828,1,-0.4787781977296828
17.592,0,0.4816062138963485,1,-0.4816062138963485
17.594,0,0.4844243663381366,1,-0.4844243663381366
17.596,0,0.4872326090588041,1,-0.4872326090588041
17.598,0,0.4900308965865328,1,-0.4900308965865328
17.6,0,0.4928191839704752,1,-0.4928191839704752
17.602,0,0.49559742677732,1,-0.49559742677732
17.604,0,0.4983655810878758,1,-0.4983655810878758
17.606,0,0.5011236034936752,1,-0.5011236034936752
17.608,0,0.5038714510935965,1,-0.5038714510935965
17.61,0,0.5066090814905051,1,-0.5066090814905051
17.612,0,0.5093364527879132,1,-0.5093364527879132
17.614,0,0.5120535235866582,1,-0.5120535235866582
17.616,0,0.5147602529816002,1,-0.5147602529816002
17.618,0,0.5174566005583368,1,-0.5174566005583368
17.62,0,0.5201425263899371,1,-0.5201425263899371
17.622,0,0.5228179910336942,1,-0.5228179910336942
17.624,0,0.5254829555278949,1,-0.5254829555278949
17.626,0,0.5281373813886083,1,-0.5281373813886083
17.628,0,0.5307812306064918,1,-0.5307812306064918
17.63,0,0.5334144656436157,1,-0.5334144656436157
17.632,0,0.5360370494303046,1,-0.5360370494303046
17.634,0,0.5386489453619976,1,-0.5386489453619976
17.636,0,0.541250117296125,1,-0.541250117296125
17.638,0,0.5438405295490037,1,-0.5438405295490037
17.64,0,0.546420146892749,1,-0.546420146892749
17.642,0,0.5489889345522042,1,-0.5489889345522042
17.644,0,0.5515468582018875,1,-0.5515468582018875
17.646,0,0.5540938839629561,1,-0.5540938839629561
17.648,0,0.5566299784001869,1,-0.5566299784001869
17.65,0,0.5591551085189748,1,-0.5591551085189748
17.652,0,0.5616692417623474,1,-0.5616692417623474
17.654,0,0.5641723460079971,1,-0.5641723460079971
17.656,0,0.5666643895653292,1,-0.5666643895653292
17.658,0,0.569145341172527,1,-0.569145341172527
17.66,0,0.5716151699936339,1,-0.5716151699936339
17.662,0,0.574073845615651,1,-0.574073845615651
17.664,0,0.5765213380456519,1,-0.5765213380456519
17.666,0,0.5789576177079132,1,-0.5789576177079132
17.668,0,0.581382655441062,1,-0.581382655441062
17.67,0,0.5837964224952388,1,-0.5837964224952388
17.672,0,0.5861988905292762,1,-0.5861988905292762
17.674,0,0.5885900316078949,1,-0.5885900316078949
17.676,0,0.5909698181989143,1,-0.5909698181989143
17.678,0,0.5933382231704791,1,-0.5933382231704791
17.68,0,0.5956952197883026,1,-0.5956952197883026
17.682,0,0.598040781712924,1,-0.598040781712924
17.684,0,0.6003748829969825,1,-0.6003748829969825
17.686,0,0.6026974980825069,1,-0.6026974980825069
17.688,0,0.6050086017982197,1,-0.6050086017982197
17.69,0,0.6073081693568571,1,-0.6073081693568571
17.692,0,0.6095961763525042,1,-0.6095961763525042
17.694,0,0.6118725987579455,1,-0.6118725987579455
17.696,0,0.6141374129220303,1,-0.6141374129220303
17.698,0,0.6163905955670527,1,-0.6163905955670527
17.7,0,0.6186321237861472,1,-0.6186321237861472
17.702,0,0.620861975040699,1,-0.620861975040699
17.704,0,0.6230801271577684,1,-0.6230801271577684
17.706,0,0.6252865583275311,1,-0.6252865583275311
17.708,0,0.6274812471007321,1,-0.6274812471007321
17.71,0,0.6296641723861541,1,-0.6296641723861541
17.712,0,0.6318353134481017,1,-0.6318353134481017
17.714,0,0.633994649903898,1,-0.633994649903898
17.716,0,0.6361421617213969,1,-0.6361421617213969
17.718,0,0.6382778292165097,1,-0.6382778292165097
17.72,0,0.6404016330507447,1,-0.6404016330507447
17.722,0,0.6425135542287624,1,-0.6425135542287624
17.724,0,0.6446135740959434,1,-0.6446135740959434
17.726,0,0.6467016743359709,1,-0.6467016743359709
17.728,0,0.6487778369684269,1,-0.6487778369684269
17.73,0,0.6508420443464028,1,-0.6508420443464028
17.732,0,0.6528942791541225,1,-0.6528942791541225
17.734,0,0.65493452440458,1,-0.65493452440458
17.736,0,0.656962763437191,1,-0.656962763437191
17.738,0,0.6589789799154566,1,-0.6589789799154566
17.74,0,0.6609831578246422,1,-0.6609831578246422
17.742,0,0.662975281469468,1,-0.662975281469468
17.744,0,0.6649553354718143,1,-0.6649553354718143
17.746,0,0.666923304768439,1,-0.666923304768439
17.748,0,0.6688791746087089,1,-0.6688791746087089
17.75,0,0.6708229305523442,1,-0.6708229305523442
17.752,0,0.6727545584671748,1,-0.6727545584671748
17.754,0,0.6746740445269114,1,-0.6746740445269114
17.756,0,0.676581375208928,1,-0.676581375208928
17.758,0,0.678476537292058,1,-0.678476537292058
17.76,0,0.6803595178544029,1,-0.6803595178544029
17.762,0,0.6822303042711532,1,-0.6822303042711532
17.764,0,0.6840888842124229,1,-0.6840888842124229
17.766,0,0.6859352456410958,1,-0.6859352456410958
17.768,0,0.6877693768106844,1,-0.6877693768106844
17.77,0,0.6895912662632017,1,-0.6895912662632017
17.772,0,0.6914009028270444,1,-0.6914009028270444
17.774,0,0.6931982756148894,1,-0.6931982756148894
17.776,0,0.6949833740216025,1,-0.6949833740216025
17.778,0,0.696756187722158,1,-0.696756187722158
17.78,0,0.6985167066695719,1,-0.6985167066695719
17.782,0,0.7002649210928465,1,-0.7002649210928465
17.784,0,0.7020008214949272,1,-0.7020008214949272
17.786,0,0.7037243986506703,1,-0.7037243986506703
17.788,0,0.7054356436048242,1,-0.7054356436048242
17.79,0,0.7071345476700216,1,-0.7071345476700216
17.792,0,0.7088211024247827,1,-0.7088211024247827
17.794,0,0.7104952997115314,1,-0.7104952997115314
17.796,0,0.7121571316346221,1,-0.7121571316346221
17.798,0,0.7138065905583791,1,-0.7138065905583791
17.8,0,0.7154436691051461,1,-0.7154436691051461
17.802,0,0.7170683601533481,1,-0.7170683601533481
17.804,0,0.7186806568355644,1,-0.7186806568355644
17.806,0,0.7202805525366131,1,-0.7202805525366131
17.808,0,0.7218680408916464,1,-0.7218680408916464
17.81,0,0.7234431157842576,1,-0.7234431157842576
17.812,0,0.7250057713445986,1,-0.7250057713445986
17.814,0,0.7265560019475096,1,-0.7265560019475096
17.816,0,0.7280938022106578,1,-0.7280938022106578
17.818,0,0.7296191669926896,1,-0.7296191669926896
17.82,0,0.7311320913913916,1,-0.7311320913913916
17.822,0,0.7326325707418634,1,-0.7326325707418634
17.824,0,0.7341206006147012,1,-0.7341206006147012
17.826,0,0.7355961768141918,1,-0.7355961768141918
17.828,0,0.7370592953765172,1,-0.7370592953765172
17.83,0,0.7385099525679705,1,-0.7385099525679705
17.832,0,0.7399481448831813,1,-0.7399481448831813
17.834,0,0.7413738690433526,1,-0.7413738690433526
17.836,0,0.7427871219945074,1,-0.7427871219945074
17.838,0,0.744187900905746,1,-0.744187900905746
17.84,0,0.7455762031675141,1,-0.7455762031675141
17.842,0,0.7469520263898798,1,-0.7469520263898798
17.844,0,0.7483153684008226,1,-0.7483153684008226
17.846,0,0.749666227244531,1,-0.749666227244531
17.848,0,0.7510046011797115,1,-0.7510046011797115
17.85,0,0.7523304886779063,1,-0.7523304886779063
17.852,0,0.7536438884218227,1,-0.7536438884218227
17.854,0,0.7549447993036706,1,-0.7549447993036706
17.856,0,0.7562332204235116,1,-0.7562332204235116
17.858,0,0.7575091510876165,1,-0.7575091510876165
17.86,0,0.7587725908068337,1,-0.7587725908068337
17.862,0,0.7600235392949667,1,-0.7600235392949667
17.864,0,0.7612619964671615,1,-0.7612619964671615
17.866,0,0.762487962438304,1,-0.762487962438304
17.868,0,0.7637014375214258,1,-0.7637014375214258
17.87,0,0.7649024222261215,1,-0.7649024222261215
17.872,0,0.7660909172569733,1,-0.7660909172569733
17.874,0,0.7672669235119867,1,-0.7672669235119867
17.876,0,0.7684304420810346,1,-0.7684304420810346
17.878,0,0.7695814742443118,1,-0.7695814742443118
17.88,0,0.7707200214707971,1,-0.7707200214707971
17.882,0,0.7718460854167265,1,-0.7718460854167265
17.884,0,0.7729596679240742,1,-0.7729596679240742
17.886,0,0.7740607710190437,1,-0.7740607710190437
17.888,0,0.7751493969105669,1,-0.7751493969105669
17.89,0,0.7762255479888138,1,-0.7762255479888138
17.892,0,0.7772892268237095,1,-0.7772892268237095
17.894,0,0.7783404361634613,1,-0.7783404361634613
17.896,0,0.7793791789330943,1,-0.7793791789330943
17.898,0,0.7804054582329959,1,-0.7804054582329959
17.9,0,0.781419277337469,1,-0.781419277337469
17.902,0,0.7824206396932941,1,-0.7824206396932941
17.904,0,0.7834095489183003,1,-0.7834095489183003
17.906,0,0.7843860087999441,1,-0.7843860087999441
17.908,0,0.7853500232938981,1,-0.7853500232938981
17.91,0,0.7863015965226473,1,-0.7863015965226473
17.912,0,0.787240732774094,1,-0.787240732774094
17.914,0,0.7881674365001718,1,-0.7881674365001718
17.916,0,0.7890817123154678,1,-0.7890817123154678
17.918,0,0.7899835649958521,1,-0.7899835649958521
17.92,0,0.7908729994771176,1,-0.7908729994771176
17.922,0,0.7917500208536267,1,-0.7917500208536267
17.924,0,0.7926146343769663,1,-0.7926146343769663
17.926,0,0.7934668454546119,1,-0.7934668454546119
17.928,0,0.7943066596485987,1,-0.7943066596485987
17.93,0,0.7951340826742019,1,-0.7951340826742019
17.932,0,0.7959491203986245,1,-0.7959491203986245
17.934,0,0.7967517788396929,1,-0.7967517788396929
17.936,0,0.7975420641645612,1,-0.7975420641645612
17.938,0,0.7983199826884227,1,-0.7983199826884227
17.94,0,0.7990855408732304,1,-0.7990855408732304
17.942,0,0.7998387453264234,1,-0.7998387453264234
17.944,0,0.8005796027996638,1,-0.8005796027996638
17.946,0,0.8013081201875786,1,-0.8013081201875786
17.948,0,0.8020243045265115,1,-0.8020243045265115
17.95,0,0.8027281629932815,1,-0.8027281629932815
17.952,0,0.8034197029039488,1,-0.8034197029039488
17.954,0,0.8040989317125889,1,-0.8040989317125889
17.956,0,0.8047658570100744,1,-0.8047658570100744
17.958,0,0.8054204865228635,1,-0.8054204865228635
17.96,0,0.806062828111797,1,-0.806062828111797
17.962,0,0.8066928897709019,1,-0.8066928897709019
17.964,0,0.807310679626203,1,-0.807310679626203
17.966,0,0.8079162059345414,1,-0.8079162059345414
17.968,0,0.8085094770824008,1,-0.8085094770824008
17.97,0,0.8090905015847409,1,-0.8090905015847409
17.972,0,0.8096592880838376,1,-0.8096592880838376
17.974,0,0.8102158453481311,1,-0.8102158453481311
17.976,0,0.8107601822710808,1,-0.8107601822710808
17.978,0,0.8112923078700277,1,-0.8112923078700277
17.98,0,0.811812231285063,1,-0.811812231285063
17.982,0,0.8123199617779049,1,-0.8123199617779049
17.984,0,0.8128155087307816,1,-0.8128155087307816
17.986,0,0.8132988816453215,1,-0.8132988816453215
17.988,0,0.8137700901414509,1,-0.8137700901414509
17.99,0,0.8142291439562971,1,-0.8142291439562971
17.992,0,0.8146760529431005,1,-0.8146760529431005
17.994,0,0.8151108270701316,1,-0.8151108270701316
17.996,0,0.8155334764196157,1,-0.8155334764196157
17.998,0,0.8159440111866646,1,-0.8159440111866646
18,0,0.816342441678214,1,-0.816342441678214
18.002,0,0.816728778311969,1,-0.816728778311969
18.004,0,0.8171030316153548,1,-0.8171030316153548
18.006,0,0.8174652122244751,1,-0.8174652122244751
18.008,0,0.8178153308830763,1,-0.8178153308830763
18.01,0,0.8181533984415189,1,-0.8181533984415189
18.012,0,0.8184794258557548,1,-0.8184794258557548
18.014,0,0.8187934241863116,1,-0.8187934241863116
18.016,0,0.8190954045972828,1,-0.8190954045972828
18.018,0,0.819385378355325,1,-0.819385378355325
18.02,0,0.8196633568286608,1,-0.8196633568286608
18.022,0,0.8199293514860885,1,-0.8199293514860885
18.024,0,0.8201833738959979,1,-0.8201833738959979
18.026,0,0.8204254357253926,1,-0.8204254357253926
18.028,0,0.8206555487389179,1,-0.8206555487389179
18.03,0,0.8208737247978954,1,-0.8208737247978954
18.032,0,0.8210799758593641,1,-0.8210799758593641
18.034,0,0.8212743139751266,1,-0.8212743139751266
18.036,0,0.8214567512908023,1,-0.8214567512908023
18.038,0,0.821627300044886,1,-0.821627300044886
18.04,0,0.8217859725678134,1,-0.8217859725678134
18.042,0,0.8219327812810312,1,-0.8219327812810312
18.044,0,0.8220677386960747,1,-0.8220677386960747
18.046,0,0.8221908574136503,1,-0.8221908574136503
18.048,0,0.8223021501227238,1,-0.8223021501227238
18.05,0,0.8224016295996155,1,-0.8224016295996155
18.052,0,0.8224893087071004,1,-0.8224893087071004
18.054,0,0.8225652003935141,1,-0.8225652003935141
18.056,0,0.822629317691865,1,-0.822629317691865
18.058,0,0.8226816737189517,1,-0.8226816737189517
18.06,0,0.8227222816744865,1,-0.8227222816744865
18.062,0,0.822751154840224,1,-0.822751154840224
18.064,0,0.8227683065790963,1,-0.8227683065790963
18.066,0,0.8227737503343528,1,-0.8227737503343528
18.068,0,0.8227674996287063,1,-0.8227674996287063
18.07,0,0.822749568063484,1,-0.822749568063484
18.072,0,0.8227199693177843,1,-0.8227199693177843
18.074,0,0.8226787171476396,1,-0.8226787171476396
18.076,0,0.8226258253851837,1,-0.8226258253851837
18.078,0,0.8225613079378249,1,-0.8225613079378249
18.08,0,0.8224851787874249,1,-0.8224851787874249
18.082,0,0.8223974519894826,1,-0.8223974519894826
18.084,0,0.8222981416723232,1,-0.8222981416723232
18.086,0,0.8221872620362929,1,-0.8221872620362929
18.088,0,0.8220648273529588,1,-0.8220648273529588
18.09,0,0.8219308519643139,1,-0.8219308519643139
18.092,0,0.8217853502819873,1,-0.8217853502819873
18.094,0,0.8216283367864597,1,-0.8216283367864597
18.096,0,0.8214598260262843,1,-0.8214598260262843
18.098,0,0.821279832617312,1,-0.821279832617312
18.1,0,0.8210883712419228,1,-0.8210883712419228
18.102,0,0.8208854566482614,1,-0.8208854566482614
18.104,0,0.8206711036494782,1,-0.8206711036494782
18.106,0,0.8204453271229752,1,-0.8204453271229752
18.108,0,0.8202081420096573,1,-0.8202081420096573
18.11,0,0.8199595633131876,1,-0.8199595633131876
18.112,0,0.819699606099249,1,-0.819699606099249
18.114,0,0.819428285494809,1,-0.819428285494809
18.116,0,0.8191456166873911,1,-0.8191456166873911
18.118,0,0.8188516149243499,1,-0.8188516149243499
18.12,0,0.8185462955121516,1,-0.8185462955121516
18.122,0,0.8182296738156588,1,-0.8182296738156588
18.124,0,0.8179017652574204,1,-0.8179017652574204
18.126,0,0.8175625853169665,1,-0.8175625853169665
18.128,0,0.8172121495301069,1,-0.8172121495301069
18.13,0,0.816850473488236,1,-0.816850473488236
18.132,0,0.816477572837641,1,-0.816477572837641
18.134,0,0.816093463278815,1,-0.816093463278815
18.136,0,0.8156981605657753,1,-0.8156981605657753
18.138,0,0.8152916805053854,1,-0.8152916805053854
18.14,0,0.8148740389566823,1,-0.8148740389566823
18.142,0,0.8144452518302081,1,-0.8144452518302081
18.144,0,0.8140053350873458,1,-0.8140053350873458
18.146,0,0.8135543047396601,1,-0.8135543047396601
18.148,0,0.8130921768482421,1,-0.8130921768482421
18.15,0,0.812618967523059,1,-0.812618967523059
18.152,0,0.8121346929223076,1,-0.8121346929223076
18.154,0,0.8116393692517728,1,-0.8116393692517728
18.156,0,0.8111330127641904,1,-0.8111330127641904
18.158,0,0.8106156397586129,1,-0.8106156397586129
18.16,0,0.8100872665797821,1,-0.8100872665797821
18.162,0,0.8095479096175036,1,-0.8095479096175036
18.164,0,0.8089975853060268,1,-0.8089975853060268
18.166,0,0.8084363101234291,1,-0.8084363101234291
18.168,0,0.8078641005910038,1,-0.8078641005910038
18.17,0,0.8072809732726525,1,-0.8072809732726525
18.172,0,0.8066869447742817,1,-0.8066869447742817
18.174,0,0.8060820317432036,1,-0.8060820317432036
18.176,0,0.8054662508675405,1,-0.8054662508675405
18.178,0,0.8048396188756342,1,-0.8048396188756342
18.18,0,0.8042021525354583,1,-0.8042021525354583
18.182,0,0.8035538686540359,1,-0.8035538686540359
18.184,0,0.80289478407686,1,-0.80289478407686
18.186,0,0.8022249156873189,1,-0.8022249156873189
18.188,0,0.801544280406125,1,-0.801544280406125
18.19,0,0.800852895190748,1,-0.800852895190748
18.192,0,0.8001507770348513,1,-0.8001507770348513
18.194,0,0.7994379429677332,1,-0.7994379429677332
18.196,0,0.7987144100537715,1,-0.7987144100537715
18.198,0,0.797980195391872,1,-0.797980195391872
18.2,0,0.7972353161149209,1,-0.7972353161149209
18.202,0,0.796479789389241,1,-0.796479789389241
18.204,0,0.7957136324140517,1,-0.7957136324140517
18.206,0,0.7949368624209326,1,-0.7949368624209326
18.208,0,0.7941494966732917,1,-0.7941494966732917
18.21,0,0.7933515524658358,1,-0.7933515524658358
18.212,0,0.792543047124046,1,-0.792543047124046
18.214,0,0.7917239980036564,1,-0.7917239980036564
18.216,0,0.7908944224901364,1,-0.7908944224901364
18.218,0,0.7900543379981765,1,-0.7900543379981765
18.22,0,0.7892037619711781,1,-0.7892037619711781
18.222,0,0.7883427118807471,1,-0.7883427118807471
18.224,0,0.78747120522619,1,-0.78747120522619
18.226,0,0.7865892595340148,1,-0.7865892595340148
18.228,0,0.785696892357435,1,-0.785696892357435
18.23,0,0.7847941212758768,1,-0.7847941212758768
18.232,0,0.7838809638944902,1,-0.7838809638944902
18.234,0,0.7829574378436637,1,-0.7829574378436637
18.236,0,0.7820235607785416,1,-0.7820235607785416
18.238,0,0.7810793503785464,1,-0.7810793503785464
18.24,0,0.7801248243469023,1,-0.7801248243469023
18.242,0,0.7791600004101649,1,-0.7791600004101649
18.244,0,0.7781848963177515,1,-0.7781848963177515
18.246,0,0.7771995298414768,1,-0.7771995298414768
18.248,0,0.7762039187750911,1,-0.7762039187750911
18.25,0,0.7751980809338218,1,-0.7751980809338218
18.252,0,0.7741820341539186,1,-0.7741820341539186
18.254,0,0.7731557962922014,1,-0.7731557962922014
18.256,0,0.7721193852256123,1,-0.7721193852256123
18.258,0,0.7710728188507699,1,-0.7710728188507699
18.26,0,0.7700161150835276,1,-0.7700161150835276
18.262,0,0.7689492918585348,1,-0.7689492918585348
18.264,0,0.7678723671288011,1,-0.7678723671288011
18.266,0,0.7667853588652644,1,-0.7667853588652644
18.268,0,0.765688285056361,1,-0.765688285056361
18.27,0,0.7645811637076,1,-0.7645811637076
18.272,0,0.7634640128411401,1,-0.7634640128411401
18.274,0,0.7623368504953698,1,-0.7623368504953698
18.276,0,0.7611996947244908,1,-0.7611996947244908
18.278,0,0.7600525635981038,1,-0.7600525635981038
18.28,0,0.7588954752007984,1,-0.7588954752007984
18.282,0,0.7577284476317449,1,-0.7577284476317449
18.284,0,0.7565514990042902,1,-0.7565514990042902
18.286,0,0.7553646474455561,1,-0.7553646474455561
18.288,0,0.7541679110960402,1,-0.7541679110960402
18.29,0,0.7529613081092209,1,-0.7529613081092209
18.292,0,0.7517448566511641,1,-0.7517448566511641
18.294,0,0.7505185749001337,1,-0.7505185749001337
18.296,0,0.7492824810462049,1,-0.7492824810462049
18.298,0,0.7480365932908795,1,-0.7480365932908795
18.3,0,0.7467809298467056,1,-0.7467809298467056
18.302,0,0.745515508936899,1,-0.745515508936899
18.304,0,0.7442403487949677,1,-0.7442403487949677
18.306,0,0.7429554676643394,1,-0.7429554676643394
18.308,0,0.7416608837979918,1,-0.7416608837979918
18.31,0,0.7403566154580854,1,-0.7403566154580854
18.312,0,0.7390426809155997,1,-0.7390426809155997
18.314,0,0.7377190984499713,1,-0.7377190984499713
18.316,0,0.7363858863487357,1,-0.7363858863487357
18.318,0,0.7350430629071708,1,-0.7350430629071708
18.32,0,0.7336906464279441,1,-0.7336906464279441
18.322,0,0.732328655220762,1,-0.732328655220762
18.324,0,0.7309571076020216,1,-0.7309571076020216
18.326,0,0.729576021894466,1,-0.729576021894466
18.328,0,0.7281854164268416,1,-0.7281854164268416
18.33,0,0.726785309533558,1,-0.726785309533558
18.332,0,0.7253757195543508,1,-0.7253757195543508
18.334,0,0.7239566648339468,1,-0.7239566648339468
18.336,0,0.7225281637217322,1,-0.7225281637217322
18.338,0,0.7210902345714227,1,-0.7210902345714227
18.34,0,0.7196428957407367,1,-0.7196428957407367
18.342,0,0.7181861655910707,1,-0.7181861655910707
18.344,0,0.7167200624871777,1,-0.7167200624871777
18.346,0,0.7152446047968473,1,-0.7152446047968473
18.348,0,0.7137598108905893,1,-0.7137598108905893
18.35,0,0.7122656991413189,1,-0.7122656991413189
18.352,0,0.7107622879240451,1,-0.7107622879240451
18.354,0,0.7092495956155606,1,-0.7092495956155606
18.356,0,0.7077276405941354,1,-0.7077276405941354
18.358,0,0.7061964412392119,1,-0.7061964412392119
18.36,0,0.7046560159311024,1,-0.7046560159311024
18.362,0,0.7031063830506895,1,-0.7031063830506895
18.364,0,0.7015475609791287,1,-0.7015475609791287
18.366,0,0.6999795680975532,1,-0.6999795680975532
18.368,0,0.6984024227867812,1,-0.6984024227867812
18.37,0,0.6968161434270252,1,-0.6968161434270252
18.372,0,0.6952207483976046,1,-0.6952207483976046
18.374,0,0.6936162560766591,1,-0.6936162560766591
18.376,0,0.6920026848408657,1,-0.6920026848408657
18.378,0,0.6903800530651576,1,-0.6903800530651576
18.38,0,0.6887483791224448,1,-0.6887483791224448
18.382,0,0.687107681383338,1,-0.687107681383338
18.384,0,0.6854579782158736,1,-0.6854579782158736
18.386,0,0.683799287985242,1,-0.683799287985242
18.388,0,0.6821316290535173,1,-0.6821316290535173
18.39,0,0.6804550197793896,1,-0.6804550197793896
18.392,0,0.6787694785178993,1,-0.6787694785178993
18.394,0,0.6770750236201737,1,-0.6770750236201737
18.396,0,0.6753716734331661,1,-0.6753716734331661
18.398,0,0.673659446299396,1,-0.673659446299396
18.4,0,0.6719383605566928,1,-0.6719383605566928
18.402,0,0.6702084345379403,1,-0.6702084345379403
18.404,0,0.6684696865708246,1,-0.6684696865708246
18.406,0,0.666722134977583,1,-0.666722134977583
18.408,0,0.6649657980747555,1,-0.6649657980747555
18.41,0,0.6632006941729385,1,-0.6632006941729385
18.412,0,0.6614268415765399,1,-0.6614268415765399
18.414,0,0.6596442585835373,1,-0.6596442585835373
18.416,0,0.6578529634852373,1,-0.6578529634852373
18.418,0,0.6560529745660372,1,-0.6560529745660372
18.42,0,0.6542443101031886,1,-0.6542443101031886
18.422,0,0.6524269883665634,1,-0.6524269883665634
18.424,0,0.650601027618421,1,-0.650601027618421
18.426,0,0.6487664461131781,1,-0.6487664461131781
18.428,0,0.6469232620971807,1,-0.6469232620971807
18.43,0,0.6450714938084766,1,-0.6450714938084766
18.432,0,0.6432111594765921,1,-0.6432111594765921
18.434,0,0.6413422773223088,1,-0.6413422773223088
18.436,0,0.6394648655574424,1,-0.6394648655574424
18.438,0,0.6375789423846251,1,-0.6375789423846251
18.44,0,0.6356845259970876,1,-0.6356845259970876
18.442,0,0.6337816345784447,1,-0.6337816345784447
18.444,0,0.631870286302482,1,-0.631870286302482
18.446,0,0.6299504993329444,1,-0.6299504993329444
18.448,0,0.628022291823327,1,-0.628022291823327
18.45,0,0.6260856819166672,1,-0.6260856819166672
18.452,0,0.6241406877453392,1,-0.6241406877453392
18.454,0,0.6221873274308491,1,-0.6221873274308491
18.456,0,0.6202256190836344,1,-0.6202256190836344
18.458,0,0.6182555808028618,1,-0.6182555808028618
18.46,0,0.6162772306762296,1,-0.6162772306762296
18.462,0,0.6142905867797708,1,-0.6142905867797708
18.464,0,0.6122956671776575,1,-0.6122956671776575
18.466,0,0.6102924899220079,1,-0.6102924899220079
18.468,0,0.6082810730526947,1,-0.6082810730526947
18.47,0,0.606261434597155,1,-0.606261434597155
18.472,0,0.604233592570202,1,-0.604233592570202
18.474,0,0.602197564973839,1,-0.602197564973839
18.476,0,0.600153369797074,1,-0.600153369797074
18.478,0,0.5981010250157368,1,-0.5981010250157368
18.48,0,0.5960405485922978,1,-0.5960405485922978
18.482,0,0.5939719584756878,1,-0.5939719584756878
18.484,0,0.5918952726011202,1,-0.5918952726011202
18.486,0,0.5898105088899139,1,-0.5898105088899139
18.488,0,0.5877176852493193,1,-0.5877176852493193
18.49,0,0.5856168195723442,1,-0.5856168195723442
18.492,0,0.5835079297375827,1,-0.5835079297375827
18.494,0,0.5813910336090448,1,-0.5813910336090448
18.496,0,0.5792661490359879,1,-0.5792661490359879
18.498,0,0.5771332938527504,1,-0.5771332938527504
18.5,0,0.5749924858785855,1,-0.5749924858785855
18.502,0,0.5728437429174985,1,-0.5728437429174985
18.504,0,0.5706870827580837,1,-0.5706870827580837
18.506,0,0.5685225231733639,1,-0.5685225231733639
18.508,0,0.5663500819206316,1,-0.5663500819206316
18.51,0,0.5641697767412911,1,-0.5641697767412911
18.512,0,0.5619816253607022,1,-0.5619816253607022
18.514,0,0.5597856454880259,1,-0.5597856454880259
18.516,0,0.557581854816071,1,-0.557581854816071
18.518,0,0.5553702710211428,1,-0.5553702710211428
18.52,0,0.5531509117628924,1,-0.5531509117628924
18.522,0,0.5509237946841684,1,-0.5509237946841684
18.524,0,0.5486889374108693,1,-0.5486889374108693
18.526,0,0.5464463575517982,1,-0.5464463575517982
18.528,0,0.5441960726985174,1,-0.5441960726985174
18.53,0,0.5419381004252067,1,-0.5419381004252067
18.532,0,0.539672458288521,1,-0.539672458288521
18.534,0,0.53739916382745,1,-0.53739916382745
18.536,0,0.5351182345631804,1,-0.5351182345631804
18.538,0,0.5328296879989577,1,-0.5328296879989577
18.54,0,0.5305335416199504,1,-0.5305335416199504
18.542,0,0.5282298128931154,1,-0.5282298128931154
18.544,0,0.5259185192670652,1,-0.5259185192670652
18.546,0,0.5235996781719353,1,-0.5235996781719353
18.548,0,0.5212733070192541,1,-0.5212733070192541
18.55,0,0.5189394232018135,1,-0.5189394232018135
18.552,0,0.5165980440935413,1,-0.5165980440935413
18.554,0,0.5142491870493741,1,-0.5142491870493741
18.556,0,0.5118928694051327,1,-0.5118928694051327
18.558,0,0.5095291084773976,1,-0.5095291084773976
18.56,0,0.5071579215633869,1,-0.5071579215633869
18.562,0,0.5047793259408343,1,-0.5047793259408343
18.564,0,0.5023933388678695,1,-0.5023933388678695
18.566,0,0.4999999775828992,1,-0.4999999775828992
18.568,0,0.4975992593044894,1,-0.4975992593044894
18.57,0,0.4951912012312495,1,-0.4951912012312495
18.572,0,0.4927758205417168,1,-0.4927758205417168
18.574,0,0.4903531343942428,1,-0.4903531343942428
18.576,0,0.4879231599268809,1,-0.4879231599268809
18.578,0,0.4854859142572746,1,-0.4854859142572746
18.58,0,0.4830414144825474,1,-0.4830414144825474
18.582,0,0.4805896776791943,1,-0.4805896776791943
18.584,0,0.4781307209029735,1,-0.4781307209029735
18.586,0,0.4756645611888,1,-0.4756645611888
18.588,0,0.4731912155506404,1,-0.4731912155506404
18.59,0,0.4707107009814083,1,-0.4707107009814083
18.592,0,0.4682230344528617,1,-0.4682230344528617
18.594,0,0.4657282329155006,1,-0.4657282329155006
18.596,0,0.4632263132984669,1,-0.4632263132984669
18.598,0,0.4607172925094442,1,-0.4607172925094442
18.6,0,0.4582011874345595,1,-0.4582011874345595
18.602,0,0.4556780149382861,1,-0.4556780149382861
18.604,0,0.4531477918633471,1,-0.4531477918633471
18.606,0,0.4506105350306207,1,-0.4506105350306207
18.608,0,0.4480662612390455,1,-0.4480662612390455
18.61,0,0.4455149872655283,1,-0.4455149872655283
18.612,0,0.442956729864852,1,-0.442956729864852
18.614,0,0.4403915057695849,1,-0.4403915057695849
18.616,0,0.4378193316899909,1,-0.4378193316899909
18.618,0,0.4352402243139412,1,-0.4352402243139412
18.62,0,0.4326542003068268,1,-0.4326542003068268
18.622,0,0.4300612763114716,1,-0.4300612763114716
18.624,0,0.4274614689480476,1,-0.4274614689480476
18.626,0,0.4248547948139901,1,-0.4248547948139901
18.628,0,0.4222412704839144,1,-0.4222412704839144
18.63,0,0.4196209125095338,1,-0.4196209125095338
18.632,0,0.416993737419578,1,-0.416993737419578
18.634,0,0.414359761719713,1,-0.414359761719713
18.636,0,0.4117190018924617,1,-0.4117190018924617
18.638,0,0.4090714743971259,1,-0.4090714743971259
18.64,0,0.4064171956697085,1,-0.4064171956697085
18.642,0,0.4037561821228379,1,-0.4037561821228379
18.644,0,0.4010884501456923,1,-0.4010884501456923
18.646,0,0.3984140161039253,1,-0.3984140161039253
18.648,0,0.3957328963395928,1,-0.3957328963395928
18.65,0,0.3930451071710805,1,-0.3930451071710805
18.652,0,0.3903506648930323,1,-0.3903506648930323
18.654,0,0.3876495857762801,1,-0.3876495857762801
18.656,0,0.3849418860677739,1,-0.3849418860677739
18.658,0,0.3822275819905134,1,-0.3822275819905134
18.66,0,0.3795066897434806,1,-0.3795066897434806
18.662,0,0.3767792255015721,1,-0.3767792255015721
18.664,0,0.3740452054155342,1,-0.3740452054155342
18.666,0,0.3713046456118976,1,-0.3713046456118976
18.668,0,0.3685575621929133,1,-0.3685575621929133
18.67,0,0.3658039712364893,1,-0.3658039712364893
18.672,0,0.3630438887961289,1,-0.3630438887961289
18.674,0,0.3602773309008686,1,-0.3602773309008686
18.676,0,0.3575043135552183,1,-0.3575043135552183
18.678,0,0.3547248527391013,1,-0.3547248527391013
18.68,0,0.3519389644077954,1,-0.3519389644077954
18.682,0,0.3491466644918754,1,-0.3491466644918754
18.684,0,0.346347968897156,1,-0.346347968897156
18.686,0,0.3435428935046352,1,-0.3435428935046352
18.688,0,0.3407314541704397,1,-0.3407314541704397
18.69,0,0.3379136667257694,1,-0.3379136667257694
18.692,0,0.3350895469768448,1,-0.3350895469768448
18.694,0,0.3322591107048534,1,-0.3322591107048534
18.696,0,0.3294223736658979,1,-0.3294223736658979
18.698,0,0.3265793515909449,1,-0.3265793515909449
18.7,0,0.3237300601857749,1,-0.3237300601857749
18.702,0,0.3208745151309321,1,-0.3208745151309321
18.704,0,0.3180127320816759,1,-0.3180127320816759
18.706,0,0.3151447266679331,1,-0.3151447266679331
18.708,0,0.3122705144942502,1,-0.3122705144942502
18.71,0,0.3093901111397473,1,-0.3093901111397473
18.712,0,0.3065035321580723,1,-0.3065035321580723
18.714,0,0.303610793077356,1,-0.303610793077356
18.716,0,0.3007119094001681,1,-0.3007119094001681
18.718,0,0.2978068966034735,1,-0.2978068966034735
18.72,0,0.2948957701385901,1,-0.2948957701385901
18.722,0,0.2919785454311467,1,-0.2919785454311467
18.724,0,0.2890552378810416,1,-0.2890552378810416
18.726,0,0.2861258628624029,1,-0.2861258628624029
18.728,0,0.2831904357235481,1,-0.2831904357235481
18.73,0,0.2802489717869456,1,-0.2802489717869456
18.732,0,0.2773014863491764,1,-0.2773014863491764
18.734,0,0.2743479946808966,1,-0.2743479946808966
18.736,0,0.2713885120268005,1,-0.2713885120268005
18.738,0,0.2684230536055847,1,-0.2684230536055847
18.74,0,0.2654516346099126,1,-0.2654516346099126
18.742,0,0.2624742702063798,1,-0.2624742702063798
18.744,0,0.25949097553548,1,-0.25949097553548
18.746,0,0.256501765711572,1,-0.256501765711572
18.748,0,0.2535066558228465,1,-0.2535066558228465
18.75,0,0.250505660931295,1,-0.250505660931295
18.752,0,0.2474987960726776,1,-0.2474987960726776
18.754,0,0.244486076256493,1,-0.244486076256493
18.756,0,0.2414675164659486,1,-0.2414675164659486
18.758,0,0.2384431316579309,1,-0.2384431316579309
18.76,0,0.2354129367629768,1,-0.2354129367629768
18.762,0,0.2323769466852461,1,-0.2323769466852461
18.764,0,0.2293351763024938,1,-0.2293351763024938
18.766,0,0.2262876404660435,1,-0.2262876404660435
18.768,0,0.2232343540007612,1,-0.2232343540007612
18.77,0,0.2201753317050302,1,-0.2201753317050302
18.772,0,0.2171105883507258,1,-0.2171105883507258
18.774,0,0.2140401386831917,1,-0.2140401386831917
18.776,0,0.2109639974212157,1,-0.2109639974212157
18.778,0,0.2078821792570076,1,-0.2078821792570076
18.78,0,0.204794698856176,1,-0.204794698856176
18.782,0,0.2017015708577071,1,-0.2017015708577071
18.784,0,0.1986028098739435,1,-0.1986028098739435
18.786,0,0.1954984304905631,1,-0.1954984304905631
18.788,0,0.19238844726656,1,-0.19238844726656
18.79,0,0.1892728747342244,1,-0.1892728747342244
18.792,0,0.1861517273991239,1,-0.1861517273991239
18.794,0,0.1830250197400857,1,-0.1830250197400857
18.796,0,0.1798927662091783,1,-0.1798927662091783
18.798,0,0.176754981231695,1,-0.176754981231695
18.8,0,0.173611679206137,1,-0.173611679206137
18.802,0,0.1704628745041974,1,-0.1704628745041974
18.804,0,0.167308581470746,1,-0.167308581470746
18.806,0,0.1641488144238144,1,-0.1641488144238144
18.808,0,0.1609835876545814,1,-0.1609835876545814
18.81,0,0.1578129154273596,1,-0.1578129154273596
18.812,0,0.154636811979582,1,-0.154636811979582
18.814,0,0.151455291521789,1,-0.151455291521789
18.816,0,0.1482683682376167,1,-0.1482683682376167
18.818,0,0.145076056283785,1,-0.145076056283785
18.82,0,0.1418783697900865,1,-0.1418783697900865
18.822,0,0.1386753228593759,1,-0.1386753228593759
18.824,0,0.1354669295675597,1,-0.1354669295675597
18.826,0,0.1322532039635869,1,-0.1322532039635869
18.828,0,0.1290341600694399,1,-0.1290341600694399
18.83,0,0.1258098118801257,1,-0.1258098118801257
18.832,0,0.122580173363668,1,-0.122580173363668
18.834,0,0.1193452584610994,1,-0.1193452584610994
18.836,0,0.1161050810864546,1,-0.1161050810864546
18.838,0,0.1128596551267635,1,-0.1128596551267635
18.84,0,0.1096089944420453,1,-0.1096089944420453
18.842,0,0.1063531128653028,1,-0.1063531128653028
18.844,0,0.1030920242025169,1,-0.1030920242025169
18.846,0,0.09982574223264251,1,-0.09982574223264251
18.848,0,0.09655428070760368,1,-0.09655428070760368
18.85,0,0.09327765335229028,1,-0.09327765335229028
18.852,0,0.0899958738645545,1,-0.0899958738645545
18.854,0,0.08670895591520801,1,-0.08670895591520801
18.856,0,0.08341691314801961,1,-0.08341691314801961
18.858,0,0.0801197591797132,1,-0.0801197591797132
18.86,0,0.07681750759996638,1,-0.07681750759996638
18.862,0,0.07351017197140929,1,-0.07351017197140929
18.864,0,0.07019776582962407,1,-0.07019776582962407
18.866,0,0.06688030268314465,1,-0.06688030268314465
18.868,0,0.06355779601345697,1,-0.06355779601345697
18.87,0,0.06023025927499968,1,-0.06023025927499968
18.872,0,0.05689770589516524,1,-0.05689770589516524
18.874,0,0.05356014927430147,1,-0.05356014927430147
18.876,0,0.05021760278571345,1,-0.05021760278571345
18.878,0,0.04687007977566592,1,-0.04687007977566592
18.88,0,0.04351759356338603,1,-0.04351759356338603
18.882,0,0.0401601574410665,1,-0.0401601574410665
18.884,0,0.03679778467386927,1,-0.03679778467386927
18.886,0,0.03343048849992943,1,-0.03343048849992943
18.888,0,0.0300582821303596,1,-0.0300582821303596
18.89,0,0.02668117874925479,1,-0.02668117874925479
18.892,0,0.02329919151369749,1,-0.02329919151369749
18.894,0,0.01991233355376328,1,-0.01991233355376328
18.896,0,0.01652061797252675,1,-0.01652061797252675
18.898,0,0.0131240578460679,1,-0.0131240578460679
18.9,0,0.009722666223478746,1,-0.009722666223478746
18.902,0,0.006316456126870514,1,-0.006316456126870514
18.904,0,0.002905440551381042,1,-0.002905440551381042
18.906,0,-0.000510367534817366,-1,0.000510367534817366
18.908,0,-0.003930915279345299,-1,0.003930915279345299
18.91,0,-0.007356043969772217,-1,0.007356043969772217
18.912,0,-0.01078558284062426,-1,0.01078558284062426
18.914,0,-0.01421936241682012,-1,0.01421936241682012
18.916,0,-0.01765721450608985,-1,0.01765721450608985
18.918,0,-0.02109897219143367,-1,0.02109897219143367
18.92,0,-0.02454446982362048,-1,0.02454446982362048
18.922,0,-0.02799354301372604,-1,0.02799354301372604
18.924,0,-0.03144602862571043,-1,0.03144602862571043
18.926,0,-0.03490176476903471,-1,0.03490176476903471
18.928,0,-0.03836059079131659,-1,0.03836059079131659
18.93,0,-0.04182234727102489,-1,0.04182234727102489
18.932,0,-0.04528687601021256,-1,0.04528687601021256
18.934,0,-0.0487540200272881,-1,0.0487540200272881
18.936,0,-0.05222362354982526,-1,0.05222362354982526
18.938,0,-0.0556955320074107,-1,0.0556955320074107
18.94,0,-0.05916959202452952,-1,0.05916959202452952
18.942,0,-0.06264565141348838,-1,0.06264565141348838
18.944,0,-0.06612355916737618,-1,0.06612355916737618
18.946,0,-0.06960316545306193,-1,0.06960316545306193
18.948,0,-0.07308432160422972,-1,0.07308432160422972
18.95,0,-0.07656688011445062,-1,0.07656688011445062
18.952,0,-0.08005069463029128,-1,0.08005069463029128
18.954,0,-0.0835356199444591,-1,0.0835356199444591
18.956,0,-0.08702151198898368,-1,0.08702151198898368
18.958,0,-0.09050822782843454,-1,0.09050822782843454
18.96,0,-0.09399562565317475,-1,0.09399562565317475
18.962,0,-0.09748356477265042,-1,0.09748356477265042
18.964,0,-0.1009719056087158,-1,0.1009719056087158
18.966,0,-0.104460509688994,-1,0.104460509688994
18.968,0,-0.1079492396402726,-1,0.1079492396402726
18.97,0,-0.1114379591819347,-1,0.1114379591819347
18.972,0,-0.1149265331194249,-1,0.1149265331194249
18.974,0,-0.11841482733775,-1,0.11841482733775
18.976,0,-0.1219027087950141,-1,0.1219027087950141
18.978,0,-0.1253900455159881,-1,0.1253900455159881
18.98,0,-0.1288767065857139,-1,0.1288767065857139
18.982,0,-0.1323625621431423,-1,0.1323625621431423
18.984,0,-0.1358474833748047,-1,0.1358474833748047
18.986,0,-0.1393313425085185,-1,0.1393313425085185
18.988,0,-0.1428140128071269,-1,0.1428140128071269
18.99,0,-0.1462953685622708,-1,0.1462953685622708
18.992,0,-0.1497752850881947,-1,0.1497752850881947
18.994,0,-0.1532536387155857,-1,0.1532536387155857
18.996,0,-0.156730306785445,-1,0.156730306785445
18.998,0,-0.1602051676429927,-1,0.1602051676429927
19,0,-0.1636781006316042,-1,0.1636781006316042
19.002,0,-0.1671489860867802,-1,0.1671489860867802
19.004,0,-0.170617705330148,-1,0.170617705330148
19.006,0,-0.1740841406634955,-1,0.1740841406634955
19.008,0,-0.1775481753628366,-1,0.1775481753628366
19.01,0,-0.1810096936725087,-1,0.1810096936725087
19.012,0,-0.1844685807993017,-1,0.1844685807993017
19.014,0,-0.1879247229066188,-1,0.1879247229066188
19.016,0,-0.1913780071086675,-1,0.1913780071086675
19.018,0,-0.1948283214646833,-1,0.1948283214646833
19.02,0,-0.1982755549731828,-1,0.1982755549731828
19.022,0,-0.2017195975662491,-1,0.2017195975662491
19.024,0,-0.2051603401038463,-1,0.2051603401038463
19.026,0,-0.2085976743681663,-1,0.2085976743681663
19.028,0,-0.2120314930580039,-1,0.2120314930580039
19.03,0,-0.2154616897831642,-1,0.2154616897831642
19.032,0,-0.2188881590588984,-1,0.2188881590588984
19.034,0,-0.2223107963003704,-1,0.2223107963003704
19.036,0,-0.2257294978171529,-1,0.2257294978171529
19.038,0,-0.2291441608077529,-1,0.2291441608077529
19.04,0,-0.232554683354167,-1,0.232554683354167
19.042,0,-0.2359609644164662,-1,0.2359609644164662
19.044,0,-0.2393629038274089,-1,0.2393629038274089
19.046,0,-0.2427604022870837,-1,0.2427604022870837
19.048,0,-0.2461533613575813,-1,0.2461533613575813
19.05,0,-0.2495416834576943,-1,0.2495416834576943
19.052,0,-0.252925271857646,-1,0.252925271857646
19.054,0,-0.256304030673848,-1,0.256304030673848
19.056,0,-0.2596778648636854,-1,0.2596778648636854
19.058,0,-0.2630466802203304,-1,0.2630466802203304
19.06,0,-0.2664103833675841,-1,0.2664103833675841
19.062,0,-0.2697688817547462,-1,0.2697688817547462
19.064,0,-0.2731220836515119,-1,0.2731220836515119
19.066,0,-0.2764698981428971,-1,0.2764698981428971
19.068,0,-0.2798122351241905,-1,0.2798122351241905
19.07,0,-0.2831490052959332,-1,0.2831490052959332
19.072,0,-0.2864801201589254,-1,0.2864801201589254
19.074,0,-0.2898054920092605,-1,0.2898054920092605
19.076,0,-0.2931250339333855,-1,0.2931250339333855
19.078,0,-0.2964386598031886,-1,0.2964386598031886
19.08,0,-0.2997462842711131,-1,0.2997462842711131
19.082,0,-0.3030478227652985,-1,0.3030478227652985
19.084,0,-0.3063431914847466,-1,0.3063431914847466
19.086,0,-0.3096323073945155,-1,0.3096323073945155
19.088,0,-0.3129150882209383,-1,0.3129150882209383
19.09,0,-0.3161914524468687,-1,0.3161914524468687
19.092,0,-0.3194613193069517,-1,0.3194613193069517
19.094,0,-0.3227246087829205,-1,0.3227246087829205
19.096,0,-0.3259812415989189,-1,0.3259812415989189
19.098,0,-0.3292311392168492,-1,0.3292311392168492
19.1,0,-0.3324742238317447,-1,0.3324742238317447
19.102,0,-0.3357104183671686,-1,0.3357104183671686
19.104,0,-0.338939646470637,-1,0.338939646470637
19.106,0,-0.342161832509067,-1,0.342161832509067
19.108,0,-0.3453769015642502,-1,0.3453769015642502
19.11,0,-0.34858477942835,-1,0.34858477942835
19.112,0,-0.3517853925994243,-1,0.3517853925994243
19.114,0,-0.3549786682769716,-1,0.3549786682769716
19.116,0,-0.3581645343575026,-1,0.3581645343575026
19.118,0,-0.3613429194301352,-1,0.3613429194301352
19.12,0,-0.3645137527722137,-1,0.3645137527722137
19.122,0,-0.3676769643449521,-1,0.3676769643449521
19.124,0,-0.3708324847891009,-1,0.3708324847891009
19.126,0,-0.3739802454206382,-1,0.3739802454206382
19.128,0,-0.3771201782264837,-1,0.3771201782264837
19.13,0,-0.3802522158602364,-1,0.3802522158602364
19.132,0,-0.3833762916379359,-1,0.3833762916379359
19.134,0,-0.3864923395338465,-1,0.3864923395338465
19.136,0,-0.3896002941762648,-1,0.3896002941762648
19.138,0,-0.3927000908433502,-1,0.3927000908433502
19.14,0,-0.3957916654589774,-1,0.3957916654589774
19.142,0,-0.3988749545886135,-1,0.3988749545886135
19.144,0,-0.4019498954352158,-1,0.4019498954352158
19.146,0,-0.4050164258351534,-1,0.4050164258351534
19.148,0,-0.4080744842541505,-1,0.4080744842541505
19.15,0,-0.4111240097832526,-1,0.4111240097832526
19.152,0,-0.4141649421348142,-1,0.4141649421348142
19.154,0,-0.417197221638509,-1,0.417197221638509
19.156,0,-0.4202207892373622,-1,0.4202207892373622
19.158,0,-0.4232355864838042,-1,0.4232355864838042
19.16,0,-0.4262415555357459,-1,0.4262415555357459
19.162,0,-0.4292386391526768,-1,0.4292386391526768
19.164,0,-0.4322267806917831,-1,0.4322267806917831
19.166,0,-0.4352059241040879,-1,0.4352059241040879
19.168,0,-0.438176013930613,-1,0.438176013930613
19.17,0,-0.4411369952985613,-1,0.4411369952985613
19.172,0,-0.4440888139175204,-1,0.4440888139175204
19.174,0,-0.4470314160756879,-1,0.4470314160756879
19.176,0,-0.449964748636116,-1,0.449964748636116
19.178,0,-0.4528887590329786,-1,0.4528887590329786
19.18,0,-0.455803395267858,-1,0.455803395267858
19.182,0,-0.4587086059060521,-1,0.4587086059060521
19.184,0,-0.461604340072903,-1,0.461604340072903
19.186,0,-0.4644905474501445,-1,0.4644905474501445
19.188,0,-0.4673671782722711,-1,0.4673671782722711
19.19,0,-0.4702341833229267,-1,0.4702341833229267
19.192,0,-0.4730915139313127,-1,0.4730915139313127
19.194,0,-0.4759391219686171,-1,0.4759391219686171
19.196,0,-0.4787769598444627,-1,0.4787769598444627
19.198,0,-0.4816049805033752,-1,0.4816049805033752
19.2,0,-0.484423137421271,-1,0.484423137421271
19.202,0,-0.4872313846019645,-1,0.4872313846019645
19.204,0,-0.4900296765736944,-1,0.4900296765736944
19.206,0,-0.4928179683856702,-1,0.4928179683856702
19.208,0,-0.4955962156046371,-1,0.4955962156046371
19.21,0,-0.4983643743114604,-1,0.4983643743114604
19.212,0,-0.5011224010977287,-1,0.5011224010977287
19.214,0,-0.5038702530623764,-1,0.5038702530623764
19.216,0,-0.506607887808325,-1,0.506607887808325
19.218,0,-0.5093352634391423,-1,0.5093352634391423
19.22,0,-0.5120523385557212,-1,0.5120523385557212
19.222,0,-0.514759072252977,-1,0.514759072252977
19.224,0,-0.5174554241165624,-1,0.5174554241165624
19.226,0,-0.5201413542196017,-1,0.5201413542196017
19.228,0,-0.5228168231194424,-1,0.5228168231194424
19.23,0,-0.525481791854426,-1,0.525481791854426
19.232,0,-0.5281362219406758,-1,0.5281362219406758
19.234,0,-0.5307800753689034,-1,0.5307800753689034
19.236,0,-0.533413314601233,-1,0.533413314601233
19.238,0,-0.536035902568043,-1,0.536035902568043
19.24,0,-0.538647802664826,-1,0.538647802664826
19.242,0,-0.541248978749066,-1,0.541248978749066
19.244,0,-0.5438393951371329,-1,0.5438393951371329
19.246,0,-0.546419016601195,-1,0.546419016601195
19.248,0,-0.5489878083661484,-1,0.5489878083661484
19.25,0,-0.5515457361065641,-1,0.5515457361065641
19.252,0,-0.5540927659436516,-1,0.5540927659436516
19.254,0,-0.5566288644422402,-1,0.5566288644422402
19.256,0,-0.5591539986077768,-1,0.5591539986077768
19.258,0,-0.5616681358833411,-1,0.5616681358833411
19.26,0,-0.564171244146677,-1,0.564171244146677
19.262,0,-0.5666632917072414,-1,0.5666632917072414
19.264,0,-0.5691442473032692,-1,0.5691442473032692
19.266,0,-0.5716140800988547,-1,0.5716140800988547
19.268,0,-0.5740727596810502,-1,0.5740727596810502
19.27,0,-0.57652025605698,-1,0.57652025605698
19.272,0,-0.5789565396509715,-1,0.5789565396509715
19.274,0,-0.5813815813017023,-1,0.5813815813017023
19.276,0,-0.5837953522593629,-1,0.5837953522593629
19.278,0,-0.5861978241828363,-1,0.5861978241828363
19.28,0,-0.5885889691368932,-1,0.5885889691368932
19.282,0,-0.5909687595894026,-1,0.5909687595894026
19.284,0,-0.5933371684085591,-1,0.5933371684085591
19.286,0,-0.5956941688601251,-1,0.5956941688601251
19.288,0,-0.598039734604689,-1,0.598039734604689
19.29,0,-0.6003738396949394,-1,0.6003738396949394
19.292,0,-0.6026964585729538,-1,0.6026964585729538
19.294,0,-0.6050075660675035,-1,0.6050075660675035
19.296,0,-0.6073071373913732,-1,0.6073071373913732
19.298,0,-0.6095951481386965,-1,0.6095951481386965
19.3,0,-0.6118715742823062,-1,0.6118715742823062
19.302,0,-0.6141363921710995,-1,0.6141363921710995
19.304,0,-0.6163895785274184,-1,0.6163895785274184
19.306,0,-0.6186311104444452,-1,0.6186311104444452
19.308,0,-0.6208609653836126,-1,0.6208609653836126
19.31,0,-0.6230791211720283,-1,0.6230791211720283
19.312,0,-0.6252855559999154,-1,0.6252855559999154
19.314,0,-0.6274802484180656,-1,0.6274802484180656
19.316,0,-0.6296631773353089,-1,0.6296631773353089
19.318,0,-0.6318343220159962,-1,0.6318343220159962
19.32,0,-0.6339936620774974,-1,0.6339936620774974
19.322,0,-0.6361411774877128,-1,0.6361411774877128
19.324,0,-0.6382768485625999,-1,0.6382768485625999
19.326,0,-0.6404006559637133,-1,0.6404006559637133
19.328,0,-0.6425125806957591,-1,0.6425125806957591
19.33,0,-0.6446126041041638,-1,0.6446126041041638
19.332,0,-0.646700707872656,-1,0.646700707872656
19.334,0,-0.6487768740208635,-1,0.6487768740208635
19.336,0,-0.6508410849019226,-1,0.6508410849019226
19.338,0,-0.6528933232001025,-1,0.6528933232001025
19.34,0,-0.6549335719284423,-1,0.6549335719284423
19.342,0,-0.6569618144264021,-1,0.6569618144264021
19.344,0,-0.6589780343575281,-1,0.6589780343575281
19.346,0,-0.6609822157071299,-1,0.6609822157071299
19.348,0,-0.662974342779972,-1,0.662974342779972
19.35,0,-0.664954400197979,-1,0.664954400197979
19.352,0,-0.6669223728979529,-1,0.6669223728979529
19.354,0,-0.6688782461293042,-1,0.6688782461293042
19.356,0,-0.6708220054517968,-1,0.6708220054517968
19.358,0,-0.6727536367333043,-1,0.6727536367333043
19.36,0,-0.6746731261475808,-1,0.6746731261475808
19.362,0,-0.6765804601720434,-1,0.6765804601720434
19.364,0,-0.6784756255855687,-1,0.6784756255855687
19.366,0,-0.680358609466301,-1,0.680358609466301
19.368,0,-0.6822293991894738,-1,0.6822293991894738
19.37,0,-0.6840879824252436,-1,0.6840879824252436
19.372,0,-0.6859343471365368,-1,0.6859343471365368
19.374,0,-0.6877684815769083,-1,0.6877684815769083
19.376,0,-0.6895903742884131,-1,0.6895903742884131
19.378,0,-0.69140001409949,-1,0.69140001409949
19.38,0,-0.6931973901228581,-1,0.6931973901228581
19.382,0,-0.6949824917534244,-1,0.6949824917534244
19.384,0,-0.6967553086662052,-1,0.6967553086662052
19.386,0,-0.6985158308142578,-1,0.6985158308142578
19.388,0,-0.700264048426626,-1,0.700264048426626
19.39,0,-0.7019999520062962,-1,0.7019999520062962
19.392,0,-0.7037235323281659,-1,0.7037235323281659
19.394,0,-0.7054347804370243,-1,0.7054347804370243
19.396,0,-0.7071336876455447,-1,0.7071336876455447
19.398,0,-0.7088202455322881,-1,0.7088202455322881
19.4,0,-0.7104944459397187,-1,0.7104944459397187
19.402,0,-0.7121562809722314,-1,0.7121562809722314
19.404,0,-0.7138057429941904,-1,0.7138057429941904
19.406,0,-0.7154428246279796,-1,0.7154428246279796
19.408,0,-0.7170675187520638,-1,0.7170675187520638
19.41,0,-0.7186798184990622,-1,0.7186798184990622
19.412,0,-0.7202797172538323,-1,0.7202797172538323
19.414,0,-0.7218672086515661,-1,0.7218672086515661
19.416,0,-0.7234422865758958,-1,0.7234422865758958
19.418,0,-0.725004945157013,-1,0.725004945157013
19.42,0,-0.7265551787697963,-1,0.7265551787697963
19.422,0,-0.7280929820319523,-1,0.7280929820319523
19.424,0,-0.729618349802166,-1,0.729618349802166
19.426,0,-0.7311312771782627,-1,0.7311312771782627
19.428,0,-0.7326317594953805,-1,0.7326317594953805
19.43,0,-0.7341197923241539,-1,0.7341197923241539
19.432,0,-0.7355953714689081,-1,0.7355953714689081
19.434,0,-0.7370584929658631,-1,0.7370584929658631
19.436,0,-0.7385091530813499,-1,0.7385091530813499
19.438,0,-0.7399473483100361,-1,0.7399473483100361
19.44,0,-0.7413730753731621,-1,0.7413730753731621
19.442,0,-0.7427863312167887,-1,0.7427863312167887
19.444,0,-0.7441871130100537,-1,0.7441871130100537
19.446,0,-0.7455754181434399,-1,0.7455754181434399
19.448,0,-0.7469512442270527,-1,0.7469512442270527
19.45,0,-0.7483145890889086,-1,0.7483145890889086
19.452,0,-0.749665450773233,-1,0.749665450773233
19.454,0,-0.7510038275387692,-1,0.7510038275387692
19.456,0,-0.752329717857096,-1,0.752329717857096
19.458,0,-0.7536431204109573,-1,0.7536431204109573
19.46,0,-0.7549440340925994,-1,0.7549440340925994
19.462,0,-0.75623245800212,-1,0.75623245800212
19.464,0,-0.7575083914458263,-1,0.7575083914458263
19.466,0,-0.7587718339346025,-1,0.7587718339346025
19.468,0,-0.7600227851822879,-1,0.7600227851822879
19.47,0,-0.7612612451040647,-1,0.7612612451040647
19.472,0,-0.7624872138148538,-1,0.7624872138148538
19.474,0,-0.763700691627723,-1,0.763700691627723
19.476,0,-0.7649016790523018,-1,0.7649016790523018
19.478,0,-0.7660901767932077,-1,0.7660901767932077
19.48,0,-0.7672661857484814,-1,0.7672661857484814
19.482,0,-0.7684297070080309,-1,0.7684297070080309
19.484,0,-0.7695807418520857,-1,0.7695807418520857
19.486,0,-0.7707192917496595,-1,0.7707192917496595
19.488,0,-0.7718453583570228,-1,0.7718453583570228
19.49,0,-0.7729589435161845,-1,0.7729589435161845
19.492,0,-0.7740600492533823,-1,0.7740600492533823
19.494,0,-0.7751486777775826,-1,0.7751486777775826
19.496,0,-0.7762248314789892,-1,0.7762248314789892
19.498,0,-0.7772885129275615,-1,0.7772885129275615
19.5,0,-0.7783397248715407,-1,0.7783397248715407
19.502,0,-0.7793784702359856,-1,0.7793784702359856
19.504,0,-0.7804047521213173,-1,0.7804047521213173
19.506,0,-0.7814185738018724,-1,0.7814185738018724
19.508,0,-0.7824199387244648,-1,0.7824199387244648
19.51,0,-0.7834088505069566,-1,0.7834088505069566
19.512,0,-0.7843853129368379,-1,0.7843853129368379
19.514,0,-0.7853493299698141,-1,0.7853493299698141
19.516,0,-0.7863009057284032,-1,0.7863009057284032
19.518,0,-0.7872400445005404,-1,0.7872400445005404
19.52,0,-0.7881667507381922,-1,0.7881667507381922
19.522,0,-0.789081029055978,-1,0.789081029055978
19.524,0,-0.7899828842298007,-1,0.7899828842298007
19.526,0,-0.7908723211954855,-1,0.7908723211954855
19.528,0,-0.7917493450474269,-1,0.7917493450474269
19.53,0,-0.7926139610372442,-1,0.7926139610372442
19.532,0,-0.7934661745724448,-1,0.7934661745724448
19.534,0,-0.7943059912150959,-1,0.7943059912150959
19.536,0,-0.7951334166805045,-1,0.7951334166805045
19.538,0,-0.7959484568359053,-1,0.7959484568359053
19.54,0,-0.7967511176991563,-1,0.7967511176991563
19.542,0,-0.797541405437443,-1,0.797541405437443
19.544,0,-0.7983193263659903,-1,0.7983193263659903
19.546,0,-0.7990848869467821,-1,0.7990848869467821
19.548,0,-0.7998380937872891,-1,0.7998380937872891
19.55,0,-0.8005789536392041,-1,0.8005789536392041
19.552,0,-0.8013074733971851,-1,0.8013074733971851
19.554,0,-0.8020236600976067,-1,0.8020236600976067
19.556,0,-0.8027275209173186,-1,0.8027275209173186
19.558,0,-0.8034190631724114,-1,0.8034190631724114
19.56,0,-0.8040982943169914,-1,0.8040982943169914
19.562,0,-0.8047652219419614,-1,0.8047652219419614
19.564,0,-0.8054198537738101,-1,0.8054198537738101
19.566,0,-0.8060621976734083,-1,0.8060621976734083
19.568,0,-0.806692261634813,-1,0.806692261634813
19.57,0,-0.8073100537840791,-1,0.8073100537840791
19.572,0,-0.8079155823780775,-1,0.8079155823780775
19.574,0,-0.8085088558033218,-1,0.8085088558033218
19.576,0,-0.809089882574801,-1,0.809089882574801
19.578,0,-0.8096586713348207,-1,0.8096586713348207
19.58,0,-0.8102152308518507,-1,0.8102152308518507
19.582,0,-0.8107595700193796,-1,0.8107595700193796
19.584,0,-0.8112916978547776,-1,0.8112916978547776
19.586,0,-0.811811623498165,-1,0.811811623498165
19.588,0,-0.8123193562112891,-1,0.8123193562112891
19.59,0,-0.8128149053764071,-1,0.8128149053764071
19.592,0,-0.8132982804951762,-1,0.8132982804951762
19.594,0,-0.813769491187551,-1,0.813769491187551
19.596,0,-0.814228547190688,-1,0.814228547190688
19.598,0,-0.8146754583578558,-1,0.8146754583578558
19.6,0,-0.8151102346573533,-1,0.8151102346573533
19.602,0,-0.8155328861714343,-1,0.8155328861714343
19.604,0,-0.8159434230952386,-1,0.8159434230952386
19.606,0,-0.8163418557357303,-1,0.8163418557357303
19.608,0,-0.8167281945106422,-1,0.8167281945106422
19.61,0,-0.8171024499474275,-1,0.8171024499474275
19.612,0,-0.8174646326822177,-1,0.8174646326822177
19.614,0,-0.817814753458787,-1,0.817814753458787
19.616,0,-0.8181528231275234,-1,0.8181528231275234
19.618,0,-0.8184788526444063,-1,0.8184788526444063
19.62,0,-0.8187928530699909,-1,0.8187928530699909
19.622,0,-0.819094835568398,-1,0.819094835568398
19.624,0,-0.8193848114063114,-1,0.8193848114063114
19.626,0,-0.8196627919519808,-1,0.8196627919519808
19.628,0,-0.8199287886742315,-1,0.8199287886742315
19.63,0,-0.8201828131414803,-1,0.8201828131414803
19.632,0,-0.8204248770207576,-1,0.8204248770207576
19.634,0,-0.8206549920767353,-1,0.8206549920767353
19.636,0,-0.820873170170762,-1,0.820873170170762
19.638,0,-0.821079423259903,-1,0.821079423259903
19.64,0,-0.8212737633959875,-1,0.8212737633959875
19.642,0,-0.821456202724661,-1,0.821456202724661
19.644,0,-0.821626753484445,-1,0.821626753484445
19.646,0,-0.8217854280058011,-1,0.8217854280058011
19.648,0,-0.8219322387102023,-1,0.8219322387102023
19.65,0,-0.8220671981092097,-1,0.8220671981092097
19.652,0,-0.8221903188035555,-1,0.8221903188035555
19.654,0,-0.8223016134822316,-1,0.8223016134822316
19.656,0,-0.822401094921584,-1,0.822401094921584
19.658,0,-0.8224887759844132,-1,0.8224887759844132
19.66,0,-0.8225646696190805,-1,0.8225646696190805
19.662,0,-0.8226287888586196,-1,0.8226287888586196
19.664,0,-0.8226811468198545,-1,0.8226811468198545
19.666,0,-0.8227217567025227,-1,0.8227217567025227
19.668,0,-0.8227506317884041,-1,0.8227506317884041
19.67,0,-0.8227677854404559,-1,0.8227677854404559
19.672,0,-0.8227732311019526,-1,0.8227732311019526
19.674,0,-0.8227669822956316,-1,0.8227669822956316
19.676,0,-0.8227490526228451,-1,0.8227490526228451
19.678,0,-0.8227194557627163,-1,0.8227194557627163
19.68,0,-0.8226782054713022,-1,0.8226782054713022
19.682,0,-0.8226253155807611,-1,0.8226253155807611
19.684,0,-0.8225607999985259,-1,0.8225607999985259
19.686,0,-0.8224846727064827,-1,0.8224846727064827
19.688,0,-0.8223969477601546,-1,0.8223969477601546
19.69,0,-0.822297639287891,-1,0.822297639287891
19.692,0,-0.8221867614900623,-1,0.8221867614900623
19.694,0,-0.8220643286382597,-1,0.8220643286382597
19.696,0,-0.8219303550745001,-1,0.8219303550745001
19.698,0,-0.8217848552104363,-1,0.8217848552104363
19.7,0,-0.8216278435265731,-1,0.8216278435265731
19.702,0,-0.8214593345714872,-1,0.8214593345714872
19.704,0,-0.8212793429610533,-1,0.8212793429610533
19.706,0,-0.8210878833776748,-1,0.8210878833776748
19.708,0,-0.8208849705695198,-1,0.8208849705695198
19.71,0,-0.8206706193497622,-1,0.8206706193497622
19.712,0,-0.8204448445958272,-1,0.8204448445958272
19.714,0,-0.820207661248643,-1,0.820207661248643
19.716,0,-0.8199590843118958,-1,0.8199590843118958
19.718,0,-0.8196991288512914,-1,0.8196991288512914
19.72,0,-0.8194278099938204,-1,0.8194278099938204
19.722,0,-0.8191451429270292,-1,0.8191451429270292
19.724,0,-0.8188511428982953,-1,0.8188511428982953
19.726,0,-0.8185458252141073,-1,0.8185458252141073
19.728,0,-0.8182292052393507,-1,0.8182292052393507
19.73,0,-0.8179012983965969,-1,0.8179012983965969
19.732,0,-0.8175621201653982,-1,0.8175621201653982
19.734,0,-0.8172116860815872,-1,0.8172116860815872
19.736,0,-0.8168500117365806,-1,0.8168500117365806
19.738,0,-0.8164771127766874,-1,0.8164771127766874
19.74,0,-0.8160930049024233,-1,0.8160930049024233
19.742,0,-0.8156977038678275,-1,0.8156977038678275
19.744,0,-0.8152912254797855,-1,0.8152912254797855
19.746,0,-0.8148735855973563,-1,0.8148735855973563
19.748,0,-0.8144448001311038,-1,0.8144448001311038
19.75,0,-0.8140048850424327,-1,0.8140048850424327
19.752,0,-0.8135538563429294,-1,0.8135538563429294
19.754,0,-0.8130917300937067,-1,0.8130917300937067
19.756,0,-0.8126185224047533,-1,0.8126185224047533
19.758,0,-0.8121342494342875,-1,0.8121342494342875
19.76,0,-0.8116389273881156,-1,0.8116389273881156
19.762,0,-0.8111325725189944,-1,0.8111325725189944
19.764,0,-0.8106152011259981,-1,0.8106152011259981
19.766,0,-0.8100868295538893,-1,0.8100868295538893
19.768,0,-0.8095474741924948,-1,0.8095474741924948
19.77,0,-0.8089971514760852,-1,0.8089971514760852
19.772,0,-0.8084358778827585,-1,0.8084358778827585
19.774,0,-0.807863669933829,-1,0.807863669933829
19.776,0,-0.807280544193219,-1,0.807280544193219
19.778,0,-0.806686517266856,-1,0.806686517266856
19.78,0,-0.8060816058020726,-1,0.8060816058020726
19.782,0,-0.8054658264870116,-1,0.8054658264870116
19.784,0,-0.8048391960500354,-1,0.8048391960500354
19.786,0,-0.8042017312591381,-1,0.8042017312591381
19.788,0,-0.8035534489213629,-1,0.8035534489213629
19.79,0,-0.8028943658822233,-1,0.8028943658822233
19.792,0,-0.8022244990251277,-1,0.8022244990251277
19.794,0,-0.8015438652708087,-1,0.8015438652708087
19.796,0,-0.8008524815767558,-1,0.8008524815767558
19.798,0,-0.8001503649366526,-1,0.8001503649366526
19.8,0,-0.7994375323798174,-1,0.7994375323798174
19.802,0,-0.7987140009706477,-1,0.7987140009706477
19.804,0,-0.7979797878080691,-1,0.7979797878080691
19.806,0,-0.7972349100249876,-1,0.7972349100249876
19.808,0,-0.7964793847877454,-1,0.7964793847877454
19.81,0,-0.7957132292955815,-1,0.7957132292955815
19.812,0,-0.7949364607800953,-1,0.7949364607800953
19.814,0,-0.7941490965047139,-1,0.7941490965047139
19.816,0,-0.7933511537641635,-1,0.7933511537641635
19.818,0,-0.7925426498839446,-1,0.7925426498839446
19.82,0,-0.7917236022198105,-1,0.7917236022198105
19.822,0,-0.7908940281572496,-1,0.7908940281572496
19.824,0,-0.7900539451109716,-1,0.7900539451109716
19.826,0,-0.789203370524397,-1,0.789203370524397
19.828,0,-0.7883423218691504,-1,0.7883423218691504
19.83,0,-0.7874708166445574,-1,0.7874708166445574
19.832,0,-0.7865888723771448,-1,0.7865888723771448
19.834,0,-0.7856965066201447,-1,0.7856965066201447
19.836,0,-0.784793736953002,-1,0.784793736953002
19.838,0,-0.7838805809808854,-1,0.7838805809808854
19.84,0,-0.7829570563342018,-1,0.7829570563342018
19.842,0,-0.7820231806681142,-1,0.7820231806681142
19.844,0,-0.7810789716620631,-1,0.7810789716620631
19.846,0,-0.7801244470192915,-1,0.7801244470192915
19.848,0,-0.779159624466373,-1,0.779159624466373
19.85,0,-0.7781845217527432,-1,0.7781845217527432
19.852,0,-0.7771991566502351,-1,0.7771991566502351
19.854,0,-0.7762035469526168,-1,0.7762035469526168
19.856,0,-0.775197710475134,-1,0.775197710475134
19.858,0,-0.7741816650540542,-1,0.7741816650540542
19.86,0,-0.7731554285462152,-1,0.7731554285462152
19.862,0,-0.7721190188285769,-1,0.7721190188285769
19.864,0,-0.7710724537977758,-1,0.7710724537977758
19.866,0,-0.7700157513696828,-1,0.7700157513696828
19.868,0,-0.7689489294789651,-1,0.7689489294789651
19.87,0,-0.7678720060786498,-1,0.7678720060786498
19.872,0,-0.7667849991396923,-1,0.7667849991396923
19.874,0,-0.7656879266505464,-1,0.7656879266505464
19.876,0,-0.7645808066167386,-1,0.7645808066167386
19.878,0,-0.7634636570604448,-1,0.7634636570604448
19.88,0,-0.762336496020071,-1,0.762336496020071
19.882,0,-0.7611993415498359,-1,0.7611993415498359
19.884,0,-0.7600522117193574,-1,0.7600522117193574
19.886,0,-0.7588951246132422,-1,0.7588951246132422
19.888,0,-0.7577280983306776,-1,0.7577280983306776
19.89,0,-0.7565511509850275,-1,0.7565511509850275
19.892,0,-0.7553643007034304,-1,0.7553643007034304
19.894,0,-0.754167565626401,-1,0.754167565626401
19.896,0,-0.7529609639074343,-1,0.7529609639074343
19.898,0,-0.751744513712613,-1,0.751744513712613
19.9,0,-0.7505182332202177,-1,0.7505182332202177
19.902,0,-0.74928214062034,-1,0.74928214062034
19.904,0,-0.7480362541144986,-1,0.7480362541144986
19.906,0,-0.7467805919152578,-1,0.7467805919152578
19.908,0,-0.74551517224585,-1,0.74551517224585
19.91,0,-0.7442400133397993,-1,0.7442400133397993
19.912,0,-0.7429551334405499,-1,0.7429551334405499
19.914,0,-0.7416605508010956,-1,0.7416605508010956
19.916,0,-0.7403562836836134,-1,0.7403562836836134
19.918,0,-0.7390423503590986,-1,0.7390423503590986
19.92,0,-0.7377187691070042,-1,0.7377187691070042
19.922,0,-0.7363855582148814,-1,0.7363855582148814
19.924,0,-0.7350427359780242,-1,0.7350427359780242
19.926,0,-0.7336903206991159,-1,0.7336903206991159
19.928,0,-0.7323283306878787,-1,0.7323283306878787
19.93,0,-0.7309567842607257,-1,0.7309567842607257
19.932,0,-0.7295756997404158,-1,0.7295756997404158
19.934,0,-0.7281850954557109,-1,0.7281850954557109
19.936,0,-0.7267849897410361,-1,0.7267849897410361
19.938,0,-0.7253754009361427,-1,0.7253754009361427
19.94,0,-0.7239563473857732,-1,0.7239563473857732
19.942,0,-0.722527847439329,-1,0.722527847439329
19.944,0,-0.7210899194505412,-1,0.7210899194505412
19.946,0,-0.7196425817771437,-1,0.7196425817771437
19.948,0,-0.7181858527805481,-1,0.7181858527805481
19.95,0,-0.7167197508255228,-1,0.7167197508255228
19.952,0,-0.7152442942798725,-1,0.7152442942798725
19.954,0,-0.713759501514122,-1,0.713759501514122
19.956,0,-0.7122653909012019,-1,0.7122653909012019
19.958,0,-0.7107619808161358,-1,0.7107619808161358
19.96,0,-0.7092492896357319,-1,0.7092492896357319
19.962,0,-0.7077273357382747,-1,0.7077273357382747
19.964,0,-0.7061961375032215,-1,0.7061961375032215
19.966,0,-0.7046557133108995,-1,0.7046557133108995
19.968,0,-0.703106081542206,-1,0.703106081542206
19.97,0,-0.7015472605783112,-1,0.7015472605783112
19.972,0,-0.699979268800363,-1,0.699979268800363
19.974,0,-0.698402124589194,-1,0.698402124589194
19.976,0,-0.6968158463250316,-1,0.6968158463250316
19.978,0,-0.6952204523872093,-1,0.6952204523872093
19.98,0,-0.6936159611538815,-1,0.6936159611538815
19.982,0,-0.6920023910017394,-1,0.6920023910017394
19.984,0,-0.6903797603057307,-1,0.6903797603057307
19.986,0,-0.6887480874387797,-1,0.6887480874387797
19.988,0,-0.6871073907715112,-1,0.6871073907715112
19.99,0,-0.6854576886719759,-1,0.6854576886719759
19.992,0,-0.6837989995053783,-1,0.6837989995053783
19.994,0,-0.6821313416338064,-1,0.6821313416338064
19.996,0,-0.6804547334159644,-1,0.6804547334159644
19.998,0,-0.6787691932069068,-1,0.6787691932069068
20,0,-0.6770747393577748,-1,0.6770747393577748
20.002,0,-0.6753713902155356,-1,0.6753713902155356
20.004,0,-0.6736591641227225,-1,0.6736591641227225
20.006,0,-0.6719380794171786,-1,0.6719380794171786
20.008,0,-0.6702081544318017,-1,0.6702081544318017
20.01,0,-0.6684694074942913,-1,0.6684694074942913
20.012,0,-0.6667218569268984,-1,0.6667218569268984
20.014,0,-0.6649655210461767,-1,0.6649655210461767
20.016,0,-0.6632004181627358,-1,0.6632004181627358
20.018,0,-0.6614265665809974,-1,0.6614265665809974
20.02,0,-0.6596439845989526,-1,0.6596439845989526
20.022,0,-0.6578526905079212,-1,0.6578526905079212
20.024,0,-0.6560527025923139,-1,0.6560527025923139
20.026,0,-0.6542440391293957,-1,0.6542440391293957
20.028,0,-0.6524267183890515,-1,0.6524267183890515
20.03,0,-0.6506007586335542,-1,0.6506007586335542
20.032,0,-0.6487661781173335,-1,0.6487661781173335
20.034,0,-0.6469229950867483,-1,0.6469229950867483
20.036,0,-0.6450712277798599,-1,0.6450712277798599
20.038,0,-0.6432108944262074,-1,0.6432108944262074
20.04,0,-0.6413420132465851,-1,0.6413420132465851
20.042,0,-0.6394646024528221,-1,0.6394646024528221
20.044,0,-0.6375786802475631,-1,0.6375786802475631
20.046,0,-0.6356842648240518,-1,0.6356842648240518
20.048,0,-0.6337813743659158,-1,0.6337813743659158
20.05,0,-0.6318700270469533,-1,0.6318700270469533
20.052,0,-0.629950241030922,-1,0.629950241030922
20.054,0,-0.6280220344713296,-1,0.6280220344713296
20.056,0,-0.6260854255112263,-1,0.6260854255112263
20.058,0,-0.6241404322829983,-1,0.6241404322829983
20.06,0,-0.622187072908165,-1,0.622187072908165
20.062,0,-0.6202253654971757,-1,0.6202253654971757
20.064,0,-0.6182553281492098,-1,0.6182553281492098
20.066,0,-0.6162769789519781,-1,0.6162769789519781
20.068,0,-0.6142903359815256,-1,0.6142903359815256
20.07,0,-0.612295417302037,-1,0.612295417302037
20.072,0,-0.6102922409656425,-1,0.6102922409656425
20.074,0,-0.6082808250122271,-1,0.6082808250122271
20.076,0,-0.6062611874692401,-1,0.6062611874692401
20.078,0,-0.6042333463515067,-1,0.6042333463515067
20.08,0,-0.6021973196610424,-1,0.6021973196610424
20.082,0,-0.600153125386867,-1,0.600153125386867
20.084,0,-0.5981007815048227,-1,0.5981007815048227
20.086,0,-0.5960403059773915,-1,0.5960403059773915
20.088,0,-0.5939717167535162,-1,0.5939717167535162
20.09,0,-0.591895031768422,-1,0.591895031768422
20.092,0,-0.5898102689434397,-1,0.5898102689434397
20.094,0,-0.5877174461858313,-1,0.5877174461858313
20.096,0,-0.5856165813886166,-1,0.5856165813886166
20.098,0,-0.5835076924304011,-1,0.5835076924304011
20.1,0,-0.5813907971752066,-1,0.5813907971752066
20.102,0,-0.5792659134723021,-1,0.5792659134723021
20.104,0,-0.5771330591560374,-1,0.5771330591560374
20.106,0,-0.5749922520456776,-1,0.5749922520456776
20.108,0,-0.5728435099452391,-1,0.5728435099452391
20.11,0,-0.5706868506433277,-1,0.5706868506433277
20.112,0,-0.5685222919129777,-1,0.5685222919129777
20.114,0,-0.5663498515114929,-1,0.5663498515114929
20.116,0,-0.5641695471802888,-1,0.5641695471802888
20.118,0,-0.5619813966447367,-1,0.5619813966447367
20.12,0,-0.5597854176140087,-1,0.5597854176140087
20.122,0,-0.5575816277809249,-1,0.5575816277809249
20.124,0,-0.5553700448218016,-1,0.5553700448218016
20.126,0,-0.5531506863963012,-1,0.5531506863963012
20.128,0,-0.5509235701472831,-1,0.5509235701472831
20.13,0,-0.5486887137006571,-1,0.5486887137006571
20.132,0,-0.5464461346652369,-1,0.5464461346652369
20.134,0,-0.5441958506325963,-1,0.5441958506325963
20.136,0,-0.5419378791769257,-1,0.5419378791769257
20.138,0,-0.5396722378548908,-1,0.5396722378548908
20.14,0,-0.5373989442054925,-1,0.5373989442054925
20.142,0,-0.535118015749928,-1,0.535118015749928
20.144,0,-0.5328294699914535,-1,0.5328294699914535
20.146,0,-0.5305333244152484,-1,0.5305333244152484
20.148,0,-0.5282295964882803,-1,0.5282295964882803
20.15,0,-0.5259183036591721,-1,0.5259183036591721
20.152,0,-0.5235994633580702,-1,0.5235994633580702
20.154,0,-0.5212730929965133,-1,0.5212730929965133
20.156,0,-0.5189392099673039,-1,0.5189392099673039
20.158,0,-0.5165978316443803,-1,0.5165978316443803
20.16,0,-0.5142489753826898,-1,0.5142489753826898
20.162,0,-0.5118926585180633,-1,0.5118926585180633
20.164,0,-0.5095288983670919,-1,0.5095288983670919
20.166,0,-0.5071577122270039,-1,0.5071577122270039
20.168,0,-0.5047791173755433,-1,0.5047791173755433
20.17,0,-0.50239313107085,-1,0.50239313107085
20.172,0,-0.4999997705513411,-1,0.4999997705513411
20.174,0,-0.4975990530355928,-1,0.4975990530355928
20.176,0,-0.4951909957222245,-1,0.4951909957222245
20.178,0,-0.4927756157897837,-1,0.4927756157897837
20.18,0,-0.4903529303966321,-1,0.4903529303966321
20.182,0,-0.4879229566808329,-1,0.4879229566808329
20.184,0,-0.4854857117600397,-1,0.4854857117600397
20.186,0,-0.4830412127313862,-1,0.4830412127313862
20.188,0,-0.4805894766713771,-1,0.4805894766713771
20.19,0,-0.4781305206357805,-1,0.4781305206357805
20.192,0,-0.4756643616595214,-1,0.4756643616595214
20.194,0,-0.473191016756576,-1,0.473191016756576
20.196,0,-0.470710502919868,-1,0.470710502919868
20.198,0,-0.468222837121165,-1,0.468222837121165
20.2,0,-0.4657280363109769,-1,0.4657280363109769
20.202,0,-0.4632261174184549,-1,0.4632261174184549
20.204,0,-0.4607170973512926,-1,0.4607170973512926
20.206,0,-0.4582009929956265,-1,0.4582009929956265
20.208,0,-0.4556778212159395,-1,0.4556778212159395
20.21,0,-0.4531475988549644,-1,0.4531475988549644
20.212,0,-0.4506103427335886,-1,0.4506103427335886
20.214,0,-0.4480660696507605,-1,0.4480660696507605
20.216,0,-0.4455147963833962,-1,0.4455147963833962
20.218,0,-0.4429565396862881,-1,0.4429565396862881
20.22,0,-0.4403913162920137,-1,0.4403913162920137
20.222,0,-0.4378191429108464,-1,0.4378191429108464
20.224,0,-0.4352400362306668,-1,0.4352400362306668
20.226,0,-0.4326540129168749,-1,0.4326540129168749
20.228,0,-0.4300610896123041,-1,0.4300610896123041
20.23,0,-0.4274612829371355,-1,0.4274612829371355
20.232,0,-0.4248546094888137,-1,0.4248546094888137
20.234,0,-0.422241085841963,-1,0.422241085841963
20.236,0,-0.419620728548306,-1,0.419620728548306
20.238,0,-0.4169935541365813,-1,0.4169935541365813
20.24,0,-0.414359579112464,-1,0.414359579112464
20.242,0,-0.4117188199584861,-1,0.4117188199584861
20.244,0,-0.4090712931339582,-1,0.4090712931339582
20.246,0,-0.4064170150748924,-1,0.4064170150748924
20.248,0,-0.4037560021939258,-1,0.4037560021939258
20.25,0,-0.4010882708802456,-1,0.4010882708802456
20.252,0,-0.3984138374995143,-1,0.3984138374995143
20.254,0,-0.3957327183937966,-1,0.3957327183937966
20.256,0,-0.3930449298814869,-1,0.3930449298814869
20.258,0,-0.390350488257238,-1,0.390350488257238
20.26,0,-0.3876494097918904,-1,0.3876494097918904
20.262,0,-0.384941710732403,-1,0.384941710732403
20.264,0,-0.382227407301784,-1,0.382227407301784
20.266,0,-0.3795065156990239,-1,0.3795065156990239
20.268,0,-0.3767790520990283,-1,0.3767790520990283
20.27,0,-0.3740450326525518,-1,0.3740450326525518
20.272,0,-0.3713044734861337,-1,0.3713044734861337
20.274,0,-0.3685573907020334,-1,0.3685573907020334
20.276,0,-0.3658038003781676,-1,0.3658038003781676
20.278,0,-0.3630437185680478,-1,0.3630437185680478
20.28,0,-0.3602771613007193,-1,0.3602771613007193
20.282,0,-0.3575041445807001,-1,0.3575041445807001
20.284,0,-0.3547246843879218,-1,0.3547246843879218
20.286,0,-0.3519387966776707,-1,0.3519387966776707
20.288,0,-0.3491464973805299,-1,0.3491464973805299
20.29,0,-0.3463478024023223,-1,0.3463478024023223
20.292,0,-0.3435427276240542,-1,0.3435427276240542
20.294,0,-0.3407312889018604,-1,0.3407312889018604
20.296,0,-0.3379135020669491,-1,0.3379135020669491
20.298,0,-0.335089382925549,-1,0.335089382925549
20.3,0,-0.3322589472588555,-1,0.3322589472588555
20.302,0,-0.3294222108229796,-1,0.3294222108229796
20.304,0,-0.3265791893488959,-1,0.3265791893488959
20.306,0,-0.3237298985423929,-1,0.3237298985423929
20.308,0,-0.3208743540840229,-1,0.3208743540840229
20.31,0,-0.3180125716290532,-1,0.3180125716290532
20.312,0,-0.3151445668074186,-1,0.3151445668074186
20.314,0,-0.3122703552236735,-1,0.3122703552236735
20.316,0,-0.3093899524569458,-1,0.3093899524569458
20.318,0,-0.3065033740608913,-1,0.3065033740608913
20.32,0,-0.3036106355636489,-1,0.3036106355636489
20.322,0,-0.3007117524677957,-1,0.3007117524677957
20.324,0,-0.2978067402503047,-1,0.2978067402503047
20.326,0,-0.2948956143625014,-1,0.2948956143625014
20.328,0,-0.2919783902300223,-1,0.2919783902300223
20.33,0,-0.2890550832527735,-1,0.2890550832527735
20.332,0,-0.2861257088048907,-1,0.2861257088048907
20.334,0,-0.283190282234699,-1,0.283190282234699
20.336,0,-0.2802488188646745,-1,0.2802488188646745
20.338,0,-0.2773013339914058,-1,0.2773013339914058
20.34,0,-0.2743478428855564,-1,0.2743478428855564
20.342,0,-0.2713883607918283,-1,0.2713883607918283
20.344,0,-0.2684229029289256,-1,0.2684229029289256
20.346,0,-0.2654514844895191,-1,0.2654514844895191
20.348,0,-0.2624741206402117,-1,0.2624741206402117
20.35,0,-0.2594908265215049,-1,0.2594908265215049
20.352,0,-0.2565016172477646,-1,0.2565016172477646
20.354,0,-0.253506507907189,-1,0.253506507907189
20.356,0,-0.2505055135617769,-1,0.2505055135617769
20.358,0,-0.2474986492472956,-1,0.2474986492472956
20.36,0,-0.2444859299732514,-1,0.2444859299732514
20.362,0,-0.2414673707228587,-1,0.2414673707228587
20.364,0,-0.2384429864530112,-1,0.2384429864530112
20.366,0,-0.2354127920942532,-1,0.2354127920942532
20.368,0,-0.2323768025507516,-1,0.2323768025507516
20.37,0,-0.2293350327002686,-1,0.2293350327002686
20.372,0,-0.2262874973941349,-1,0.2262874973941349
20.374,0,-0.2232342114572236,-1,0.2232342114572236
20.376,0,-0.220175189687925,-1,0.220175189687925
20.378,0,-0.2171104468581217,-1,0.2171104468581217
20.38,0,-0.2140399977131641,-1,0.2140399977131641
20.382,0,-0.2109638569718473,-1,0.2109638569718473
20.384,0,-0.2078820393263879,-1,0.2078820393263879
20.386,0,-0.2047945594424016,-1,0.2047945594424016
20.388,0,-0.2017014319588815,-1,0.2017014319588815
20.39,0,-0.1986026714881769,-1,0.1986026714881769
20.392,0,-0.1954982926159728,-1,0.1954982926159728
20.394,0,-0.1923883099012701,-1,0.1923883099012701
20.396,0,-0.1892727378763658,-1,0.1892727378763658
20.398,0,-0.1861515910468344,-1,0.1861515910468344
20.4,0,-0.1830248838915098,-1,0.1830248838915098
20.402,0,-0.1798926308624673,-1,0.1798926308624673
20.404,0,-0.1767548463850068,-1,0.1767548463850068
20.406,0,-0.1736115448576364,-1,0.1736115448576364
20.408,0,-0.1704627406520557,-1,0.1704627406520557
20.41,0,-0.1673084481131414,-1,0.1673084481131414
20.412,0,-0.1641486815589314,-1,0.1641486815589314
20.414,0,-0.1609834552806115,-1,0.1609834552806115
20.416,0,-0.1578127835425006,-1,0.1578127835425006
20.418,0,-0.1546366805820384,-1,0.1546366805820384
20.42,0,-0.1514551606097717,-1,0.1514551606097717
20.422,0,-0.1482682378093434,-1,0.1482682378093434
20.424,0,-0.1450759263374796,-1,0.1450759263374796
20.426,0,-0.1418782403239795,-1,0.1418782403239795
20.428,0,-0.1386751938717042,-1,0.1386751938717042
20.43,0,-0.1354668010565666,-1,0.1354668010565666
20.432,0,-0.1322530759275223,-1,0.1322530759275223
20.434,0,-0.1290340325065599,-1,0.1290340325065599
20.436,0,-0.1258096847886927,-1,0.1258096847886927
20.438,0,-0.1225800467419508,-1,0.1225800467419508
20.44,0,-0.1193451323073732,-1,0.1193451323073732
20.442,0,-0.1161049553990008,-1,0.1161049553990008
20.444,0,-0.1128595299038699,-1,0.1128595299038699
20.446,0,-0.1096088696820057,-1,0.1096088696820057
20.448,0,-0.1063529885664173,-1,0.1063529885664173
20.45,0,-0.1030919003630919,-1,0.1030919003630919
20.452,0,-0.09982561885099042,-1,0.09982561885099042
20.454,0,-0.09655415778204321,-1,0.09655415778204321
20.456,0,-0.09327753088114622,-1,0.09327753088114622
20.458,0,-0.08999575184615774,-1,0.08999575184615774
20.46,0,-0.08670883434789553,-1,0.08670883434789553
20.462,0,-0.08341679203013443,-1,0.08341679203013443
20.464,0,-0.08011963850960441,-1,0.08011963850960441
20.466,0,-0.07681738737598906,-1,0.07681738737598906
20.468,0,-0.07351005219192455,-1,0.07351005219192455
20.47,0,-0.07019764649299899,-1,0.07019764649299899
20.472,0,-0.06688018378775223,-1,0.06688018378775223
20.474,0,-0.06355767755767618,-1,0.06355767755767618
20.476,0,-0.06023014125721537,-1,0.06023014125721537
20.478,0,-0.05689758831376818,-1,0.05689758831376818
20.48,0,-0.05356003212768828,-1,0.05356003212768828
20.482,0,-0.05021748607228661,-1,0.05021748607228661
20.484,0,-0.04686996349383372,-1,0.04686996349383372
20.486,0,-0.04351747771156256,-1,0.04351747771156256
20.488,0,-0.04016004201767167,-1,0.04016004201767167
20.49,0,-0.03679766967732871,-1,0.03679766967732871
20.492,0,-0.03343037392867453,-1,0.03343037392867453
20.494,0,-0.03005816798282749,-1,0.03005816798282749
20.496,0,-0.02668106502388827,-1,0.02668106502388827
20.498,0,-0.02329907820894506,-1,0.02329907820894506
20.5,0,-0.01991222066807908,-1,0.01991222066807908
20.502,0,-0.01652050550437059,-1,0.01652050550437059
20.504,0,-0.01312394579390517,-1,0.01312394579390517
20.506,0,-0.009722554585780471,-1,0.009722554585780471
20.508,0,-0.006316344902113276,-1,0.006316344902113276
20.51,0,-0.002905329738046988,-1,0.002905329738046988
20.512,0,0.0005104779382405548,1,-0.0005104779382405548
20.514,0,0.003931025274364421,1,-0.003931025274364421
20.516,0,0.007356153557888575,1,-0.007356153557888575
20.518,0,0.01078569202333368,1,-0.01078569202333368
20.52,0,0.01421947119561296,1,-0.01421947119561296
20.522,0,0.01765732288245104,1,-0.01765732288245104
20.524,0,0.02109908016684271,1,-0.02109908016684271
20.526,0,0.02454457739955149,1,-0.02454457739955149
20.528,0,0.02799365019164775,1,-0.02799365019164775
20.53,0,0.0314461354070862,1,-0.0314461354070862
20.532,0,0.03490187115532256,1,-0.03490187115532256
20.534,0,0.03836069678396924,1,-0.03836069678396924
20.536,0,0.04182245287148974,1,-0.04182245287148974
20.538,0,0.04528698121993173,1,-0.04528698121993173
20.54,0,0.04875412484769845,1,-0.04875412484769845
20.542,0,0.0522237279823584,1,-0.0522237279823584
20.544,0,0.05569563605349302,1,-0.05569563605349302
20.546,0,0.05916969568558218,1,-0.05916969568558218
20.548,0,0.06264575469092738,1,-0.06264575469092738
20.55,0,0.06612366206261236,1,-0.06612366206261236
20.552,0,0.06960326796750095,1,-0.06960326796750095
20.554,0,0.07308442373927211,1,-0.07308442373927211
20.556,0,0.07656698187149182,1,-0.07656698187149182
20.558,0,0.08005079601072161,1,-0.08005079601072161
20.56,0,0.08353572094966381,1,-0.08353572094966381
20.562,0,0.08702161262034297,1,-0.08702161262034297
20.564,0,0.09050832808732356,1,-0.09050832808732356
20.566,0,0.09399572554096364,1,-0.09399572554096364
20.568,0,0.09748366429070431,1,-0.09748366429070431
20.57,0,0.1009720047583949,1,-0.1009720047583949
20.572,0,0.1044606084716534,1,-0.1044606084716534
20.574,0,0.1079493380572625,1,-0.1079493380572625
20.576,0,0.1114380572346004,1,-0.1114380572346004
20.578,0,0.1149266308091069,1,-0.1149266308091069
20.58,0,0.1184149246657837,1,-0.1184149246657837
20.582,0,0.1219028057627301,1,-0.1219028057627301
20.584,0,0.1253901421247122,1,-0.1253901421247122
20.586,0,0.128876802836767,1,-0.128876802836767
20.588,0,0.1323626580378405,1,-0.1323626580378405
20.59,0,0.1358475789144592,1,-0.1358475789144592
20.592,0,0.1393314376944359,1,-0.1393314376944359
20.594,0,0.1428141076406088,1,-0.1428141076406088
20.596,0,0.1462954630446142,1,-0.1462954630446142
20.598,0,0.1497753792206918,1,-0.1497753792206918
20.6,0,0.153253732499524,1,-0.153253732499524
20.602,0,0.1567304002221073,1,-0.1567304002221073
20.604,0,0.160205260733657,1,-0.160205260733657
20.606,0,0.1636781933775441,1,-0.1636781933775441
20.608,0,0.1671490784892644,1,-0.1671490784892644
20.61,0,0.1706177973904407,1,-0.1706177973904407
20.612,0,0.1740842323828561,1,-0.1740842323828561
20.614,0,0.1775482667425201,1,-0.1775482667425201
20.616,0,0.1810097847137654,1,-0.1810097847137654
20.618,0,0.1844686715033775,1,-0.1844686715033775
20.62,0,0.1879248132747548,1,-0.1879248132747548
20.622,0,0.1913780971421004,1,-0.1913780971421004
20.624,0,0.1948284111646452,1,-0.1948284111646452
20.626,0,0.1982756443409015,1,-0.1982756443409015
20.628,0,0.2017196866029476,1,-0.2017196866029476
20.63,0,0.2051604288107435,1,-0.2051604288107435
20.632,0,0.2085977627464762,1,-0.2085977627464762
20.634,0,0.2120315811089364,1,-0.2120315811089364
20.636,0,0.2154617775079247,1,-0.2154617775079247
20.638,0,0.2188882464586879,1,-0.2188882464586879
20.64,0,0.2223108833763854,1,-0.2223108833763854
20.642,0,0.2257295845705856,1,-0.2257295845705856
20.644,0,0.2291442472397912,1,-0.2291442472397912
20.646,0,0.2325547694659944,1,-0.2325547694659944
20.648,0,0.2359610502092619,1,-0.2359610502092619
20.65,0,0.2393629893023476,1,-0.2393629893023476
20.652,0,0.2427604874453362,1,-0.2427604874453362
20.654,0,0.2461534462003138,1,-0.2461534462003138
20.656,0,0.2495417679860688,1,-0.2495417679860688
20.658,0,0.2529253560728203,1,-0.2529253560728203
20.66,0,0.2563041145769757,1,-0.2563041145769757
20.662,0,0.2596779484559157,1,-0.2596779484559157
20.664,0,0.2630467635028084,1,-0.2630467635028084
20.666,0,0.2664104663414508,1,-0.2664104663414508
20.668,0,0.2697689644211383,1,-0.2697689644211383
20.67,0,0.2731221660115621,1,-0.2731221660115621
20.672,0,0.2764699801977339,1,-0.2764699801977339
20.674,0,0.2798123168749381,1,-0.2798123168749381
20.676,0,0.2831490867437119,1,-0.2831490867437119
20.678,0,0.2864802013048512,1,-0.2864802013048512
20.68,0,0.2898055728544456,1,-0.2898055728544456
20.682,0,0.2931251144789377,1,-0.2931251144789377
20.684,0,0.2964387400502119,1,-0.2964387400502119
20.686,0,0.2997463642207074,1,-0.2997463642207074
20.688,0,0.3030479024185596,1,-0.3030479024185596
20.69,0,0.3063432708427664,1,-0.3063432708427664
20.692,0,0.3096323864583818,1,-0.3096323864583818
20.694,0,0.3129151669917349,1,-0.3129151669917349
20.696,0,0.3161915309256756,1,-0.3161915309256756
20.698,0,0.3194613974948448,1,-0.3194613974948448
20.7,0,0.3227246866809718,1,-0.3227246866809718
20.702,0,0.3259813192081966,1,-0.3259813192081966
20.704,0,0.3292312165384174,1,-0.3292312165384174
20.706,0,0.3324743008666637,1,-0.3324743008666637
20.708,0,0.3357104951164948,1,-0.3357104951164948
20.71,0,0.3389397229354228,1,-0.3389397229354228
20.712,0,0.3421619086903612,1,-0.3421619086903612
20.714,0,0.3453769774630977,1,-0.3453769774630977
20.716,0,0.3485848550457918,1,-0.3485848550457918
20.718,0,0.3517854679364976,1,-0.3517854679364976
20.72,0,0.3549787433347098,1,-0.3549787433347098
20.722,0,0.3581646091369354,1,-0.3581646091369354
20.724,0,0.3613429939322884,1,-0.3613429939322884
20.726,0,0.3645138269981095,1,-0.3645138269981095
20.728,0,0.3676770382956088,1,-0.3676770382956088
20.73,0,0.3708325584655331,1,-0.3708325584655331
20.732,0,0.373980318823857,1,-0.373980318823857
20.734,0,0.3771202513574961,1,-0.3771202513574961
20.736,0,0.380252288720046,1,-0.380252288720046
20.738,0,0.3833763642275426,1,-0.3833763642275426
20.74,0,0.3864924118542465,1,-0.3864924118542465
20.742,0,0.3896003662284507,1,-0.3896003662284507
20.744,0,0.3927001626283108,1,-0.3927001626283108
20.746,0,0.3957917369776981,1,-0.3957917369776981
20.748,0,0.3988750258420759,1,-0.3988750258420759
20.75,0,0.4019499664243981,1,-0.4019499664243981
20.752,0,0.40501649656103,1,-0.40501649656103
20.754,0,0.4080745547176924,1,-0.4080745547176924
20.756,0,0.4111240799854272,1,-0.4111240799854272
20.758,0,0.4141650120765853,1,-0.4141650120765853
20.76,0,0.417197291320837,1,-0.417197291320837
20.762,0,0.4202208586612038,1,-0.4202208586612038
20.764,0,0.4232356556501127,1,-0.4232356556501127
20.766,0,0.4262416244454712,1,-0.4262416244454712
20.768,0,0.4292387078067652,1,-0.4292387078067652
20.77,0,0.4322268490911774,1,-0.4322268490911774
20.772,0,0.4352059922497275,1,-0.4352059922497275
20.774,0,0.4381760818234339,1,-0.4381760818234339
20.776,0,0.4411370629394959,1,-0.4411370629394959
20.778,0,0.444088881307498,1,-0.444088881307498
20.78,0,0.447031483215634,1,-0.447031483215634
20.782,0,0.4499648155269531,1,-0.4499648155269531
20.784,0,0.4528888256756256,1,-0.4528888256756256
20.786,0,0.4558034616632304,1,-0.4558034616632304
20.788,0,0.4587086720550622,1,-0.4587086720550622
20.79,0,0.4616044059764596,1,-0.4616044059764596
20.792,0,0.4644906131091532,1,-0.4644906131091532
20.794,0,0.4673672436876342,1,-0.4673672436876342
20.796,0,0.470234248495543,1,-0.470234248495543
20.798,0,0.4730915788620779,1,-0.4730915788620779
20.8,0,0.4759391866584234,1,-0.4759391866584234
20.802,0,0.4787770242941993,1,-0.4787770242941993
20.804,0,0.481605044713928,1,-0.481605044713928
20.806,0,0.4844232013935225,1,-0.4844232013935225
20.808,0,0.4872314483367939,1,-0.4872314483367939
20.81,0,0.4900297400719779,1,-0.4900297400719779
20.812,0,0.4928180316482808,1,-0.4928180316482808
20.814,0,0.4955962786324443,1,-0.4955962786324443
20.816,0,0.4983644371053308,1,-0.4983644371053308
20.818,0,0.5011224636585256,1,-0.5011224636585256
20.82,0,0.5038703153909602,1,-0.5038703153909602
20.822,0,0.5066079499055525,1,-0.5066079499055525
20.824,0,0.5093353253058673,1,-0.5093353253058673
20.826,0,0.5120524001927946,1,-0.5120524001927946
20.828,0,0.5147591336612464,1,-0.5147591336612464
20.83,0,0.5174554852968724,1,-0.5174554852968724
20.832,0,0.5201414151727936,1,-0.5201414151727936
20.834,0,0.5228168838463545,1,-0.5228168838463545
20.836,0,0.5254818523558936,1,-0.5254818523558936
20.838,0,0.5281362822175311,1,-0.5281362822175311
20.84,0,0.5307801354219756,1,-0.5307801354219756
20.842,0,0.5334133744313482,1,-0.5334133744313482
20.844,0,0.5360359621760243,1,-0.5360359621760243
20.846,0,0.5386478620514935,1,-0.5386478620514935
20.848,0,0.5412490379152366,1,-0.5412490379152366
20.85,0,0.5438394540836207,1,-0.5438394540836207
20.852,0,0.5464190753288111,1,-0.5464190753288111
20.854,0,0.5489878668757009,1,-0.5489878668757009
20.856,0,0.5515457943988581,1,-0.5515457943988581
20.858,0,0.5540928240194893,1,-0.5540928240194893
20.86,0,0.5566289223024209,1,-0.5566289223024209
20.862,0,0.5591540562530968,1,-0.5591540562530968
20.864,0,0.5616681933145936,1,-0.5616681933145936
20.866,0,0.5641713013646527,1,-0.5641713013646527
20.868,0,0.5666633487127277,1,-0.5666633487127277
20.87,0,0.5691443040970509,1,-0.5691443040970509
20.872,0,0.5716141366817136,1,-0.5716141366817136
20.874,0,0.5740728160537651,1,-0.5740728160537651
20.876,0,0.5765203122203272,1,-0.5765203122203272
20.878,0,0.5789565956057242,1,-0.5789565956057242
20.88,0,0.5813816370486308,1,-0.5813816370486308
20.882,0,0.5837954077992348,1,-0.5837954077992348
20.884,0,0.5861978795164164,1,-0.5861978795164164
20.886,0,0.5885890242649434,1,-0.5885890242649434
20.888,0,0.5909688145126821,1,-0.5909688145126821
20.89,0,0.5933372231278242,1,-0.5933372231278242
20.892,0,0.5956942233761293,1,-0.5956942233761293
20.894,0,0.5980397889181833,1,-0.5980397889181833
20.896,0,0.6003738938066718,1,-0.6003738938066718
20.898,0,0.6026965124836696,1,-0.6026965124836696
20.9,0,0.6050076197779453,1,-0.6050076197779453
20.902,0,0.6073071909022808,1,-0.6073071909022808
20.904,0,0.6095952014508071,1,-0.6095952014508071
20.906,0,0.6118716273963543,1,-0.6118716273963543
20.908,0,0.6141364450878167,1,-0.6141364450878167
20.91,0,0.6163896312475339,1,-0.6163896312475339
20.912,0,0.6186311629686854,1,-0.6186311629686854
20.914,0,0.6208610177127011,1,-0.6208610177127011
20.916,0,0.6230791733066863,1,-0.6230791733066863
20.918,0,0.6252856079408611,1,-0.6252856079408611
20.92,0,0.6274803001660149,1,-0.6274803001660149
20.922,0,0.6296632288909749,1,-0.6296632288909749
20.924,0,0.6318343733800895,1,-0.6318343733800895
20.926,0,0.6339937132507258,1,-0.6339937132507258
20.928,0,0.6361412284707818,1,-0.6361412284707818
20.93,0,0.6382768993562122,1,-0.6382768993562122
20.932,0,0.640400706568569,1,-0.640400706568569
20.934,0,0.6425126311125557,1,-0.6425126311125557
20.936,0,0.6446126543335964,1,-0.6446126543335964
20.938,0,0.6467007579154171,1,-0.6467007579154171
20.94,0,0.6487769238776431,1,-0.6487769238776431
20.942,0,0.650841134573408,1,-0.650841134573408
20.944,0,0.6528933726869786,1,-0.6528933726869786
20.946,0,0.6549336212313913,1,-0.6549336212313913
20.948,0,0.6569618635461041,1,-0.6569618635461041
20.95,0,0.6589780832946603,1,-0.6589780832946603
20.952,0,0.6609822644623672,1,-0.6609822644623672
20.954,0,0.6629743913539868,1,-0.6629743913539868
20.956,0,0.6649544485914411,1,-0.6649544485914411
20.958,0,0.6669224211115298,1,-0.6669224211115298
20.96,0,0.668878294163661,1,-0.668878294163661
20.962,0,0.6708220533075959,1,-0.6708220533075959
20.964,0,0.672753684411206,1,-0.672753684411206
20.966,0,0.6746731736482426,1,-0.6746731736482426
20.968,0,0.6765805074961208,1,-0.6765805074961208
20.97,0,0.6784756727337145,1,-0.6784756727337145
20.972,0,0.6803586564391656,1,-0.6803586564391656
20.974,0,0.6822294459877053,1,-0.6822294459877053
20.976,0,0.6840880290494877,1,-0.6840880290494877
20.978,0,0.6859343935874369,1,-0.6859343935874369
20.98,0,0.6877685278551053,1,-0.6877685278551053
20.982,0,0.6895904203945457,1,-0.6895904203945457
20.984,0,0.6914000600341944,1,-0.6914000600341944
20.986,0,0.6931974358867682,1,-0.6931974358867682
20.988,0,0.694982537347172,1,-0.694982537347172
20.99,0,0.6967553540904194,1,-0.6967553540904194
20.992,0,0.6985158760695658,1,-0.6985158760695658
20.994,0,0.7002640935136524,1,-0.7002640935136524
20.996,0,0.7019999969256632,1,-0.7019999969256632
20.998,0,0.7037235770804936,1,-0.7037235770804936
21,0,0.7054348250229306,1,-0.7054348250229306
21.002,0,0.7071337320656451,1,-0.7071337320656451
21.004,0,0.7088202897871958,1,-0.7088202897871958
21.006,0,0.7104944900300447,1,-0.7104944900300447
21.008,0,0.7121563248985846,1,-0.7121563248985846
21.01,0,0.7138057867571773,1,-0.7138057867571773
21.012,0,0.7154428682282045,1,-0.7154428682282045
21.014,0,0.7170675621901287,1,-0.7170675621901287
21.016,0,0.718679861775567,1,-0.718679861775567
21.018,0,0.7202797603693747,1,-0.7202797603693747
21.02,0,0.7218672516067415,1,-0.7218672516067415
21.022,0,0.7234423293712976,1,-0.7234423293712976
21.024,0,0.7250049877932321,1,-0.7250049877932321
21.026,0,0.7265552212474218,1,-0.7265552212474218
21.028,0,0.7280930243515709,1,-0.7280930243515709
21.03,0,0.7296183919643623,1,-0.7296183919643623
21.032,0,0.7311313191836191,1,-0.7311313191836191
21.034,0,0.7326318013444774,1,-0.7326318013444774
21.036,0,0.7341198340175694,1,-0.7341198340175694
21.038,0,0.7355954130072182,1,-0.7355954130072182
21.04,0,0.7370585343496419,1,-0.7370585343496419
21.042,0,0.7385091943111691,1,-0.7385091943111691
21.044,0,0.7399473893864654,1,-0.7399473893864654
21.046,0,0.7413731162967693,1,-0.7413731162967693
21.048,0,0.7427863719881392,1,-0.7427863719881392
21.05,0,0.744187153629711,1,-0.744187153629711
21.052,0,0.7455754586119653,1,-0.7455754586119653
21.054,0,0.7469512845450056,1,-0.7469512845450056
21.056,0,0.7483146292568462,1,-0.7483146292568462
21.058,0,0.7496654907917106,1,-0.7496654907917106
21.06,0,0.7510038674083399,1,-0.7510038674083399
21.062,0,0.7523297575783111,1,-0.7523297575783111
21.064,0,0.7536431599843657,1,-0.7536431599843657
21.066,0,0.7549440735187483,1,-0.7549440735187483
21.068,0,0.7562324972815544,1,-0.7562324972815544
21.07,0,0.7575084305790892,1,-0.7575084305790892
21.072,0,0.758771872922235,1,-0.758771872922235
21.074,0,0.7600228240248293,1,-0.7600228240248293
21.076,0,0.7612612838020519,1,-0.7612612838020519
21.078,0,0.7624872523688221,1,-0.7624872523688221
21.08,0,0.7637007300382054,1,-0.7637007300382054
21.082,0,0.7649017173198294,1,-0.7649017173198294
21.084,0,0.7660902149183099,1,-0.7660902149183099
21.086,0,0.7672662237316854,1,-0.7672662237316854
21.088,0,0.7684297448498622,1,-0.7684297448498622
21.09,0,0.7695807795530675,1,-0.7695807795530675
21.092,0,0.7707193293103134,1,-0.7707193293103134
21.094,0,0.7718453957778684,1,-0.7718453957778684
21.096,0,0.7729589807977394,1,-0.7729589807977394
21.098,0,0.7740600863961622,1,-0.7740600863961622
21.1,0,0.7751487147821013,1,-0.7751487147821013
21.102,0,0.776224868345759,1,-0.776224868345759
21.104,0,0.7772885496570923,1,-0.7772885496570923
21.106,0,0.7783397614643407,1,-0.7783397614643407
21.108,0,0.7793785066925611,1,-0.7793785066925611
21.11,0,0.7804047884421729,1,-0.7804047884421729
21.112,0,0.7814186099875106,1,-0.7814186099875106
21.114,0,0.7824199747753863,1,-0.7824199747753863
21.116,0,0.7834088864236605,1,-0.7834088864236605
21.118,0,0.7843853487198211,1,-0.7843853487198211
21.12,0,0.785349365619572,1,-0.785349365619572
21.122,0,0.7863009412454293,1,-0.7863009412454293
21.124,0,0.7872400798853263,1,-0.7872400798853263
21.126,0,0.7881667859912276,1,-0.7881667859912276
21.128,0,0.7890810641777509,1,-0.7890810641777509
21.13,0,0.7899829192207973,1,-0.7899829192207973
21.132,0,0.7908723560561902,1,-0.7908723560561902
21.134,0,0.7917493797783224,1,-0.7917493797783224
21.136,0,0.7926139956388113,1,-0.7926139956388113
21.138,0,0.7934662090451625,1,-0.7934662090451625
21.14,0,0.7943060255594416,1,-0.7943060255594416
21.142,0,0.7951334508969539,1,-0.7951334508969539
21.144,0,0.795948490924932,1,-0.795948490924932
21.146,0,0.7967511516612324,1,-0.7967511516612324
21.148,0,0.7975414392730389,1,-0.7975414392730389
21.15,0,0.7983193600755746,1,-0.7983193600755746
21.152,0,0.7990849205308217,1,-0.7990849205308217
21.154,0,0.799838127246249,1,-0.799838127246249
21.156,0,0.8005789869735478,1,-0.8005789869735478
21.158,0,0.8013075066073744,1,-0.8013075066073744
21.16,0,0.8020236931841016,1,-0.8020236931841016
21.162,0,0.8027275538805774,1,-0.8027275538805774
21.164,0,0.8034190960128909,1,-0.8034190960128909
21.166,0,0.8040983270351464,1,-0.8040983270351464
21.168,0,0.8047652545382452,1,-0.8047652545382452
21.17,0,0.8054198862486743,1,-0.8054198862486743
21.172,0,0.8060622300273028,1,-0.8060622300273028
21.174,0,0.8066922938681863,1,-0.8066922938681863
21.176,0,0.8073100858973777,1,-0.8073100858973777
21.178,0,0.8079156143717465,1,-0.8079156143717465
21.18,0,0.8085088876778045,1,-0.8085088876778045
21.182,0,0.8090899143305392,1,-0.8090899143305392
21.184,0,0.8096587029722545,1,-0.8096587029722545
21.186,0,0.8102152623714185,1,-0.8102152623714185
21.188,0,0.8107596014215184,1,-0.8107596014215184
21.19,0,0.8112917291399225,1,-0.8112917291399225
21.192,0,0.8118116546667498,1,-0.8118116546667498
21.194,0,0.8123193872637458,1,-0.8123193872637458
21.196,0,0.812814936313166,1,-0.812814936313166
21.198,0,0.8132983113166663,1,-0.8132983113166663
21.2,0,0.8137695218941997,1,-0.8137695218941997
21.202,0,0.8142285777829209,1,-0.8142285777829209
21.204,0,0.8146754888360971,1,-0.8146754888360971
21.206,0,0.8151102650220255,1,-0.8151102650220255
21.208,0,0.8155329164229586,1,-0.8155329164229586
21.21,0,0.8159434532340343,1,-0.8159434532340343
21.212,0,0.8163418857622153,1,-0.8163418857622153
21.214,0,0.816728224425233,1,-0.816728224425233
21.216,0,0.817102479750539,1,-0.817102479750539
21.218,0,0.8174646623742632,1,-0.8174646623742632
21.22,0,0.8178147830401782,1,-0.8178147830401782
21.222,0,0.8181528525986707,1,-0.8181528525986707
21.224,0,0.8184788820057185,1,-0.8184788820057185
21.226,0,0.8187928823218752,1,-0.8187928823218752
21.228,0,0.8190948647112601,1,-0.8190948647112601
21.23,0,0.8193848404405557,1,-0.8193848404405557
21.232,0,0.81966282087801,1,-0.81966282087801
21.234,0,0.8199288174924469,1,-0.8199288174924469
21.236,0,0.8201828418522819,1,-0.8201828418522819
21.238,0,0.8204249056245435,1,-0.8204249056245435
21.24,0,0.8206550205739025,1,-0.8206550205739025
21.242,0,0.8208731985617058,1,-0.8208731985617058
21.244,0,0.8210794515450175,1,-0.8210794515450175
21.246,0,0.821273791575665,1,-0.821273791575665
21.248,0,0.8214562307992929,1,-0.8214562307992929
21.25,0,0.8216267814544207,1,-0.8216267814544207
21.252,0,0.8217854558715088,1,-0.8217854558715088
21.254,0,0.8219322664720287,1,-0.8219322664720287
21.256,0,0.8220672257675401,1,-0.8220672257675401
21.258,0,0.8221903463587739,1,-0.8221903463587739
21.26,0,0.8223016409347204,1,-0.8223016409347204
21.262,0,0.8224011222717242,1,-0.8224011222717242
21.264,0,0.8224888032325847,1,-0.8224888032325847
21.266,0,0.8225646967656614,1,-0.8225646967656614
21.268,0,0.8226288159039867,1,-0.8226288159039867
21.27,0,0.8226811737643834,1,-0.8226811737643834
21.272,0,0.8227217835465875,1,-0.8227217835465875
21.274,0,0.8227506585323776,1,-0.8227506585323776
21.276,0,0.8227678120847094,1,-0.8227678120847094
21.278,0,0.8227732576468559,1,-0.8227732576468559
21.28,0,0.8227670087415535,1,-0.8227670087415535
21.282,0,0.8227490789701527,1,-0.8227490789701527
21.284,0,0.8227194820117756,1,-0.8227194820117756
21.286,0,0.8226782316224777,1,-0.8226782316224777
21.288,0,0.8226253416344159,1,-0.8226253416344159
21.29,0,0.822560825955022,1,-0.822560825955022
21.292,0,0.8224846985661806,1,-0.8224846985661806
21.294,0,0.8223969735234133,1,-0.8223969735234133
21.296,0,0.8222976649550686,1,-0.8222976649550686
21.298,0,0.8221867870615154,1,-0.8221867870615154
21.3,0,0.8220643541143433,1,-0.8220643541143433
21.302,0,0.8219303804555681,1,-0.8219303804555681
21.304,0,0.8217848804968415,1,-0.8217848804968415
21.306,0,0.8216278687186668,1,-0.8216278687186668
21.308,0,0.8214593596696194,1,-0.8214593596696194
21.31,0,0.8212793679655725,1,-0.8212793679655725
21.312,0,0.8210879082889286,1,-0.8210879082889286
21.314,0,0.8208849953878544,1,-0.8208849953878544
21.316,0,0.8206706440755225,1,-0.8206706440755225
21.318,0,0.8204448692293569,1,-0.8204448692293569
21.32,0,0.8202076857902842,1,-0.8202076857902842
21.322,0,0.8199591087619897,1,-0.8199591087619897
21.324,0,0.8196991532101778,1,-0.8196991532101778
21.326,0,0.819427834261838,1,-0.819427834261838
21.328,0,0.8191451671045151,1,-0.8191451671045151
21.33,0,0.8188511669855856,1,-0.8188511669855856
21.332,0,0.8185458492115369,1,-0.8185458492115369
21.334,0,0.8182292291472532,1,-0.8182292291472532
21.336,0,0.8179013222153045,1,-0.8179013222153045
21.338,0,0.8175621438952423,1,-0.8175621438952423
21.34,0,0.8172117097228976,1,-0.8172117097228976
21.342,0,0.8168500352896858,1,-0.8168500352896858
21.344,0,0.8164771362419152,1,-0.8164771362419152
21.346,0,0.8160930282800999,1,-0.8160930282800999
21.348,0,0.8156977271582778,1,-0.8156977271582778
21.35,0,0.8152912486833335,1,-0.8152912486833335
21.352,0,0.8148736087143246,1,-0.8148736087143246
21.354,0,0.8144448231618139,1,-0.8144448231618139
21.356,0,0.8140049079872049,1,-0.8140049079872049
21.358,0,0.8135538792020829,1,-0.8135538792020829
21.36,0,0.8130917528675593,1,-0.8130917528675593
21.362,0,0.8126185450936217,1,-0.8126185450936217
21.364,0,0.8121342720384874,1,-0.8121342720384874
21.366,0,0.8116389499079615,1,-0.8116389499079615
21.368,0,0.8111325949547995,1,-0.8111325949547995
21.37,0,0.8106152234780745,1,-0.8106152234780745
21.372,0,0.8100868518225479,1,-0.8100868518225479
21.374,0,0.8095474963780455,1,-0.8095474963780455
21.376,0,0.8089971735788365,1,-0.8089971735788365
21.378,0,0.808435899903018,1,-0.808435899903018
21.38,0,0.8078636918719031,1,-0.8078636918719031
21.382,0,0.807280566049413,1,-0.807280566049413
21.384,0,0.8066865390414739,1,-0.8066865390414739
21.386,0,0.8060816274954173,1,-0.8060816274954173
21.388,0,0.8054658480993853,1,-0.8054658480993853
21.39,0,0.8048392175817386,1,-0.8048392175817386
21.392,0,0.8042017527104706,1,-0.8042017527104706
21.394,0,0.8035534702926233,1,-0.8035534702926233
21.396,0,0.8028943871737089,1,-0.8028943871737089
21.398,0,0.8022245202371349,1,-0.8022245202371349
21.4,0,0.8015438864036326,1,-0.8015438864036326
21.402,0,0.8008525026306907,1,-0.8008525026306907
21.404,0,0.8001503859119916,1,-0.8001503859119916
21.406,0,0.7994375532768524,1,-0.7994375532768524
21.408,0,0.7987140217896697,1,-0.7987140217896697
21.41,0,0.7979798085493679,1,-0.7979798085493679
21.412,0,0.797234930688852,1,-0.797234930688852
21.414,0,0.7964794053744632,1,-0.7964794053744632
21.416,0,0.7957132498054392,1,-0.7957132498054392
21.418,0,0.7949364812133786,1,-0.7949364812133786
21.42,0,0.7941491168617072,1,-0.7941491168617072
21.422,0,0.7933511740451503,1,-0.7933511740451503
21.424,0,0.7925426700892074,1,-0.7925426700892074
21.426,0,0.7917236223496307,1,-0.7917236223496307
21.428,0,0.7908940482119075,1,-0.7908940482119075
21.43,0,0.7900539650907464,1,-0.7900539650907464
21.432,0,0.7892033904295671,1,-0.7892033904295671
21.434,0,0.7883423416999931,1,-0.7883423416999931
21.436,0,0.7874708364013487,1,-0.7874708364013487
21.438,0,0.78658889206016,1,-0.78658889206016
21.44,0,0.785696526229658,1,-0.785696526229658
21.442,0,0.7847937564892866,1,-0.7847937564892866
21.444,0,0.7838806004442135,1,-0.7838806004442135
21.446,0,0.7829570757248444,1,-0.7829570757248444
21.448,0,0.7820231999863415,1,-0.7820231999863415
21.45,0,0.7810789909081444,1,-0.7810789909081444
21.452,0,0.7801244661934948,1,-0.7801244661934948
21.454,0,0.7791596435689655,1,-0.7791596435689655
21.456,0,0.7781845407839911,1,-0.7781845407839911
21.458,0,0.7771991756104035,1,-0.7771991756104035
21.46,0,0.77620356584197,1,-0.77620356584197
21.462,0,0.7751977292939353,1,-0.7751977292939353
21.464,0,0.7741816838025657,1,-0.7741816838025657
21.466,0,0.7731554472246983,1,-0.7731554472246983
21.468,0,0.7721190374372919,1,-0.7721190374372919
21.47,0,0.7710724723369821,1,-0.7710724723369821
21.472,0,0.7700157698396388,1,-0.7700157698396388
21.474,0,0.7689489478799282,1,-0.7689489478799282
21.476,0,0.7678720244108765,1,-0.7678720244108765
21.478,0,0.7667850174034382,1,-0.7667850174034382
21.48,0,0.7656879448460661,1,-0.7656879448460661
21.482,0,0.7645808247442857,1,-0.7645808247442857
21.484,0,0.7634636751202721,1,-0.7634636751202721
21.486,0,0.7623365140124303,1,-0.7623365140124303
21.488,0,0.761199359474978,1,-0.761199359474978
21.49,0,0.7600522295775323,1,-0.7600522295775323
21.492,0,0.7588951424046987,1,-0.7588951424046987
21.494,0,0.7577281160556639,1,-0.7577281160556639
21.496,0,0.7565511686437909,1,-0.7565511686437909
21.498,0,0.7553643182962172,1,-0.7553643182962172
21.5,0,0.7541675831534564,1,-0.7541675831534564
21.502,0,0.7529609813690028,1,-0.7529609813690028
21.504,0,0.7517445311089381,1,-0.7517445311089381
21.506,0,0.7505182505515421,1,-0.7505182505515421
21.508,0,0.7492821578869054,1,-0.7492821578869054
21.51,0,0.7480362713165458,1,-0.7480362713165458
21.512,0,0.7467806090530269,1,-0.7467806090530269
21.514,0,0.7455151893195798,1,-0.7455151893195798
21.516,0,0.7442400303497282,1,-0.7442400303497282
21.518,0,0.7429551503869152,1,-0.7429551503869152
21.52,0,0.7416605676841337,1,-0.7416605676841337
21.522,0,0.7403563005035597,1,-0.7403563005035597
21.524,0,0.739042367116188,1,-0.739042367116188
21.526,0,0.7377187858014703,1,-0.7377187858014703
21.528,0,0.7363855748469572,1,-0.7363855748469572
21.53,0,0.7350427525479418,1,-0.7350427525479418
21.532,0,0.7336903372071066,1,-0.7336903372071066
21.534,0,0.7323283471341729,1,-0.7323283471341729
21.536,0,0.7309568006455529,1,-0.7309568006455529
21.538,0,0.7295757160640045,1,-0.7295757160640045
21.54,0,0.7281851117182889,1,-0.7281851117182889
21.542,0,0.7267850059428306,1,-0.7267850059428306
21.544,0,0.7253754170773797,1,-0.7253754170773797
21.546,0,0.723956363466678,1,-0.723956363466678
21.548,0,0.7225278634601261,1,-0.7225278634601261
21.55,0,0.7210899354114543,1,-0.7210899354114543
21.552,0,0.7196425976783954,1,-0.7196425976783954
21.554,0,0.7181858686223606,1,-0.7181858686223606
21.556,0,0.716719766608117,1,-0.716719766608117
21.558,0,0.7152443100034689,1,-0.7152443100034689
21.56,0,0.7137595171789403,1,-0.7137595171789403
21.562,0,0.7122654065074605,1,-0.7122654065074605
21.564,0,0.7107619963640528,1,-0.7107619963640528
21.566,0,0.7092493051255242,1,-0.7092493051255242
21.568,0,0.7077273511701587,1,-0.7077273511701587
21.57,0,0.7061961528774127,1,-0.7061961528774127
21.572,0,0.7046557286276125,1,-0.7046557286276125
21.574,0,0.7031060968016548,1,-0.7031060968016548
21.576,0,0.701547275780709,1,-0.701547275780709
21.578,0,0.699979283945922,1,-0.699979283945922
21.58,0,0.6984021396781258,1,-0.6984021396781258
21.582,0,0.6968158613575469,1,-0.6968158613575469
21.584,0,0.6952204673635181,1,-0.6952204673635181
21.586,0,0.6936159760741929,1,-0.6936159760741929
21.588,0,0.6920024058662619,1,-0.6920024058662619
21.59,0,0.690379775114672,1,-0.690379775114672
21.592,0,0.6887481021923466,1,-0.6887481021923466
21.594,0,0.6871074054699098,1,-0.6871074054699098
21.596,0,0.6854577033154116,1,-0.6854577033154116
21.598,0,0.6837990140940555,1,-0.6837990140940555
21.6,0,0.6821313561679292,1,-0.6821313561679292
21.602,0,0.6804547478957358,1,-0.6804547478957358
21.604,0,0.6787692076325291,1,-0.6787692076325291
21.606,0,0.6770747537294497,1,-0.6770747537294497
21.608,0,0.6753714045334638,1,-0.6753714045334638
21.61,0,0.6736591783871041,1,-0.6736591783871041
21.612,0,0.671938093628213,1,-0.671938093628213
21.614,0,0.6702081685896873,1,-0.6702081685896873
21.616,0,0.6684694215992262,1,-0.6684694215992262
21.618,0,0.6667218709790796,1,-0.6667218709790796
21.62,0,0.6649655350458006,1,-0.6649655350458006
21.622,0,0.6632004321099981,1,-0.6632004321099981
21.624,0,0.6614265804760933,1,-0.6614265804760933
21.626,0,0.6596439984420761,1,-0.6596439984420761
21.628,0,0.6578527042992659,1,-0.6578527042992659
21.63,0,0.6560527163320725,1,-0.6560527163320725
21.632,0,0.6542440528177603,1,-0.6542440528177603
21.634,0,0.6524267320262136,1,-0.6524267320262136
21.636,0,0.6506007722197042,1,-0.6506007722197042
21.638,0,0.6487661916526616,1,-0.6487661916526616
21.64,0,0.6469230085714437,1,-0.6469230085714437
21.642,0,0.6450712412141111,1,-0.6450712412141111
21.644,0,0.6432109078102022,1,-0.6432109078102022
21.646,0,0.6413420265805108,1,-0.6413420265805108
21.648,0,0.639464615736865,1,-0.639464615736865
21.65,0,0.637578693481909,1,-0.637578693481909
21.652,0,0.6356842780088858,1,-0.6356842780088858
21.654,0,0.6337813875014223,1,-0.6337813875014223
21.656,0,0.631870040133316,1,-0.631870040133316
21.658,0,0.6299502540683241,1,-0.6299502540683241
21.66,0,0.6280220474599534,1,-0.6280220474599534
21.662,0,0.6260854384512533,1,-0.6260854384512533
21.664,0,0.6241404451746098,1,-0.6241404451746098
21.666,0,0.6221870857515411,1,-0.6221870857515411
21.668,0,0.6202253782924961,1,-0.6202253782924961
21.67,0,0.6182553408966536,1,-0.6182553408966536
21.672,0,0.6162769916517236,1,-0.6162769916517236
21.674,0,0.6142903486337504,1,-0.6142903486337504
21.676,0,0.6122954299069181,1,-0.6122954299069181
21.678,0,0.6102922535233565,1,-0.6102922535233565
21.68,0,0.6082808375229496,1,-0.6082808375229496
21.682,0,0.6062611999331461,1,-0.6062611999331461
21.684,0,0.6042333587687707,1,-0.6042333587687707
21.686,0,0.602197332031838,1,-0.602197332031838
21.688,0,0.6001531377113675,1,-0.6001531377113675
21.69,0,0.5981007937832004,1,-0.5981007937832004
21.692,0,0.5960403182098183,1,-0.5960403182098183
21.694,0,0.5939717289401634,1,-0.5939717289401634
21.696,0,0.59189504390946,1,-0.59189504390946
21.698,0,0.5898102810390387,1,-0.5898102810390387
21.7,0,0.5877174582361605,1,-0.5877174582361605
21.702,0,0.5856165933938446,1,-0.5856165933938446
21.704,0,0.5835077043906961,1,-0.5835077043906961
21.706,0,0.5813908090907358,1,-0.5813908090907358
21.708,0,0.5792659253432324,1,-0.5792659253432324
21.71,0,0.5771330709825351,1,-0.5771330709825351
21.712,0,0.5749922638279081,1,-0.5749922638279081
21.714,0,0.5728435216833675,1,-0.5728435216833675
21.716,0,0.5706868623375183,1,-0.5706868623375183
21.718,0,0.5685223035633943,1,-0.5685223035633943
21.72,0,0.5663498631182986,1,-0.5663498631182986
21.722,0,0.5641695587436462,1,-0.5641695587436462
21.724,0,0.5619814081648076,1,-0.5619814081648076
21.726,0,0.5597854290909544,1,-0.5597854290909544
21.728,0,0.5575816392149062,1,-0.5575816392149062
21.73,0,0.5553700562129786,1,-0.5553700562129786
21.732,0,0.5531506977448334,1,-0.5531506977448334
21.734,0,0.5509235814533295,1,-0.5509235814533295
21.736,0,0.5486887249643762,1,-0.5486887249643762
21.738,0,0.5464461458867864,1,-0.5464461458867864
21.74,0,0.5441958618121333,1,-0.5441958618121333
21.742,0,0.5419378903146068,1,-0.5419378903146068
21.744,0,0.5396722489508721,1,-0.5396722489508721
21.746,0,0.5373989552599293,1,-0.5373989552599293
21.748,0,0.5351180267629752,1,-0.5351180267629752
21.75,0,0.5328294809632653,1,-0.5328294809632653
21.752,0,0.5305333353459786,1,-0.5305333353459786
21.754,0,0.528229607378082,1,-0.528229607378082
21.756,0,0.525918314508198,1,-0.525918314508198
21.758,0,0.5235994741664722,1,-0.5235994741664722
21.76,0,0.5212731037644429,1,-0.5212731037644429
21.762,0,0.5189392206949121,1,-0.5189392206949121
21.764,0,0.5165978423318173,1,-0.5165978423318173
21.766,0,0.5142489860301053,1,-0.5142489860301053
21.768,0,0.5118926691256066,1,-0.5118926691256066
21.77,0,0.5095289089349117,1,-0.5095289089349117
21.772,0,0.5071577227552482,1,-0.5071577227552482
21.774,0,0.5047791278643597,1,-0.5047791278643597
21.776,0,0.5023931415203857,1,-0.5023931415203857
21.778,0,0.4999997809617425,1,-0.4999997809617425
21.78,0,0.4975990634070057,1,-0.4975990634070057
21.782,0,0.4951910060547944,1,-0.4951910060547944
21.784,0,0.4927756260836553,1,-0.4927756260836553
21.786,0,0.4903529406519497,1,-0.4903529406519497
21.788,0,0.4879229668977404,1,-0.4879229668977404
21.79,0,0.4854857219386803,1,-0.4854857219386803
21.792,0,0.4830412228719025,1,-0.4830412228719025
21.794,0,0.4805894867739114,1,-0.4805894867739114
21.796,0,0.4781305307004745,1,-0.4781305307004745
21.798,0,0.4756643716865161,1,-0.4756643716865161
21.8,0,0.4731910267460122,1,-0.4731910267460122
21.802,0,0.4707105128718856,1,-0.4707105128718856
21.804,0,0.4682228470359036,1,-0.4682228470359036
21.806,0,0.4657280461885754,1,-0.4657280461885754
21.808,0,0.463226127259052,1,-0.463226127259052
21.81,0,0.4607171071550262,1,-0.4607171071550262
21.812,0,0.4582010027626341,1,-0.4582010027626341
21.814,0,0.4556778309463582,1,-0.4556778309463582
21.816,0,0.4531476085489306,1,-0.4531476085489306
21.818,0,0.4506103523912383,1,-0.4506103523912383
21.82,0,0.4480660792722291,1,-0.4480660792722291
21.822,0,0.4455148059688188,1,-0.4455148059688188
21.824,0,0.442956549235799,1,-0.442956549235799
21.826,0,0.4403913258057469,1,-0.4403913258057469
21.828,0,0.4378191523889354,1,-0.4378191523889354
21.83,0,0.4352400456732445,1,-0.4352400456732445
21.832,0,0.4326540223240739,1,-0.4326540223240739
21.834,0,0.4300610989842564,1,-0.4300610989842564
21.836,0,0.4274612922739726,1,-0.4274612922739726
21.838,0,0.4248546187906664,1,-0.4248546187906664
21.84,0,0.4222410951089621,1,-0.4222410951089621
21.842,0,0.4196207377805813,1,-0.4196207377805813
21.844,0,0.4169935633342625,1,-0.4169935633342625
21.846,0,0.4143595882756801,1,-0.4143595882756801
21.848,0,0.4117188290873657,1,-0.4117188290873657
21.85,0,0.4090713022286294,1,-0.4090713022286294
21.852,0,0.4064170241354829,1,-0.4064170241354829
21.854,0,0.4037560112205628,1,-0.4037560112205628
21.856,0,0.4010882798730558,1,-0.4010882798730558
21.858,0,0.3984138464586239,1,-0.3984138464586239
21.86,0,0.3957327273193313,1,-0.3957327273193313
21.862,0,0.3930449387735721,1,-0.3930449387735721
21.864,0,0.3903504971159984,1,-0.3903504971159984
21.866,0,0.3876494186174504,1,-0.3876494186174504
21.868,0,0.3849417195248864,1,-0.3849417195248864
21.87,0,0.3822274160613144,1,-0.3822274160613144
21.872,0,0.3795065244257243,1,-0.3795065244257243
21.874,0,0.3767790607930211,1,-0.3767790607930211
21.876,0,0.3740450413139591,1,-0.3740450413139591
21.878,0,0.3713044821150771,1,-0.3713044821150771
21.88,0,0.3685573992986341,1,-0.3685573992986341
21.882,0,0.3658038089425463,1,-0.3658038089425463
21.884,0,0.3630437271003248,1,-0.3630437271003248
21.886,0,0.3602771698010144,1,-0.3602771698010144
21.888,0,0.3575041530491326,1,-0.3575041530491326
21.89,0,0.3547246928246107,1,-0.3547246928246107
21.892,0,0.3519388050827345,1,-0.3519388050827345
21.894,0,0.3491465057540866,1,-0.3491465057540866
21.896,0,0.3463478107444894,1,-0.3463478107444894
21.898,0,0.3435427359349491,1,-0.3435427359349491
21.9,0,0.3407312971815997,1,-0.3407312971815997
21.902,0,0.3379135103156492,1,-0.3379135103156492
21.904,0,0.3350893911433256,1,-0.3350893911433256
21.906,0,0.3322589554458242,1,-0.3322589554458242
21.908,0,0.3294222189792553,1,-0.3294222189792553
21.91,0,0.3265791974745933,1,-0.3265791974745933
21.912,0,0.3237299066376261,1,-0.3237299066376261
21.914,0,0.3208743621489056,1,-0.3208743621489056
21.916,0,0.3180125796636988,1,-0.3180125796636988
21.918,0,0.3151445748119399,1,-0.3151445748119399
21.92,0,0.3122703631981829,1,-0.3122703631981829
21.922,0,0.3093899604015555,1,-0.3093899604015555
21.924,0,0.306503381975713,1,-0.306503381975713
21.926,0,0.3036106434487936,1,-0.3036106434487936
21.928,0,0.3007117603233744,1,-0.3007117603233744
21.93,0,0.2978067480764277,1,-0.2978067480764277
21.932,0,0.2948956221592787,1,-0.2948956221592787
21.934,0,0.2919783979975635,1,-0.2919783979975635
21.936,0,0.2890550909911878,1,-0.2890550909911878
21.938,0,0.2861257165142868,1,-0.2861257165142868
21.94,0,0.2831902899151852,1,-0.2831902899151852
21.942,0,0.2802488265163589,1,-0.2802488265163589
21.944,0,0.2773013416143959,1,-0.2773013416143959
21.946,0,0.2743478504799594,1,-0.2743478504799594
21.948,0,0.2713883683577509,1,-0.2713883683577509
21.95,0,0.2684229104664742,1,-0.2684229104664742
21.952,0,0.2654514919987995,1,-0.2654514919987995
21.954,0,0.2624741281213298,1,-0.2624741281213298
21.956,0,0.2594908339745656,1,-0.2594908339745656
21.958,0,0.2565016246728728,1,-0.2565016246728728
21.96,0,0.2535065153044491,1,-0.2535065153044491
21.962,0,0.2505055209312929,1,-0.2505055209312929
21.964,0,0.2474986565891712,1,-0.2474986565891712
21.966,0,0.2444859372875897,1,-0.2444859372875897
21.968,0,0.2414673780097626,1,-0.2414673780097626
21.97,0,0.2384429937125832,1,-0.2384429937125832
21.972,0,0.2354127993265954,1,-0.2354127993265954
21.974,0,0.2323768097559657,1,-0.2323768097559657
21.976,0,0.229335039878456,1,-0.229335039878456
21.978,0,0.2262875045453964,1,-0.2262875045453964
21.98,0,0.2232342185816599,1,-0.2232342185816599
21.982,0,0.2201751967856364,1,-0.2201751967856364
21.984,0,0.2171104539292078,1,-0.2171104539292078
21.986,0,0.2140400047577246,1,-0.2140400047577246
21.988,0,0.2109638639899812,1,-0.2109638639899812
21.99,0,0.2078820463181939,1,-0.2078820463181939
21.992,0,0.2047945664079781,1,-0.2047945664079781
21.994,0,0.2017014388983264,1,-0.2017014388983264
21.996,0,0.1986026784015879,1,-0.1986026784015879
21.998,0,0.1954982995034473,1,-0.1954982995034473
22,0,0.1923883167629049,1,-0.1923883167629049
22.002,0,0.1892727447122574,1,-0.1892727447122574
22.004,0,0.186151597857079,1,-0.186151597857079
22.006,0,0.1830248906762031,1,-0.1830248906762031
22.008,0,0.1798926376217049,1,-0.1798926376217049
22.01,0,0.1767548531188839,1,-0.1767548531188839
22.012,0,0.1736115515662476,1,-0.1736115515662476
22.014,0,0.1704627473354956,1,-0.1704627473354956
22.016,0,0.1673084547715039,1,-0.1673084547715039
22.018,0,0.1641486881923103,1,-0.1641486881923103
22.02,0,0.1609834618891001,1,-0.1609834618891001
22.022,0,0.157812790126192,1,-0.157812790126192
22.024,0,0.1546366871410251,1,-0.1546366871410251
22.026,0,0.1514551671441462,1,-0.1514551671441462
22.028,0,0.1482682443191976,1,-0.1482682443191976
22.03,0,0.1450759328229051,1,-0.1450759328229051
22.032,0,0.1418782467850677,1,-0.1418782467850677
22.034,0,0.1386752003085459,1,-0.1386752003085459
22.036,0,0.1354668074692526,1,-0.1354668074692526
22.038,0,0.1322530823161427,1,-0.1322530823161427
22.04,0,0.1290340388712048,1,-0.1290340388712048
22.042,0,0.1258096911294517,1,-0.1258096911294517
22.044,0,0.1225800530589131,1,-0.1225800530589131
22.046,0,0.1193451386006278,1,-0.1193451386006278
22.048,0,0.1161049616686363,1,-0.1161049616686363
22.05,0,0.1128595361499745,1,-0.1128595361499745
22.052,0,0.1096088759046675,1,-0.1096088759046675
22.054,0,0.1063529947657238,1,-0.1063529947657238
22.056,0,0.1030919065391305,1,-0.1030919065391305
22.058,0,0.09982562500384806,1,-0.09982562500384806
22.06,0,0.09655416391180656,1,-0.09655416391180656
22.062,0,0.0932775369879016,1,-0.0932775369879016
22.064,0,0.08999575792999116,1,-0.08999575792999116
22.066,0,0.08670884040889268,1,-0.08670884040889268
22.068,0,0.08341679806838068,1,-0.08341679806838068
22.07,0,0.08011964452518482,1,-0.08011964452518482
22.072,0,0.07681739336898837,1,-0.07681739336898837
22.074,0,0.07351005816242717,1,-0.07351005816242717
22.076,0,0.07019765244108904,1,-0.07019765244108904
22.078,0,0.0668801897135135,1,-0.0668801897135135
22.08,0,0.06355768346119214,1,-0.06355768346119214
22.082,0,0.06023014713856922,1,-0.06023014713856922
22.084,0,0.05689759417304277,1,-0.05689759417304277
22.086,0,0.05356003796496617,1,-0.05356003796496617
22.088,0,0.05021749188765004,1,-0.05021749188765004
22.09,0,0.04686996928736464,1,-0.04686996928736464
22.092,0,0.0435174834833426,1,-0.0435174834833426
22.094,0,0.04016004776778217,1,-0.04016004776778217
22.096,0,0.0367976754058507,1,-0.0367976754058507
22.098,0,0.03343037963568873,1,-0.03343037963568873
22.1,0,0.03005817366841433,1,-0.03005817366841433
22.102,0,0.02668107068812789,1,-0.02668107068812789
22.104,0,0.02329908385191728,1,-0.02329908385191728
22.106,0,0.01991222628986344,1,-0.01991222628986344
22.108,0,0.01652051110504632,1,-0.01652051110504632
22.11,0,0.01312395137355122,1,-0.01312395137355122
22.112,0,0.009722560144475478,1,-0.009722560144475478
22.114,0,0.006316350439935602,1,-0.006316350439935602
22.116,0,0.002905335255074694,1,-0.002905335255074694
22.118,0,-0.0005104724419296943,-1,0.0005104724419296943
22.12,0,-0.003931019798692924,-1,0.003931019798692924
22.122,0,-0.007356148102779247,-1,0.007356148102779247
22.124,0,-0.01078568658870961,-1,0.01078568658870961
22.126,0,-0.01421946578139754,-1,0.01421946578139754
22.128,0,-0.01765731748856792,-1,0.01765731748856792
22.13,0,-0.02109907479321584,-1,0.02109907479321584
22.132,0,-0.02454457204610511,-1,0.02454457204610511
22.134,0,-0.02799364485830636,-1,0.02799364485830636
22.136,0,-0.0314461300937746,-1,0.0314461300937746
22.138,0,-0.03490186586196584,-1,0.03490186586196584
22.14,0,-0.03836069151049274,-1,0.03836069151049274
22.142,0,-0.0418224476178191,-1,0.0418224476178191
22.144,0,-0.04528697598599285,-1,0.04528697598599285
22.146,0,-0.04875411963341751,-1,0.04875411963341751
22.148,0,-0.05222372278766187,-1,0.05222372278766187
22.15,0,-0.05569563087830762,-1,0.05569563087830762
22.152,0,-0.05916969052983494,-1,0.05916969052983494
22.154,0,-0.06264574955454556,-1,0.06264574955454556
22.156,0,-0.06612365694552351,-1,0.06612365694552351
22.158,0,-0.06960326286963289,-1,0.06960326286963289
22.16,0,-0.07308441866055293,-1,0.07308441866055293
22.162,0,-0.07656697681184986,-1,0.07656697681184986
22.164,0,-0.08005079097008552,-1,0.08005079097008552
22.166,0,-0.08353571592796247,-1,0.08353571592796247
22.168,0,-0.08702160761750553,-1,0.08702160761750553
22.17,0,-0.09050832310327944,-1,0.09050832310327944
22.172,0,-0.09399572057564251,-1,0.09399572057564251
22.174,0,-0.09748365934403612,-1,0.09748365934403612
22.176,0,-0.1009719998303098,-1,0.1009719998303098
22.178,0,-0.1044606035620819,-1,0.1044606035620819
22.18,0,-0.1079493331661354,-1,0.1079493331661354
22.182,0,-0.1114380523618486,-1,0.1114380523618486
22.184,0,-0.1149266259546616,-1,0.1149266259546616
22.186,0,-0.1184149198295765,-1,0.1184149198295765
22.188,0,-0.1219028009446927,-1,0.1219028009446927
22.19,0,-0.1253901373247766,-1,0.1253901373247766
22.192,0,-0.1288767980548654,-1,0.1288767980548654
22.194,0,-0.1323626532739055,-1,0.1323626532739055
22.196,0,-0.1358475741684234,-1,0.1358475741684234
22.198,0,-0.1393314329662325,-1,0.1393314329662325
22.2,0,-0.142814102930171,-1,0.142814102930171
22.202,0,-0.1462954583518754,-1,0.1462954583518754
22.204,0,-0.1497753745455859,-1,0.1497753745455859
22.206,0,-0.1532537278419849,-1,0.1532537278419849
22.208,0,-0.1567303955820694,-1,0.1567303955820694
22.21,0,-0.1602052561110547,-1,0.1602052561110547
22.212,0,-0.163678188772312,-1,0.163678188772312
22.214,0,-0.1671490739013377,-1,0.1671490739013377
22.216,0,-0.1706177928197545,-1,0.1706177928197545
22.218,0,-0.174084227829346,-1,0.174084227829346
22.22,0,-0.1775482622061217,-1,0.1775482622061217
22.222,0,-0.1810097801944146,-1,0.1810097801944146
22.224,0,-0.1844686670010106,-1,0.1844686670010106
22.226,0,-0.1879248087893081,-1,0.1879248087893081
22.228,0,-0.1913780926735106,-1,0.1913780926735106
22.23,0,-0.1948284067128493,-1,0.1948284067128493
22.232,0,-0.1982756399058365,-1,0.1982756399058365
22.234,0,-0.2017196821845509,-1,0.2017196821845509
22.236,0,-0.2051604244089526,-1,0.2051604244089526
22.238,0,-0.2085977583612291,-1,0.2085977583612291
22.24,0,-0.2120315767401711,-1,0.2120315767401711
22.242,0,-0.2154617731555795,-1,0.2154617731555795
22.244,0,-0.2188882421227013,-1,0.2188882421227013
22.246,0,-0.2223108790566962,-1,0.2223108790566962
22.248,0,-0.2257295802671327,-1,0.2257295802671327
22.25,0,-0.2291442429525138,-1,0.2291442429525138
22.252,0,-0.2325547651948321,-1,0.2325547651948321
22.254,0,-0.2359610459541542,-1,0.2359610459541542
22.256,0,-0.2393629850632345,-1,0.2393629850632345
22.258,0,-0.2427604832221577,-1,0.2427604832221577
22.26,0,-0.2461534419930103,-1,0.2461534419930103
22.262,0,-0.2495417637945808,-1,0.2495417637945808
22.264,0,-0.2529253518970887,-1,0.2529253518970887
22.266,0,-0.2563041104169414,-1,0.2563041104169414
22.268,0,-0.25967794431152,-1,0.25967794431152
22.27,0,-0.2630467593739926,-1,0.2630467593739926
22.272,0,-0.2664104622281567,-1,0.2664104622281567
22.274,0,-0.2697689603233077,-1,0.2697689603233077
22.276,0,-0.273122161929137,-1,0.273122161929137
22.278,0,-0.2764699761306566,-1,0.2764699761306566
22.28,0,-0.2798123128231512,-1,0.2798123128231512
22.282,0,-0.2831490827071581,-1,0.2831490827071581
22.284,0,-0.2864801972834736,-1,0.2864801972834736
22.286,0,-0.2898055688481871,-1,0.2898055688481871
22.288,0,-0.2931251104877419,-1,0.2931251104877419
22.29,0,-0.2964387360740223,-1,0.2964387360740223
22.292,0,-0.2997463602594678,-1,0.2997463602594678
22.294,0,-0.303047898472214,-1,0.303047898472214
22.296,0,-0.306343266911259,-1,0.306343266911259
22.298,0,-0.309632382541657,-1,0.309632382541657
22.3,0,-0.3129151630897374,-1,0.3129151630897374
22.302,0,-0.3161915270383502,-1,0.3161915270383502
22.304,0,-0.3194613936221365,-1,0.3194613936221365
22.306,0,-0.3227246828228259,-1,0.3227246828228259
22.308,0,-0.3259813153645585,-1,0.3259813153645585
22.31,0,-0.3292312127092328,-1,0.3292312127092328
22.312,0,-0.3324742970518784,-1,0.3324742970518784
22.314,0,-0.3357104913160549,-1,0.3357104913160549
22.316,0,-0.3389397191492746,-1,0.3389397191492746
22.318,0,-0.3421619049184512,-1,0.3421619049184512
22.32,0,-0.3453769737053724,-1,0.3453769737053724
22.322,0,-0.3485848513021982,-1,0.3485848513021982
22.324,0,-0.3517854642069826,-1,0.3517854642069826
22.326,0,-0.3549787396192208,-1,0.3549787396192208
22.328,0,-0.3581646054354198,-1,0.3581646054354198
22.33,0,-0.3613429902446939,-1,0.3613429902446939
22.332,0,-0.3645138233243838,-1,0.3645138233243838
22.334,0,-0.3676770346357,-1,0.3676770346357
22.336,0,-0.3708325548193895,-1,0.3708325548193895
22.338,0,-0.3739803151914269,-1,0.3739803151914269
22.34,0,-0.3771202477387283,-1,0.3771202477387283
22.342,0,-0.3802522851148892,-1,0.3802522851148892
22.344,0,-0.3833763606359458,-1,0.3833763606359458
22.346,0,-0.3864924082761589,-1,0.3864924082761589
22.348,0,-0.3896003626638217,-1,0.3896003626638217
22.35,0,-0.3927001590770899,-1,0.3927001590770899
22.352,0,-0.3957917334398351,-1,0.3957917334398351
22.354,0,-0.3988750223175208,-1,0.3988750223175208
22.356,0,-0.4019499629131009,-1,0.4019499629131009
22.358,0,-0.4050164930629411,-1,0.4050164930629411
22.36,0,-0.4080745512327623,-1,0.4080745512327623
22.362,0,-0.4111240765136066,-1,0.4111240765136066
22.364,0,-0.414165008617825,-1,0.414165008617825
22.366,0,-0.4171972878750881,-1,0.4171972878750881
22.368,0,-0.4202208552284176,-1,0.4202208552284176
22.37,0,-0.4232356522302405,-1,0.4232356522302405
22.372,0,-0.4262416210384646,-1,0.4262416210384646
22.374,0,-0.4292387044125761,-1,0.4292387044125761
22.376,0,-0.4322268457097576,-1,0.4322268457097576
22.378,0,-0.4352059888810292,-1,0.4352059888810292
22.38,0,-0.4381760784674094,-1,0.4381760784674094
22.382,0,-0.4411370595960978,-1,0.4411370595960978
22.384,0,-0.4440888779766789,-1,0.4440888779766789
22.386,0,-0.4470314798973468,-1,0.4470314798973468
22.388,0,-0.4499648122211508,-1,0.4499648122211508
22.39,0,-0.4528888223822614,-1,0.4528888223822614
22.392,0,-0.4558034583822577,-1,0.4558034583822577
22.394,0,-0.4587086687864345,-1,0.4587086687864345
22.396,0,-0.4616044027201307,-1,0.4616044027201307
22.398,0,-0.464490609865077,-1,0.464490609865077
22.4,0,-0.4673672404557647,-1,0.4673672404557647
22.402,0,-0.4702342452758344,-1,0.4702342452758344
22.404,0,-0.4730915756544846,-1,0.4730915756544846
22.406,0,-0.4759391834629002,-1,0.4759391834629002
22.408,0,-0.4787770211107008,-1,0.4787770211107008
22.41,0,-0.481605041542409,-1,0.481605041542409
22.412,0,-0.4844231982339381,-1,0.4844231982339381
22.414,0,-0.4872314451890996,-1,0.4872314451890996
22.416,0,-0.4900297369361289,-1,0.4900297369361289
22.418,0,-0.4928180285242327,-1,0.4928180285242327
22.42,0,-0.4955962755201531,-1,0.4955962755201531
22.422,0,-0.4983644340047522,-1,0.4983644340047522
22.424,0,-0.5011224605696157,-1,0.5011224605696157
22.426,0,-0.5038703123136753,-1,0.5038703123136753
22.428,0,-0.506607946839849,-1,0.506607946839849
22.43,0,-0.5093353222517019,-1,0.5093353222517019
22.432,0,-0.5120523971501239,-1,0.5120523971501239
22.434,0,-0.5147591306300272,-1,0.5147591306300272
22.436,0,-0.5174554822770618,-1,0.5174554822770618
22.438,0,-0.5201414121643488,-1,0.5201414121643488
22.44,0,-0.5228168808492331,-1,0.5228168808492331
22.442,0,-0.5254818493700529,-1,0.5254818493700529
22.444,0,-0.5281362792429289,-1,0.5281362792429289
22.446,0,-0.5307801324585698,-1,0.5307801324585698
22.448,0,-0.5334133714790967,-1,0.5334133714790967
22.45,0,-0.5360359592348853,-1,0.5360359592348853
22.452,0,-0.5386478591214254,-1,0.5386478591214254
22.454,0,-0.5412490349961979,-1,0.5412490349961979
22.456,0,-0.54383945117557,-1,0.54383945117557
22.458,0,-0.5464190724317071,-1,0.5464190724317071
22.46,0,-0.5489878639895026,-1,0.5489878639895026
22.462,0,-0.5515457915235247,-1,0.5515457915235247
22.464,0,-0.5540928211549799,-1,0.5540928211549799
22.466,0,-0.5566289194486949,-1,0.5566289194486949
22.468,0,-0.5591540534101137,-1,0.5591540534101137
22.47,0,-0.5616681904823133,-1,0.5616681904823133
22.472,0,-0.5641712985430349,-1,0.5641712985430349
22.474,0,-0.5666633459017326,-1,0.5666633459017326
22.476,0,-0.5691443012966385,-1,0.5691443012966385
22.478,0,-0.5716141338918442,-1,0.5716141338918442
22.48,0,-0.5740728132743993,-1,0.5740728132743993
22.482,0,-0.5765203094514254,-1,0.5765203094514254
22.484,0,-0.5789565928472472,-1,0.5789565928472472
22.486,0,-0.5813816343005395,-1,0.5813816343005395
22.488,0,-0.5837954050614902,-1,0.5837954050614902
22.49,0,-0.5861978767889797,-1,0.5861978767889797
22.492,0,-0.588589021547776,-1,0.588589021547776
22.494,0,-0.5909688118057455,-1,0.5909688118057455
22.496,0,-0.5933372204310798,-1,0.5933372204310798
22.498,0,-0.595694220689539,-1,0.595694220689539
22.5,0,-0.5980397862417091,-1,0.5980397862417091
22.502,0,-0.6003738911402756,-1,0.6003738911402756
22.504,0,-0.6026965098273137,-1,0.6026965098273137
22.506,0,-0.6050076171315919,-1,0.6050076171315919
22.508,0,-0.6073071882658925,-1,0.6073071882658925
22.51,0,-0.6095951988243465,-1,0.6095951988243465
22.512,0,-0.6118716247797842,-1,0.6118716247797842
22.514,0,-0.6141364424811,-1,0.6141364424811
22.516,0,-0.6163896286506335,-1,0.6163896286506335
22.518,0,-0.6186311603815645,-1,0.6186311603815645
22.52,0,-0.620861015135323,-1,0.620861015135323
22.522,0,-0.6230791707390144,-1,0.6230791707390144
22.524,0,-0.6252856053828592,-1,0.6252856053828592
22.526,0,-0.6274802976176466,-1,0.6274802976176466
22.528,0,-0.6296632263522041,-1,0.6296632263522041
22.53,0,-0.6318343708508801,-1,0.6318343708508801
22.532,0,-0.633993710731042,-1,0.633993710731042
22.534,0,-0.6361412259605879,-1,0.6361412259605879
22.536,0,-0.6382768968554724,-1,0.6382768968554724
22.538,0,-0.6404007040772478,-1,0.6404007040772478
22.54,0,-0.642512628630618,-1,0.642512628630618
22.542,0,-0.6446126518610067,-1,0.6446126518610067
22.544,0,-0.6467007554521405,-1,0.6467007554521405
22.546,0,-0.6487769214236444,-1,0.6487769214236444
22.548,0,-0.6508411321286526,-1,0.6508411321286526
22.55,0,-0.6528933702514317,-1,0.6528933702514317
22.552,0,-0.6549336188050184,-1,0.6549336188050184
22.554,0,-0.6569618611288708,-1,0.6569618611288708
22.556,0,-0.6589780808865323,-1,0.6589780808865323
22.558,0,-0.6609822620633102,-1,0.6609822620633102
22.56,0,-0.6629743889639669,-1,0.6629743889639669
22.562,0,-0.6649544462104243,-1,0.6649544462104243
22.564,0,-0.6669224187394823,-1,0.6669224187394823
22.566,0,-0.6688782918005493,-1,0.6688782918005493
22.568,0,-0.6708220509533863,-1,0.6708220509533863
22.57,0,-0.6727536820658651,-1,0.6727536820658651
22.572,0,-0.6746731713117371,-1,0.6746731713117371
22.574,0,-0.6765805051684175,-1,0.6765805051684175
22.576,0,-0.6784756704147804,-1,0.6784756704147804
22.578,0,-0.6803586541289678,-1,0.6803586541289678
22.58,0,-0.682229443686211,-1,0.682229443686211
22.582,0,-0.6840880267566642,-1,0.6840880267566642
22.584,0,-0.6859343913032517,-1,0.6859343913032517
22.586,0,-0.6877685255795259,-1,0.6877685255795259
22.588,0,-0.6895904181275399,-1,0.6895904181275399
22.59,0,-0.69140005777573,-1,0.69140005777573
22.592,0,-0.6931974336368131,-1,0.6931974336368131
22.594,0,-0.6949825351056942,-1,0.6949825351056942
22.596,0,-0.6967553518573871,-1,0.6967553518573871
22.598,0,-0.6985158738449473,-1,0.6985158738449473
22.6,0,-0.7002640912974161,-1,0.7002640912974161
22.602,0,-0.7019999947177776,-1,0.7019999947177776
22.604,0,-0.7037235748809274,-1,0.7037235748809274
22.606,0,-0.7054348228316526,-1,0.7054348228316526
22.608,0,-0.7071337298826241,-1,0.7071337298826241
22.61,0,-0.7088202876124009,-1,0.7088202876124009
22.612,0,-0.710494487863445,-1,0.710494487863445
22.614,0,-0.7121563227401493,-1,0.7121563227401493
22.616,0,-0.7138057846068757,-1,0.7138057846068757
22.618,0,-0.715442866086006,-1,0.715442866086006
22.62,0,-0.717067560056003,-1,0.717067560056003
22.622,0,-0.7186798596494838,-1,0.7186798596494838
22.624,0,-0.7202797582513037,-1,0.7202797582513037
22.626,0,-0.7218672494966526,-1,0.7218672494966526
22.628,0,-0.7234423272691609,-1,0.7234423272691609
22.63,0,-0.7250049856990177,-1,0.7250049856990177
22.632,0,-0.7265552191611,-1,0.7265552191611
22.634,0,-0.728093022273112,-1,0.728093022273112
22.636,0,-0.7296183898937368,-1,0.7296183898937368
22.638,0,-0.7311313171207976,-1,0.7311313171207976
22.64,0,-0.7326317992894306,-1,0.7326317992894306
22.642,0,-0.7341198319702681,-1,0.7341198319702681
22.644,0,-0.7355954109676333,-1,0.7355954109676333
22.646,0,-0.7370585323177442,-1,0.7370585323177442
22.648,0,-0.7385091922869299,-1,0.7385091922869299
22.65,0,-0.7399473873698559,-1,0.7399473873698559
22.652,0,-0.7413731142877609,-1,0.7413731142877609
22.654,0,-0.7427863699867033,-1,0.7427863699867033
22.656,0,-0.7441871516358193,-1,0.7441871516358193
22.658,0,-0.7455754566255893,-1,0.7455754566255893
22.66,0,-0.7469512825661172,-1,0.7469512825661172
22.662,0,-0.7483146272854172,-1,0.7483146272854172
22.664,0,-0.749665488827713,-1,0.749665488827713
22.666,0,-0.7510038654517457,-1,0.7510038654517457
22.668,0,-0.7523297556290925,-1,0.7523297556290925
22.67,0,-0.7536431580424952,-1,0.7536431580424952
22.672,0,-0.7549440715841981,-1,0.7549440715841981
22.674,0,-0.7562324953542972,-1,0.7562324953542972
22.676,0,-0.7575084286590974,-1,0.7575084286590974
22.678,0,-0.7587718710094814,-1,0.7587718710094814
22.68,0,-0.7600228221192866,-1,0.7600228221192866
22.682,0,-0.761261281903693,-1,0.761261281903693
22.684,0,-0.7624872504776201,-1,0.7624872504776201
22.686,0,-0.7637007281541334,-1,0.7637007281541334
22.688,0,-0.7649017154428606,-1,0.7649017154428606
22.69,0,-0.7660902130484175,-1,0.7660902130484175
22.692,0,-0.767266221868843,-1,0.767266221868843
22.694,0,-0.7684297429940431,-1,0.7684297429940431
22.696,0,-0.7695807777042455,-1,0.7695807777042455
22.698,0,-0.7707193274684622,-1,0.7707193274684622
22.7,0,-0.7718453939429617,-1,0.7718453939429617
22.702,0,-0.7729589789697512,-1,0.7729589789697512
22.704,0,-0.7740600845750665,-1,0.7740600845750665
22.706,0,-0.7751487129678722,-1,0.7751487129678722
22.708,0,-0.7762248665383706,-1,0.7762248665383706
22.71,0,-0.777288547856519,-1,0.777288547856519
22.712,0,-0.7783397596705569,-1,0.7783397596705569
22.714,0,-0.7793785049055414,-1,0.7793785049055414
22.716,0,-0.7804047866618917,-1,0.7804047866618917
22.718,0,-0.7814186082139426,-1,0.7814186082139426
22.72,0,-0.7824199730085063,-1,0.7824199730085063
22.722,0,-0.7834088846634433,-1,0.7834088846634433
22.724,0,-0.7843853469662417,-1,0.7843853469662417
22.726,0,-0.7853493638726055,-1,0.7853493638726055
22.728,0,-0.7863009395050506,-1,0.7863009395050506
22.73,0,-0.7872400781515109,-1,0.7872400781515109
22.732,0,-0.7881667842639508,-1,0.7881667842639508
22.734,0,-0.7890810624569882,-1,0.7890810624569882
22.736,0,-0.7899829175065242,-1,0.7899829175065242
22.738,0,-0.7908723543483822,-1,0.7908723543483822
22.74,0,-0.7917493780769552,-1,0.7917493780769552
22.742,0,-0.7926139939438608,-1,0.7926139939438608
22.744,0,-0.7934662073566046,-1,0.7934662073566046
22.746,0,-0.7943060238772521,-1,0.7943060238772521
22.748,0,-0.795133449221109,-1,0.795133449221109
22.75,0,-0.7959484892554078,-1,0.7959484892554078
22.752,0,-0.7967511499980052,-1,0.7967511499980052
22.754,0,-0.797541437616085,-1,0.797541437616085
22.756,0,-0.7983193584248703,-1,0.7983193584248703
22.758,0,-0.7990849188863436,-1,0.7990849188863436
22.76,0,-0.7998381256079737,-1,0.7998381256079737
22.762,0,-0.800578985341452,-1,0.800578985341452
22.764,0,-0.8013075049814349,-1,0.8013075049814349
22.766,0,-0.8020236915642952,-1,0.8020236915642952
22.768,0,-0.8027275522668811,-1,0.8027275522668811
22.77,0,-0.8034190944052816,-1,0.8034190944052816
22.772,0,-0.8040983254336014,-1,0.8040983254336014
22.774,0,-0.8047652529427416,-1,0.8047652529427416
22.776,0,-0.8054198846591893,-1,0.8054198846591893
22.778,0,-0.8060622284438139,-1,0.8060622284438139
22.78,0,-0.8066922922906709,-1,0.8066922922906709
22.782,0,-0.8073100843258133,-1,0.8073100843258133
22.784,0,-0.8079156128061108,-1,0.8079156128061108
22.786,0,-0.8085088861180751,-1,0.8085088861180751
22.788,0,-0.8090899127766941,-1,0.8090899127766941
22.79,0,-0.8096587014242714,-1,0.8096587014242714
22.792,0,-0.8102152608292754,-1,0.8102152608292754
22.794,0,-0.8107595998851933,-1,0.8107595998851933
22.796,0,-0.8112917276093936,-1,0.8112917276093936
22.798,0,-0.8118116531419953,-1,0.8118116531419953
22.8,0,-0.812319385744744,-1,0.812319385744744
22.802,0,-0.8128149347998953,-1,0.8128149347998953
22.804,0,-0.8132983098091051,-1,0.8132983098091051
22.806,0,-0.8137695203923265,-1,0.8137695203923265
22.808,0,-0.8142285762867144,-1,0.8142285762867144
22.81,0,-0.814675487345536,-1,0.814675487345536
22.812,0,-0.8151102635370886,-1,0.8151102635370886
22.814,0,-0.8155329149436246,-1,0.8155329149436246
22.816,0,-0.8159434517602823,-1,0.8159434517602823
22.818,0,-0.8163418842940242,-1,0.8163418842940242
22.82,0,-0.8167282229625819,-1,0.8167282229625819
22.822,0,-0.817102478293407,-1,0.817102478293407
22.824,0,-0.8174646609226296,-1,0.8174646609226296
22.826,0,-0.8178147815940224,-1,0.8178147815940224
22.828,0,-0.8181528511579721,-1,0.8181528511579721
22.83,0,-0.8184788805704566,-1,0.8184788805704566
22.832,0,-0.8187928808920295,-1,0.8187928808920295
22.834,0,-0.8190948632868104,-1,0.8190948632868104
22.836,0,-0.8193848390214814,-1,0.8193848390214814
22.838,0,-0.819662819464291,-1,0.819662819464291
22.84,0,-0.8199288160840631,-1,0.8199288160840631
22.842,0,-0.8201828404492131,-1,0.8201828404492131
22.844,0,-0.8204249042267698,-1,0.8204249042267698
22.846,0,-0.820655019181404,-1,0.820655019181404
22.848,0,-0.8208731971744627,-1,0.8208731971744627
22.85,0,-0.8210794501630099,-1,0.8210794501630099
22.852,0,-0.8212737901988734,-1,0.8212737901988734
22.854,0,-0.8214562294276975,-1,0.8214562294276975
22.856,0,-0.8216267800880021,-1,0.8216267800880021
22.858,0,-0.8217854545102473,-1,0.8217854545102473
22.86,0,-0.821932265115905,-1,0.821932265115905
22.862,0,-0.822067224416535,-1,0.822067224416535
22.864,0,-0.822190345012868,-1,0.822190345012868
22.866,0,-0.8223016395938947,-1,0.8223016395938947
22.868,0,-0.8224011209359595,-1,0.8224011209359595
22.87,0,-0.8224888019018618,-1,0.8224888019018618
22.872,0,-0.8225646954399615,-1,0.8225646954399615
22.874,0,-0.822628814583291,-1,0.822628814583291
22.876,0,-0.8226811724486729,-1,0.8226811724486729
22.878,0,-0.8227217822358435,-1,0.8227217822358435
22.88,0,-0.8227506572265814,-1,0.8227506572265814
22.882,0,-0.8227678107838423,-1,0.8227678107838423
22.884,0,-0.8227732563508995,-1,0.8227732563508995
22.886,0,-0.8227670074504893,-1,0.8227670074504893
22.888,0,-0.8227490776839622,-1,0.8227490776839622
22.89,0,-0.8227194807304405,-1,0.8227194807304405
22.892,0,-0.8226782303459798,-1,0.8226782303459798
22.894,0,-0.822625340362737,-1,0.822625340362737
22.896,0,-0.822560824688144,-1,0.822560824688144
22.898,0,-0.8224846973040852,-1,0.8224846973040852
22.9,0,-0.8223969722660828,-1,0.8223969722660828
22.902,0,-0.8222976637024848,-1,0.8222976637024848
22.904,0,-0.8221867858136604,-1,0.8221867858136604
22.906,0,-0.8220643528711996,-1,0.8220643528711996
22.908,0,-0.8219303792171179,-1,0.8219303792171179
22.91,0,-0.8217848792630671,-1,0.8217848792630671
22.912,0,-0.8216278674895505,-1,0.8216278674895505
22.914,0,-0.8214593584451437,-1,0.8214593584451437
22.916,0,-0.8212793667457201,-1,0.8212793667457201
22.918,0,-0.821087907073682,-1,0.821087907073682
22.92,0,-0.8208849941771962,-1,0.8208849941771962
22.922,0,-0.8206706428694355,-1,0.8206706428694355
22.924,0,-0.8204448680278239,-1,0.8204448680278239
22.926,0,-0.8202076845932882,-1,0.8202076845932882
22.928,0,-0.8199591075695135,-1,0.8199591075695135
22.93,0,-0.8196991520222043,-1,0.8196991520222043
22.932,0,-0.8194278330783502,-1,0.8194278330783502
22.934,0,-0.8191451659254964,-1,0.8191451659254964
22.936,0,-0.818851165811019,-1,0.818851165811019
22.938,0,-0.8185458480414057,-1,0.8185458480414057
22.94,0,-0.8182292279815406,-1,0.8182292279815406
22.942,0,-0.817901321053994,-1,0.817901321053994
22.944,0,-0.8175621427383172,-1,0.8175621427383172
22.946,0,-0.8172117085703414,-1,0.8172117085703414
22.948,0,-0.8168500341414822,-1,0.8168500341414822
22.95,0,-0.8164771350980476,-1,0.8164771350980476
22.952,0,-0.8160930271405521,-1,0.8160930271405521
22.954,0,-0.8156977260230336,-1,0.8156977260230336
22.956,0,-0.8152912475523766,-1,0.8152912475523766
22.958,0,-0.8148736075876389,-1,0.8148736075876389
22.96,0,-0.8144448220393833,-1,0.8144448220393833
22.962,0,-0.8140049068690134,-1,0.8140049068690134
22.964,0,-0.8135538780881144,-1,0.8135538780881144
22.966,0,-0.8130917517577981,-1,0.8130917517577981
22.968,0,-0.812618543988052,-1,0.812618543988052
22.97,0,-0.8121342709370933,-1,0.8121342709370933
22.972,0,-0.8116389488107273,-1,0.8116389488107273
22.974,0,-0.8111325938617095,-1,0.8111325938617095
22.976,0,-0.8106152223891132,-1,0.8106152223891132
22.978,0,-0.8100868507376998,-1,0.8100868507376998
22.98,0,-0.809547495297295,-1,0.809547495297295
22.982,0,-0.8089971725021682,-1,0.8089971725021682
22.984,0,-0.8084358988304166,-1,0.8084358988304166
22.986,0,-0.8078636908033532,-1,0.8078636908033532
22.988,0,-0.8072805649848994,-1,0.8072805649848994
22.99,0,-0.8066865379809814,-1,0.8066865379809814
22.992,0,-0.8060816264389309,-1,0.8060816264389309
22.994,0,-0.8054658470468896,-1,0.8054658470468896
22.996,0,-0.8048392165332188,-1,0.8048392165332188
22.998,0,-0.8042017516659116,-1,0.8042017516659116
23,0,-0.8035534692520101,-1,0.8035534692520101
23.002,0,-0.8028943861370268,-1,0.8028943861370268
23.004,0,-0.802224519204369,-1,0.802224519204369
23.006,0,-0.8015438853747683,-1,0.8015438853747683
23.008,0,-0.8008525016057133,-1,0.8008525016057133
23.01,0,-0.8001503848908864,-1,0.8001503848908864
23.012,0,-0.7994375522596049,-1,0.7994375522596049
23.014,0,-0.7987140207762653,-1,0.7987140207762653
23.016,0,-0.7979798075397921,-1,0.7979798075397921
23.018,0,-0.7972349296830904,-1,0.7972349296830904
23.02,0,-0.7964794043725014,-1,0.7964794043725014
23.022,0,-0.7957132488072631,-1,0.7957132488072631
23.024,0,-0.7949364802189737,-1,0.7949364802189737
23.026,0,-0.7941491158710594,-1,0.7941491158710594
23.028,0,-0.7933511730582454,-1,0.7933511730582454
23.03,0,-0.7925426691060313,-1,0.7925426691060313
23.032,0,-0.7917236213701693,-1,0.7917236213701693
23.034,0,-0.7908940472361469,-1,0.7908940472361469
23.036,0,-0.7900539641186727,-1,0.7900539641186727
23.038,0,-0.7892033894611663,-1,0.7892033894611663
23.04,0,-0.7883423407352513,-1,0.7883423407352513
23.042,0,-0.7874708354402523,-1,0.7874708354402523
23.044,0,-0.7865888911026951,-1,0.7865888911026951
23.046,0,-0.785696525275811,-1,0.785696525275811
23.048,0,-0.784793755539044,-1,0.784793755539044
23.05,0,-0.7838805994975615,-1,0.7838805994975615
23.052,0,-0.7829570747817697,-1,0.7829570747817697
23.054,0,-0.7820231990468305,-1,0.7820231990468305
23.056,0,-0.7810789899721836,-1,0.7810789899721836
23.058,0,-0.780124465261071,-1,0.780124465261071
23.06,0,-0.7791596426400653,-1,0.7791596426400653
23.062,0,-0.7781845398586013,-1,0.7781845398586013
23.064,0,-0.7771991746885107,-1,0.7771991746885107
23.066,0,-0.7762035649235612,-1,0.7762035649235612
23.068,0,-0.7751977283789973,-1,0.7751977283789973
23.07,0,-0.7741816828910855,-1,0.7741816828910855
23.072,0,-0.7731554463166628,-1,0.7731554463166628
23.074,0,-0.7721190365326881,-1,0.7721190365326881
23.076,0,-0.771072471435797,-1,0.771072471435797
23.078,0,-0.7700157689418597,-1,0.7700157689418597
23.08,0,-0.7689489469855423,-1,0.7689489469855423
23.082,0,-0.767872023519871,-1,0.767872023519871
23.084,0,-0.7667850165158003,-1,0.7667850165158003
23.086,0,-0.7656879439617831,-1,0.7656879439617831
23.088,0,-0.7645808238633449,-1,0.7645808238633449
23.09,0,-0.763463674242661,-1,0.763463674242661
23.092,0,-0.7623365131381363,-1,0.7623365131381363
23.094,0,-0.7611993586039887,-1,0.7611993586039887
23.096,0,-0.7600522287098351,-1,0.7600522287098351
23.098,0,-0.7588951415402814,-1,0.7588951415402814
23.1,0,-0.757728115194514,-1,0.757728115194514
23.102,0,-0.756551167785896,-1,0.756551167785896
23.104,0,-0.7553643174415651,-1,0.7553643174415651
23.106,0,-0.754167582302035,-1,0.754167582302035
23.108,0,-0.7529609805207998,-1,0.7529609805207998
23.11,0,-0.7517445302639415,-1,0.7517445302639415
23.112,0,-0.7505182497097397,-1,0.7505182497097397
23.114,0,-0.7492821570482853,-1,0.7492821570482853
23.116,0,-0.7480362704810959,-1,0.7480362704810959
23.118,0,-0.7467806082207352,-1,0.7467806082207352
23.12,0,-0.7455151884904345,-1,0.7455151884904345
23.122,0,-0.7442400295237174,-1,0.7442400295237174
23.124,0,-0.742955149564027,-1,0.742955149564027
23.126,0,-0.7416605668643564,-1,0.7416605668643564
23.128,0,-0.7403562996868817,-1,0.7403562996868817
23.13,0,-0.7390423663025975,-1,0.7390423663025975
23.132,0,-0.7377187849909557,-1,0.7377187849909557
23.134,0,-0.7363855740395069,-1,0.7363855740395069
23.136,0,-0.7350427517435443,-1,0.7350427517435443
23.138,0,-0.7336903364057503,-1,0.7336903364057503
23.14,0,-0.7323283463358463,-1,0.7323283463358463
23.142,0,-0.7309567998502446,-1,0.7309567998502446
23.144,0,-0.7295757152717033,-1,0.7295757152717033
23.146,0,-0.7281851109289833,-1,0.7281851109289833
23.148,0,-0.7267850051565092,-1,0.7267850051565092
23.15,0,-0.7253754162940315,-1,0.7253754162940315
23.152,0,-0.7239563626862916,-1,0.7239563626862916
23.154,0,-0.7225278626826904,-1,0.7225278626826904
23.156,0,-0.7210899346369581,-1,0.7210899346369581
23.158,0,-0.7196425969068277,-1,0.7196425969068277
23.16,0,-0.7181858678537104,-1,0.7181858678537104
23.162,0,-0.7167197658423734,-1,0.7167197658423734
23.164,0,-0.7152443092406208,-1,0.7152443092406208
23.166,0,-0.7137595164189767,-1,0.7137595164189767
23.168,0,-0.7122654057503708,-1,0.7122654057503708
23.17,0,-0.710761995609826,-1,0.710761995609826
23.172,0,-0.7092493043741496,-1,0.7092493043741496
23.174,0,-0.7077273504216255,-1,0.7077273504216255
23.176,0,-0.7061961521317102,-1,0.7061961521317102
23.178,0,-0.70465572788473,-1,0.70465572788473
23.18,0,-0.7031060960615816,-1,0.7031060960615816
23.182,0,-0.7015472750434345,-1,0.7015472750434345
23.184,0,-0.6999792832114358,-1,0.6999792832114358
23.186,0,-0.6984021389464172,-1,0.6984021389464172
23.188,0,-0.6968158606286056,-1,0.6968158606286056
23.19,0,-0.6952204666373335,-1,0.6952204666373335
23.192,0,-0.6936159753507547,-1,0.6936159753507547
23.194,0,-0.6920024051455599,-1,0.6920024051455599
23.196,0,-0.6903797743966956,-1,0.6903797743966956
23.198,0,-0.6887481014770857,-1,0.6887481014770857
23.2,0,-0.6871074047573541,-1,0.6871074047573541
23.202,0,-0.6854577026055509,-1,0.6854577026055509
23.204,0,-0.6837990133868798,-1,0.6837990133868798
23.206,0,-0.6821313554634282,-1,0.6821313554634282
23.208,0,-0.6804547471938994,-1,0.6804547471938994
23.21,0,-0.6787692069333473,-1,0.6787692069333473
23.212,0,-0.6770747530329124,-1,0.6770747530329124
23.214,0,-0.6753714038395611,-1,0.6753714038395611
23.216,0,-0.6736591776958261,-1,0.6736591776958261
23.218,0,-0.6719380929395498,-1,0.6719380929395498
23.22,0,-0.670208167903629,-1,0.670208167903629
23.222,0,-0.668469420915763,-1,0.668469420915763
23.224,0,-0.6667218702982017,-1,0.6667218702982017
23.226,0,-0.6649655343674983,-1,0.6649655343674983
23.228,0,-0.6632004314342618,-1,0.6632004314342618
23.23,0,-0.6614265798029131,-1,0.6614265798029131
23.232,0,-0.6596439977714424,-1,0.6596439977714424
23.234,0,-0.6578527036311692,-1,0.6578527036311692
23.236,0,-0.6560527156665032,-1,0.6560527156665032
23.238,0,-0.6542440521547089,-1,0.6542440521547089
23.24,0,-0.6524267313656705,-1,0.6524267313656705
23.242,0,-0.6506007715616601,-1,0.6506007715616601
23.244,0,-0.6487661909971069,-1,0.6487661909971069
23.246,0,-0.646923007918369,-1,0.646923007918369
23.248,0,-0.6450712405635071,-1,0.6450712405635071
23.25,0,-0.6432109071620595,-1,0.6432109071620595
23.252,0,-0.6413420259348201,-1,0.6413420259348201
23.254,0,-0.6394646150936173,-1,0.6394646150936173
23.256,0,-0.637578692841095,-1,0.637578692841095
23.258,0,-0.6356842773704964,-1,0.6356842773704964
23.26,0,-0.6337813868654483,-1,0.6337813868654483
23.262,0,-0.6318700394997483,-1,0.6318700394997483
23.264,0,-0.6299502534371535,-1,0.6299502534371535
23.266,0,-0.6280220468311709,-1,0.6280220468311709
23.268,0,-0.6260854378248499,-1,0.6260854378248499
23.27,0,-0.6241404445505765,-1,0.6241404445505765
23.272,0,-0.622187085129869,-1,0.622187085129869
23.274,0,-0.6202253776731763,-1,0.6202253776731763
23.276,0,-0.6182553402796772,-1,0.6182553402796772
23.278,0,-0.6162769910370817,-1,0.6162769910370817
23.28,0,-0.6142903480214343,-1,0.6142903480214343
23.282,0,-0.612295429296919,-1,0.612295429296919
23.284,0,-0.6102922529156656,-1,0.6102922529156656
23.286,0,-0.6082808369175582,-1,0.6082808369175582
23.288,0,-0.6062611993300455,-1,0.6062611993300455
23.29,0,-0.6042333581679523,-1,0.6042333581679523
23.292,0,-0.6021973314332932,-1,0.6021973314332932
23.294,0,-0.6001531371150878,-1,0.6001531371150878
23.296,0,-0.5981007931891772,-1,0.5981007931891772
23.298,0,-0.5960403176180431,-1,0.5960403176180431
23.3,0,-0.5939717283506276,-1,0.5939717283506276
23.302,0,-0.5918950433221553,-1,0.5918950433221553
23.304,0,-0.5898102804539564,-1,0.5898102804539564
23.306,0,-0.5877174576532925,-1,0.5877174576532925
23.308,0,-0.5856165928131825,-1,0.5856165928131825
23.31,0,-0.5835077038122314,-1,0.5835077038122314
23.312,0,-0.5813908085144605,-1,0.5813908085144605
23.314,0,-0.5792659247691381,-1,0.5792659247691381
23.316,0,-0.5771330704106135,-1,0.5771330704106135
23.318,0,-0.5749922632581511,-1,0.5749922632581511
23.32,0,-0.5728435211157669,-1,0.5728435211157669
23.322,0,-0.570686861772066,-1,0.570686861772066
23.324,0,-0.5685223030000821,-1,0.5685223030000821
23.326,0,-0.5663498625571185,-1,0.5663498625571185
23.328,0,-0.5641695581845901,-1,0.5641695581845901
23.33,0,-0.5619814076078676,-1,0.5619814076078676
23.332,0,-0.5597854285361226,-1,0.5597854285361226
23.334,0,-0.5575816386621745,-1,0.5575816386621745
23.336,0,-0.5553700556623391,-1,0.5553700556623391
23.338,0,-0.5531506971962782,-1,0.5531506971962782
23.34,0,-0.5509235809068508,-1,0.5509235809068508
23.342,0,-0.548688724419966,-1,0.548688724419966
23.344,0,-0.5464461453444369,-1,0.5464461453444369
23.346,0,-0.5441958612718368,-1,0.5441958612718368
23.348,0,-0.5419378897763556,-1,0.5419378897763556
23.35,0,-0.5396722484146583,-1,0.5396722484146583
23.352,0,-0.5373989547257454,-1,0.5373989547257454
23.354,0,-0.5351180262308134,-1,0.5351180262308134
23.356,0,-0.5328294804331182,-1,0.5328294804331182
23.358,0,-0.5305333348178384,-1,0.5305333348178384
23.36,0,-0.5282296068519412,-1,0.5282296068519412
23.362,0,-0.525918313984049,-1,0.525918313984049
23.364,0,-0.5235994736443075,-1,0.5235994736443075
23.366,0,-0.521273103244255,-1,0.521273103244255
23.368,0,-0.5189392201766936,-1,0.5189392201766936
23.37,0,-0.5165978418155608,-1,0.5165978418155608
23.372,0,-0.5142489855158033,-1,0.5142489855158033
23.374,0,-0.5118926686132518,-1,0.5118926686132518
23.376,0,-0.5095289084244966,-1,0.5095289084244966
23.378,0,-0.5071577222467656,-1,0.5071577222467656
23.38,0,-0.5047791273578023,-1,0.5047791273578023
23.382,0,-0.5023931410157462,-1,0.5023931410157462
23.384,0,-0.4999997804590136,-1,0.4999997804590136
23.386,0,-0.4975990629061802,-1,0.4975990629061802
23.388,0,-0.4951910055558651,-1,0.4951910055558651
23.39,0,-0.4927756255866152,-1,0.4927756255866152
23.392,0,-0.4903529401567916,-1,0.4903529401567916
23.394,0,-0.4879229664044571,-1,0.4879229664044571
23.396,0,-0.4854857214472648,-1,0.4854857214472648
23.398,0,-0.4830412223823478,-1,0.4830412223823478
23.4,0,-0.4805894862862103,-1,0.4805894862862103
23.402,0,-0.47813053021462,-1,0.47813053021462
23.404,0,-0.4756643712025014,-1,0.4756643712025014
23.406,0,-0.4731910262638303,-1,0.4731910262638303
23.408,0,-0.4707105123915296,-1,0.4707105123915296
23.41,0,-0.4682228465573665,-1,0.4682228465573665
23.412,0,-0.4657280457118504,-1,0.4657280457118504
23.414,0,-0.4632261267841323,-1,0.4632261267841323
23.416,0,-0.460717106681905,-1,0.460717106681905
23.418,0,-0.4582010022913046,-1,0.4582010022913046
23.42,0,-0.4556778304768136,-1,0.4556778304768136
23.422,0,-0.4531476080811642,-1,0.4531476080811642
23.424,0,-0.4506103519252433,-1,0.4506103519252433
23.426,0,-0.4480660788079989,-1,0.4480660788079989
23.428,0,-0.4455148055063466,-1,0.4455148055063466
23.43,0,-0.4429565487750783,-1,0.4429565487750783
23.432,0,-0.4403913253467711,-1,0.4403913253467711
23.434,0,-0.4378191519316978,-1,0.4378191519316978
23.436,0,-0.4352400452177387,-1,0.4352400452177387
23.438,0,-0.4326540218702932,-1,0.4326540218702932
23.44,0,-0.4300610985321943,-1,0.4300610985321943
23.442,0,-0.4274612918236226,-1,0.4274612918236226
23.444,0,-0.4248546183420222,-1,0.4248546183420222
23.446,0,-0.4222410946620171,-1,0.4222410946620171
23.448,0,-0.4196207373353292,-1,0.4196207373353292
23.45,0,-0.4169935628906968,-1,0.4169935628906968
23.452,0,-0.4143595878337945,-1,0.4143595878337945
23.454,0,-0.4117188286471538,-1,0.4117188286471538
23.456,0,-0.4090713017900849,-1,0.4090713017900849
23.458,0,-0.4064170236985995,-1,0.4064170236985995
23.46,0,-0.4037560107853342,-1,0.4037560107853342
23.462,0,-0.4010882794394758,-1,0.4010882794394758
23.464,0,-0.3984138460266862,-1,0.3984138460266862
23.466,0,-0.3957327268890298,-1,0.3957327268890298
23.468,0,-0.3930449383449005,-1,0.3930449383449005
23.47,0,-0.3903504966889507,-1,0.3903504966889507
23.472,0,-0.3876494181920204,-1,0.3876494181920204
23.474,0,-0.3849417191010679,-1,0.3849417191010679
23.476,0,-0.3822274156391015,-1,0.3822274156391015
23.478,0,-0.3795065240051108,-1,0.3795065240051108
23.48,0,-0.3767790603740009,-1,0.3767790603740009
23.482,0,-0.3740450408965263,-1,0.3740450408965263
23.484,0,-0.3713044816992256,-1,0.3713044816992256
23.486,0,-0.368557398884358,-1,0.368557398884358
23.488,0,-0.3658038085298397,-1,0.3658038085298397
23.49,0,-0.3630437266891817,-1,0.3630437266891817
23.492,0,-0.3602771693914288,-1,0.3602771693914288
23.494,0,-0.3575041526410987,-1,0.3575041526410987
23.496,0,-0.3547246924181227,-1,0.3547246924181227
23.498,0,-0.3519388046777864,-1,0.3519388046777864
23.5,0,-0.3491465053506728,-1,0.3491465053506728
23.502,0,-0.346347810342604,-1,0.346347810342604
23.504,0,-0.3435427355345863,-1,0.3435427355345863
23.506,0,-0.3407312967827538,-1,0.3407312967827538
23.508,0,-0.3379135099183144,-1,0.3379135099183144
23.51,0,-0.3350893907474963,-1,0.3350893907474963
23.512,0,-0.3322589550514947,-1,0.3322589550514947
23.514,0,-0.3294222185864198,-1,0.3294222185864198
23.516,0,-0.3265791970832463,-1,0.3265791970832463
23.518,0,-0.3237299062477619,-1,0.3237299062477619
23.52,0,-0.3208743617605186,-1,0.3208743617605186
23.522,0,-0.3180125792767834,-1,0.3180125792767834
23.524,0,-0.3151445744264906,-1,0.3151445744264906
23.526,0,-0.3122703628141942,-1,0.3122703628141942
23.528,0,-0.3093899600190219,-1,0.3093899600190219
23.53,0,-0.3065033815946289,-1,0.3065033815946289
23.532,0,-0.3036106430691535,-1,0.3036106430691535
23.534,0,-0.3007117599451729,-1,0.3007117599451729
23.536,0,-0.2978067476996594,-1,0.2978067476996594
23.538,0,-0.2948956217839381,-1,0.2948956217839381
23.54,0,-0.2919783976236452,-1,0.2919783976236452
23.542,0,-0.2890550906186865,-1,0.2890550906186865
23.544,0,-0.2861257161431971,-1,0.2861257161431971
23.546,0,-0.2831902895455019,-1,0.2831902895455019
23.548,0,-0.2802488261480766,-1,0.2802488261480766
23.55,0,-0.2773013412475092,-1,0.2773013412475092
23.552,0,-0.2743478501144631,-1,0.2743478501144631
23.554,0,-0.2713883679936397,-1,0.2713883679936397
23.556,0,-0.2684229101037429,-1,0.2684229101037429
23.558,0,-0.265451491637443,-1,0.265451491637443
23.56,0,-0.2624741277613427,-1,0.2624741277613427
23.562,0,-0.2594908336159429,-1,0.2594908336159429
23.564,0,-0.2565016243156093,-1,0.2565016243156093
23.566,0,-0.2535065149485397,-1,0.2535065149485397
23.568,0,-0.2505055205767324,-1,0.2505055205767324
23.57,0,-0.2474986562359545,-1,0.2474986562359545
23.572,0,-0.2444859369357118,-1,0.2444859369357118
23.574,0,-0.2414673776592184,-1,0.2414673776592184
23.576,0,-0.2384429933633676,-1,0.2384429933633676
23.578,0,-0.2354127989787034,-1,0.2354127989787034
23.58,0,-0.2323768094093924,-1,0.2323768094093924
23.582,0,-0.2293350395331963,-1,0.2293350395331963
23.584,0,-0.2262875042014454,-1,0.2262875042014454
23.586,0,-0.2232342182390126,-1,0.2232342182390126
23.588,0,-0.2201751964442878,-1,0.2201751964442878
23.59,0,-0.2171104535891532,-1,0.2171104535891532
23.592,0,-0.2140400044189589,-1,0.2140400044189589
23.594,0,-0.2109638636524997,-1,0.2109638636524997
23.596,0,-0.2078820459819917,-1,0.2078820459819917
23.598,0,-0.2047945660730503,-1,0.2047945660730503
23.6,0,-0.2017014385646683,-1,0.2017014385646683
23.602,0,-0.1986026780691946,-1,0.1986026780691946
23.604,0,-0.195498299172314,-1,0.195498299172314
23.606,0,-0.1923883164330268,-1,0.1923883164330268
23.608,0,-0.1892727443836299,-1,0.1892727443836299
23.61,0,-0.1861515975296973,-1,0.1861515975296973
23.612,0,-0.1830248903500626,-1,0.1830248903500626
23.614,0,-0.1798926372968008,-1,0.1798926372968008
23.616,0,-0.1767548527952115,-1,0.1767548527952115
23.618,0,-0.1736115512438023,-1,0.1736115512438023
23.62,0,-0.1704627470142727,-1,0.1704627470142727
23.622,0,-0.1673084544514988,-1,0.1673084544514988
23.624,0,-0.1641486878735184,-1,0.1641486878735184
23.626,0,-0.1609834615715169,-1,0.1609834615715169
23.628,0,-0.1578127898098128,-1,0.1578127898098128
23.63,0,-0.1546366868258454,-1,0.1546366868258454
23.632,0,-0.1514551668301615,-1,0.1514551668301615
23.634,0,-0.1482682440064033,-1,0.1482682440064033
23.636,0,-0.1450759325112968,-1,0.1450759325112968
23.638,0,-0.1418782464746408,-1,0.1418782464746408
23.64,0,-0.1386751999992961,-1,0.1386751999992961
23.642,0,-0.1354668071611753,-1,0.1354668071611753
23.644,0,-0.1322530820092336,-1,0.1322530820092336
23.646,0,-0.1290340385654593,-1,0.1290340385654593
23.648,0,-0.1258096908248655,-1,0.1258096908248655
23.65,0,-0.1225800527554819,-1,0.1225800527554819
23.652,0,-0.1193451382983471,-1,0.1193451382983471
23.654,0,-0.1161049613675018,-1,0.1161049613675018
23.656,0,-0.1128595358499819,-1,0.1128595358499819
23.658,0,-0.1096088756058124,-1,0.1096088756058124
23.66,0,-0.106352994468002,-1,0.106352994468002
23.662,0,-0.1030919062425376,-1,0.1030919062425376
23.664,0,-0.0998256247083799,-1,0.0998256247083799
23.666,0,-0.09655416361745883,-1,0.09655416361745883
23.668,0,-0.09327753669467008,-1,0.09327753669467008
23.67,0,-0.08999575763787163,-1,0.08999575763787163
23.672,0,-0.08670884011788092,-1,0.08670884011788092
23.674,0,-0.08341679777847251,-1,0.08341679777847251
23.676,0,-0.08011964423637606,-1,0.08011964423637606
23.678,0,-0.07681739308127487,-1,0.07681739308127487
23.68,0,-0.07351005787580481,-1,0.07351005787580481
23.682,0,-0.07019765215555367,-1,0.07019765215555367
23.684,0,-0.06688018942906102,-1,0.06688018942906102
23.686,0,-0.06355768317781844,-1,0.06355768317781844
23.688,0,-0.06023014685627023,-1,0.06023014685627023
23.69,0,-0.05689759389181442,-1,0.05689759389181442
23.692,0,-0.05356003768480441,-1,0.05356003768480441
23.694,0,-0.05021749160855084,-1,0.05021749160855084
23.696,0,-0.04686996900932398,-1,0.04686996900932398
23.698,0,-0.04351748320635649,-1,0.04351748320635649
23.7,0,-0.0401600474918466,-1,0.0401600474918466
23.702,0,-0.03679767513096171,-1,0.03679767513096171
23.704,0,-0.03343037936184236,-1,0.03343037936184236
23.706,0,-0.03005817339560663,-1,0.03005817339560663
23.708,0,-0.02668107041635493,-1,0.02668107041635493
23.71,0,-0.02329908358117515,-1,0.02329908358117515
23.712,0,-0.01991222602014824,-1,0.01991222602014824
23.714,0,-0.01652051083635417,-1,0.01652051083635417
23.716,0,-0.01312395110587824,-1,0.01312395110587824
23.718,0,-0.009722559877817826,-1,0.009722559877817826
23.72,0,-0.006316350174289432,-1,0.006316350174289432
23.722,0,-0.00290533499043618,-1,0.00290533499043618
23.724,0,0.0005104727055643635,1,-0.0005104727055643635
23.726,0,0.003931020061327546,1,-0.003931020061327546
23.728,0,0.007356148364417604,1,-0.007356148364417604
23.73,0,0.01078568684935547,1,-0.01078568684935547
23.732,0,0.01421946604105465,1,-0.01421946604105465
23.734,0,0.01765731774724004,1,-0.01765731774724004
23.736,0,0.02109907505090668,1,-0.02109907505090668
23.738,0,0.02454457230281838,1,-0.02454457230281838
23.74,0,0.02799364511404577,1,-0.02799364511404577
23.742,0,0.03144613034854383,1,-0.03144613034854383
23.744,0,0.03490186611576855,1,-0.03490186611576855
23.746,0,0.0383606917633326,1,-0.0383606917633326
23.748,0,0.04182244786969975,1,-0.04182244786969975
23.75,0,0.04528697623691791,1,-0.04528697623691791
23.752,0,0.0487541198833906,1,-0.0487541198833906
23.754,0,0.05222372303668659,1,-0.05222372303668659
23.756,0,0.05569563112638757,1,-0.05569563112638757
23.758,0,0.05916969077697368,1,-0.05916969077697368
23.76,0,0.06264574980074666,1,-0.06264574980074666
23.762,0,0.06612365719079051,1,-0.06612365719079051
23.764,0,0.06960326311396933,1,-0.06960326311396933
23.766,0,0.07308441890396233,1,-0.07308441890396233
23.768,0,0.07656697705433574,1,-0.07656697705433574
23.77,0,0.08005079121165136,1,-0.08005079121165136
23.772,0,0.08353571616861175,1,-0.08353571616861175
23.774,0,0.08702160785724172,1,-0.08702160785724172
23.776,0,0.090508323342106,1,-0.090508323342106
23.778,0,0.09399572081356287,1,-0.09399572081356287
23.78,0,0.09748365958105372,1,-0.09748365958105372
23.782,0,0.1009720000664281,1,-0.1009720000664281
23.784,0,0.1044606037973042,1,-0.1044606037973042
23.786,0,0.1079493334004651,1,-0.1079493334004651
23.788,0,0.1114380525952892,1,-0.1114380525952892
23.79,0,0.1149266261872164,1,-0.1149266261872164
23.792,0,0.1184149200612488,1,-0.1184149200612488
23.794,0,0.1219028011754859,1,-0.1219028011754859
23.796,0,0.1253901375546939,1,-0.1253901375546939
23.798,0,0.1288767982839103,1,-0.1288767982839103
23.8,0,0.1323626535020812,1,-0.1323626535020812
23.802,0,0.1358475743957333,1,-0.1358475743957333
23.804,0,0.1393314331926797,1,-0.1393314331926797
23.806,0,0.1428141031557588,1,-0.1428141031557588
23.808,0,0.1462954585766072,1,-0.1462954585766072
23.81,0,0.1497753747694648,1,-0.1497753747694648
23.812,0,0.1532537280650142,1,-0.1532537280650142
23.814,0,0.1567303958042522,1,-0.1567303958042522
23.816,0,0.1602052563323943,1,-0.1602052563323943
23.818,0,0.1636781889928116,1,-0.1636781889928116
23.82,0,0.1671490741210004,1,-0.1671490741210004
23.822,0,0.1706177930385836,1,-0.1706177930385836
23.824,0,0.1740842280473445,1,-0.1740842280473445
23.826,0,0.1775482624232928,1,-0.1775482624232928
23.828,0,0.1810097804107616,1,-0.1810097804107616
23.83,0,0.1844686672165364,1,-0.1844686672165364
23.832,0,0.1879248090040159,1,-0.1879248090040159
23.834,0,0.1913780928874035,1,-0.1913780928874035
23.836,0,0.1948284069259303,1,-0.1948284069259303
23.838,0,0.1982756401181087,1,-0.1982756401181087
23.84,0,0.2017196823960175,1,-0.2017196823960175
23.842,0,0.2051604246196166,1,-0.2051604246196166
23.844,0,0.2085977585710934,1,-0.2085977585710934
23.846,0,0.2120315769492389,1,-0.2120315769492389
23.848,0,0.2154617733638537,1,-0.2154617733638537
23.85,0,0.2188882423301849,1,-0.2188882423301849
23.852,0,0.2223108792633922,1,-0.2223108792633922
23.854,0,0.2257295804730441,1,-0.2257295804730441
23.856,0,0.2291442431576436,1,-0.2291442431576436
23.858,0,0.2325547653991833,1,-0.2325547653991833
23.86,0,0.2359610461577296,1,-0.2359610461577296
23.862,0,0.2393629852660372,1,-0.2393629852660372
23.864,0,0.2427604834241905,1,-0.2427604834241905
23.866,0,0.2461534421942761,1,-0.2461534421942761
23.868,0,0.2495417639950826,1,-0.2495417639950826
23.87,0,0.2529253520968293,1,-0.2529253520968293
23.872,0,0.2563041106159237,1,-0.2563041106159237
23.874,0,0.2596779445097469,1,-0.2596779445097469
23.876,0,0.2630467595714671,1,-0.2630467595714671
23.878,0,0.2664104624248814,1,-0.2664104624248814
23.88,0,0.2697689605192856,1,-0.2697689605192856
23.882,0,0.2731221621243709,1,-0.2731221621243709
23.884,0,0.2764699763251493,1,-0.2764699763251493
23.886,0,0.2798123130169055,1,-0.2798123130169055
23.888,0,0.2831490829001768,1,-0.2831490829001768
23.89,0,0.2864801974757594,1,-0.2864801974757594
23.892,0,0.289805569039743,1,-0.289805569039743
23.894,0,0.2931251106785705,1,-0.2931251106785705
23.896,0,0.2964387362641264,1,-0.2964387362641264
23.898,0,0.2997463604488501,1,-0.2997463604488501
23.9,0,0.3030478986608772,1,-0.3030478986608772
23.902,0,0.3063432670992059,1,-0.3063432670992059
23.904,0,0.3096323827288903,1,-0.3096323827288903
23.906,0,0.3129151632762599,1,-0.3129151632762599
23.908,0,0.3161915272241644,1,-0.3161915272241644
23.91,0,0.3194613938072452,1,-0.3194613938072452
23.912,0,0.3227246830072318,1,-0.3227246830072318
23.914,0,0.3259813155482642,1,-0.3259813155482642
23.916,0,0.3292312128922409,1,-0.3292312128922409
23.918,0,0.3324742972341916,1,-0.3324742972341916
23.92,0,0.3357104914976758,1,-0.3357104914976758
23.922,0,0.3389397193302059,1,-0.3389397193302059
23.924,0,0.3421619050986954,1,-0.3421619050986954
23.926,0,0.3453769738849323,1,-0.3453769738849323
23.928,0,0.3485848514810762,1,-0.3485848514810762
23.93,0,0.3517854643851814,1,-0.3517854643851814
23.932,0,0.3549787397967428,1,-0.3549787397967428
23.934,0,0.3581646056122677,1,-0.3581646056122677
23.936,0,0.3613429904208702,1,-0.3613429904208702
23.938,0,0.3645138234998911,1,-0.3645138234998911
23.94,0,0.3676770348105408,1,-0.3676770348105408
23.942,0,0.3708325549935664,1,-0.3708325549935664
23.944,0,0.3739803153649423,1,-0.3739803153649423
23.946,0,0.3771202479115847,1,-0.3771202479115847
23.948,0,0.3802522852870892,1,-0.3802522852870892
23.95,0,0.3833763608074918,1,-0.3833763608074918
23.952,0,0.3864924084470534,1,-0.3864924084470534
23.954,0,0.3896003628340672,1,-0.3896003628340672
23.956,0,0.3927001592466888,1,-0.3927001592466888
23.958,0,0.3957917336087899,1,-0.3957917336087899
23.96,0,0.3988750224858339,1,-0.3988750224858339
23.962,0,0.4019499630807747,1,-0.4019499630807747
23.964,0,0.4050164932299781,1,-0.4050164932299781
23.966,0,0.4080745513991649,1,-0.4080745513991649
23.968,0,0.4111240766793772,1,-0.4111240766793772
23.97,0,0.414165008782966,1,-0.414165008782966
23.972,0,0.4171972880396018,1,-0.4171972880396018
23.974,0,0.4202208553923065,1,-0.4202208553923065
23.976,0,0.4232356523935069,1,-0.4232356523935069
23.978,0,0.4262416212011109,1,-0.4262416212011109
23.98,0,0.4292387045746045,1,-0.4292387045746045
23.982,0,0.4322268458711706,1,-0.4322268458711706
23.984,0,0.4352059890418291,1,-0.4352059890418291
23.986,0,0.4381760786275985,1,-0.4381760786275985
23.988,0,0.4411370597556784,1,-0.4411370597556784
23.99,0,0.4440888781356533,1,-0.4440888781356533
23.992,0,0.4470314800557174,1,-0.4470314800557174
23.994,0,0.4499648123789197,1,-0.4499648123789197
23.996,0,0.452888822539431,1,-0.452888822539431
23.998,0,0.4558034585388302,1,-0.4558034585388302
24,0,0.4587086689424123,1,-0.4587086689424123
24.002,0,0.461604402875516,1,-0.461604402875516
24.004,0,0.4644906100198719,1,-0.4644906100198719
24.006,0,0.4673672406099716,1,-0.4673672406099716
24.008,0,0.4702342454294555,1,-0.4702342454294555
24.01,0,0.4730915758075221,1,-0.4730915758075221
24.012,0,0.4759391836153563,1,-0.4759391836153563
24.014,0,0.4787770212625777,1,-0.4787770212625777
24.016,0,0.4816050416937089,1,-0.4816050416937089
24.018,0,0.4844231983846634,1,-0.4844231983846634
24.02,0,0.4872314453392521,1,-0.4872314453392521
24.022,0,0.4900297370857111,1,-0.4900297370857111
24.024,0,0.4928180286732465,1,-0.4928180286732465
24.026,0,0.4955962756686007,1,-0.4955962756686007
24.028,0,0.4983644341526358,1,-0.4983644341526358
24.03,0,0.5011224607169376,1,-0.5011224607169376
24.032,0,0.5038703124604373,1,-0.5038703124604373
24.034,0,0.5066079469860535,1,-0.5066079469860535
24.036,0,0.5093353223973508,1,-0.5093353223973508
24.038,0,0.5120523972952195,1,-0.5120523972952195
24.04,0,0.5147591307745716,1,-0.5147591307745716
24.042,0,0.517455482421057,1,-0.517455482421057
24.044,0,0.5201414123077969,1,-0.5201414123077969
24.046,0,0.5228168809921361,1,-0.5228168809921361
24.048,0,0.5254818495124129,1,-0.5254818495124129
24.05,0,0.5281362793847479,1,-0.5281362793847479
24.052,0,0.5307801325998499,1,-0.5307801325998499
24.054,0,0.53341337161984,1,-0.53341337161984
24.056,0,0.5360359593750939,1,-0.5360359593750939
24.058,0,0.5386478592611011,1,-0.5386478592611011
24.06,0,0.5412490351353428,1,-0.5412490351353428
24.062,0,0.5438394513141861,1,-0.5438394513141861
24.064,0,0.5464190725697965,1,-0.5464190725697965
24.066,0,0.5489878641270672,1,-0.5489878641270672
24.068,0,0.5515457916605665,1,-0.5515457916605665
24.07,0,0.5540928212915011,1,-0.5540928212915011
24.072,0,0.5566289195846973,1,-0.5566289195846973
24.074,0,0.5591540535455993,1,-0.5591540535455993
24.076,0,0.561668190617284,1,-0.561668190617284
24.078,0,0.5641712986774927,1,-0.5641712986774927
24.08,0,0.5666633460356795,1,-0.5666633460356795
24.082,0,0.5691443014300763,1,-0.5691443014300763
24.084,0,0.571614134024775,1,-0.571614134024775
24.086,0,0.5740728134068249,1,-0.5740728134068249
24.088,0,0.5765203095833478,1,-0.5765203095833478
24.09,0,0.5789565929786682,1,-0.5789565929786682
24.092,0,0.5813816344314611,1,-0.5813816344314611
24.094,0,0.5837954051919143,1,-0.5837954051919143
24.096,0,0.5861978769189082,1,-0.5861978769189082
24.098,0,0.5885890216772107,1,-0.5885890216772107
24.1,0,0.5909688119346882,1,-0.5909688119346882
24.102,0,0.5933372205595325,1,-0.5933372205595325
24.104,0,0.5956942208175036,1,-0.5956942208175036
24.106,0,0.5980397863691872,1,-0.5980397863691872
24.108,0,0.6003738912672693,1,-0.6003738912672693
24.11,0,0.6026965099538246,1,-0.6026965099538246
24.112,0,0.605007617257622,1,-0.605007617257622
24.114,0,0.6073071883914436,1,-0.6073071883914436
24.116,0,0.6095951989494204,1,-0.6095951989494204
24.118,0,0.6118716249043825,1,-0.6118716249043825
24.12,0,0.6141364426052247,1,-0.6141364426052247
24.122,0,0.6163896287742864,1,-0.6163896287742864
24.124,0,0.6186311605047473,1,-0.6186311605047473
24.126,0,0.6208610152580376,1,-0.6208610152580376
24.128,0,0.6230791708612626,1,-0.6230791708612626
24.13,0,0.6252856055046426,1,-0.6252856055046426
24.132,0,0.6274802977389671,1,-0.6274802977389671
24.134,0,0.6296632264730634,1,-0.6296632264730634
24.136,0,0.6318343709712799,1,-0.6318343709712799
24.138,0,0.6339937108509841,1,-0.6339937108509841
24.14,0,0.636141226080074,1,-0.636141226080074
24.142,0,0.6382768969745043,1,-0.6382768969745043
24.144,0,0.6404007041958273,1,-0.6404007041958273
24.146,0,0.6425126287487466,1,-0.6425126287487466
24.148,0,0.6446126519786862,1,-0.6446126519786862
24.15,0,0.6467007555693726,1,-0.6467007555693726
24.152,0,0.6487769215404309,1,-0.6487769215404309
24.154,0,0.6508411322449951,1,-0.6508411322449951
24.156,0,0.6528933703673319,1,-0.6528933703673319
24.158,0,0.654933618920478,1,-0.654933618920478
24.16,0,0.6569618612438913,1,-0.6569618612438913
24.162,0,0.6589780810011155,1,-0.6589780810011155
24.164,0,0.6609822621774578,1,-0.6609822621774578
24.166,0,0.6629743890776805,1,-0.6629743890776805
24.168,0,0.6649544463237056,1,-0.6649544463237056
24.17,0,0.6669224188523328,1,-0.6669224188523328
24.172,0,0.6688782919129707,1,-0.6688782919129707
24.174,0,0.6708220510653803,1,-0.6708220510653803
24.176,0,0.6727536821774333,1,-0.6727536821774333
24.178,0,0.6746731714228811,1,-0.6746731714228811
24.18,0,0.6765805052791388,1,-0.6765805052791388
24.182,0,0.6784756705250807,1,-0.6784756705250807
24.184,0,0.6803586542388488,1,-0.6803586542388488
24.186,0,0.6822294437956742,1,-0.6822294437956742
24.188,0,0.6840880268657112,1,-0.6840880268657112
24.19,0,0.6859343914118841,1,-0.6859343914118841
24.192,0,0.6877685256877453,1,-0.6877685256877453
24.194,0,0.6895904182353476,1,-0.6895904182353476
24.196,0,0.6914000578831277,1,-0.6914000578831277
24.198,0,0.6931974337438025,1,-0.6931974337438025
24.2,0,0.6949825352122767,1,-0.6949825352122767
24.202,0,0.6967553519635643,1,-0.6967553519635643
24.204,0,0.6985158739507207,1,-0.6985158739507207
24.206,0,0.7002640914027872,1,-0.7002640914027872
24.208,0,0.7019999948227481,1,-0.7019999948227481
24.21,0,0.7037235749854988,1,-0.7037235749854988
24.212,0,0.7054348229358263,1,-0.7054348229358263
24.214,0,0.7071337299864017,1,-0.7071337299864017
24.216,0,0.7088202877157838,1,-0.7088202877157838
24.218,0,0.7104944879664347,1,-0.7104944879664347
24.22,0,0.7121563228427472,1,-0.7121563228427472
24.222,0,0.7138057847090835,1,-0.7138057847090835
24.224,0,0.7154428661878252,1,-0.7154428661878252
24.226,0,0.7170675601574349,1,-0.7170675601574349
24.228,0,0.7186798597505298,1,-0.7186798597505298
24.23,0,0.7202797583519656,1,-0.7202797583519656
24.232,0,0.7218672495969316,1,-0.7218672495969316
24.234,0,0.7234423273690584,1,-0.7234423273690584
24.236,0,0.7250049857985353,1,-0.7250049857985353
24.238,0,0.726555219260239,1,-0.726555219260239
24.24,0,0.728093022371874,1,-0.728093022371874
24.242,0,0.7296183899921231,1,-0.7296183899921231
24.244,0,0.7311313172188098,1,-0.7311313172188098
24.246,0,0.7326317993870699,1,-0.7326317993870699
24.248,0,0.7341198320675361,1,-0.7341198320675361
24.25,0,0.7355954110645313,1,-0.7355954110645313
24.252,0,0.7370585324142738,1,-0.7370585324142738
24.254,0,0.7385091923830923,1,-0.7385091923830923
24.256,0,0.7399473874656526,1,-0.7399473874656526
24.258,0,0.7413731143831931,1,-0.7413731143831931
24.26,0,0.7427863700817725,1,-0.7427863700817725
24.262,0,0.7441871517305267,1,-0.7441871517305267
24.264,0,0.7455754567199365,1,-0.7455754567199365
24.266,0,0.7469512826601055,1,-0.7469512826601055
24.268,0,0.748314627379048,1,-0.748314627379048
24.27,0,0.7496654889209876,1,-0.7496654889209876
24.272,0,0.7510038655446655,1,-0.7510038655446655
24.274,0,0.7523297557216588,1,-0.7523297557216588
24.276,0,0.7536431581347093,1,-0.7536431581347093
24.278,0,0.7549440716760614,1,-0.7549440716760614
24.28,0,0.7562324954458109,1,-0.7562324954458109
24.282,0,0.7575084287502631,1,-0.7575084287502631
24.284,0,0.7587718711003003,1,-0.7587718711003003
24.286,0,0.76002282220976,1,-0.76002282220976
24.288,0,0.7612612819938223,1,-0.7612612819938223
24.29,0,0.7624872505674064,1,-0.7624872505674064
24.292,0,0.763700728243578,1,-0.763700728243578
24.294,0,0.764901715531965,1,-0.764901715531965
24.296,0,0.766090213137183,1,-0.766090213137183
24.298,0,0.7672662219572707,1,-0.7672662219572707
24.3,0,0.7684297430821344,1,-0.7684297430821344
24.302,0,0.7695807777920017,1,-0.7695807777920017
24.304,0,0.7707193275558845,1,-0.7707193275558845
24.306,0,0.7718453940300515,1,-0.7718453940300515
24.308,0,0.7729589790565097,1,-0.7729589790565097
24.31,0,0.7740600846614949,1,-0.7740600846614949
24.312,0,0.7751487130539718,1,-0.7751487130539718
24.314,0,0.7762248666241426,1,-0.7762248666241426
24.316,0,0.7772885479419647,1,-0.7772885479419647
24.318,0,0.7783397597556774,1,-0.7783397597556774
24.32,0,0.7793785049903379,1,-0.7793785049903379
24.322,0,0.7804047867463656,1,-0.7804047867463656
24.324,0,0.7814186082980951,1,-0.7814186082980951
24.326,0,0.7824199730923386,1,-0.7824199730923386
24.328,0,0.7834088847469566,1,-0.7834088847469566
24.33,0,0.7843853470494373,1,-0.7843853470494373
24.332,0,0.7853493639554845,1,-0.7853493639554845
24.334,0,0.7863009395876144,1,-0.7863009395876144
24.336,0,0.7872400782337604,1,-0.7872400782337604
24.338,0,0.7881667843458874,1,-0.7881667843458874
24.34,0,0.7890810625386129,1,-0.7890810625386129
24.342,0,0.7899829175878382,1,-0.7899829175878382
24.344,0,0.7908723544293869,1,-0.7908723544293869
24.346,0,0.7917493781576517,1,-0.7917493781576517
24.348,0,0.7926139940242501,1,-0.7926139940242501
24.35,0,0.7934662074366881,1,-0.7934662074366881
24.352,0,0.7943060239570309,1,-0.7943060239570309
24.354,0,0.795133449300584,1,-0.795133449300584
24.356,0,0.7959484893345804,1,-0.7959484893345804
24.358,0,0.7967511500768765,1,-0.7967511500768765
24.36,0,0.7975414376946561,1,-0.7975414376946561
24.362,0,0.7983193585031425,1,-0.7983193585031425
24.364,0,0.7990849189643179,1,-0.7990849189643179
24.366,0,0.7998381256856513,1,-0.7998381256856513
24.368,0,0.8005789854188339,1,-0.8005789854188339
24.37,0,0.8013075050585222,1,-0.8013075050585222
24.372,0,0.8020236916410892,1,-0.8020236916410892
24.374,0,0.8027275523433828,1,-0.8027275523433828
24.376,0,0.8034190944814922,1,-0.8034190944814922
24.378,0,0.8040983255095219,1,-0.8040983255095219
24.38,0,0.8047652530183732,1,-0.8047652530183732
24.382,0,0.8054198847345331,1,-0.8054198847345331
24.384,0,0.8060622285188709,1,-0.8060622285188709
24.386,0,0.8066922923654422,1,-0.8066922923654422
24.388,0,0.8073100844003001,1,-0.8073100844003001
24.39,0,0.807915612880314,1,-0.807915612880314
24.392,0,0.8085088861919959,1,-0.8085088861919959
24.394,0,0.8090899128503334,1,-0.8090899128503334
24.396,0,0.8096587014976305,1,-0.8096587014976305
24.398,0,0.8102152609023553,1,-0.8102152609023553
24.4,0,0.8107595999579951,1,-0.8107595999579951
24.402,0,0.8112917276819183,1,-0.8112917276819183
24.404,0,0.8118116532142439,1,-0.8118116532142439
24.406,0,0.8123193858167176,1,-0.8123193858167176
24.408,0,0.812814934871595,1,-0.812814934871595
24.41,0,0.8132983098805318,1,-0.8132983098805318
24.412,0,0.8137695204634813,1,-0.8137695204634813
24.414,0,0.8142285763575984,1,-0.8142285763575984
24.416,0,0.8146754874161501,1,-0.8146754874161501
24.418,0,0.815110263607434,1,-0.815110263607434
24.42,0,0.8155329150137022,1,-0.8155329150137022
24.422,0,0.8159434518300931,1,-0.8159434518300931
24.424,0,0.8163418843635692,1,-0.8163418843635692
24.426,0,0.8167282230318622,1,-0.8167282230318622
24.428,0,0.8171024783624237,1,-0.8171024783624237
24.43,0,0.8174646609913835,1,-0.8174646609913835
24.432,0,0.8178147816625145,1,-0.8178147816625145
24.434,0,0.8181528512262034,1,-0.8181528512262034
24.436,0,0.8184788806384281,1,-0.8184788806384281
24.438,0,0.8187928809597422,1,-0.8187928809597422
24.44,0,0.8190948633542653,1,-0.8190948633542653
24.442,0,0.8193848390886795,1,-0.8193848390886795
24.444,0,0.8196628195312333,1,-0.8196628195312333
24.446,0,0.8199288161507505,1,-0.8199288161507505
24.448,0,0.8201828405156466,1,-0.8201828405156466
24.45,0,0.8204249042929503,1,-0.8204249042929503
24.452,0,0.8206550192473325,1,-0.8206550192473325
24.454,0,0.8208731972401402,1,-0.8208731972401402
24.456,0,0.8210794502284373,1,-0.8210794502284373
24.458,0,0.8212737902640517,1,-0.8212737902640517
24.46,0,0.8214562294926275,1,-0.8214562294926275
24.462,0,0.8216267801526849,1,-0.8216267801526849
24.464,0,0.8217854545746839,1,-0.8217854545746839
24.466,0,0.8219322651800962,1,-0.8219322651800962
24.468,0,0.8220672244804818,1,-0.8220672244804818
24.47,0,0.8221903450765713,1,-0.8221903450765713
24.472,0,0.8223016396573554,1,-0.8223016396573554
24.474,0,0.8224011209991786,1,-0.8224011209991786
24.476,0,0.8224888019648402,1,-0.8224888019648402
24.478,0,0.8225646955027001,1,-0.8225646955027001
24.48,0,0.8226288146457906,1,-0.8226288146457906
24.482,0,0.8226811725109345,1,-0.8226811725109345
24.484,0,0.822721782297868,1,-0.822721782297868
24.486,0,0.8227506572883696,1,-0.8227506572883696
24.488,0,0.8227678108453953,1,-0.8227678108453953
24.49,0,0.8227732564122181,1,-0.8227732564122181
24.492,0,0.8227670075115743,1,-0.8227670075115743
24.494,0,0.8227490777448146,1,-0.8227490777448146
24.496,0,0.8227194807910612,1,-0.8227194807910612
24.498,0,0.8226782304063696,1,-0.8226782304063696
24.5,0,0.8226253404228968,1,-0.8226253404228968
24.502,0,0.8225608247480746,1,-0.8225608247480746
24.504,0,0.8224846973637876,1,-0.8224846973637876
24.506,0,0.8223969723255578,1,-0.8223969723255578
24.508,0,0.8222976637617333,1,-0.8222976637617333
24.51,0,0.8221867858726833,1,-0.8221867858726833
24.512,0,0.8220643529299977,1,-0.8220643529299977
24.514,0,0.821930379275692,1,-0.821930379275692
24.516,0,0.8217848793214181,1,-0.8217848793214181
24.518,0,0.8216278675476792,1,-0.8216278675476792
24.52,0,0.8214593585030511,1,-0.8214593585030511
24.522,0,0.821279366803407,1,-0.821279366803407
24.524,0,0.8210879071311491,1,-0.8210879071311491
24.526,0,0.8208849942344445,1,-0.8208849942344445
24.528,0,0.8206706429264657,1,-0.8206706429264657
24.53,0,0.8204448680846369,1,-0.8204448680846369
24.532,0,0.8202076846498848,1,-0.8202076846498848
24.534,0,0.8199591076258945,1,-0.8199591076258945
24.536,0,0.8196991520783706,1,-0.8196991520783706
24.538,0,0.8194278331343026,1,-0.8194278331343026
24.54,0,0.8191451659812355,1,-0.8191451659812355
24.542,0,0.8188511658665458,1,-0.8188511658665458
24.544,0,0.818545848096721,1,-0.818545848096721
24.546,0,0.8182292280366452,1,-0.8182292280366452
24.548,0,0.8179013211088888,1,-0.8179013211088888
24.55,0,0.8175621427930029,1,-0.8175621427930029
24.552,0,0.8172117086248188,1,-0.8172117086248188
24.554,0,0.8168500341957521,1,-0.8168500341957521
24.556,0,0.8164771351521108,1,-0.8164771351521108
24.558,0,0.8160930271944093,1,-0.8160930271944093
24.56,0,0.8156977260766857,1,-0.8156977260766857
24.562,0,0.8152912476058243,1,-0.8152912476058243
24.564,0,0.814873607640883,1,-0.814873607640883
24.566,0,0.8144448220924245,1,-0.8144448220924245
24.568,0,0.8140049069218526,1,-0.8140049069218526
24.57,0,0.8135538781407523,1,-0.8135538781407523
24.572,0,0.8130917518102354,1,-0.8130917518102354
24.574,0,0.8126185440402894,1,-0.8126185440402894
24.576,0,0.8121342709891317,1,-0.8121342709891317
24.578,0,0.8116389488625674,1,-0.8116389488625674
24.58,0,0.8111325939133521,1,-0.8111325939133521
24.582,0,0.8106152224405589,1,-0.8106152224405589
24.584,0,0.8100868507889495,1,-0.8100868507889495
24.586,0,0.8095474953483494,1,-0.8095474953483494
24.588,0,0.8089971725530281,1,-0.8089971725530281
24.59,0,0.8084358988810826,1,-0.8084358988810826
24.592,0,0.8078636908538261,1,-0.8078636908538261
24.594,0,0.8072805650351801,1,-0.8072805650351801
24.596,0,0.8066865380310705,1,-0.8066865380310705
24.598,0,0.8060816264888291,1,-0.8060816264888291
24.6,0,0.8054658470965977,1,-0.8054658470965977
24.602,0,0.8048392165827375,1,-0.8048392165827375
24.604,0,0.8042017517152416,1,-0.8042017517152416
24.606,0,0.8035534693011521,1,-0.8035534693011521
24.608,0,0.8028943861859815,1,-0.8028943861859815
24.61,0,0.8022245192531372,1,-0.8022245192531372
24.612,0,0.8015438854233508,1,-0.8015438854233508
24.614,0,0.8008525016541106,1,-0.8008525016541106
24.616,0,0.8001503849390993,1,-0.8001503849390993
24.618,0,0.799437552307634,1,-0.799437552307634
24.62,0,0.7987140208241115,1,-0.7987140208241115
24.622,0,0.797979807587456,1,-0.797979807587456
24.624,0,0.7972349297305726,1,-0.7972349297305726
24.626,0,0.7964794044198027,1,-0.7964794044198027
24.628,0,0.7957132488543841,1,-0.7957132488543841
24.63,0,0.7949364802659151,1,-0.7949364802659151
24.632,0,0.7941491159178219,1,-0.7941491159178219
24.634,0,0.7933511731048297,1,-0.7933511731048297
24.636,0,0.7925426691524381,1,-0.7925426691524381
24.638,0,0.7917236214163992,1,-0.7917236214163992
24.64,0,0.7908940472822006,1,-0.7908940472822006
24.642,0,0.7900539641645509,1,-0.7900539641645509
24.644,0,0.7892033895068696,1,-0.7892033895068696
24.646,0,0.7883423407807805,1,-0.7883423407807805
24.648,0,0.7874708354856079,1,-0.7874708354856079
24.65,0,0.7865888911478779,1,-0.7865888911478779
24.652,0,0.7856965253208216,1,-0.7856965253208216
24.654,0,0.7847937555838829,1,-0.7847937555838829
24.656,0,0.7838805995422296,1,-0.7838805995422296
24.658,0,0.7829570748262674,1,-0.7829570748262674
24.66,0,0.7820231990911587,1,-0.7820231990911587
24.662,0,0.7810789900163428,1,-0.7810789900163428
24.664,0,0.780124465305062,1,-0.780124465305062
24.666,0,0.7791596426838886,1,-0.7791596426838886
24.668,0,0.7781845399022576,1,-0.7781845399022576
24.67,0,0.7771991747320007,1,-0.7771991747320007
24.672,0,0.7762035649668855,1,-0.7762035649668855
24.674,0,0.7751977284221564,1,-0.7751977284221564
24.676,0,0.7741816829340801,1,-0.7741816829340801
24.678,0,0.7731554463594935,1,-0.7731554463594935
24.68,0,0.7721190365753556,1,-0.7721190365753556
24.682,0,0.7710724714783019,1,-0.7710724714783019
24.684,0,0.7700157689842025,1,-0.7700157689842025
24.686,0,0.7689489470277237,1,-0.7689489470277237
24.688,0,0.7678720235618915,1,-0.7678720235618915
24.69,0,0.7667850165576606,1,-0.7667850165576606
24.692,0,0.7656879440034838,1,-0.7656879440034838
24.694,0,0.7645808239048867,1,-0.7645808239048867
24.696,0,0.7634636742840445,1,-0.7634636742840445
24.698,0,0.762336513179362,1,-0.762336513179362
24.7,0,0.7611993586450572,1,-0.7611993586450572
24.702,0,0.7600522287507471,1,-0.7600522287507471
24.704,0,0.7588951415810373,1,-0.7588951415810373
24.706,0,0.7577281152351146,1,-0.7577281152351146
24.708,0,0.7565511678263419,1,-0.7565511678263419
24.71,0,0.7553643174818568,1,-0.7553643174818568
24.712,0,0.7541675823421731,1,-0.7541675823421731
24.714,0,0.7529609805607849,1,-0.7529609805607849
24.716,0,0.7517445303037741,1,-0.7517445303037741
24.718,0,0.7505182497494205,1,-0.7505182497494205
24.72,0,0.7492821570878148,1,-0.7492821570878148
24.722,0,0.7480362705204746,1,-0.7480362705204746
24.724,0,0.7467806082599638,1,-0.7467806082599638
24.726,0,0.7455151885295136,1,-0.7455151885295136
24.728,0,0.7442400295626475,1,-0.7442400295626475
24.73,0,0.7429551496028086,1,-0.7429551496028086
24.732,0,0.7416605669029902,1,-0.7416605669029902
24.734,0,0.7403562997253682,1,-0.7403562997253682
24.736,0,0.7390423663409372,1,-0.7390423663409372
24.738,0,0.7377187850291492,1,-0.7377187850291492
24.74,0,0.7363855740775548,1,-0.7363855740775548
24.742,0,0.7350427517814471,1,-0.7350427517814471
24.744,0,0.7336903364435086,1,-0.7336903364435086
24.746,0,0.7323283463734607,1,-0.7323283463734607
24.748,0,0.7309567998877156,1,-0.7309567998877156
24.75,0,0.7295757153090313,1,-0.7295757153090313
24.752,0,0.728185110966169,1,-0.728185110966169
24.754,0,0.7267850051935532,1,-0.7267850051935532
24.756,0,0.7253754163309342,1,-0.7253754163309342
24.758,0,0.7239563627230535,1,-0.7239563627230535
24.76,0,0.7225278627193121,1,-0.7225278627193121
24.762,0,0.7210899346734402,1,-0.7210899346734402
24.764,0,0.7196425969431707,1,-0.7196425969431707
24.766,0,0.7181858678899147,1,-0.7181858678899147
24.768,0,0.7167197658784396,1,-0.7167197658784396
24.77,0,0.7152443092765495,1,-0.7152443092765495
24.772,0,0.7137595164547684,1,-0.7137595164547684
24.774,0,0.7122654057860259,1,-0.7122654057860259
24.776,0,0.7107619956453451,1,-0.7107619956453451
24.778,0,0.7092493044095333,1,-0.7092493044095333
24.78,0,0.7077273504568742,1,-0.7077273504568742
24.782,0,0.7061961521668244,1,-0.7061961521668244
24.784,0,0.7046557279197103,1,-0.7046557279197103
24.786,0,0.7031060960964286,1,-0.7031060960964286
24.788,0,0.7015472750781486,1,-0.7015472750781486
24.79,0,0.6999792832460174,1,-0.6999792832460174
24.792,0,0.698402138980867,1,-0.698402138980867
24.794,0,0.6968158606629239,1,-0.6968158606629239
24.796,0,0.6952204666715209,1,-0.6952204666715209
24.798,0,0.6936159753848118,1,-0.6936159753848118
24.8,0,0.6920024051794871,1,-0.6920024051794871
24.802,0,0.6903797744304935,1,-0.6903797744304935
24.804,0,0.6887481015107546,1,-0.6887481015107546
24.806,0,0.6871074047908946,1,-0.6871074047908946
24.808,0,0.6854577026389634,1,-0.6854577026389634
24.81,0,0.6837990134201649,1,-0.6837990134201649
24.812,0,0.6821313554965863,1,-0.6821313554965863
24.814,0,0.6804547472269311,1,-0.6804547472269311
24.816,0,0.678769206966253,1,-0.678769206966253
24.818,0,0.6770747530656926,1,-0.6770747530656926
24.82,0,0.6753714038722163,1,-0.6753714038722163
24.822,0,0.6736591777283567,1,-0.6736591777283567
24.824,0,0.6719380929719563,1,-0.6719380929719563
24.826,0,0.670208167935912,1,-0.670208167935912
24.828,0,0.6684694209479227,1,-0.6684694209479227
24.83,0,0.6667218703302388,1,-0.6667218703302388
24.832,0,0.6649655343994131,1,-0.6649655343994131
24.834,0,0.6632004314660548,1,-0.6632004314660548
24.836,0,0.6614265798345847,1,-0.6614265798345847
24.838,0,0.6596439978029933,1,-0.6596439978029933
24.84,0,0.6578527036625996,1,-0.6578527036625996
24.842,0,0.6560527156978138,1,-0.6560527156978138
24.844,0,0.6542440521859,1,-0.6542440521859
24.846,0,0.6524267313967426,1,-0.6524267313967426
24.848,0,0.6506007715926135,1,-0.6506007715926135
24.85,0,0.6487661910279422,1,-0.6487661910279422
24.852,0,0.6469230079490867,1,-0.6469230079490867
24.854,0,0.6450712405941077,1,-0.6450712405941077
24.856,0,0.6432109071925435,1,-0.6432109071925435
24.858,0,0.6413420259651879,1,-0.6413420259651879
24.86,0,0.6394646151238691,1,-0.6394646151238691
24.862,0,0.6375786928712314,1,-0.6375786928712314
24.864,0,0.6356842774005177,1,-0.6356842774005177
24.866,0,0.633781386895355,1,-0.633781386895355
24.868,0,0.6318700395295409,1,-0.6318700395295409
24.87,0,0.6299502534668324,1,-0.6299502534668324
24.872,0,0.6280220468607366,1,-0.6280220468607366
24.874,0,0.6260854378543028,1,-0.6260854378543028
24.876,0,0.624140444579917,1,-0.624140444579917
24.878,0,0.6221870851590976,1,-0.6221870851590976
24.88,0,0.6202253777022934,1,-0.6202253777022934
24.882,0,0.6182553403086831,1,-0.6182553403086831
24.884,0,0.6162769910659769,1,-0.6162769910659769
24.886,0,0.6142903480502193,1,-0.6142903480502193
24.888,0,0.6122954293255941,1,-0.6122954293255941
24.89,0,0.6102922529442313,1,-0.6102922529442313
24.892,0,0.6082808369460149,1,-0.6082808369460149
24.894,0,0.6062611993583936,1,-0.6062611993583936
24.896,0,0.6042333581961923,1,-0.6042333581961923
24.898,0,0.6021973314614255,1,-0.6021973314614255
24.9,0,0.6001531371431127,1,-0.6001531371431127
24.902,0,0.5981007932170952,1,-0.5981007932170952
24.904,0,0.5960403176458545,1,-0.5960403176458545
24.906,0,0.5939717283783329,1,-0.5939717283783329
24.908,0,0.5918950433497548,1,-0.5918950433497548
24.91,0,0.5898102804814507,1,-0.5898102804814507
24.912,0,0.5877174576806818,1,-0.5877174576806818
24.914,0,0.5856165928404673,1,-0.5856165928404673
24.916,0,0.5835077038394121,1,-0.5835077038394121
24.918,0,0.5813908085415374,1,-0.5813908085415374
24.92,0,0.5792659247961116,1,-0.5792659247961116
24.922,0,0.5771330704374841,1,-0.5771330704374841
24.924,0,0.5749922632849191,1,-0.5749922632849191
24.926,0,0.5728435211424328,1,-0.5728435211424328
24.928,0,0.57068686179863,1,-0.57068686179863
24.93,0,0.5685223030265447,1,-0.5685223030265447
24.932,0,0.5663498625834801,1,-0.5663498625834801
24.934,0,0.564169558210851,1,-0.564169558210851
24.936,0,0.5619814076340283,1,-0.5619814076340283
24.938,0,0.5597854285621833,1,-0.5597854285621833
24.94,0,0.5575816386881357,1,-0.5575816386881357
24.942,0,0.5553700556882012,1,-0.5553700556882012
24.944,0,0.5531506972220416,1,-0.5531506972220416
24.946,0,0.5509235809325158,1,-0.5509235809325158
24.948,0,0.548688724445533,1,-0.548688724445533
24.95,0,0.5464461453699063,1,-0.5464461453699063
24.952,0,0.544195861297209,1,-0.544195861297209
24.954,0,0.5419378898016308,1,-0.5419378898016308
24.956,0,0.5396722484398371,1,-0.5396722484398371
24.958,0,0.537398954750828,1,-0.537398954750828
24.96,0,0.5351180262558003,1,-0.5351180262558003
24.962,0,0.5328294804580097,1,-0.5328294804580097
24.964,0,0.5305333348426349,1,-0.5305333348426349
24.966,0,0.528229606876643,1,-0.528229606876643
24.968,0,0.5259183140086565,1,-0.5259183140086565
24.97,0,0.523599473668821,1,-0.523599473668821
24.972,0,0.5212731032686749,1,-0.5212731032686749
24.974,0,0.5189392202010202,1,-0.5189392202010202
24.976,0,0.5165978418397945,1,-0.5165978418397945
24.978,0,0.5142489855399445,1,-0.5142489855399445
24.98,0,0.5118926686373008,1,-0.5118926686373008
24.982,0,0.5095289084484538,1,-0.5095289084484538
24.984,0,0.5071577222706313,1,-0.5071577222706313
24.986,0,0.5047791273815768,1,-0.5047791273815768
24.988,0,0.5023931410394299,1,-0.5023931410394299
24.99,0,0.4999997804826068,1,-0.4999997804826068
24.992,0,0.4975990629296835,1,-0.4975990629296835
24.994,0,0.4951910055792786,1,-0.4951910055792786
24.996,0,0.4927756256099393,1,-0.4927756256099393
24.998,0,0.4903529401800267,1,-0.4903529401800267
25,0,0.4879229664276035,1,-0.4879229664276035
25.002,0,0.4854857214703228,1,-0.4854857214703228
25.004,0,0.4830412224053177,1,-0.4830412224053177
25.006,0,0.4805894863090925,1,-0.4805894863090925
25.008,0,0.4781305302374149,1,-0.4781305302374149
25.01,0,0.4756643712252093,1,-0.4756643712252093
25.012,0,0.4731910262864514,1,-0.4731910262864514
25.014,0,0.4707105124140643,1,-0.4707105124140643
25.016,0,0.4682228465798152,1,-0.4682228465798152
25.018,0,0.4657280457342134,1,-0.4657280457342134
25.02,0,0.4632261268064099,1,-0.4632261268064099
25.022,0,0.4607171067040975,1,-0.4607171067040975
25.024,0,0.4582010023134124,1,-0.4582010023134124
25.026,0,0.4556778304988369,1,-0.4556778304988369
25.028,0,0.4531476081031034,1,-0.4531476081031034
25.03,0,0.4506103519470988,1,-0.4506103519470988
25.032,0,0.4480660788297708,1,-0.4480660788297708
25.034,0,0.4455148055280354,1,-0.4455148055280354
25.036,0,0.4429565487966842,1,-0.4429565487966842
25.038,0,0.4403913253682945,1,-0.4403913253682945
25.04,0,0.4378191519531391,1,-0.4378191519531391
25.042,0,0.435240045239098,1,-0.435240045239098
25.044,0,0.432654021891571,1,-0.432654021891571
25.046,0,0.4300610985533908,1,-0.4300610985533908
25.048,0,0.4274612918447382,1,-0.4274612918447382
25.05,0,0.4248546183630571,1,-0.4248546183630571
25.052,0,0.4222410946829716,1,-0.4222410946829716
25.054,0,0.4196207373562036,1,-0.4196207373562036
25.056,0,0.4169935629114915,1,-0.4169935629114915
25.058,0,0.4143595878545098,1,-0.4143595878545098
25.06,0,0.41171882866779,1,-0.41171882866779
25.062,0,0.4090713018106423,1,-0.4090713018106423
25.064,0,0.4064170237190784,1,-0.4064170237190784
25.066,0,0.4037560108057349,1,-0.4037560108057349
25.068,0,0.4010882794597985,1,-0.4010882794597985
25.07,0,0.3984138460469313,1,-0.3984138460469313
25.072,0,0.3957327269091975,1,-0.3957327269091975
25.074,0,0.3930449383649912,1,-0.3930449383649912
25.076,0,0.3903504967089646,1,-0.3903504967089646
25.078,0,0.3876494182119579,1,-0.3876494182119579
25.08,0,0.3849417191209293,1,-0.3849417191209293
25.082,0,0.3822274156588869,1,-0.3822274156588869
25.084,0,0.3795065240248206,1,-0.3795065240248206
25.086,0,0.3767790603936355,1,-0.3767790603936355
25.088,0,0.3740450409160858,1,-0.3740450409160858
25.09,0,0.3713044817187104,1,-0.3713044817187104
25.092,0,0.3685573989037684,1,-0.3685573989037684
25.094,0,0.3658038085491759,1,-0.3658038085491759
25.096,0,0.363043726708444,1,-0.363043726708444
25.098,0,0.3602771694106175,1,-0.3602771694106175
25.1,0,0.3575041526602142,1,-0.3575041526602142
25.102,0,0.3547246924371651,1,-0.3547246924371651
25.104,0,0.3519388046967561,1,-0.3519388046967561
25.106,0,0.34914650536957,1,-0.34914650536957
25.108,0,0.3463478103614291,1,-0.3463478103614291
25.11,0,0.3435427355533394,1,-0.3435427355533394
25.112,0,0.3407312968014353,1,-0.3407312968014353
25.114,0,0.3379135099369245,1,-0.3379135099369245
25.116,0,0.3350893907660353,1,-0.3350893907660353
25.118,0,0.3322589550699628,1,-0.3322589550699628
25.12,0,0.3294222186048175,1,-0.3294222186048175
25.122,0,0.3265791971015736,1,-0.3265791971015736
25.124,0,0.3237299062660192,1,-0.3237299062660192
25.126,0,0.3208743617787062,1,-0.3208743617787062
25.128,0,0.3180125792949015,1,-0.3180125792949015
25.13,0,0.3151445744445395,1,-0.3151445744445395
25.132,0,0.3122703628321741,1,-0.3122703628321741
25.134,0,0.309389960036933,1,-0.309389960036933
25.136,0,0.3065033816124716,1,-0.3065033816124716
25.138,0,0.3036106430869281,1,-0.3036106430869281
25.14,0,0.3007117599628795,1,-0.3007117599628795
25.142,0,0.2978067477172983,1,-0.2978067477172983
25.144,0,0.2948956218015097,1,-0.2948956218015097
25.146,0,0.2919783976411496,1,-0.2919783976411496
25.148,0,0.289055090636124,1,-0.289055090636124
25.15,0,0.286125716160568,1,-0.286125716160568
25.152,0,0.2831902895628064,1,-0.2831902895628064
25.154,0,0.2802488261653149,1,-0.2802488261653149
25.156,0,0.2773013412646816,1,-0.2773013412646816
25.158,0,0.2743478501315699,1,-0.2743478501315699
25.16,0,0.2713883680106812,1,-0.2713883680106812
25.162,0,0.2684229101207192,1,-0.2684229101207192
25.164,0,0.2654514916543544,1,-0.2654514916543544
25.166,0,0.2624741277781896,1,-0.2624741277781896
25.168,0,0.2594908336327254,1,-0.2594908336327254
25.17,0,0.2565016243323276,1,-0.2565016243323276
25.172,0,0.2535065149651941,1,-0.2535065149651941
25.174,0,0.250505520593323,1,-0.250505520593323
25.176,0,0.2474986562524817,1,-0.2474986562524817
25.178,0,0.2444859369521759,1,-0.2444859369521759
25.18,0,0.2414673776756195,1,-0.2414673776756195
25.182,0,0.2384429933797061,1,-0.2384429933797061
25.184,0,0.2354127989949794,1,-0.2354127989949794
25.186,0,0.2323768094256062,1,-0.2323768094256062
25.188,0,0.2293350395493481,1,-0.2293350395493481
25.19,0,0.2262875042175355,1,-0.2262875042175355
25.192,0,0.2232342182550412,1,-0.2232342182550412
25.194,0,0.2201751964602552,1,-0.2201751964602552
25.196,0,0.2171104536050595,1,-0.2171104536050595
25.198,0,0.2140400044348044,1,-0.2140400044348044
25.2,0,0.2109638636682846,1,-0.2109638636682846
25.202,0,0.2078820459977162,1,-0.2078820459977162
25.204,0,0.2047945660887147,1,-0.2047945660887147
25.206,0,0.2017014385802728,1,-0.2017014385802728
25.208,0,0.1986026780847395,1,-0.1986026780847395
25.21,0,0.1954982991877994,1,-0.1954982991877994
25.212,0,0.1923883164484531,1,-0.1923883164484531
25.214,0,0.1892727443989971,1,-0.1892727443989971
25.216,0,0.1861515975450058,1,-0.1861515975450058
25.218,0,0.1830248903653125,1,-0.1830248903653125
25.22,0,0.1798926373119924,1,-0.1798926373119924
25.222,0,0.1767548528103451,1,-0.1767548528103451
25.224,0,0.173611551258878,1,-0.173611551258878
25.226,0,0.1704627470292907,1,-0.1704627470292907
25.228,0,0.1673084544664594,1,-0.1673084544664594
25.23,0,0.1641486878884219,1,-0.1641486878884219
25.232,0,0.1609834615863633,1,-0.1609834615863633
25.234,0,0.1578127898246025,1,-0.1578127898246025
25.236,0,0.1546366868405785,1,-0.1546366868405785
25.238,0,0.1514551668448383,1,-0.1514551668448383
25.24,0,0.148268244021024,1,-0.148268244021024
25.242,0,0.1450759325258616,1,-0.1450759325258616
25.244,0,0.1418782464891499,1,-0.1418782464891499
25.246,0,0.1386752000137497,1,-0.1386752000137497
25.248,0,0.1354668071755736,1,-0.1354668071755736
25.25,0,0.1322530820235769,1,-0.1322530820235769
25.252,0,0.1290340385797477,1,-0.1290340385797477
25.254,0,0.1258096908390993,1,-0.1258096908390993
25.256,0,0.1225800527696612,1,-0.1225800527696612
25.258,0,0.1193451383124722,1,-0.1193451383124722
25.26,0,0.1161049613815729,1,-0.1161049613815729
25.262,0,0.1128595358639992,1,-0.1128595358639992
25.264,0,0.1096088756197761,1,-0.1096088756197761
25.266,0,0.1063529944819123,1,-0.1063529944819123
25.268,0,0.1030919062563947,1,-0.1030919062563947
25.27,0,0.09982562472218401,1,-0.09982562472218401
25.272,0,0.09655416363121015,1,-0.09655416363121015
25.274,0,0.0932775367083688,1,-0.0932775367083688
25.276,0,0.08999575765151795,1,-0.08999575765151795
25.278,0,0.08670884013147505,1,-0.08670884013147505
25.28,0,0.08341679779201465,1,-0.08341679779201465
25.282,0,0.08011964424986641,1,-0.08011964424986641
25.284,0,0.07681739309471362,1,-0.07681739309471362
25.286,0,0.07351005788919215,1,-0.07351005788919215
25.288,0,0.0701976521688898,1,-0.0701976521688898
25.29,0,0.06688018944234615,1,-0.06688018944234615
25.292,0,0.06355768319105277,1,-0.06355768319105277
25.294,0,0.06023014686945394,1,-0.06023014686945394
25.296,0,0.05689759390494771,1,-0.05689759390494771
25.298,0,0.05356003769788747,1,-0.05356003769788747
25.3,0,0.05021749162158386,1,-0.05021749162158386
25.302,0,0.04686996902230715,1,-0.04686996902230715
25.304,0,0.04351748321928999,1,-0.04351748321928999
25.306,0,0.04016004750473063,1,-0.04016004750473063
25.308,0,0.03679767514379646,1,-0.03679767514379646
25.31,0,0.03343037937462801,1,-0.03343037937462801
25.312,0,0.03005817340834338,1,-0.03005817340834338
25.314,0,0.02668107042904296,1,-0.02668107042904296
25.316,0,0.02329908359381464,1,-0.02329908359381464
25.318,0,0.01991222603273938,1,-0.01991222603273938
25.32,0,0.01652051084889714,1,-0.01652051084889714
25.322,0,0.01312395111837323,1,-0.01312395111837323
25.324,0,0.009722559890265018,1,-0.009722559890265018
25.326,0,0.006316350186689006,1,-0.006316350186689006
25.328,0,0.002905335002788319,1,-0.002905335002788319
25.33,0,-0.0005104726932594803,-1,0.0005104726932594803
25.332,0,-0.003931020049069738,-1,0.003931020049069738
25.334,0,-0.007356148352206691,-1,0.007356148352206691
25.336,0,-0.01078568683719128,-1,0.01078568683719128
25.338,0,-0.014219466028937,-1,0.014219466028937
25.34,0,-0.01765731773516874,-1,0.01765731773516874
25.342,0,-0.02109907503888157,-1,0.02109907503888157
25.344,0,-0.02454457229083928,-1,0.02454457229083928
25.346,0,-0.0279936451021125,-1,0.0279936451021125
25.348,0,-0.03144613033665621,-1,0.03144613033665621
25.35,0,-0.03490186610392642,-1,0.03490186610392642
25.352,0,-0.03836069175153578,-1,0.03836069175153578
25.354,0,-0.04182244785794807,-1,0.04182244785794807
25.356,0,-0.0452869762252112,-1,0.0452869762252112
25.358,0,-0.04875411987172869,-1,0.04875411987172869
25.36,0,-0.0522237230250693,-1,0.0522237230250693
25.362,0,-0.05569563111481473,-1,0.05569563111481473
25.364,0,-0.05916969076544512,-1,0.05916969076544512
25.366,0,-0.06264574978926223,-1,0.06264574978926223
25.368,0,-0.06612365717935002,-1,0.06612365717935002
25.37,0,-0.06960326310257262,-1,0.06960326310257262
25.372,0,-0.07308441889260923,-1,0.07308441889260923
25.374,0,-0.07656697704302608,-1,0.07656697704302608
25.376,0,-0.08005079120038497,-1,0.08005079120038497
25.378,0,-0.08353571615738847,-1,0.08353571615738847
25.38,0,-0.0870216078460614,-1,0.0870216078460614
25.382,0,-0.09050832333096846,-1,0.09050832333096846
25.384,0,-0.09399572080246796,-1,0.09399572080246796
25.386,0,-0.09748365957000127,-1,0.09748365957000127
25.388,0,-0.1009720000554179,-1,0.1009720000554179
25.39,0,-0.1044606037863362,-1,0.1044606037863362
25.392,0,-0.1079493333895391,-1,0.1079493333895391
25.394,0,-0.111438052584405,-1,0.111438052584405
25.396,0,-0.1149266261763739,-1,0.1149266261763739
25.398,0,-0.1184149200504478,-1,0.1184149200504478
25.4,0,-0.1219028011647261,-1,0.1219028011647261
25.402,0,-0.1253901375439754,-1,0.1253901375439754
25.404,0,-0.1288767982732328,-1,0.1288767982732328
25.406,0,-0.1323626534914445,-1,0.1323626534914445
25.408,0,-0.1358475743851374,-1,0.1358475743851374
25.41,0,-0.1393314331821243,-1,0.1393314331821243
25.412,0,-0.1428141031452439,-1,0.1428141031452439
25.414,0,-0.1462954585661325,-1,0.1462954585661325
25.416,0,-0.1497753747590302,-1,0.1497753747590302
25.418,0,-0.1532537280546195,-1,0.1532537280546195
25.42,0,-0.1567303957938973,-1,0.1567303957938973
25.422,0,-0.1602052563220791,-1,0.1602052563220791
25.424,0,-0.1636781889825359,-1,0.1636781889825359
25.426,0,-0.1671490741107641,-1,0.1671490741107641
25.428,0,-0.1706177930283864,-1,0.1706177930283864
25.43,0,-0.1740842280371864,-1,0.1740842280371864
25.432,0,-0.1775482624131736,-1,0.1775482624131736
25.434,0,-0.1810097804006811,-1,0.1810097804006811
25.436,0,-0.1844686672064945,-1,0.1844686672064945
25.438,0,-0.1879248089940125,-1,0.1879248089940125
25.44,0,-0.1913780928774384,-1,0.1913780928774384
25.442,0,-0.1948284069160034,-1,0.1948284069160034
25.444,0,-0.1982756401082198,-1,0.1982756401082198
25.446,0,-0.2017196823861664,-1,0.2017196823861664
25.448,0,-0.2051604246098032,-1,0.2051604246098032
25.45,0,-0.2085977585613176,-1,0.2085977585613176
25.452,0,-0.2120315769395005,-1,0.2120315769395005
25.454,0,-0.2154617733541526,-1,0.2154617733541526
25.456,0,-0.218888242320521,-1,0.218888242320521
25.458,0,-0.2223108792537653,-1,0.2223108792537653
25.46,0,-0.2257295804634541,-1,0.2257295804634541
25.462,0,-0.2291442431480903,-1,0.2291442431480903
25.464,0,-0.2325547653896665,-1,0.2325547653896665
25.466,0,-0.2359610461482493,-1,0.2359610461482493
25.468,0,-0.2393629852565931,-1,0.2393629852565931
25.47,0,-0.2427604834147826,-1,0.2427604834147826
25.472,0,-0.2461534421849043,-1,0.2461534421849043
25.474,0,-0.2495417639857467,-1,0.2495417639857467
25.476,0,-0.2529253520875291,-1,0.2529253520875291
25.478,0,-0.2563041106066592,-1,0.2563041106066592
25.48,0,-0.2596779445005178,-1,0.2596779445005178
25.482,0,-0.2630467595622734,-1,0.2630467595622734
25.484,0,-0.2664104624157229,-1,0.2664104624157229
25.486,0,-0.2697689605101621,-1,0.2697689605101621
25.488,0,-0.2731221621152824,-1,0.2731221621152824
25.49,0,-0.2764699763160956,-1,0.2764699763160956
25.492,0,-0.2798123130078865,-1,0.2798123130078865
25.494,0,-0.2831490828911923,-1,0.2831490828911923
25.496,0,-0.2864801974668094,-1,0.2864801974668094
25.498,0,-0.2898055690308272,-1,0.2898055690308272
25.5,0,-0.2931251106696888,-1,0.2931251106696888
25.502,0,-0.2964387362552787,-1,0.2964387362552787
25.504,0,-0.2997463604400363,-1,0.2997463604400363
25.506,0,-0.3030478986520972,-1,0.3030478986520972
25.508,0,-0.3063432670904595,-1,0.3063432670904595
25.51,0,-0.3096323827201775,-1,0.3096323827201775
25.512,0,-0.3129151632675804,-1,0.3129151632675804
25.514,0,-0.3161915272155182,-1,0.3161915272155182
25.516,0,-0.3194613937986321,-1,0.3194613937986321
25.518,0,-0.3227246829986516,-1,0.3227246829986516
25.52,0,-0.3259813155397169,-1,0.3259813155397169
25.522,0,-0.3292312128837264,-1,0.3292312128837264
25.524,0,-0.3324742972257098,-1,0.3324742972257098
25.526,0,-0.3357104914892265,-1,0.3357104914892265
25.528,0,-0.338939719321789,-1,0.338939719321789
25.53,0,-0.3421619050903107,-1,0.3421619050903107
25.532,0,-0.3453769738765797,-1,0.3453769738765797
25.534,0,-0.3485848514727556,-1,0.3485848514727556
25.536,0,-0.3517854643768927,-1,0.3517854643768927
25.538,0,-0.3549787397884859,-1,0.3549787397884859
25.54,0,-0.3581646056040424,-1,0.3581646056040424
25.542,0,-0.3613429904126764,-1,0.3613429904126764
25.544,0,-0.3645138234917287,-1,0.3645138234917287
25.546,0,-0.3676770348024097,-1,0.3676770348024097
25.548,0,-0.3708325549854665,-1,0.3708325549854665
25.55,0,-0.3739803153568734,-1,0.3739803153568734
25.552,0,-0.3771202479035468,-1,0.3771202479035468
25.554,0,-0.380252285279082,-1,0.380252285279082
25.556,0,-0.3833763607995153,-1,0.3833763607995153
25.558,0,-0.3864924084391074,-1,0.3864924084391074
25.56,0,-0.3896003628261516,-1,0.3896003628261516
25.562,0,-0.3927001592388036,-1,0.3927001592388036
25.564,0,-0.3957917336009349,-1,0.3957917336009349
25.566,0,-0.398875022478009,-1,0.398875022478009
25.568,0,-0.4019499630729798,-1,0.4019499630729798
25.57,0,-0.4050164932222131,-1,0.4050164932222131
25.572,0,-0.4080745513914296,-1,0.4080745513914296
25.574,0,-0.4111240766716715,-1,0.4111240766716715
25.576,0,-0.4141650087752898,-1,0.4141650087752898
25.578,0,-0.4171972880319551,-1,0.4171972880319551
25.58,0,-0.4202208553846891,-1,0.4202208553846891
25.582,0,-0.4232356523859186,-1,0.4232356523859186
25.584,0,-0.4262416211935517,-1,0.4262416211935517
25.586,0,-0.4292387045670744,-1,0.4292387045670744
25.588,0,-0.4322268458636693,-1,0.4322268458636693
25.59,0,-0.4352059890343566,-1,0.4352059890343566
25.592,0,-0.4381760786201546,-1,0.4381760786201546
25.594,0,-0.4411370597482631,-1,0.4411370597482631
25.596,0,-0.4440888781282664,-1,0.4440888781282664
25.598,0,-0.4470314800483587,-1,0.4470314800483587
25.6,0,-0.4499648123715893,-1,0.4499648123715893
25.602,0,-0.4528888225321287,-1,0.4528888225321287
25.604,0,-0.4558034585315559,-1,0.4558034585315559
25.606,0,-0.4587086689351659,-1,0.4587086689351659
25.608,0,-0.4616044028682973,-1,0.4616044028682973
25.61,0,-0.4644906100126809,-1,0.4644906100126809
25.612,0,-0.4673672406028082,-1,0.4673672406028082
25.614,0,-0.4702342454223196,-1,0.4702342454223196
25.616,0,-0.4730915758004136,-1,0.4730915758004136
25.618,0,-0.475939183608275,-1,0.475939183608275
25.62,0,-0.4787770212555235,-1,0.4787770212555235
25.622,0,-0.4816050416866818,-1,0.4816050416866818
25.624,0,-0.4844231983776632,-1,0.4844231983776632
25.626,0,-0.4872314453322788,-1,0.4872314453322788
25.628,0,-0.4900297370787645,-1,0.4900297370787645
25.63,0,-0.4928180286663266,-1,0.4928180286663266
25.632,0,-0.4955962756617073,-1,0.4955962756617073
25.634,0,-0.4983644341457688,-1,0.4983644341457688
25.636,0,-0.5011224607100969,-1,0.5011224607100969
25.638,0,-0.5038703124536229,-1,0.5038703124536229
25.64,0,-0.5066079469792651,-1,0.5066079469792651
25.642,0,-0.5093353223905885,-1,0.5093353223905885
25.644,0,-0.5120523972884831,-1,0.5120523972884831
25.646,0,-0.514759130767861,-1,0.514759130767861
25.648,0,-0.5174554824143721,-1,0.5174554824143721
25.65,0,-0.5201414123011376,-1,0.5201414123011376
25.652,0,-0.5228168809855024,-1,0.5228168809855024
25.654,0,-0.5254818495058047,-1,0.5254818495058047
25.656,0,-0.5281362793781651,-1,0.5281362793781651
25.658,0,-0.5307801325932923,-1,0.5307801325932923
25.66,0,-0.5334133716133075,-1,0.5334133716133075
25.662,0,-0.5360359593685864,-1,0.5360359593685864
25.664,0,-0.5386478592546187,-1,0.5386478592546187
25.666,0,-0.5412490351288852,-1,0.5412490351288852
25.668,0,-0.5438394513077532,-1,0.5438394513077532
25.67,0,-0.5464190725633883,-1,0.5464190725633883
25.672,0,-0.5489878641206837,-1,0.5489878641206837
25.674,0,-0.5515457916542075,-1,0.5515457916542075
25.676,0,-0.5540928212851663,-1,0.5540928212851663
25.678,0,-0.5566289195783868,-1,0.5566289195783868
25.68,0,-0.559154053539313,-1,0.559154053539313
25.682,0,-0.5616681906110218,-1,0.5616681906110218
25.684,0,-0.5641712986712545,-1,0.5641712986712545
25.686,0,-0.5666633460294651,-1,0.5666633460294651
25.688,0,-0.5691443014238857,-1,0.5691443014238857
25.69,0,-0.5716141340186082,-1,0.5716141340186082
25.692,0,-0.5740728134006817,-1,0.5740728134006817
25.694,0,-0.5765203095772281,-1,0.5765203095772281
25.696,0,-0.5789565929725721,-1,0.5789565929725721
25.698,0,-0.5813816344253883,-1,0.5813816344253883
25.7,0,-0.5837954051858647,-1,0.5837954051858647
25.702,0,-0.5861978769128818,-1,0.5861978769128818
25.704,0,-0.5885890216712074,-1,0.5885890216712074
25.706,0,-0.5909688119287079,-1,0.5909688119287079
25.708,0,-0.5933372205535752,-1,0.5933372205535752
25.71,0,-0.5956942208115691,-1,0.5956942208115691
25.712,0,-0.5980397863632755,-1,0.5980397863632755
25.714,0,-0.6003738912613802,-1,0.6003738912613802
25.716,0,-0.6026965099479582,-1,0.6026965099479582
25.718,0,-0.6050076172517781,-1,0.6050076172517781
25.72,0,-0.6073071883856221,-1,0.6073071883856221
25.722,0,-0.6095951989436214,-1,0.6095951989436214
25.724,0,-0.6118716248986058,-1,0.6118716248986058
25.726,0,-0.6141364425994702,-1,0.6141364425994702
25.728,0,-0.616389628768554,-1,0.616389628768554
25.73,0,-0.6186311604990369,-1,0.6186311604990369
25.732,0,-0.620861015252349,-1,0.620861015252349
25.734,0,-0.6230791708555958,-1,0.6230791708555958
25.736,0,-0.6252856054989976,-1,0.6252856054989976
25.738,0,-0.6274802977333437,-1,0.6274802977333437
25.74,0,-0.6296632264674615,-1,0.6296632264674615
25.742,0,-0.6318343709656996,-1,0.6318343709656996
25.744,0,-0.6339937108454252,-1,0.6339937108454252
25.746,0,-0.6361412260745364,-1,0.6361412260745364
25.748,0,-0.6382768969689879,-1,0.6382768969689879
25.75,0,-0.640400704190332,-1,0.640400704190332
25.752,0,-0.6425126287432724,-1,0.6425126287432724
25.754,0,-0.6446126519732331,-1,0.6446126519732331
25.756,0,-0.6467007555639405,-1,0.6467007555639405
25.758,0,-0.6487769215350196,-1,0.6487769215350196
25.76,0,-0.6508411322396046,-1,0.6508411322396046
25.762,0,-0.6528933703619622,-1,0.6528933703619622
25.764,0,-0.6549336189151289,-1,0.6549336189151289
25.766,0,-0.6569618612385628,-1,0.6569618612385628
25.768,0,-0.6589780809958075,-1,0.6589780809958075
25.77,0,-0.6609822621721702,-1,0.6609822621721702
25.772,0,-0.6629743890724131,-1,0.6629743890724131
25.774,0,-0.6649544463184585,-1,0.6649544463184585
25.776,0,-0.6669224188471059,-1,0.6669224188471059
25.778,0,-0.6688782919077638,-1,0.6688782919077638
25.78,0,-0.6708220510601934,-1,0.6708220510601934
25.782,0,-0.6727536821722663,-1,0.6727536821722663
25.784,0,-0.674673171417734,-1,0.674673171417734
25.786,0,-0.6765805052740115,-1,0.6765805052740115
25.788,0,-0.678475670519973,-1,0.678475670519973
25.79,0,-0.6803586542337606,-1,0.6803586542337606
25.792,0,-0.6822294437906056,-1,0.6822294437906056
25.794,0,-0.6840880268606622,-1,0.6840880268606622
25.796,0,-0.6859343914068544,-1,0.6859343914068544
25.798,0,-0.6877685256827349,-1,0.6877685256827349
25.8,0,-0.6895904182303565,-1,0.6895904182303565
25.802,0,-0.6914000578781558,-1,0.6914000578781558
25.804,0,-0.6931974337388497,-1,0.6931974337388497
25.806,0,-0.694982535207343,-1,0.694982535207343
25.808,0,-0.6967553519586496,-1,0.6967553519586496
25.81,0,-0.6985158739458248,-1,0.6985158739458248
25.812,0,-0.7002640913979101,-1,0.7002640913979101
25.814,0,-0.7019999948178897,-1,0.7019999948178897
25.816,0,-0.703723574980659,-1,0.703723574980659
25.818,0,-0.705434822931005,-1,0.705434822931005
25.82,0,-0.707133729981599,-1,0.707133729981599
25.822,0,-0.7088202877109995,-1,0.7088202877109995
25.824,0,-0.7104944879616688,-1,0.7104944879616688
25.826,0,-0.7121563228379997,-1,0.7121563228379997
25.828,0,-0.7138057847043542,-1,0.7138057847043542
25.83,0,-0.7154428661831139,-1,0.7154428661831139
25.832,0,-0.7170675601527418,-1,0.7170675601527418
25.834,0,-0.7186798597458547,-1,0.7186798597458547
25.836,0,-0.7202797583473083,-1,0.7202797583473083
25.838,0,-0.7218672495922922,-1,0.7218672495922922
25.84,0,-0.7234423273644369,-1,0.7234423273644369
25.842,0,-0.7250049857939316,-1,0.7250049857939316
25.844,0,-0.726555219255653,-1,0.726555219255653
25.846,0,-0.7280930223673057,-1,0.7280930223673057
25.848,0,-0.7296183899875723,-1,0.7296183899875723
25.85,0,-0.7311313172142764,-1,0.7311313172142764
25.852,0,-0.732631799382554,-1,0.732631799382554
25.854,0,-0.7341198320630375,-1,0.7341198320630375
25.856,0,-0.73559541106005,-1,0.73559541106005
25.858,0,-0.7370585324098097,-1,0.7370585324098097
25.86,0,-0.7385091923786454,-1,0.7385091923786454
25.862,0,-0.7399473874612228,-1,0.7399473874612228
25.864,0,-0.7413731143787804,-1,0.7413731143787804
25.866,0,-0.7427863700773768,-1,0.7427863700773768
25.868,0,-0.7441871517261479,-1,0.7441871517261479
25.87,0,-0.7455754567155746,-1,0.7455754567155746
25.872,0,-0.7469512826557603,-1,0.7469512826557603
25.874,0,-0.7483146273747194,-1,0.7483146273747194
25.876,0,-0.7496654889166756,-1,0.7496654889166756
25.878,0,-0.7510038655403701,-1,0.7510038655403701
25.88,0,-0.75232975571738,-1,0.75232975571738
25.882,0,-0.7536431581304469,-1,0.7536431581304469
25.884,0,-0.7549440716718154,-1,0.7549440716718154
25.886,0,-0.7562324954415813,-1,0.7562324954415813
25.888,0,-0.7575084287460497,-1,0.7575084287460497
25.89,0,-0.7587718710961031,-1,0.7587718710961031
25.892,0,-0.760022822205579,-1,0.760022822205579
25.894,0,-0.7612612819896574,-1,0.7612612819896574
25.896,0,-0.7624872505632576,-1,0.7624872505632576
25.898,0,-0.7637007282394452,-1,0.7637007282394452
25.9,0,-0.7649017155278481,-1,0.7649017155278481
25.902,0,-0.7660902131330819,-1,0.7660902131330819
25.904,0,-0.7672662219531854,-1,0.7672662219531854
25.906,0,-0.7684297430780648,-1,0.7684297430780648
25.908,0,-0.7695807777879476,-1,0.7695807777879476
25.91,0,-0.770719327551846,-1,0.770719327551846
25.912,0,-0.7718453940260285,-1,0.7718453940260285
25.914,0,-0.7729589790525021,-1,0.7729589790525021
25.916,0,-0.7740600846575028,-1,0.7740600846575028
25.918,0,-0.7751487130499951,-1,0.7751487130499951
25.92,0,-0.7762248666201812,-1,0.7762248666201812
25.922,0,-0.7772885479380185,-1,0.7772885479380185
25.924,0,-0.7783397597517464,-1,0.7783397597517464
25.926,0,-0.7793785049864221,-1,0.7793785049864221
25.928,0,-0.7804047867424648,-1,0.7804047867424648
25.93,0,-0.7814186082942093,-1,0.7814186082942093
25.932,0,-0.7824199730884678,-1,0.7824199730884678
25.934,0,-0.7834088847431007,-1,0.7834088847431007
25.936,0,-0.7843853470455961,-1,0.7843853470455961
25.938,0,-0.7853493639516581,-1,0.7853493639516581
25.94,0,-0.7863009395838026,-1,0.7863009395838026
25.942,0,-0.7872400782299633,-1,0.7872400782299633
25.944,0,-0.7881667843421049,-1,0.7881667843421049
25.946,0,-0.7890810625348449,-1,0.7890810625348449
25.948,0,-0.7899829175840847,-1,0.7899829175840847
25.95,0,-0.7908723544256477,-1,0.7908723544256477
25.952,0,-0.7917493781539269,-1,0.7917493781539269
25.954,0,-0.7926139940205397,-1,0.7926139940205397
25.956,0,-0.7934662074329918,-1,0.7934662074329918
25.958,0,-0.7943060239533488,-1,0.7943060239533488
25.96,0,-0.7951334492969161,-1,0.7951334492969161
25.962,0,-0.7959484893309265,-1,0.7959484893309265
25.964,0,-0.7967511500732367,-1,0.7967511500732367
25.966,0,-0.7975414376910304,-1,0.7975414376910304
25.968,0,-0.7983193584995307,-1,0.7983193584995307
25.97,0,-0.79908491896072,-1,0.79908491896072
25.972,0,-0.7998381256820672,-1,0.7998381256820672
25.974,0,-0.8005789854152636,-1,0.8005789854152636
25.976,0,-0.8013075050549657,-1,0.8013075050549657
25.978,0,-0.8020236916375464,-1,0.8020236916375464
25.98,0,-0.8027275523398536,-1,0.8027275523398536
25.982,0,-0.8034190944779765,-1,0.8034190944779765
25.984,0,-0.8040983255060198,-1,0.8040983255060198
25.986,0,-0.8047652530148846,-1,0.8047652530148846
25.988,0,-0.8054198847310579,-1,0.8054198847310579
25.99,0,-0.8060622285154091,-1,0.8060622285154091
25.992,0,-0.8066922923619937,-1,0.8066922923619937
25.994,0,-0.8073100843968649,-1,0.8073100843968649
25.996,0,-0.8079156128768921,-1,0.8079156128768921
25.998,0,-0.8085088861885872,-1,0.8085088861885872
26,0,-0.8090899128469379,-1,0.8090899128469379
26.002,0,-0.809658701494248,-1,0.809658701494248
26.004,0,-0.8102152608989859,-1,0.8102152608989859
26.006,0,-0.8107595999546386,-1,0.8107595999546386
26.008,0,-0.8112917276785748,-1,0.8112917276785748
26.01,0,-0.8118116532109133,-1,0.8118116532109133
26.012,0,-0.8123193858133998,-1,0.8123193858133998
26.014,0,-0.8128149348682899,-1,0.8128149348682899
26.016,0,-0.8132983098772395,-1,0.8132983098772395
26.018,0,-0.8137695204602018,-1,0.8137695204602018
26.02,0,-0.8142285763543314,-1,0.8142285763543314
26.022,0,-0.8146754874128957,-1,0.8146754874128957
26.024,0,-0.8151102636041921,-1,0.8151102636041921
26.026,0,-0.8155329150104728,-1,0.8155329150104728
26.028,0,-0.8159434518268761,-1,0.8159434518268761
26.03,0,-0.8163418843603647,-1,0.8163418843603647
26.032,0,-0.81672822302867,-1,0.81672822302867
26.034,0,-0.8171024783592437,-1,0.8171024783592437
26.036,0,-0.8174646609882158,-1,0.8174646609882158
26.038,0,-0.8178147816593591,-1,0.8178147816593591
26.04,0,-0.81815285122306,-1,0.81815285122306
26.042,0,-0.8184788806352968,-1,0.8184788806352968
26.044,0,-0.8187928809566231,-1,0.8187928809566231
26.046,0,-0.8190948633511581,-1,0.8190948633511581
26.048,0,-0.8193848390855842,-1,0.8193848390855842
26.05,0,-0.8196628195281499,-1,0.8196628195281499
26.052,0,-0.819928816147679,-1,0.819928816147679
26.054,0,-0.8201828405125869,-1,0.8201828405125869
26.056,0,-0.8204249042899026,-1,0.8204249042899026
26.058,0,-0.8206550192442965,-1,0.8206550192442965
26.06,0,-0.8208731972371158,-1,0.8208731972371158
26.062,0,-0.8210794502254246,-1,0.8210794502254246
26.064,0,-0.8212737902610505,-1,0.8212737902610505
26.066,0,-0.821456229489638,-1,0.821456229489638
26.068,0,-0.8216267801497069,-1,0.8216267801497069
26.07,0,-0.8217854545717174,-1,0.8217854545717174
26.072,0,-0.8219322651771411,-1,0.8219322651771411
26.074,0,-0.8220672244775381,-1,0.8220672244775381
26.076,0,-0.822190345073639,-1,0.822190345073639
26.078,0,-0.8223016396544343,-1,0.8223016396544343
26.08,0,-0.8224011209962687,-1,0.8224011209962687
26.082,0,-0.8224888019619415,-1,0.8224888019619415
26.084,0,-0.8225646954998125,-1,0.8225646954998125
26.086,0,-0.8226288146429142,-1,0.8226288146429142
26.088,0,-0.8226811725080692,-1,0.8226811725080692
26.09,0,-0.8227217822950137,-1,0.8227217822950137
26.092,0,-0.8227506572855263,-1,0.8227506572855263
26.094,0,-0.8227678108425629,-1,0.8227678108425629
26.096,0,-0.8227732564093966,-1,0.8227732564093966
26.098,0,-0.8227670075087636,-1,0.8227670075087636
26.1,0,-0.8227490777420148,-1,0.8227490777420148
26.102,0,-0.8227194807882721,-1,0.8227194807882721
26.104,0,-0.8226782304035912,-1,0.8226782304035912
26.106,0,-0.8226253404201292,-1,0.8226253404201292
26.108,0,-0.8225608247453177,-1,0.8225608247453177
26.11,0,-0.8224846973610414,-1,0.8224846973610414
26.112,0,-0.8223969723228222,-1,0.8223969723228222
26.114,0,-0.8222976637590083,-1,0.8222976637590083
26.116,0,-0.8221867858699687,-1,0.8221867858699687
26.118,0,-0.8220643529272935,-1,0.8220643529272935
26.12,0,-0.8219303792729983,-1,0.8219303792729983
26.122,0,-0.8217848793187348,-1,0.8217848793187348
26.124,0,-0.8216278675450063,-1,0.8216278675450063
26.126,0,-0.8214593585003884,-1,0.8214593585003884
26.128,0,-0.8212793668007545,-1,0.8212793668007545
26.13,0,-0.8210879071285069,-1,0.8210879071285069
26.132,0,-0.8208849942318125,-1,0.8208849942318125
26.134,0,-0.8206706429238438,-1,0.8206706429238438
26.136,0,-0.8204448680820251,-1,0.8204448680820251
26.138,0,-0.820207684647283,-1,0.820207684647283
26.14,0,-0.8199591076233027,-1,0.8199591076233027
26.142,0,-0.8196991520757888,-1,0.8196991520757888
26.144,0,-0.8194278331317307,-1,0.8194278331317307
26.146,0,-0.8191451659786737,-1,0.8191451659786737
26.148,0,-0.8188511658639939,-1,0.8188511658639939
26.15,0,-0.818545848094179,-1,0.818545848094179
26.152,0,-0.818229228034113,-1,0.818229228034113
26.154,0,-0.8179013211063664,-1,0.8179013211063664
26.156,0,-0.8175621427904902,-1,0.8175621427904902
26.158,0,-0.8172117086223158,-1,0.8172117086223158
26.16,0,-0.8168500341932587,-1,0.8168500341932587
26.162,0,-0.8164771351496272,-1,0.8164771351496272
26.164,0,-0.8160930271919352,-1,0.8160930271919352
26.166,0,-0.8156977260742211,-1,0.8156977260742211
26.168,0,-0.8152912476033692,-1,0.8152912476033692
26.17,0,-0.8148736076384374,-1,0.8148736076384374
26.172,0,-0.8144448220899884,-1,0.8144448220899884
26.174,0,-0.8140049069194258,-1,0.8140049069194258
26.176,0,-0.813553878138335,-1,0.813553878138335
26.178,0,-0.8130917518078274,-1,0.8130917518078274
26.18,0,-0.8126185440378908,-1,0.8126185440378908
26.182,0,-0.8121342709867423,-1,0.8121342709867423
26.184,0,-0.8116389488601872,-1,0.8116389488601872
26.186,0,-0.8111325939109811,-1,0.8111325939109811
26.188,0,-0.8106152224381972,-1,0.8106152224381972
26.19,0,-0.8100868507865968,-1,0.8100868507865968
26.192,0,-0.8095474953460058,-1,0.8095474953460058
26.194,0,-0.8089971725506935,-1,0.8089971725506935
26.196,0,-0.8084358988787571,-1,0.8084358988787571
26.198,0,-0.8078636908515097,-1,0.8078636908515097
26.2,0,-0.8072805650328725,-1,0.8072805650328725
26.202,0,-0.8066865380287718,-1,0.8066865380287718
26.204,0,-0.8060816264865392,-1,0.8060816264865392
26.206,0,-0.8054658470943167,-1,0.8054658470943167
26.208,0,-0.8048392165804653,-1,0.8048392165804653
26.21,0,-0.8042017517129781,-1,0.8042017517129781
26.212,0,-0.8035534692988975,-1,0.8035534692988975
26.214,0,-0.8028943861837357,-1,0.8028943861837357
26.216,0,-0.8022245192509,-1,0.8022245192509
26.218,0,-0.8015438854211221,-1,0.8015438854211221
26.22,0,-0.8008525016518906,-1,0.8008525016518906
26.222,0,-0.8001503849368878,-1,0.8001503849368878
26.224,0,-0.7994375523054311,-1,0.7994375523054311
26.226,0,-0.798714020821917,-1,0.798714020821917
26.228,0,-0.7979798075852701,-1,0.7979798075852701
26.23,0,-0.7972349297283952,-1,0.7972349297283952
26.232,0,-0.7964794044176337,-1,0.7964794044176337
26.234,0,-0.7957132488522234,-1,0.7957132488522234
26.236,0,-0.7949364802637627,-1,0.7949364802637627
26.238,0,-0.7941491159156778,-1,0.7941491159156778
26.24,0,-0.793351173102694,-1,0.793351173102694
26.242,0,-0.7925426691503106,-1,0.7925426691503106
26.244,0,-0.7917236214142799,-1,0.7917236214142799
26.246,0,-0.7908940472800895,-1,0.7908940472800895
26.248,0,-0.790053964162448,-1,0.790053964162448
26.25,0,-0.7892033895047749,-1,0.7892033895047749
26.252,0,-0.7883423407786938,-1,0.7883423407786938
26.254,0,-0.7874708354835294,-1,0.7874708354835294
26.256,0,-0.7865888911458074,-1,0.7865888911458074
26.258,0,-0.7856965253187591,-1,0.7856965253187591
26.26,0,-0.7847937555818284,-1,0.7847937555818284
26.262,0,-0.783880599540183,-1,0.783880599540183
26.264,0,-0.7829570748242288,-1,0.7829570748242288
26.266,0,-0.782023199089128,-1,0.782023199089128
26.268,0,-0.78107899001432,-1,0.78107899001432
26.27,0,-0.780124465303047,-1,0.780124465303047
26.272,0,-0.7791596426818814,-1,0.7791596426818814
26.274,0,-0.7781845399002582,-1,0.7781845399002582
26.276,0,-0.777199174730009,-1,0.777199174730009
26.278,0,-0.7762035649649014,-1,0.7762035649649014
26.28,0,-0.77519772842018,-1,0.77519772842018
26.282,0,-0.7741816829321113,-1,0.7741816829321113
26.284,0,-0.7731554463575324,-1,0.7731554463575324
26.286,0,-0.7721190365734021,-1,0.7721190365734021
26.288,0,-0.7710724714763559,-1,0.7710724714763559
26.29,0,-0.7700157689822641,-1,0.7700157689822641
26.292,0,-0.7689489470257926,-1,0.7689489470257926
26.294,0,-0.7678720235599681,-1,0.7678720235599681
26.296,0,-0.7667850165557446,-1,0.7667850165557446
26.298,0,-0.7656879440015752,-1,0.7656879440015752
26.3,0,-0.7645808239029855,-1,0.7645808239029855
26.302,0,-0.7634636742821507,-1,0.7634636742821507
26.304,0,-0.7623365131774755,-1,0.7623365131774755
26.306,0,-0.761199358643178,-1,0.761199358643178
26.308,0,-0.7600522287488751,-1,0.7600522287488751
26.31,0,-0.7588951415791726,-1,0.7588951415791726
26.312,0,-0.7577281152332571,-1,0.7577281152332571
26.314,0,-0.7565511678244915,-1,0.7565511678244915
26.316,0,-0.7553643174800135,-1,0.7553643174800135
26.318,0,-0.754167582340337,-1,0.754167582340337
26.32,0,-0.7529609805589559,-1,0.7529609805589559
26.322,0,-0.7517445303019522,-1,0.7517445303019522
26.324,0,-0.7505182497476056,-1,0.7505182497476056
26.326,0,-0.7492821570860069,-1,0.7492821570860069
26.328,0,-0.7480362705186737,-1,0.7480362705186737
26.33,0,-0.7467806082581698,-1,0.7467806082581698
26.332,0,-0.7455151885277266,-1,0.7455151885277266
26.334,0,-0.7442400295608674,-1,0.7442400295608674
26.336,0,-0.7429551496010355,-1,0.7429551496010355
26.338,0,-0.7416605669012239,-1,0.7416605669012239
26.34,0,-0.7403562997236087,-1,0.7403562997236087
26.342,0,-0.7390423663391845,-1,0.7390423663391845
26.344,0,-0.7377187850274033,-1,0.7377187850274033
26.346,0,-0.7363855740758156,-1,0.7363855740758156
26.348,0,-0.7350427517797147,-1,0.7350427517797147
26.35,0,-0.7336903364417829,-1,0.7336903364417829
26.352,0,-0.7323283463717417,-1,0.7323283463717417
26.354,0,-0.7309567998860033,-1,0.7309567998860033
26.356,0,-0.7295757153073256,-1,0.7295757153073256
26.358,0,-0.7281851109644699,-1,0.7281851109644699
26.36,0,-0.7267850051918606,-1,0.7267850051918606
26.362,0,-0.7253754163292482,-1,0.7253754163292482
26.364,0,-0.7239563627213741,-1,0.7239563627213741
26.366,0,-0.7225278627176391,-1,0.7225278627176391
26.368,0,-0.7210899346717737,-1,0.7210899346717737
26.37,0,-0.7196425969415108,-1,0.7196425969415108
26.372,0,-0.7181858678882612,-1,0.7181858678882612
26.374,0,-0.7167197658767925,-1,0.7167197658767925
26.376,0,-0.7152443092749088,-1,0.7152443092749088
26.378,0,-0.7137595164531341,-1,0.7137595164531341
26.38,0,-0.712265405784398,-1,0.712265405784398
26.382,0,-0.7107619956437236,-1,0.7107619956437236
26.384,0,-0.7092493044079179,-1,0.7092493044079179
26.386,0,-0.7077273504552651,-1,0.7077273504552651
26.388,0,-0.7061961521652216,-1,0.7061961521652216
26.39,0,-0.7046557279181137,-1,0.7046557279181137
26.392,0,-0.7031060960948381,-1,0.7031060960948381
26.394,0,-0.7015472750765642,-1,0.7015472750765642
26.396,0,-0.6999792832444391,-1,0.6999792832444391
26.398,0,-0.6984021389792949,-1,0.6984021389792949
26.4,0,-0.6968158606613579,-1,0.6968158606613579
26.402,0,-0.6952204666699611,-1,0.6952204666699611
26.404,0,-0.6936159753832579,-1,0.6936159753832579
26.406,0,-0.6920024051779392,-1,0.6920024051779392
26.408,0,-0.6903797744289516,-1,0.6903797744289516
26.41,0,-0.6887481015092187,-1,0.6887481015092187
26.412,0,-0.6871074047893647,-1,0.6871074047893647
26.414,0,-0.6854577026374395,-1,0.6854577026374395
26.416,0,-0.6837990134186469,-1,0.6837990134186469
26.418,0,-0.6821313554950742,-1,0.6821313554950742
26.42,0,-0.6804547472254249,-1,0.6804547472254249
26.422,0,-0.6787692069647526,-1,0.6787692069647526
26.424,0,-0.6770747530641981,-1,0.6770747530641981
26.426,0,-0.6753714038707275,-1,0.6753714038707275
26.428,0,-0.6736591777268737,-1,0.6736591777268737
26.43,0,-0.671938092970479,-1,0.671938092970479
26.432,0,-0.6702081679344405,-1,0.6702081679344405
26.434,0,-0.668469420946457,-1,0.668469420946457
26.436,0,-0.6667218703287788,-1,0.6667218703287788
26.438,0,-0.6649655343979588,-1,0.6649655343979588
26.44,0,-0.6632004314646062,-1,0.6632004314646062
26.442,0,-0.6614265798331418,-1,0.6614265798331418
26.444,0,-0.6596439978015559,-1,0.6596439978015559
26.446,0,-0.6578527036611679,-1,0.6578527036611679
26.448,0,-0.6560527156963876,-1,0.6560527156963876
26.45,0,-0.6542440521844793,-1,0.6542440521844793
26.452,0,-0.6524267313953275,-1,0.6524267313953275
26.454,0,-0.650600771591204,-1,0.650600771591204
26.456,0,-0.6487661910265382,-1,0.6487661910265382
26.458,0,-0.6469230079476882,-1,0.6469230079476882
26.46,0,-0.6450712405927146,-1,0.6450712405927146
26.462,0,-0.6432109071911558,-1,0.6432109071911558
26.464,0,-0.6413420259638055,-1,0.6413420259638055
26.466,0,-0.6394646151224922,-1,0.6394646151224922
26.468,0,-0.6375786928698598,-1,0.6375786928698598
26.47,0,-0.6356842773991515,-1,0.6356842773991515
26.472,0,-0.6337813868939941,-1,0.6337813868939941
26.474,0,-0.6318700395281853,-1,0.6318700395281853
26.476,0,-0.6299502534654822,-1,0.6299502534654822
26.478,0,-0.6280220468593917,-1,0.6280220468593917
26.48,0,-0.6260854378529631,-1,0.6260854378529631
26.482,0,-0.6241404445785825,-1,0.6241404445785825
26.484,0,-0.6221870851577683,-1,0.6221870851577683
26.486,0,-0.6202253777009693,-1,0.6202253777009693
26.488,0,-0.6182553403073642,-1,0.6182553403073642
26.49,0,-0.6162769910646632,-1,0.6162769910646632
26.492,0,-0.6142903480489107,-1,0.6142903480489107
26.494,0,-0.6122954293242906,-1,0.6122954293242906
26.496,0,-0.6102922529429328,-1,0.6102922529429328
26.498,0,-0.6082808369447215,-1,0.6082808369447215
26.5,0,-0.6062611993571052,-1,0.6062611993571052
26.502,0,-0.6042333581949089,-1,0.6042333581949089
26.504,0,-0.602197331460147,-1,0.602197331460147
26.506,0,-0.6001531371418392,-1,0.6001531371418392
26.508,0,-0.5981007932158265,-1,0.5981007932158265
26.51,0,-0.5960403176445909,-1,0.5960403176445909
26.512,0,-0.5939717283770742,-1,0.5939717283770742
26.514,0,-0.5918950433485011,-1,0.5918950433485011
26.516,0,-0.5898102804802018,-1,0.5898102804802018
26.518,0,-0.5877174576794378,-1,0.5877174576794378
26.52,0,-0.5856165928392282,-1,0.5856165928392282
26.522,0,-0.5835077038381778,-1,0.5835077038381778
26.524,0,-0.581390808540308,-1,0.581390808540308
26.526,0,-0.5792659247948871,-1,0.5792659247948871
26.528,0,-0.5771330704362644,-1,0.5771330704362644
26.53,0,-0.5749922632837042,-1,0.5749922632837042
26.532,0,-0.5728435211412225,-1,0.5728435211412225
26.534,0,-0.5706868617974244,-1,0.5706868617974244
26.536,0,-0.5685223030253439,-1,0.5685223030253439
26.538,0,-0.5663498625822839,-1,0.5663498625822839
26.54,0,-0.5641695582096595,-1,0.5641695582096595
26.542,0,-0.5619814076328413,-1,0.5619814076328413
26.544,0,-0.559785428561001,-1,0.559785428561001
26.546,0,-0.557581638686958,-1,0.557581638686958
26.548,0,-0.555370055687028,-1,0.555370055687028
26.55,0,-0.553150697220873,-1,0.553150697220873
26.552,0,-0.5509235809313517,-1,0.5509235809313517
26.554,0,-0.5486887244443734,-1,0.5486887244443734
26.556,0,-0.5464461453687514,-1,0.5464461453687514
26.558,0,-0.5441958612960586,-1,0.5441958612960586
26.56,0,-0.541937889800485,-1,0.541937889800485
26.562,0,-0.5396722484386957,-1,0.5396722484386957
26.564,0,-0.537398954749691,-1,0.537398954749691
26.566,0,-0.5351180262546678,-1,0.5351180262546678
26.568,0,-0.5328294804568815,-1,0.5328294804568815
26.57,0,-0.5305333348415111,-1,0.5305333348415111
26.572,0,-0.5282296068755237,-1,0.5282296068755237
26.574,0,-0.5259183140075415,-1,0.5259183140075415
26.576,0,-0.5235994736677104,-1,0.5235994736677104
26.578,0,-0.5212731032675687,-1,0.5212731032675687
26.58,0,-0.5189392201999183,-1,0.5189392201999183
26.582,0,-0.5165978418386969,-1,0.5165978418386969
26.584,0,-0.5142489855388512,-1,0.5142489855388512
26.586,0,-0.5118926686362117,-1,0.5118926686362117
26.588,0,-0.509528908447369,-1,0.509528908447369
26.59,0,-0.5071577222695507,-1,0.5071577222695507
26.592,0,-0.5047791273805005,-1,0.5047791273805005
26.594,0,-0.5023931410383577,-1,0.5023931410383577
26.596,0,-0.4999997804815389,-1,0.4999997804815389
26.598,0,-0.4975990629286197,-1,0.4975990629286197
26.6,0,-0.495191005578219,-1,0.495191005578219
26.602,0,-0.4927756256088838,-1,0.4927756256088838
26.604,0,-0.4903529401789752,-1,0.4903529401789752
26.606,0,-0.4879229664265561,-1,0.4879229664265561
26.608,0,-0.4854857214692795,-1,0.4854857214692795
26.61,0,-0.4830412224042785,-1,0.4830412224042785
26.612,0,-0.4805894863080575,-1,0.4805894863080575
26.614,0,-0.4781305302363839,-1,0.4781305302363839
26.616,0,-0.4756643712241823,-1,0.4756643712241823
26.618,0,-0.4731910262854284,-1,0.4731910262854284
26.62,0,-0.4707105124130453,-1,0.4707105124130453
26.622,0,-0.4682228465788001,-1,0.4682228465788001
26.624,0,-0.4657280457332024,-1,0.4657280457332024
26.626,0,-0.4632261268054028,-1,0.4632261268054028
26.628,0,-0.4607171067030943,-1,0.4607171067030943
26.63,0,-0.4582010023124132,-1,0.4582010023124132
26.632,0,-0.4556778304978416,-1,0.4556778304978416
26.634,0,-0.453147608102112,-1,0.453147608102112
26.636,0,-0.4506103519461112,-1,0.4506103519461112
26.638,0,-0.4480660788287872,-1,0.4480660788287872
26.64,0,-0.4455148055270556,-1,0.4455148055270556
26.642,0,-0.4429565487957082,-1,0.4429565487957082
26.644,0,-0.4403913253673223,-1,0.4403913253673223
26.646,0,-0.4378191519521706,-1,0.4378191519521706
26.648,0,-0.4352400452381334,-1,0.4352400452381334
26.65,0,-0.4326540218906101,-1,0.4326540218906101
26.652,0,-0.4300610985524337,-1,0.4300610985524337
26.654,0,-0.4274612918437848,-1,0.4274612918437848
26.656,0,-0.4248546183621074,-1,0.4248546183621074
26.658,0,-0.4222410946820256,-1,0.4222410946820256
26.66,0,-0.4196207373552614,-1,0.4196207373552614
26.662,0,-0.416993562910553,-1,0.416993562910553
26.664,0,-0.4143595878535749,-1,0.4143595878535749
26.666,0,-0.4117188286668588,-1,0.4117188286668588
26.668,0,-0.4090713018097147,-1,0.4090713018097147
26.67,0,-0.4064170237181544,-1,0.4064170237181544
26.672,0,-0.4037560108048145,-1,0.4037560108048145
26.674,0,-0.4010882794588818,-1,0.4010882794588818
26.676,0,-0.3984138460460181,-1,0.3984138460460181
26.678,0,-0.395732726908288,-1,0.395732726908288
26.68,0,-0.3930449383640852,-1,0.3930449383640852
26.682,0,-0.3903504967080622,-1,0.3903504967080622
26.684,0,-0.3876494182110589,-1,0.3876494182110589
26.686,0,-0.3849417191200339,-1,0.3849417191200339
26.688,0,-0.382227415657995,-1,0.382227415657995
26.69,0,-0.3795065240239322,-1,0.3795065240239322
26.692,0,-0.3767790603927506,-1,0.3767790603927506
26.694,0,-0.3740450409152044,-1,0.3740450409152044
26.696,0,-0.3713044817178325,-1,0.3713044817178325
26.698,0,-0.3685573989028939,-1,0.3685573989028939
26.7,0,-0.3658038085483049,-1,0.3658038085483049
26.702,0,-0.3630437267075765,-1,0.3630437267075765
26.704,0,-0.3602771694097534,-1,0.3602771694097534
26.706,0,-0.3575041526593534,-1,0.3575041526593534
26.708,0,-0.3547246924363077,-1,0.3547246924363077
26.71,0,-0.3519388046959021,-1,0.3519388046959021
26.712,0,-0.3491465053687193,-1,0.3491465053687193
26.714,0,-0.3463478103605817,-1,0.3463478103605817
26.716,0,-0.3435427355524954,-1,0.3435427355524954
26.718,0,-0.3407312968005945,-1,0.3407312968005945
26.72,0,-0.3379135099360871,-1,0.3379135099360871
26.722,0,-0.3350893907652012,-1,0.3350893907652012
26.724,0,-0.3322589550691319,-1,0.3322589550691319
26.726,0,-0.3294222186039898,-1,0.3294222186039898
26.728,0,-0.3265791971007492,-1,0.3265791971007492
26.73,0,-0.323729906265198,-1,0.323729906265198
26.732,0,-0.3208743617778882,-1,0.3208743617778882
26.734,0,-0.3180125792940868,-1,0.3180125792940868
26.736,0,-0.3151445744437279,-1,0.3151445744437279
26.738,0,-0.3122703628313657,-1,0.3122703628313657
26.74,0,-0.3093899600361278,-1,0.3093899600361278
26.742,0,-0.3065033816116695,-1,0.3065033816116695
26.744,0,-0.3036106430861292,-1,0.3036106430861292
26.746,0,-0.3007117599620838,-1,0.3007117599620838
26.748,0,-0.2978067477165057,-1,0.2978067477165057
26.75,0,-0.2948956218007202,-1,0.2948956218007202
26.752,0,-0.2919783976403633,-1,0.2919783976403633
26.754,0,-0.2890550906353407,-1,0.2890550906353407
26.756,0,-0.2861257161597878,-1,0.2861257161597878
26.758,0,-0.2831902895620292,-1,0.2831902895620292
26.76,0,-0.2802488261645408,-1,0.2802488261645408
26.762,0,-0.2773013412639106,-1,0.2773013412639106
26.764,0,-0.2743478501308019,-1,0.2743478501308019
26.766,0,-0.2713883680099162,-1,0.2713883680099162
26.768,0,-0.2684229101199572,-1,0.2684229101199572
26.77,0,-0.2654514916535954,-1,0.2654514916535954
26.772,0,-0.2624741277774336,-1,0.2624741277774336
26.774,0,-0.2594908336319723,-1,0.2594908336319723
26.776,0,-0.2565016243315775,-1,0.2565016243315775
26.778,0,-0.253506514964447,-1,0.253506514964447
26.78,0,-0.2505055205925789,-1,0.2505055205925789
26.782,0,-0.2474986562517406,-1,0.2474986562517406
26.784,0,-0.2444859369514376,-1,0.2444859369514376
26.786,0,-0.2414673776748841,-1,0.2414673776748841
26.788,0,-0.2384429933789736,-1,0.2384429933789736
26.79,0,-0.2354127989942498,-1,0.2354127989942498
26.792,0,-0.2323768094248795,-1,0.2323768094248795
26.794,0,-0.2293350395486242,-1,0.2293350395486242
26.796,0,-0.2262875042168145,-1,0.2262875042168145
26.798,0,-0.223234218254323,-1,0.223234218254323
26.8,0,-0.2201751964595398,-1,0.2201751964595398
26.802,0,-0.217110453604347,-1,0.217110453604347
26.804,0,-0.2140400044340947,-1,0.2140400044340947
26.806,0,-0.2109638636675777,-1,0.2109638636675777
26.808,0,-0.2078820459970121,-1,0.2078820459970121
26.81,0,-0.2047945660880134,-1,0.2047945660880134
26.812,0,-0.2017014385795742,-1,0.2017014385795742
26.814,0,-0.1986026780840437,-1,0.1986026780840437
26.816,0,-0.1954982991871064,-1,0.1954982991871064
26.818,0,-0.1923883164477628,-1,0.1923883164477628
26.82,0,-0.1892727443983095,-1,0.1892727443983095
26.822,0,-0.1861515975443209,-1,0.1861515975443209
26.824,0,-0.1830248903646304,-1,0.1830248903646304
26.826,0,-0.179892637311313,-1,0.179892637311313
26.828,0,-0.1767548528096683,-1,0.1767548528096683
26.83,0,-0.1736115512582039,-1,0.1736115512582039
26.832,0,-0.1704627470286193,-1,0.1704627470286193
26.834,0,-0.1673084544657907,-1,0.1673084544657907
26.836,0,-0.1641486878877557,-1,0.1641486878877557
26.838,0,-0.1609834615856998,-1,0.1609834615856998
26.84,0,-0.1578127898239416,-1,0.1578127898239416
26.842,0,-0.1546366868399203,-1,0.1546366868399203
26.844,0,-0.1514551668441826,-1,0.1514551668441826
26.846,0,-0.1482682440203709,-1,0.1482682440203709
26.848,0,-0.1450759325252111,-1,0.1450759325252111
26.85,0,-0.141878246488502,-1,0.141878246488502
26.852,0,-0.1386752000131043,-1,0.1386752000131043
26.854,0,-0.1354668071749308,-1,0.1354668071749308
26.856,0,-0.1322530820229366,-1,0.1322530820229366
26.858,0,-0.12903403857911,-1,0.12903403857911
26.86,0,-0.1258096908384641,-1,0.1258096908384641
26.862,0,-0.1225800527690285,-1,0.1225800527690285
26.864,0,-0.119345138311842,-1,0.119345138311842
26.866,0,-0.1161049613809452,-1,0.1161049613809452
26.868,0,-0.112859535863374,-1,0.112859535863374
26.87,0,-0.1096088756191533,-1,0.1096088756191533
26.872,0,-0.106352994481292,-1,0.106352994481292
26.874,0,-0.1030919062557769,-1,0.1030919062557769
26.876,0,-0.09982562472156864,-1,0.09982562472156864
26.878,0,-0.09655416363059721,-1,0.09655416363059721
26.88,0,-0.09327753670775829,-1,0.09327753670775829
26.882,0,-0.08999575765090986,-1,0.08999575765090986
26.884,0,-0.08670884013086938,-1,0.08670884013086938
26.886,0,-0.08341679779141138,-1,0.08341679779141138
26.888,0,-0.08011964424926554,-1,0.08011964424926554
26.89,0,-0.07681739309411514,-1,0.07681739309411514
26.892,0,-0.07351005788859605,-1,0.07351005788859605
26.894,0,-0.07019765216829606,-1,0.07019765216829606
26.896,0,-0.06688018944175475,-1,0.06688018944175475
26.898,0,-0.06355768319046372,-1,0.06355768319046372
26.9,0,-0.06023014686886721,-1,0.06023014686886721
26.902,0,-0.05689759390436331,-1,0.05689759390436331
26.904,0,-0.05356003769730538,-1,0.05356003769730538
26.906,0,-0.05021749162100408,-1,0.05021749162100408
26.908,0,-0.04686996902172967,-1,0.04686996902172967
26.91,0,-0.04351748321871481,-1,0.04351748321871481
26.912,0,-0.04016004750415773,-1,0.04016004750415773
26.914,0,-0.03679767514322582,-1,0.03679767514322582
26.916,0,-0.03343037937405964,-1,0.03343037937405964
26.918,0,-0.03005817340777726,-1,0.03005817340777726
26.92,0,-0.02668107042847909,-1,0.02668107042847909
26.922,0,-0.02329908359325301,-1,0.02329908359325301
26.924,0,-0.01991222603217998,-1,0.01991222603217998
26.926,0,-0.01652051084833997,-1,0.01652051084833997
26.928,0,-0.01312395111781827,-1,0.01312395111781827
26.93,0,-0.009722559889712263,-1,0.009722559889712263
26.932,0,-0.006316350186138448,-1,0.006316350186138448
26.934,0,-0.002905335002239949,-1,0.002905335002239949
26.936,0,0.0005104726938056697,1,-0.0005104726938056697
26.938,0,0.003931020049613755,1,-0.003931020049613755
26.94,0,0.007356148352748546,1,-0.007356148352748546
26.942,0,0.01078568683773098,1,-0.01078568683773098
26.944,0,0.01421946602947455,1,-0.01421946602947455
26.946,0,0.01765731773570416,1,-0.01765731773570416
26.948,0,0.02109907503941486,1,-0.02109907503941486
26.95,0,0.02454457229137044,1,-0.02454457229137044
26.952,0,0.02799364510264155,1,-0.02799364510264155
26.954,0,0.03144613033718316,1,-0.03144613033718316
26.956,0,0.03490186610445127,1,-0.03490186610445127
26.958,0,0.03836069175205854,1,-0.03836069175205854
26.96,0,0.04182244785846875,1,-0.04182244785846875
26.962,0,0.0452869762257298,1,-0.0452869762257298
26.964,0,0.04875411987224523,1,-0.04875411987224523
26.966,0,0.05222372302558378,1,-0.05222372302558378
26.968,0,0.05569563111532717,1,-0.05569563111532717
26.97,0,0.05916969076595552,1,-0.05916969076595552
26.972,0,0.06264574978977058,1,-0.06264574978977058
26.974,0,0.06612365717985635,1,-0.06612365717985635
26.976,0,0.06960326310307693,1,-0.06960326310307693
26.978,0,0.07308441889311154,1,-0.07308441889311154
26.98,0,0.07656697704352639,1,-0.07656697704352639
26.982,0,0.08005079120088328,1,-0.08005079120088328
26.984,0,0.0835357161578848,1,-0.0835357161578848
26.986,0,0.08702160784655574,1,-0.08702160784655574
26.988,0,0.09050832333146083,1,-0.09050832333146083
26.99,0,0.09399572080295837,1,-0.09399572080295837
26.992,0,0.09748365957048973,1,-0.09748365957048973
26.994,0,0.1009720000559044,1,-0.1009720000559044
26.996,0,0.1044606037868208,1,-0.1044606037868208
26.998,0,0.1079493333900217,1,-0.1079493333900217
27,0,0.1114380525848857,1,-0.1114380525848857
27.002,0,0.1149266261768526,1,-0.1149266261768526
27.004,0,0.1184149200509246,1,-0.1184149200509246
27.006,0,0.1219028011652011,1,-0.1219028011652011
27.008,0,0.1253901375444484,1,-0.1253901375444484
27.01,0,0.128876798273704,1,-0.128876798273704
27.012,0,0.1323626534919138,1,-0.1323626534919138
27.014,0,0.1358475743856047,1,-0.1358475743856047
27.016,0,0.1393314331825898,1,-0.1393314331825898
27.018,0,0.1428141031457075,1,-0.1428141031457075
27.02,0,0.1462954585665943,1,-0.1462954585665943
27.022,0,0.1497753747594901,1,-0.1497753747594901
27.024,0,0.1532537280550776,1,-0.1532537280550776
27.026,0,0.1567303957943536,1,-0.1567303957943536
27.028,0,0.1602052563225335,1,-0.1602052563225335
27.03,0,0.1636781889829886,1,-0.1636781889829886
27.032,0,0.1671490741112149,1,-0.1671490741112149
27.034,0,0.1706177930288354,1,-0.1706177930288354
27.036,0,0.1740842280376336,1,-0.1740842280376336
27.038,0,0.177548262413619,1,-0.177548262413619
27.04,0,0.1810097804011247,1,-0.1810097804011247
27.042,0,0.1844686672069363,1,-0.1844686672069363
27.044,0,0.1879248089944525,1,-0.1879248089944525
27.046,0,0.1913780928778767,1,-0.1913780928778767
27.048,0,0.1948284069164399,1,-0.1948284069164399
27.05,0,0.1982756401086545,1,-0.1982756401086545
27.052,0,0.2017196823865994,1,-0.2017196823865994
27.054,0,0.2051604246102345,1,-0.2051604246102345
27.056,0,0.2085977585617471,1,-0.2085977585617471
27.058,0,0.2120315769399283,1,-0.2120315769399283
27.06,0,0.2154617733545787,1,-0.2154617733545787
27.062,0,0.2188882423209453,1,-0.2188882423209453
27.064,0,0.222310879254188,1,-0.222310879254188
27.066,0,0.2257295804638751,1,-0.2257295804638751
27.068,0,0.2291442431485096,1,-0.2291442431485096
27.07,0,0.2325547653900841,1,-0.2325547653900841
27.072,0,0.2359610461486653,1,-0.2359610461486653
27.074,0,0.2393629852570074,1,-0.2393629852570074
27.076,0,0.2427604834151952,1,-0.2427604834151952
27.078,0,0.2461534421853152,1,-0.2461534421853152
27.08,0,0.2495417639861559,1,-0.2495417639861559
27.082,0,0.2529253520879368,1,-0.2529253520879368
27.084,0,0.2563041106070651,1,-0.2563041106070651
27.086,0,0.2596779445009221,1,-0.2596779445009221
27.088,0,0.263046759562676,1,-0.263046759562676
27.09,0,0.2664104624161239,1,-0.2664104624161239
27.092,0,0.2697689605105615,1,-0.2697689605105615
27.094,0,0.2731221621156802,1,-0.2731221621156802
27.096,0,0.2764699763164918,1,-0.2764699763164918
27.098,0,0.2798123130082811,1,-0.2798123130082811
27.1,0,0.2831490828915853,1,-0.2831490828915853
27.102,0,0.2864801974672008,1,-0.2864801974672008
27.104,0,0.2898055690312171,1,-0.2898055690312171
27.106,0,0.2931251106700772,1,-0.2931251106700772
27.108,0,0.2964387362556655,1,-0.2964387362556655
27.11,0,0.2997463604404216,1,-0.2997463604404216
27.112,0,0.3030478986524809,1,-0.3030478986524809
27.114,0,0.3063432670908416,1,-0.3063432670908416
27.116,0,0.309632382720558,1,-0.309632382720558
27.118,0,0.3129151632679594,1,-0.3129151632679594
27.12,0,0.3161915272158957,1,-0.3161915272158957
27.122,0,0.3194613937990081,1,-0.3194613937990081
27.124,0,0.3227246829990261,1,-0.3227246829990261
27.126,0,0.3259813155400899,1,-0.3259813155400899
27.128,0,0.3292312128840978,1,-0.3292312128840978
27.13,0,0.3324742972260797,1,-0.3324742972260797
27.132,0,0.335710491489595,1,-0.335710491489595
27.134,0,0.3389397193221559,1,-0.3389397193221559
27.136,0,0.3421619050906762,1,-0.3421619050906762
27.138,0,0.3453769738769437,1,-0.3453769738769437
27.14,0,0.3485848514731182,1,-0.3485848514731182
27.142,0,0.3517854643772538,1,-0.3517854643772538
27.144,0,0.3549787397888455,1,-0.3549787397888455
27.146,0,0.3581646056044006,1,-0.3581646056044006
27.148,0,0.3613429904130331,1,-0.3613429904130331
27.15,0,0.364513823492084,1,-0.364513823492084
27.152,0,0.3676770348027635,1,-0.3676770348027635
27.154,0,0.3708325549858189,1,-0.3708325549858189
27.156,0,0.3739803153572244,1,-0.3739803153572244
27.158,0,0.3771202479038963,1,-0.3771202479038963
27.16,0,0.3802522852794301,1,-0.3802522852794301
27.162,0,0.383376360799862,1,-0.383376360799862
27.164,0,0.3864924084394528,1,-0.3864924084394528
27.166,0,0.3896003628264956,1,-0.3896003628264956
27.168,0,0.3927001592391461,1,-0.3927001592391461
27.17,0,0.3957917336012761,1,-0.3957917336012761
27.172,0,0.3988750224783488,1,-0.3988750224783488
27.174,0,0.4019499630733183,1,-0.4019499630733183
27.176,0,0.4050164932225501,1,-0.4050164932225501
27.178,0,0.4080745513917653,1,-0.4080745513917653
27.18,0,0.4111240766720058,1,-0.4111240766720058
27.182,0,0.4141650087756228,1,-0.4141650087756228
27.184,0,0.4171972880322867,1,-0.4171972880322867
27.186,0,0.4202208553850193,1,-0.4202208553850193
27.188,0,0.4232356523862476,1,-0.4232356523862476
27.19,0,0.4262416211938793,1,-0.4262416211938793
27.192,0,0.4292387045674006,1,-0.4292387045674006
27.194,0,0.4322268458639942,1,-0.4322268458639942
27.196,0,0.4352059890346802,1,-0.4352059890346802
27.198,0,0.438176078620477,1,-0.438176078620477
27.2,0,0.4411370597485841,1,-0.4411370597485841
27.202,0,0.4440888781285861,1,-0.4440888781285861
27.204,0,0.4470314800486772,1,-0.4470314800486772
27.206,0,0.4499648123719064,1,-0.4499648123719064
27.208,0,0.4528888225324445,1,-0.4528888225324445
27.21,0,0.4558034585318704,1,-0.4558034585318704
27.212,0,0.4587086689354791,1,-0.4587086689354791
27.214,0,0.4616044028686093,1,-0.4616044028686093
27.216,0,0.4644906100129916,1,-0.4644906100129916
27.218,0,0.4673672406031176,1,-0.4673672406031176
27.22,0,0.4702342454226277,1,-0.4702342454226277
27.222,0,0.4730915758007204,1,-0.4730915758007204
27.224,0,0.4759391836085806,1,-0.4759391836085806
27.226,0,0.4787770212558278,1,-0.4787770212558278
27.228,0,0.4816050416869849,1,-0.4816050416869849
27.23,0,0.484423198377965,1,-0.484423198377965
27.232,0,0.4872314453325794,1,-0.4872314453325794
27.234,0,0.4900297370790638,1,-0.4900297370790638
27.236,0,0.4928180286666247,1,-0.4928180286666247
27.238,0,0.4955962756620042,1,-0.4955962756620042
27.24,0,0.4983644341460645,1,-0.4983644341460645
27.242,0,0.5011224607103913,1,-0.5011224607103913
27.244,0,0.5038703124539162,1,-0.5038703124539162
27.246,0,0.5066079469795572,1,-0.5066079469795572
27.248,0,0.5093353223908794,1,-0.5093353223908794
27.25,0,0.5120523972887727,1,-0.5120523972887727
27.252,0,0.5147591307681495,1,-0.5147591307681495
27.254,0,0.5174554824146594,1,-0.5174554824146594
27.256,0,0.5201414123014239,1,-0.5201414123014239
27.258,0,0.5228168809857874,1,-0.5228168809857874
27.26,0,0.5254818495060886,1,-0.5254818495060886
27.262,0,0.5281362793784478,1,-0.5281362793784478
27.264,0,0.5307801325935738,1,-0.5307801325935738
27.266,0,0.5334133716135879,1,-0.5334133716135879
27.268,0,0.5360359593688656,1,-0.5360359593688656
27.27,0,0.5386478592548967,1,-0.5386478592548967
27.272,0,0.5412490351291621,1,-0.5412490351291621
27.274,0,0.543839451308029,1,-0.543839451308029
27.276,0,0.546419072563663,1,-0.546419072563663
27.278,0,0.5489878641209572,1,-0.5489878641209572
27.28,0,0.5515457916544799,1,-0.5515457916544799
27.282,0,0.5540928212854377,1,-0.5540928212854377
27.284,0,0.556628919578657,1,-0.556628919578657
27.286,0,0.5591540535395821,1,-0.5591540535395821
27.288,0,0.5616681906112898,1,-0.5616681906112898
27.29,0,0.5641712986715214,1,-0.5641712986715214
27.292,0,0.5666633460297309,1,-0.5666633460297309
27.294,0,0.5691443014241505,1,-0.5691443014241505
27.296,0,0.5716141340188718,1,-0.5716141340188718
27.298,0,0.5740728134009443,1,-0.5740728134009443
27.3,0,0.5765203095774896,1,-0.5765203095774896
27.302,0,0.5789565929728324,1,-0.5789565929728324
27.304,0,0.5813816344256476,1,-0.5813816344256476
27.306,0,0.5837954051861231,1,-0.5837954051861231
27.308,0,0.5861978769131391,1,-0.5861978769131391
27.31,0,0.5885890216714635,1,-0.5885890216714635
27.312,0,0.590968811928963,1,-0.590968811928963
27.314,0,0.5933372205538292,1,-0.5933372205538292
27.316,0,0.595694220811822,1,-0.595694220811822
27.318,0,0.5980397863635274,1,-0.5980397863635274
27.32,0,0.6003738912616311,1,-0.6003738912616311
27.322,0,0.6026965099482081,1,-0.6026965099482081
27.324,0,0.605007617252027,1,-0.605007617252027
27.326,0,0.6073071883858699,1,-0.6073071883858699
27.328,0,0.609595198943868,1,-0.609595198943868
27.33,0,0.6118716248988515,1,-0.6118716248988515
27.332,0,0.6141364425997148,1,-0.6141364425997148
27.334,0,0.6163896287687975,1,-0.6163896287687975
27.336,0,0.6186311604992795,1,-0.6186311604992795
27.338,0,0.6208610152525906,1,-0.6208610152525906
27.34,0,0.6230791708558364,1,-0.6230791708558364
27.342,0,0.6252856054992372,1,-0.6252856054992372
27.344,0,0.6274802977335823,1,-0.6274802977335823
27.346,0,0.6296632264676991,1,-0.6296632264676991
27.348,0,0.6318343709659362,1,-0.6318343709659362
27.35,0,0.6339937108456608,1,-0.6339937108456608
27.352,0,0.636141226074771,1,-0.636141226074771
27.354,0,0.6382768969692215,1,-0.6382768969692215
27.356,0,0.6404007041905647,1,-0.6404007041905647
27.358,0,0.6425126287435042,1,-0.6425126287435042
27.36,0,0.644612651973464,1,-0.644612651973464
27.362,0,0.6467007555641703,1,-0.6467007555641703
27.364,0,0.6487769215352485,1,-0.6487769215352485
27.366,0,0.6508411322398325,1,-0.6508411322398325
27.368,0,0.6528933703621891,1,-0.6528933703621891
27.37,0,0.654933618915355,1,-0.654933618915355
27.372,0,0.656961861238788,1,-0.656961861238788
27.374,0,0.6589780809960317,1,-0.6589780809960317
27.376,0,0.6609822621723934,1,-0.6609822621723934
27.378,0,0.6629743890726355,1,-0.6629743890726355
27.38,0,0.6649544463186799,1,-0.6649544463186799
27.382,0,0.6669224188473264,1,-0.6669224188473264
27.384,0,0.6688782919079833,1,-0.6688782919079833
27.386,0,0.670822051060412,1,-0.670822051060412
27.388,0,0.672753682172484,1,-0.672753682172484
27.39,0,0.6746731714179508,1,-0.6746731714179508
27.392,0,0.6765805052742274,1,-0.6765805052742274
27.394,0,0.6784756705201881,1,-0.6784756705201881
27.396,0,0.6803586542339748,1,-0.6803586542339748
27.398,0,0.6822294437908188,1,-0.6822294437908188
27.4,0,0.6840880268608746,1,-0.6840880268608746
27.402,0,0.6859343914070659,1,-0.6859343914070659
27.404,0,0.6877685256829456,1,-0.6877685256829456
27.406,0,0.6895904182305662,1,-0.6895904182305662
27.408,0,0.6914000578783647,1,-0.6914000578783647
27.41,0,0.6931974337390576,1,-0.6931974337390576
27.412,0,0.69498253520755,1,-0.69498253520755
27.414,0,0.6967553519588557,1,-0.6967553519588557
27.416,0,0.6985158739460301,1,-0.6985158739460301
27.418,0,0.7002640913981146,1,-0.7002640913981146
27.42,0,0.7019999948180934,1,-0.7019999948180934
27.422,0,0.7037235749808618,1,-0.7037235749808618
27.424,0,0.7054348229312071,1,-0.7054348229312071
27.426,0,0.7071337299818001,1,-0.7071337299818001
27.428,0,0.7088202877111999,1,-0.7088202877111999
27.43,0,0.7104944879618683,1,-0.7104944879618683
27.432,0,0.7121563228381984,1,-0.7121563228381984
27.434,0,0.7138057847045521,1,-0.7138057847045521
27.436,0,0.7154428661833111,1,-0.7154428661833111
27.438,0,0.7170675601529382,1,-0.7170675601529382
27.44,0,0.7186798597460503,1,-0.7186798597460503
27.442,0,0.7202797583475031,1,-0.7202797583475031
27.444,0,0.7218672495924863,1,-0.7218672495924863
27.446,0,0.7234423273646302,1,-0.7234423273646302
27.448,0,0.7250049857941241,1,-0.7250049857941241
27.45,0,0.7265552192558447,1,-0.7265552192558447
27.452,0,0.7280930223674964,1,-0.7280930223674964
27.454,0,0.7296183899877623,1,-0.7296183899877623
27.456,0,0.7311313172144656,1,-0.7311313172144656
27.458,0,0.7326317993827424,1,-0.7326317993827424
27.46,0,0.7341198320632251,1,-0.7341198320632251
27.462,0,0.7355954110602367,1,-0.7355954110602367
27.464,0,0.7370585324099956,1,-0.7370585324099956
27.466,0,0.7385091923788306,1,-0.7385091923788306
27.468,0,0.7399473874614072,1,-0.7399473874614072
27.47,0,0.741373114378964,1,-0.741373114378964
27.472,0,0.7427863700775597,1,-0.7427863700775597
27.474,0,0.74418715172633,1,-0.74418715172633
27.476,0,0.7455754567157559,1,-0.7455754567157559
27.478,0,0.7469512826559408,1,-0.7469512826559408
27.48,0,0.7483146273748992,1,-0.7483146273748992
27.482,0,0.7496654889168547,1,-0.7496654889168547
27.484,0,0.7510038655405484,1,-0.7510038655405484
27.486,0,0.7523297557175576,1,-0.7523297557175576
27.488,0,0.7536431581306238,1,-0.7536431581306238
27.49,0,0.7549440716719915,1,-0.7549440716719915
27.492,0,0.7562324954417566,1,-0.7562324954417566
27.494,0,0.7575084287462243,1,-0.7575084287462243
27.496,0,0.7587718710962769,1,-0.7587718710962769
27.498,0,0.760022822205752,1,-0.760022822205752
27.5,0,0.7612612819898296,1,-0.7612612819898296
27.502,0,0.762487250563429,1,-0.762487250563429
27.504,0,0.7637007282396159,1,-0.7637007282396159
27.506,0,0.764901715528018,1,-0.764901715528018
27.508,0,0.7660902131332511,1,-0.7660902131332511
27.51,0,0.7672662219533539,1,-0.7672662219533539
27.512,0,0.7684297430782326,1,-0.7684297430782326
27.514,0,0.7695807777881148,1,-0.7695807777881148
27.516,0,0.7707193275520124,1,-0.7707193275520124
27.518,0,0.7718453940261942,1,-0.7718453940261942
27.52,0,0.7729589790526671,1,-0.7729589790526671
27.522,0,0.7740600846576671,1,-0.7740600846576671
27.524,0,0.7751487130501586,1,-0.7751487130501586
27.526,0,0.7762248666203441,1,-0.7762248666203441
27.528,0,0.7772885479381807,1,-0.7772885479381807
27.53,0,0.7783397597519079,1,-0.7783397597519079
27.532,0,0.7793785049865829,1,-0.7793785049865829
27.534,0,0.7804047867426249,1,-0.7804047867426249
27.536,0,0.7814186082943687,1,-0.7814186082943687
27.538,0,0.7824199730886265,1,-0.7824199730886265
27.54,0,0.7834088847432588,1,-0.7834088847432588
27.542,0,0.7843853470457536,1,-0.7843853470457536
27.544,0,0.7853493639518149,1,-0.7853493639518149
27.546,0,0.7863009395839587,1,-0.7863009395839587
27.548,0,0.7872400782301188,1,-0.7872400782301188
27.55,0,0.7881667843422596,1,-0.7881667843422596
27.552,0,0.789081062534999,1,-0.789081062534999
27.554,0,0.7899829175842381,1,-0.7899829175842381
27.556,0,0.7908723544258005,1,-0.7908723544258005
27.558,0,0.7917493781540791,1,-0.7917493781540791
27.56,0,0.7926139940206912,1,-0.7926139940206912
27.562,0,0.7934662074331427,1,-0.7934662074331427
27.564,0,0.7943060239534991,1,-0.7943060239534991
27.566,0,0.7951334492970659,1,-0.7951334492970659
27.568,0,0.7959484893310758,1,-0.7959484893310758
27.57,0,0.7967511500733853,1,-0.7967511500733853
27.572,0,0.7975414376911782,1,-0.7975414376911782
27.574,0,0.7983193584996779,1,-0.7983193584996779
27.576,0,0.7990849189608666,1,-0.7990849189608666
27.578,0,0.7998381256822132,1,-0.7998381256822132
27.58,0,0.8005789854154091,1,-0.8005789854154091
27.582,0,0.8013075050551105,1,-0.8013075050551105
27.584,0,0.8020236916376905,1,-0.8020236916376905
27.586,0,0.802727552339997,1,-0.802727552339997
27.588,0,0.8034190944781194,1,-0.8034190944781194
27.59,0,0.804098325506162,1,-0.804098325506162
27.592,0,0.8047652530150262,1,-0.8047652530150262
27.594,0,0.805419884731199,1,-0.805419884731199
27.596,0,0.8060622285155495,1,-0.8060622285155495
27.598,0,0.8066922923621336,1,-0.8066922923621336
27.6,0,0.8073100843970041,1,-0.8073100843970041
27.602,0,0.8079156128770307,1,-0.8079156128770307
27.604,0,0.8085088861887253,1,-0.8085088861887253
27.606,0,0.8090899128470753,1,-0.8090899128470753
27.608,0,0.8096587014943849,1,-0.8096587014943849
27.61,0,0.8102152608991221,1,-0.8102152608991221
27.612,0,0.8107595999547742,1,-0.8107595999547742
27.614,0,0.8112917276787097,1,-0.8112917276787097
27.616,0,0.8118116532110476,1,-0.8118116532110476
27.618,0,0.8123193858135336,1,-0.8123193858135336
27.62,0,0.8128149348684232,1,-0.8128149348684232
27.622,0,0.8132983098773722,1,-0.8132983098773722
27.624,0,0.8137695204603338,1,-0.8137695204603338
27.626,0,0.8142285763544629,1,-0.8142285763544629
27.628,0,0.8146754874130266,1,-0.8146754874130266
27.63,0,0.8151102636043224,1,-0.8151102636043224
27.632,0,0.8155329150106024,1,-0.8155329150106024
27.634,0,0.8159434518270052,1,-0.8159434518270052
27.636,0,0.8163418843604933,1,-0.8163418843604933
27.638,0,0.816728223028798,1,-0.816728223028798
27.64,0,0.8171024783593711,1,-0.8171024783593711
27.642,0,0.8174646609883427,1,-0.8174646609883427
27.644,0,0.8178147816594854,1,-0.8178147816594854
27.646,0,0.8181528512231858,1,-0.8181528512231858
27.648,0,0.8184788806354221,1,-0.8184788806354221
27.65,0,0.8187928809567477,1,-0.8187928809567477
27.652,0,0.8190948633512822,1,-0.8190948633512822
27.654,0,0.8193848390857078,1,-0.8193848390857078
27.656,0,0.8196628195282729,1,-0.8196628195282729
27.658,0,0.8199288161478014,1,-0.8199288161478014
27.66,0,0.8201828405127088,1,-0.8201828405127088
27.662,0,0.8204249042900239,1,-0.8204249042900239
27.664,0,0.8206550192444173,1,-0.8206550192444173
27.666,0,0.8208731972372362,1,-0.8208731972372362
27.668,0,0.8210794502255444,1,-0.8210794502255444
27.67,0,0.8212737902611699,1,-0.8212737902611699
27.672,0,0.8214562294897568,1,-0.8214562294897568
27.674,0,0.8216267801498252,1,-0.8216267801498252
27.676,0,0.8217854545718352,1,-0.8217854545718352
27.678,0,0.8219322651772585,1,-0.8219322651772585
27.68,0,0.8220672244776549,1,-0.8220672244776549
27.682,0,0.8221903450737553,1,-0.8221903450737553
27.684,0,0.8223016396545502,1,-0.8223016396545502
27.686,0,0.8224011209963841,1,-0.8224011209963841
27.688,0,0.8224888019620563,1,-0.8224888019620563
27.69,0,0.8225646954999268,1,-0.8225646954999268
27.692,0,0.822628814643028,1,-0.822628814643028
27.694,0,0.8226811725081824,1,-0.8226811725081824
27.696,0,0.8227217822951264,1,-0.8227217822951264
27.698,0,0.8227506572856386,1,-0.8227506572856386
27.7,0,0.8227678108426747,1,-0.8227678108426747
27.702,0,0.8227732564095079,1,-0.8227732564095079
27.704,0,0.8227670075088745,1,-0.8227670075088745
27.706,0,0.8227490777421252,1,-0.8227490777421252
27.708,0,0.8227194807883821,1,-0.8227194807883821
27.71,0,0.8226782304037007,1,-0.8226782304037007
27.712,0,0.8226253404202382,1,-0.8226253404202382
27.714,0,0.8225608247454261,1,-0.8225608247454261
27.716,0,0.8224846973611494,1,-0.8224846973611494
27.718,0,0.8223969723229296,1,-0.8223969723229296
27.72,0,0.8222976637591153,1,-0.8222976637591153
27.722,0,0.8221867858700753,1,-0.8221867858700753
27.724,0,0.8220643529273997,1,-0.8220643529273997
27.726,0,0.821930379273104,1,-0.821930379273104
27.728,0,0.8217848793188399,1,-0.8217848793188399
27.73,0,0.821627867545111,1,-0.821627867545111
27.732,0,0.8214593585004926,1,-0.8214593585004926
27.734,0,0.8212793668008582,1,-0.8212793668008582
27.736,0,0.8210879071286101,1,-0.8210879071286101
27.738,0,0.8208849942319153,1,-0.8208849942319153
27.74,0,0.8206706429239462,1,-0.8206706429239462
27.742,0,0.820444868082127,1,-0.820444868082127
27.744,0,0.8202076846473845,1,-0.8202076846473845
27.746,0,0.8199591076234037,1,-0.8199591076234037
27.748,0,0.8196991520758894,1,-0.8196991520758894
27.75,0,0.8194278331318309,1,-0.8194278331318309
27.752,0,0.8191451659787734,1,-0.8191451659787734
27.754,0,0.8188511658640931,1,-0.8188511658640931
27.756,0,0.8185458480942778,1,-0.8185458480942778
27.758,0,0.8182292280342114,1,-0.8182292280342114
27.76,0,0.8179013211064643,1,-0.8179013211064643
27.762,0,0.8175621427905877,1,-0.8175621427905877
27.764,0,0.8172117086224129,1,-0.8172117086224129
27.766,0,0.8168500341933553,1,-0.8168500341933553
27.768,0,0.8164771351497233,1,-0.8164771351497233
27.77,0,0.8160930271920309,1,-0.8160930271920309
27.772,0,0.8156977260743163,1,-0.8156977260743163
27.774,0,0.8152912476034641,1,-0.8152912476034641
27.776,0,0.8148736076385318,1,-0.8148736076385318
27.778,0,0.8144448220900823,1,-0.8144448220900823
27.78,0,0.8140049069195193,1,-0.8140049069195193
27.782,0,0.8135538781384281,1,-0.8135538781384281
27.784,0,0.8130917518079201,1,-0.8130917518079201
27.786,0,0.8126185440379831,1,-0.8126185440379831
27.788,0,0.8121342709868342,1,-0.8121342709868342
27.79,0,0.8116389488602787,1,-0.8116389488602787
27.792,0,0.8111325939110722,1,-0.8111325939110722
27.794,0,0.8106152224382878,1,-0.8106152224382878
27.796,0,0.8100868507866871,1,-0.8100868507866871
27.798,0,0.8095474953460957,1,-0.8095474953460957
27.8,0,0.8089971725507831,1,-0.8089971725507831
27.802,0,0.8084358988788463,1,-0.8084358988788463
27.804,0,0.8078636908515984,1,-0.8078636908515984
27.806,0,0.8072805650329608,1,-0.8072805650329608
27.808,0,0.8066865380288597,1,-0.8066865380288597
27.81,0,0.8060816264866267,1,-0.8060816264866267
27.812,0,0.8054658470944038,1,-0.8054658470944038
27.814,0,0.804839216580552,1,-0.804839216580552
27.816,0,0.8042017517130645,1,-0.8042017517130645
27.818,0,0.8035534692989834,1,-0.8035534692989834
27.82,0,0.8028943861838211,1,-0.8028943861838211
27.822,0,0.8022245192509851,1,-0.8022245192509851
27.824,0,0.8015438854212069,1,-0.8015438854212069
27.826,0,0.800852501651975,1,-0.800852501651975
27.828,0,0.8001503849369719,1,-0.8001503849369719
27.83,0,0.7994375523055147,1,-0.7994375523055147
27.832,0,0.7987140208220003,1,-0.7987140208220003
27.834,0,0.7979798075853529,1,-0.7979798075853529
27.836,0,0.7972349297284775,1,-0.7972349297284775
27.838,0,0.7964794044177156,1,-0.7964794044177156
27.84,0,0.795713248852305,1,-0.795713248852305
27.842,0,0.794936480263844,1,-0.794936480263844
27.844,0,0.7941491159157588,1,-0.7941491159157588
27.846,0,0.7933511731027745,1,-0.7933511731027745
27.848,0,0.7925426691503907,1,-0.7925426691503907
27.85,0,0.7917236214143597,1,-0.7917236214143597
27.852,0,0.7908940472801689,1,-0.7908940472801689
27.854,0,0.7900539641625269,1,-0.7900539641625269
27.856,0,0.7892033895048535,1,-0.7892033895048535
27.858,0,0.7883423407787721,1,-0.7883423407787721
27.86,0,0.7874708354836073,1,-0.7874708354836073
27.862,0,0.786588891145885,1,-0.786588891145885
27.864,0,0.7856965253188364,1,-0.7856965253188364
27.866,0,0.7847937555819053,1,-0.7847937555819053
27.868,0,0.7838805995402596,1,-0.7838805995402596
27.87,0,0.782957074824305,1,-0.782957074824305
27.872,0,0.7820231990892037,1,-0.7820231990892037
27.874,0,0.7810789900143954,1,-0.7810789900143954
27.876,0,0.780124465303122,1,-0.780124465303122
27.878,0,0.779159642681956,1,-0.779159642681956
27.88,0,0.7781845399003323,1,-0.7781845399003323
27.882,0,0.7771991747300828,1,-0.7771991747300828
27.884,0,0.7762035649649749,1,-0.7762035649649749
27.886,0,0.7751977284202531,1,-0.7751977284202531
27.888,0,0.7741816829321841,1,-0.7741816829321841
27.89,0,0.7731554463576049,1,-0.7731554463576049
27.892,0,0.7721190365734742,1,-0.7721190365734742
27.894,0,0.7710724714764278,1,-0.7710724714764278
27.896,0,0.7700157689823356,1,-0.7700157689823356
27.898,0,0.7689489470258638,1,-0.7689489470258638
27.9,0,0.7678720235600389,1,-0.7678720235600389
27.902,0,0.7667850165558151,1,-0.7667850165558151
27.904,0,0.7656879440016454,1,-0.7656879440016454
27.906,0,0.7645808239030554,1,-0.7645808239030554
27.908,0,0.7634636742822202,1,-0.7634636742822202
27.91,0,0.7623365131775447,1,-0.7623365131775447
27.912,0,0.7611993586432468,1,-0.7611993586432468
27.914,0,0.7600522287489436,1,-0.7600522287489436
27.916,0,0.7588951415792408,1,-0.7588951415792408
27.918,0,0.757728115233325,1,-0.757728115233325
27.92,0,0.7565511678245591,1,-0.7565511678245591
27.922,0,0.7553643174800808,1,-0.7553643174800808
27.924,0,0.7541675823404039,1,-0.7541675823404039
27.926,0,0.7529609805590225,1,-0.7529609805590225
27.928,0,0.7517445303020185,1,-0.7517445303020185
27.93,0,0.7505182497476716,1,-0.7505182497476716
27.932,0,0.7492821570860725,1,-0.7492821570860725
27.934,0,0.7480362705187391,1,-0.7480362705187391
27.936,0,0.7467806082582349,1,-0.7467806082582349
27.938,0,0.7455151885277913,1,-0.7455151885277913
27.94,0,0.7442400295609318,1,-0.7442400295609318
27.942,0,0.7429551496010997,1,-0.7429551496010997
27.944,0,0.7416605669012878,1,-0.7416605669012878
27.946,0,0.7403562997236722,1,-0.7403562997236722
27.948,0,0.7390423663392477,1,-0.7390423663392477
27.95,0,0.7377187850274661,1,-0.7377187850274661
27.952,0,0.7363855740758781,1,-0.7363855740758781
27.954,0,0.7350427517797768,1,-0.7350427517797768
27.956,0,0.7336903364418448,1,-0.7336903364418448
27.958,0,0.7323283463718032,1,-0.7323283463718032
27.96,0,0.7309567998860644,1,-0.7309567998860644
27.962,0,0.7295757153073865,1,-0.7295757153073865
27.964,0,0.7281851109645305,1,-0.7281851109645305
27.966,0,0.726785005191921,1,-0.726785005191921
27.968,0,0.7253754163293082,1,-0.7253754163293082
27.97,0,0.7239563627214339,1,-0.7239563627214339
27.972,0,0.7225278627176988,1,-0.7225278627176988
27.974,0,0.721089934671833,1,-0.721089934671833
27.976,0,0.7196425969415697,1,-0.7196425969415697
27.978,0,0.71818586788832,1,-0.71818586788832
27.98,0,0.7167197658768509,1,-0.7167197658768509
27.982,0,0.715244309274967,1,-0.715244309274967
27.984,0,0.7137595164531919,1,-0.7137595164531919
27.986,0,0.7122654057844555,1,-0.7122654057844555
27.988,0,0.7107619956437808,1,-0.7107619956437808
27.99,0,0.709249304407975,1,-0.709249304407975
27.992,0,0.7077273504553219,1,-0.7077273504553219
27.994,0,0.7061961521652781,1,-0.7061961521652781
27.996,0,0.7046557279181699,1,-0.7046557279181699
27.998,0,0.7031060960948941,1,-0.7031060960948941
28,0,0.70154727507662,1,-0.70154727507662
28.002,0,0.6999792832444947,1,-0.6999792832444947
28.004,0,0.6984021389793501,1,-0.6984021389793501
28.006,0,0.6968158606614129,1,-0.6968158606614129
28.008,0,0.6952204666700158,1,-0.6952204666700158
28.01,0,0.6936159753833124,1,-0.6936159753833124
28.012,0,0.6920024051779934,1,-0.6920024051779934
28.014,0,0.6903797744290054,1,-0.6903797744290054
28.016,0,0.6887481015092723,1,-0.6887481015092723
28.018,0,0.687107404789418,1,-0.687107404789418
28.02,0,0.6854577026374925,1,-0.6854577026374925
28.022,0,0.6837990134186995,1,-0.6837990134186995
28.024,0,0.6821313554951266,1,-0.6821313554951266
28.026,0,0.6804547472254771,1,-0.6804547472254771
28.028,0,0.6787692069648046,1,-0.6787692069648046
28.03,0,0.6770747530642498,1,-0.6770747530642498
28.032,0,0.675371403870779,1,-0.675371403870779
28.034,0,0.673659177726925,1,-0.673659177726925
28.036,0,0.67193809297053,1,-0.67193809297053
28.038,0,0.6702081679344911,1,-0.6702081679344911
28.04,0,0.6684694209465074,1,-0.6684694209465074
28.042,0,0.6667218703288289,1,-0.6667218703288289
28.044,0,0.6649655343980087,1,-0.6649655343980087
28.046,0,0.6632004314646558,1,-0.6632004314646558
28.048,0,0.6614265798331911,1,-0.6614265798331911
28.05,0,0.659643997801605,1,-0.659643997801605
28.052,0,0.6578527036612166,1,-0.6578527036612166
28.054,0,0.6560527156964361,1,-0.6560527156964361
28.056,0,0.6542440521845276,1,-0.6542440521845276
28.058,0,0.6524267313953755,1,-0.6524267313953755
28.06,0,0.6506007715912518,1,-0.6506007715912518
28.062,0,0.6487661910265857,1,-0.6487661910265857
28.064,0,0.6469230079477355,1,-0.6469230079477355
28.066,0,0.6450712405927616,1,-0.6450712405927616
28.068,0,0.6432109071912024,1,-0.6432109071912024
28.07,0,0.6413420259638519,1,-0.6413420259638519
28.072,0,0.6394646151225383,1,-0.6394646151225383
28.074,0,0.6375786928699056,1,-0.6375786928699056
28.076,0,0.6356842773991971,1,-0.6356842773991971
28.078,0,0.6337813868940394,1,-0.6337813868940394
28.08,0,0.6318700395282303,1,-0.6318700395282303
28.082,0,0.6299502534655268,1,-0.6299502534655268
28.084,0,0.628022046859436,1,-0.628022046859436
28.086,0,0.6260854378530072,1,-0.6260854378530072
28.088,0,0.6241404445786264,1,-0.6241404445786264
28.09,0,0.622187085157812,1,-0.622187085157812
28.092,0,0.6202253777010127,1,-0.6202253777010127
28.094,0,0.6182553403074074,1,-0.6182553403074074
28.096,0,0.6162769910647061,1,-0.6162769910647061
28.098,0,0.6142903480489534,1,-0.6142903480489534
28.1,0,0.6122954293243331,1,-0.6122954293243331
28.102,0,0.6102922529429751,1,-0.6102922529429751
28.104,0,0.6082808369447635,1,-0.6082808369447635
28.106,0,0.6062611993571471,1,-0.6062611993571471
28.108,0,0.6042333581949505,1,-0.6042333581949505
28.11,0,0.6021973314601884,1,-0.6021973314601884
28.112,0,0.6001531371418803,1,-0.6001531371418803
28.114,0,0.5981007932158675,1,-0.5981007932158675
28.116,0,0.5960403176446316,1,-0.5960403176446316
28.118,0,0.5939717283771148,1,-0.5939717283771148
28.12,0,0.5918950433485414,1,-0.5918950433485414
28.122,0,0.5898102804802419,1,-0.5898102804802419
28.124,0,0.5877174576794777,1,-0.5877174576794777
28.126,0,0.5856165928392678,1,-0.5856165928392678
28.128,0,0.5835077038382173,1,-0.5835077038382173
28.13,0,0.5813908085403472,1,-0.5813908085403472
28.132,0,0.5792659247949261,1,-0.5792659247949261
28.134,0,0.5771330704363031,1,-0.5771330704363031
28.136,0,0.5749922632837428,1,-0.5749922632837428
28.138,0,0.5728435211412608,1,-0.5728435211412608
28.14,0,0.5706868617974625,1,-0.5706868617974625
28.142,0,0.5685223030253818,1,-0.5685223030253818
28.144,0,0.5663498625823216,1,-0.5663498625823216
28.146,0,0.5641695582096969,1,-0.5641695582096969
28.148,0,0.5619814076328786,1,-0.5619814076328786
28.15,0,0.5597854285610381,1,-0.5597854285610381
28.152,0,0.557581638686995,1,-0.557581638686995
28.154,0,0.5553700556870649,1,-0.5553700556870649
28.156,0,0.5531506972209096,1,-0.5531506972209096
28.158,0,0.5509235809313882,1,-0.5509235809313882
28.16,0,0.5486887244444096,1,-0.5486887244444096
28.162,0,0.5464461453687873,1,-0.5464461453687873
28.164,0,0.5441958612960943,1,-0.5441958612960943
28.166,0,0.5419378898005205,1,-0.5419378898005205
28.168,0,0.539672248438731,1,-0.539672248438731
28.17,0,0.5373989547497261,1,-0.5373989547497261
28.172,0,0.5351180262547026,1,-0.5351180262547026
28.174,0,0.5328294804569161,1,-0.5328294804569161
28.176,0,0.5305333348415455,1,-0.5305333348415455
28.178,0,0.5282296068755579,1,-0.5282296068755579
28.18,0,0.5259183140075755,1,-0.5259183140075755
28.182,0,0.5235994736677442,1,-0.5235994736677442
28.184,0,0.5212731032676022,1,-0.5212731032676022
28.186,0,0.5189392201999516,1,-0.5189392201999516
28.188,0,0.51659784183873,1,-0.51659784183873
28.19,0,0.5142489855388841,1,-0.5142489855388841
28.192,0,0.5118926686362445,1,-0.5118926686362445
28.194,0,0.5095289084474016,1,-0.5095289084474016
28.196,0,0.5071577222695832,1,-0.5071577222695832
28.198,0,0.5047791273805329,1,-0.5047791273805329
28.2,0,0.5023931410383899,1,-0.5023931410383899
28.202,0,0.4999997804815709,1,-0.4999997804815709
28.204,0,0.4975990629286515,1,-0.4975990629286515
28.206,0,0.4951910055782506,1,-0.4951910055782506
28.208,0,0.4927756256089152,1,-0.4927756256089152
28.21,0,0.4903529401790064,1,-0.4903529401790064
28.212,0,0.4879229664265872,1,-0.4879229664265872
28.214,0,0.4854857214693104,1,-0.4854857214693104
28.216,0,0.4830412224043092,1,-0.4830412224043092
28.218,0,0.480589486308088,1,-0.480589486308088
28.22,0,0.4781305302364142,1,-0.4781305302364142
28.222,0,0.4756643712242123,1,-0.4756643712242123
28.224,0,0.4731910262854583,1,-0.4731910262854583
28.226,0,0.470710512413075,1,-0.470710512413075
28.228,0,0.4682228465788297,1,-0.4682228465788297
28.23,0,0.4657280457332317,1,-0.4657280457332317
28.232,0,0.463226126805432,1,-0.463226126805432
28.234,0,0.4607171067031233,1,-0.4607171067031233
28.236,0,0.4582010023124419,1,-0.4582010023124419
28.238,0,0.4556778304978701,1,-0.4556778304978701
28.24,0,0.4531476081021403,1,-0.4531476081021403
28.242,0,0.4506103519461394,1,-0.4506103519461394
28.244,0,0.4480660788288152,1,-0.4480660788288152
28.246,0,0.4455148055270834,1,-0.4455148055270834
28.248,0,0.4429565487957359,1,-0.4429565487957359
28.25,0,0.4403913253673498,1,-0.4403913253673498
28.252,0,0.4378191519521979,1,-0.4378191519521979
28.254,0,0.4352400452381605,1,-0.4352400452381605
28.256,0,0.4326540218906371,1,-0.4326540218906371
28.258,0,0.4300610985524605,1,-0.4300610985524605
28.26,0,0.4274612918438114,1,-0.4274612918438114
28.262,0,0.4248546183621339,1,-0.4248546183621339
28.264,0,0.422241094682052,1,-0.422241094682052
28.266,0,0.4196207373552875,1,-0.4196207373552875
28.268,0,0.4169935629105789,1,-0.4169935629105789
28.27,0,0.4143595878536007,1,-0.4143595878536007
28.272,0,0.4117188286668844,1,-0.4117188286668844
28.274,0,0.4090713018097402,1,-0.4090713018097402
28.276,0,0.4064170237181797,1,-0.4064170237181797
28.278,0,0.4037560108048396,1,-0.4037560108048396
28.28,0,0.4010882794589067,1,-0.4010882794589067
28.282,0,0.3984138460460429,1,-0.3984138460460429
28.284,0,0.3957327269083126,1,-0.3957327269083126
28.286,0,0.3930449383641096,1,-0.3930449383641096
28.288,0,0.3903504967080864,1,-0.3903504967080864
28.29,0,0.3876494182110831,1,-0.3876494182110831
28.292,0,0.3849417191200579,1,-0.3849417191200579
28.294,0,0.3822274156580188,1,-0.3822274156580188
28.296,0,0.3795065240239558,1,-0.3795065240239558
28.298,0,0.376779060392774,1,-0.376779060392774
28.3,0,0.3740450409152277,1,-0.3740450409152277
28.302,0,0.3713044817178557,1,-0.3713044817178557
28.304,0,0.3685573989029169,1,-0.3685573989029169
28.306,0,0.3658038085483277,1,-0.3658038085483277
28.308,0,0.3630437267075992,1,-0.3630437267075992
28.31,0,0.3602771694097759,1,-0.3602771694097759
28.312,0,0.3575041526593758,1,-0.3575041526593758
28.314,0,0.3547246924363299,1,-0.3547246924363299
28.316,0,0.3519388046959242,1,-0.3519388046959242
28.318,0,0.3491465053687413,1,-0.3491465053687413
28.32,0,0.3463478103606035,1,-0.3463478103606035
28.322,0,0.343542735552517,1,-0.343542735552517
28.324,0,0.340731296800616,1,-0.340731296800616
28.326,0,0.3379135099361085,1,-0.3379135099361085
28.328,0,0.3350893907652224,1,-0.3350893907652224
28.33,0,0.332258955069153,1,-0.332258955069153
28.332,0,0.3294222186040107,1,-0.3294222186040107
28.334,0,0.3265791971007699,1,-0.3265791971007699
28.336,0,0.3237299062652186,1,-0.3237299062652186
28.338,0,0.3208743617779087,1,-0.3208743617779087
28.34,0,0.3180125792941071,1,-0.3180125792941071
28.342,0,0.3151445744437481,1,-0.3151445744437481
28.344,0,0.3122703628313858,1,-0.3122703628313858
28.346,0,0.3093899600361477,1,-0.3093899600361477
28.348,0,0.3065033816116893,1,-0.3065033816116893
28.35,0,0.3036106430861488,1,-0.3036106430861488
28.352,0,0.3007117599621032,1,-0.3007117599621032
28.354,0,0.297806747716525,1,-0.297806747716525
28.356,0,0.2948956218007393,1,-0.2948956218007393
28.358,0,0.2919783976403822,1,-0.2919783976403822
28.36,0,0.2890550906353595,1,-0.2890550906353595
28.362,0,0.2861257161598064,1,-0.2861257161598064
28.364,0,0.2831902895620478,1,-0.2831902895620478
28.366,0,0.2802488261645592,1,-0.2802488261645592
28.368,0,0.2773013412639289,1,-0.2773013412639289
28.37,0,0.27434785013082,1,-0.27434785013082
28.372,0,0.2713883680099342,1,-0.2713883680099342
28.374,0,0.2684229101199751,1,-0.2684229101199751
28.376,0,0.2654514916536132,1,-0.2654514916536132
28.378,0,0.2624741277774512,1,-0.2624741277774512
28.38,0,0.2594908336319898,1,-0.2594908336319898
28.382,0,0.2565016243315948,1,-0.2565016243315948
28.384,0,0.2535065149644641,1,-0.2535065149644641
28.386,0,0.2505055205925959,1,-0.2505055205925959
28.388,0,0.2474986562517574,1,-0.2474986562517574
28.39,0,0.2444859369514543,1,-0.2444859369514543
28.392,0,0.2414673776749007,1,-0.2414673776749007
28.394,0,0.2384429933789901,1,-0.2384429933789901
28.396,0,0.2354127989942662,1,-0.2354127989942662
28.398,0,0.2323768094248957,1,-0.2323768094248957
28.4,0,0.2293350395486403,1,-0.2293350395486403
28.402,0,0.2262875042168304,1,-0.2262875042168304
28.404,0,0.2232342182543388,1,-0.2232342182543388
28.406,0,0.2201751964595555,1,-0.2201751964595555
28.408,0,0.2171104536043625,1,-0.2171104536043625
28.41,0,0.2140400044341101,1,-0.2140400044341101
28.412,0,0.210963863667593,1,-0.210963863667593
28.414,0,0.2078820459970273,1,-0.2078820459970273
28.416,0,0.2047945660880284,1,-0.2047945660880284
28.418,0,0.2017014385795891,1,-0.2017014385795891
28.42,0,0.1986026780840584,1,-0.1986026780840584
28.422,0,0.195498299187121,1,-0.195498299187121
28.424,0,0.1923883164477773,1,-0.1923883164477773
28.426,0,0.1892727443983239,1,-0.1892727443983239
28.428,0,0.1861515975443352,1,-0.1861515975443352
28.43,0,0.1830248903646445,1,-0.1830248903646445
28.432,0,0.1798926373113269,1,-0.1798926373113269
28.434,0,0.1767548528096821,1,-0.1767548528096821
28.436,0,0.1736115512582176,1,-0.1736115512582176
28.438,0,0.1704627470286329,1,-0.1704627470286329
28.44,0,0.1673084544658041,1,-0.1673084544658041
28.442,0,0.1641486878877691,1,-0.1641486878877691
28.444,0,0.160983461585713,1,-0.160983461585713
28.446,0,0.1578127898239547,1,-0.1578127898239547
28.448,0,0.1546366868399332,1,-0.1546366868399332
28.45,0,0.1514551668441955,1,-0.1514551668441955
28.452,0,0.1482682440203836,1,-0.1482682440203836
28.454,0,0.1450759325252237,1,-0.1450759325252237
28.456,0,0.1418782464885145,1,-0.1418782464885145
28.458,0,0.1386752000131167,1,-0.1386752000131167
28.46,0,0.1354668071749431,1,-0.1354668071749431
28.462,0,0.1322530820229487,1,-0.1322530820229487
28.464,0,0.129034038579122,1,-0.129034038579122
28.466,0,0.125809690838476,1,-0.125809690838476
28.468,0,0.1225800527690403,1,-0.1225800527690403
28.47,0,0.1193451383118537,1,-0.1193451383118537
28.472,0,0.1161049613809567,1,-0.1161049613809567
28.474,0,0.1128595358633854,1,-0.1128595358633854
28.476,0,0.1096088756191646,1,-0.1096088756191646
28.478,0,0.1063529944813032,1,-0.1063529944813032
28.48,0,0.103091906255788,1,-0.103091906255788
28.482,0,0.0998256247215796,1,-0.0998256247215796
28.484,0,0.09655416363060806,1,-0.09655416363060806
28.486,0,0.09327753670776903,1,-0.09327753670776903
28.488,0,0.08999575765092049,1,-0.08999575765092049
28.49,0,0.0867088401308799,1,-0.0867088401308799
28.492,0,0.08341679779142179,1,-0.08341679779142179
28.494,0,0.08011964424927584,1,-0.08011964424927584
28.496,0,0.07681739309412533,1,-0.07681739309412533
28.498,0,0.07351005788860612,1,-0.07351005788860612
28.5,0,0.07019765216830604,1,-0.07019765216830604
28.502,0,0.06688018944176462,1,-0.06688018944176462
28.504,0,0.06355768319047347,1,-0.06355768319047347
28.506,0,0.06023014686887686,1,-0.06023014686887686
28.508,0,0.05689759390437285,1,-0.05689759390437285
28.51,0,0.05356003769731482,1,-0.05356003769731482
28.512,0,0.05021749162101341,1,-0.05021749162101341
28.514,0,0.04686996902173889,1,-0.04686996902173889
28.516,0,0.04351748321872392,1,-0.04351748321872392
28.518,0,0.04016004750416674,1,-0.04016004750416674
28.52,0,0.03679767514323473,1,-0.03679767514323473
28.522,0,0.03343037937406845,1,-0.03343037937406845
28.524,0,0.03005817340778597,1,-0.03005817340778597
28.526,0,0.02668107042848769,1,-0.02668107042848769
28.528,0,0.0232990835932615,1,-0.0232990835932615
28.53,0,0.01991222603218837,1,-0.01991222603218837
28.532,0,0.01652051084834825,1,-0.01652051084834825
28.534,0,0.01312395111782646,1,-0.01312395111782646
28.536,0,0.009722559889720346,1,-0.009722559889720346
28.538,0,0.00631635018614643,1,-0.00631635018614643
28.54,0,0.00290533500224783,1,-0.00290533500224783
28.542,0,-0.0005104726937978895,-1,0.0005104726937978895
28.544,0,-0.003931020049606075,-1,0.003931020049606075
28.546,0,-0.007356148352740965,-1,0.007356148352740965
28.548,0,-0.0107856868377235,-1,0.0107856868377235
28.55,0,-0.01421946602946717,-1,0.01421946602946717
28.552,0,-0.01765731773569687,-1,0.01765731773569687
28.554,0,-0.02109907503940767,-1,0.02109907503940767
28.556,0,-0.02454457229136336,-1,0.02454457229136336
28.558,0,-0.02799364510263457,-1,0.02799364510263457
28.56,0,-0.03144613033717628,-1,0.03144613033717628
28.562,0,-0.03490186610444448,-1,0.03490186610444448
28.564,0,-0.03836069175205184,-1,0.03836069175205184
28.566,0,-0.04182244785846213,-1,0.04182244785846213
28.568,0,-0.04528697622572329,-1,0.04528697622572329
28.57,0,-0.04875411987223881,-1,0.04875411987223881
28.572,0,-0.05222372302557746,-1,0.05222372302557746
28.574,0,-0.05569563111532094,-1,0.05569563111532094
28.576,0,-0.05916969076594938,-1,0.05916969076594938
28.578,0,-0.06264574978976453,-1,0.06264574978976453
28.58,0,-0.06612365717985039,-1,0.06612365717985039
28.582,0,-0.06960326310307105,-1,0.06960326310307105
28.584,0,-0.07308441889310574,-1,0.07308441889310574
28.586,0,-0.07656697704352068,-1,0.07656697704352068
28.588,0,-0.08005079120087767,-1,0.08005079120087767
28.59,0,-0.08353571615787928,-1,0.08353571615787928
28.592,0,-0.0870216078465503,-1,0.0870216078465503
28.594,0,-0.09050832333145548,-1,0.09050832333145548
28.596,0,-0.0939957208029531,-1,0.0939957208029531
28.598,0,-0.09748365957048453,-1,0.09748365957048453
28.6,0,-0.1009720000558993,-1,0.1009720000558993
28.602,0,-0.1044606037868158,-1,0.1044606037868158
28.604,0,-0.1079493333900168,-1,0.1079493333900168
28.606,0,-0.1114380525848808,-1,0.1114380525848808
28.608,0,-0.1149266261768479,-1,0.1149266261768479
28.61,0,-0.1184149200509199,-1,0.1184149200509199
28.612,0,-0.1219028011651965,-1,0.1219028011651965
28.614,0,-0.1253901375444439,-1,0.1253901375444439
28.616,0,-0.1288767982736996,-1,0.1288767982736996
28.618,0,-0.1323626534919095,-1,0.1323626534919095
28.62,0,-0.1358475743856005,-1,0.1358475743856005
28.622,0,-0.1393314331825857,-1,0.1393314331825857
28.624,0,-0.1428141031457035,-1,0.1428141031457035
28.626,0,-0.1462954585665903,-1,0.1462954585665903
28.628,0,-0.1497753747594862,-1,0.1497753747594862
28.63,0,-0.1532537280550738,-1,0.1532537280550738
28.632,0,-0.1567303957943499,-1,0.1567303957943499
28.634,0,-0.1602052563225299,-1,0.1602052563225299
28.636,0,-0.163678188982985,-1,0.163678188982985
28.638,0,-0.1671490741112114,-1,0.1671490741112114
28.64,0,-0.170617793028832,-1,0.170617793028832
28.642,0,-0.1740842280376303,-1,0.1740842280376303
28.644,0,-0.1775482624136158,-1,0.1775482624136158
28.646,0,-0.1810097804011216,-1,0.1810097804011216
28.648,0,-0.1844686672069333,-1,0.1844686672069333
28.65,0,-0.1879248089944495,-1,0.1879248089944495
28.652,0,-0.1913780928778738,-1,0.1913780928778738
28.654,0,-0.194828406916437,-1,0.194828406916437
28.656,0,-0.1982756401086518,-1,0.1982756401086518
28.658,0,-0.2017196823865967,-1,0.2017196823865967
28.66,0,-0.2051604246102319,-1,0.2051604246102319
28.662,0,-0.2085977585617447,-1,0.2085977585617447
28.664,0,-0.2120315769399259,-1,0.2120315769399259
28.666,0,-0.2154617733545764,-1,0.2154617733545764
28.668,0,-0.2188882423209431,-1,0.2188882423209431
28.67,0,-0.2223108792541858,-1,0.2223108792541858
28.672,0,-0.225729580463873,-1,0.225729580463873
28.674,0,-0.2291442431485076,-1,0.2291442431485076
28.676,0,-0.2325547653900822,-1,0.2325547653900822
28.678,0,-0.2359610461486634,-1,0.2359610461486634
28.68,0,-0.2393629852570056,-1,0.2393629852570056
28.682,0,-0.2427604834151935,-1,0.2427604834151935
28.684,0,-0.2461534421853136,-1,0.2461534421853136
28.686,0,-0.2495417639861544,-1,0.2495417639861544
28.688,0,-0.2529253520879353,-1,0.2529253520879353
28.69,0,-0.2563041106070638,-1,0.2563041106070638
28.692,0,-0.2596779445009209,-1,0.2596779445009209
28.694,0,-0.2630467595626749,-1,0.2630467595626749
28.696,0,-0.2664104624161229,-1,0.2664104624161229
28.698,0,-0.2697689605105605,-1,0.2697689605105605
28.7,0,-0.2731221621156793,-1,0.2731221621156793
28.702,0,-0.276469976316491,-1,0.276469976316491
28.704,0,-0.2798123130082804,-1,0.2798123130082804
28.706,0,-0.2831490828915847,-1,0.2831490828915847
28.708,0,-0.2864801974672003,-1,0.2864801974672003
28.71,0,-0.2898055690312166,-1,0.2898055690312166
28.712,0,-0.2931251106700767,-1,0.2931251106700767
28.714,0,-0.2964387362556651,-1,0.2964387362556651
28.716,0,-0.2997463604404213,-1,0.2997463604404213
28.718,0,-0.3030478986524807,-1,0.3030478986524807
28.72,0,-0.3063432670908415,-1,0.3063432670908415
28.722,0,-0.3096323827205579,-1,0.3096323827205579
28.724,0,-0.3129151632679594,-1,0.3129151632679594
28.726,0,-0.3161915272158957,-1,0.3161915272158957
28.728,0,-0.3194613937990082,-1,0.3194613937990082
28.73,0,-0.3227246829990263,-1,0.3227246829990263
28.732,0,-0.3259813155400901,-1,0.3259813155400901
28.734,0,-0.3292312128840981,-1,0.3292312128840981
28.736,0,-0.3324742972260801,-1,0.3324742972260801
28.738,0,-0.3357104914895954,-1,0.3357104914895954
28.74,0,-0.3389397193221564,-1,0.3389397193221564
28.742,0,-0.3421619050906767,-1,0.3421619050906767
28.744,0,-0.3453769738769443,-1,0.3453769738769443
28.746,0,-0.3485848514731188,-1,0.3485848514731188
28.748,0,-0.3517854643772544,-1,0.3517854643772544
28.75,0,-0.3549787397888463,-1,0.3549787397888463
28.752,0,-0.3581646056044013,-1,0.3581646056044013
28.754,0,-0.361342990413034,-1,0.361342990413034
28.756,0,-0.3645138234920849,-1,0.3645138234920849
28.758,0,-0.3676770348027645,-1,0.3676770348027645
28.76,0,-0.3708325549858199,-1,0.3708325549858199
28.762,0,-0.3739803153572254,-1,0.3739803153572254
28.764,0,-0.3771202479038974,-1,0.3771202479038974
28.766,0,-0.3802522852794313,-1,0.3802522852794313
28.768,0,-0.3833763607998632,-1,0.3833763607998632
28.77,0,-0.386492408439454,-1,0.386492408439454
28.772,0,-0.3896003628264969,-1,0.3896003628264969
28.774,0,-0.3927001592391475,-1,0.3927001592391475
28.776,0,-0.3957917336012775,-1,0.3957917336012775
28.778,0,-0.3988750224783503,-1,0.3988750224783503
28.78,0,-0.4019499630733198,-1,0.4019499630733198
28.782,0,-0.4050164932225517,-1,0.4050164932225517
28.784,0,-0.408074551391767,-1,0.408074551391767
28.786,0,-0.4111240766720075,-1,0.4111240766720075
28.788,0,-0.4141650087756246,-1,0.4141650087756246
28.79,0,-0.4171972880322886,-1,0.4171972880322886
28.792,0,-0.4202208553850212,-1,0.4202208553850212
28.794,0,-0.4232356523862495,-1,0.4232356523862495
28.796,0,-0.4262416211938813,-1,0.4262416211938813
28.798,0,-0.4292387045674027,-1,0.4292387045674027
28.8,0,-0.4322268458639963,-1,0.4322268458639963
28.802,0,-0.4352059890346824,-1,0.4352059890346824
28.804,0,-0.4381760786204792,-1,0.4381760786204792
28.806,0,-0.4411370597485864,-1,0.4411370597485864
28.808,0,-0.4440888781285884,-1,0.4440888781285884
28.81,0,-0.4470314800486795,-1,0.4470314800486795
28.812,0,-0.4499648123719088,-1,0.4499648123719088
28.814,0,-0.452888822532447,-1,0.452888822532447
28.816,0,-0.455803458531873,-1,0.455803458531873
28.818,0,-0.4587086689354817,-1,0.4587086689354817
28.82,0,-0.4616044028686119,-1,0.4616044028686119
28.822,0,-0.4644906100129944,-1,0.4644906100129944
28.824,0,-0.4673672406031203,-1,0.4673672406031203
28.826,0,-0.4702342454226305,-1,0.4702342454226305
28.828,0,-0.4730915758007233,-1,0.4730915758007233
28.83,0,-0.4759391836085835,-1,0.4759391836085835
28.832,0,-0.4787770212558308,-1,0.4787770212558308
28.834,0,-0.4816050416869879,-1,0.4816050416869879
28.836,0,-0.4844231983779681,-1,0.4844231983779681
28.838,0,-0.4872314453325826,-1,0.4872314453325826
28.84,0,-0.4900297370790671,-1,0.4900297370790671
28.842,0,-0.492818028666628,-1,0.492818028666628
28.844,0,-0.4955962756620075,-1,0.4955962756620075
28.846,0,-0.4983644341460679,-1,0.4983644341460679
28.848,0,-0.5011224607103948,-1,0.5011224607103948
28.85,0,-0.5038703124539197,-1,0.5038703124539197
28.852,0,-0.5066079469795608,-1,0.5066079469795608
28.854,0,-0.509335322390883,-1,0.509335322390883
28.856,0,-0.5120523972887764,-1,0.5120523972887764
28.858,0,-0.5147591307681532,-1,0.5147591307681532
28.86,0,-0.5174554824146631,-1,0.5174554824146631
28.862,0,-0.5201414123014275,-1,0.5201414123014275
28.864,0,-0.5228168809857912,-1,0.5228168809857912
28.866,0,-0.5254818495060923,-1,0.5254818495060923
28.868,0,-0.5281362793784516,-1,0.5281362793784516
28.87,0,-0.5307801325935777,-1,0.5307801325935777
28.872,0,-0.5334133716135918,-1,0.5334133716135918
28.874,0,-0.5360359593688696,-1,0.5360359593688696
28.876,0,-0.5386478592549008,-1,0.5386478592549008
28.878,0,-0.5412490351291662,-1,0.5412490351291662
28.88,0,-0.5438394513080332,-1,0.5438394513080332
28.882,0,-0.5464190725636672,-1,0.5464190725636672
28.884,0,-0.5489878641209615,-1,0.5489878641209615
28.886,0,-0.5515457916544841,-1,0.5515457916544841
28.888,0,-0.554092821285442,-1,0.554092821285442
28.89,0,-0.5566289195786615,-1,0.5566289195786615
28.892,0,-0.5591540535395866,-1,0.5591540535395866
28.894,0,-0.5616681906112944,-1,0.5616681906112944
28.896,0,-0.5641712986715259,-1,0.5641712986715259
28.898,0,-0.5666633460297356,-1,0.5666633460297356
28.9,0,-0.5691443014241552,-1,0.5691443014241552
28.902,0,-0.5716141340188765,-1,0.5716141340188765
28.904,0,-0.5740728134009491,-1,0.5740728134009491
28.906,0,-0.5765203095774944,-1,0.5765203095774944
28.908,0,-0.5789565929728373,-1,0.5789565929728373
28.91,0,-0.5813816344256525,-1,0.5813816344256525
28.912,0,-0.5837954051861279,-1,0.5837954051861279
28.914,0,-0.586197876913144,-1,0.586197876913144
28.916,0,-0.5885890216714685,-1,0.5885890216714685
28.918,0,-0.590968811928968,-1,0.590968811928968
28.92,0,-0.5933372205538343,-1,0.5933372205538343
28.922,0,-0.5956942208118272,-1,0.5956942208118272
28.924,0,-0.5980397863635326,-1,0.5980397863635326
28.926,0,-0.6003738912616363,-1,0.6003738912616363
28.928,0,-0.6026965099482133,-1,0.6026965099482133
28.93,0,-0.6050076172520322,-1,0.6050076172520322
28.932,0,-0.6073071883858753,-1,0.6073071883858753
28.934,0,-0.6095951989438735,-1,0.6095951989438735
28.936,0,-0.6118716248988569,-1,0.6118716248988569
28.938,0,-0.6141364425997203,-1,0.6141364425997203
28.94,0,-0.6163896287688031,-1,0.6163896287688031
28.942,0,-0.6186311604992851,-1,0.6186311604992851
28.944,0,-0.6208610152525964,-1,0.6208610152525964
28.946,0,-0.6230791708558423,-1,0.6230791708558423
28.948,0,-0.6252856054992431,-1,0.6252856054992431
28.95,0,-0.6274802977335883,-1,0.6274802977335883
28.952,0,-0.6296632264677051,-1,0.6296632264677051
28.954,0,-0.6318343709659423,-1,0.6318343709659423
28.956,0,-0.633993710845667,-1,0.633993710845667
28.958,0,-0.6361412260747772,-1,0.6361412260747772
28.96,0,-0.6382768969692278,-1,0.6382768969692278
28.962,0,-0.640400704190571,-1,0.640400704190571
28.964,0,-0.6425126287435106,-1,0.6425126287435106
28.966,0,-0.6446126519734703,-1,0.6446126519734703
28.968,0,-0.6467007555641767,-1,0.6467007555641767
28.97,0,-0.6487769215352549,-1,0.6487769215352549
28.972,0,-0.650841132239839,-1,0.650841132239839
28.974,0,-0.6528933703621955,-1,0.6528933703621955
28.976,0,-0.6549336189153614,-1,0.6549336189153614
28.978,0,-0.6569618612387944,-1,0.6569618612387944
28.98,0,-0.6589780809960382,-1,0.6589780809960382
28.982,0,-0.6609822621724,-1,0.6609822621724
28.984,0,-0.6629743890726421,-1,0.6629743890726421
28.986,0,-0.6649544463186865,-1,0.6649544463186865
28.988,0,-0.6669224188473331,-1,0.6669224188473331
28.99,0,-0.6688782919079901,-1,0.6688782919079901
28.992,0,-0.6708220510604189,-1,0.6708220510604189
28.994,0,-0.6727536821724909,-1,0.6727536821724909
28.996,0,-0.6746731714179577,-1,0.6746731714179577
28.998,0,-0.6765805052742343,-1,0.6765805052742343
29,0,-0.678475670520195,-1,0.678475670520195
29.002,0,-0.6803586542339818,-1,0.6803586542339818
29.004,0,-0.6822294437908258,-1,0.6822294437908258
29.006,0,-0.6840880268608815,-1,0.6840880268608815
29.008,0,-0.6859343914070729,-1,0.6859343914070729
29.01,0,-0.6877685256829525,-1,0.6877685256829525
29.012,0,-0.6895904182305733,-1,0.6895904182305733
29.014,0,-0.6914000578783718,-1,0.6914000578783718
29.016,0,-0.6931974337390647,-1,0.6931974337390647
29.018,0,-0.6949825352075572,-1,0.6949825352075572
29.02,0,-0.696755351958863,-1,0.696755351958863
29.022,0,-0.6985158739460374,-1,0.6985158739460374
29.024,0,-0.700264091398122,-1,0.700264091398122
29.026,0,-0.7019999948181007,-1,0.7019999948181007
29.028,0,-0.7037235749808691,-1,0.7037235749808691
29.03,0,-0.7054348229312144,-1,0.7054348229312144
29.032,0,-0.7071337299818075,-1,0.7071337299818075
29.034,0,-0.7088202877112072,-1,0.7088202877112072
29.036,0,-0.7104944879618758,-1,0.7104944879618758
29.038,0,-0.7121563228382058,-1,0.7121563228382058
29.04,0,-0.7138057847045596,-1,0.7138057847045596
29.042,0,-0.7154428661833185,-1,0.7154428661833185
29.044,0,-0.7170675601529456,-1,0.7170675601529456
29.046,0,-0.7186798597460577,-1,0.7186798597460577
29.048,0,-0.7202797583475106,-1,0.7202797583475106
29.05,0,-0.7218672495924937,-1,0.7218672495924937
29.052,0,-0.7234423273646376,-1,0.7234423273646376
29.054,0,-0.7250049857941315,-1,0.7250049857941315
29.056,0,-0.7265552192558522,-1,0.7265552192558522
29.058,0,-0.7280930223675041,-1,0.7280930223675041
29.06,0,-0.7296183899877701,-1,0.7296183899877701
29.062,0,-0.7311313172144733,-1,0.7311313172144733
29.064,0,-0.7326317993827501,-1,0.7326317993827501
29.066,0,-0.7341198320632329,-1,0.7341198320632329
29.068,0,-0.7355954110602446,-1,0.7355954110602446
29.07,0,-0.7370585324100035,-1,0.7370585324100035
29.072,0,-0.7385091923788385,-1,0.7385091923788385
29.074,0,-0.7399473874614151,-1,0.7399473874614151
29.076,0,-0.7413731143789719,-1,0.7413731143789719
29.078,0,-0.7427863700775676,-1,0.7427863700775676
29.08,0,-0.7441871517263381,-1,0.7441871517263381
29.082,0,-0.745575456715764,-1,0.745575456715764
29.084,0,-0.7469512826559489,-1,0.7469512826559489
29.086,0,-0.7483146273749074,-1,0.7483146273749074
29.088,0,-0.7496654889168629,-1,0.7496654889168629
29.09,0,-0.7510038655405566,-1,0.7510038655405566
29.092,0,-0.7523297557175658,-1,0.7523297557175658
29.094,0,-0.753643158130632,-1,0.753643158130632
29.096,0,-0.7549440716719998,-1,0.7549440716719998
29.098,0,-0.7562324954417651,-1,0.7562324954417651
29.1,0,-0.7575084287462328,-1,0.7575084287462328
29.102,0,-0.7587718710962855,-1,0.7587718710962855
29.104,0,-0.7600228222057607,-1,0.7600228222057607
29.106,0,-0.7612612819898383,-1,0.7612612819898383
29.108,0,-0.7624872505634378,-1,0.7624872505634378
29.11,0,-0.7637007282396248,-1,0.7637007282396248
29.112,0,-0.7649017155280269,-1,0.7649017155280269
29.114,0,-0.76609021313326,-1,0.76609021313326
29.116,0,-0.7672662219533628,-1,0.7672662219533628
29.118,0,-0.7684297430782415,-1,0.7684297430782415
29.12,0,-0.7695807777881237,-1,0.7695807777881237
29.122,0,-0.7707193275520214,-1,0.7707193275520214
29.124,0,-0.7718453940262032,-1,0.7718453940262032
29.126,0,-0.7729589790526762,-1,0.7729589790526762
29.128,0,-0.7740600846576762,-1,0.7740600846576762
29.13,0,-0.7751487130501679,-1,0.7751487130501679
29.132,0,-0.7762248666203533,-1,0.7762248666203533
29.134,0,-0.7772885479381899,-1,0.7772885479381899
29.136,0,-0.7783397597519172,-1,0.7783397597519172
29.138,0,-0.7793785049865922,-1,0.7793785049865922
29.14,0,-0.7804047867426342,-1,0.7804047867426342
29.142,0,-0.781418608294378,-1,0.781418608294378
29.144,0,-0.7824199730886359,-1,0.7824199730886359
29.146,0,-0.7834088847432681,-1,0.7834088847432681
29.148,0,-0.7843853470457629,-1,0.7843853470457629
29.15,0,-0.7853493639518242,-1,0.7853493639518242
29.152,0,-0.7863009395839681,-1,0.7863009395839681
29.154,0,-0.7872400782301282,-1,0.7872400782301282
29.156,0,-0.7881667843422692,-1,0.7881667843422692
29.158,0,-0.7890810625350086,-1,0.7890810625350086
29.16,0,-0.7899829175842479,-1,0.7899829175842479
29.162,0,-0.7908723544258104,-1,0.7908723544258104
29.164,0,-0.791749378154089,-1,0.791749378154089
29.166,0,-0.7926139940207011,-1,0.7926139940207011
29.168,0,-0.7934662074331527,-1,0.7934662074331527
29.17,0,-0.7943060239535091,-1,0.7943060239535091
29.172,0,-0.7951334492970759,-1,0.7951334492970759
29.174,0,-0.7959484893310858,-1,0.7959484893310858
29.176,0,-0.7967511500733953,-1,0.7967511500733953
29.178,0,-0.7975414376911882,-1,0.7975414376911882
29.18,0,-0.7983193584996879,-1,0.7983193584996879
29.182,0,-0.7990849189608766,-1,0.7990849189608766
29.184,0,-0.7998381256822233,-1,0.7998381256822233
29.186,0,-0.8005789854154192,-1,0.8005789854154192
29.188,0,-0.8013075050551206,-1,0.8013075050551206
29.19,0,-0.8020236916377007,-1,0.8020236916377007
29.192,0,-0.8027275523400073,-1,0.8027275523400073
29.194,0,-0.8034190944781296,-1,0.8034190944781296
29.196,0,-0.8040983255061723,-1,0.8040983255061723
29.198,0,-0.8047652530150365,-1,0.8047652530150365
29.2,0,-0.8054198847312093,-1,0.8054198847312093
29.202,0,-0.8060622285155599,-1,0.8060622285155599
29.204,0,-0.8066922923621439,-1,0.8066922923621439
29.206,0,-0.8073100843970145,-1,0.8073100843970145
29.208,0,-0.8079156128770411,-1,0.8079156128770411
29.21,0,-0.8085088861887356,-1,0.8085088861887356
29.212,0,-0.8090899128470856,-1,0.8090899128470856
29.214,0,-0.8096587014943952,-1,0.8096587014943952
29.216,0,-0.8102152608991324,-1,0.8102152608991324
29.218,0,-0.8107595999547846,-1,0.8107595999547846
29.22,0,-0.8112917276787203,-1,0.8112917276787203
29.222,0,-0.8118116532110582,-1,0.8118116532110582
29.224,0,-0.8123193858135441,-1,0.8123193858135441
29.226,0,-0.8128149348684337,-1,0.8128149348684337
29.228,0,-0.8132983098773827,-1,0.8132983098773827
29.23,0,-0.8137695204603445,-1,0.8137695204603445
29.232,0,-0.8142285763544735,-1,0.8142285763544735
29.234,0,-0.8146754874130373,-1,0.8146754874130373
29.236,0,-0.8151102636043331,-1,0.8151102636043331
29.238,0,-0.8155329150106132,-1,0.8155329150106132
29.24,0,-0.815943451827016,-1,0.815943451827016
29.242,0,-0.816341884360504,-1,0.816341884360504
29.244,0,-0.8167282230288088,-1,0.8167282230288088
29.246,0,-0.8171024783593819,-1,0.8171024783593819
29.248,0,-0.8174646609883535,-1,0.8174646609883535
29.25,0,-0.8178147816594962,-1,0.8178147816594962
29.252,0,-0.8181528512231967,-1,0.8181528512231967
29.254,0,-0.8184788806354329,-1,0.8184788806354329
29.256,0,-0.8187928809567586,-1,0.8187928809567586
29.258,0,-0.8190948633512931,-1,0.8190948633512931
29.26,0,-0.8193848390857188,-1,0.8193848390857188
29.262,0,-0.8196628195282839,-1,0.8196628195282839
29.264,0,-0.8199288161478125,-1,0.8199288161478125
29.266,0,-0.8201828405127199,-1,0.8201828405127199
29.268,0,-0.820424904290035,-1,0.820424904290035
29.27,0,-0.8206550192444284,-1,0.8206550192444284
29.272,0,-0.8208731972372473,-1,0.8208731972372473
29.274,0,-0.8210794502255555,-1,0.8210794502255555
29.276,0,-0.821273790261181,-1,0.821273790261181
29.278,0,-0.8214562294897679,-1,0.8214562294897679
29.28,0,-0.8216267801498363,-1,0.8216267801498363
29.282,0,-0.8217854545718463,-1,0.8217854545718463
29.284,0,-0.8219322651772696,-1,0.8219322651772696
29.286,0,-0.822067224477666,-1,0.822067224477666
29.288,0,-0.8221903450737664,-1,0.8221903450737664
29.29,0,-0.8223016396545613,-1,0.8223016396545613
29.292,0,-0.8224011209963953,-1,0.8224011209963953
29.294,0,-0.8224888019620676,-1,0.8224888019620676
29.296,0,-0.8225646954999382,-1,0.8225646954999382
29.298,0,-0.8226288146430394,-1,0.8226288146430394
29.3,0,-0.8226811725081938,-1,0.8226811725081938
29.302,0,-0.8227217822951378,-1,0.8227217822951378
29.304,0,-0.82275065728565,-1,0.82275065728565
29.306,0,-0.8227678108426861,-1,0.8227678108426861
29.308,0,-0.8227732564095194,-1,0.8227732564095194
29.31,0,-0.822767007508886,-1,0.822767007508886
29.312,0,-0.8227490777421367,-1,0.8227490777421367
29.314,0,-0.8227194807883935,-1,0.8227194807883935
29.316,0,-0.8226782304037121,-1,0.8226782304037121
29.318,0,-0.8226253404202496,-1,0.8226253404202496
29.32,0,-0.8225608247454376,-1,0.8225608247454376
29.322,0,-0.8224846973611608,-1,0.8224846973611608
29.324,0,-0.8223969723229412,-1,0.8223969723229412
29.326,0,-0.8222976637591268,-1,0.8222976637591268
29.328,0,-0.8221867858700869,-1,0.8221867858700869
29.33,0,-0.8220643529274112,-1,0.8220643529274112
29.332,0,-0.8219303792731155,-1,0.8219303792731155
29.334,0,-0.8217848793188516,-1,0.8217848793188516
29.336,0,-0.8216278675451226,-1,0.8216278675451226
29.338,0,-0.8214593585005043,-1,0.8214593585005043
29.34,0,-0.82127936680087,-1,0.82127936680087
29.342,0,-0.8210879071286219,-1,0.8210879071286219
29.344,0,-0.8208849942319271,-1,0.8208849942319271
29.346,0,-0.820670642923958,-1,0.820670642923958
29.348,0,-0.8204448680821388,-1,0.8204448680821388
29.35,0,-0.8202076846473962,-1,0.8202076846473962
29.352,0,-0.8199591076234156,-1,0.8199591076234156
29.354,0,-0.8196991520759013,-1,0.8196991520759013
29.356,0,-0.8194278331318428,-1,0.8194278331318428
29.358,0,-0.8191451659787853,-1,0.8191451659787853
29.36,0,-0.818851165864105,-1,0.818851165864105
29.362,0,-0.8185458480942897,-1,0.8185458480942897
29.364,0,-0.8182292280342233,-1,0.8182292280342233
29.366,0,-0.8179013211064762,-1,0.8179013211064762
29.368,0,-0.8175621427905996,-1,0.8175621427905996
29.37,0,-0.8172117086224248,-1,0.8172117086224248
29.372,0,-0.8168500341933672,-1,0.8168500341933672
29.374,0,-0.8164771351497352,-1,0.8164771351497352
29.376,0,-0.8160930271920428,-1,0.8160930271920428
29.378,0,-0.8156977260743282,-1,0.8156977260743282
29.38,0,-0.8152912476034759,-1,0.8152912476034759
29.382,0,-0.8148736076385437,-1,0.8148736076385437
29.384,0,-0.8144448220900943,-1,0.8144448220900943
29.386,0,-0.8140049069195313,-1,0.8140049069195313
29.388,0,-0.81355387813844,-1,0.81355387813844
29.39,0,-0.8130917518079321,-1,0.8130917518079321
29.392,0,-0.812618544037995,-1,0.812618544037995
29.394,0,-0.8121342709868462,-1,0.8121342709868462
29.396,0,-0.8116389488602908,-1,0.8116389488602908
29.398,0,-0.8111325939110843,-1,0.8111325939110843
29.4,0,-0.8106152224382999,-1,0.8106152224382999
29.402,0,-0.8100868507866992,-1,0.8100868507866992
29.404,0,-0.8095474953461078,-1,0.8095474953461078
29.406,0,-0.8089971725507952,-1,0.8089971725507952
29.408,0,-0.8084358988788584,-1,0.8084358988788584
29.41,0,-0.8078636908516105,-1,0.8078636908516105
29.412,0,-0.807280565032973,-1,0.807280565032973
29.414,0,-0.8066865380288719,-1,0.8066865380288719
29.416,0,-0.8060816264866389,-1,0.8060816264866389
29.418,0,-0.805465847094416,-1,0.805465847094416
29.42,0,-0.8048392165805642,-1,0.8048392165805642
29.422,0,-0.8042017517130767,-1,0.8042017517130767
29.424,0,-0.8035534692989957,-1,0.8035534692989957
29.426,0,-0.8028943861838335,-1,0.8028943861838335
29.428,0,-0.8022245192509975,-1,0.8022245192509975
29.43,0,-0.8015438854212192,-1,0.8015438854212192
29.432,0,-0.8008525016519873,-1,0.8008525016519873
29.434,0,-0.8001503849369842,-1,0.8001503849369842
29.436,0,-0.7994375523055272,-1,0.7994375523055272
29.438,0,-0.7987140208220127,-1,0.7987140208220127
29.44,0,-0.7979798075853654,-1,0.7979798075853654
29.442,0,-0.7972349297284901,-1,0.7972349297284901
29.444,0,-0.7964794044177281,-1,0.7964794044177281
29.446,0,-0.7957132488523175,-1,0.7957132488523175
29.448,0,-0.7949364802638565,-1,0.7949364802638565
29.45,0,-0.7941491159157713,-1,0.7941491159157713
29.452,0,-0.7933511731027871,-1,0.7933511731027871
29.454,0,-0.7925426691504034,-1,0.7925426691504034
29.456,0,-0.7917236214143724,-1,0.7917236214143724
29.458,0,-0.7908940472801815,-1,0.7908940472801815
29.46,0,-0.7900539641625397,-1,0.7900539641625397
29.462,0,-0.7892033895048662,-1,0.7892033895048662
29.464,0,-0.7883423407787848,-1,0.7883423407787848
29.466,0,-0.7874708354836201,-1,0.7874708354836201
29.468,0,-0.7865888911458978,-1,0.7865888911458978
29.47,0,-0.7856965253188491,-1,0.7856965253188491
29.472,0,-0.7847937555819181,-1,0.7847937555819181
29.474,0,-0.7838805995402723,-1,0.7838805995402723
29.476,0,-0.7829570748243179,-1,0.7829570748243179
29.478,0,-0.7820231990892167,-1,0.7820231990892167
29.48,0,-0.7810789900144084,-1,0.7810789900144084
29.482,0,-0.780124465303135,-1,0.780124465303135
29.484,0,-0.779159642681969,-1,0.779159642681969
29.486,0,-0.7781845399003454,-1,0.7781845399003454
29.488,0,-0.7771991747300959,-1,0.7771991747300959
29.49,0,-0.776203564964988,-1,0.776203564964988
29.492,0,-0.7751977284202662,-1,0.7751977284202662
29.494,0,-0.7741816829321972,-1,0.7741816829321972
29.496,0,-0.773155446357618,-1,0.773155446357618
29.498,0,-0.7721190365734873,-1,0.7721190365734873
29.5,0,-0.7710724714764409,-1,0.7710724714764409
29.502,0,-0.7700157689823487,-1,0.7700157689823487
29.504,0,-0.7689489470258769,-1,0.7689489470258769
29.506,0,-0.767872023560052,-1,0.767872023560052
29.508,0,-0.7667850165558282,-1,0.7667850165558282
29.51,0,-0.7656879440016585,-1,0.7656879440016585
29.512,0,-0.7645808239030685,-1,0.7645808239030685
29.514,0,-0.7634636742822333,-1,0.7634636742822333
29.516,0,-0.7623365131775578,-1,0.7623365131775578
29.518,0,-0.7611993586432599,-1,0.7611993586432599
29.52,0,-0.7600522287489567,-1,0.7600522287489567
29.522,0,-0.758895141579254,-1,0.758895141579254
29.524,0,-0.7577281152333382,-1,0.7577281152333382
29.526,0,-0.7565511678245723,-1,0.7565511678245723
29.528,0,-0.755364317480094,-1,0.755364317480094
29.53,0,-0.7541675823404171,-1,0.7541675823404171
29.532,0,-0.7529609805590357,-1,0.7529609805590357
29.534,0,-0.7517445303020317,-1,0.7517445303020317
29.536,0,-0.7505182497476848,-1,0.7505182497476848
29.538,0,-0.7492821570860857,-1,0.7492821570860857
29.54,0,-0.7480362705187523,-1,0.7480362705187523
29.542,0,-0.7467806082582482,-1,0.7467806082582482
29.544,0,-0.7455151885278046,-1,0.7455151885278046
29.546,0,-0.7442400295609451,-1,0.7442400295609451
29.548,0,-0.742955149601113,-1,0.742955149601113
29.55,0,-0.7416605669013011,-1,0.7416605669013011
29.552,0,-0.7403562997236856,-1,0.7403562997236856
29.554,0,-0.739042366339261,-1,0.739042366339261
29.556,0,-0.7377187850274796,-1,0.7377187850274796
29.558,0,-0.7363855740758916,-1,0.7363855740758916
29.56,0,-0.7350427517797903,-1,0.7350427517797903
29.562,0,-0.7336903364418582,-1,0.7336903364418582
29.564,0,-0.7323283463718167,-1,0.7323283463718167
29.566,0,-0.7309567998860779,-1,0.7309567998860779
29.568,0,-0.7295757153074,-1,0.7295757153074
29.57,0,-0.728185110964544,-1,0.728185110964544
29.572,0,-0.7267850051919345,-1,0.7267850051919345
29.574,0,-0.7253754163293217,-1,0.7253754163293217
29.576,0,-0.7239563627214474,-1,0.7239563627214474
29.578,0,-0.7225278627177122,-1,0.7225278627177122
29.58,0,-0.7210899346718465,-1,0.7210899346718465
29.582,0,-0.7196425969415832,-1,0.7196425969415832
29.584,0,-0.7181858678883334,-1,0.7181858678883334
29.586,0,-0.7167197658768644,-1,0.7167197658768644
29.588,0,-0.7152443092749804,-1,0.7152443092749804
29.59,0,-0.7137595164532055,-1,0.7137595164532055
29.592,0,-0.7122654057844691,-1,0.7122654057844691
29.594,0,-0.7107619956437944,-1,0.7107619956437944
29.596,0,-0.7092493044079885,-1,0.7092493044079885
29.598,0,-0.7077273504553354,-1,0.7077273504553354
29.6,0,-0.7061961521652916,-1,0.7061961521652916
29.602,0,-0.7046557279181834,-1,0.7046557279181834
29.604,0,-0.7031060960949076,-1,0.7031060960949076
29.606,0,-0.7015472750766335,-1,0.7015472750766335
29.608,0,-0.6999792832445082,-1,0.6999792832445082
29.61,0,-0.6984021389793637,-1,0.6984021389793637
29.612,0,-0.6968158606614264,-1,0.6968158606614264
29.614,0,-0.6952204666700293,-1,0.6952204666700293
29.616,0,-0.693615975383326,-1,0.693615975383326
29.618,0,-0.692002405178007,-1,0.692002405178007
29.62,0,-0.6903797744290191,-1,0.6903797744290191
29.622,0,-0.688748101509286,-1,0.688748101509286
29.624,0,-0.6871074047894317,-1,0.6871074047894317
29.626,0,-0.6854577026375062,-1,0.6854577026375062
29.628,0,-0.6837990134187132,-1,0.6837990134187132
29.63,0,-0.6821313554951403,-1,0.6821313554951403
29.632,0,-0.6804547472254907,-1,0.6804547472254907
29.634,0,-0.6787692069648182,-1,0.6787692069648182
29.636,0,-0.6770747530642635,-1,0.6770747530642635
29.638,0,-0.6753714038707926,-1,0.6753714038707926
29.64,0,-0.6736591777269386,-1,0.6736591777269386
29.642,0,-0.6719380929705436,-1,0.6719380929705436
29.644,0,-0.6702081679345048,-1,0.6702081679345048
29.646,0,-0.6684694209465211,-1,0.6684694209465211
29.648,0,-0.6667218703288426,-1,0.6667218703288426
29.65,0,-0.6649655343980223,-1,0.6649655343980223
29.652,0,-0.6632004314646694,-1,0.6632004314646694
29.654,0,-0.6614265798332049,-1,0.6614265798332049
29.656,0,-0.6596439978016188,-1,0.6596439978016188
29.658,0,-0.6578527036612304,-1,0.6578527036612304
29.66,0,-0.6560527156964499,-1,0.6560527156964499
29.662,0,-0.6542440521845414,-1,0.6542440521845414
29.664,0,-0.6524267313953893,-1,0.6524267313953893
29.666,0,-0.6506007715912656,-1,0.6506007715912656
29.668,0,-0.6487661910265995,-1,0.6487661910265995
29.67,0,-0.6469230079477493,-1,0.6469230079477493
29.672,0,-0.6450712405927754,-1,0.6450712405927754
29.674,0,-0.6432109071912164,-1,0.6432109071912164
29.676,0,-0.6413420259638659,-1,0.6413420259638659
29.678,0,-0.6394646151225523,-1,0.6394646151225523
29.68,0,-0.6375786928699196,-1,0.6375786928699196
29.682,0,-0.6356842773992111,-1,0.6356842773992111
29.684,0,-0.6337813868940535,-1,0.6337813868940535
29.686,0,-0.6318700395282445,-1,0.6318700395282445
29.688,0,-0.6299502534655411,-1,0.6299502534655411
29.69,0,-0.6280220468594503,-1,0.6280220468594503
29.692,0,-0.6260854378530215,-1,0.6260854378530215
29.694,0,-0.6241404445786407,-1,0.6241404445786407
29.696,0,-0.6221870851578263,-1,0.6221870851578263
29.698,0,-0.620225377701027,-1,0.620225377701027
29.7,0,-0.6182553403074217,-1,0.6182553403074217
29.702,0,-0.6162769910647204,-1,0.6162769910647204
29.704,0,-0.6142903480489678,-1,0.6142903480489678
29.706,0,-0.6122954293243474,-1,0.6122954293243474
29.708,0,-0.6102922529429894,-1,0.6102922529429894
29.71,0,-0.6082808369447779,-1,0.6082808369447779
29.712,0,-0.6062611993571614,-1,0.6062611993571614
29.714,0,-0.6042333581949648,-1,0.6042333581949648
29.716,0,-0.6021973314602028,-1,0.6021973314602028
29.718,0,-0.6001531371418948,-1,0.6001531371418948
29.72,0,-0.5981007932158819,-1,0.5981007932158819
29.722,0,-0.596040317644646,-1,0.596040317644646
29.724,0,-0.5939717283771292,-1,0.5939717283771292
29.726,0,-0.5918950433485558,-1,0.5918950433485558
29.728,0,-0.5898102804802563,-1,0.5898102804802563
29.73,0,-0.5877174576794921,-1,0.5877174576794921
29.732,0,-0.5856165928392822,-1,0.5856165928392822
29.734,0,-0.5835077038382317,-1,0.5835077038382317
29.736,0,-0.5813908085403616,-1,0.5813908085403616
29.738,0,-0.5792659247949405,-1,0.5792659247949405
29.74,0,-0.5771330704363176,-1,0.5771330704363176
29.742,0,-0.5749922632837572,-1,0.5749922632837572
29.744,0,-0.5728435211412752,-1,0.5728435211412752
29.746,0,-0.570686861797477,-1,0.570686861797477
29.748,0,-0.5685223030253962,-1,0.5685223030253962
29.75,0,-0.566349862582336,-1,0.566349862582336
29.752,0,-0.5641695582097115,-1,0.5641695582097115
29.754,0,-0.5619814076328932,-1,0.5619814076328932
29.756,0,-0.5597854285610526,-1,0.5597854285610526
29.758,0,-0.5575816386870095,-1,0.5575816386870095
29.76,0,-0.5553700556870794,-1,0.5553700556870794
29.762,0,-0.5531506972209241,-1,0.5531506972209241
29.764,0,-0.5509235809314027,-1,0.5509235809314027
29.766,0,-0.5486887244444242,-1,0.5486887244444242
29.768,0,-0.5464461453688019,-1,0.5464461453688019
29.77,0,-0.5441958612961089,-1,0.5441958612961089
29.772,0,-0.541937889800535,-1,0.541937889800535
29.774,0,-0.5396722484387456,-1,0.5396722484387456
29.776,0,-0.5373989547497408,-1,0.5373989547497408
29.778,0,-0.5351180262547173,-1,0.5351180262547173
29.78,0,-0.5328294804569309,-1,0.5328294804569309
29.782,0,-0.5305333348415603,-1,0.5305333348415603
29.784,0,-0.5282296068755726,-1,0.5282296068755726
29.786,0,-0.5259183140075903,-1,0.5259183140075903
29.788,0,-0.5235994736677589,-1,0.5235994736677589
29.79,0,-0.521273103267617,-1,0.521273103267617
29.792,0,-0.5189392201999664,-1,0.5189392201999664
29.794,0,-0.5165978418387448,-1,0.5165978418387448
29.796,0,-0.5142489855388989,-1,0.5142489855388989
29.798,0,-0.5118926686362593,-1,0.5118926686362593
29.8,0,-0.5095289084474164,-1,0.5095289084474164
29.802,0,-0.507157722269598,-1,0.507157722269598
29.804,0,-0.5047791273805476,-1,0.5047791273805476
29.806,0,-0.5023931410384047,-1,0.5023931410384047
29.808,0,-0.4999997804815857,-1,0.4999997804815857
29.81,0,-0.4975990629286662,-1,0.4975990629286662
29.812,0,-0.4951910055782654,-1,0.4951910055782654
29.814,0,-0.49277562560893,-1,0.49277562560893
29.816,0,-0.4903529401790213,-1,0.4903529401790213
29.818,0,-0.487922966426602,-1,0.487922966426602
29.82,0,-0.4854857214693253,-1,0.4854857214693253
29.822,0,-0.4830412224043241,-1,0.4830412224043241
29.824,0,-0.4805894863081028,-1,0.4805894863081028
29.826,0,-0.4781305302364291,-1,0.4781305302364291
29.828,0,-0.4756643712242273,-1,0.4756643712242273
29.83,0,-0.4731910262854732,-1,0.4731910262854732
29.832,0,-0.47071051241309,-1,0.47071051241309
29.834,0,-0.4682228465788447,-1,0.4682228465788447
29.836,0,-0.4657280457332467,-1,0.4657280457332467
29.838,0,-0.463226126805447,-1,0.463226126805447
29.84,0,-0.4607171067031383,-1,0.4607171067031383
29.842,0,-0.458201002312457,-1,0.458201002312457
29.844,0,-0.4556778304978852,-1,0.4556778304978852
29.846,0,-0.4531476081021554,-1,0.4531476081021554
29.848,0,-0.4506103519461545,-1,0.4506103519461545
29.85,0,-0.4480660788288303,-1,0.4480660788288303
29.852,0,-0.4455148055270985,-1,0.4455148055270985
29.854,0,-0.442956548795751,-1,0.442956548795751
29.856,0,-0.4403913253673649,-1,0.4403913253673649
29.858,0,-0.4378191519522131,-1,0.4378191519522131
29.86,0,-0.4352400452381757,-1,0.4352400452381757
29.862,0,-0.4326540218906522,-1,0.4326540218906522
29.864,0,-0.4300610985524757,-1,0.4300610985524757
29.866,0,-0.4274612918438266,-1,0.4274612918438266
29.868,0,-0.4248546183621491,-1,0.4248546183621491
29.87,0,-0.4222410946820672,-1,0.4222410946820672
29.872,0,-0.4196207373553028,-1,0.4196207373553028
29.874,0,-0.4169935629105941,-1,0.4169935629105941
29.876,0,-0.4143595878536159,-1,0.4143595878536159
29.878,0,-0.4117188286668996,-1,0.4117188286668996
29.88,0,-0.4090713018097554,-1,0.4090713018097554
29.882,0,-0.4064170237181949,-1,0.4064170237181949
29.884,0,-0.403756010804855,-1,0.403756010804855
29.886,0,-0.401088279458922,-1,0.401088279458922
29.888,0,-0.3984138460460582,-1,0.3984138460460582
29.89,0,-0.3957327269083279,-1,0.3957327269083279
29.892,0,-0.393044938364125,-1,0.393044938364125
29.894,0,-0.3903504967081018,-1,0.3903504967081018
29.896,0,-0.3876494182110984,-1,0.3876494182110984
29.898,0,-0.3849417191200732,-1,0.3849417191200732
29.9,0,-0.3822274156580342,-1,0.3822274156580342
29.902,0,-0.3795065240239712,-1,0.3795065240239712
29.904,0,-0.3767790603927894,-1,0.3767790603927894
29.906,0,-0.3740450409152431,-1,0.3740450409152431
29.908,0,-0.3713044817178711,-1,0.3713044817178711
29.91,0,-0.3685573989029323,-1,0.3685573989029323
29.912,0,-0.3658038085483431,-1,0.3658038085483431
29.914,0,-0.3630437267076145,-1,0.3630437267076145
29.916,0,-0.3602771694097913,-1,0.3602771694097913
29.918,0,-0.3575041526593912,-1,0.3575041526593912
29.92,0,-0.3547246924363453,-1,0.3547246924363453
29.922,0,-0.3519388046959396,-1,0.3519388046959396
29.924,0,-0.3491465053687566,-1,0.3491465053687566
29.926,0,-0.3463478103606189,-1,0.3463478103606189
29.928,0,-0.3435427355525324,-1,0.3435427355525324
29.93,0,-0.3407312968006314,-1,0.3407312968006314
29.932,0,-0.3379135099361238,-1,0.3379135099361238
29.934,0,-0.3350893907652377,-1,0.3350893907652377
29.936,0,-0.3322589550691684,-1,0.3322589550691684
29.938,0,-0.3294222186040261,-1,0.3294222186040261
29.94,0,-0.3265791971007854,-1,0.3265791971007854
29.942,0,-0.3237299062652341,-1,0.3237299062652341
29.944,0,-0.3208743617779241,-1,0.3208743617779241
29.946,0,-0.3180125792941225,-1,0.3180125792941225
29.948,0,-0.3151445744437635,-1,0.3151445744437635
29.95,0,-0.3122703628314012,-1,0.3122703628314012
29.952,0,-0.3093899600361632,-1,0.3093899600361632
29.954,0,-0.3065033816117048,-1,0.3065033816117048
29.956,0,-0.3036106430861643,-1,0.3036106430861643
29.958,0,-0.3007117599621187,-1,0.3007117599621187
29.96,0,-0.2978067477165405,-1,0.2978067477165405
29.962,0,-0.2948956218007548,-1,0.2948956218007548
29.964,0,-0.2919783976403978,-1,0.2919783976403978
29.966,0,-0.2890550906353751,-1,0.2890550906353751
29.968,0,-0.286125716159822,-1,0.286125716159822
29.97,0,-0.2831902895620634,-1,0.2831902895620634
29.972,0,-0.2802488261645748,-1,0.2802488261645748
29.974,0,-0.2773013412639445,-1,0.2773013412639445
29.976,0,-0.2743478501308357,-1,0.2743478501308357
29.978,0,-0.2713883680099499,-1,0.2713883680099499
29.98,0,-0.2684229101199908,-1,0.2684229101199908
29.982,0,-0.2654514916536289,-1,0.2654514916536289
29.984,0,-0.2624741277774668,-1,0.2624741277774668
29.986,0,-0.2594908336320055,-1,0.2594908336320055
29.988,0,-0.2565016243316105,-1,0.2565016243316105
29.99,0,-0.2535065149644798,-1,0.2535065149644798
29.992,0,-0.2505055205926116,-1,0.2505055205926116
29.994,0,-0.2474986562517731,-1,0.2474986562517731
29.996,0,-0.24448593695147,-1,0.24448593695147
29.998,0,-0.2414673776749164,-1,0.2414673776749164
30,0,-0.2384429933790058,-1,0.2384429933790058
30.002,0,-0.2354127989942819,-1,0.2354127989942819
30.004,0,-0.2323768094249114,-1,0.2323768094249114
30.006,0,-0.229335039548656,-1,0.229335039548656
30.008,0,-0.2262875042168462,-1,0.2262875042168462
30.01,0,-0.2232342182543546,-1,0.2232342182543546
30.012,0,-0.2201751964595713,-1,0.2201751964595713
30.014,0,-0.2171104536043783,-1,0.2171104536043783
30.016,0,-0.2140400044341259,-1,0.2140400044341259
30.018,0,-0.2109638636676088,-1,0.2109638636676088
30.02,0,-0.2078820459970431,-1,0.2078820459970431
30.022,0,-0.2047945660880442,-1,0.2047945660880442
30.024,0,-0.201701438579605,-1,0.201701438579605
30.026,0,-0.1986026780840743,-1,0.1986026780840743
30.028,0,-0.1954982991871369,-1,0.1954982991871369
30.03,0,-0.1923883164477931,-1,0.1923883164477931
30.032,0,-0.1892727443983398,-1,0.1892727443983398
30.034,0,-0.1861515975443511,-1,0.1861515975443511
30.036,0,-0.1830248903646604,-1,0.1830248903646604
30.038,0,-0.1798926373113429,-1,0.1798926373113429
30.04,0,-0.1767548528096981,-1,0.1767548528096981
30.042,0,-0.1736115512582335,-1,0.1736115512582335
30.044,0,-0.1704627470286489,-1,0.1704627470286489
30.046,0,-0.1673084544658201,-1,0.1673084544658201
30.048,0,-0.1641486878877851,-1,0.1641486878877851
30.05,0,-0.160983461585729,-1,0.160983461585729
30.052,0,-0.1578127898239707,-1,0.1578127898239707
30.054,0,-0.1546366868399493,-1,0.1546366868399493
30.056,0,-0.1514551668442115,-1,0.1514551668442115
30.058,0,-0.1482682440203996,-1,0.1482682440203996
30.06,0,-0.1450759325252398,-1,0.1450759325252398
30.062,0,-0.1418782464885305,-1,0.1418782464885305
30.064,0,-0.1386752000131328,-1,0.1386752000131328
30.066,0,-0.1354668071749592,-1,0.1354668071749592
30.068,0,-0.1322530820229648,-1,0.1322530820229648
30.07,0,-0.1290340385791381,-1,0.1290340385791381
30.072,0,-0.1258096908384921,-1,0.1258096908384921
30.074,0,-0.1225800527690565,-1,0.1225800527690565
30.076,0,-0.1193451383118699,-1,0.1193451383118699
30.078,0,-0.1161049613809729,-1,0.1161049613809729
30.08,0,-0.1128595358634016,-1,0.1128595358634016
30.082,0,-0.1096088756191809,-1,0.1096088756191809
30.084,0,-0.1063529944813194,-1,0.1063529944813194
30.086,0,-0.1030919062558042,-1,0.1030919062558042
30.088,0,-0.09982562472159581,-1,0.09982562472159581
30.09,0,-0.09655416363062429,-1,0.09655416363062429
30.092,0,-0.09327753670778527,-1,0.09327753670778527
30.094,0,-0.08999575765093673,-1,0.08999575765093673
30.096,0,-0.08670884013089614,-1,0.08670884013089614
30.098,0,-0.08341679779143803,-1,0.08341679779143803
30.1,0,-0.08011964424929208,-1,0.08011964424929208
30.102,0,-0.07681739309414157,-1,0.07681739309414157
30.104,0,-0.07351005788862237,-1,0.07351005788862237
30.106,0,-0.07019765216832229,-1,0.07019765216832229
30.108,0,-0.06688018944178088,-1,0.06688018944178088
30.11,0,-0.06355768319048974,-1,0.06355768319048974
30.112,0,-0.06023014686889314,-1,0.06023014686889314
30.114,0,-0.05689759390438913,-1,0.05689759390438913
30.116,0,-0.0535600376973311,-1,0.0535600376973311
30.118,0,-0.0502174916210297,-1,0.0502174916210297
30.12,0,-0.04686996902175519,-1,0.04686996902175519
30.122,0,-0.04351748321874022,-1,0.04351748321874022
30.124,0,-0.04016004750418305,-1,0.04016004750418305
30.126,0,-0.03679767514325104,-1,0.03679767514325104
30.128,0,-0.03343037937408477,-1,0.03343037937408477
30.13,0,-0.03005817340780229,-1,0.03005817340780229
30.132,0,-0.02668107042850402,-1,0.02668107042850402
30.134,0,-0.02329908359327784,-1,0.02329908359327784
30.136,0,-0.01991222603220472,-1,0.01991222603220472
30.138,0,-0.0165205108483646,-1,0.0165205108483646
30.14,0,-0.01312395111784281,-1,0.01312395111784281
30.142,0,-0.009722559889736707,-1,0.009722559889736707
30.144,0,-0.006316350186162795,-1,0.006316350186162795
30.146,0,-0.002905335002264201,-1,0.002905335002264201
30.148,0,0.0005104726937815128,1,-0.0005104726937815128
30.15,0,0.003931020049589692,1,-0.003931020049589692
30.152,0,0.007356148352724575,1,-0.007356148352724575
30.154,0,0.0107856868377071,1,-0.0107856868377071
30.156,0,0.01421946602945077,1,-0.01421946602945077
30.158,0,0.01765731773568047,1,-0.01765731773568047
30.16,0,0.02109907503939126,1,-0.02109907503939126
30.162,0,0.02454457229134694,1,-0.02454457229134694
30.164,0,0.02799364510261813,1,-0.02799364510261813
30.166,0,0.03144613033715984,1,-0.03144613033715984
30.168,0,0.03490186610442804,1,-0.03490186610442804
30.17,0,0.03836069175203539,1,-0.03836069175203539
30.172,0,0.04182244785844568,1,-0.04182244785844568
30.174,0,0.04528697622570683,1,-0.04528697622570683
30.176,0,0.04875411987222234,1,-0.04875411987222234
30.178,0,0.05222372302556098,1,-0.05222372302556098
30.18,0,0.05569563111530446,1,-0.05569563111530446
30.182,0,0.0591696907659329,1,-0.0591696907659329
30.184,0,0.06264574978974806,1,-0.06264574978974806
30.186,0,0.06612365717983391,1,-0.06612365717983391
30.188,0,0.06960326310305458,1,-0.06960326310305458
30.19,0,0.07308441889308927,1,-0.07308441889308927
30.192,0,0.07656697704350419,1,-0.07656697704350419
30.194,0,0.08005079120086118,1,-0.08005079120086118
30.196,0,0.08353571615786279,1,-0.08353571615786279
30.198,0,0.08702160784653382,1,-0.08702160784653382
30.2,0,0.09050832333143899,1,-0.09050832333143899
30.202,0,0.09399572080293661,1,-0.09399572080293661
30.204,0,0.09748365957046805,1,-0.09748365957046805
30.206,0,0.1009720000558828,1,-0.1009720000558828
30.208,0,0.1044606037867993,1,-0.1044606037867993
30.21,0,0.1079493333900003,1,-0.1079493333900003
30.212,0,0.1114380525848643,1,-0.1114380525848643
30.214,0,0.1149266261768313,1,-0.1149266261768313
30.216,0,0.1184149200509034,1,-0.1184149200509034
30.218,0,0.12190280116518,1,-0.12190280116518
30.22,0,0.1253901375444274,1,-0.1253901375444274
30.222,0,0.128876798273683,1,-0.128876798273683
30.224,0,0.1323626534918929,1,-0.1323626534918929
30.226,0,0.135847574385584,1,-0.135847574385584
30.228,0,0.1393314331825691,1,-0.1393314331825691
30.23,0,0.1428141031456869,1,-0.1428141031456869
30.232,0,0.1462954585665737,1,-0.1462954585665737
30.234,0,0.1497753747594697,1,-0.1497753747594697
30.236,0,0.1532537280550573,1,-0.1532537280550573
30.238,0,0.1567303957943333,1,-0.1567303957943333
30.24,0,0.1602052563225134,1,-0.1602052563225134
30.242,0,0.1636781889829685,1,-0.1636781889829685
30.244,0,0.1671490741111948,1,-0.1671490741111948
30.246,0,0.1706177930288155,1,-0.1706177930288155
30.248,0,0.1740842280376138,1,-0.1740842280376138
30.25,0,0.1775482624135992,1,-0.1775482624135992
30.252,0,0.181009780401105,1,-0.181009780401105
30.254,0,0.1844686672069167,1,-0.1844686672069167
30.256,0,0.187924808994433,1,-0.187924808994433
30.258,0,0.1913780928778572,1,-0.1913780928778572
30.26,0,0.1948284069164204,1,-0.1948284069164204
30.262,0,0.1982756401086352,1,-0.1982756401086352
30.264,0,0.2017196823865801,1,-0.2017196823865801
30.266,0,0.2051604246102153,1,-0.2051604246102153
30.268,0,0.208597758561728,1,-0.208597758561728
30.27,0,0.2120315769399093,1,-0.2120315769399093
30.272,0,0.2154617733545597,1,-0.2154617733545597
30.274,0,0.2188882423209265,1,-0.2188882423209265
30.276,0,0.2223108792541692,1,-0.2223108792541692
30.278,0,0.2257295804638564,1,-0.2257295804638564
30.28,0,0.2291442431484909,1,-0.2291442431484909
30.282,0,0.2325547653900655,1,-0.2325547653900655
30.284,0,0.2359610461486467,1,-0.2359610461486467
30.286,0,0.2393629852569889,1,-0.2393629852569889
30.288,0,0.2427604834151768,1,-0.2427604834151768
30.29,0,0.2461534421852969,1,-0.2461534421852969
30.292,0,0.2495417639861377,1,-0.2495417639861377
30.294,0,0.2529253520879186,1,-0.2529253520879186
30.296,0,0.2563041106070471,1,-0.2563041106070471
30.298,0,0.2596779445009042,1,-0.2596779445009042
30.3,0,0.2630467595626582,1,-0.2630467595626582
30.302,0,0.2664104624161062,1,-0.2664104624161062
30.304,0,0.2697689605105438,1,-0.2697689605105438
30.306,0,0.2731221621156626,1,-0.2731221621156626
30.308,0,0.2764699763164743,1,-0.2764699763164743
30.31,0,0.2798123130082637,1,-0.2798123130082637
30.312,0,0.283149082891568,1,-0.283149082891568
30.314,0,0.2864801974671836,1,-0.2864801974671836
30.316,0,0.2898055690311999,1,-0.2898055690311999
30.318,0,0.29312511067006,1,-0.29312511067006
30.32,0,0.2964387362556484,1,-0.2964387362556484
30.322,0,0.2997463604404045,1,-0.2997463604404045
30.324,0,0.3030478986524639,1,-0.3030478986524639
30.326,0,0.3063432670908247,1,-0.3063432670908247
30.328,0,0.3096323827205412,1,-0.3096323827205412
30.33,0,0.3129151632679426,1,-0.3129151632679426
30.332,0,0.3161915272158789,1,-0.3161915272158789
30.334,0,0.3194613937989914,1,-0.3194613937989914
30.336,0,0.3227246829990095,1,-0.3227246829990095
30.338,0,0.3259813155400733,1,-0.3259813155400733
30.34,0,0.3292312128840813,1,-0.3292312128840813
30.342,0,0.3324742972260633,1,-0.3324742972260633
30.344,0,0.3357104914895785,1,-0.3357104914895785
30.346,0,0.3389397193221396,1,-0.3389397193221396
30.348,0,0.3421619050906599,1,-0.3421619050906599
30.35,0,0.3453769738769275,1,-0.3453769738769275
30.352,0,0.348584851473102,1,-0.348584851473102
30.354,0,0.3517854643772376,1,-0.3517854643772376
30.356,0,0.3549787397888294,1,-0.3549787397888294
30.358,0,0.3581646056043845,1,-0.3581646056043845
30.36,0,0.3613429904130172,1,-0.3613429904130172
30.362,0,0.3645138234920681,1,-0.3645138234920681
30.364,0,0.3676770348027477,1,-0.3676770348027477
30.366,0,0.370832554985803,1,-0.370832554985803
30.368,0,0.3739803153572086,1,-0.3739803153572086
30.37,0,0.3771202479038805,1,-0.3771202479038805
30.372,0,0.3802522852794145,1,-0.3802522852794145
30.374,0,0.3833763607998464,1,-0.3833763607998464
30.376,0,0.3864924084394372,1,-0.3864924084394372
30.378,0,0.3896003628264801,1,-0.3896003628264801
30.38,0,0.3927001592391307,1,-0.3927001592391307
30.382,0,0.3957917336012607,1,-0.3957917336012607
30.384,0,0.3988750224783335,1,-0.3988750224783335
30.386,0,0.401949963073303,1,-0.401949963073303
30.388,0,0.4050164932225349,1,-0.4050164932225349
30.39,0,0.4080745513917501,1,-0.4080745513917501
30.392,0,0.4111240766719907,1,-0.4111240766719907
30.394,0,0.4141650087756077,1,-0.4141650087756077
30.396,0,0.4171972880322717,1,-0.4171972880322717
30.398,0,0.4202208553850044,1,-0.4202208553850044
30.4,0,0.4232356523862327,1,-0.4232356523862327
30.402,0,0.4262416211938645,1,-0.4262416211938645
30.404,0,0.4292387045673858,1,-0.4292387045673858
30.406,0,0.4322268458639795,1,-0.4322268458639795
30.408,0,0.4352059890346656,1,-0.4352059890346656
30.41,0,0.4381760786204624,1,-0.4381760786204624
30.412,0,0.4411370597485695,1,-0.4411370597485695
30.414,0,0.4440888781285716,1,-0.4440888781285716
30.416,0,0.4470314800486627,1,-0.4470314800486627
30.418,0,0.449964812371892,1,-0.449964812371892
30.42,0,0.4528888225324301,1,-0.4528888225324301
30.422,0,0.4558034585318561,1,-0.4558034585318561
30.424,0,0.4587086689354649,1,-0.4587086689354649
30.426,0,0.4616044028685951,1,-0.4616044028685951
30.428,0,0.4644906100129775,1,-0.4644906100129775
30.43,0,0.4673672406031035,1,-0.4673672406031035
30.432,0,0.4702342454226137,1,-0.4702342454226137
30.434,0,0.4730915758007064,1,-0.4730915758007064
30.436,0,0.4759391836085666,1,-0.4759391836085666
30.438,0,0.478777021255814,1,-0.478777021255814
30.44,0,0.481605041686971,1,-0.481605041686971
30.442,0,0.4844231983779512,1,-0.4844231983779512
30.444,0,0.4872314453325657,1,-0.4872314453325657
30.446,0,0.4900297370790502,1,-0.4900297370790502
30.448,0,0.4928180286666111,1,-0.4928180286666111
30.45,0,0.4955962756619907,1,-0.4955962756619907
30.452,0,0.498364434146051,1,-0.498364434146051
30.454,0,0.5011224607103779,1,-0.5011224607103779
30.456,0,0.5038703124539028,1,-0.5038703124539028
30.458,0,0.5066079469795439,1,-0.5066079469795439
30.46,0,0.5093353223908661,1,-0.5093353223908661
30.462,0,0.5120523972887595,1,-0.5120523972887595
30.464,0,0.5147591307681363,1,-0.5147591307681363
30.466,0,0.5174554824146462,1,-0.5174554824146462
30.468,0,0.5201414123014106,1,-0.5201414123014106
30.47,0,0.5228168809857743,1,-0.5228168809857743
30.472,0,0.5254818495060755,1,-0.5254818495060755
30.474,0,0.5281362793784348,1,-0.5281362793784348
30.476,0,0.5307801325935608,1,-0.5307801325935608
30.478,0,0.5334133716135749,1,-0.5334133716135749
30.48,0,0.5360359593688527,1,-0.5360359593688527
30.482,0,0.5386478592548839,1,-0.5386478592548839
30.484,0,0.5412490351291493,1,-0.5412490351291493
30.486,0,0.5438394513080164,1,-0.5438394513080164
30.488,0,0.5464190725636503,1,-0.5464190725636503
30.49,0,0.5489878641209446,1,-0.5489878641209446
30.492,0,0.5515457916544673,1,-0.5515457916544673
30.494,0,0.5540928212854251,1,-0.5540928212854251
30.496,0,0.5566289195786446,1,-0.5566289195786446
30.498,0,0.5591540535395697,1,-0.5591540535395697
30.5,0,0.5616681906112775,1,-0.5616681906112775
30.502,0,0.5641712986715091,1,-0.5641712986715091
30.504,0,0.5666633460297187,1,-0.5666633460297187
30.506,0,0.5691443014241383,1,-0.5691443014241383
30.508,0,0.5716141340188596,1,-0.5716141340188596
30.51,0,0.5740728134009322,1,-0.5740728134009322
30.512,0,0.5765203095774776,1,-0.5765203095774776
30.514,0,0.5789565929728204,1,-0.5789565929728204
30.516,0,0.5813816344256356,1,-0.5813816344256356
30.518,0,0.5837954051861111,1,-0.5837954051861111
30.52,0,0.5861978769131271,1,-0.5861978769131271
30.522,0,0.5885890216714517,1,-0.5885890216714517
30.524,0,0.5909688119289511,1,-0.5909688119289511
30.526,0,0.5933372205538174,1,-0.5933372205538174
30.528,0,0.5956942208118103,1,-0.5956942208118103
30.53,0,0.5980397863635157,1,-0.5980397863635157
30.532,0,0.6003738912616194,1,-0.6003738912616194
30.534,0,0.6026965099481965,1,-0.6026965099481965
30.536,0,0.6050076172520154,1,-0.6050076172520154
30.538,0,0.6073071883858584,1,-0.6073071883858584
30.54,0,0.6095951989438566,1,-0.6095951989438566
30.542,0,0.6118716248988401,1,-0.6118716248988401
30.544,0,0.6141364425997035,1,-0.6141364425997035
30.546,0,0.6163896287687862,1,-0.6163896287687862
30.548,0,0.6186311604992683,1,-0.6186311604992683
30.55,0,0.6208610152525795,1,-0.6208610152525795
30.552,0,0.6230791708558254,1,-0.6230791708558254
30.554,0,0.6252856054992262,1,-0.6252856054992262
30.556,0,0.6274802977335714,1,-0.6274802977335714
30.558,0,0.6296632264676882,1,-0.6296632264676882
30.56,0,0.6318343709659254,1,-0.6318343709659254
30.562,0,0.6339937108456501,1,-0.6339937108456501
30.564,0,0.6361412260747603,1,-0.6361412260747603
30.566,0,0.638276896969211,1,-0.638276896969211
30.568,0,0.6404007041905542,1,-0.6404007041905542
30.57,0,0.6425126287434937,1,-0.6425126287434937
30.572,0,0.6446126519734534,1,-0.6446126519734534
30.574,0,0.6467007555641598,1,-0.6467007555641598
30.576,0,0.648776921535238,1,-0.648776921535238
30.578,0,0.6508411322398221,1,-0.6508411322398221
30.58,0,0.6528933703621786,1,-0.6528933703621786
30.582,0,0.6549336189153445,1,-0.6549336189153445
30.584,0,0.6569618612387775,1,-0.6569618612387775
30.586,0,0.6589780809960213,1,-0.6589780809960213
30.588,0,0.6609822621723831,1,-0.6609822621723831
30.59,0,0.6629743890726252,1,-0.6629743890726252
30.592,0,0.6649544463186696,1,-0.6649544463186696
30.594,0,0.6669224188473162,1,-0.6669224188473162
30.596,0,0.6688782919079732,1,-0.6688782919079732
30.598,0,0.670822051060402,1,-0.670822051060402
30.6,0,0.672753682172474,1,-0.672753682172474
30.602,0,0.6746731714179408,1,-0.6746731714179408
30.604,0,0.6765805052742174,1,-0.6765805052742174
30.606,0,0.6784756705201781,1,-0.6784756705201781
30.608,0,0.6803586542339649,1,-0.6803586542339649
30.61,0,0.682229443790809,1,-0.682229443790809
30.612,0,0.6840880268608647,1,-0.6840880268608647
30.614,0,0.685934391407056,1,-0.685934391407056
30.616,0,0.6877685256829357,1,-0.6877685256829357
30.618,0,0.6895904182305564,1,-0.6895904182305564
30.62,0,0.6914000578783549,1,-0.6914000578783549
30.622,0,0.6931974337390479,1,-0.6931974337390479
30.624,0,0.6949825352075403,1,-0.6949825352075403
30.626,0,0.6967553519588461,1,-0.6967553519588461
30.628,0,0.6985158739460205,1,-0.6985158739460205
30.63,0,0.7002640913981051,1,-0.7002640913981051
30.632,0,0.7019999948180838,1,-0.7019999948180838
30.634,0,0.7037235749808523,1,-0.7037235749808523
30.636,0,0.7054348229311975,1,-0.7054348229311975
30.638,0,0.7071337299817906,1,-0.7071337299817906
30.64,0,0.7088202877111903,1,-0.7088202877111903
30.642,0,0.7104944879618589,1,-0.7104944879618589
30.644,0,0.712156322838189,1,-0.712156322838189
30.646,0,0.7138057847045427,1,-0.7138057847045427
30.648,0,0.7154428661833017,1,-0.7154428661833017
30.65,0,0.7170675601529287,1,-0.7170675601529287
30.652,0,0.7186798597460409,1,-0.7186798597460409
30.654,0,0.7202797583474937,1,-0.7202797583474937
30.656,0,0.7218672495924768,1,-0.7218672495924768
30.658,0,0.7234423273646208,1,-0.7234423273646208
30.66,0,0.7250049857941147,1,-0.7250049857941147
30.662,0,0.7265552192558353,1,-0.7265552192558353
30.664,0,0.7280930223674872,1,-0.7280930223674872
30.666,0,0.7296183899877531,1,-0.7296183899877531
30.668,0,0.7311313172144563,1,-0.7311313172144563
30.67,0,0.7326317993827332,1,-0.7326317993827332
30.672,0,0.734119832063216,1,-0.734119832063216
30.674,0,0.7355954110602276,1,-0.7355954110602276
30.676,0,0.7370585324099865,1,-0.7370585324099865
30.678,0,0.7385091923788215,1,-0.7385091923788215
30.68,0,0.7399473874613981,1,-0.7399473874613981
30.682,0,0.7413731143789549,1,-0.7413731143789549
30.684,0,0.7427863700775506,1,-0.7427863700775506
30.686,0,0.744187151726321,1,-0.744187151726321
30.688,0,0.7455754567157469,1,-0.7455754567157469
30.69,0,0.7469512826559318,1,-0.7469512826559318
30.692,0,0.7483146273748902,1,-0.7483146273748902
30.694,0,0.7496654889168457,1,-0.7496654889168457
30.696,0,0.7510038655405394,1,-0.7510038655405394
30.698,0,0.7523297557175486,1,-0.7523297557175486
30.7,0,0.7536431581306148,1,-0.7536431581306148
30.702,0,0.7549440716719826,1,-0.7549440716719826
30.704,0,0.7562324954417478,1,-0.7562324954417478
30.706,0,0.7575084287462155,1,-0.7575084287462155
30.708,0,0.7587718710962682,1,-0.7587718710962682
30.71,0,0.7600228222057434,1,-0.7600228222057434
30.712,0,0.761261281989821,1,-0.761261281989821
30.714,0,0.7624872505634205,1,-0.7624872505634205
30.716,0,0.7637007282396074,1,-0.7637007282396074
30.718,0,0.7649017155280096,1,-0.7649017155280096
30.72,0,0.7660902131332427,1,-0.7660902131332427
30.722,0,0.7672662219533455,1,-0.7672662219533455
30.724,0,0.7684297430782242,1,-0.7684297430782242
30.726,0,0.7695807777881064,1,-0.7695807777881064
30.728,0,0.7707193275520041,1,-0.7707193275520041
30.73,0,0.7718453940261859,1,-0.7718453940261859
30.732,0,0.7729589790526589,1,-0.7729589790526589
30.734,0,0.7740600846576589,1,-0.7740600846576589
30.736,0,0.7751487130501504,1,-0.7751487130501504
30.738,0,0.7762248666203359,1,-0.7762248666203359
30.74,0,0.7772885479381725,1,-0.7772885479381725
30.742,0,0.7783397597518997,1,-0.7783397597518997
30.744,0,0.7793785049865748,1,-0.7793785049865748
30.746,0,0.7804047867426168,1,-0.7804047867426168
30.748,0,0.7814186082943606,1,-0.7814186082943606
30.75,0,0.7824199730886184,1,-0.7824199730886184
30.752,0,0.7834088847432507,1,-0.7834088847432507
30.754,0,0.7843853470457455,1,-0.7843853470457455
30.756,0,0.7853493639518068,1,-0.7853493639518068
30.758,0,0.7863009395839506,1,-0.7863009395839506
30.76,0,0.7872400782301108,1,-0.7872400782301108
30.762,0,0.7881667843422517,1,-0.7881667843422517
30.764,0,0.7890810625349912,1,-0.7890810625349912
30.766,0,0.7899829175842304,1,-0.7899829175842304
30.768,0,0.790872354425793,1,-0.790872354425793
30.77,0,0.7917493781540715,1,-0.7917493781540715
30.772,0,0.7926139940206837,1,-0.7926139940206837
30.774,0,0.7934662074331352,1,-0.7934662074331352
30.776,0,0.7943060239534917,1,-0.7943060239534917
30.778,0,0.7951334492970584,1,-0.7951334492970584
30.78,0,0.7959484893310683,1,-0.7959484893310683
30.782,0,0.7967511500733778,1,-0.7967511500733778
30.784,0,0.7975414376911708,1,-0.7975414376911708
30.786,0,0.7983193584996705,1,-0.7983193584996705
30.788,0,0.7990849189608592,1,-0.7990849189608592
30.79,0,0.7998381256822059,1,-0.7998381256822059
30.792,0,0.8005789854154017,1,-0.8005789854154017
30.794,0,0.8013075050551032,1,-0.8013075050551032
30.796,0,0.8020236916376833,1,-0.8020236916376833
30.798,0,0.8027275523399898,1,-0.8027275523399898
30.8,0,0.8034190944781122,1,-0.8034190944781122
30.802,0,0.8040983255061549,1,-0.8040983255061549
30.804,0,0.8047652530150191,1,-0.8047652530150191
30.806,0,0.8054198847311919,1,-0.8054198847311919
30.808,0,0.8060622285155424,1,-0.8060622285155424
30.81,0,0.8066922923621265,1,-0.8066922923621265
30.812,0,0.807310084396997,1,-0.807310084396997
30.814,0,0.8079156128770236,1,-0.8079156128770236
30.816,0,0.8085088861887182,1,-0.8085088861887182
30.818,0,0.8090899128470682,1,-0.8090899128470682
30.82,0,0.8096587014943778,1,-0.8096587014943778
30.822,0,0.810215260899115,1,-0.810215260899115
30.824,0,0.8107595999547672,1,-0.8107595999547672
30.826,0,0.8112917276787027,1,-0.8112917276787027
30.828,0,0.8118116532110407,1,-0.8118116532110407
30.83,0,0.8123193858135266,1,-0.8123193858135266
30.832,0,0.8128149348684162,1,-0.8128149348684162
30.834,0,0.8132983098773652,1,-0.8132983098773652
30.836,0,0.8137695204603269,1,-0.8137695204603269
30.838,0,0.814228576354456,1,-0.814228576354456
30.84,0,0.8146754874130198,1,-0.8146754874130198
30.842,0,0.8151102636043156,1,-0.8151102636043156
30.844,0,0.8155329150105957,1,-0.8155329150105957
30.846,0,0.8159434518269985,1,-0.8159434518269985
30.848,0,0.8163418843604865,1,-0.8163418843604865
30.85,0,0.8167282230287912,1,-0.8167282230287912
30.852,0,0.8171024783593643,1,-0.8171024783593643
30.854,0,0.8174646609883359,1,-0.8174646609883359
30.856,0,0.8178147816594786,1,-0.8178147816594786
30.858,0,0.8181528512231792,1,-0.8181528512231792
30.86,0,0.8184788806354154,1,-0.8184788806354154
30.862,0,0.8187928809567411,1,-0.8187928809567411
30.864,0,0.8190948633512756,1,-0.8190948633512756
30.866,0,0.8193848390857013,1,-0.8193848390857013
30.868,0,0.8196628195282664,1,-0.8196628195282664
30.87,0,0.8199288161477949,1,-0.8199288161477949
30.872,0,0.8201828405127023,1,-0.8201828405127023
30.874,0,0.8204249042900174,1,-0.8204249042900174
30.876,0,0.8206550192444108,1,-0.8206550192444108
30.878,0,0.8208731972372296,1,-0.8208731972372296
30.88,0,0.8210794502255379,1,-0.8210794502255379
30.882,0,0.8212737902611633,1,-0.8212737902611633
30.884,0,0.8214562294897503,1,-0.8214562294897503
30.886,0,0.8216267801498186,1,-0.8216267801498186
30.888,0,0.8217854545718286,1,-0.8217854545718286
30.89,0,0.8219322651772519,1,-0.8219322651772519
30.892,0,0.8220672244776484,1,-0.8220672244776484
30.894,0,0.8221903450737488,1,-0.8221903450737488
30.896,0,0.8223016396545436,1,-0.8223016396545436
30.898,0,0.8224011209963776,1,-0.8224011209963776
30.9,0,0.8224888019620499,1,-0.8224888019620499
30.902,0,0.8225646954999204,1,-0.8225646954999204
30.904,0,0.8226288146430216,1,-0.8226288146430216
30.906,0,0.8226811725081761,1,-0.8226811725081761
30.908,0,0.8227217822951201,1,-0.8227217822951201
30.91,0,0.8227506572856322,1,-0.8227506572856322
30.912,0,0.8227678108426684,1,-0.8227678108426684
30.914,0,0.8227732564095016,1,-0.8227732564095016
30.916,0,0.8227670075088682,1,-0.8227670075088682
30.918,0,0.8227490777421189,1,-0.8227490777421189
30.92,0,0.8227194807883758,1,-0.8227194807883758
30.922,0,0.8226782304036944,1,-0.8226782304036944
30.924,0,0.8226253404202318,1,-0.8226253404202318
30.926,0,0.8225608247454198,1,-0.8225608247454198
30.928,0,0.822484697361143,1,-0.822484697361143
30.93,0,0.8223969723229234,1,-0.8223969723229234
30.932,0,0.8222976637591091,1,-0.8222976637591091
30.934,0,0.8221867858700691,1,-0.8221867858700691
30.936,0,0.8220643529273934,1,-0.8220643529273934
30.938,0,0.8219303792730978,1,-0.8219303792730978
30.94,0,0.8217848793188338,1,-0.8217848793188338
30.942,0,0.8216278675451049,1,-0.8216278675451049
30.944,0,0.8214593585004865,1,-0.8214593585004865
30.946,0,0.8212793668008521,1,-0.8212793668008521
30.948,0,0.821087907128604,1,-0.821087907128604
30.95,0,0.8208849942319092,1,-0.8208849942319092
30.952,0,0.8206706429239401,1,-0.8206706429239401
30.954,0,0.8204448680821209,1,-0.8204448680821209
30.956,0,0.8202076846473784,1,-0.8202076846473784
30.958,0,0.8199591076233977,1,-0.8199591076233977
30.96,0,0.8196991520758834,1,-0.8196991520758834
30.962,0,0.8194278331318249,1,-0.8194278331318249
30.964,0,0.8191451659787674,1,-0.8191451659787674
30.966,0,0.8188511658640871,1,-0.8188511658640871
30.968,0,0.8185458480942718,1,-0.8185458480942718
30.97,0,0.8182292280342054,1,-0.8182292280342054
30.972,0,0.8179013211064583,1,-0.8179013211064583
30.974,0,0.8175621427905817,1,-0.8175621427905817
30.976,0,0.8172117086224069,1,-0.8172117086224069
30.978,0,0.8168500341933493,1,-0.8168500341933493
30.98,0,0.8164771351497173,1,-0.8164771351497173
30.982,0,0.8160930271920249,1,-0.8160930271920249
30.984,0,0.8156977260743103,1,-0.8156977260743103
30.986,0,0.8152912476034581,1,-0.8152912476034581
30.988,0,0.8148736076385258,1,-0.8148736076385258
30.99,0,0.8144448220900764,1,-0.8144448220900764
30.992,0,0.8140049069195134,1,-0.8140049069195134
30.994,0,0.8135538781384222,1,-0.8135538781384222
30.996,0,0.8130917518079143,1,-0.8130917518079143
30.998,0,0.8126185440379772,1,-0.8126185440379772
31,0,0.8121342709868283,1,-0.8121342709868283
31.002,0,0.8116389488602728,1,-0.8116389488602728
31.004,0,0.8111325939110663,1,-0.8111325939110663
31.006,0,0.8106152224382819,1,-0.8106152224382819
31.008,0,0.8100868507866812,1,-0.8100868507866812
31.01,0,0.8095474953460898,1,-0.8095474953460898
31.012,0,0.8089971725507772,1,-0.8089971725507772
31.014,0,0.8084358988788404,1,-0.8084358988788404
31.016,0,0.8078636908515925,1,-0.8078636908515925
31.018,0,0.807280565032955,1,-0.807280565032955
31.02,0,0.8066865380288539,1,-0.8066865380288539
31.022,0,0.806081626486621,1,-0.806081626486621
31.024,0,0.8054658470943981,1,-0.8054658470943981
31.026,0,0.8048392165805462,1,-0.8048392165805462
31.028,0,0.8042017517130587,1,-0.8042017517130587
31.03,0,0.8035534692989778,1,-0.8035534692989778
31.032,0,0.8028943861838155,1,-0.8028943861838155
31.034,0,0.8022245192509795,1,-0.8022245192509795
31.036,0,0.8015438854212013,1,-0.8015438854212013
31.038,0,0.8008525016519693,1,-0.8008525016519693
31.04,0,0.8001503849369662,1,-0.8001503849369662
31.042,0,0.7994375523055092,1,-0.7994375523055092
31.044,0,0.7987140208219947,1,-0.7987140208219947
31.046,0,0.7979798075853474,1,-0.7979798075853474
31.048,0,0.7972349297284721,1,-0.7972349297284721
31.05,0,0.7964794044177101,1,-0.7964794044177101
31.052,0,0.7957132488522995,1,-0.7957132488522995
31.054,0,0.7949364802638386,1,-0.7949364802638386
31.056,0,0.7941491159157533,1,-0.7941491159157533
31.058,0,0.7933511731027691,1,-0.7933511731027691
31.06,0,0.7925426691503854,1,-0.7925426691503854
31.062,0,0.7917236214143544,1,-0.7917236214143544
31.064,0,0.7908940472801635,1,-0.7908940472801635
31.066,0,0.7900539641625217,1,-0.7900539641625217
31.068,0,0.7892033895048483,1,-0.7892033895048483
31.07,0,0.7883423407787669,1,-0.7883423407787669
31.072,0,0.7874708354836021,1,-0.7874708354836021
31.074,0,0.7865888911458798,1,-0.7865888911458798
31.076,0,0.7856965253188312,1,-0.7856965253188312
31.078,0,0.7847937555819001,1,-0.7847937555819001
31.08,0,0.7838805995402544,1,-0.7838805995402544
31.082,0,0.7829570748242998,1,-0.7829570748242998
31.084,0,0.7820231990891985,1,-0.7820231990891985
31.086,0,0.7810789900143902,1,-0.7810789900143902
31.088,0,0.7801244653031167,1,-0.7801244653031167
31.09,0,0.7791596426819508,1,-0.7791596426819508
31.092,0,0.7781845399003272,1,-0.7781845399003272
31.094,0,0.7771991747300777,1,-0.7771991747300777
31.096,0,0.7762035649649698,1,-0.7762035649649698
31.098,0,0.775197728420248,1,-0.775197728420248
31.1,0,0.774181682932179,1,-0.774181682932179
31.102,0,0.7731554463575998,1,-0.7731554463575998
31.104,0,0.7721190365734691,1,-0.7721190365734691
31.106,0,0.7710724714764227,1,-0.7710724714764227
31.108,0,0.7700157689823305,1,-0.7700157689823305
31.11,0,0.7689489470258587,1,-0.7689489470258587
31.112,0,0.7678720235600338,1,-0.7678720235600338
31.114,0,0.76678501655581,1,-0.76678501655581
31.116,0,0.7656879440016403,1,-0.7656879440016403
31.118,0,0.7645808239030503,1,-0.7645808239030503
31.12,0,0.7634636742822151,1,-0.7634636742822151
31.122,0,0.7623365131775396,1,-0.7623365131775396
31.124,0,0.7611993586432417,1,-0.7611993586432417
31.126,0,0.7600522287489385,1,-0.7600522287489385
31.128,0,0.7588951415792358,1,-0.7588951415792358
31.13,0,0.75772811523332,1,-0.75772811523332
31.132,0,0.7565511678245541,1,-0.7565511678245541
31.134,0,0.7553643174800758,1,-0.7553643174800758
31.136,0,0.7541675823403989,1,-0.7541675823403989
31.138,0,0.7529609805590175,1,-0.7529609805590175
31.14,0,0.7517445303020135,1,-0.7517445303020135
31.142,0,0.7505182497476666,1,-0.7505182497476666
31.144,0,0.7492821570860675,1,-0.7492821570860675
31.146,0,0.7480362705187341,1,-0.7480362705187341
31.148,0,0.74678060825823,1,-0.74678060825823
31.15,0,0.7455151885277864,1,-0.7455151885277864
31.152,0,0.7442400295609269,1,-0.7442400295609269
31.154,0,0.7429551496010948,1,-0.7429551496010948
31.156,0,0.7416605669012829,1,-0.7416605669012829
31.158,0,0.7403562997236673,1,-0.7403562997236673
31.16,0,0.7390423663392428,1,-0.7390423663392428
31.162,0,0.7377187850274614,1,-0.7377187850274614
31.164,0,0.7363855740758734,1,-0.7363855740758734
31.166,0,0.7350427517797721,1,-0.7350427517797721
31.168,0,0.73369033644184,1,-0.73369033644184
31.17,0,0.7323283463717984,1,-0.7323283463717984
31.172,0,0.7309567998860597,1,-0.7309567998860597
31.174,0,0.7295757153073817,1,-0.7295757153073817
31.176,0,0.7281851109645258,1,-0.7281851109645258
31.178,0,0.7267850051919162,1,-0.7267850051919162
31.18,0,0.7253754163293035,1,-0.7253754163293035
31.182,0,0.7239563627214292,1,-0.7239563627214292
31.184,0,0.722527862717694,1,-0.722527862717694
31.186,0,0.7210899346718282,1,-0.7210899346718282
31.188,0,0.719642596941565,1,-0.719642596941565
31.19,0,0.7181858678883152,1,-0.7181858678883152
31.192,0,0.7167197658768462,1,-0.7167197658768462
31.194,0,0.7152443092749622,1,-0.7152443092749622
31.196,0,0.7137595164531872,1,-0.7137595164531872
31.198,0,0.7122654057844509,1,-0.7122654057844509
31.2,0,0.7107619956437762,1,-0.7107619956437762
31.202,0,0.7092493044079703,1,-0.7092493044079703
31.204,0,0.7077273504553172,1,-0.7077273504553172
31.206,0,0.7061961521652734,1,-0.7061961521652734
31.208,0,0.7046557279181652,1,-0.7046557279181652
31.21,0,0.7031060960948894,1,-0.7031060960948894
31.212,0,0.7015472750766153,1,-0.7015472750766153
31.214,0,0.69997928324449,1,-0.69997928324449
31.216,0,0.6984021389793454,1,-0.6984021389793454
31.218,0,0.6968158606614082,1,-0.6968158606614082
31.22,0,0.6952204666700111,1,-0.6952204666700111
31.222,0,0.6936159753833078,1,-0.6936159753833078
31.224,0,0.6920024051779888,1,-0.6920024051779888
31.226,0,0.6903797744290009,1,-0.6903797744290009
31.228,0,0.6887481015092678,1,-0.6887481015092678
31.23,0,0.6871074047894135,1,-0.6871074047894135
31.232,0,0.685457702637488,1,-0.685457702637488
31.234,0,0.683799013418695,1,-0.683799013418695
31.236,0,0.682131355495122,1,-0.682131355495122
31.238,0,0.6804547472254725,1,-0.6804547472254725
31.24,0,0.6787692069648,1,-0.6787692069648
31.242,0,0.6770747530642452,1,-0.6770747530642452
31.244,0,0.6753714038707744,1,-0.6753714038707744
31.246,0,0.6736591777269204,1,-0.6736591777269204
31.248,0,0.6719380929705254,1,-0.6719380929705254
31.25,0,0.6702081679344866,1,-0.6702081679344866
31.252,0,0.6684694209465029,1,-0.6684694209465029
31.254,0,0.6667218703288244,1,-0.6667218703288244
31.256,0,0.6649655343980041,1,-0.6649655343980041
31.258,0,0.6632004314646512,1,-0.6632004314646512
31.26,0,0.6614265798331866,1,-0.6614265798331866
31.262,0,0.6596439978016005,1,-0.6596439978016005
31.264,0,0.6578527036612122,1,-0.6578527036612122
31.266,0,0.6560527156964316,1,-0.6560527156964316
31.268,0,0.6542440521845232,1,-0.6542440521845232
31.27,0,0.6524267313953711,1,-0.6524267313953711
31.272,0,0.6506007715912474,1,-0.6506007715912474
31.274,0,0.6487661910265813,1,-0.6487661910265813
31.276,0,0.6469230079477311,1,-0.6469230079477311
31.278,0,0.6450712405927572,1,-0.6450712405927572
31.28,0,0.6432109071911982,1,-0.6432109071911982
31.282,0,0.6413420259638477,1,-0.6413420259638477
31.284,0,0.6394646151225341,1,-0.6394646151225341
31.286,0,0.6375786928699014,1,-0.6375786928699014
31.288,0,0.6356842773991929,1,-0.6356842773991929
31.29,0,0.6337813868940353,1,-0.6337813868940353
31.292,0,0.6318700395282263,1,-0.6318700395282263
31.294,0,0.6299502534655229,1,-0.6299502534655229
31.296,0,0.6280220468594321,1,-0.6280220468594321
31.298,0,0.6260854378530033,1,-0.6260854378530033
31.3,0,0.6241404445786225,1,-0.6241404445786225
31.302,0,0.6221870851578081,1,-0.6221870851578081
31.304,0,0.6202253777010088,1,-0.6202253777010088
31.306,0,0.6182553403074035,1,-0.6182553403074035
31.308,0,0.6162769910647022,1,-0.6162769910647022
31.31,0,0.6142903480489496,1,-0.6142903480489496
31.312,0,0.6122954293243292,1,-0.6122954293243292
31.314,0,0.6102922529429712,1,-0.6102922529429712
31.316,0,0.6082808369447597,1,-0.6082808369447597
31.318,0,0.6062611993571432,1,-0.6062611993571432
31.32,0,0.6042333581949466,1,-0.6042333581949466
31.322,0,0.6021973314601846,1,-0.6021973314601846
31.324,0,0.6001531371418766,1,-0.6001531371418766
31.326,0,0.5981007932158637,1,-0.5981007932158637
31.328,0,0.5960403176446278,1,-0.5960403176446278
31.33,0,0.593971728377111,1,-0.593971728377111
31.332,0,0.5918950433485376,1,-0.5918950433485376
31.334,0,0.5898102804802381,1,-0.5898102804802381
31.336,0,0.5877174576794739,1,-0.5877174576794739
31.338,0,0.585616592839264,1,-0.585616592839264
31.34,0,0.5835077038382135,1,-0.5835077038382135
31.342,0,0.5813908085403434,1,-0.5813908085403434
31.344,0,0.5792659247949223,1,-0.5792659247949223
31.346,0,0.5771330704362994,1,-0.5771330704362994
31.348,0,0.574992263283739,1,-0.574992263283739
31.35,0,0.572843521141257,1,-0.572843521141257
31.352,0,0.5706868617974588,1,-0.5706868617974588
31.354,0,0.568522303025378,1,-0.568522303025378
31.356,0,0.5663498625823178,1,-0.5663498625823178
31.358,0,0.5641695582096933,1,-0.5641695582096933
31.36,0,0.561981407632875,1,-0.561981407632875
31.362,0,0.5597854285610344,1,-0.5597854285610344
31.364,0,0.5575816386869913,1,-0.5575816386869913
31.366,0,0.5553700556870612,1,-0.5553700556870612
31.368,0,0.5531506972209059,1,-0.5531506972209059
31.37,0,0.5509235809313845,1,-0.5509235809313845
31.372,0,0.548688724444406,1,-0.548688724444406
31.374,0,0.5464461453687837,1,-0.5464461453687837
31.376,0,0.5441958612960907,1,-0.5441958612960907
31.378,0,0.5419378898005168,1,-0.5419378898005168
31.38,0,0.5396722484387273,1,-0.5396722484387273
31.382,0,0.5373989547497224,1,-0.5373989547497224
31.384,0,0.535118026254699,1,-0.535118026254699
31.386,0,0.5328294804569126,1,-0.5328294804569126
31.388,0,0.530533334841542,1,-0.530533334841542
31.39,0,0.5282296068755543,1,-0.5282296068755543
31.392,0,0.5259183140075719,1,-0.5259183140075719
31.394,0,0.5235994736677406,1,-0.5235994736677406
31.396,0,0.5212731032675987,1,-0.5212731032675987
31.398,0,0.5189392201999481,1,-0.5189392201999481
31.4,0,0.5165978418387265,1,-0.5165978418387265
31.402,0,0.5142489855388805,1,-0.5142489855388805
31.404,0,0.5118926686362409,1,-0.5118926686362409
31.406,0,0.5095289084473981,1,-0.5095289084473981
31.408,0,0.5071577222695797,1,-0.5071577222695797
31.41,0,0.5047791273805293,1,-0.5047791273805293
31.412,0,0.5023931410383864,1,-0.5023931410383864
31.414,0,0.4999997804815673,1,-0.4999997804815673
31.416,0,0.4975990629286479,1,-0.4975990629286479
31.418,0,0.4951910055782471,1,-0.4951910055782471
31.42,0,0.4927756256089117,1,-0.4927756256089117
31.422,0,0.490352940179003,1,-0.490352940179003
31.424,0,0.4879229664265837,1,-0.4879229664265837
31.426,0,0.485485721469307,1,-0.485485721469307
31.428,0,0.4830412224043058,1,-0.4830412224043058
31.43,0,0.4805894863080845,1,-0.4805894863080845
31.432,0,0.4781305302364108,1,-0.4781305302364108
31.434,0,0.475664371224209,1,-0.475664371224209
31.436,0,0.4731910262854549,1,-0.4731910262854549
31.438,0,0.4707105124130717,1,-0.4707105124130717
31.44,0,0.4682228465788263,1,-0.4682228465788263
31.442,0,0.4657280457332284,1,-0.4657280457332284
31.444,0,0.4632261268054287,1,-0.4632261268054287
31.446,0,0.46071710670312,1,-0.46071710670312
31.448,0,0.4582010023124387,1,-0.4582010023124387
31.45,0,0.4556778304978669,1,-0.4556778304978669
31.452,0,0.4531476081021371,1,-0.4531476081021371
31.454,0,0.4506103519461362,1,-0.4506103519461362
31.456,0,0.448066078828812,1,-0.448066078828812
31.458,0,0.4455148055270802,1,-0.4455148055270802
31.46,0,0.4429565487957327,1,-0.4429565487957327
31.462,0,0.4403913253673466,1,-0.4403913253673466
31.464,0,0.4378191519521948,1,-0.4378191519521948
31.466,0,0.4352400452381573,1,-0.4352400452381573
31.468,0,0.4326540218906339,1,-0.4326540218906339
31.47,0,0.4300610985524573,1,-0.4300610985524573
31.472,0,0.4274612918438083,1,-0.4274612918438083
31.474,0,0.4248546183621307,1,-0.4248546183621307
31.476,0,0.4222410946820488,1,-0.4222410946820488
31.478,0,0.4196207373552844,1,-0.4196207373552844
31.48,0,0.4169935629105758,1,-0.4169935629105758
31.482,0,0.4143595878535976,1,-0.4143595878535976
31.484,0,0.4117188286668813,1,-0.4117188286668813
31.486,0,0.4090713018097371,1,-0.4090713018097371
31.488,0,0.4064170237181766,1,-0.4064170237181766
31.49,0,0.4037560108048366,1,-0.4037560108048366
31.492,0,0.4010882794589036,1,-0.4010882794589036
31.494,0,0.3984138460460399,1,-0.3984138460460399
31.496,0,0.3957327269083095,1,-0.3957327269083095
31.498,0,0.3930449383641066,1,-0.3930449383641066
31.5,0,0.3903504967080834,1,-0.3903504967080834
31.502,0,0.3876494182110801,1,-0.3876494182110801
31.504,0,0.3849417191200549,1,-0.3849417191200549
31.506,0,0.3822274156580158,1,-0.3822274156580158
31.508,0,0.3795065240239529,1,-0.3795065240239529
31.51,0,0.376779060392771,1,-0.376779060392771
31.512,0,0.3740450409152247,1,-0.3740450409152247
31.514,0,0.3713044817178527,1,-0.3713044817178527
31.516,0,0.3685573989029139,1,-0.3685573989029139
31.518,0,0.3658038085483247,1,-0.3658038085483247
31.52,0,0.3630437267075962,1,-0.3630437267075962
31.522,0,0.3602771694097729,1,-0.3602771694097729
31.524,0,0.3575041526593728,1,-0.3575041526593728
31.526,0,0.3547246924363269,1,-0.3547246924363269
31.528,0,0.3519388046959212,1,-0.3519388046959212
31.53,0,0.3491465053687383,1,-0.3491465053687383
31.532,0,0.3463478103606005,1,-0.3463478103606005
31.534,0,0.343542735552514,1,-0.343542735552514
31.536,0,0.340731296800613,1,-0.340731296800613
31.538,0,0.3379135099361055,1,-0.3379135099361055
31.54,0,0.3350893907652194,1,-0.3350893907652194
31.542,0,0.33225895506915,1,-0.33225895506915
31.544,0,0.3294222186040077,1,-0.3294222186040077
31.546,0,0.326579197100767,1,-0.326579197100767
31.548,0,0.3237299062652157,1,-0.3237299062652157
31.55,0,0.3208743617779057,1,-0.3208743617779057
31.552,0,0.3180125792941041,1,-0.3180125792941041
31.554,0,0.3151445744437452,1,-0.3151445744437452
31.556,0,0.3122703628313829,1,-0.3122703628313829
31.558,0,0.3093899600361448,1,-0.3093899600361448
31.56,0,0.3065033816116864,1,-0.3065033816116864
31.562,0,0.3036106430861459,1,-0.3036106430861459
31.564,0,0.3007117599621004,1,-0.3007117599621004
31.566,0,0.2978067477165222,1,-0.2978067477165222
31.568,0,0.2948956218007365,1,-0.2948956218007365
31.57,0,0.2919783976403794,1,-0.2919783976403794
31.572,0,0.2890550906353567,1,-0.2890550906353567
31.574,0,0.2861257161598036,1,-0.2861257161598036
31.576,0,0.283190289562045,1,-0.283190289562045
31.578,0,0.2802488261645564,1,-0.2802488261645564
31.58,0,0.2773013412639261,1,-0.2773013412639261
31.582,0,0.2743478501308173,1,-0.2743478501308173
31.584,0,0.2713883680099315,1,-0.2713883680099315
31.586,0,0.2684229101199724,1,-0.2684229101199724
31.588,0,0.2654514916536105,1,-0.2654514916536105
31.59,0,0.2624741277774484,1,-0.2624741277774484
31.592,0,0.2594908336319871,1,-0.2594908336319871
31.594,0,0.2565016243315921,1,-0.2565016243315921
31.596,0,0.2535065149644614,1,-0.2535065149644614
31.598,0,0.2505055205925932,1,-0.2505055205925932
31.6,0,0.2474986562517547,1,-0.2474986562517547
31.602,0,0.2444859369514516,1,-0.2444859369514516
31.604,0,0.2414673776748981,1,-0.2414673776748981
31.606,0,0.2384429933789874,1,-0.2384429933789874
31.608,0,0.2354127989942635,1,-0.2354127989942635
31.61,0,0.232376809424893,1,-0.232376809424893
31.612,0,0.2293350395486377,1,-0.2293350395486377
31.614,0,0.2262875042168278,1,-0.2262875042168278
31.616,0,0.2232342182543362,1,-0.2232342182543362
31.618,0,0.2201751964595529,1,-0.2201751964595529
31.62,0,0.2171104536043599,1,-0.2171104536043599
31.622,0,0.2140400044341075,1,-0.2140400044341075
31.624,0,0.2109638636675904,1,-0.2109638636675904
31.626,0,0.2078820459970247,1,-0.2078820459970247
31.628,0,0.2047945660880258,1,-0.2047945660880258
31.63,0,0.2017014385795866,1,-0.2017014385795866
31.632,0,0.1986026780840559,1,-0.1986026780840559
31.634,0,0.1954982991871185,1,-0.1954982991871185
31.636,0,0.1923883164477747,1,-0.1923883164477747
31.638,0,0.1892727443983214,1,-0.1892727443983214
31.64,0,0.1861515975443327,1,-0.1861515975443327
31.642,0,0.183024890364642,1,-0.183024890364642
31.644,0,0.1798926373113245,1,-0.1798926373113245
31.646,0,0.1767548528096797,1,-0.1767548528096797
31.648,0,0.1736115512582151,1,-0.1736115512582151
31.65,0,0.1704627470286305,1,-0.1704627470286305
31.652,0,0.1673084544658017,1,-0.1673084544658017
31.654,0,0.1641486878877667,1,-0.1641486878877667
31.656,0,0.1609834615857106,1,-0.1609834615857106
31.658,0,0.1578127898239523,1,-0.1578127898239523
31.66,0,0.1546366868399309,1,-0.1546366868399309
31.662,0,0.1514551668441931,1,-0.1514551668441931
31.664,0,0.1482682440203812,1,-0.1482682440203812
31.666,0,0.1450759325252214,1,-0.1450759325252214
31.668,0,0.1418782464885121,1,-0.1418782464885121
31.67,0,0.1386752000131143,1,-0.1386752000131143
31.672,0,0.1354668071749407,1,-0.1354668071749407
31.674,0,0.1322530820229464,1,-0.1322530820229464
31.676,0,0.1290340385791197,1,-0.1290340385791197
31.678,0,0.1258096908384737,1,-0.1258096908384737
31.68,0,0.122580052769038,1,-0.122580052769038
31.682,0,0.1193451383118514,1,-0.1193451383118514
31.684,0,0.1161049613809545,1,-0.1161049613809545
31.686,0,0.1128595358633831,1,-0.1128595358633831
31.688,0,0.1096088756191624,1,-0.1096088756191624
31.69,0,0.1063529944813009,1,-0.1063529944813009
31.692,0,0.1030919062557857,1,-0.1030919062557857
31.694,0,0.09982562472157736,1,-0.09982562472157736
31.696,0,0.09655416363060583,1,-0.09655416363060583
31.698,0,0.09327753670776681,1,-0.09327753670776681
31.7,0,0.08999575765091827,1,-0.08999575765091827
31.702,0,0.08670884013087768,1,-0.08670884013087768
31.704,0,0.08341679779141957,1,-0.08341679779141957
31.706,0,0.08011964424927362,1,-0.08011964424927362
31.708,0,0.07681739309412311,1,-0.07681739309412311
31.71,0,0.0735100578886039,1,-0.0735100578886039
31.712,0,0.07019765216830381,1,-0.07019765216830381
31.714,0,0.06688018944176241,1,-0.06688018944176241
31.716,0,0.06355768319047127,1,-0.06355768319047127
31.718,0,0.06023014686887466,1,-0.06023014686887466
31.72,0,0.05689759390437065,1,-0.05689759390437065
31.722,0,0.05356003769731262,1,-0.05356003769731262
31.724,0,0.05021749162101122,1,-0.05021749162101122
31.726,0,0.04686996902173671,1,-0.04686996902173671
31.728,0,0.04351748321872174,1,-0.04351748321872174
31.73,0,0.04016004750416456,1,-0.04016004750416456
31.732,0,0.03679767514323256,1,-0.03679767514323256
31.734,0,0.03343037937406628,1,-0.03343037937406628
31.736,0,0.03005817340778381,1,-0.03005817340778381
31.738,0,0.02668107042848553,1,-0.02668107042848553
31.74,0,0.02329908359325936,1,-0.02329908359325936
31.742,0,0.01991222603218623,1,-0.01991222603218623
31.744,0,0.01652051084834612,1,-0.01652051084834612
31.746,0,0.01312395111782433,1,-0.01312395111782433
31.748,0,0.00972255988971822,1,-0.00972255988971822
31.75,0,0.006316350186144308,1,-0.006316350186144308
31.752,0,0.002905335002245714,1,-0.002905335002245714
31.754,0,-0.0005104726938000006,-1,0.0005104726938000006
31.756,0,-0.003931020049608182,-1,0.003931020049608182
31.758,0,-0.007356148352743066,-1,0.007356148352743066
31.76,0,-0.01078568683772559,-1,0.01078568683772559
31.762,0,-0.01421946602946926,-1,0.01421946602946926
31.764,0,-0.01765731773569896,-1,0.01765731773569896
31.766,0,-0.02109907503940975,-1,0.02109907503940975
31.768,0,-0.02454457229136543,-1,0.02454457229136543
31.77,0,-0.02799364510263663,-1,0.02799364510263663
31.772,0,-0.03144613033717833,-1,0.03144613033717833
31.774,0,-0.03490186610444653,-1,0.03490186610444653
31.776,0,-0.03836069175205389,-1,0.03836069175205389
31.778,0,-0.04182244785846419,-1,0.04182244785846419
31.78,0,-0.04528697622572533,-1,0.04528697622572533
31.782,0,-0.04875411987224085,-1,0.04875411987224085
31.784,0,-0.05222372302557949,-1,0.05222372302557949
31.786,0,-0.05569563111532296,-1,0.05569563111532296
31.788,0,-0.0591696907659514,-1,0.0591696907659514
31.79,0,-0.06264574978976656,-1,0.06264574978976656
31.792,0,-0.06612365717985241,-1,0.06612365717985241
31.794,0,-0.06960326310307308,-1,0.06960326310307308
31.796,0,-0.07308441889310777,-1,0.07308441889310777
31.798,0,-0.07656697704352269,-1,0.07656697704352269
31.8,0,-0.08005079120087968,-1,0.08005079120087968
31.802,0,-0.08353571615788129,-1,0.08353571615788129
31.804,0,-0.08702160784655232,-1,0.08702160784655232
31.806,0,-0.09050832333145749,-1,0.09050832333145749
31.808,0,-0.09399572080295511,-1,0.09399572080295511
31.81,0,-0.09748365957048655,-1,0.09748365957048655
31.812,0,-0.1009720000559013,-1,0.1009720000559013
31.814,0,-0.1044606037868178,-1,0.1044606037868178
31.816,0,-0.1079493333900188,-1,0.1079493333900188
31.818,0,-0.1114380525848828,-1,0.1114380525848828
31.82,0,-0.1149266261768498,-1,0.1149266261768498
31.822,0,-0.1184149200509219,-1,0.1184149200509219
31.824,0,-0.1219028011651985,-1,0.1219028011651985
31.826,0,-0.1253901375444459,-1,0.1253901375444459
31.828,0,-0.1288767982737015,-1,0.1288767982737015
31.83,0,-0.1323626534919114,-1,0.1323626534919114
31.832,0,-0.1358475743856024,-1,0.1358475743856024
31.834,0,-0.1393314331825876,-1,0.1393314331825876
31.836,0,-0.1428141031457054,-1,0.1428141031457054
31.838,0,-0.1462954585665922,-1,0.1462954585665922
31.84,0,-0.1497753747594882,-1,0.1497753747594882
31.842,0,-0.1532537280550758,-1,0.1532537280550758
31.844,0,-0.1567303957943518,-1,0.1567303957943518
31.846,0,-0.1602052563225319,-1,0.1602052563225319
31.848,0,-0.1636781889829869,-1,0.1636781889829869
31.85,0,-0.1671490741112133,-1,0.1671490741112133
31.852,0,-0.170617793028834,-1,0.170617793028834
31.854,0,-0.1740842280376322,-1,0.1740842280376322
31.856,0,-0.1775482624136177,-1,0.1775482624136177
31.858,0,-0.1810097804011235,-1,0.1810097804011235
31.86,0,-0.1844686672069352,-1,0.1844686672069352
31.862,0,-0.1879248089944514,-1,0.1879248089944514
31.864,0,-0.1913780928778757,-1,0.1913780928778757
31.866,0,-0.1948284069164389,-1,0.1948284069164389
31.868,0,-0.1982756401086537,-1,0.1982756401086537
31.87,0,-0.2017196823865986,-1,0.2017196823865986
31.872,0,-0.2051604246102338,-1,0.2051604246102338
31.874,0,-0.2085977585617466,-1,0.2085977585617466
31.876,0,-0.2120315769399278,-1,0.2120315769399278
31.878,0,-0.2154617733545783,-1,0.2154617733545783
31.88,0,-0.218888242320945,-1,0.218888242320945
31.882,0,-0.2223108792541877,-1,0.2223108792541877
31.884,0,-0.2257295804638749,-1,0.2257295804638749
31.886,0,-0.2291442431485095,-1,0.2291442431485095
31.888,0,-0.232554765390084,-1,0.232554765390084
31.89,0,-0.2359610461486653,-1,0.2359610461486653
31.892,0,-0.2393629852570075,-1,0.2393629852570075
31.894,0,-0.2427604834151953,-1,0.2427604834151953
31.896,0,-0.2461534421853154,-1,0.2461534421853154
31.898,0,-0.2495417639861562,-1,0.2495417639861562
31.9,0,-0.2529253520879371,-1,0.2529253520879371
31.902,0,-0.2563041106070656,-1,0.2563041106070656
31.904,0,-0.2596779445009227,-1,0.2596779445009227
31.906,0,-0.2630467595626767,-1,0.2630467595626767
31.908,0,-0.2664104624161247,-1,0.2664104624161247
31.91,0,-0.2697689605105624,-1,0.2697689605105624
31.912,0,-0.2731221621156811,-1,0.2731221621156811
31.914,0,-0.2764699763164928,-1,0.2764699763164928
31.916,0,-0.2798123130082822,-1,0.2798123130082822
31.918,0,-0.2831490828915865,-1,0.2831490828915865
31.92,0,-0.2864801974672021,-1,0.2864801974672021
31.922,0,-0.2898055690312184,-1,0.2898055690312184
31.924,0,-0.2931251106700786,-1,0.2931251106700786
31.926,0,-0.2964387362556669,-1,0.2964387362556669
31.928,0,-0.2997463604404231,-1,0.2997463604404231
31.93,0,-0.3030478986524824,-1,0.3030478986524824
31.932,0,-0.3063432670908433,-1,0.3063432670908433
31.934,0,-0.3096323827205597,-1,0.3096323827205597
31.936,0,-0.3129151632679612,-1,0.3129151632679612
31.938,0,-0.3161915272158975,-1,0.3161915272158975
31.94,0,-0.31946139379901,-1,0.31946139379901
31.942,0,-0.3227246829990281,-1,0.3227246829990281
31.944,0,-0.3259813155400919,-1,0.3259813155400919
31.946,0,-0.3292312128840999,-1,0.3292312128840999
31.948,0,-0.3324742972260818,-1,0.3324742972260818
31.95,0,-0.3357104914895971,-1,0.3357104914895971
31.952,0,-0.3389397193221582,-1,0.3389397193221582
31.954,0,-0.3421619050906785,-1,0.3421619050906785
31.956,0,-0.345376973876946,-1,0.345376973876946
31.958,0,-0.3485848514731206,-1,0.3485848514731206
31.96,0,-0.3517854643772562,-1,0.3517854643772562
31.962,0,-0.354978739788848,-1,0.354978739788848
31.964,0,-0.3581646056044031,-1,0.3581646056044031
31.966,0,-0.3613429904130357,-1,0.3613429904130357
31.968,0,-0.3645138234920867,-1,0.3645138234920867
31.97,0,-0.3676770348027663,-1,0.3676770348027663
31.972,0,-0.3708325549858216,-1,0.3708325549858216
31.974,0,-0.3739803153572272,-1,0.3739803153572272
31.976,0,-0.3771202479038991,-1,0.3771202479038991
31.978,0,-0.3802522852794331,-1,0.3802522852794331
31.98,0,-0.383376360799865,-1,0.383376360799865
31.982,0,-0.3864924084394558,-1,0.3864924084394558
31.984,0,-0.3896003628264987,-1,0.3896003628264987
31.986,0,-0.3927001592391493,-1,0.3927001592391493
31.988,0,-0.3957917336012793,-1,0.3957917336012793
31.99,0,-0.398875022478352,-1,0.398875022478352
31.992,0,-0.4019499630733216,-1,0.4019499630733216
31.994,0,-0.4050164932225535,-1,0.4050164932225535
31.996,0,-0.4080745513917687,-1,0.4080745513917687
31.998,0,-0.4111240766720093,-1,0.4111240766720093
32,0,-0.4141650087756263,-1,0.4141650087756263
32.002,0,-0.4171972880322903,-1,0.4171972880322903
32.004,0,-0.420220855385023,-1,0.420220855385023
32.006,0,-0.4232356523862513,-1,0.4232356523862513
32.008,0,-0.4262416211938831,-1,0.4262416211938831
32.01,0,-0.4292387045674044,-1,0.4292387045674044
32.012,0,-0.4322268458639981,-1,0.4322268458639981
32.014,0,-0.4352059890346842,-1,0.4352059890346842
32.016,0,-0.438176078620481,-1,0.438176078620481
32.018,0,-0.4411370597485881,-1,0.4411370597485881
32.02,0,-0.4440888781285902,-1,0.4440888781285902
32.022,0,-0.4470314800486813,-1,0.4470314800486813
32.024,0,-0.4499648123719106,-1,0.4499648123719106
32.026,0,-0.4528888225324487,-1,0.4528888225324487
32.028,0,-0.4558034585318747,-1,0.4558034585318747
32.03,0,-0.4587086689354835,-1,0.4587086689354835
32.032,0,-0.4616044028686137,-1,0.4616044028686137
32.034,0,-0.4644906100129961,-1,0.4644906100129961
32.036,0,-0.4673672406031221,-1,0.4673672406031221
32.038,0,-0.4702342454226323,-1,0.4702342454226323
32.04,0,-0.473091575800725,-1,0.473091575800725
32.042,0,-0.4759391836085852,-1,0.4759391836085852
32.044,0,-0.4787770212558325,-1,0.4787770212558325
32.046,0,-0.4816050416869896,-1,0.4816050416869896
32.048,0,-0.4844231983779698,-1,0.4844231983779698
32.05,0,-0.4872314453325843,-1,0.4872314453325843
32.052,0,-0.4900297370790688,-1,0.4900297370790688
32.054,0,-0.4928180286666297,-1,0.4928180286666297
32.056,0,-0.4955962756620093,-1,0.4955962756620093
32.058,0,-0.4983644341460696,-1,0.4983644341460696
32.06,0,-0.5011224607103966,-1,0.5011224607103966
32.062,0,-0.5038703124539214,-1,0.5038703124539214
32.064,0,-0.5066079469795626,-1,0.5066079469795626
32.066,0,-0.5093353223908847,-1,0.5093353223908847
32.068,0,-0.5120523972887782,-1,0.5120523972887782
32.07,0,-0.5147591307681549,-1,0.5147591307681549
32.072,0,-0.5174554824146649,-1,0.5174554824146649
32.074,0,-0.5201414123014293,-1,0.5201414123014293
32.076,0,-0.5228168809857929,-1,0.5228168809857929
32.078,0,-0.5254818495060941,-1,0.5254818495060941
32.08,0,-0.5281362793784534,-1,0.5281362793784534
32.082,0,-0.5307801325935795,-1,0.5307801325935795
32.084,0,-0.5334133716135936,-1,0.5334133716135936
32.086,0,-0.5360359593688714,-1,0.5360359593688714
32.088,0,-0.5386478592549026,-1,0.5386478592549026
32.09,0,-0.541249035129168,-1,0.541249035129168
32.092,0,-0.543839451308035,-1,0.543839451308035
32.094,0,-0.546419072563669,-1,0.546419072563669
32.096,0,-0.5489878641209632,-1,0.5489878641209632
32.098,0,-0.5515457916544859,-1,0.5515457916544859
32.1,0,-0.5540928212854438,-1,0.5540928212854438
32.102,0,-0.5566289195786632,-1,0.5566289195786632
32.104,0,-0.5591540535395884,-1,0.5591540535395884
32.106,0,-0.5616681906112961,-1,0.5616681906112961
32.108,0,-0.5641712986715277,-1,0.5641712986715277
32.11,0,-0.5666633460297373,-1,0.5666633460297373
32.112,0,-0.569144301424157,-1,0.569144301424157
32.114,0,-0.5716141340188783,-1,0.5716141340188783
32.116,0,-0.5740728134009508,-1,0.5740728134009508
32.118,0,-0.5765203095774962,-1,0.5765203095774962
32.12,0,-0.5789565929728391,-1,0.5789565929728391
32.122,0,-0.5813816344256543,-1,0.5813816344256543
32.124,0,-0.5837954051861297,-1,0.5837954051861297
32.126,0,-0.5861978769131457,-1,0.5861978769131457
32.128,0,-0.5885890216714703,-1,0.5885890216714703
32.13,0,-0.5909688119289698,-1,0.5909688119289698
32.132,0,-0.5933372205538361,-1,0.5933372205538361
32.134,0,-0.595694220811829,-1,0.595694220811829
32.136,0,-0.5980397863635344,-1,0.5980397863635344
32.138,0,-0.6003738912616381,-1,0.6003738912616381
32.14,0,-0.6026965099482151,-1,0.6026965099482151
32.142,0,-0.605007617252034,-1,0.605007617252034
32.144,0,-0.6073071883858771,-1,0.6073071883858771
32.146,0,-0.6095951989438753,-1,0.6095951989438753
32.148,0,-0.6118716248988587,-1,0.6118716248988587
32.15,0,-0.6141364425997221,-1,0.6141364425997221
32.152,0,-0.6163896287688049,-1,0.6163896287688049
32.154,0,-0.6186311604992869,-1,0.6186311604992869
32.156,0,-0.6208610152525982,-1,0.6208610152525982
32.158,0,-0.6230791708558441,-1,0.6230791708558441
32.16,0,-0.6252856054992448,-1,0.6252856054992448
32.162,0,-0.62748029773359,-1,0.62748029773359
32.164,0,-0.6296632264677069,-1,0.6296632264677069
32.166,0,-0.6318343709659441,-1,0.6318343709659441
32.168,0,-0.6339937108456688,-1,0.6339937108456688
32.17,0,-0.636141226074779,-1,0.636141226074779
32.172,0,-0.6382768969692296,-1,0.6382768969692296
32.174,0,-0.6404007041905728,-1,0.6404007041905728
32.176,0,-0.6425126287435123,-1,0.6425126287435123
32.178,0,-0.6446126519734721,-1,0.6446126519734721
32.18,0,-0.6467007555641785,-1,0.6467007555641785
32.182,0,-0.6487769215352567,-1,0.6487769215352567
32.184,0,-0.6508411322398407,-1,0.6508411322398407
32.186,0,-0.6528933703621973,-1,0.6528933703621973
32.188,0,-0.6549336189153632,-1,0.6549336189153632
32.19,0,-0.6569618612387962,-1,0.6569618612387962
32.192,0,-0.6589780809960399,-1,0.6589780809960399
32.194,0,-0.6609822621724017,-1,0.6609822621724017
32.196,0,-0.6629743890726438,-1,0.6629743890726438
32.198,0,-0.6649544463186883,-1,0.6649544463186883
32.2,0,-0.6669224188473348,-1,0.6669224188473348
32.202,0,-0.6688782919079919,-1,0.6688782919079919
32.204,0,-0.6708220510604207,-1,0.6708220510604207
32.206,0,-0.6727536821724927,-1,0.6727536821724927
32.208,0,-0.6746731714179595,-1,0.6746731714179595
32.21,0,-0.6765805052742361,-1,0.6765805052742361
32.212,0,-0.6784756705201967,-1,0.6784756705201967
32.214,0,-0.6803586542339836,-1,0.6803586542339836
32.216,0,-0.6822294437908276,-1,0.6822294437908276
32.218,0,-0.6840880268608833,-1,0.6840880268608833
32.22,0,-0.6859343914070747,-1,0.6859343914070747
32.222,0,-0.6877685256829543,-1,0.6877685256829543
32.224,0,-0.6895904182305751,-1,0.6895904182305751
32.226,0,-0.6914000578783736,-1,0.6914000578783736
32.228,0,-0.6931974337390665,-1,0.6931974337390665
32.23,0,-0.6949825352075589,-1,0.6949825352075589
32.232,0,-0.6967553519588647,-1,0.6967553519588647
32.234,0,-0.6985158739460392,-1,0.6985158739460392
32.236,0,-0.7002640913981237,-1,0.7002640913981237
32.238,0,-0.7019999948181025,-1,0.7019999948181025
32.24,0,-0.7037235749808709,-1,0.7037235749808709
32.242,0,-0.7054348229312162,-1,0.7054348229312162
32.244,0,-0.7071337299818092,-1,0.7071337299818092
32.246,0,-0.708820287711209,-1,0.708820287711209
32.248,0,-0.7104944879618775,-1,0.7104944879618775
32.25,0,-0.7121563228382076,-1,0.7121563228382076
32.252,0,-0.7138057847045614,-1,0.7138057847045614
32.254,0,-0.7154428661833203,-1,0.7154428661833203
32.256,0,-0.7170675601529474,-1,0.7170675601529474
32.258,0,-0.7186798597460595,-1,0.7186798597460595
32.26,0,-0.7202797583475123,-1,0.7202797583475123
32.262,0,-0.7218672495924955,-1,0.7218672495924955
32.264,0,-0.7234423273646394,-1,0.7234423273646394
32.266,0,-0.7250049857941333,-1,0.7250049857941333
32.268,0,-0.726555219255854,-1,0.726555219255854
32.27,0,-0.7280930223675058,-1,0.7280930223675058
32.272,0,-0.7296183899877718,-1,0.7296183899877718
32.274,0,-0.7311313172144751,-1,0.7311313172144751
32.276,0,-0.7326317993827519,-1,0.7326317993827519
32.278,0,-0.7341198320632347,-1,0.7341198320632347
32.28,0,-0.7355954110602464,-1,0.7355954110602464
32.282,0,-0.7370585324100053,-1,0.7370585324100053
32.284,0,-0.7385091923788403,-1,0.7385091923788403
32.286,0,-0.7399473874614169,-1,0.7399473874614169
32.288,0,-0.7413731143789737,-1,0.7413731143789737
32.29,0,-0.7427863700775693,-1,0.7427863700775693
32.292,0,-0.7441871517263398,-1,0.7441871517263398
32.294,0,-0.7455754567157656,-1,0.7455754567157656
32.296,0,-0.7469512826559506,-1,0.7469512826559506
32.298,0,-0.7483146273749089,-1,0.7483146273749089
32.3,0,-0.7496654889168645,-1,0.7496654889168645
32.302,0,-0.7510038655405582,-1,0.7510038655405582
32.304,0,-0.7523297557175673,-1,0.7523297557175673
32.306,0,-0.7536431581306335,-1,0.7536431581306335
32.308,0,-0.7549440716720014,-1,0.7549440716720014
32.31,0,-0.7562324954417665,-1,0.7562324954417665
32.312,0,-0.7575084287462343,-1,0.7575084287462343
32.314,0,-0.758771871096287,-1,0.758771871096287
32.316,0,-0.7600228222057621,-1,0.7600228222057621
32.318,0,-0.7612612819898398,-1,0.7612612819898398
32.32,0,-0.7624872505634392,-1,0.7624872505634392
32.322,0,-0.7637007282396262,-1,0.7637007282396262
32.324,0,-0.7649017155280283,-1,0.7649017155280283
32.326,0,-0.7660902131332614,-1,0.7660902131332614
32.328,0,-0.7672662219533642,-1,0.7672662219533642
32.33,0,-0.768429743078243,-1,0.768429743078243
32.332,0,-0.7695807777881252,-1,0.7695807777881252
32.334,0,-0.7707193275520229,-1,0.7707193275520229
32.336,0,-0.7718453940262047,-1,0.7718453940262047
32.338,0,-0.7729589790526776,-1,0.7729589790526776
32.34,0,-0.7740600846576776,-1,0.7740600846576776
32.342,0,-0.7751487130501692,-1,0.7751487130501692
32.344,0,-0.7762248666203546,-1,0.7762248666203546
32.346,0,-0.7772885479381912,-1,0.7772885479381912
32.348,0,-0.7783397597519185,-1,0.7783397597519185
32.35,0,-0.7793785049865936,-1,0.7793785049865936
32.352,0,-0.7804047867426356,-1,0.7804047867426356
32.354,0,-0.7814186082943794,-1,0.7814186082943794
32.356,0,-0.7824199730886372,-1,0.7824199730886372
32.358,0,-0.7834088847432694,-1,0.7834088847432694
32.36,0,-0.7843853470457642,-1,0.7843853470457642
32.362,0,-0.7853493639518255,-1,0.7853493639518255
32.364,0,-0.7863009395839694,-1,0.7863009395839694
32.366,0,-0.7872400782301295,-1,0.7872400782301295
32.368,0,-0.7881667843422705,-1,0.7881667843422705
32.37,0,-0.78908106253501,-1,0.78908106253501
32.372,0,-0.7899829175842492,-1,0.7899829175842492
32.374,0,-0.7908723544258117,-1,0.7908723544258117
32.376,0,-0.7917493781540903,-1,0.7917493781540903
32.378,0,-0.7926139940207024,-1,0.7926139940207024
32.38,0,-0.793466207433154,-1,0.793466207433154
32.382,0,-0.7943060239535105,-1,0.7943060239535105
32.384,0,-0.7951334492970772,-1,0.7951334492970772
32.386,0,-0.7959484893310871,-1,0.7959484893310871
32.388,0,-0.7967511500733966,-1,0.7967511500733966
32.39,0,-0.7975414376911896,-1,0.7975414376911896
32.392,0,-0.7983193584996893,-1,0.7983193584996893
32.394,0,-0.799084918960878,-1,0.799084918960878
32.396,0,-0.7998381256822247,-1,0.7998381256822247
32.398,0,-0.8005789854154205,-1,0.8005789854154205
32.4,0,-0.8013075050551219,-1,0.8013075050551219
32.402,0,-0.802023691637702,-1,0.802023691637702
32.404,0,-0.8027275523400086,-1,0.8027275523400086
32.406,0,-0.803419094478131,-1,0.803419094478131
32.408,0,-0.8040983255061737,-1,0.8040983255061737
32.41,0,-0.8047652530150379,-1,0.8047652530150379
32.412,0,-0.8054198847312106,-1,0.8054198847312106
32.414,0,-0.8060622285155612,-1,0.8060622285155612
32.416,0,-0.8066922923621452,-1,0.8066922923621452
32.418,0,-0.8073100843970158,-1,0.8073100843970158
32.42,0,-0.8079156128770424,-1,0.8079156128770424
32.422,0,-0.808508886188737,-1,0.808508886188737
32.424,0,-0.809089912847087,-1,0.809089912847087
32.426,0,-0.8096587014943966,-1,0.8096587014943966
32.428,0,-0.8102152608991338,-1,0.8102152608991338
32.43,0,-0.810759599954786,-1,0.810759599954786
32.432,0,-0.8112917276787216,-1,0.8112917276787216
32.434,0,-0.8118116532110595,-1,0.8118116532110595
32.436,0,-0.8123193858135455,-1,0.8123193858135455
32.438,0,-0.812814934868435,-1,0.812814934868435
32.44,0,-0.8132983098773841,-1,0.8132983098773841
32.442,0,-0.8137695204603458,-1,0.8137695204603458
32.444,0,-0.8142285763544749,-1,0.8142285763544749
32.446,0,-0.8146754874130386,-1,0.8146754874130386
32.448,0,-0.8151102636043345,-1,0.8151102636043345
32.45,0,-0.8155329150106145,-1,0.8155329150106145
32.452,0,-0.8159434518270173,-1,0.8159434518270173
32.454,0,-0.8163418843605054,-1,0.8163418843605054
32.456,0,-0.8167282230288101,-1,0.8167282230288101
32.458,0,-0.8171024783593832,-1,0.8171024783593832
32.46,0,-0.8174646609883548,-1,0.8174646609883548
32.462,0,-0.8178147816594975,-1,0.8178147816594975
32.464,0,-0.818152851223198,-1,0.818152851223198
32.466,0,-0.8184788806354343,-1,0.8184788806354343
32.468,0,-0.8187928809567599,-1,0.8187928809567599
32.47,0,-0.8190948633512944,-1,0.8190948633512944
32.472,0,-0.8193848390857201,-1,0.8193848390857201
32.474,0,-0.8196628195282852,-1,0.8196628195282852
32.476,0,-0.8199288161478138,-1,0.8199288161478138
32.478,0,-0.8201828405127212,-1,0.8201828405127212
32.48,0,-0.8204249042900362,-1,0.8204249042900362
32.482,0,-0.8206550192444296,-1,0.8206550192444296
32.484,0,-0.8208731972372485,-1,0.8208731972372485
32.486,0,-0.8210794502255567,-1,0.8210794502255567
32.488,0,-0.8212737902611822,-1,0.8212737902611822
32.49,0,-0.8214562294897692,-1,0.8214562294897692
32.492,0,-0.8216267801498375,-1,0.8216267801498375
32.494,0,-0.8217854545718475,-1,0.8217854545718475
32.496,0,-0.8219322651772708,-1,0.8219322651772708
32.498,0,-0.8220672244776672,-1,0.8220672244776672
32.5,0,-0.8221903450737676,-1,0.8221903450737676
32.502,0,-0.8223016396545625,-1,0.8223016396545625
32.504,0,-0.8224011209963965,-1,0.8224011209963965
32.506,0,-0.8224888019620687,-1,0.8224888019620687
32.508,0,-0.8225646954999393,-1,0.8225646954999393
32.51,0,-0.8226288146430405,-1,0.8226288146430405
32.512,0,-0.8226811725081949,-1,0.8226811725081949
32.514,0,-0.8227217822951389,-1,0.8227217822951389
32.516,0,-0.8227506572856511,-1,0.8227506572856511
32.518,0,-0.8227678108426872,-1,0.8227678108426872
32.52,0,-0.8227732564095205,-1,0.8227732564095205
32.522,0,-0.8227670075088871,-1,0.8227670075088871
32.524,0,-0.8227490777421378,-1,0.8227490777421378
32.526,0,-0.8227194807883946,-1,0.8227194807883946
32.528,0,-0.8226782304037132,-1,0.8226782304037132
32.53,0,-0.8226253404202507,-1,0.8226253404202507
32.532,0,-0.8225608247454387,-1,0.8225608247454387
32.534,0,-0.8224846973611619,-1,0.8224846973611619
32.536,0,-0.8223969723229423,-1,0.8223969723229423
32.538,0,-0.8222976637591279,-1,0.8222976637591279
32.54,0,-0.822186785870088,-1,0.822186785870088
32.542,0,-0.8220643529274123,-1,0.8220643529274123
32.544,0,-0.8219303792731166,-1,0.8219303792731166
32.546,0,-0.8217848793188527,-1,0.8217848793188527
32.548,0,-0.8216278675451237,-1,0.8216278675451237
32.55,0,-0.8214593585005053,-1,0.8214593585005053
32.552,0,-0.821279366800871,-1,0.821279366800871
32.554,0,-0.8210879071286229,-1,0.8210879071286229
32.556,0,-0.8208849942319281,-1,0.8208849942319281
32.558,0,-0.820670642923959,-1,0.820670642923959
32.56,0,-0.8204448680821398,-1,0.8204448680821398
32.562,0,-0.8202076846473972,-1,0.8202076846473972
32.564,0,-0.8199591076234166,-1,0.8199591076234166
32.566,0,-0.8196991520759023,-1,0.8196991520759023
32.568,0,-0.8194278331318438,-1,0.8194278331318438
32.57,0,-0.8191451659787863,-1,0.8191451659787863
32.572,0,-0.818851165864106,-1,0.818851165864106
32.574,0,-0.8185458480942907,-1,0.8185458480942907
32.576,0,-0.8182292280342243,-1,0.8182292280342243
32.578,0,-0.8179013211064772,-1,0.8179013211064772
32.58,0,-0.8175621427906006,-1,0.8175621427906006
32.582,0,-0.8172117086224258,-1,0.8172117086224258
32.584,0,-0.8168500341933682,-1,0.8168500341933682
32.586,0,-0.8164771351497362,-1,0.8164771351497362
32.588,0,-0.8160930271920438,-1,0.8160930271920438
32.59,0,-0.8156977260743292,-1,0.8156977260743292
32.592,0,-0.8152912476034769,-1,0.8152912476034769
32.594,0,-0.8148736076385447,-1,0.8148736076385447
32.596,0,-0.8144448220900953,-1,0.8144448220900953
32.598,0,-0.8140049069195323,-1,0.8140049069195323
32.6,0,-0.813553878138441,-1,0.813553878138441
32.602,0,-0.8130917518079331,-1,0.8130917518079331
32.604,0,-0.812618544037996,-1,0.812618544037996
32.606,0,-0.8121342709868472,-1,0.8121342709868472
32.608,0,-0.8116389488602918,-1,0.8116389488602918
32.61,0,-0.8111325939110853,-1,0.8111325939110853
32.612,0,-0.8106152224383009,-1,0.8106152224383009
32.614,0,-0.8100868507867002,-1,0.8100868507867002
32.616,0,-0.8095474953461088,-1,0.8095474953461088
32.618,0,-0.8089971725507962,-1,0.8089971725507962
32.62,0,-0.8084358988788594,-1,0.8084358988788594
32.622,0,-0.8078636908516115,-1,0.8078636908516115
32.624,0,-0.807280565032974,-1,0.807280565032974
32.626,0,-0.8066865380288729,-1,0.8066865380288729
32.628,0,-0.8060816264866399,-1,0.8060816264866399
32.63,0,-0.805465847094417,-1,0.805465847094417
32.632,0,-0.8048392165805652,-1,0.8048392165805652
32.634,0,-0.8042017517130777,-1,0.8042017517130777
32.636,0,-0.8035534692989967,-1,0.8035534692989967
32.638,0,-0.8028943861838345,-1,0.8028943861838345
32.64,0,-0.8022245192509985,-1,0.8022245192509985
32.642,0,-0.8015438854212202,-1,0.8015438854212202
32.644,0,-0.8008525016519883,-1,0.8008525016519883
32.646,0,-0.8001503849369852,-1,0.8001503849369852
32.648,0,-0.7994375523055282,-1,0.7994375523055282
32.65,0,-0.7987140208220137,-1,0.7987140208220137
32.652,0,-0.7979798075853664,-1,0.7979798075853664
32.654,0,-0.7972349297284911,-1,0.7972349297284911
32.656,0,-0.7964794044177291,-1,0.7964794044177291
32.658,0,-0.7957132488523185,-1,0.7957132488523185
32.66,0,-0.7949364802638575,-1,0.7949364802638575
32.662,0,-0.7941491159157723,-1,0.7941491159157723
32.664,0,-0.7933511731027881,-1,0.7933511731027881
32.666,0,-0.7925426691504044,-1,0.7925426691504044
32.668,0,-0.7917236214143734,-1,0.7917236214143734
32.67,0,-0.7908940472801825,-1,0.7908940472801825
32.672,0,-0.7900539641625407,-1,0.7900539641625407
32.674,0,-0.7892033895048672,-1,0.7892033895048672
32.676,0,-0.7883423407787858,-1,0.7883423407787858
32.678,0,-0.7874708354836211,-1,0.7874708354836211
32.68,0,-0.7865888911458988,-1,0.7865888911458988
32.682,0,-0.7856965253188501,-1,0.7856965253188501
32.684,0,-0.7847937555819191,-1,0.7847937555819191
32.686,0,-0.7838805995402733,-1,0.7838805995402733
32.688,0,-0.7829570748243189,-1,0.7829570748243189
32.69,0,-0.7820231990892176,-1,0.7820231990892176
32.692,0,-0.7810789900144093,-1,0.7810789900144093
32.694,0,-0.7801244653031358,-1,0.7801244653031358
32.696,0,-0.7791596426819699,-1,0.7791596426819699
32.698,0,-0.7781845399003463,-1,0.7781845399003463
32.7,0,-0.7771991747300968,-1,0.7771991747300968
32.702,0,-0.7762035649649889,-1,0.7762035649649889
32.704,0,-0.7751977284202671,-1,0.7751977284202671
32.706,0,-0.7741816829321981,-1,0.7741816829321981
32.708,0,-0.7731554463576189,-1,0.7731554463576189
32.71,0,-0.7721190365734882,-1,0.7721190365734882
32.712,0,-0.7710724714764418,-1,0.7710724714764418
32.714,0,-0.7700157689823496,-1,0.7700157689823496
32.716,0,-0.7689489470258778,-1,0.7689489470258778
32.718,0,-0.7678720235600529,-1,0.7678720235600529
32.72,0,-0.7667850165558291,-1,0.7667850165558291
32.722,0,-0.7656879440016594,-1,0.7656879440016594
32.724,0,-0.7645808239030694,-1,0.7645808239030694
32.726,0,-0.7634636742822342,-1,0.7634636742822342
32.728,0,-0.7623365131775587,-1,0.7623365131775587
32.73,0,-0.7611993586432608,-1,0.7611993586432608
32.732,0,-0.7600522287489576,-1,0.7600522287489576
32.734,0,-0.7588951415792549,-1,0.7588951415792549
32.736,0,-0.7577281152333391,-1,0.7577281152333391
32.738,0,-0.7565511678245732,-1,0.7565511678245732
32.74,0,-0.7553643174800949,-1,0.7553643174800949
32.742,0,-0.754167582340418,-1,0.754167582340418
32.744,0,-0.7529609805590366,-1,0.7529609805590366
32.746,0,-0.7517445303020326,-1,0.7517445303020326
32.748,0,-0.7505182497476857,-1,0.7505182497476857
32.75,0,-0.7492821570860866,-1,0.7492821570860866
32.752,0,-0.7480362705187532,-1,0.7480362705187532
32.754,0,-0.7467806082582491,-1,0.7467806082582491
32.756,0,-0.7455151885278055,-1,0.7455151885278055
32.758,0,-0.744240029560946,-1,0.744240029560946
32.76,0,-0.7429551496011139,-1,0.7429551496011139
32.762,0,-0.741660566901302,-1,0.741660566901302
32.764,0,-0.7403562997236864,-1,0.7403562997236864
32.766,0,-0.7390423663392619,-1,0.7390423663392619
32.768,0,-0.7377187850274805,-1,0.7377187850274805
32.77,0,-0.7363855740758924,-1,0.7363855740758924
32.772,0,-0.7350427517797912,-1,0.7350427517797912
32.774,0,-0.7336903364418591,-1,0.7336903364418591
32.776,0,-0.7323283463718175,-1,0.7323283463718175
32.778,0,-0.7309567998860788,-1,0.7309567998860788
32.78,0,-0.7295757153074008,-1,0.7295757153074008
32.782,0,-0.7281851109645449,-1,0.7281851109645449
32.784,0,-0.7267850051919353,-1,0.7267850051919353
32.786,0,-0.7253754163293226,-1,0.7253754163293226
32.788,0,-0.7239563627214483,-1,0.7239563627214483
32.79,0,-0.7225278627177131,-1,0.7225278627177131
32.792,0,-0.7210899346718473,-1,0.7210899346718473
32.794,0,-0.7196425969415841,-1,0.7196425969415841
32.796,0,-0.7181858678883343,-1,0.7181858678883343
32.798,0,-0.7167197658768653,-1,0.7167197658768653
32.8,0,-0.7152443092749813,-1,0.7152443092749813
32.802,0,-0.7137595164532063,-1,0.7137595164532063
32.804,0,-0.71226540578447,-1,0.71226540578447
32.806,0,-0.7107619956437953,-1,0.7107619956437953
32.808,0,-0.7092493044079894,-1,0.7092493044079894
32.81,0,-0.7077273504553363,-1,0.7077273504553363
32.812,0,-0.7061961521652925,-1,0.7061961521652925
32.814,0,-0.7046557279181843,-1,0.7046557279181843
32.816,0,-0.7031060960949085,-1,0.7031060960949085
32.818,0,-0.7015472750766344,-1,0.7015472750766344
32.82,0,-0.6999792832445091,-1,0.6999792832445091
32.822,0,-0.6984021389793645,-1,0.6984021389793645
32.824,0,-0.6968158606614273,-1,0.6968158606614273
32.826,0,-0.6952204666700302,-1,0.6952204666700302
32.828,0,-0.6936159753833269,-1,0.6936159753833269
32.83,0,-0.6920024051780079,-1,0.6920024051780079
32.832,0,-0.69037977442902,-1,0.69037977442902
32.834,0,-0.6887481015092869,-1,0.6887481015092869
32.836,0,-0.6871074047894326,-1,0.6871074047894326
32.838,0,-0.685457702637507,-1,0.685457702637507
32.84,0,-0.6837990134187141,-1,0.6837990134187141
32.842,0,-0.6821313554951411,-1,0.6821313554951411
32.844,0,-0.6804547472254916,-1,0.6804547472254916
32.846,0,-0.6787692069648191,-1,0.6787692069648191
32.848,0,-0.6770747530642643,-1,0.6770747530642643
32.85,0,-0.6753714038707935,-1,0.6753714038707935
32.852,0,-0.6736591777269395,-1,0.6736591777269395
32.854,0,-0.6719380929705445,-1,0.6719380929705445
32.856,0,-0.6702081679345057,-1,0.6702081679345057
32.858,0,-0.668469420946522,-1,0.668469420946522
32.86,0,-0.6667218703288434,-1,0.6667218703288434
32.862,0,-0.6649655343980232,-1,0.6649655343980232
32.864,0,-0.6632004314646703,-1,0.6632004314646703
32.866,0,-0.6614265798332057,-1,0.6614265798332057
32.868,0,-0.6596439978016196,-1,0.6596439978016196
32.87,0,-0.6578527036612313,-1,0.6578527036612313
32.872,0,-0.6560527156964507,-1,0.6560527156964507
32.874,0,-0.6542440521845423,-1,0.6542440521845423
32.876,0,-0.6524267313953902,-1,0.6524267313953902
32.878,0,-0.6506007715912665,-1,0.6506007715912665
32.88,0,-0.6487661910266004,-1,0.6487661910266004
32.882,0,-0.6469230079477502,-1,0.6469230079477502
32.884,0,-0.6450712405927763,-1,0.6450712405927763
32.886,0,-0.6432109071912173,-1,0.6432109071912173
32.888,0,-0.6413420259638668,-1,0.6413420259638668
32.89,0,-0.6394646151225531,-1,0.6394646151225531
32.892,0,-0.6375786928699205,-1,0.6375786928699205
32.894,0,-0.635684277399212,-1,0.635684277399212
32.896,0,-0.6337813868940544,-1,0.6337813868940544
32.898,0,-0.6318700395282454,-1,0.6318700395282454
32.9,0,-0.629950253465542,-1,0.629950253465542
32.902,0,-0.6280220468594512,-1,0.6280220468594512
32.904,0,-0.6260854378530224,-1,0.6260854378530224
32.906,0,-0.6241404445786416,-1,0.6241404445786416
32.908,0,-0.6221870851578272,-1,0.6221870851578272
32.91,0,-0.6202253777010279,-1,0.6202253777010279
32.912,0,-0.6182553403074226,-1,0.6182553403074226
32.914,0,-0.6162769910647213,-1,0.6162769910647213
32.916,0,-0.6142903480489686,-1,0.6142903480489686
32.918,0,-0.6122954293243483,-1,0.6122954293243483
32.92,0,-0.6102922529429903,-1,0.6102922529429903
32.922,0,-0.6082808369447787,-1,0.6082808369447787
32.924,0,-0.6062611993571623,-1,0.6062611993571623
32.926,0,-0.6042333581949657,-1,0.6042333581949657
32.928,0,-0.6021973314602037,-1,0.6021973314602037
32.93,0,-0.6001531371418957,-1,0.6001531371418957
32.932,0,-0.5981007932158828,-1,0.5981007932158828
32.934,0,-0.5960403176446469,-1,0.5960403176446469
32.936,0,-0.5939717283771301,-1,0.5939717283771301
32.938,0,-0.5918950433485567,-1,0.5918950433485567
32.94,0,-0.5898102804802572,-1,0.5898102804802572
32.942,0,-0.587717457679493,-1,0.587717457679493
32.944,0,-0.5856165928392831,-1,0.5856165928392831
32.946,0,-0.5835077038382326,-1,0.5835077038382326
32.948,0,-0.5813908085403625,-1,0.5813908085403625
32.95,0,-0.5792659247949414,-1,0.5792659247949414
32.952,0,-0.5771330704363185,-1,0.5771330704363185
32.954,0,-0.5749922632837581,-1,0.5749922632837581
32.956,0,-0.5728435211412761,-1,0.5728435211412761
32.958,0,-0.5706868617974779,-1,0.5706868617974779
32.96,0,-0.5685223030253971,-1,0.5685223030253971
32.962,0,-0.5663498625823369,-1,0.5663498625823369
32.964,0,-0.5641695582097124,-1,0.5641695582097124
32.966,0,-0.5619814076328941,-1,0.5619814076328941
32.968,0,-0.5597854285610535,-1,0.5597854285610535
32.97,0,-0.5575816386870104,-1,0.5575816386870104
32.972,0,-0.5553700556870803,-1,0.5553700556870803
32.974,0,-0.553150697220925,-1,0.553150697220925
32.976,0,-0.5509235809314036,-1,0.5509235809314036
32.978,0,-0.5486887244444251,-1,0.5486887244444251
32.98,0,-0.5464461453688028,-1,0.5464461453688028
32.982,0,-0.5441958612961098,-1,0.5441958612961098
32.984,0,-0.5419378898005359,-1,0.5419378898005359
32.986,0,-0.5396722484387464,-1,0.5396722484387464
32.988,0,-0.5373989547497415,-1,0.5373989547497415
32.99,0,-0.535118026254718,-1,0.535118026254718
32.992,0,-0.5328294804569317,-1,0.5328294804569317
32.994,0,-0.5305333348415611,-1,0.5305333348415611
32.996,0,-0.5282296068755734,-1,0.5282296068755734
32.998,0,-0.525918314007591,-1,0.525918314007591
33,0,-0.5235994736677597,-1,0.5235994736677597
33.002,0,-0.5212731032676178,-1,0.5212731032676178
33.004,0,-0.5189392201999672,-1,0.5189392201999672
33.006,0,-0.5165978418387456,-1,0.5165978418387456
33.008,0,-0.5142489855388996,-1,0.5142489855388996
33.01,0,-0.51189266863626,-1,0.51189266863626
33.012,0,-0.5095289084474172,-1,0.5095289084474172
33.014,0,-0.5071577222695988,-1,0.5071577222695988
33.016,0,-0.5047791273805484,-1,0.5047791273805484
33.018,0,-0.5023931410384055,-1,0.5023931410384055
33.02,0,-0.4999997804815864,-1,0.4999997804815864
33.022,0,-0.497599062928667,-1,0.497599062928667
33.024,0,-0.4951910055782662,-1,0.4951910055782662
33.026,0,-0.4927756256089308,-1,0.4927756256089308
33.028,0,-0.4903529401790221,-1,0.4903529401790221
33.03,0,-0.4879229664266028,-1,0.4879229664266028
33.032,0,-0.4854857214693261,-1,0.4854857214693261
33.034,0,-0.4830412224043249,-1,0.4830412224043249
33.036,0,-0.4805894863081036,-1,0.4805894863081036
33.038,0,-0.4781305302364299,-1,0.4781305302364299
33.04,0,-0.4756643712242281,-1,0.4756643712242281
33.042,0,-0.473191026285474,-1,0.473191026285474
33.044,0,-0.4707105124130908,-1,0.4707105124130908
33.046,0,-0.4682228465788454,-1,0.4682228465788454
33.048,0,-0.4657280457332475,-1,0.4657280457332475
33.05,0,-0.4632261268054478,-1,0.4632261268054478
33.052,0,-0.4607171067031391,-1,0.4607171067031391
33.054,0,-0.4582010023124578,-1,0.4582010023124578
33.056,0,-0.455677830497886,-1,0.455677830497886
33.058,0,-0.4531476081021562,-1,0.4531476081021562
33.06,0,-0.4506103519461553,-1,0.4506103519461553
33.062,0,-0.4480660788288311,-1,0.4480660788288311
33.064,0,-0.4455148055270993,-1,0.4455148055270993
33.066,0,-0.4429565487957518,-1,0.4429565487957518
33.068,0,-0.4403913253673657,-1,0.4403913253673657
33.07,0,-0.4378191519522139,-1,0.4378191519522139
33.072,0,-0.4352400452381764,-1,0.4352400452381764
33.074,0,-0.432654021890653,-1,0.432654021890653
33.076,0,-0.4300610985524764,-1,0.4300610985524764
33.078,0,-0.4274612918438274,-1,0.4274612918438274
33.08,0,-0.4248546183621498,-1,0.4248546183621498
33.082,0,-0.4222410946820679,-1,0.4222410946820679
33.084,0,-0.4196207373553035,-1,0.4196207373553035
33.086,0,-0.4169935629105949,-1,0.4169935629105949
33.088,0,-0.4143595878536167,-1,0.4143595878536167
33.09,0,-0.4117188286669003,-1,0.4117188286669003
33.092,0,-0.4090713018097561,-1,0.4090713018097561
33.094,0,-0.4064170237181957,-1,0.4064170237181957
33.096,0,-0.4037560108048557,-1,0.4037560108048557
33.098,0,-0.4010882794589227,-1,0.4010882794589227
33.1,0,-0.398413846046059,-1,0.398413846046059
33.102,0,-0.3957327269083286,-1,0.3957327269083286
33.104,0,-0.3930449383641257,-1,0.3930449383641257
33.106,0,-0.3903504967081025,-1,0.3903504967081025
33.108,0,-0.3876494182110992,-1,0.3876494182110992
33.11,0,-0.384941719120074,-1,0.384941719120074
33.112,0,-0.3822274156580349,-1,0.3822274156580349
33.114,0,-0.3795065240239719,-1,0.3795065240239719
33.116,0,-0.3767790603927901,-1,0.3767790603927901
33.118,0,-0.3740450409152438,-1,0.3740450409152438
33.12,0,-0.3713044817178718,-1,0.3713044817178718
33.122,0,-0.368557398902933,-1,0.368557398902933
33.124,0,-0.3658038085483438,-1,0.3658038085483438
33.126,0,-0.3630437267076153,-1,0.3630437267076153
33.128,0,-0.360277169409792,-1,0.360277169409792
33.13,0,-0.3575041526593919,-1,0.3575041526593919
33.132,0,-0.354724692436346,-1,0.354724692436346
33.134,0,-0.3519388046959403,-1,0.3519388046959403
33.136,0,-0.3491465053687574,-1,0.3491465053687574
33.138,0,-0.3463478103606196,-1,0.3463478103606196
33.14,0,-0.3435427355525331,-1,0.3435427355525331
33.142,0,-0.3407312968006321,-1,0.3407312968006321
33.144,0,-0.3379135099361246,-1,0.3379135099361246
33.146,0,-0.3350893907652385,-1,0.3350893907652385
33.148,0,-0.3322589550691691,-1,0.3322589550691691
33.15,0,-0.3294222186040268,-1,0.3294222186040268
33.152,0,-0.3265791971007861,-1,0.3265791971007861
33.154,0,-0.3237299062652348,-1,0.3237299062652348
33.156,0,-0.3208743617779248,-1,0.3208743617779248
33.158,0,-0.3180125792941232,-1,0.3180125792941232
33.16,0,-0.3151445744437643,-1,0.3151445744437643
33.162,0,-0.312270362831402,-1,0.312270362831402
33.164,0,-0.3093899600361639,-1,0.3093899600361639
33.166,0,-0.3065033816117055,-1,0.3065033816117055
33.168,0,-0.303610643086165,-1,0.303610643086165
33.17,0,-0.3007117599621195,-1,0.3007117599621195
33.172,0,-0.2978067477165413,-1,0.2978067477165413
33.174,0,-0.2948956218007556,-1,0.2948956218007556
33.176,0,-0.2919783976403985,-1,0.2919783976403985
33.178,0,-0.2890550906353758,-1,0.2890550906353758
33.18,0,-0.2861257161598227,-1,0.2861257161598227
33.182,0,-0.2831902895620641,-1,0.2831902895620641
33.184,0,-0.2802488261645755,-1,0.2802488261645755
33.186,0,-0.2773013412639452,-1,0.2773013412639452
33.188,0,-0.2743478501308364,-1,0.2743478501308364
33.19,0,-0.2713883680099506,-1,0.2713883680099506
33.192,0,-0.2684229101199915,-1,0.2684229101199915
33.194,0,-0.2654514916536296,-1,0.2654514916536296
33.196,0,-0.2624741277774675,-1,0.2624741277774675
33.198,0,-0.2594908336320062,-1,0.2594908336320062
33.2,0,-0.2565016243316112,-1,0.2565016243316112
33.202,0,-0.2535065149644805,-1,0.2535065149644805
33.204,0,-0.2505055205926123,-1,0.2505055205926123
33.206,0,-0.2474986562517738,-1,0.2474986562517738
33.208,0,-0.2444859369514707,-1,0.2444859369514707
33.21,0,-0.2414673776749172,-1,0.2414673776749172
33.212,0,-0.2384429933790065,-1,0.2384429933790065
33.214,0,-0.2354127989942826,-1,0.2354127989942826
33.216,0,-0.2323768094249121,-1,0.2323768094249121
33.218,0,-0.2293350395486567,-1,0.2293350395486567
33.22,0,-0.2262875042168469,-1,0.2262875042168469
33.222,0,-0.2232342182543553,-1,0.2232342182543553
33.224,0,-0.220175196459572,-1,0.220175196459572
33.226,0,-0.217110453604379,-1,0.217110453604379
33.228,0,-0.2140400044341266,-1,0.2140400044341266
33.23,0,-0.2109638636676095,-1,0.2109638636676095
33.232,0,-0.2078820459970438,-1,0.2078820459970438
33.234,0,-0.2047945660880449,-1,0.2047945660880449
33.236,0,-0.2017014385796057,-1,0.2017014385796057
33.238,0,-0.198602678084075,-1,0.198602678084075
33.24,0,-0.1954982991871376,-1,0.1954982991871376
33.242,0,-0.1923883164477938,-1,0.1923883164477938
33.244,0,-0.1892727443983405,-1,0.1892727443983405
33.246,0,-0.1861515975443518,-1,0.1861515975443518
33.248,0,-0.1830248903646611,-1,0.1830248903646611
33.25,0,-0.1798926373113436,-1,0.1798926373113436
33.252,0,-0.1767548528096988,-1,0.1767548528096988
33.254,0,-0.1736115512582342,-1,0.1736115512582342
33.256,0,-0.1704627470286496,-1,0.1704627470286496
33.258,0,-0.1673084544658208,-1,0.1673084544658208
33.26,0,-0.1641486878877858,-1,0.1641486878877858
33.262,0,-0.1609834615857297,-1,0.1609834615857297
33.264,0,-0.1578127898239714,-1,0.1578127898239714
33.266,0,-0.15463668683995,-1,0.15463668683995
33.268,0,-0.1514551668442122,-1,0.1514551668442122
33.27,0,-0.1482682440204003,-1,0.1482682440204003
33.272,0,-0.1450759325252405,-1,0.1450759325252405
33.274,0,-0.1418782464885312,-1,0.1418782464885312
33.276,0,-0.1386752000131334,-1,0.1386752000131334
33.278,0,-0.1354668071749598,-1,0.1354668071749598
33.28,0,-0.1322530820229655,-1,0.1322530820229655
33.282,0,-0.1290340385791388,-1,0.1290340385791388
33.284,0,-0.1258096908384928,-1,0.1258096908384928
33.286,0,-0.1225800527690571,-1,0.1225800527690571
33.288,0,-0.1193451383118705,-1,0.1193451383118705
33.29,0,-0.1161049613809736,-1,0.1161049613809736
33.292,0,-0.1128595358634022,-1,0.1128595358634022
33.294,0,-0.1096088756191815,-1,0.1096088756191815
33.296,0,-0.10635299448132,-1,0.10635299448132
33.298,0,-0.1030919062558048,-1,0.1030919062558048
33.3,0,-0.09982562472159645,-1,0.09982562472159645
33.302,0,-0.09655416363062493,-1,0.09655416363062493
33.304,0,-0.09327753670778591,-1,0.09327753670778591
33.306,0,-0.08999575765093737,-1,0.08999575765093737
33.308,0,-0.08670884013089677,-1,0.08670884013089677
33.31,0,-0.08341679779143867,-1,0.08341679779143867
33.312,0,-0.08011964424929272,-1,0.08011964424929272
33.314,0,-0.07681739309414221,-1,0.07681739309414221
33.316,0,-0.073510057888623,-1,0.073510057888623
33.318,0,-0.07019765216832291,-1,0.07019765216832291
33.32,0,-0.06688018944178151,-1,0.06688018944178151
33.322,0,-0.06355768319049036,-1,0.06355768319049036
33.324,0,-0.06023014686889375,-1,0.06023014686889375
33.326,0,-0.05689759390438975,-1,0.05689759390438975
33.328,0,-0.05356003769733172,-1,0.05356003769733172
33.33,0,-0.05021749162103031,-1,0.05021749162103031
33.332,0,-0.0468699690217558,-1,0.0468699690217558
33.334,0,-0.04351748321874084,-1,0.04351748321874084
33.336,0,-0.04016004750418366,-1,0.04016004750418366
33.338,0,-0.03679767514325166,-1,0.03679767514325166
33.34,0,-0.03343037937408538,-1,0.03343037937408538
33.342,0,-0.0300581734078029,-1,0.0300581734078029
33.344,0,-0.02668107042850463,-1,0.02668107042850463
33.346,0,-0.02329908359327845,-1,0.02329908359327845
33.348,0,-0.01991222603220533,-1,0.01991222603220533
33.35,0,-0.01652051084836521,-1,0.01652051084836521
33.352,0,-0.01312395111784342,-1,0.01312395111784342
33.354,0,-0.009722559889737315,-1,0.009722559889737315
33.356,0,-0.006316350186163404,-1,0.006316350186163404
33.358,0,-0.00290533500226481,-1,0.00290533500226481
33.36,0,0.0005104726937809048,1,-0.0005104726937809048
33.362,0,0.003931020049589086,1,-0.003931020049589086
33.364,0,0.007356148352723971,1,-0.007356148352723971
33.366,0,0.0107856868377065,1,-0.0107856868377065
33.368,0,0.01421946602945016,1,-0.01421946602945016
33.37,0,0.01765731773567986,1,-0.01765731773567986
33.372,0,0.02109907503939066,1,-0.02109907503939066
33.374,0,0.02454457229134633,1,-0.02454457229134633
33.376,0,0.02799364510261753,1,-0.02799364510261753
33.378,0,0.03144613033715923,1,-0.03144613033715923
33.38,0,0.03490186610442744,1,-0.03490186610442744
33.382,0,0.0383606917520348,1,-0.0383606917520348
33.384,0,0.04182244785844509,1,-0.04182244785844509
33.386,0,0.04528697622570624,1,-0.04528697622570624
33.388,0,0.04875411987222175,1,-0.04875411987222175
33.39,0,0.05222372302556039,1,-0.05222372302556039
33.392,0,0.05569563111530387,1,-0.05569563111530387
33.394,0,0.05916969076593231,1,-0.05916969076593231
33.396,0,0.06264574978974746,1,-0.06264574978974746
33.398,0,0.06612365717983332,1,-0.06612365717983332
33.4,0,0.06960326310305398,1,-0.06960326310305398
33.402,0,0.07308441889308867,1,-0.07308441889308867
33.404,0,0.0765669770435036,1,-0.0765669770435036
33.406,0,0.08005079120086059,1,-0.08005079120086059
33.408,0,0.08353571615786219,1,-0.08353571615786219
33.41,0,0.08702160784653322,1,-0.08702160784653322
33.412,0,0.09050832333143839,1,-0.09050832333143839
33.414,0,0.09399572080293601,1,-0.09399572080293601
33.416,0,0.09748365957046745,1,-0.09748365957046745
33.418,0,0.1009720000558822,1,-0.1009720000558822
33.42,0,0.1044606037867987,1,-0.1044606037867987
33.422,0,0.1079493333899997,1,-0.1079493333899997
33.424,0,0.1114380525848637,1,-0.1114380525848637
33.426,0,0.1149266261768307,1,-0.1149266261768307
33.428,0,0.1184149200509028,1,-0.1184149200509028
33.43,0,0.1219028011651794,1,-0.1219028011651794
33.432,0,0.1253901375444268,1,-0.1253901375444268
33.434,0,0.1288767982736824,1,-0.1288767982736824
33.436,0,0.1323626534918923,1,-0.1323626534918923
33.438,0,0.1358475743855833,1,-0.1358475743855833
33.44,0,0.1393314331825685,1,-0.1393314331825685
33.442,0,0.1428141031456863,1,-0.1428141031456863
33.444,0,0.1462954585665731,1,-0.1462954585665731
33.446,0,0.1497753747594691,1,-0.1497753747594691
33.448,0,0.1532537280550567,1,-0.1532537280550567
33.45,0,0.1567303957943327,1,-0.1567303957943327
33.452,0,0.1602052563225128,1,-0.1602052563225128
33.454,0,0.1636781889829678,1,-0.1636781889829678
33.456,0,0.1671490741111942,1,-0.1671490741111942
33.458,0,0.1706177930288149,1,-0.1706177930288149
33.46,0,0.1740842280376131,1,-0.1740842280376131
33.462,0,0.1775482624135986,1,-0.1775482624135986
33.464,0,0.1810097804011044,1,-0.1810097804011044
33.466,0,0.1844686672069161,1,-0.1844686672069161
33.468,0,0.1879248089944323,1,-0.1879248089944323
33.47,0,0.1913780928778566,1,-0.1913780928778566
33.472,0,0.1948284069164198,1,-0.1948284069164198
33.474,0,0.1982756401086346,1,-0.1982756401086346
33.476,0,0.2017196823865795,1,-0.2017196823865795
33.478,0,0.2051604246102147,1,-0.2051604246102147
33.48,0,0.2085977585617275,1,-0.2085977585617275
33.482,0,0.2120315769399087,1,-0.2120315769399087
33.484,0,0.2154617733545592,1,-0.2154617733545592
33.486,0,0.2188882423209259,1,-0.2188882423209259
33.488,0,0.2223108792541686,1,-0.2223108792541686
33.49,0,0.2257295804638558,1,-0.2257295804638558
33.492,0,0.2291442431484904,1,-0.2291442431484904
33.494,0,0.2325547653900649,1,-0.2325547653900649
33.496,0,0.2359610461486462,1,-0.2359610461486462
33.498,0,0.2393629852569884,1,-0.2393629852569884
33.5,0,0.2427604834151763,1,-0.2427604834151763
33.502,0,0.2461534421852963,1,-0.2461534421852963
33.504,0,0.2495417639861371,1,-0.2495417639861371
33.506,0,0.2529253520879181,1,-0.2529253520879181
33.508,0,0.2563041106070466,1,-0.2563041106070466
33.51,0,0.2596779445009036,1,-0.2596779445009036
33.512,0,0.2630467595626576,1,-0.2630467595626576
33.514,0,0.2664104624161056,1,-0.2664104624161056
33.516,0,0.2697689605105433,1,-0.2697689605105433
33.518,0,0.273122162115662,1,-0.273122162115662
33.52,0,0.2764699763164737,1,-0.2764699763164737
33.522,0,0.2798123130082631,1,-0.2798123130082631
33.524,0,0.2831490828915674,1,-0.2831490828915674
33.526,0,0.286480197467183,1,-0.286480197467183
33.528,0,0.2898055690311993,1,-0.2898055690311993
33.53,0,0.2931251106700595,1,-0.2931251106700595
33.532,0,0.2964387362556478,1,-0.2964387362556478
33.534,0,0.299746360440404,1,-0.299746360440404
33.536,0,0.3030478986524633,1,-0.3030478986524633
33.538,0,0.3063432670908242,1,-0.3063432670908242
33.54,0,0.3096323827205406,1,-0.3096323827205406
33.542,0,0.3129151632679421,1,-0.3129151632679421
33.544,0,0.3161915272158784,1,-0.3161915272158784
33.546,0,0.3194613937989909,1,-0.3194613937989909
33.548,0,0.322724682999009,1,-0.322724682999009
33.55,0,0.3259813155400728,1,-0.3259813155400728
33.552,0,0.3292312128840808,1,-0.3292312128840808
33.554,0,0.3324742972260628,1,-0.3324742972260628
33.556,0,0.335710491489578,1,-0.335710491489578
33.558,0,0.3389397193221391,1,-0.3389397193221391
33.56,0,0.3421619050906594,1,-0.3421619050906594
33.562,0,0.345376973876927,1,-0.345376973876927
33.564,0,0.3485848514731015,1,-0.3485848514731015
33.566,0,0.3517854643772371,1,-0.3517854643772371
33.568,0,0.3549787397888289,1,-0.3549787397888289
33.57,0,0.358164605604384,1,-0.358164605604384
33.572,0,0.3613429904130167,1,-0.3613429904130167
33.574,0,0.3645138234920676,1,-0.3645138234920676
33.576,0,0.3676770348027472,1,-0.3676770348027472
33.578,0,0.3708325549858025,1,-0.3708325549858025
33.58,0,0.3739803153572081,1,-0.3739803153572081
33.582,0,0.37712024790388,1,-0.37712024790388
33.584,0,0.380252285279414,1,-0.380252285279414
33.586,0,0.3833763607998459,1,-0.3833763607998459
33.588,0,0.3864924084394367,1,-0.3864924084394367
33.59,0,0.3896003628264796,1,-0.3896003628264796
33.592,0,0.3927001592391302,1,-0.3927001592391302
33.594,0,0.3957917336012602,1,-0.3957917336012602
33.596,0,0.398875022478333,1,-0.398875022478333
33.598,0,0.4019499630733025,1,-0.4019499630733025
33.6,0,0.4050164932225344,1,-0.4050164932225344
33.602,0,0.4080745513917496,1,-0.4080745513917496
33.604,0,0.4111240766719902,1,-0.4111240766719902
33.606,0,0.4141650087756072,1,-0.4141650087756072
33.608,0,0.4171972880322712,1,-0.4171972880322712
33.61,0,0.4202208553850039,1,-0.4202208553850039
33.612,0,0.4232356523862322,1,-0.4232356523862322
33.614,0,0.426241621193864,1,-0.426241621193864
33.616,0,0.4292387045673853,1,-0.4292387045673853
33.618,0,0.432226845863979,1,-0.432226845863979
33.62,0,0.4352059890346651,1,-0.4352059890346651
33.622,0,0.4381760786204619,1,-0.4381760786204619
33.624,0,0.441137059748569,1,-0.441137059748569
33.626,0,0.4440888781285711,1,-0.4440888781285711
33.628,0,0.4470314800486622,1,-0.4470314800486622
33.63,0,0.4499648123718915,1,-0.4499648123718915
33.632,0,0.4528888225324296,1,-0.4528888225324296
33.634,0,0.4558034585318556,1,-0.4558034585318556
33.636,0,0.4587086689354644,1,-0.4587086689354644
33.638,0,0.4616044028685946,1,-0.4616044028685946
33.64,0,0.464490610012977,1,-0.464490610012977
33.642,0,0.467367240603103,1,-0.467367240603103
33.644,0,0.4702342454226132,1,-0.4702342454226132
33.646,0,0.4730915758007059,1,-0.4730915758007059
33.648,0,0.4759391836085661,1,-0.4759391836085661
33.65,0,0.4787770212558135,1,-0.4787770212558135
33.652,0,0.4816050416869705,1,-0.4816050416869705
33.654,0,0.4844231983779507,1,-0.4844231983779507
33.656,0,0.4872314453325652,1,-0.4872314453325652
33.658,0,0.4900297370790497,1,-0.4900297370790497
33.66,0,0.4928180286666106,1,-0.4928180286666106
33.662,0,0.4955962756619902,1,-0.4955962756619902
33.664,0,0.4983644341460505,1,-0.4983644341460505
33.666,0,0.5011224607103775,1,-0.5011224607103775
33.668,0,0.5038703124539023,1,-0.5038703124539023
33.67,0,0.5066079469795435,1,-0.5066079469795435
33.672,0,0.5093353223908657,1,-0.5093353223908657
33.674,0,0.5120523972887591,1,-0.5120523972887591
33.676,0,0.5147591307681358,1,-0.5147591307681358
33.678,0,0.5174554824146458,1,-0.5174554824146458
33.68,0,0.5201414123014102,1,-0.5201414123014102
33.682,0,0.5228168809857738,1,-0.5228168809857738
33.684,0,0.525481849506075,1,-0.525481849506075
33.686,0,0.5281362793784343,1,-0.5281362793784343
33.688,0,0.5307801325935604,1,-0.5307801325935604
33.69,0,0.5334133716135745,1,-0.5334133716135745
33.692,0,0.5360359593688523,1,-0.5360359593688523
33.694,0,0.5386478592548835,1,-0.5386478592548835
33.696,0,0.5412490351291489,1,-0.5412490351291489
33.698,0,0.5438394513080159,1,-0.5438394513080159
33.7,0,0.5464190725636499,1,-0.5464190725636499
33.702,0,0.5489878641209441,1,-0.5489878641209441
33.704,0,0.5515457916544668,1,-0.5515457916544668
33.706,0,0.5540928212854247,1,-0.5540928212854247
33.708,0,0.5566289195786441,1,-0.5566289195786441
33.71,0,0.5591540535395693,1,-0.5591540535395693
33.712,0,0.561668190611277,1,-0.561668190611277
33.714,0,0.5641712986715086,1,-0.5641712986715086
33.716,0,0.5666633460297182,1,-0.5666633460297182
33.718,0,0.5691443014241379,1,-0.5691443014241379
33.72,0,0.5716141340188592,1,-0.5716141340188592
33.722,0,0.5740728134009317,1,-0.5740728134009317
33.724,0,0.5765203095774771,1,-0.5765203095774771
33.726,0,0.57895659297282,1,-0.57895659297282
33.728,0,0.5813816344256352,1,-0.5813816344256352
33.73,0,0.5837954051861106,1,-0.5837954051861106
33.732,0,0.5861978769131266,1,-0.5861978769131266
33.734,0,0.5885890216714512,1,-0.5885890216714512
33.736,0,0.5909688119289507,1,-0.5909688119289507
33.738,0,0.593337220553817,1,-0.593337220553817
33.74,0,0.5956942208118099,1,-0.5956942208118099
33.742,0,0.5980397863635153,1,-0.5980397863635153
33.744,0,0.600373891261619,1,-0.600373891261619
33.746,0,0.602696509948196,1,-0.602696509948196
33.748,0,0.6050076172520149,1,-0.6050076172520149
33.75,0,0.607307188385858,1,-0.607307188385858
33.752,0,0.6095951989438562,1,-0.6095951989438562
33.754,0,0.6118716248988396,1,-0.6118716248988396
33.756,0,0.614136442599703,1,-0.614136442599703
33.758,0,0.6163896287687858,1,-0.6163896287687858
33.76,0,0.6186311604992678,1,-0.6186311604992678
33.762,0,0.6208610152525791,1,-0.6208610152525791
33.764,0,0.623079170855825,1,-0.623079170855825
33.766,0,0.6252856054992257,1,-0.6252856054992257
33.768,0,0.6274802977335709,1,-0.6274802977335709
33.77,0,0.6296632264676878,1,-0.6296632264676878
33.772,0,0.631834370965925,1,-0.631834370965925
33.774,0,0.6339937108456497,1,-0.6339937108456497
33.776,0,0.6361412260747599,1,-0.6361412260747599
33.778,0,0.6382768969692105,1,-0.6382768969692105
33.78,0,0.6404007041905537,1,-0.6404007041905537
33.782,0,0.6425126287434932,1,-0.6425126287434932
33.784,0,0.644612651973453,1,-0.644612651973453
33.786,0,0.6467007555641594,1,-0.6467007555641594
33.788,0,0.6487769215352376,1,-0.6487769215352376
33.79,0,0.6508411322398217,1,-0.6508411322398217
33.792,0,0.6528933703621782,1,-0.6528933703621782
33.794,0,0.6549336189153441,1,-0.6549336189153441
33.796,0,0.6569618612387771,1,-0.6569618612387771
33.798,0,0.6589780809960208,1,-0.6589780809960208
33.8,0,0.6609822621723827,1,-0.6609822621723827
33.802,0,0.6629743890726247,1,-0.6629743890726247
33.804,0,0.6649544463186692,1,-0.6649544463186692
33.806,0,0.6669224188473157,1,-0.6669224188473157
33.808,0,0.6688782919079728,1,-0.6688782919079728
33.81,0,0.6708220510604016,1,-0.6708220510604016
33.812,0,0.6727536821724736,1,-0.6727536821724736
33.814,0,0.6746731714179404,1,-0.6746731714179404
33.816,0,0.676580505274217,1,-0.676580505274217
33.818,0,0.6784756705201777,1,-0.6784756705201777
33.82,0,0.6803586542339645,1,-0.6803586542339645
33.822,0,0.6822294437908085,1,-0.6822294437908085
33.824,0,0.6840880268608642,1,-0.6840880268608642
33.826,0,0.6859343914070556,1,-0.6859343914070556
33.828,0,0.6877685256829352,1,-0.6877685256829352
33.83,0,0.689590418230556,1,-0.689590418230556
33.832,0,0.6914000578783545,1,-0.6914000578783545
33.834,0,0.6931974337390474,1,-0.6931974337390474
33.836,0,0.6949825352075398,1,-0.6949825352075398
33.838,0,0.6967553519588456,1,-0.6967553519588456
33.84,0,0.6985158739460201,1,-0.6985158739460201
33.842,0,0.7002640913981046,1,-0.7002640913981046
33.844,0,0.7019999948180834,1,-0.7019999948180834
33.846,0,0.7037235749808518,1,-0.7037235749808518
33.848,0,0.7054348229311971,1,-0.7054348229311971
33.85,0,0.7071337299817901,1,-0.7071337299817901
33.852,0,0.7088202877111899,1,-0.7088202877111899
33.854,0,0.7104944879618584,1,-0.7104944879618584
33.856,0,0.7121563228381885,1,-0.7121563228381885
33.858,0,0.7138057847045423,1,-0.7138057847045423
33.86,0,0.7154428661833012,1,-0.7154428661833012
33.862,0,0.7170675601529283,1,-0.7170675601529283
33.864,0,0.7186798597460404,1,-0.7186798597460404
33.866,0,0.7202797583474932,1,-0.7202797583474932
33.868,0,0.7218672495924764,1,-0.7218672495924764
33.87,0,0.7234423273646203,1,-0.7234423273646203
33.872,0,0.7250049857941142,1,-0.7250049857941142
33.874,0,0.7265552192558349,1,-0.7265552192558349
33.876,0,0.7280930223674867,1,-0.7280930223674867
33.878,0,0.7296183899877527,1,-0.7296183899877527
33.88,0,0.731131317214456,1,-0.731131317214456
33.882,0,0.7326317993827328,1,-0.7326317993827328
33.884,0,0.7341198320632156,1,-0.7341198320632156
33.886,0,0.7355954110602273,1,-0.7355954110602273
33.888,0,0.7370585324099862,1,-0.7370585324099862
33.89,0,0.7385091923788212,1,-0.7385091923788212
33.892,0,0.7399473874613978,1,-0.7399473874613978
33.894,0,0.7413731143789546,1,-0.7413731143789546
33.896,0,0.7427863700775502,1,-0.7427863700775502
33.898,0,0.7441871517263207,1,-0.7441871517263207
33.9,0,0.7455754567157465,1,-0.7455754567157465
33.902,0,0.7469512826559315,1,-0.7469512826559315
33.904,0,0.7483146273748899,1,-0.7483146273748899
33.906,0,0.7496654889168454,1,-0.7496654889168454
33.908,0,0.7510038655405391,1,-0.7510038655405391
33.91,0,0.7523297557175482,1,-0.7523297557175482
33.912,0,0.7536431581306144,1,-0.7536431581306144
33.914,0,0.7549440716719823,1,-0.7549440716719823
33.916,0,0.7562324954417474,1,-0.7562324954417474
33.918,0,0.7575084287462152,1,-0.7575084287462152
33.92,0,0.7587718710962679,1,-0.7587718710962679
33.922,0,0.760022822205743,1,-0.760022822205743
33.924,0,0.7612612819898207,1,-0.7612612819898207
33.926,0,0.7624872505634201,1,-0.7624872505634201
33.928,0,0.7637007282396071,1,-0.7637007282396071
33.93,0,0.7649017155280092,1,-0.7649017155280092
33.932,0,0.7660902131332423,1,-0.7660902131332423
33.934,0,0.7672662219533452,1,-0.7672662219533452
33.936,0,0.7684297430782239,1,-0.7684297430782239
33.938,0,0.7695807777881061,1,-0.7695807777881061
33.94,0,0.7707193275520038,1,-0.7707193275520038
33.942,0,0.7718453940261856,1,-0.7718453940261856
33.944,0,0.7729589790526585,1,-0.7729589790526585
33.946,0,0.7740600846576585,1,-0.7740600846576585
33.948,0,0.7751487130501501,1,-0.7751487130501501
33.95,0,0.7762248666203355,1,-0.7762248666203355
33.952,0,0.7772885479381721,1,-0.7772885479381721
33.954,0,0.7783397597518994,1,-0.7783397597518994
33.956,0,0.7793785049865745,1,-0.7793785049865745
33.958,0,0.7804047867426165,1,-0.7804047867426165
33.96,0,0.7814186082943603,1,-0.7814186082943603
33.962,0,0.7824199730886181,1,-0.7824199730886181
33.964,0,0.7834088847432503,1,-0.7834088847432503
33.966,0,0.7843853470457451,1,-0.7843853470457451
33.968,0,0.7853493639518064,1,-0.7853493639518064
33.97,0,0.7863009395839503,1,-0.7863009395839503
33.972,0,0.7872400782301104,1,-0.7872400782301104
33.974,0,0.7881667843422514,1,-0.7881667843422514
33.976,0,0.7890810625349909,1,-0.7890810625349909
33.978,0,0.7899829175842301,1,-0.7899829175842301
33.98,0,0.7908723544257926,1,-0.7908723544257926
33.982,0,0.7917493781540712,1,-0.7917493781540712
33.984,0,0.7926139940206833,1,-0.7926139940206833
33.986,0,0.7934662074331349,1,-0.7934662074331349
33.988,0,0.7943060239534914,1,-0.7943060239534914
33.99,0,0.7951334492970581,1,-0.7951334492970581
33.992,0,0.795948489331068,1,-0.795948489331068
33.994,0,0.7967511500733775,1,-0.7967511500733775
33.996,0,0.7975414376911705,1,-0.7975414376911705
33.998,0,0.7983193584996702,1,-0.7983193584996702
34,0,0.7990849189608589,1,-0.7990849189608589
34.002,0,0.7998381256822056,1,-0.7998381256822056
34.004,0,0.8005789854154014,1,-0.8005789854154014
34.006,0,0.8013075050551028,1,-0.8013075050551028
34.008,0,0.8020236916376829,1,-0.8020236916376829
34.01,0,0.8027275523399895,1,-0.8027275523399895
34.012,0,0.8034190944781119,1,-0.8034190944781119
34.014,0,0.8040983255061546,1,-0.8040983255061546
34.016,0,0.8047652530150188,1,-0.8047652530150188
34.018,0,0.8054198847311915,1,-0.8054198847311915
34.02,0,0.8060622285155421,1,-0.8060622285155421
34.022,0,0.8066922923621261,1,-0.8066922923621261
34.024,0,0.8073100843969967,1,-0.8073100843969967
34.026,0,0.8079156128770233,1,-0.8079156128770233
34.028,0,0.8085088861887179,1,-0.8085088861887179
34.03,0,0.8090899128470679,1,-0.8090899128470679
34.032,0,0.8096587014943775,1,-0.8096587014943775
34.034,0,0.8102152608991147,1,-0.8102152608991147
34.036,0,0.8107595999547669,1,-0.8107595999547669
34.038,0,0.8112917276787025,1,-0.8112917276787025
34.04,0,0.8118116532110404,1,-0.8118116532110404
34.042,0,0.8123193858135264,1,-0.8123193858135264
34.044,0,0.8128149348684159,1,-0.8128149348684159
34.046,0,0.813298309877365,1,-0.813298309877365
34.048,0,0.8137695204603267,1,-0.8137695204603267
34.05,0,0.8142285763544558,1,-0.8142285763544558
34.052,0,0.8146754874130195,1,-0.8146754874130195
34.054,0,0.8151102636043154,1,-0.8151102636043154
34.056,0,0.8155329150105954,1,-0.8155329150105954
34.058,0,0.8159434518269982,1,-0.8159434518269982
34.06,0,0.8163418843604863,1,-0.8163418843604863
34.062,0,0.816728223028791,1,-0.816728223028791
34.064,0,0.8171024783593641,1,-0.8171024783593641
34.066,0,0.8174646609883357,1,-0.8174646609883357
34.068,0,0.8178147816594784,1,-0.8178147816594784
34.07,0,0.8181528512231789,1,-0.8181528512231789
34.072,0,0.8184788806354152,1,-0.8184788806354152
34.074,0,0.8187928809567409,1,-0.8187928809567409
34.076,0,0.8190948633512753,1,-0.8190948633512753
34.078,0,0.819384839085701,1,-0.819384839085701
34.08,0,0.8196628195282661,1,-0.8196628195282661
34.082,0,0.8199288161477947,1,-0.8199288161477947
34.084,0,0.8201828405127021,1,-0.8201828405127021
34.086,0,0.8204249042900171,1,-0.8204249042900171
34.088,0,0.8206550192444105,1,-0.8206550192444105
34.09,0,0.8208731972372294,1,-0.8208731972372294
34.092,0,0.8210794502255376,1,-0.8210794502255376
34.094,0,0.8212737902611631,1,-0.8212737902611631
34.096,0,0.8214562294897501,1,-0.8214562294897501
34.098,0,0.8216267801498184,1,-0.8216267801498184
34.1,0,0.8217854545718284,1,-0.8217854545718284
34.102,0,0.8219322651772517,1,-0.8219322651772517
34.104,0,0.8220672244776481,1,-0.8220672244776481
34.106,0,0.8221903450737486,1,-0.8221903450737486
34.108,0,0.8223016396545434,1,-0.8223016396545434
34.11,0,0.8224011209963774,1,-0.8224011209963774
34.112,0,0.8224888019620497,1,-0.8224888019620497
34.114,0,0.8225646954999202,1,-0.8225646954999202
34.116,0,0.8226288146430214,1,-0.8226288146430214
34.118,0,0.8226811725081759,1,-0.8226811725081759
34.12,0,0.8227217822951198,1,-0.8227217822951198
34.122,0,0.822750657285632,1,-0.822750657285632
34.124,0,0.8227678108426681,1,-0.8227678108426681
34.126,0,0.8227732564095014,1,-0.8227732564095014
34.128,0,0.822767007508868,1,-0.822767007508868
34.13,0,0.8227490777421187,1,-0.8227490777421187
34.132,0,0.8227194807883755,1,-0.8227194807883755
34.134,0,0.8226782304036941,1,-0.8226782304036941
34.136,0,0.8226253404202316,1,-0.8226253404202316
34.138,0,0.8225608247454196,1,-0.8225608247454196
34.14,0,0.8224846973611428,1,-0.8224846973611428
34.142,0,0.8223969723229232,1,-0.8223969723229232
34.144,0,0.8222976637591088,1,-0.8222976637591088
34.146,0,0.8221867858700689,1,-0.8221867858700689
34.148,0,0.8220643529273932,1,-0.8220643529273932
34.15,0,0.8219303792730975,1,-0.8219303792730975
34.152,0,0.8217848793188336,1,-0.8217848793188336
34.154,0,0.8216278675451046,1,-0.8216278675451046
34.156,0,0.8214593585004862,1,-0.8214593585004862
34.158,0,0.8212793668008519,1,-0.8212793668008519
34.16,0,0.8210879071286038,1,-0.8210879071286038
34.162,0,0.820884994231909,1,-0.820884994231909
34.164,0,0.8206706429239399,1,-0.8206706429239399
34.166,0,0.8204448680821207,1,-0.8204448680821207
34.168,0,0.8202076846473781,1,-0.8202076846473781
34.17,0,0.8199591076233975,1,-0.8199591076233975
34.172,0,0.8196991520758832,1,-0.8196991520758832
34.174,0,0.8194278331318247,1,-0.8194278331318247
34.176,0,0.8191451659787672,1,-0.8191451659787672
34.178,0,0.8188511658640869,1,-0.8188511658640869
34.18,0,0.8185458480942716,1,-0.8185458480942716
34.182,0,0.8182292280342052,1,-0.8182292280342052
34.184,0,0.8179013211064581,1,-0.8179013211064581
34.186,0,0.8175621427905815,1,-0.8175621427905815
34.188,0,0.8172117086224067,1,-0.8172117086224067
34.19,0,0.8168500341933491,1,-0.8168500341933491
34.192,0,0.8164771351497171,1,-0.8164771351497171
34.194,0,0.8160930271920247,1,-0.8160930271920247
34.196,0,0.8156977260743101,1,-0.8156977260743101
34.198,0,0.8152912476034578,1,-0.8152912476034578
34.2,0,0.8148736076385256,1,-0.8148736076385256
34.202,0,0.8144448220900762,1,-0.8144448220900762
34.204,0,0.8140049069195132,1,-0.8140049069195132
34.206,0,0.8135538781384219,1,-0.8135538781384219
34.208,0,0.813091751807914,1,-0.813091751807914
34.21,0,0.812618544037977,1,-0.812618544037977
34.212,0,0.8121342709868281,1,-0.8121342709868281
34.214,0,0.8116389488602727,1,-0.8116389488602727
34.216,0,0.8111325939110662,1,-0.8111325939110662
34.218,0,0.8106152224382818,1,-0.8106152224382818
34.22,0,0.8100868507866811,1,-0.8100868507866811
34.222,0,0.8095474953460897,1,-0.8095474953460897
34.224,0,0.8089971725507771,1,-0.8089971725507771
34.226,0,0.8084358988788403,1,-0.8084358988788403
34.228,0,0.8078636908515924,1,-0.8078636908515924
34.23,0,0.8072805650329549,1,-0.8072805650329549
34.232,0,0.8066865380288538,1,-0.8066865380288538
34.234,0,0.8060816264866209,1,-0.8060816264866209
34.236,0,0.8054658470943979,1,-0.8054658470943979
34.238,0,0.8048392165805461,1,-0.8048392165805461
34.24,0,0.8042017517130586,1,-0.8042017517130586
34.242,0,0.8035534692989776,1,-0.8035534692989776
34.244,0,0.8028943861838154,1,-0.8028943861838154
34.246,0,0.8022245192509794,1,-0.8022245192509794
34.248,0,0.8015438854212011,1,-0.8015438854212011
34.25,0,0.8008525016519692,1,-0.8008525016519692
34.252,0,0.8001503849369661,1,-0.8001503849369661
34.254,0,0.7994375523055091,1,-0.7994375523055091
34.256,0,0.7987140208219946,1,-0.7987140208219946
34.258,0,0.7979798075853473,1,-0.7979798075853473
34.26,0,0.797234929728472,1,-0.797234929728472
34.262,0,0.79647940441771,1,-0.79647940441771
34.264,0,0.7957132488522994,1,-0.7957132488522994
34.266,0,0.7949364802638385,1,-0.7949364802638385
34.268,0,0.7941491159157532,1,-0.7941491159157532
34.27,0,0.793351173102769,1,-0.793351173102769
34.272,0,0.7925426691503853,1,-0.7925426691503853
34.274,0,0.7917236214143543,1,-0.7917236214143543
34.276,0,0.7908940472801634,1,-0.7908940472801634
34.278,0,0.7900539641625216,1,-0.7900539641625216
34.28,0,0.7892033895048481,1,-0.7892033895048481
34.282,0,0.7883423407787667,1,-0.7883423407787667
34.284,0,0.787470835483602,1,-0.787470835483602
34.286,0,0.7865888911458797,1,-0.7865888911458797
34.288,0,0.7856965253188311,1,-0.7856965253188311
34.29,0,0.7847937555819,1,-0.7847937555819
34.292,0,0.7838805995402542,1,-0.7838805995402542
34.294,0,0.7829570748242998,1,-0.7829570748242998
34.296,0,0.7820231990891985,1,-0.7820231990891985
34.298,0,0.7810789900143902,1,-0.7810789900143902
34.3,0,0.7801244653031167,1,-0.7801244653031167
34.302,0,0.7791596426819508,1,-0.7791596426819508
34.304,0,0.7781845399003272,1,-0.7781845399003272
34.306,0,0.7771991747300777,1,-0.7771991747300777
34.308,0,0.7762035649649698,1,-0.7762035649649698
34.31,0,0.775197728420248,1,-0.775197728420248
34.312,0,0.774181682932179,1,-0.774181682932179
34.314,0,0.7731554463575998,1,-0.7731554463575998
34.316,0,0.7721190365734691,1,-0.7721190365734691
34.318,0,0.7710724714764227,1,-0.7710724714764227
34.32,0,0.7700157689823305,1,-0.7700157689823305
34.322,0,0.7689489470258587,1,-0.7689489470258587
34.324,0,0.7678720235600338,1,-0.7678720235600338
34.326,0,0.76678501655581,1,-0.76678501655581
34.328,0,0.7656879440016403,1,-0.7656879440016403
34.33,0,0.7645808239030503,1,-0.7645808239030503
34.332,0,0.7634636742822151,1,-0.7634636742822151
34.334,0,0.7623365131775396,1,-0.7623365131775396
34.336,0,0.7611993586432417,1,-0.7611993586432417
34.338,0,0.7600522287489385,1,-0.7600522287489385
34.34,0,0.7588951415792358,1,-0.7588951415792358
34.342,0,0.75772811523332,1,-0.75772811523332
34.344,0,0.7565511678245541,1,-0.7565511678245541
34.346,0,0.7553643174800758,1,-0.7553643174800758
34.348,0,0.7541675823403989,1,-0.7541675823403989
34.35,0,0.7529609805590175,1,-0.7529609805590175
34.352,0,0.7517445303020135,1,-0.7517445303020135
34.354,0,0.7505182497476666,1,-0.7505182497476666
34.356,0,0.7492821570860675,1,-0.7492821570860675
34.358,0,0.7480362705187341,1,-0.7480362705187341
34.36,0,0.74678060825823,1,-0.74678060825823
34.362,0,0.7455151885277864,1,-0.7455151885277864
34.364,0,0.7442400295609269,1,-0.7442400295609269
34.366,0,0.7429551496010948,1,-0.7429551496010948
34.368,0,0.7416605669012829,1,-0.7416605669012829
34.37,0,0.7403562997236673,1,-0.7403562997236673
34.372,0,0.7390423663392428,1,-0.7390423663392428
34.374,0,0.7377187850274614,1,-0.7377187850274614
34.376,0,0.7363855740758734,1,-0.7363855740758734
34.378,0,0.7350427517797721,1,-0.7350427517797721
34.38,0,0.73369033644184,1,-0.73369033644184
34.382,0,0.7323283463717984,1,-0.7323283463717984
34.384,0,0.7309567998860597,1,-0.7309567998860597
34.386,0,0.7295757153073817,1,-0.7295757153073817
34.388,0,0.7281851109645258,1,-0.7281851109645258
34.39,0,0.7267850051919162,1,-0.7267850051919162
34.392,0,0.7253754163293035,1,-0.7253754163293035
34.394,0,0.7239563627214292,1,-0.7239563627214292
34.396,0,0.722527862717694,1,-0.722527862717694
34.398,0,0.7210899346718282,1,-0.7210899346718282
34.4,0,0.719642596941565,1,-0.719642596941565
34.402,0,0.7181858678883152,1,-0.7181858678883152
34.404,0,0.7167197658768462,1,-0.7167197658768462
34.406,0,0.7152443092749622,1,-0.7152443092749622
34.408,0,0.7137595164531872,1,-0.7137595164531872
34.41,0,0.7122654057844509,1,-0.7122654057844509
34.412,0,0.7107619956437762,1,-0.7107619956437762
34.414,0,0.7092493044079703,1,-0.7092493044079703
34.416,0,0.7077273504553172,1,-0.7077273504553172
34.418,0,0.7061961521652734,1,-0.7061961521652734
34.42,0,0.7046557279181652,1,-0.7046557279181652
34.422,0,0.7031060960948894,1,-0.7031060960948894
34.424,0,0.7015472750766153,1,-0.7015472750766153
34.426,0,0.69997928324449,1,-0.69997928324449
34.428,0,0.6984021389793454,1,-0.6984021389793454
34.43,0,0.6968158606614082,1,-0.6968158606614082
34.432,0,0.6952204666700111,1,-0.6952204666700111
34.434,0,0.6936159753833078,1,-0.6936159753833078
34.436,0,0.6920024051779888,1,-0.6920024051779888
34.438,0,0.6903797744290009,1,-0.6903797744290009
34.44,0,0.6887481015092678,1,-0.6887481015092678
34.442,0,0.6871074047894135,1,-0.6871074047894135
34.444,0,0.685457702637488,1,-0.685457702637488
34.446,0,0.683799013418695,1,-0.683799013418695
34.448,0,0.682131355495122,1,-0.682131355495122
34.45,0,0.6804547472254725,1,-0.6804547472254725
34.452,0,0.6787692069648,1,-0.6787692069648
34.454,0,0.6770747530642452,1,-0.6770747530642452
34.456,0,0.6753714038707744,1,-0.6753714038707744
34.458,0,0.6736591777269204,1,-0.6736591777269204
34.46,0,0.6719380929705254,1,-0.6719380929705254
34.462,0,0.6702081679344866,1,-0.6702081679344866
34.464,0,0.6684694209465029,1,-0.6684694209465029
34.466,0,0.6667218703288244,1,-0.6667218703288244
34.468,0,0.6649655343980041,1,-0.6649655343980041
34.47,0,0.6632004314646512,1,-0.6632004314646512
34.472,0,0.6614265798331866,1,-0.6614265798331866
34.474,0,0.6596439978016005,1,-0.6596439978016005
34.476,0,0.6578527036612122,1,-0.6578527036612122
34.478,0,0.6560527156964316,1,-0.6560527156964316
34.48,0,0.6542440521845232,1,-0.6542440521845232
34.482,0,0.6524267313953711,1,-0.6524267313953711
34.484,0,0.6506007715912474,1,-0.6506007715912474
34.486,0,0.6487661910265813,1,-0.6487661910265813
34.488,0,0.6469230079477311,1,-0.6469230079477311
34.49,0,0.6450712405927572,1,-0.6450712405927572
34.492,0,0.6432109071911982,1,-0.6432109071911982
34.494,0,0.6413420259638477,1,-0.6413420259638477
34.496,0,0.6394646151225341,1,-0.6394646151225341
34.498,0,0.6375786928699014,1,-0.6375786928699014
34.5,0,0.6356842773991929,1,-0.6356842773991929
34.502,0,0.6337813868940353,1,-0.6337813868940353
34.504,0,0.6318700395282263,1,-0.6318700395282263
34.506,0,0.6299502534655229,1,-0.6299502534655229
34.508,0,0.6280220468594321,1,-0.6280220468594321
34.51,0,0.6260854378530033,1,-0.6260854378530033
34.512,0,0.6241404445786225,1,-0.6241404445786225
34.514,0,0.6221870851578081,1,-0.6221870851578081
34.516,0,0.6202253777010088,1,-0.6202253777010088
34.518,0,0.6182553403074035,1,-0.6182553403074035
34.52,0,0.6162769910647022,1,-0.6162769910647022
34.522,0,0.6142903480489496,1,-0.6142903480489496
34.524,0,0.6122954293243292,1,-0.6122954293243292
34.526,0,0.6102922529429712,1,-0.6102922529429712
34.528,0,0.6082808369447597,1,-0.6082808369447597
34.53,0,0.6062611993571432,1,-0.6062611993571432
34.532,0,0.6042333581949466,1,-0.6042333581949466
34.534,0,0.6021973314601846,1,-0.6021973314601846
34.536,0,0.6001531371418766,1,-0.6001531371418766
34.538,0,0.5981007932158637,1,-0.5981007932158637
34.54,0,0.5960403176446278,1,-0.5960403176446278
34.542,0,0.593971728377111,1,-0.593971728377111
34.544,0,0.5918950433485376,1,-0.5918950433485376
34.546,0,0.5898102804802381,1,-0.5898102804802381
34.548,0,0.5877174576794739,1,-0.5877174576794739
34.55,0,0.585616592839264,1,-0.585616592839264
34.552,0,0.5835077038382135,1,-0.5835077038382135
34.554,0,0.5813908085403434,1,-0.5813908085403434
34.556,0,0.5792659247949223,1,-0.5792659247949223
34.558,0,0.5771330704362994,1,-0.5771330704362994
34.56,0,0.574992263283739,1,-0.574992263283739
34.562,0,0.572843521141257,1,-0.572843521141257
34.564,0,0.5706868617974588,1,-0.5706868617974588
34.566,0,0.568522303025378,1,-0.568522303025378
34.568,0,0.5663498625823178,1,-0.5663498625823178
34.57,0,0.5641695582096933,1,-0.5641695582096933
34.572,0,0.561981407632875,1,-0.561981407632875
34.574,0,0.5597854285610344,1,-0.5597854285610344
34.576,0,0.5575816386869913,1,-0.5575816386869913
34.578,0,0.5553700556870612,1,-0.5553700556870612
34.58,0,0.5531506972209059,1,-0.5531506972209059
34.582,0,0.5509235809313845,1,-0.5509235809313845
34.584,0,0.548688724444406,1,-0.548688724444406
34.586,0,0.5464461453687837,1,-0.5464461453687837
34.588,0,0.5441958612960907,1,-0.5441958612960907
34.59,0,0.5419378898005168,1,-0.5419378898005168
34.592,0,0.5396722484387273,1,-0.5396722484387273
34.594,0,0.5373989547497224,1,-0.5373989547497224
34.596,0,0.535118026254699,1,-0.535118026254699
34.598,0,0.5328294804569126,1,-0.5328294804569126
34.6,0,0.530533334841542,1,-0.530533334841542
34.602,0,0.5282296068755543,1,-0.5282296068755543
34.604,0,0.5259183140075719,1,-0.5259183140075719
34.606,0,0.5235994736677406,1,-0.5235994736677406
34.608,0,0.5212731032675987,1,-0.5212731032675987
34.61,0,0.5189392201999481,1,-0.5189392201999481
34.612,0,0.5165978418387265,1,-0.5165978418387265
34.614,0,0.5142489855388805,1,-0.5142489855388805
34.616,0,0.5118926686362409,1,-0.5118926686362409
34.618,0,0.5095289084473981,1,-0.5095289084473981
34.62,0,0.5071577222695797,1,-0.5071577222695797
34.622,0,0.5047791273805293,1,-0.5047791273805293
34.624,0,0.5023931410383864,1,-0.5023931410383864
34.626,0,0.4999997804815673,1,-0.4999997804815673
34.628,0,0.4975990629286479,1,-0.4975990629286479
34.63,0,0.4951910055782471,1,-0.4951910055782471
34.632,0,0.4927756256089117,1,-0.4927756256089117
34.634,0,0.490352940179003,1,-0.490352940179003
34.636,0,0.4879229664265837,1,-0.4879229664265837
34.638,0,0.485485721469307,1,-0.485485721469307
34.64,0,0.4830412224043058,1,-0.4830412224043058
34.642,0,0.4805894863080845,1,-0.4805894863080845
34.644,0,0.4781305302364108,1,-0.4781305302364108
34.646,0,0.475664371224209,1,-0.475664371224209
34.648,0,0.4731910262854549,1,-0.4731910262854549
34.65,0,0.4707105124130717,1,-0.4707105124130717
34.652,0,0.4682228465788263,1,-0.4682228465788263
34.654,0,0.4657280457332284,1,-0.4657280457332284
34.656,0,0.4632261268054287,1,-0.4632261268054287
34.658,0,0.46071710670312,1,-0.46071710670312
34.66,0,0.4582010023124387,1,-0.4582010023124387
34.662,0,0.4556778304978669,1,-0.4556778304978669
34.664,0,0.4531476081021371,1,-0.4531476081021371
34.666,0,0.4506103519461362,1,-0.4506103519461362
34.668,0,0.448066078828812,1,-0.448066078828812
34.67,0,0.4455148055270802,1,-0.4455148055270802
34.672,0,0.4429565487957327,1,-0.4429565487957327
34.674,0,0.4403913253673466,1,-0.4403913253673466
34.676,0,0.4378191519521948,1,-0.4378191519521948
34.678,0,0.4352400452381573,1,-0.4352400452381573
34.68,0,0.4326540218906339,1,-0.4326540218906339
34.682,0,0.4300610985524573,1,-0.4300610985524573
34.684,0,0.4274612918438083,1,-0.4274612918438083
34.686,0,0.4248546183621307,1,-0.4248546183621307
34.688,0,0.4222410946820488,1,-0.4222410946820488
34.69,0,0.4196207373552844,1,-0.4196207373552844
34.692,0,0.4169935629105758,1,-0.4169935629105758
34.694,0,0.4143595878535976,1,-0.4143595878535976
34.696,0,0.4117188286668813,1,-0.4117188286668813
34.698,0,0.4090713018097371,1,-0.4090713018097371
34.7,0,0.4064170237181766,1,-0.4064170237181766
34.702,0,0.4037560108048366,1,-0.4037560108048366
34.704,0,0.4010882794589036,1,-0.4010882794589036
34.706,0,0.3984138460460399,1,-0.3984138460460399
34.708,0,0.3957327269083095,1,-0.3957327269083095
34.71,0,0.3930449383641066,1,-0.3930449383641066
34.712,0,0.3903504967080834,1,-0.3903504967080834
34.714,0,0.3876494182110801,1,-0.3876494182110801
34.716,0,0.3849417191200549,1,-0.3849417191200549
34.718,0,0.3822274156580158,1,-0.3822274156580158
34.72,0,0.3795065240239529,1,-0.3795065240239529
34.722,0,0.376779060392771,1,-0.376779060392771
34.724,0,0.3740450409152247,1,-0.3740450409152247
34.726,0,0.3713044817178527,1,-0.3713044817178527
34.728,0,0.3685573989029139,1,-0.3685573989029139
34.73,0,0.3658038085483247,1,-0.3658038085483247
34.732,0,0.3630437267075962,1,-0.3630437267075962
34.734,0,0.3602771694097729,1,-0.3602771694097729
34.736,0,0.3575041526593728,1,-0.3575041526593728
34.738,0,0.3547246924363269,1,-0.3547246924363269
34.74,0,0.3519388046959212,1,-0.3519388046959212
34.742,0,0.3491465053687383,1,-0.3491465053687383
34.744,0,0.3463478103606005,1,-0.3463478103606005
34.746,0,0.343542735552514,1,-0.343542735552514
34.748,0,0.340731296800613,1,-0.340731296800613
34.75,0,0.3379135099361055,1,-0.3379135099361055
34.752,0,0.3350893907652194,1,-0.3350893907652194
34.754,0,0.33225895506915,1,-0.33225895506915
34.756,0,0.3294222186040077,1,-0.3294222186040077
34.758,0,0.326579197100767,1,-0.326579197100767
34.76,0,0.3237299062652157,1,-0.3237299062652157
34.762,0,0.3208743617779057,1,-0.3208743617779057
34.764,0,0.3180125792941041,1,-0.3180125792941041
34.766,0,0.3151445744437452,1,-0.3151445744437452
34.768,0,0.3122703628313829,1,-0.3122703628313829
34.77,0,0.3093899600361448,1,-0.3093899600361448
34.772,0,0.3065033816116864,1,-0.3065033816116864
34.774,0,0.3036106430861459,1,-0.3036106430861459
34.776,0,0.3007117599621004,1,-0.3007117599621004
34.778,0,0.2978067477165222,1,-0.2978067477165222
34.78,0,0.2948956218007365,1,-0.2948956218007365
34.782,0,0.2919783976403794,1,-0.2919783976403794
34.784,0,0.2890550906353567,1,-0.2890550906353567
34.786,0,0.2861257161598036,1,-0.2861257161598036
34.788,0,0.283190289562045,1,-0.283190289562045
34.79,0,0.2802488261645564,1,-0.2802488261645564
34.792,0,0.2773013412639261,1,-0.2773013412639261
34.794,0,0.2743478501308173,1,-0.2743478501308173
34.796,0,0.2713883680099315,1,-0.2713883680099315
34.798,0,0.2684229101199724,1,-0.2684229101199724
34.8,0,0.2654514916536105,1,-0.2654514916536105
34.802,0,0.2624741277774484,1,-0.2624741277774484
34.804,0,0.2594908336319871,1,-0.2594908336319871
34.806,0,0.2565016243315921,1,-0.2565016243315921
34.808,0,0.2535065149644614,1,-0.2535065149644614
34.81,0,0.2505055205925932,1,-0.2505055205925932
34.812,0,0.2474986562517547,1,-0.2474986562517547
34.814,0,0.2444859369514516,1,-0.2444859369514516
34.816,0,0.2414673776748981,1,-0.2414673776748981
34.818,0,0.2384429933789874,1,-0.2384429933789874
34.82,0,0.2354127989942635,1,-0.2354127989942635
34.822,0,0.232376809424893,1,-0.232376809424893
34.824,0,0.2293350395486377,1,-0.2293350395486377
34.826,0,0.2262875042168278,1,-0.2262875042168278
34.828,0,0.2232342182543362,1,-0.2232342182543362
34.83,0,0.2201751964595529,1,-0.2201751964595529
34.832,0,0.2171104536043599,1,-0.2171104536043599
34.834,0,0.2140400044341075,1,-0.2140400044341075
34.836,0,0.2109638636675904,1,-0.2109638636675904
34.838,0,0.2078820459970247,1,-0.2078820459970247
34.84,0,0.2047945660880258,1,-0.2047945660880258
34.842,0,0.2017014385795866,1,-0.2017014385795866
34.844,0,0.1986026780840559,1,-0.1986026780840559
34.846,0,0.1954982991871185,1,-0.1954982991871185
34.848,0,0.1923883164477747,1,-0.1923883164477747
34.85,0,0.1892727443983214,1,-0.1892727443983214
34.852,0,0.1861515975443327,1,-0.1861515975443327
34.854,0,0.183024890364642,1,-0.183024890364642
34.856,0,0.1798926373113245,1,-0.1798926373113245
34.858,0,0.1767548528096797,1,-0.1767548528096797
34.86,0,0.1736115512582151,1,-0.1736115512582151
34.862,0,0.1704627470286305,1,-0.1704627470286305
34.864,0,0.1673084544658017,1,-0.1673084544658017
34.866,0,0.1641486878877667,1,-0.1641486878877667
34.868,0,0.1609834615857106,1,-0.1609834615857106
34.87,0,0.1578127898239523,1,-0.1578127898239523
34.872,0,0.1546366868399309,1,-0.1546366868399309
34.874,0,0.1514551668441931,1,-0.1514551668441931
34.876,0,0.1482682440203812,1,-0.1482682440203812
34.878,0,0.1450759325252214,1,-0.1450759325252214
34.88,0,0.1418782464885121,1,-0.1418782464885121
34.882,0,0.1386752000131143,1,-0.1386752000131143
34.884,0,0.1354668071749407,1,-0.1354668071749407
34.886,0,0.1322530820229464,1,-0.1322530820229464
34.888,0,0.1290340385791197,1,-0.1290340385791197
34.89,0,0.1258096908384737,1,-0.1258096908384737
34.892,0,0.122580052769038,1,-0.122580052769038
34.894,0,0.1193451383118514,1,-0.1193451383118514
34.896,0,0.1161049613809545,1,-0.1161049613809545
34.898,0,0.1128595358633831,1,-0.1128595358633831
34.9,0,0.1096088756191624,1,-0.1096088756191624
34.902,0,0.1063529944813009,1,-0.1063529944813009
34.904,0,0.1030919062557857,1,-0.1030919062557857
34.906,0,0.09982562472157736,1,-0.09982562472157736
34.908,0,0.09655416363060583,1,-0.09655416363060583
34.91,0,0.09327753670776681,1,-0.09327753670776681
34.912,0,0.08999575765091827,1,-0.08999575765091827
34.914,0,0.08670884013087768,1,-0.08670884013087768
34.916,0,0.08341679779141957,1,-0.08341679779141957
34.918,0,0.08011964424927362,1,-0.08011964424927362
34.92,0,0.07681739309412311,1,-0.07681739309412311
34.922,0,0.0735100578886039,1,-0.0735100578886039
34.924,0,0.07019765216830381,1,-0.07019765216830381
34.926,0,0.06688018944176241,1,-0.06688018944176241
34.928,0,0.06355768319047127,1,-0.06355768319047127
34.93,0,0.06023014686887466,1,-0.06023014686887466
34.932,0,0.05689759390437065,1,-0.05689759390437065
34.934,0,0.05356003769731262,1,-0.05356003769731262
34.936,0,0.05021749162101122,1,-0.05021749162101122
34.938,0,0.04686996902173671,1,-0.04686996902173671
34.94,0,0.04351748321872174,1,-0.04351748321872174
34.942,0,0.04016004750416456,1,-0.04016004750416456
34.944,0,0.03679767514323256,1,-0.03679767514323256
34.946,0,0.03343037937406628,1,-0.03343037937406628
34.948,0,0.03005817340778381,1,-0.03005817340778381
34.95,0,0.02668107042848553,1,-0.02668107042848553
34.952,0,0.02329908359325936,1,-0.02329908359325936
34.954,0,0.01991222603218623,1,-0.01991222603218623
34.956,0,0.01652051084834612,1,-0.01652051084834612
34.958,0,0.01312395111782433,1,-0.01312395111782433
34.96,0,0.00972255988971822,1,-0.00972255988971822
34.962,0,0.006316350186144308,1,-0.006316350186144308
34.964,0,0.002905335002245714,1,-0.002905335002245714
34.966,0,-0.0005104726938000006,-1,0.0005104726938000006
34.968,0,-0.003931020049608182,-1,0.003931020049608182
34.97,0,-0.007356148352743066,-1,0.007356148352743066
34.972,0,-0.01078568683772559,-1,0.01078568683772559
34.974,0,-0.01421946602946926,-1,0.01421946602946926
34.976,0,-0.01765731773569896,-1,0.01765731773569896
34.978,0,-0.02109907503940975,-1,0.02109907503940975
34.98,0,-0.02454457229136543,-1,0.02454457229136543
34.982,0,-0.02799364510263663,-1,0.02799364510263663
34.984,0,-0.03144613033717833,-1,0.03144613033717833
34.986,0,-0.03490186610444653,-1,0.03490186610444653
34.988,0,-0.03836069175205389,-1,0.03836069175205389
34.99,0,-0.04182244785846419,-1,0.04182244785846419
34.992,0,-0.04528697622572533,-1,0.04528697622572533
34.994,0,-0.04875411987224085,-1,0.04875411987224085
34.996,0,-0.05222372302557949,-1,0.05222372302557949
34.998,0,-0.05569563111532296,-1,0.05569563111532296
35,0,-0.0591696907659514,-1,0.0591696907659514
