0,1.6,0,0,-1
0.01,1.599996575683338,-0.000979549758545013,-0.1941055798654203,-1
0.02,1.599973779105832,-0.003842353209331162,-0.3768147762731708,-1
0.03,1.599913521550215,-0.008478268965033172,-0.548697993960876,-1
0.04,1.599798643264577,-0.0147819921049232,-0.7103012636933486,-1
0.05,1.599612913462362,-0.02265305417487081,-0.8621462422625857,-1
0.06,1.599341030322365,-0.03199582318734292,-1.004730212487773,-1
0.07000000000000001,1.598968614121145,-0.0427194689646411,-1.138526256817879,-1
0.08,1.598482086527337,-0.05473735146738334,-1.263986323832387,-1
0.09,1.597869131897056,-0.06796934444460963,-1.381529592817623,-1
0.1,1.59711823899366,-0.08233952907190856,-1.491554020536846,-1
0.11,1.596218496214898,-0.09777516181553171,-1.594441510181299,-1
0.12,1.595159591592915,-0.1142066744323934,-1.690557911370216,-1
0.13,1.593931812794249,-0.1315676739700713,-1.78025302015082,-1
0.14,1.592526047119832,-0.1497949427668058,-1.863860578998323,-1
0.15,1.590933781504982,-0.1688284384514998,-1.94169827681592,-1
0.16,1.589146916279967,-0.1886103514351602,-2.014072472788872,-1
0.17,1.587158021422637,-0.2090863913225018,-2.081271759178173,-1
0.18,1.584960894812934,-0.2302086121894001,-2.143552800928268,-1
0.19,1.582549679162652,-0.25193095334574,-2.201162675738817,-1
0.2,1.579918827461779,-0.274209064710617,-2.254339749045196,-1
0.21,1.577063102978504,-0.2970003068123369,-2.303313674018499,-1
0.22,1.573977579259208,-0.3202637507884165,-2.348305391565541,-1
0.23,1.570657640128469,-0.3439601783855831,-2.389527130328844,-1
0.24,1.56709897968906,-0.368052081959774,-2.427182406686655,-1
0.25,1.563297602321953,-0.392503664476138,-2.461466024752936,-1
0.26,1.559249822686312,-0.4172808395090341,-2.492564076377361,-1
0.27,1.554952265719508,-0.4423512312420327,-2.520653941145335,-1
0.28,1.550401597194141,-0.4676827879882832,-2.545911258041006,-1
0.29,1.545595382101383,-0.4932481342959278,-2.568488104731349,-1
0.3,1.540531974495924,-0.5190240400132254,-2.588515632400266,-1
0.31,1.535209839633867,-0.5449879690521922,-2.606121383856182,-1
0.32,1.529627553711987,-0.571118078056747,-2.621429300219451,-1
0.33,1.523783803867723,-0.5973932164027114,-2.634559720922348,-1
0.34,1.517677388179189,-0.6237929261978105,-2.645629383709084,-1
0.35,1.511307215665164,-0.650297442281672,-2.654751424635789,-1
0.36,1.504672306285096,-0.6768876922258261,-2.662035378070525,-1
0.37,1.497771790939104,-0.703545296333707,-2.667587176693277,-1
0.38,1.490604911467974,-0.7302525676406513,-2.671509151495963,-1
0.39,1.483171020653163,-0.756992511913898,-2.673900031782421,-1
0.4,1.475469582216791,-0.7837488276525896,-2.674854945168418,-1
0.41,1.467500170821657,-0.8105059060877712,-2.674465417581654,-1
0.42,1.45926247207122,-0.8372488311823921,-2.672819373261749,-1
0.43,1.450756307829688,-0.8639634879779888,-2.670000611280507,-1
0.44,1.441982072516446,-0.8906387144764577,-2.666078075723482,-1
0.45,1.432940624666088,-0.9172659014413211,-2.661107714682513,-1
0.46,1.42363285738091,-0.943836742078303,-2.655143834434733,-1
0.47,1.414059683309265,-0.9703431433504791,-2.648239556443449,-1
0.48,1.404222034645558,-0.9967772259782753,-2.640446817358137,-1
0.49,1.39412086313025,-1.023131324439469,-2.631816369014437,-1
0.5,1.383757140049857,-1.049397986969187,-2.622397778434165,-1
0.51,1.37313185623695,-1.075569975559908,-2.612239427825301,-1
0.52,1.362246022070154,-1.101640265961462,-2.601388514581997,-1
0.53,1.351100667474148,-1.127602047681028,-2.589891051284568,-1
0.54,1.339696841919669,-1.153448723983139,-2.57779186569951,-1
0.55,1.328035614423505,-1.179173911889675,-2.565134600779477,-1
0.5600000000000001,1.3161180735485,-1.204771442179868,-2.551961714663294,-1
0.5700000000000001,1.303945327403554,-1.230235359390302,-2.538314480675957,-1
0.58,1.29151850364362,-1.255559921814911,-2.524232987328634,-1
0.59,1.278838749469708,-1.280739601504981,-2.509756138318656,-1
0.6,1.265907231628879,-1.305769084269144,-2.494921652529525,-1
0.61,1.252725080329233,-1.330639467024541,-2.479676970487035,-1
0.62,1.239293351193487,-1.355318682416478,-2.463417111277979,-1
0.63,1.225614096989466,-1.379811648098472,-2.446383075522447,-1
0.64,1.211689484105233,-1.404130603989127,-2.428964770032698,-1
0.65,1.197521612335167,-1.428285990902159,-2.411487441523033,-1
0.66,1.183112514879965,-1.452286450546391,-2.394211676609799,-1
0.67,1.168464158346638,-1.476138825525755,-2.377333401811389,-1
0.68,1.153578442748515,-1.499848159339296,-2.360983883548243,-1
0.6900000000000001,1.138457201505239,-1.523417696381163,-2.345229728142847,-1
0.7000000000000001,1.123102201442773,-1.546848881940617,-2.330072881819729,-1
0.71,1.107515142793394,-1.570141362202029,-2.315450630705465,-1
0.72,1.091697659195696,-1.593292984244877,-2.301235600828679,-1
0.73,1.075651317694588,-1.61629979604375,-2.287235758120037,-1
0.74,1.059377618741297,-1.639156046468346,-2.273194408412251,-1
0.75,1.042877996193366,-1.66185418528347,-2.258790197440081,-1
0.76,1.026153817314654,-1.684384863149038,-2.24363711084033,-1
0.77,1.009206382775337,-1.706736931620079,-2.227284474151852,-1
0.78,0.992036926651907,-1.728897443146723,-2.209216952815539,-0.992036926651907
0.79,0.97464661642717,-1.750851651074213,-2.188854552174328,-0.97464661642717
0.8,0.9570365529902527,-1.772583009642906,-2.165552617473213,-0.9570365529902527
0.8100000000000001,0.939207770636596,-1.79407317398826,-2.138601833859225,-0.939207770636596
0.8200000000000001,0.9211613418393345,-1.815297377559282,-2.107397340435651,-0.9211613418393345
0.8300000000000001,0.9029004892616505,-1.836186097646524,-2.073183138075536,-0.9029004892616505
0.84,0.8844300233192386,-1.85670661192671,-2.036467223383458,-0.8844300233192386
0.85,0.8657547618796653,-1.876839632523069,-1.997343796710524,-0.8657547618796653
0.86,0.8468795747768398,-1.896566181116254,-1.955906979400438,-0.8468795747768398
0.87,0.8278093838110133,-1.915867588944347,-1.912250813789496,-0.8278093838110133
0.88,0.8085491627487806,-1.93472549680286,-1.866469263206592,-0.8085491627487806
0.89,0.7891039373230783,-1.953121855044734,-1.818656211973215,-0.7891039373230783
0.9,0.7694787852331847,-1.971038923580337,-1.768905465403446,-0.7694787852331847
0.91,0.7496788361447217,-1.988459271877467,-1.717310749803962,-0.7496788361447217
0.92,0.7297092716896543,-2.005365778961349,-1.663965712474036,-0.7297092716896543
0.93,0.7095753254662877,-2.021741633414635,-1.608963921705535,-0.7095753254662877
0.9400000000000001,0.6892822830392716,-2.037570333377413,-1.552398866782922,-0.6892822830392716
0.9500000000000001,0.6688354819395979,-2.052835686547192,-1.494363957983255,-0.6688354819395979
0.96,0.6482403116646005,-2.067521810178912,-1.434952526576185,-0.6482403116646005
0.97,0.627502213677956,-2.081613131084943,-1.374257824823959,-0.627502213677956
0.98,0.6066266814096832,-2.095094385635083,-1.312373025981419,-0.6066266814096832
0.99,0.5856192602561437,-2.107950619756553,-1.249391224296003,-0.5856192602561437
1,0.5644855475800415,-2.120167188934014,-1.18540543500774,-0.5644855475800415
1.01,0.5432311927104235,-2.131729758209546,-1.120508594349259,-0.5432311927104235
1.02,0.5218618969426801,-2.142624302182664,-1.054793559545785,-0.5218618969426801
1.03,0.5003840771752063,-2.152841270797444,-0.9883286224216867,-0.5003840771752063
1.04,0.4788064908845086,-2.162385370803487,-0.9211001447362278,-0.4788064908845086
1.05,0.4571364004752317,-2.171251602775556,-0.8531533183170772,-0.4571364004752317
1.06,0.4353808833205439,-2.179434100308395,-0.7845399755090237,-0.4353808833205439
1.07,0.4135470204914969,-2.186927339089805,-0.7153114735705282,-0.4135470204914969
1.08,0.3916418967570261,-2.193726136900649,-0.6455186946737247,-0.3916418967570261
1.09,0.3696726005839507,-2.199825653614848,-0.5752120459044202,-0.3696726005839507
1.1,0.3476462241369738,-2.205221391199385,-0.5044414592620946,-0.3476462241369738
1.11,0.3255698632786821,-2.209909193714302,-0.4332563916599007,-0.3255698632786821
1.12,0.3034506175695462,-2.213885247312701,-0.3617058249246642,-0.3034506175695462
1.13,0.2812955902679197,-2.217146080240747,-0.2898382657968829,-0.2812955902679197
1.14,0.259111888330041,-2.21968856283766,-0.2177017459307291,-0.259111888330041
1.15,0.2369066224100312,-2.221509907535721,-0.1453438218940462,-0.2369066224100312
1.16,0.2146869068598958,-2.222607668860276,-0.07281157516835129,-0.2146869068598958
1.17,0.1924598597295248,-2.222979743429732,-0.0001516121488358002,-0.1924598597295248
1.18,0.1702326027666888,-2.22262436995554,0.07258993585564089,-0.1702326027666888
1.19,0.1480122614170456,-2.22154012924223,0.1453674126225412,-0.1480122614170456
1.2,0.1258059648241348,-2.219725944187379,0.2181356370156565,-0.1258059648241348
1.21,0.1036208547751265,-2.217181299416272,0.2908514566750646,-0.1036208547751265
1.22,0.08146426959096717,-2.213907980798307,0.3634852781493086,-0.08146426959096717
1.23,0.05934370201435354,-2.209907791220225,0.4360046065073279,-0.05934370201435354
1.24,0.03726659736466342,-2.205182556645809,0.5083755187324159,-0.03726659736466342
1.25,0.01524034570731974,-2.199734358747381,0.5805644303699401,-0.01524034570731974
1.26,-0.006727718146209113,-2.193565534905802,0.652538095527342,0.006727718146209113
1.27,-0.02863031463840954,-2.18667867821047,0.7242636068741364,0.02863031463840954
1.28,-0.0504602194657227,-2.179076637459321,0.7957083956419123,0.0504602194657227
1.29,-0.07221026357854453,-2.170762517158831,0.866840231624333,0.07221026357854453
1.3,-0.0938733331812253,-2.161739677524011,0.9376272231771344,0.0938733331812253
1.31,-0.1154423697320704,-2.152011734478414,1.008037817218128,0.1154423697320704
1.32,-0.1369103699433399,-2.141582559654128,1.078040799227197,0.1369103699433399
1.33,-0.1582703857812483,-2.13045628039178,1.147605293246299,0.1582703857812483
1.34,-0.1795155244659652,-2.118637279740537,1.216700761879469,0.1795155244659652
1.35,-0.2006389484716148,-2.106130196458102,1.28529700629281,0.2006389484716148
1.36,-0.2216338755262752,-2.092939925010715,1.353364166214502,0.2216338755262752
1.37,-0.2424935786119802,-2.07907161557316,1.420872719934799,0.2424935786119802
1.38,-0.263211385964719,-2.064530674028749,1.48779348430603,0.263211385964719
1.39,-0.2837806810744334,-2.049322761969347,1.554097614742595,0.2837806810744334
1.4,-0.3041949026850215,-2.033453796695345,1.619756605220969,0.3041949026850215
1.41,-0.3244477846043226,-2.016929825789279,1.68474441252546,0.3244477846043226
1.42,-0.344532974785679,-1.999757724274378,1.74903893507096,0.344532974785679
1.43,-0.3644437784254393,-1.981945080199695,1.812617476967271,0.3644437784254393
1.44,-0.3841736084612479,-1.963499637935054,1.875457674021603,0.3841736084612479
1.45,-0.4037159870901365,-1.944429296748773,1.937537501148775,0.4037159870901365
1.46,-0.4230645457685242,-1.92474211080767,1.998835272371215,0.4230645457685242
1.47,-0.4422130252122172,-1.90444628917706,2.059329640818964,0.4422130252122172
1.48,-0.4611552753964092,-1.883550195820755,2.11899959872967,0.4611552753964092
1.49,-0.4798852555556811,-1.862062349601068,2.177824477448596,0.4798852555556811
1.5,-0.498397034184001,-1.839991424278809,2.235783947428609,0.498397034184001
1.51,-0.5166847890347246,-1.817346248513284,2.292858018230192,0.5166847890347246
1.52,-0.5347428071205943,-1.794135805862299,2.349027038521434,0.5347428071205943
1.53,-0.5525654847137406,-1.77036923478216,2.404271696078039,0.5525654847137406
1.54,-0.5701473273456805,-1.746055828627665,2.458573017783315,0.5701473273456805
1.55,-0.5874829498073186,-1.721205035652116,2.511912369628186,0.5874829498073186
1.56,-0.6045670761489473,-1.69582645900731,2.564271456711184,0.6045670761489473
1.57,-0.6213945396802453,-1.669929856743545,2.61563232323845,0.6213945396802453
1.58,-0.6379602829702804,-1.643525141809614,2.66597735252374,0.6379602829702804
1.59,-0.6542593578475042,-1.616622382052808,2.715289266988412,0.6542593578475042
1.6,-0.6702869253997599,-1.589231800218921,2.763551128161444,0.6702869253997599
1.61,-0.6860382559742744,-1.561363773952235,2.810746336679415,0.6860382559742744
1.62,-0.7015087291776642,-1.533028835795541,2.856858632286521,0.7015087291776642
1.63,-0.716693833875931,-1.504237673190122,2.901872093834563,0.716693833875931
1.64,-0.7315891681944683,-1.475001128475765,2.945771139282967,0.7315891681944683
1.65,-0.7461904395180508,-1.445330198890745,2.988540525698745,0.7461904395180508
1.66,-0.7604934588729528,-1.415236043606232,3.030161714426402,0.7604934588729528
1.67,-0.7744939730421254,-1.384730251597453,3.07055533275668,0.7744939730421254
1.68,-0.7881877683645019,-1.35382476459047,3.109713499682278,0.7881877683645019
1.69,-0.8015707900109866,-1.322531568679633,3.147658885911654,0.8015707900109866
1.7,-0.8146391178209871,-1.290862701146946,3.184410293974636,0.8146391178209871
1.71,-0.8273889663024117,-1.258830250462066,3.219982658222427,0.8273889663024117
1.72,-0.8398166846316707,-1.226446356282307,3.2543870448276,0.8398166846316707
1.73,-0.8519187566536756,-1.193723209452636,3.2876306517841,0.8519187566536756
1.74,-0.8636918008818408,-1.160673052005674,3.319716808907245,0.8636918008818408
1.75,-0.8751325704980811,-1.127308177161698,3.350644977833727,0.8751325704980811
1.76,-0.8862379533528137,-1.093640929328641,3.380410752021608,0.8862379533528137
1.77,-0.8970049719649574,-1.059683704102085,3.409005856750323,0.8970049719649574
1.78,-0.9074307835219321,-1.025448948265273,3.436418149120677,0.9074307835219321
1.79,-0.9175126798796605,-0.9909491597890984,3.462631618054852,0.9175126798796605
1.8,-0.9272480875625658,-0.9561968878321107,3.487626384296397,0.9272480875625658
1.81,-0.9366345677635736,-0.9212047327405131,3.511378700410237,0.9366345677635736
1.82,-0.9456698163441108,-0.8859853460481648,3.533860950782667,0.9456698163441108
1.83,-0.9543516638341075,-0.8505514304765791,3.55504165162136,0.9543516638341075
1.84,-0.9626780754319921,-0.8149157399349218,3.574885450955346,0.9626780754319921
1.85,-0.9706471510046988,-0.7790910795200159,3.593353128635047,0.9706471510046988
1.86,-0.9782571250876595,-0.7430903055163371,3.610401596332242,0.9782571250876595
1.87,-0.9855063668848107,-0.7069263253960185,3.62598389754009,0.9855063668848107
1.88,-0.9923933802685899,-0.6706120978188438,3.64004920757312,0.9923933802685899
1.89,-0.9989168037799366,-0.6341606326322557,3.652542833567237,0.9989168037799366
1.9,-1.005075410628289,-0.5975849908713455,3.663406214479703,1
1.91,-1.010865776434124,-0.5609155311403207,3.672339650495698,1
1.92,-1.01628506649122,-0.5241884724044151,3.679073748365738,1
1.93,-1.021334113216547,-0.4874185858617578,3.68369966273643,1
1.94,-1.026013756714881,-0.4506204191038103,3.686308879680412,1
1.95,-1.030324832614481,-0.4138083756184904,3.686991998266493,1
1.96,-1.034268172067093,-0.3769967147901744,3.685838730559658,1
1.97,-1.037844601747949,-0.3401995518996959,3.682937901621069,1
1.98,-1.041054943855767,-0.3034308581243469,3.678377449508062,1
1.99,-1.043900016112748,-0.2667044605378773,3.67224442527415,1
2,-1.046380631764581,-0.2300340421104945,3.664624992969021,1
2.01,-1.048497599580441,-0.1934331417088632,3.655604429638538,1
2.02,-1.050251723852987,-0.1569151540961095,3.645267125324742,1
2.03,-1.051643804398365,-0.1204933299318111,3.633696583065845,1
2.04,-1.052674636556205,-0.08418077577201102,3.62097541889624,1
2.05,-1.053345011189625,-0.04799045406920371,3.607185361846492,1
2.06,-1.053655714685225,-0.01193518317234354,3.592407253943339,1
2.07,-1.053607528953096,0.02397236267315343,3.576721050209702,1
2.08,-1.053201231426809,0.05971965332542035,3.560205818664674,1
2.09,-1.052437595063424,0.09529430274612602,3.542939740323515,1
2.1,-1.051317388343486,0.1306840690004825,3.525000109197681,1
2.11,-1.049841375271025,0.165876854257249,3.506463332294778,1
2.12,-1.048010315373556,0.2008607047887231,3.487404929618602,1
2.13,-1.045827048392481,0.2356315831033624,3.46783801140869,1
2.14,-1.043295904431585,0.2701949465501279,3.447747817135669,1
2.15,-1.040419301700973,0.304550782639552,3.427177298755203,1
2.16,-1.037199653441981,0.3386982860109854,3.406158118532618,1
2.17,-1.033639372899673,0.3726358743479742,3.384710489139978,1
2.18,-1.029740873322841,0.4063611883782721,3.362843173656068,1
2.19,-1.02550656796401,0.4398710918738283,3.340553485566412,1
2.2,-1.02093887007943,0.4731616716507993,3.317827288763255,1
2.21,-1.016040192929082,0.5062282375695375,3.294638997545578,1
2.22,-1.010812949776676,0.539065322534602,3.270951576619085,1
2.23,-1.005259553889651,0.5716666824947487,3.246716541096217,1
2.24,-0.9993824185391738,0.6040252964429395,3.221873956496137,0.9993824185391738
2.25,-0.9931839570001437,0.636133366416333,3.196352438744747,0.9931839570001437
2.26,-0.9866665825511849,0.6679823174962944,3.170069154174665,0.9866665825511849
2.27,-0.979832708474654,0.6995627978083853,3.142929819525252,0.979832708474654
2.28,-0.9726847480566363,0.7308646785223745,3.114828701942595,0.9726847480566363
2.29,-0.9652251145869446,0.7618770538522246,3.085648618979505,0.9652251145869446
2.3,-0.9574562213591212,0.7925882410561096,3.055260938595526,0.9574562213591212
2.31,-0.9493804816704385,0.8229857804363939,3.023525579156933,0.9493804816704385
2.32,-0.9410004454808162,0.8530563920948265,2.990321259518838,0.9410004454808162
2.33,-0.9323204272635365,0.8827866541900327,2.95588116606723,0.9323204272635365
2.34,-0.9233444425075268,0.9121653255056257,2.92030877025209,0.9233444425075268
2.35,-0.9140762404666777,0.9411816889632478,2.883626739181235,0.9140762404666777
2.36,-0.9045196467935772,0.9698252152803113,2.845858006411497,0.9045196467935772
2.37,-0.8946785635395068,0.9980855629700074,2.807025771948716,0.8946785635395068
2.38,-0.884556969154447,1.025952578341297,2.767153502247743,0.884556969154447
2.39,-0.8741589184870707,1.053416295498921,2.72626493021244,0.8741589184870707
2.4,-0.8634885427847488,1.080466936343389,2.68438405519568,0.8634885427847488
2.41,-0.8525500496935468,1.10709491057099,2.641535142999342,0.8525500496935468
2.42,-0.8413477232582265,1.133290815673785,2.597742725874323,0.8413477232582265
2.43,-0.8298859239222444,1.15904543693961,2.553031602520522,0.8298859239222444
2.44,-0.8181690885277549,1.184349747452075,2.507426838086858,0.8181690885277549
2.45,-0.8062017303156054,1.209194908090567,2.460953764171249,0.8062017303156054
2.46,-0.7939884389253419,1.233572267530243,2.413637978820637,0.7939884389253419
2.47,-0.7815338803952024,1.25747336224204,2.365505346530957,0.7815338803952024
2.48,-0.7688427971621258,1.280889916492664,2.316581998247177,0.7688427971621258
2.49,-0.75592000806174,1.3038138423446,2.266894331363249,0.75592000806174
2.5,-0.7427704083283776,1.326237239656108,2.216469009722165,0.7427704083283776
2.51,-0.729398969595055,1.348152396081214,2.165332963615893,0.729398969595055
2.52,-0.7158107398934968,1.36955178706973,2.113513389785446,0.7158107398934968
2.53,-0.7020108436541135,1.390428075867235,2.06103775142082,0.7020108436541135
2.54,-0.6880044622595788,1.410774174275509,2.007933476878722,0.6880044622595788
2.55,-0.6737965337067421,1.430584691289149,1.954220240176495,0.6737965337067421
2.56,-0.6593925097891906,1.449854255842107,1.89991748345044,0.6593925097891906
2.57,-0.6447980682272096,1.468577256397599,1.845046839081271,0.6447980682272096
2.58,-0.6300189069143675,1.486748294050592,1.789630074693965,0.6300189069143675
2.59,-0.615060743917517,1.504362182527794,1.733689093157768,0.615060743917517
2.6,-0.5999293174767908,1.521413948187668,1.677245932586174,0.5999293174767908
2.61,-0.5846303860056068,1.537898830020417,1.620322766336951,0.5846303860056068
2.62,-0.5691697280906637,1.553812279647998,1.562941903012116,0.5691697280906637
2.63,-0.5535531424919448,1.569149961324111,1.505125786457958,0.5535531424919448
2.64,-0.5377864481427136,1.583907751934206,1.446896995765017,0.5377864481427136
2.65,-0.5218754841495188,1.598081740995479,1.388278245268104,0.5218754841495188
2.66,-0.5058261097921892,1.611668230656875,1.329292384546278,0.5058261097921892
2.67,-0.4896442045238396,1.624663735699085,1.269962398422874,0.4896442045238396
2.68,-0.4733356679708641,1.637064983534549,1.210311406965475,0.4733356679708641
2.69,-0.456906419932942,1.648868914207453,1.150362665485934,0.456906419932942
2.7,-0.440362400383033,1.660072680393731,1.090139564540358,0.440362400383033
2.71,-0.4237095694673818,1.670673647401064,1.029665629929122,0.4237095694673818
2.72,-0.4069539075055139,1.680669393168883,0.9689645226968535,0.4069539075055139
2.73,-0.3901014149902396,1.690057708268364,0.9080600391324521,0.3901014149902396
2.74,-0.3731581125876485,1.69883659590243,0.8469761107690645,0.3731581125876485
2.75,-0.3561300411371162,1.707004271905753,0.7857368043841098,0.3561300411371162
2.76,-0.3390232616512996,1.714559164744753,0.7243663219992633,0.3390232616512996
2.77,-0.3218438553161391,1.721499915517597,0.6628890008804644,0.3218438553161391
2.78,-0.3045979234908558,1.727825377954198,0.6013293135379078,0.3045979234908558
2.79,-0.2872915877079556,1.733534618416217,0.5397118677260538,0.2872915877079556
2.8,-0.2699309896732249,1.738626915897066,0.4780614064436181,0.2699309896732249
2.81,-0.2525222912657366,1.743101762021898,0.4164028079335904,0.2525222912657366
2.82,-0.2350716745378416,1.746958861047619,0.3547610856832045,0.2350716745378416
2.83,-0.217585006889991,1.75019849269836,0.2931575889666564,0.217585006889991
2.84,-0.2000675471925407,1.752822165256583,0.2316034465865607,0.2000675471925407
2.85,-0.1825257390374765,1.754830664615697,0.1701197597266962,0.1825257390374765
2.86,-0.1649660729813256,1.756224883530396,0.1087284206537908,0.1649660729813256
2.87,-0.147394989318863,1.757005911909026,0.047451150693813,0.147394989318863
2.88,-0.1298188780831183,1.757175036813579,-0.0136904997680057,0.1298188780831183
2.89,-0.1122440790453688,1.756733742459697,-0.07467515128719346,0.1122440790453688
2.9,-0.09467688171514634,1.755683710216673,-0.1354815953600157,0.09467688171514634
2.91,-0.07712352534023056,1.754026818607445,-0.1960887944234968,0.07712352534023056
2.92,-0.05959019890665543,1.751765143308603,-0.2564758818553994,0.05959019890665543
2.93,-0.04208304113870317,1.748900957150382,-0.3166221619742441,0.04208304113870317
2.94,-0.02460814049890996,1.74543673011667,-0.3765071100392902,0.02460814049890996
2.95,-0.007171535188060256,1.741375129345001,-0.4361103722505556,0.007171535188060256
2.96,0.0102207868548074,1.736719019126559,-0.4954117657487959,-0.0102207868548074
2.97,0.02756288795240617,1.731471460906177,-0.5543912786155252,-0.02756288795240617
2.98,0.04484888068919525,1.725635713282335,-0.6130290698729964,-0.04484888068919525
2.99,0.06207292791138563,1.719215232007162,-0.6713054694842202,-0.06207292791138563
3,0.07922924272693403,1.71221366998644,-0.7292009783529459,-0.07922924272693403
3.01,0.09631208850554922,1.704634877279593,-0.7866962683236813,-0.09631208850554922
3.02,0.1133157788786855,1.696482901099699,-0.8437721821816722,-0.1133157788786855
3.03,0.1302346777395495,1.687761985813483,-0.9004097336529227,-0.1302346777395495
3.04,0.1470631992430932,1.678476572941318,-0.9565901074041757,-0.1470631992430932
3.05,0.1637958078060206,1.668631301157228,-1.012294659042932,-0.1637958078060206
3.06,0.1804270181067818,1.658231006288883,-1.067504915117431,-0.1804270181067818
3.07,0.196951395085578,1.647280721317604,-1.122202573116668,-0.196951395085578
3.08,0.2133635539443579,1.635785676378358,-1.176369501470385,-0.2133635539443579
3.09,0.2296581601468188,1.623751298759767,-1.229987739549067,-0.2296581601468188
3.1,0.2458299294184092,1.611183212904092,-1.283039497663959,-0.2458299294184092
3.11,0.261873627746323,1.598087240407253,-1.33550715706704,-0.261873627746323
3.12,0.2777840713795057,1.584469400018808,-1.387373269951048,-0.2777840713795057
3.13,0.2935561268286496,1.570335907641978,-1.438620559449464,-0.2935561268286496
3.14,0.3091847108661983,1.555693176333619,-1.489231919636522,-0.3091847108661983
3.15,0.3246647905263414,1.54054781630424,-1.539190415527196,-0.3246647905263414
3.16,0.3399913831050191,1.524906634918003,-1.588479283077218,-0.3399913831050191
3.17,0.3551595561599205,1.508776636692717,-1.637081929183062,-0.3551595561599205
3.18,0.3701644275104835,1.492165023299842,-1.684981931681957,-0.3701644275104835
3.19,0.3850017141523837,1.475078167561841,-1.732168135482519,-0.3850017141523837
3.2,0.3996673373067554,1.457522017027123,-1.778632878778811,-0.3996673373067554
3.21,0.4141563263373558,1.439504239146635,-1.824361042891427,-0.4141563263373558
3.22,0.4284638041234554,1.421032611151266,-1.869337787192117,-0.4284638041234554
3.23,0.4425849989866271,1.402114999228,-1.913548651093421,-0.4425849989866271
3.24,0.4565152446907514,1.382759358519909,-1.956979554048693,-0.4565152446907514
3.25,0.4702499804420123,1.362973733126161,-1.999616795552083,-0.4702499804420123
3.26,0.4837847508889011,1.342766256102011,-2.041447055138553,-0.4837847508889011
3.27,0.4971152061222121,1.322145149458807,-2.082457392383859,-0.4971152061222121
3.28,0.5102371016750473,1.301118724163988,-2.122635246904567,-0.5102371016750473
3.29,0.5231462985228121,1.279695380141088,-2.161968438358047,-0.5231462985228121
3.3,0.5358387630832185,1.257883606269727,-2.200445166442471,-0.5358387630832185
3.31,0.5483105672162828,1.235691980385621,-2.238054010896811,-0.5483105672162828
3.32,0.5605578882243277,1.213129169280574,-2.274783931500851,-0.5605578882243277
3.33,0.5725770088519798,1.190203928702485,-2.31062426807517,-0.5725770088519798
3.34,0.5843643172861722,1.166925103355341,-2.345564740481157,-0.5843643172861722
3.35,0.5959163071561437,1.143301626899222,-2.379595448621002,-0.5959163071561437
3.36,0.6072295775334365,1.119342521950301,-2.412706872437698,-0.6072295775334365
3.37,0.6183008329319004,1.095056900080839,-2.444889871915045,-0.6183008329319004
3.38,0.6291268833076884,1.070453961819194,-2.476135687077642,-0.6291268833076884
3.39,0.639704644059261,1.045542996649807,-2.506435937990896,-0.639704644059261
3.4,0.6500311360273814,1.020333383013219,-2.535782624761013,-0.6500311360273814
3.41,0.6601034854951209,0.9948345883060586,-2.564168127535008,-0.6601034854951209
3.42,0.6699189241878537,0.9690561688810457,-2.591585206500696,-0.6699189241878537
3.43,0.6794747892732609,0.9430077700469912,-2.618027001886695,-0.6794747892732609
3.44,0.6887685233613283,0.9166991260687998,-2.643487033962431,-0.6887685233613283
3.45,0.6977976745043479,0.8901400601674664,-2.667959203038133,-0.6977976745043479
3.46,0.7065598961969151,0.8633404845200774,-2.691437789464826,-0.7065598961969151
3.47,0.7150529473759325,0.8363104002598095,-2.71391745363435,-0.7150529473759325
3.48,0.723274692420607,0.8090598974759344,-2.735393235979341,-0.723274692420607
3.49,0.7312231011524509,0.7815991552138079,-2.755860556973239,-0.7312231011524509
3.5,0.7388962488352818,0.7539384414748889,-2.77531521713029,-0.7388962488352818
3.51,0.7462923161752245,0.7260881132167143,-2.793753397005548,-0.7462923161752245
3.52,0.7534095893207055,0.6980586163529255,-2.811171657194859,-0.7534095893207055
3.53,0.7602464598624599,0.6698604857532459,-2.827566938334886,-0.7602464598624599
3.54,0.7668014248335252,0.6415043452434912,-2.842936561103082,-0.7668014248335252
3.55,0.7730730867092475,0.6130009076055777,-2.857278226217718,-0.7730730867092475
3.56,0.7790602856844902,0.5843597153027715,-2.870590464034191,-0.7790602856844902
3.57,0.7847621674840227,0.5555869796930715,-2.882873030645372,-0.7847621674840227
3.58,0.7901773191242271,0.5266934129860257,-2.89412398963481,-0.7901773191242271
3.59,0.7953043819253838,0.4976901388205915,-2.904341587293231,-0.7953043819253838
3.6,0.8001421105772119,0.4685882120797663,-2.913524443896528,-0.8001421105772119
3.61,0.8046893731388689,0.4393986188905937,-2.921671553705762,-0.8046893731388689
3.62,0.8089451510389516,0.4101322766241536,-2.928782284967163,-0.8089451510389516
3.63,0.8129085390754947,0.3808000338955733,-2.934856379912127,-0.8129085390754947
3.64,0.8165787454159723,0.3514126705640158,-2.939893954757216,-0.8165787454159723
3.65,0.8199550915972968,0.3219808977326916,-2.943895499704162,-0.8199550915972968
3.66,0.82303701252582,0.2925153577488475,-2.946861878939868,-0.82303701252582
3.67,0.8258240564773315,0.2630266242037774,-2.948794330636396,-0.8258240564773315
3.68,0.8283158850970604,0.2335252019328112,-2.949694466950987,-0.8283158850970604
3.69,0.8305122733996742,0.2040215270153261,-2.949564274026039,-0.8305122733996742
3.7,0.8324131097692793,0.1745259667747355,-2.948406111989125,-0.8324131097692793
3.71,0.8340183959594203,0.1450488197785005,-2.946222714952982,-0.8340183959594203
3.72,0.8353282470930813,0.1156003158381175,-2.943017191015516,-0.8353282470930813
3.73,0.8363428916626845,0.08619061600913028,-2.938793022259801,-0.8363428916626845
3.74,0.8370626715300913,0.0568298125911198,-2.933554064754079,-0.8370626715300913
3.75,0.8374880419266015,0.02752792912771258,-2.927304548551759,-0.8374880419266015
3.76,0.8376195714529541,-0.001705079593427151,-2.920049077691417,-0.8376195714529541
3.77,0.8374579420793259,-0.03085932754058879,-2.911792630196799,-0.8374579420793259
3.78,0.8370039491453337,-0.05992499743802499,-2.902540558076816,-0.8370039491453337
3.79,0.8362585013600317,-0.08889234076594243,-2.892298587325548,-0.8362585013600317
3.8,0.8352226208019141,-0.11775167776051,-2.881072817922245,-0.8352226208019141
3.81,0.833897442918913,-0.1464933974138505,-2.86886972383132,-0.833897442918913
3.82,0.8322842165283985,-0.1751079574740497,-2.855696153002355,-0.8322842165283985
3.83,0.8303843038171823,-0.2035858844451465,-2.841559327370109,-0.8303843038171823
3.84,0.8281991803415121,-0.2319177735871439,-2.826466842854494,-0.8281991803415121
3.85,0.8257304350270744,-0.2600942889159993,-2.810426669360596,-0.8257304350270744
3.86,0.8229797701689956,-0.288106163203629,-2.793447150778671,-0.8229797701689956
3.87,0.819949001431841,-0.3159441979779091,-2.775537004984142,-0.819949001431841
3.88,0.8166400578496135,-0.3435992635226702,-2.756705323837598,-0.8166400578496135
3.89,0.8130549818257551,-0.3710622988777076,-2.736961573184795,-0.8130549818257551
3.9,0.809195929133148,-0.3983243118387688,-2.716315592856663,-0.809195929133148
3.91,0.8050651689141092,-0.425376378957564,-2.694777596669285,-0.8050651689141092
3.92,0.8006650836803996,-0.4522096455417561,-2.672358172423932,-0.8006650836803996
3.93,0.7959981693132149,-0.4788153256549744,-2.649068281907027,-0.7959981693132149
3.94,0.7910670350631918,-0.5051847021167983,-2.624919260890168,-0.7910670350631918
3.95,0.7858744035504044,-0.5313091265027707,-2.599922819130119,-0.7858744035504044
3.96,0.7804231107643654,-0.5571800191443945,-2.574091040368807,-0.7804231107643654
3.97,0.7747161060640289,-0.5827888691291226,-2.547436382333341,-0.7747161060640289
3.98,0.7687564521777839,-0.6081272343003727,-2.519971676735982,-0.7687564521777839
3.99,0.7625473252034597,-0.6331867412575215,-2.491710129274162,-0.7625473252034597
4,0.7560911319575616,-0.6579601506314926,-2.462662142510605,-0.7560911319575616
4.01,0.7493885558622927,-0.6824421583214827,-2.432831981798238,-0.7493885558622927
4.02,0.7424425525696697,-0.7066245841240055,-2.40223214932536,-0.7424425525696697
4.03,0.7352562867420552,-0.7304992314503213,-2.370875848458222,-0.7352562867420552
4.04,0.7278329781472642,-0.754058084114493,-2.338776426534347,-0.7278329781472642
4.05,0.7201759016585675,-0.7772933063333786,-2.305947374862551,-0.7201759016585675
4.06,0.7122883872546886,-0.8001972427266335,-2.272402328722924,-0.7122883872546886
4.07,0.7041738200198084,-0.8227624183167037,-2.238155067366858,-0.7041738200198084
4.08,0.6958356401435606,-0.8449815385288377,-2.203219514017012,-0.6958356401435606
4.09,0.6872773429210336,-0.8668474891910781,-2.167609735867339,-0.6872773429210336
4.1,0.6785024787527701,-0.8883533365342634,-2.131339944083072,-0.6785024787527701
4.11,0.6695146531447677,-0.9094923271920315,-2.094424493800728,-0.6695146531447677
4.12,0.6603175267084797,-0.9302578882008099,-2.056877884128116,-0.6603175267084797
4.13,0.6509148151608121,-0.9506436269998283,-2.018714758144321,-0.6509148151608121
4.14,0.6413102893241265,-0.9706433314311114,-1.979949902899715,-0.6413102893241265
4.15,0.6315077751262378,-0.9902509697394808,-1.940598249415951,-0.6315077751262378
4.16,0.6215111536004184,-1.00946069057255,-1.900674872685976,-0.6215111536004184
4.17,0.6113243608853918,-1.028266822980734,-1.860194991674012,-0.6113243608853918
4.18,0.6009513882253387,-1.046663876417243,-1.819173969315571,-0.6009513882253387
4.19,0.590396281969891,-1.064646540738084,-1.77762731251744,-0.590396281969891
4.2,0.5796631435741405,-1.082209686202055,-1.735570672157706,-0.5796631435741405
4.21,0.5687561295986282,-1.099348363470757,-1.693019843085728,-0.5687561295986282
4.22,0.5576794517093533,-1.116057803608584,-1.649990764122154,-0.5576794517093533
4.23,0.5464373766777665,-1.13233341808273,-1.60649951805891,-0.5464373766777665
4.24,0.5350342263807772,-1.148170798763179,-1.562562331659222,-0.5350342263807772
4.25,0.5234743778007451,-1.163565717922715,-1.518195575657583,-0.5234743778007451
4.26,0.511762263025487,-1.178514128236918,-1.473415764759781,-0.511762263025487
4.27,0.4999023692482716,-1.193012162784167,-1.428239557642877,-0.4999023692482716
4.28,0.4878992387678271,-1.207056135045631,-1.382683756955235,-0.4878992387678271
4.29,0.4757574689883324,-1.220642538905282,-1.336765309316491,-0.4757574689883324
4.3,0.4634817124194203,-1.233768048649883,-1.29050130531756,-0.4634817124194203
4.31,0.4510766766761798,-1.246429518968997,-1.24390897952065,-0.4510766766761798
4.32,0.4385471244791557,-1.258623984954981,-1.197005710459257,-0.4385471244791557
4.33,0.4258978736543476,-1.270348662102988,-1.149809020638161,-0.4258978736543476
4.34,0.413133797133204,-1.281600946310973,-1.102336576533408,-0.413133797133204
4.350000000000001,0.4002598229526337,-1.292378413879681,-1.054606188592346,-0.4002598229526337
4.36,0.3872809342549987,-1.30267882151265,-1.006635811233608,-0.3872809342549987
4.37,0.3742021692881159,-1.312500106316227,-0.958443542847106,-0.3742021692881159
4.38,0.3610286214052543,-1.321840385799543,-0.9100476257940318,-0.3610286214052543
4.39,0.3477650967973499,-1.330698031101888,-0.8614652426237842,-0.3477650967973499
4.4,0.3344140969989702,-1.339071868910293,-0.8127054872768006,-0.3344140969989702
4.41,0.320980301935225,-1.346960041759873,-0.7637851839493075,-0.320980301935225
4.42,0.307468957928251,-1.354360717486799,-0.7147231105089845,-0.307468957928251
4.43,0.2938852874126648,-1.361272251164697,-0.6655379119863885,-0.2938852874126648
4.44,0.2802344889355619,-1.367693185104654,-0.6162481005749436,-0.2802344889355619
4.45,0.2665217371565202,-1.37362224885521,-0.566872055630958,-0.2665217371565202
4.46,0.252752182847594,-1.379058359202367,-0.5174280236735985,-0.252752182847594
4.47,0.2389309528933179,-1.384000620169583,-0.4679341183849083,-0.2389309528933179
4.48,0.2250631502907049,-1.388448323017775,-0.4184083206097976,-0.2250631502907049
4.49,0.211153854149251,-1.392400946245316,-0.3688684783560611,-0.211153854149251
4.5,0.197208119690928,-1.395858155588037,-0.3193323067943526,-0.197208119690928
4.51,0.1832309782501884,-1.398819804019229,-0.2698173882582011,-0.1832309782501884
4.52,0.1692274372739628,-1.401285931749638,-0.2203411722440037,-0.1692274372739628
4.53,0.155202480321665,-1.403256766227469,-0.1709209754110411,-0.155202480321665
4.54,0.1411610670651845,-1.404732722138385,-0.1215739815814536,-0.1411610670651845
4.55,0.1271081332888917,-1.405714401405507,-0.07231724174025733,-0.1271081332888917
4.56,0.1130485908896348,-1.406202593189412,-0.02316767403533461,-0.1130485908896348
4.57,0.09898732787674536,-1.406198273888137,0.02585793622254666,-0.09898732787674536
4.58,0.08492920837203095,-1.405702607137175,0.07474293655975936,-0.08492920837203095
4.59,0.07087907260977899,-1.404716943809478,0.1234708073398028,-0.07087907260977899
4.600000000000001,0.0568417369367562,-1.403242822015455,0.1720251617633058,-0.0568417369367562
4.61,0.04282199381221143,-1.401281967102973,0.2203897458680155,-0.04282199381221143
4.62,0.02882461180787023,-1.398836291657357,0.2685484385288178,-0.02882461180787023
4.63,0.01485433560793766,-1.395907895501389,0.3164852514577261,-0.01485433560793766
4.64,0.0009158860090992052,-1.392499065695311,0.3641843292038787,-0.0009158860090992052
4.65,-0.01298604007948151,-1.388612276536819,0.4116299491535472,0.01298604007948151
4.66,-0.02684676963615872,-1.38425018956107,0.458806521530122,0.02684676963615872
4.67,-0.04066165352680931,-1.379415653540678,0.5056985893941295,0.04066165352680931
4.68,-0.05442606650483139,-1.374111704485714,0.5522908286432259,0.05442606650483139
4.69,-0.06813540721114245,-1.368341565643706,0.5985680480121927,0.06813540721114245
4.7,-0.0817850981741798,-1.362108647499643,0.6445151890729365,0.0817850981741798
4.71,-0.09537058580990303,-1.355416547775969,0.6901173262344986,0.09537058580990303
4.72,-0.1088873404217907,-1.348269051432585,0.7353596667430432,0.1088873404217907
4.73,-0.1223308562008445,-1.340670130666853,0.7802275506818717,0.1223308562008445
4.74,-0.1356966512255833,-1.332623944913589,0.8247064509714018,0.1356966512255833
4.75,-0.1489802674620478,-1.324134840845073,0.8687819733691849,0.1489802674620478
4.76,-0.1621772707638002,-1.315207352371034,0.912439856469903,0.1621772707638002
4.77,-0.1752832508719256,-1.305846200638665,0.9556659717053756,0.1752832508719256
4.78,-0.1882938214150216,-1.296056294032616,0.9984463233445214,0.1882938214150216
4.79,-0.2012046199092141,-1.285842728174992,1.040767048493416,0.2012046199092141
4.8,-0.2140113077581463,-1.275210785925359,1.08261441709525,0.2140113077581463
4.81,-0.2267095702529838,-1.264165937380737,1.12397483193035,0.2267095702529838
4.82,-0.2392951165724106,-1.252713839875613,1.164834828616166,0.2392951165724106
4.83,-0.2517636797826329,-1.240860337981912,1.205181075607274,0.2517636797826329
4.84,-0.2641121282844254,-1.228608645313581,1.245003490259571,0.2641121282844254
4.850000000000001,-0.2763376506496129,-1.21596086641276,1.284292805997706,0.2763376506496129
4.86,-0.2884360069672811,-1.202922673542388,1.323035735765487,0.2884360069672811
4.87,-0.3004030336574469,-1.189499837626282,1.361219284795912,0.3004030336574469
4.88,-0.3122346503750086,-1.17569821153485,1.398830770181412,0.3122346503750086
4.89,-0.3239268600097477,-1.161523730085079,1.435857820873858,0.3239268600097477
4.9,-0.3354757486863298,-1.146982410040542,1.47228837768456,0.3354757486863298
4.91,-0.3468774857643005,-1.1320803501114,1.508110693284257,0.3468774857643005
4.92,-0.3581283238380912,-1.116823730954392,1.543313332203135,0.3581283238380912
4.93,-0.369224598737016,-1.101218815172847,1.577885170830815,0.369224598737016
4.94,-0.3801627295252721,-1.085271947316671,1.611815397416358,0.3801627295252721
4.95,-0.3909392185019375,-1.068989553882363,1.645093512068253,0.3909392185019375
4.96,-0.4015506512009758,-1.052378143313,1.677709326754439,0.4015506512009758
4.97,-0.4119936963912329,-1.035444305998244,1.709652965302286,0.4119936963912329
4.98,-0.4222651060764385,-1.018194714274342,1.740914863398606,0.4222651060764385
4.99,-0.4323617154952025,-1.000636122424128,1.77148576858964,0.4323617154952025
5,-0.4422804431210206,-0.9827753666770161,1.801356740281074,0.4422804431210206
5.01,-0.4520182906622712,-0.964619365209005,1.830519149738033,0.4520182906622712
5.02,-0.4615723430622155,-0.9461751181426785,1.858964680085077,0.4615723430622155
5.03,-0.470939768498996,-0.9274497075472071,1.8866853263062,0.470939768498996
5.04,-0.4801178183856408,-0.9084502974383415,1.913673395244839,0.4801178183856408
5.05,-0.4891038273700596,-0.8891841337784188,1.939921505603866,0.4891038273700596
5.06,-0.4978952133350465,-0.869658544476357,1.965422587945596,0.4978952133350465
5.07,-0.5064894773982757,-0.8498809393876652,1.99016988469177,0.5064894773982757
5.08,-0.5148842039123074,-0.8298588103144309,2.014156950123578,0.5148842039123074
5.09,-0.523077060464584,-0.8095997310053279,2.037377650381645,0.523077060464584
5.100000000000001,-0.5310657978774305,-0.7891113571556096,2.05982616346603,0.5310657978774305
5.11,-0.5388482502080548,-0.7684014264071244,2.081496979236233,0.5388482502080548
5.12,-0.5464223347485483,-0.7474777583482946,2.10238489941119,0.5464223347485483
5.13,-0.5537860520258852,-0.726348254514131,2.122485037569275,0.5537860520258852
5.14,-0.5609374858019239,-0.7050208983862284,2.141792819148304,0.5609374858019239
5.15,-0.5678748030734034,-0.6835037553927616,2.160303981445522,0.5678748030734034
5.16,-0.5745962540719467,-0.6618049729084964,2.178014573617615,0.5745962540719467
5.17,-0.5811001722640622,-0.639932780254782,2.194920956680716,0.5811001722640622
5.18,-0.587384974351138,-0.6178954886995479,2.211019803510382,0.587384974351138
5.19,-0.5934491602694469,-0.5957014914573042,2.226308098841615,0.5934491602694469
5.2,-0.5992913131901445,-0.5733592636891578,2.240783139268853,0.5992913131901445
5.21,-0.6049100995192683,-0.550877362502791,2.25444253324597,0.6049100995192683
5.22,-0.6103042688977419,-0.5282644269524678,2.267284201086285,0.6103042688977419
5.23,-0.6154726542013679,-0.5055291780390407,2.279306374962542,0.6154726542013679
5.24,-0.6204143283240412,-0.4826781688320655,2.290507550088792,0.6204143283240412
5.25,-0.6251283844923555,-0.4597163194931271,2.300885859832769,0.6251283844923555
5.26,-0.6296135918346448,-0.4366524802795602,2.310439347332015,0.6296135918346448
5.27,-0.6338688039466231,-0.4134955268989893,2.31916635701494,0.6338688039466231
5.28,-0.6378929656096261,-0.3902542828610811,2.327065537478088,0.6378929656096261
5.29,-0.6416851127906134,-0.3669375194775302,2.334135841486121,0.6416851127906134
5.3,-0.6452443726421667,-0.3435539558620693,2.340376525971838,0.6452443726421667
5.31,-0.6485699635024912,-0.3201122589304636,2.345787152036155,0.6485699635024912
5.32,-0.6516611948954136,-0.2966210434005201,2.350367584948121,0.6516611948954136
5.33,-0.6545174675303845,-0.2730888717920745,2.354117994144908,0.6545174675303845
5.34,-0.6571382733024766,-0.2495242544269999,2.357038853231818,0.6571382733024766
5.350000000000001,-0.659523195292386,-0.2259356494292023,2.359130939982276,0.659523195292386
5.36,-0.6616719077664305,-0.2023314627246294,2.360395336337836,0.6616719077664305
5.37,-0.6635841761765515,-0.1787200480412574,2.36083342840818,0.6635841761765515
5.38,-0.6652598571603127,-0.1551097069091,2.360446906471112,0.6652598571603127
5.39,-0.6666988985409008,-0.1315086886602062,2.359237764972567,0.6666988985409008
5.4,-0.6679013393271253,-0.1079251904286577,2.357208302526604,0.6679013393271253
5.41,-0.668867309713418,-0.08436735715057783,2.354361121915411,0.668867309713418
5.42,-0.6695970310798341,-0.06084328156411923,2.350699130089301,0.6695970310798341
5.43,-0.6700908159920506,-0.03736100420947085,2.346225538166713,0.6700908159920506
5.44,-0.6703490682013681,-0.01392851342885553,2.340943861434214,0.6703490682013681
5.45,-0.6703722826447099,0.009446254633462704,2.334857919346499,0.6703722826447099
5.46,-0.6701610454446219,0.0327554160311908,2.327971835526388,0.6701610454446219
5.47,-0.669716033909272,0.05599113901599934,2.320290037764826,0.669716033909272
5.48,-0.669038016532452,0.07914564403752397,2.311817258020886,0.669038016532452
5.49,-0.6681278529935754,0.102211203743361,2.302558532421769,0.6681278529935754
5.5,-0.6669864941576799,0.1251801429790763,2.292519201262803,0.6669864941576799
5.51,-0.6656149820754236,0.1480448387881994,2.281704909007438,0.6656149820754236
5.52,-0.6640144499830899,0.1707977204122262,2.270121604287256,0.6640144499830899
5.53,-0.6621861223025838,0.1934312692906114,2.257775539901965,0.6621861223025838
5.54,-0.6601313146414317,0.2159380190607812,2.244673272819394,0.6601313146414317
5.55,-0.6578514337927863,0.2383105555581234,2.230821664175509,0.6578514337927863
5.56,-0.6553479777354183,0.2605415168159942,2.21622787927439,0.6553479777354183
5.57,-0.6526225356337246,0.2826235930657074,2.200899387588251,0.6526225356337246
5.58,-0.6496767878377252,0.3045495267365479,2.184843962757438,0.6496767878377252
5.59,-0.6465125058830612,0.3263121124557632,2.168069682590418,0.6465125058830612
5.600000000000001,-0.6431315524909949,0.347904197048569,2.150584929063774,0.6431315524909949
5.61,-0.6395358815684148,0.3693186795381386,2.132398388322233,0.6395358815684148
5.62,-0.6357275382078301,0.3905485111456158,2.113519050678641,0.6357275382078301
5.63,-0.6317086586873732,0.4115866952901083,2.09395621061397,0.6317086586873732
5.64,-0.6274814704707995,0.4324262875886888,2.073719466777321,0.6274814704707995
5.65,-0.6230482922074867,0.453060395856394,2.052818721985919,0.6230482922074867
5.66,-0.6184115337324347,0.4734821801062247,2.031264183225116,0.6184115337324347
5.67,-0.6135736960662693,0.4936848525491458,2.009066361648399,0.6135736960662693
5.68,-0.6085366118797233,0.5136626465123346,1.986233168255733,0.6085366118797233
5.69,-0.6033008095306805,0.5334113393338272,1.962767558156792,0.6033008095306805
5.7,-0.5978686300156296,0.5529243003492176,1.938679442840684,0.5978686300156296
5.71,-0.5922425626284094,0.5721949033195907,1.913979249753074,0.5922425626284094
5.72,-0.5864251417378067,0.5912166654927186,1.888677525645706,0.5864251417378067
5.73,-0.5804189467875551,0.6099832476030631,1.862784936576393,0.5804189467875551
5.74,-0.5742266022963372,0.6284884538717695,1.836312267909032,0.5742266022963372
5.75,-0.5678507778577805,0.6467262320066769,1.809270424313584,0.5678507778577805
5.76,-0.5612941881404613,0.6646906732023101,1.781670429766088,0.5612941881404613
5.77,-0.554559592887902,0.6823760121398851,1.753523427548653,0.554559592887902
5.78,-0.5476497969185742,0.6997766269873006,1.724840680249472,0.5476497969185742
5.79,-0.540567650125895,0.7168870393991488,1.695633569762802,0.540567650125895
5.8,-0.5333160474782289,0.7337019145167087,1.665913597288978,0.5333160474782289
5.81,-0.5258979290188882,0.7502160609679496,1.635692383334405,0.5258979290188882
5.82,-0.518316279866133,0.7664244308675237,1.604981667711573,0.518316279866133
5.83,-0.5105741302131696,0.7823221198167762,1.573793309539034,0.5105741302131696
5.84,-0.5026745553281522,0.7979043669037411,1.542139287241419,0.5026745553281522
5.850000000000001,-0.4946206755541809,0.8131665547031398,1.51003169854943,0.4946206755541809
5.86,-0.486415656309306,0.8281042092763786,1.477482760499851,0.486415656309306
5.87,-0.4780627080865227,0.8427130001715576,1.444504809435532,0.4780627080865227
5.88,-0.4695650864537735,0.8569887404234616,1.411110301005398,0.4695650864537735
5.89,-0.4609260920539492,0.8709273865535661,1.377311810164451,0.4609260920539492
5.9,-0.4521490706048865,0.8845250385700344,1.343122031173762,0.4521490706048865
5.91,-0.4432374128993717,0.8977779399677164,1.308553777600486,0.4432374128993717
5.92,-0.4341945548051368,0.9106824777281525,1.273619982317844,0.4341945548051368
5.93,-0.4250239772648603,0.92323518231957,1.238333697505128,0.4250239772648603
5.94,-0.4157292062961683,0.9354327276968865,1.20270809464771,0.4157292062961683
5.95,-0.4063138129916361,0.9472719313017062,1.166756464537036,0.4063138129916361
5.96,-0.3967814135187854,0.9587497540623222,1.130492217270628,0.3967814135187854
5.97,-0.3871356691200831,0.9698633003937157,1.093928882252072,0.3871356691200831
5.98,-0.3773802861129447,0.9806098181975587,1.057080108191034,0.3773802861129447
5.99,-0.3675190158897356,0.9909866988622076,1.019959663103264,0.3675190158897356
6,-0.3575556549177633,1.000991477262708,0.9825814343105659,0.3575556549177633
6.01,-0.3474940447392879,1.010621831760798,0.9449594284408365,0.3474940447392879
6.02,-0.3373380719715113,1.0198755842049,0.9071077714280286,0.3373380719715113
6.03,-0.3270916683065882,1.028750699930126,0.8690407085121881,0.3270916683065882
6.04,-0.3167588105116178,1.037245287758275,0.830772604239425,0.3167588105116178
6.05,-0.3063435204286439,1.045357599997837,0.7923179424619139,0.3063435204286439
6.06,-0.2958498649746633,1.05308603244399,0.753691326337923,0.2958498649746633
6.07,-0.2852816206429999,1.060429203695177,0.7149062876153696,0.2852816206429999
6.08,-0.274640782751546,1.067386112013886,0.6759700473942852,0.274640782751546
6.09,-0.2639311624054837,1.073955161096565,0.6368963147580204,0.2639311624054837
6.100000000000001,-0.2531569461453942,1.080134788315956,0.5977000989440343,0.2531569461453942
6.11,-0.2423223024888825,1.085923581579112,0.5583963066354705,0.2423223024888825
6.12,-0.2314313819305718,1.0913202793274,0.5189997419611362,0.2314313819305718
6.13,-0.2204883169421069,1.0963237705365,0.4795251064955156,0.2204883169421069
6.140000000000001,-0.2094972219721527,1.100933094716408,0.4399869992587629,0.2094972219721527
6.15,-0.1984621934463975,1.105147441911428,0.4003999167167169,0.1984621934463975
6.16,-0.1873873097675481,1.108966152700184,0.3607782527808795,0.1873873097675481
6.17,-0.1762766313153326,1.112388718195607,0.3211362988084301,0.1762766313153326
6.18,-0.1651342004465001,1.115414780044946,0.2814882436022216,0.1651342004465001
6.19,-0.1539640414948198,1.118044130429761,0.2418481734107771,0.1539640414948198
6.2,-0.1427701607710844,1.120276712065926,0.2022300719283038,0.1427701607710844
6.21,-0.1315565465631047,1.122112618203627,0.1626478202946728,0.1315565465631047
6.22,-0.1203271691357132,1.123552092627367,0.1231151970954316,0.1203271691357132
6.23,-0.1090859807307625,1.124595529655957,0.08364587836179883,0.1090859807307625
6.24,-0.09783691556712874,1.125243474142527,0.04425343757067657,0.09783691556712874
6.25,-0.08658388984070606,1.125496621474516,0.004951345644630487,0.08658388984070606
6.26,-0.07533080172441055,1.125355817573678,-0.0342470290480962,0.07533080172441055
6.27,-0.06408153136817807,1.124822058896081,-0.07332842069359044,0.06408153136817807
6.28,-0.0528399408989681,1.123896492432105,-0.1122796660322553,0.0528399408989681
6.29,-0.04160987442075845,1.122580415706445,-0.1510877043588295,0.04160987442075845
6.3,-0.03039515801454858,1.120875276778106,-0.1897395775223751,0.03039515801454858
6.31,-0.01919959973835737,1.118782674240411,-0.2282224299262848,0.01919959973835737
6.32,-0.008026989627228203,1.116304357220992,-0.2665235085282659,0.008026989627228203
6.33,0.003118900306777703,1.113442225381798,-0.3046301628403615,-0.003118900306777703
6.34,0.01423431607457786,1.110198328919089,-0.3425298449289401,-0.01423431607457786
6.350000000000001,0.0253155217100695,1.106574868563438,-0.380210109414698,-0.0253155217100695
6.36,0.03635879927012596,1.102574195579734,-0.4176586134726479,-0.03635879927012596
6.37,0.0473604488346032,1.098198811767177,-0.4548631168321401,-0.0473604488346032
6.38,0.05831678850633408,1.09345136945928,-0.4918114817768438,-0.05831678850633408
6.390000000000001,0.06922415441113415,1.088334671523871,-0.5284916731447662,-0.06922415441113415
6.4,0.08007890069779162,1.082851671363092,-0.5648917583282191,-0.08007890069779162
6.41,0.09087739953807966,1.077005472913394,-0.6009999072738598,-0.09087739953807966
6.42,0.1016160411267485,1.070799330645549,-0.6368043924826658,-0.1016160411267485
6.43,0.1122912336815274,1.064236649564634,-0.6722935890099394,-0.1122912336815274
6.44,0.1228994034431265,1.057320985210042,-0.7074559744653146,-0.1228994034431265
6.45,0.1334369946752304,1.050056043655484,-0.742280129012738,-0.1334369946752304
6.46,0.1439004696645083,1.042445681508979,-0.7767547353704984,-0.1439004696645083
6.47,0.1542863087206055,1.03449390591286,-0.8108685788112021,-0.1542863087206055
6.48,0.1645910101761483,1.026204874543777,-0.8446105471617877,-0.1645910101761483
6.49,0.1748110903867396,1.017582895612689,-0.8779696308035108,-0.1748110903867396
6.5,0.1849430837309627,1.00863242786487,-0.9109349226719579,-0.1849430837309627
6.51,0.1949835458336431,0.9993580728979382,-0.943495627468834,-0.1949835458336431
6.52,0.2049301940361039,0.9897617280206603,-0.975644286972485,-0.2049301940361039
6.53,0.2147804963334433,0.9798456264941288,-1.007372662210688,-0.2147804963334433
6.54,0.2245310291476356,0.9696142456235816,-1.038669997615509,-0.2245310291476356
6.55,0.2341784349085839,0.9590721303327546,-1.069525785604713,-0.2341784349085839
6.56,0.2437194220541219,0.948223893163878,-1.099929766581771,-0.2437194220541219
6.57,0.2531507650300107,0.9370742142776822,-1.129871928935853,-0.2531507650300107
6.58,0.2624693042899442,0.9256278414533906,-1.159342509041838,-0.2624693042899442
6.59,0.2716719462955446,0.9138895900887227,-1.188331991260308,-0.2716719462955446
6.600000000000001,0.2807556635163658,0.9018643431998955,-1.21683110793755,-0.2807556635163658
6.61,0.2897174944298885,0.8895570514216243,-1.244830839405549,-0.2897174944298885
6.62,0.2985545435215256,0.8769727330071165,-1.272322413982,-0.2985545435215256
6.63,0.3072639812846197,0.8641164738280792,-1.2992973079703,-0.3072639812846197
6.640000000000001,0.3158430442204437,0.8509934273747125,-1.325747245659553,-0.3158430442204437
6.65,0.324289034838198,0.8376088147557174,-1.351664199324559,-0.324289034838198
6.66,0.3325993216550156,0.8239679246982878,-1.377040389225829,-0.3325993216550156
6.67,0.3407713391959581,0.8100761135481142,-1.401868283609576,-0.3407713391959581
6.68,0.3488025879940174,0.7959388052693847,-1.426140598707717,-0.3488025879940174
6.69,0.3566906345901159,0.781561491444781,-1.449850298737874,-0.3566906345901159
6.7,0.3644331115331038,0.7669497312754856,-1.472990595903367,-0.3644331115331038
6.71,0.3720277173797633,0.7521091515811745,-1.495554950393228,-0.3720277173797633
6.72,0.3794722166948056,0.7370454468000195,-1.517537070382188,-0.3794722166948056
6.73,0.386764440050873,0.7217643789886879,-1.538930912030686,-0.386764440050873
6.74,0.3939022840285351,0.7062717778223487,-1.559730679484859,-0.3939022840285351
6.75,0.4008837112162935,0.6905735405946615,-1.579930824876551,-0.4008837112162935
6.76,0.4077067502105796,0.674675632217784,-1.599526048323313,-0.4077067502105796
6.77,0.4143694956157548,0.6585840852223688,-1.618511297928397,-0.4143694956157548
6.78,0.4208701080441082,0.6423049997575694,-1.636881769780755,-0.4208701080441082
6.79,0.4272068141158621,0.6258445435910317,-1.654632907955051,-0.4272068141158621
6.8,0.4333779064591662,0.6092089521088979,-1.671760404511647,-0.4333779064591662
6.81,0.4393817437101016,0.5924045283158067,-1.688260199496611,-0.4393817437101016
6.82,0.4452167505126782,0.5754376428348962,-1.704128480941715,-0.4452167505126782
6.83,0.4508814175188366,0.5583147339077977,-1.719361684864435,-0.4508814175188366
6.84,0.456374301388446,0.541042307394637,-1.733956495267947,-0.456374301388446
6.850000000000001,0.4616940247893088,0.5236269367740412,-1.747909844141141,-0.4616940247893088
6.86,0.4668392763971527,0.506075263143132,-1.761218911458599,-0.4668392763971527
6.87,0.4718088108956388,0.4883939952175245,-1.773881125180615,-0.4718088108956388
6.88,0.4766014489763561,0.4705899093313328,-1.785894161253182,-0.4766014489763561
6.890000000000001,0.4812160773388257,0.4526698494371674,-1.797255943608002,-0.4812160773388257
6.9,0.4856516486904959,0.4346407271061344,-1.807964644162477,-0.4856516486904959
6.91,0.4899071855636379,0.4165094795733376,-1.818018685059244,-0.4899071855636379
6.92,0.4939819964742821,0.3982800982968364,-1.827416708397938,-0.4939819964742821
6.93,0.4978751792230766,0.3799578222569444,-1.836156950716554,-0.4978751792230766
6.94,0.5015856985878389,0.361549767085144,-1.844237679855961,-0.5015856985878389
6.95,0.5051125926768872,0.3430630090635096,-1.851657408953007,-0.5051125926768872
6.96,0.5084549729290407,0.3245045851246967,-1.858414896440525,-0.5084549729290407
6.97,0.5116120241136199,0.3058814928519492,-1.864509146047326,-0.5116120241136199
6.98,0.514583004330446,0.2872006904790957,-1.869939406798205,-0.514583004330446
6.99,0.5173672450098405,0.2684690968905564,-1.874705173013936,-0.5173672450098405
7,0.5199641509126273,0.249693591621333,-1.878806184311275,-0.5199641509126273
7.01,0.5223732001301297,0.2308810148570154,-1.882242425602958,-0.5223732001301297
7.02,0.5245939440841729,0.2120381674337782,-1.885014127097707,-0.5245939440841729
7.03,0.5266260075270823,0.1931718108383877,-1.887121764300219,-0.5266260075270823
7.04,0.5284690885416851,0.1742886672081915,-1.888566058011175,-0.5284690885416851
7.05,0.5301229585413089,0.1553954193311256,-1.889347974327239,-0.5301229585413089
7.06,0.531587462269782,0.1364987106457105,-1.889468724641054,-0.531587462269782
7.07,0.5328625178014341,0.1176051452410586,-1.888929765641244,-0.5328625178014341
7.08,0.5339481165410956,0.09872128785686363,-1.887732799312415,-0.5339481165410956
7.09,0.5348443232240981,0.07985366388340744,-1.885879772935155,-0.5348443232240981
7.100000000000001,0.5355512759162736,0.06100875936155682,-1.883372879086033,-0.5355512759162736
7.11,0.5360691860139556,0.04219302098276972,-1.880214555637598,-0.5360691860139556
7.12,0.5363983382439779,0.02341285608908643,-1.87640748575838,-0.5363983382439779
7.13,0.536539090663676,0.004674632673134646,-1.871954597912895,-0.536539090663676
7.140000000000001,0.5364918746608854,-0.01401532062187341,-1.866859065861631,-0.5364918746608854
7.15,0.5362571949539436,-0.03265071450213226,-1.861124308661068,-0.5362571949539436
7.16,0.5358356295916884,-0.05122529902325727,-1.85475399066366,-0.5358356295916884
7.17,0.5352278299534582,-0.06973286359027403,-1.847752021517844,-0.5352278299534582
7.18,0.5344345207490931,-0.08816723695762232,-1.840122556168039,-0.5344345207490931
7.19,0.5334565000189334,-0.1065222872291563,-1.831869994854643,-0.5334565000189334
7.2,0.5322946391338212,-0.1247919218581394,-1.82299898311404,-0.5322946391338212
7.21,0.5309498827950988,-0.1429700876472542,-1.813514411778592,-0.5309498827950988
7.22,0.5294232490346095,-0.1610507707485922,-1.80342141697664,-0.5294232490346095
7.23,0.527715829214698,-0.179027996663664,-1.792725380132511,-0.527715829214698
7.24,0.5258287880282091,-0.1968958302433864,-1.781431927966511,-0.5258287880282091
7.25,0.5237633634984886,-0.2146483756880944,-1.769546932494924,-0.5237633634984886
7.26,0.5215208669793862,-0.232279776547535,-1.757076511030026,-0.5215208669793862
7.27,0.5191026831552468,-0.2497842157208727,-1.744027026180059,-0.5191026831552468
7.28,0.5165102700409206,-0.2671559154566772,-1.730405085849256,-0.5165102700409206
7.29,0.5137451589817582,-0.28438913735294,-1.716217543237832,-0.5137451589817582
7.3,0.5108089546536101,-0.3014781823570606,-1.701471496841979,-0.5108089546536101
7.31,0.5077033350628281,-0.318417390765855,-1.686174290453873,-0.5077033350628281
7.32,0.5044300515462637,-0.3352011422255498,-1.670333513161665,-0.5044300515462637
7.33,0.5009909287712735,-0.3518238557317886,-1.653956999349502,-0.5009909287712735
7.34,0.4973878647357091,-0.3682799896296262,-1.637052828697493,-0.4973878647357091
7.350000000000001,0.4936228067396033,-0.3845640754306919,-1.619629233481685,-0.4936228067396033
7.36,0.4896963731869191,-0.4006725470700173,-1.601689310682002,-0.4896963731869191
7.37,0.4856096681987816,-0.4166009751428731,-1.583238078572927,-0.4856096681987816
7.38,0.4813646053713,-0.4323438951711737,-1.564283650859299,-0.4813646053713
7.390000000000001,0.4769631355346087,-0.4478959567326294,-1.54483424097683,-0.4769631355346087
7.4,0.4724072467528688,-0.463251923460741,-1.52489816209211,-0.4724072467528688
7.41,0.4676989643242658,-0.4784066730448082,-1.504483827102594,-0.4676989643242658
7.42,0.4628403507810109,-0.4933551972299235,-1.483599748636614,-0.4628403507810109
7.43,0.4578335058893418,-0.508092601816975,-1.462254539053374,-0.4578335058893418
7.44,0.4526805666495202,-0.5226141066626455,-1.440456910442947,-0.4526805666495202
7.45,0.4473837072958356,-0.5369150456794096,-1.418215674626286,-0.4473837072958356
7.46,0.4419451392966011,-0.5509908668355392,-1.395539743155211,-0.4419451392966011
7.47,0.4363671113541563,-0.5648371321551008,-1.372438127312415,-0.4363671113541563
7.48,0.4306519094048658,-0.5784495177179558,-1.348919938111463,-0.4306519094048658
7.49,0.4248018566191212,-0.591823813659757,-1.324994386296798,-0.4248018566191212
7.5,0.4188193134013379,-0.6049559241719555,-1.300670782343729,-0.4188193134013379
7.51,0.4127066773899584,-0.6178418675017959,-1.275958536458442,-0.4127066773899584
7.52,0.4064663834574489,-0.6304777759523178,-1.25086715857799,-0.4064663834574489
7.53,0.4001009037103035,-0.6428598958823527,-1.225406258370306,-0.4001009037103035
7.54,0.3936127474890409,-0.6549845877065302,-1.199585545234193,-0.3936127474890409
7.55,0.3870044613682043,-0.6668483258952727,-1.173414828299323,-0.3870044613682043
7.56,0.3802786291563635,-0.6784476989747994,-1.146904016426241,-0.3802786291563635
7.57,0.3734378718961148,-0.6897794095271194,-1.120063118206374,-0.3734378718961148
7.58,0.3664848478640786,-0.7008402741900411,-1.092902241962009,-0.3664848478640786
7.59,0.3594222525709012,-0.7116272236571655,-1.065431595746311,-0.3594222525709012
7.600000000000001,0.3522528187612547,-0.7221373026778897,-1.037661487343319,-0.3522528187612547
7.61,0.3449793164138376,-0.7323676700574021,-1.009602324267944,-0.3449793164138376
7.62,0.3376045527413722,-0.7423155986566885,-0.9812646137659682,-0.3376045527413722
7.63,0.3301313721906076,-0.7519784753925299,-0.9526589628140455,-0.3301313721906076
7.640000000000001,0.3225626564423181,-0.7613538012375003,-0.9237960781197031,-0.3225626564423181
7.65,0.3149013244113046,-0.770439191219967,-0.894686766121346,-0.3149013244113046
7.66,0.3071503322463922,-0.7792323744240951,-0.8653419329882445,-0.3071503322463922
7.67,0.299312673330432,-0.7877311939898427,-0.835772584620544,-0.299312673330432
7.68,0.291391378280301,-0.7959336071129623,-0.805989826649264,-0.291391378280301
7.69,0.283389514946901,-0.8038376850450017,-0.7760048644362927,-0.283389514946901
7.7,0.2753101884151608,-0.8114416130933034,-0.7458290030743964,-0.2753101884151608
7.71,0.2671565410040344,-0.8187436906210031,-0.715473647387213,-0.2671565410040344
7.72,0.2589317522664993,-0.8257423310470321,-0.6849503019292456,-0.2589317522664993
7.73,0.2506390389895619,-0.8324360618461181,-0.6542705709858805,-0.2506390389895619
7.74,0.2422816551942509,-0.8388235245487781,-0.6234461585733663,-0.2422816551942509
7.75,0.2338624538169428,-0.8449035773280886,-0.5924873131122117,-0.2338624538169428
7.76,0.2253830390493501,-0.8506753059867589,-0.5613998690392484,-0.2253830390493501
7.77,0.2168465841720403,-0.8561373143363217,-0.5301952588088024,-0.2168465841720403
7.78,0.2082564272197149,-0.8612882747205621,-0.4988854712336973,-0.2082564272197149
7.79,0.1996158927874544,-0.8661269805653473,-0.4674824163228961,-0.1996158927874544
7.8,0.19092829203072,-0.8706523463786209,-0.4359979252815092,-0.19092829203072
7.81,0.1821969226653529,-0.8748634077504065,-0.4044437505107914,-0.1821969226653529
7.82,0.1734250689675769,-0.8787593213528049,-0.3728315656081515,-0.1734250689675769
7.83,0.1646160017739943,-0.8823393649399973,-0.3411729653671361,-0.1646160017739943
7.84,0.1557729784815882,-0.8856029373482425,-0.3094794657774406,-0.1557729784815882
7.850000000000001,0.1468992430477216,-0.8885495584958786,-0.2777625040249035,-0.1468992430477216
7.86,0.1379980259901405,-0.8911788693833212,-0.2460334384915186,-0.1379980259901405
7.87,0.1290725443869689,-0.8934906320930665,-0.2143035487554164,-0.1290725443869689
7.88,0.1201260018767119,-0.8954847297896875,-0.1825840355908767,-0.1201260018767119
7.890000000000001,0.1111615886582547,-0.8971611667198377,-0.1508860209683228,-0.1111615886582547
7.9,0.1021824814908649,-0.8985200682122472,-0.119220548054332,-0.1021824814908649
7.91,0.09319184369418851,-0.8995616806777268,-0.08759858121161988,-0.09319184369418851
7.92,0.08419282514825274,-0.9002863716091644,-0.05603100599905046,-0.08419282514825274
7.930000000000001,0.07518856229346453,-0.9006946295815283,-0.02452862917163125,-0.07518856229346453
7.94,0.06618217813061361,-0.9007870642518638,0.006897821319475729,-0.06618217813061361
7.95,0.05717678222086777,-0.9005644063592954,0.03823769632697105,-0.05717678222086777
7.96,0.04817547068577614,-0.9000275077250268,0.06948042550740624,-0.04817547068577614
7.97,0.03918132620726847,-0.8991773412523402,0.1006155173211865,-0.03918132620726847
7.98,0.03019741802765391,-0.8980150009265958,0.1316325590325742,-0.03019741802765391
7.99,0.02122680194962484,-0.8965417018152337,0.1625212167096765,-0.02122680194962484
8,0.01227252033625148,-0.8947587800677714,0.1932712352244635,-0.01227252033625148
8.01,0.003337602110985232,-0.8926676929158063,0.2238724382527567,-0.003337602110985232
8.02,-0.005574937242341758,-0.8902700186730134,0.2543147282742307,0.005574937242341758
8.029999999999999,-0.01446209567951693,-0.8875674567351476,0.2845880865724145,0.01446209567951693
8.040000000000001,-0.02332088459594862,-0.8845618275800408,0.3146825732346952,0.02332088459594862
8.050000000000001,-0.03214832882666085,-0.8812550727676048,0.344588327152301,0.03214832882666085
8.06,-0.04094146664630002,-0.877649254939831,0.3742955660203242,0.04094146664630002
8.07,-0.04969734976913331,-0.8737465578207866,0.4037945863377144,0.04969734976913331
8.08,-0.05841304334904439,-0.8695492862166206,0.4330757634072657,0.05841304334904439
8.09,-0.06708562597953814,-0.8650598660155595,0.4621295513356317,0.06708562597953814
8.1,-0.07571218969373875,-0.860280844187908,0.4909464830333187,0.07571218969373875
8.109999999999999,-0.0842898399643898,-0.8552148887860488,0.5195171702146868,0.0842898399643898
8.120000000000001,-0.09281569570385656,-0.8498647889444435,0.5478323033979571,0.09281569570385656
8.130000000000001,-0.101286889264118,-0.8442334548796361,0.5758826519051861,0.101286889264118
8.140000000000001,-0.109700566436777,-0.8383239178902451,0.6036590638622973,0.109700566436777
8.15,-0.1180538864530563,-0.8321393303569696,0.6311524661990707,0.1180538864530563
8.16,-0.1263440219837965,-0.8256829657425848,0.6583538646491337,0.1263440219837965
8.17,-0.1345681591394594,-0.8189582185919482,0.6852543437499742,0.1345681591394594
8.18,-0.1427234974701241,-0.8119686045319942,0.7118450668429257,0.1427234974701241
8.19,-0.1508073114270014,-0.8047176156265632,0.7381174522063969,0.1508073114270014
8.199999999999999,-0.1588179881694431,-0.7972061322493214,0.7640661087035643,0.1588179881694431
8.210000000000001,-0.1667531761573126,-0.7894365887736062,0.7896834796012707,0.1667531761573126
8.220000000000001,-0.1746101178335146,-0.7814125046467225,0.8149608788007962,0.1746101178335146
8.23,-0.1823861079062835,-0.7731374552377656,0.8398898171877238,0.1823861079062835
8.24,-0.1900784933491778,-0.7646150718376262,0.8644620026319203,0.1900784933491778
8.25,-0.1976846734010813,-0.7558490416589896,0.8886693399875418,0.1976846734010813
8.26,-0.2052020995662031,-0.7468431078363351,0.9125039310930323,0.2052020995662031
8.27,-0.2126282756140778,-0.7376010694259362,0.9359580747711245,0.2126282756140778
8.279999999999999,-0.2199607575795655,-0.7281267814058611,0.9590242668288403,0.2199607575795655
8.290000000000001,-0.2271971537628529,-0.7184241546759702,0.9816952000574947,0.2271971537628529
8.300000000000001,-0.2343351247294482,-0.7084971560579235,1.003963764232678,0.2343351247294482
8.31,-0.2413723833101891,-0.6983498082951706,1.025823046114283,0.2413723833101891
8.32,-0.248306694601237,-0.6879861900529558,1.047266329446484,0.248306694601237
8.33,-0.2551358759640791,-0.6774104359183191,1.068287094957749,0.2551358759640791
8.34,-0.2618577970255278,-0.666626736400094,1.08887902036083,0.2618577970255278
8.35,-0.2684703796777209,-0.6556393379289087,1.109035980352771,0.2684703796777209
8.359999999999999,-0.2749715980781218,-0.6444525428571852,1.128752046614902,0.2749715980781218
8.370000000000001,-0.2813594786495202,-0.6330707094591381,1.148021487812847,0.2813594786495202
8.380000000000001,-0.2876321000800279,-0.6214982519307828,1.166838769596508,0.2876321000800279
8.390000000000001,-0.2937875933230856,-0.6097396403899218,1.185198554600085,0.2937875933230856
8.4,-0.2998241415974582,-0.5977994008761547,1.203095702442066,0.2998241415974582
8.41,-0.3057399803872358,-0.5856821153508754,1.220525269725223,0.3057399803872358
8.42,-0.3115333974418343,-0.5733924216972719,1.237482510036622,0.3115333974418343
8.43,-0.3172027327759949,-0.5609350137203264,1.253962873947614,0.3172027327759949
8.44,-0.3227463786697839,-0.5483146411468158,1.269962009013839,0.3227463786697839
8.449999999999999,-0.3281627796685931,-0.5355361096253102,1.285475759775228,0.3281627796685931
8.460000000000001,-0.3334504325831411,-0.5226042807261735,1.300500167756002,0.3334504325831411
8.470000000000001,-0.3386078864894682,-0.509524071941569,1.31503147146466,0.3386078864894682
8.48,-0.3436337427289441,-0.4963004566854486,1.329066106394003,0.3436337427289441
8.49,-0.3485266549082623,-0.4829384642935596,1.342600705021117,0.3485266549082623
8.5,-0.3532853288994414,-0.4694431800234454,1.355632096807371,0.3532853288994414
8.51,-0.3579085228398259,-0.4558197450544422,1.368157308198428,0.3579085228398259
8.52,-0.3623950471320856,-0.4420733564876805,1.38017356262424,0.3623950471320856
8.529999999999999,-0.3667437644442153,-0.4282092673460866,1.391678280499044,0.3667437644442153
8.540000000000001,-0.3709535897095372,-0.4142327865743755,1.402669079221372,0.3709535897095372
8.550000000000001,-0.3750234901266949,-0.4001492790390687,1.413143773174035,0.3750234901266949
8.56,-0.3789524851596606,-0.3859641655284687,1.42310037372414,0.3789524851596606
8.57,-0.3827396465377315,-0.3716829227526815,1.432537089223082,0.3827396465377315
8.58,-0.3863840982555293,-0.3573110833435978,1.441452325006541,0.3863840982555293
8.59,-0.3898850695610446,-0.342853676163248,1.449844720483436,0.3898850695610446
8.6,-0.3932419873333223,-0.3283134096519871,1.457712991943047,0.3932419873333223
8.609999999999999,-0.3964539773098106,-0.3136955454835141,1.46505547931169,0.3964539773098106
8.620000000000001,-0.3995201758929519,-0.2990057486210181,1.471870666099219,0.3995201758929519
8.630000000000001,-0.4024397784671524,-0.284249654739651,1.478157233737692,0.4024397784671524
8.640000000000001,-0.405212039398786,-0.2694328702265128,1.483914061581381,0.405212039398786
8.65,-0.4078362720361925,-0.2545609721806613,1.489140226906764,0.4078362720361925
8.66,-0.410311848709677,-0.2396395084131103,1.493835004912527,0.410311848709677
8.67,-0.4126382007315109,-0.2246739974468284,1.497997868719564,0.4126382007315109
8.68,-0.4148148183959314,-0.20966992851674,1.501628489370979,0.4148148183959314
8.69,-0.4168412509791421,-0.1946327615697252,1.504726735832083,0.4168412509791421
8.700000000000001,-0.4187171067393123,-0.1795679272646167,1.507292674990396,0.4187171067393123
8.710000000000001,-0.4204420529165767,-0.1644808269722108,1.509326571655645,0.4204420529165767
8.720000000000001,-0.4220158157330366,-0.1493768327752511,1.510828888559768,0.4220158157330366
8.73,-0.4234381803927592,-0.1342612874684397,1.511800286356908,0.4234381803927592
8.74,-0.4247089910817777,-0.1191395045584337,1.512241623623419,0.4247089910817777
8.75,-0.425828150968091,-0.1040167682638462,1.512153956857863,0.425828150968091
8.76,-0.4267956222016644,-0.08889833351524559,1.511538540481009,0.4267956222016644
8.77,-0.4276114259144286,-0.07378942595515545,1.510396826835835,0.4276114259144286
8.779999999999999,-0.4282756422202805,-0.05869524193805548,1.508730466187528,0.4282756422202805
8.790000000000001,-0.4287884102150834,-0.04362094853037791,1.506541306723483,0.4287884102150834
8.800000000000001,-0.4291499279766657,-0.02857168351051814,1.503831394553302,0.4291499279766657
8.81,-0.4293604525648224,-0.01355255536881942,1.500602973708797,0.4293604525648224
8.82,-0.4294203000213143,0.001431356692417157,1.496858486143989,0.4294203000213143
8.83,-0.4293298453698683,0.01637500275893398,1.492600571735105,0.4293298453698683
8.84,-0.4290895226161771,0.03127336220451932,1.487832068280582,0.4290895226161771
8.85,-0.428699824747899,0.04612144369100544,1.482556011501064,0.428699824747899
8.859999999999999,-0.4281613037346593,0.06091428516826861,1.476775635039406,0.4281613037346593
8.870000000000001,-0.4274745705280476,0.0756469538742334,1.470494370460667,0.4274745705280476
8.880000000000001,-0.4266402950616218,0.09031454633485914,1.46371584725212,0.4266402950616218
8.890000000000001,-0.4256592062509038,0.1049121883641597,1.456443892823242,0.4256592062509038
8.9,-0.4245320919933815,0.1194350350641891,1.448682532505719,0.4245320919933815
8.91,-0.4232597991685105,0.1338782708250469,1.440435989553446,0.4232597991685105
8.92,-0.4218432336377104,0.1482371093248776,1.431708685142527,0.4218432336377104
8.93,-0.4202833602443674,0.1625067935298679,1.422505238371272,0.4202833602443674
8.94,-0.4185812028138349,0.1766825956942515,1.412830466260205,0.4185812028138349
8.950000000000001,-0.4167378441534306,0.1907598173603077,1.40268938375205,0.4167378441534306
8.960000000000001,-0.4147544260524382,0.2047337893583538,1.392087203711744,0.4147544260524382
8.970000000000001,-0.4126321492821086,0.2185998718067581,1.381029336926434,0.4126321492821086
8.98,-0.4103722735956586,0.2323534541119306,1.369521392105475,0.4103722735956586
8.99,-0.4079761177282694,0.2459899549683291,1.357569175880426,0.4079761177282694
9,-0.4054450593970894,0.2595048223584505,1.345178692805057,0.4054450593970894
9.01,-0.4027805353012328,0.2728935335528418,1.332356145355347,0.4027805353012328
9.02,-0.3999840411217795,0.2861515951100901,1.319107933929482,0.3999840411217795
9.029999999999999,-0.3970566988614789,0.2992751790558183,1.30543898047409,0.3970566988614789
9.040000000000001,-0.3939987981290201,0.312261599072826,1.291351003473737,0.3939987981290201
9.050000000000001,-0.3908117305998574,0.3251064715721497,1.276850011713921,0.3908117305998574
9.06,-0.3874969917931871,0.3378053900854123,1.2619423820826,0.3874969917931871
9.07,-0.3840561080707948,0.3503540386725753,1.246634575121104,0.3840561080707948
9.08,-0.3804906366370543,0.3627481919219402,1.230933135024135,0.3804906366370543
9.09,-0.3768021655389288,0.3749837149501496,1.21484468963977,0.3768021655389288
9.1,-0.37299231366597,0.3870565634021861,1.198375950469458,0.37299231366597
9.109999999999999,-0.3690627307503184,0.3989627834513733,1.181533712668019,0.3690627307503184
9.120000000000001,-0.3650150973667021,0.4106985117993768,1.164324855043645,0.3650150973667021
9.130000000000001,-0.3608511249324407,0.4222599756761971,1.146756340057909,0.3608511249324407
9.140000000000001,-0.3565725557074401,0.433643492840181,1.128835213825749,0.3565725557074401
9.15,-0.3521811627941956,0.444845471578014,1.110568606115476,0.3521811627941956
9.16,-0.3476787501377916,0.4558624107047222,1.091963730348777,0.3476787501377916
9.17,-0.3430671525259007,0.4666908995636718,1.073027883600708,0.3430671525259007
9.18,-0.3383482355887847,0.47732761802657,1.053768446599701,0.3383482355887847
9.19,-0.3335238957992941,0.4877693364934644,1.034192883727561,0.3335238957992941
9.200000000000001,-0.328596060472867,0.4980129158927448,1.014308743019459,0.328596060472867
9.210000000000001,-0.3235666877675328,0.5080553076811358,0.9941236561639518,0.3235666877675328
9.220000000000001,-0.3184377666839076,0.5178935538437087,0.9736453385029588,0.3184377666839076
9.23,-0.3132113170651968,0.5275247868938732,0.9528815890317746,0.3132113170651968
9.24,-0.3078893895971943,0.5369462298733791,0.9318402903990658,0.3078893895971943
9.25,-0.3024740658082832,0.5461551963523172,0.9105294089068741,0.3024740658082832
9.26,-0.2969674580694346,0.5551490904291188,0.8889569945106111,0.2969674580694346
9.27,-0.2913717095942094,0.5639254067305551,0.8671311808190637,0.2913717095942094
9.279999999999999,-0.2856889944387566,0.5724817304117388,0.845060185094391,0.2856889944387566
9.290000000000001,-0.279921517501813,0.5808157371561244,0.8227523082521202,0.279921517501813
9.300000000000001,-0.274071514524707,0.5889251931755013,0.8002159348611628,0.274071514524707
9.31,-0.268141252091353,0.596807955210006,0.7774595331437923,0.268141252091353
9.32,-0.2621330276282554,0.6044619705281117,0.7544916549756591,0.2621330276282554
9.33,-0.2560491694045066,0.6118852769266333,0.7313209358857848,0.2560491694045066
9.34,-0.2498920365317883,0.6190760027307268,0.7079560950565651,0.2498920365317883
9.35,-0.2436640189643713,0.626032366793888,0.6844059353237696,0.2436640189643713
9.359999999999999,-0.2373675374991141,0.632752678497953,0.6606793431765372,0.2373675374991141
9.370000000000001,-0.2310050437754637,0.6392353377531005,0.6367852887573788,0.2310050437754637
9.380000000000001,-0.2245790202754589,0.645478834997845,0.6127328258621889,0.2245790202754589
9.390000000000001,-0.2180919803237229,0.6514817511990445,0.5885310919402197,0.2180919803237229
9.4,-0.2115464680874719,0.6572427578518999,0.5641893080941101,0.2115464680874719
9.41,-0.2049450585765062,0.6627606169799485,0.5397167790798566,0.2049450585765062
9.42,-0.1982903576432179,0.6680341811350707,0.5151228933068384,0.1982903576432179
9.43,-0.1915843122408866,0.6730625500728381,0.4904146766182718,0.1915843122408866
9.44,-0.1848283986018482,0.6778448276800119,0.465597512530658,0.1848283986018482
9.450000000000001,-0.1780252643825495,0.6823797988567305,0.4406809530576,0.1780252643825495
9.460000000000001,-0.1711775682781171,0.6866663399137898,0.4156745645840965,0.1711775682781171
9.470000000000001,-0.1642879591304205,0.6907034245940704,0.3905878534351621,0.1642879591304205
9.48,-0.1573590759280768,0.6944901240725355,0.3654302658758452,0.1573590759280768
9.49,-0.1503935478064495,0.6980256069562306,0.3402111881112234,0.1503935478064495
9.5,-0.1433939940476487,0.701309139284285,0.3149399462864038,0.1433939940476487
9.51,-0.1363630240805307,0.7043400845279101,0.2896258064865232,0.1363630240805307
9.52,-0.1293032374806986,0.7071179035904011,0.2642779747367468,0.1293032374806986
9.529999999999999,-0.1222172239705017,0.7096421548071358,0.2389055970022702,0.1222172239705017
9.540000000000001,-0.1151075634190346,0.7119124939455753,0.2135177591883132,0.1151075634190346
9.550000000000001,-0.1079768258421419,0.7139286742052628,0.1881234871401387,0.1079768258421419
9.56,-0.1008275714024113,0.7156905462178251,0.1627317466430253,0.1008275714024113
9.57,-0.09366235040917795,0.7171980580469727,0.1373514434222859,0.09366235040917795
9.58,-0.08648370331852334,0.7184512551884975,0.1119914231432619,0.08648370331852334
9.59,-0.0792941607332756,0.7194502805702757,0.08666047141132471,0.0792941607332756
9.6,-0.07209624340300934,0.720195374552266,0.06136731377187509,0.07209624340300934
9.609999999999999,-0.0648924622240455,0.72068687492651,0.03612061571034301,0.0648924622240455
9.620000000000001,-0.0576853182394502,0.7209252169171322,0.01092898265218296,0.0576853182394502
9.630000000000001,-0.05047730263904001,0.7209109331803406,-0.01419904003710694,0.05047730263904001
9.640000000000001,-0.0432708967593738,0.7206446538044252,-0.03925496705201372,0.0432708967593738
9.65,-0.03606857208375852,0.7201271063097606,-0.06423037314698979,0.03606857208375852
9.66,-0.02887279024224736,0.7193591156488025,-0.08911689313645833,0.02887279024224736
9.67,-0.02168600301163996,0.7183416042060908,-0.1139062218948136,0.02168600301163996
9.68,-0.01451065231548273,0.7170755917982483,-0.1385901143564194,0.01451065231548273
9.69,-0.007349170224067959,0.7155621956739802,-0.1631603855156119,0.007349170224067959
9.700000000000001,-0.0002039789544336767,0.7138026305140751,-0.1876089104267008,0.0002039789544336767
9.710000000000001,0.006922509129632257,0.7117982084314047,-0.2119276242039542,-0.006922509129632257
9.720000000000001,0.01402789151759899,0.7095503389709232,-0.2361085220216232,-0.01402789151759899
9.73,0.02110977555218814,0.7070605291096684,-0.260143659113926,-0.02110977555218814
9.74,0.0281657784293752,0.7043303832567601,-0.2840251507750519,-0.0281657784293752
9.75,0.03519352719838831,0.7013616032534029,-0.3077451723591585,-0.03519352719838831
9.76,0.04219065876170978,0.6981559883728826,-0.3312959592803761,-0.04219065876170978
9.77,0.04915481987507585,0.6947154353205677,-0.3546698070128059,-0.04915481987507585
9.779999999999999,0.05608366714747549,0.6910419382339111,-0.3778590710905183,-0.05608366714747549
9.790000000000001,0.06297486704115271,0.6871375886824481,-0.4008561671075588,-0.06297486704115271
9.800000000000001,0.06982609587160164,0.6830045756677973,-0.423653570717932,-0.06982609587160164
9.81,0.07663503980757373,0.6786451856236606,-0.4462438176356263,-0.07663503980757373
9.82,0.0833993948710714,0.674061802415823,-0.4686195036345913,-0.0833993948710714
9.83,0.09011686693735321,0.6692569073421488,-0.4907732845487562,-0.09011686693735321
9.84,0.09678517173492851,0.6642330791325904,-0.5126978762720121,-0.09678517173492851
9.85,0.1034020348455624,0.6589929939491806,-0.5343860547582276,-0.1034020348455624
9.859999999999999,0.1099651917042722,0.6535394253860366,-0.5558306560212382,-0.1099651917042722
9.870000000000001,0.1164726350057532,0.6478746679768581,-0.5770252866591578,-0.1164726350057532
9.880000000000001,0.12292310286371,0.6419992193372535,-0.5979656782067484,-0.12292310286371
9.890000000000001,0.1293144427401733,0.6359155562821736,-0.6186449789780302,-0.1293144427401733
9.9,0.1356444358799114,0.6296264412835293,-0.6390561817748404,-0.1356444358799114
9.91,0.1419109048253952,0.6231346832017161,-0.6591924356279589,-0.1419109048253952
9.92,0.1481117134167987,0.6164431372856136,-0.6790470457971077,-0.1481117134167987
9.93,0.1542447667919984,0.6095547051725867,-0.6986134737709511,-0.1542447667919984
9.94,0.160308011386574,0.6024723348884841,-0.7178853372670952,-0.160308011386574
9.950000000000001,0.1662994349338088,0.5951990208476381,-0.7368564102320923,-0.1662994349338088
9.960000000000001,0.172217066464686,0.5877378038528692,-0.7555206228414262,-0.172217066464686
9.970000000000001,0.1780589763078946,0.5800917710954792,-0.7738720614995335,-0.1780589763078946
9.98,0.1838232760898255,0.5722640561552547,-0.7919049688397894,-0.1838232760898255
9.99,0.1895081187345724,0.5642578390004676,-0.8096137437245116,-0.1895081187345724
10,0.1951116984639318,0.5560763459878741,-0.8269929412449597,-0.1951116984639318
10.01,0.2006322507974032,0.5477228498627152,-0.8440372727213357,-0.2006322507974032
10.02,0.2060680525521887,0.5392006697587158,-0.8607416057027834,-0.2060680525521887
10.03,0.2114174218431935,0.5305131711980862,-0.8771009639673899,-0.2114174218431935
10.04,0.2166787180830261,0.5216637660915191,-0.8931105275221858,-0.2166787180830261
10.05,0.2218503419819957,0.5126559127381962,-0.9087656326031368,-0.2218503419819957
10.06,0.2269307355481166,0.5034931158257798,-0.9240617716751588,-0.2269307355481166
10.07,0.2319183820871052,0.4941789264304174,-0.9389945934321066,-0.2319183820871052
10.08,0.2368118062023808,0.4847169420167426,-0.9535599027967785,-0.2368118062023808
10.09,0.2416095737950654,0.4751108064378715,-0.9677536609209134,-0.2416095737950654
10.1,0.246310292063984,0.465364209935406,-0.9815719851851935,-0.246310292063984
10.11,0.2509126095056643,0.4554808891394327,-0.9950111491992436,-0.2509126095056643
10.12,0.2554152159143374,0.4454646270685193,-1.008067582801631,-0.2554152159143374
10.13,0.2598168423819355,0.4353192531297262,-1.020737872059861,-0.2598168423819355
10.14,0.2641162612980955,0.4250486431185906,-1.033018759270385,-0.2641162612980955
10.15,0.2683122863501562,0.4146567192191372,-1.044907142958599,-0.2683122863501562
10.16,0.27240377252316,0.4041474500038739,-1.056400077878835,-0.27240377252316
10.17,0.2763896160998511,0.3935248504337948,-1.067494775014372,-0.2763896160998511
10.18,0.2802687546606779,0.3827929818583785,-1.07818860157743,-0.2802687546606779
10.19,0.28404016708379,0.3719559520155865,-1.088479081009171,-0.28404016708379
10.2,0.2877028735450419,0.361017915031864,-1.0983638929797,-0.2877028735450419
10.21,0.2912559355179877,0.3499830714221464,-1.10784087338806,-0.2912559355179877
10.22,0.2946984557738875,0.3388556680898488,-1.116908014362241,-0.2946984557738875
10.23,0.2980295783817029,0.327639998326872,-1.125563464259175,-0.2980295783817029
10.24,0.3012484887080989,0.3163404018135983,-1.133805527664735,-0.3012484887080989
10.25,0.3043544134174421,0.3049612646189003,-1.141632665393734,-0.3043544134174421
10.26,0.3073466219291463,0.2935070064758973,-1.149043496214177,-0.3073466219291463
10.27,0.3102245975829763,0.2819803078787509,-1.156036925900901,-0.3102245975829763
10.28,0.3129876972946337,0.2703844223858097,-1.162611570622487,-0.3129876972946337
10.29,0.3156351552477481,0.2587238753774522,-1.168765954164827,-0.3156351552477481
10.3,0.3181662530752669,0.2470031708327244,-1.1744987601065,-0.3181662530752669
10.31,0.3205803198594594,0.2352267913293269,-1.179808831818773,-0.3205803198594594
10.32,0.3228767321319134,0.2233991980436229,-1.184695172465603,-0.3228767321319134
10.33,0.3250549138735373,0.2115248307506367,-1.189156945003635,-0.3250549138735373
10.34,0.3271143365145587,0.1996081078240535,-1.193193472182201,-0.3271143365145587
10.35,0.3290545189345251,0.1876534262362192,-1.196804236543321,-0.3290545189345251
10.36,0.3308750274623035,0.1756651615581406,-1.199988880421706,-0.3308750274623035
10.37,0.3325754758760816,0.1636476679594832,-1.202747205944754,-0.3325754758760816
10.38,0.3341555254033654,0.1516052782085797,-1.205079175032549,-0.3341555254033654
10.39,0.3356148847209817,0.1395423036724174,-1.206984909397867,-0.3356148847209817
10.4,0.3369533099550767,0.1274630343166464,-1.20846469054617,-0.3369533099550767
10.41,0.3381706046811167,0.1153717387055777,-1.20951895977561,-0.3381706046811167
10.42,0.3392666199238871,0.1032726640021834,-1.210148318177025,-0.3392666199238871
10.43,0.3402412541574938,0.09117003596809597,-1.210353526633944,-0.3402412541574938
10.44,0.3410944533053621,0.07906805896360906,-1.210135505822583,-0.3410944533053621
10.45,0.3418262107402372,0.06697091594767508,-1.209495336211845,-0.3418262107402372
10.46,0.3424365672841833,0.05488276847791326,-1.208434258063325,-0.3424365672841833
10.47,0.3429256112085856,0.04280775671059808,-1.206953671431302,-0.3429256112085856
10.48,0.3432934782341481,0.03074999940066615,-1.205055136162747,-0.3432934782341481
10.49,0.3435403515308948,0.01871359390171519,-1.202740371897317,-0.3435403515308948
10.5,0.34366646171817,0.006702616166004094,-1.200011258067357,-0.34366646171817
10.51,0.3436720868646371,-0.005278879255547778,-1.196869833897904,-0.3436720868646371
10.52,0.3435575524882795,-0.01722685921335986,-1.193318298406679,-0.3435575524882795
10.53,0.3433232315563999,-0.02913731195919165,-1.189359010404092,-0.3433232315563999
10.54,0.342969544485622,-0.04100624714614202,-1.184994488493246,-0.342969544485622
10.55,0.342496959141888,-0.05282969582864469,-1.180227411069926,-0.342496959141888
10.56,0.3419059908404602,-0.06460371046247786,-1.175060616322608,-0.3419059908404602
10.57,0.3411972023459205,-0.07632436490475711,-1.169497102232457,-0.3411972023459205
10.58,0.3403712038721717,-0.08798775441393678,-1.163540026573328,-0.3403712038721717
10.59,0.3394286530824348,-0.09958999564981071,-1.157192706911759,-0.3394286530824348
10.6,0.3383702550892513,-0.1111272266735112,-1.150458620606981,-0.3383702550892513
10.61,0.3371967624544825,-0.1225956069475112,-1.143341404810911,-0.3371967624544825
10.62,0.3359089751893093,-0.1339913173356235,-1.135844856468155,-0.3359089751893093
10.63,0.3345077407542321,-0.1453105601029945,-1.127972932316008,-0.3345077407542321
10.64,0.332993954059072,-0.1565495589161151,-1.119729748884453,-0.332993954059072
10.65,0.3313685574629688,-0.1677045588428148,-1.111119582496161,-0.3313685574629688
10.66,0.3296325407743828,-0.1787718263522607,-1.102146869266493,-0.3296325407743828
10.67,0.327786941251093,-0.1897476493149603,-1.092816205103494,-0.327786941251093
10.68,0.3258328436001993,-0.2006283370027594,-1.0831323457079,-0.3258328436001993
10.69,0.3237713799781222,-0.2114102200888431,-1.073100206573141,-0.3237713799781222
10.7,0.3216036005051747,-0.2220898606650845,-1.062724356107465,-0.3216036005051747
10.71,0.3193296882028214,-0.2326652034220788,-1.052005974687001,-0.3193296882028214
10.72,0.3169505579675371,-0.2431328995157956,-1.04094913574501,-0.3169505579675371
10.73,0.314467350548132,-0.2534893283422799,-1.029558771879147,-0.314467350548132
10.74,0.3118812323316006,-0.2637309410067108,-1.017839886159535,-0.3118812323316006
10.75,0.3091933953431219,-0.2738542603234014,-1.005797552128769,-0.3091933953431219
10.76,0.3064050572460589,-0.2838558808157987,-0.9934369138019127,-0.3064050572460589
10.77,0.303517461341959,-0.2937324687164835,-0.9807631856664982,-0.303517461341959
10.78,0.3005318765705539,-0.3034807619671708,-0.967781652682528,-0.3005318765705539
10.79,0.297449597509759,-0.313097570218711,-0.9544976702824705,-0.297449597509759
10.8,0.2942719443756755,-0.3225797748310835,-0.940916664371271,-0.2942719443756755
10.81,0.2910002630225876,-0.3319243288734067,-0.9270441313263373,-0.2910002630225876
10.82,0.2876359249429638,-0.3411282571239312,-0.9128856379975488,-0.2876359249429638
10.83,0.2841803272674572,-0.3501886560700418,-0.8984468217072539,-0.2841803272674572
10.84,0.2806348927649056,-0.3591026939082569,-0.8837333902502708,-0.2806348927649056
10.85,0.2770010698423299,-0.3678676105442289,-0.8687511218938866,-0.2770010698423299
10.86,0.2732803325449365,-0.3764807175927443,-0.8535058653778579,-0.2732803325449365
10.87,0.2694741805561147,-0.3849393983777251,-0.8380035399144077,-0.2694741805561147
10.88,0.2655841391974402,-0.3932411079322223,-0.8222501351882371,-0.2655841391974402
10.89,0.2616117594286714,-0.401383372998426,-0.8062517113565081,-0.2616117594286714
10.9,0.2575586178477511,-0.4093637920276582,-0.7900143990488545,-0.2575586178477511
10.91,0.2534263166908066,-0.4171800351803753,-0.7735443993673793,-0.2534263166908066
10.92,0.2492164838321492,-0.424829844326167,-0.7568479838866548,-0.2492164838321492
10.93,0.2449307727842753,-0.4323110330437578,-0.7399314946537239,-0.2449307727842753
10.94,0.2405708626978646,-0.4396214866210057,-0.7228013441880974,-0.2405708626978646
10.95,0.2361384583617808,-0.4467591620549033,-0.7054640154817522,-0.2361384583617808
10.96,0.2316352902030743,-0.4537220880515747,-0.6879260619991457,-0.2316352902030743
10.97,0.2270631142869771,-0.4605083650262804,-0.6701941076771928,-0.2270631142869771
10.98,0.2224237123169062,-0.4671161651034143,-0.6522748469252816,-0.2224237123169062
10.99,0.2177188916344639,-0.4735437321165047,-0.6341750446252729,-0.2177188916344639
11,0.2129504852194351,-0.4797893816082123,-0.6159015361314908,-0.2129504852194351
11.01,0.2081203516897903,-0.4858515008303338,-0.5974612272707328,-0.2081203516897903
11.02,0.2032303753016841,-0.4917285487437976,-0.5788610943422665,-0.2032303753016841
11.03,0.1982824659494543,-0.4974190560186685,-0.5601081841178238,-0.1982824659494543
11.04,0.1932785591656236,-0.5029216250341434,-0.5412096138416085,-0.1932785591656236
11.05,0.1882206161209015,-0.5082349298785527,-0.5221725712303025,-0.1882206161209015
11.06,0.1831106236241772,-0.5133577163493631,-0.5030043144730418,-0.1831106236241772
11.07,0.1779505941225274,-0.518288801953173,-0.4837121722314418,-0.1779505941225274
11.08,0.1727425657012119,-0.5230270759057155,-0.4643035436395838,-0.1727425657012119
11.09,0.1674886020836747,-0.5275714991318586,-0.4447858983040179,-0.1674886020836747
11.1,0.1621907492486687,-0.5319211162213208,-0.4251666218888444,-0.1621907492486687
11.11,0.1568500708236623,-0.5360752491331866,-0.4054496017706153,-0.1568500708236623
11.12,0.1514682446302804,-0.5400329451457463,-0.3856409392709268,-0.1514682446302804
11.13,0.1460473925659773,-0.5437931783267496,-0.3657483033610061,-0.1460473925659773
11.14,0.1405896294855632,-0.5473550011832685,-0.3457793177625018,-0.1405896294855632
11.15,0.1350970632012079,-0.5507175446616943,-0.3257415609474984,-0.1350970632012079
11.16,0.1295717944824399,-0.5538800181477386,-0.305642566138512,-0.1295717944824399
11.17,0.1240159170561462,-0.5568417094664335,-0.2854898213084905,-0.1240159170561462
11.18,0.1184315176065726,-0.5596019848821312,-0.265290769180814,-0.1184315176065726
11.19,0.1128206757753234,-0.5621602890985035,-0.2450528072292944,-0.1128206757753234
11.2,0.1071854641613605,-0.5645161452585437,-0.2247832876781719,-0.1071854641613605
11.21,0.1015279483210079,-0.5666691549445636,-0.2044895175021295,-0.1015279483210079
11.22,0.09585018676794448,-0.5686189981781969,-0.1841787584262711,-0.09585018676794448
11.23,0.0901542309732095,-0.5703654334203967,-0.1638582269261366,-0.0901542309732095
11.24,0.08444212536520038,-0.5719082975714361,-0.1435350942276971,-0.08444212536520038
11.25,0.0787159073296734,-0.5732475059709096,-0.1232164863073564,-0.0787159073296734
11.26,0.07297760720974343,-0.5743830523977302,-0.1029094838919496,-0.07297760720974343
11.27,0.06722924830588395,-0.5753150090701326,-0.08262112245874401,-0.06722924830588395
11.28,0.06147284687592718,-0.576043526645671,-0.06235839223543894,-0.06147284687592718
11.29,0.05571041213506285,-0.5765688342212199,-0.04212823820016184,-0.05571041213506285
11.3,0.04994394625584245,-0.576891239332974,-0.0219375600814829,-0.04994394625584245
11.31,0.04417544436817309,-0.5770111279564486,-0.001793212358393509,-0.04417544436817309
11.32,0.03840689455932151,-0.5769289645064789,0.01829799573967928,-0.03840689455932151
11.33,0.03264027787391306,-0.5766452918372205,0.03832930023287689,-0.03264027787391306
11.34,0.02687756831393176,-0.5761607312421489,0.05829398239090856,-0.02687756831393176
11.35,0.02112073283872018,-0.5754759824540598,0.07818536873305187,-0.02112073283872018
11.36,0.0153717313649798,-0.5745918236450698,0.09799683102815181,-0.0153717313649798
11.37,0.009632516766769451,-0.5735091114266151,0.1177217862946257,-0.009632516766769451
11.38,0.003905034875509828,-0.5722287808494524,0.1373536968004479,-0.003905034875509828
11.39,-0.001808775520022987,-0.5707518454036583,0.1568860700631721,0.001808775520022987
11.4,-0.007506982673693053,-0.5690793970186304,0.1763124588499159,0.007506982673693053
11.41,-0.01318766188200558,-0.5672126060630854,0.1956264611773642,0.01318766188200558
11.42,-0.01884889548410779,-0.565152721345061,0.2148217203117722,0.01884889548410779
11.43,-0.02448877286178767,-0.5629010701119149,0.2338919247689611,0.02448877286178767
11.44,-0.03010539043947469,-0.5604590580503253,0.252830808314321,0.03010539043947469
11.45,-0.03569685168424079,-0.5578281692862896,0.2716321499628134,0.03569685168424079
11.46,-0.0412612671057965,-0.5550099663851273,0.2902897739789588,0.0412612671057965
11.47,-0.04679675425649606,-0.5520060903514767,0.3087975498768535,0.04679675425649606
11.48,-0.05230143773133475,-0.5488182606292965,0.3271493924201611,0.05230143773133475
11.49,-0.05777344916794851,-0.5454482751018658,0.3453392616221106,0.05777344916794851
11.5,-0.06321092724661548,-0.5418980100917838,0.3633611627455022,0.06321092724661548
11.51,-0.06861201769025438,-0.5381694203609704,0.3812091463027014,0.06861201769025438
11.52,-0.07397487326442589,-0.5342645391106652,0.398877308055644,0.07397487326442589
11.53,-0.07929765377733131,-0.5301854779814279,0.416359789015831,0.07929765377733131
11.54,-0.08457853120375737,-0.5259344157113941,0.4336507903174518,0.08457853120375737
11.55,-0.08981631653540154,-0.5215121447651012,0.4507463753839399,0.08981631653540154
11.56,-0.09500961620702211,-0.516919792506521,0.4676419827766877,0.09500961620702211
11.57,-0.1001566147817149,-0.5121594849395433,0.4843318436081522,0.1001566147817149
11.58,-0.1052555293605408,-0.5072333866954771,0.5008103126300617,0.1052555293605408
11.59,-0.1103046095825252,-0.5021437010330498,0.5170718682334151,0.1103046095825252
11.6,-0.1153021376246589,-0.4968926698384072,0.5331111124484817,0.1153021376246589
11.61,-0.1202464282018972,-0.4914825736251137,0.5489227709448027,0.1202464282018972
11.62,-0.1251358285671616,-0.4859157315341512,0.5645016930311915,0.1251358285671616
11.63,-0.1299687185113356,-0.4801945013339233,0.579842851655725,0.1299687185113356
11.64,-0.1347435103632705,-0.4743212794202493,0.5949413434057591,0.1347435103632705
11.65,-0.1394586489897814,-0.4682985008163679,0.6097923885079174,0.1394586489897814
11.66,-0.1441126117956487,-0.462128639172936,0.6243913308280946,0.1441126117956487
11.67,-0.1487039087236172,-0.4558142067680295,0.6387336378714563,0.1487039087236172
11.68,-0.1532310822543971,-0.4493577545071428,0.6528149007824385,0.1532310822543971
11.69,-0.1576927074066633,-0.4427618719231887,0.6666308343447485,0.1576927074066633
11.7,-0.1620873917370565,-0.4360291871764977,0.6801772769813665,0.1620873917370565
11.71,-0.16641377534018,-0.4291623670548218,0.6934501907545364,0.16641377534018
11.72,-0.1706705308486041,-0.4221641169733285,0.70644566136578,0.1706705308486041
11.73,-0.1748563634328639,-0.4150371809746051,0.7191598981558882,0.1748563634328639
11.74,-0.1789700108014587,-0.4077843417286571,0.7315892341049218,0.1789700108014587
11.75,-0.183010243200853,-0.4004084205329085,0.7437301258322128,0.183010243200853
11.76,-0.1869758634154764,-0.3929122773122025,0.755579153596364,0.1869758634154764
11.77,-0.1908657067677233,-0.3852988106188001,0.767133021295249,0.1908657067677233
11.78,-0.1946786411179529,-0.3775709576323812,0.7783885564660125,0.1946786411179529
11.79,-0.1984135668644903,-0.369731694160043,0.7893427102850715,0.1984135668644903
11.8,-0.2020694169436234,-0.3617840346363058,0.7999925575681088,0.2020694169436234
11.81,-0.2056451568296067,-0.3537310321231021,0.8103352967700826,0.2056451568296067
11.82,-0.2091397845346596,-0.3455757783097879,0.8203682499852211,0.2091397845346596
11.83,-0.2125523306089658,-0.3373214035131346,0.8300888629470226,0.2125523306089658
11.84,-0.2158818581406744,-0.3289710766773341,0.8394947050282566,0.2158818581406744
11.85,-0.2191274627558992,-0.3205280053739958,0.8485834692409633,0.2191274627558992
11.86,-0.2222882726187188,-0.3119954358021479,0.8573529722364535,0.2222882726187188
11.87,-0.2253634484311779,-0.3033766527882364,0.8658011543053117,0.2253634484311779
11.88,-0.2283521834332834,-0.2946749797861288,0.8739260793773853,0.2283521834332834
11.89,-0.2312537034030101,-0.2858937788771085,0.8817259350218023,0.2312537034030101
11.9,-0.2340672666562956,-0.2770364507698776,0.8891990324469532,0.2340672666562956
11.91,-0.2367921640470443,-0.2681064348005576,0.8963438065005072,0.2367921640470443
11.92,-0.2394277189671236,-0.2591072089326864,0.9031588156693957,0.2394277189671236
11.93,-0.2419732873463683,-0.250042289757225,0.9096427420798323,0.2419732873463683
11.94,-0.2444283591188691,-0.2409143555107051,0.9157945139031013,0.2444283591188691
11.95,-0.246792456430049,-0.2317254921455325,0.9216130153596666,0.246792456430049
11.96,-0.2490649108227415,-0.2224792784893639,0.9270968599666211,0.2490649108227415
11.97,-0.2512450884672783,-0.213179304797072,0.9322447849896522,0.2512450884672783
11.98,-0.2533323937104617,-0.2038291461195391,0.9370556567910302,0.2533323937104617
11.99,-0.2553262690755654,-0.1944323623036555,0.9415284708296066,0.2553262690755654
12,-0.2572261952623342,-0.1849924979923187,0.945662351660817,0.2572261952623342
12.01,-0.2590316911469841,-0.1755130826244345,0.949456552936679,0.2590316911469841
12.02,-0.2607423137822024,-0.1659976304349161,0.9529104574057922,0.2607423137822024
12.03,-0.2623576583971476,-0.1564496404546832,0.9560235769133412,0.2623576583971476
12.04,-0.2638773583974487,-0.1468725965106677,0.9587955524010902,0.2638773583974487
12.05,-0.2653010853652069,-0.1372699672258049,0.9612261539073879,0.2653010853652069
12.06,-0.266628549058994,-0.1276452060190392,0.9633152805671658,0.266628549058994
12.07,-0.2678594974138533,-0.1180017511053227,0.9650629606119375,0.2678594974138533
12.08,-0.268993716541299,-0.1083430254956154,0.9664693513697997,0.268993716541299
12.09,-0.2700310307293166,-0.09867243699688517,0.9675347392654318,0.2700310307293166
12.1,-0.270971302442363,-0.0889933782121075,0.9682595398200954,0.270971302442363
12.11,-0.2718144323213658,-0.07930922654026561,0.9686442976516347,0.2718144323213658
12.12,-0.2725603591837245,-0.06962334417634887,0.9686896864744777,0.2725603591837245
12.13,-0.2732090600233088,-0.05993907811135969,0.9683965090996339,0.2732090600233088
12.14,-0.2737605500104606,-0.05025976013230288,0.9677656974346959,0.2737605500104606
12.15,-0.2742148824919924,-0.0405887068221928,0.9667983124838399,0.2742148824919924
12.16,-0.2745721489911881,-0.03092921956005173,0.965495544347823,0.2745721489911881
12.17,-0.2748324792078027,-0.02128458452090942,0.9638587122239861,0.2748324792078027
12.18,-0.2749960410180624,-0.01165807267580365,0.9618892644062533,0.2749960410180624
12.19,-0.2750630404746645,-0.002052939791779822,0.9595887782851297,0.2750630404746645
12.2,-0.2750337218067778,0.007527573568110228,0.9569589603477048,0.2750337218067778
12.21,-0.2749083674200419,0.01708024204480256,0.9540016461776498,0.2749083674200419
12.22,-0.2746872978965683,0.0266018554832292,0.9507188004552204,0.2746872978965683
12.23,-0.2743708719949383,0.03608921893231472,0.9471125169572514,0.2743708719949383
12.24,-0.2739594866502057,0.0455391526449745,0.9431850185571627,0.2739594866502057
12.25,-0.2734535769738952,0.05494849207811563,0.9389386572249577,0.2734535769738952
12.26,-0.2728536162540023,0.06431408789263897,0.9343759140272209,0.2728536162540023
12.27,-0.272160115954994,0.07363280595343702,0.9294993991271197,0.272160115954994
12.28,-0.271373625717808,0.08290152732939554,0.9243118517844029,0.271373625717808
12.29,-0.2704947333598544,0.09211714829338825,0.9188161403554072,0.2704947333598544
12.3,-0.2695240648750135,0.1012765803222857,0.9130152622930472,0.2695240648750135
12.31,-0.2684622844336364,0.1103767500969489,0.9069123441468199,0.2684622844336364
12.32,-0.2673100943825465,0.1194145995022326,0.900510641562807,0.2673100943825465
12.33,-0.2660682352450374,0.1283870856269812,0.8938135392836719,0.2660682352450374
12.34,-0.264737485720875,0.1372911807640328,0.8868245511486633,0.264737485720875
12.35,-0.2633186626862947,0.1461238724102185,0.8795473200936065,0.2633186626862947
12.36,-0.2618126211940052,0.1548821632663597,0.8719856181509172,0.2618126211940052
12.37,-0.2602201672155584,0.1635632274355236,0.8641430010039747,0.2602201672155584
12.38,-0.2585414395352988,0.1721654157340406,0.8560203876430126,0.2585414395352988
12.39,-0.2567771142255533,0.1806860215673206,0.8476208493638042,0.2567771142255533
12.4,-0.2549280560354845,0.1891220779297345,0.8389481840146139,0.2549280560354845
12.41,-0.2529951511214381,0.1974706744551508,0.8300062491399468,0.2529951511214381
12.42,-0.2509793070469431,0.2057289574169361,0.82079896198055,0.2509793070469431
12.43,-0.2488814527827115,0.2138941297279551,0.8113302994734113,0.2488814527827115
12.44,-0.2467025387066384,0.22196345094057,0.8016042982517598,0.2467025387066384
12.45,-0.2444435366038017,0.2299342372466428,0.7916250546450643,0.2444435366038017
12.46,-0.2421054396664636,0.2378038614775289,0.7813967246790392,0.2421054396664636
12.47,-0.2396892624940681,0.2455697531040862,0.770923524075636,0.2396892624940681
12.48,-0.2371960410932427,0.2532293982366685,0.7602097282530482,0.2371960410932427
12.49,-0.2346268328777985,0.2607803396251282,0.7492596723257116,0.2346268328777985
12.5,-0.2319827166687289,0.2682201766588153,0.7380777511043016,0.2319827166687289
12.51,-0.229264792694211,0.2755465653665778,0.7266684190957363,0.229264792694211
12.52,-0.2264741825896049,0.2827572184167616,0.7150361905031741,0.2264741825896049
12.53,-0.2236120293974533,0.2898499051172119,0.7031856392260127,0.2236120293974533
12.54,-0.2206794975674836,0.2968224514152681,0.6911213988598978,0.2206794975674836
12.55,-0.2176777729566045,0.3036727398977709,0.6788481626967094,0.2176777729566045
12.56,-0.2146080628289087,0.3103987097910581,0.6663706837245705,0.2146080628289087
12.57,-0.2114715958556719,0.3169983569609655,0.6536937746278463,0.2114715958556719
12.58,-0.2082696221153528,0.3234697339128265,0.6408223077871429,0.2082696221153528
12.59,-0.2050034130935932,0.3298109497914724,0.6277612152793066,0.2050034130935932
12.6,-0.2016742616832183,0.3360201703812329,0.6145154888774262,0.2016742616832183
12.61,-0.198283482184236,0.3420956181059353,0.6010901800508308,0.198283482184236
12.62,-0.1948324103038372,0.3480355720289058,0.5874903999650892,0.1948324103038372
12.63,-0.1913224031563975,0.3538383678529656,0.5737213194820179,0.1913224031563975
12.64,-0.1877548392634733,0.359502397920437,0.5597881691596666,0.1877548392634733
12.65,-0.1841311185538057,0.3650261112131387,0.5456962392523309,0.1841311185538057
12.66,-0.1804526623633182,0.3704080133523881,0.5314508797105452,0.1804526623633182
12.67,-0.1767209134351178,0.3756466665990001,0.5170575001810874,0.1767209134351178
12.68,-0.1729373359194942,0.3807406898532876,0.5025215700069736,0.1729373359194942
12.69,-0.1691034153739206,0.3856887586550615,0.487848618227464,0.1691034153739206
12.7,-0.1652206587630527,0.3904896051836312,0.4730442335780565,0.1652206587630527
12.71,-0.1612905944587309,0.3951420182578017,0.4581140644904972,0.1612905944587309
12.72,-0.1573147722399771,0.399644843335879,0.4430638190927662,0.1573147722399771
12.73,-0.1532947632929968,0.4039969825156646,0.4278992652090874,0.1532947632929968
12.74,-0.1492321602111781,0.4081973945344602,0.4126262303599237,0.1492321602111781
12.75,-0.1451285769950935,0.412245094769063,0.3972506017619845,0.1451285769950935
12.76,-0.1409856490524984,0.4161391552357715,0.3817783263282177,0.1409856490524984
12.77,-0.1368050331983289,0.4198787045903764,0.3662154106678067,0.1368050331983289
12.78,-0.1325879907121486,0.4234630346267163,0.3505664392583747,0.1325879907121486
12.79,-0.1283353953524662,0.4268914726503307,0.3348346360602892,0.1283353953524662
12.8,-0.1240489147538247,0.4301631032770459,0.3190260570257743,0.1240489147538247
12.81,-0.1197302332815155,0.4332770674896703,0.3031468015701242,0.1197302332815155
12.82,-0.1153810304684549,0.4362325694548503,0.2872029355902814,0.1153810304684549
12.83,-0.1110029810151843,0.4390288765230696,0.2712004914648367,0.1110029810151843
12.84,-0.1065977547898705,0.4416653192286501,0.2551454680540294,0.1065977547898705
12.85,-0.1021670168283053,0.4441412912897506,0.2390438306997467,0.1021670168283053
12.86,-0.09771242733390538,0.446456249608368,0.2229015112255243,0.09771242733390538
12.87,-0.09323564167771208,0.4486097142703371,0.2067244079365432,0.09323564167771208
12.88,-0.0887383103983941,0.4506012685453288,0.1905183856196414,0.0887383103983941
12.89,-0.08422207920224284,0.4524305588868532,0.1742892755432965,0.08422207920224284
12.9,-0.07968858896317571,0.4540972949322576,0.1580428754576373,0.07968858896317571
12.91,-0.07513947572273513,0.4556012495027266,0.1417849495944407,0.07513947572273513
12.92,-0.07057637069008869,0.4569422586032825,0.125521228667132,0.07057637069008869
12.93,-0.06600090024202916,0.4581202214227854,0.1092574098707848,0.06600090024202916
12.94,-0.06141468592297432,0.4591351003339327,0.09299915688212093,0.06141468592297432
12.95,-0.05681934444496631,0.4599869208932599,0.07675209985950764,0.05681934444496631
12.96,-0.05221648768767483,0.4606757718411395,0.060521835442969,0.05221648768767483
12.97,-0.04760772269839228,0.4612018051017819,0.04431392675416889,0.04760772269839228
12.98,-0.04299465169203696,0.4615652357832354,0.02813390339642222,0.04299465169203696
12.99,-0.03837887205115227,0.4617663421773849,0.01198726145469216,0.03837887205115227
13,-0.03376197632590672,0.4618054657599546,-0.00412053650441008,0.03376197632590672
13.01,-0.02914555223409413,0.4616830111905046,-0.02018406143262405,0.02914555223409413
13.02,-0.024531182661133,0.4613994463124335,-0.03619791780004283,0.024531182661133
13.03,-0.01992044566006674,0.4609553021529773,-0.05215674359511175,0.01992044566006674
13.04,-0.01531491445156573,0.4603511729232097,-0.0680552103246216,0.01531491445156573
13.05,-0.0107161574239235,0.4595877160180419,-0.08388802301372168,0.0107161574239235
13.06,-0.006125738133059139,0.4586656520162227,-0.09964992020591135,0.006125738133059139
13.07,-0.001545215302517109,0.4575857646803385,-0.1153356739630409,0.001545215302517109
13.08,0.003023857176533131,0.4563489009568134,-0.1309400898653131,-0.003023857176533131
13.09,0.007579930245296846,0.4549559709759091,-0.1464580070112813,-0.007579930245296846
13.1,0.0121214596773546,0.4534079480517248,-0.1618842980178524,-0.0121214596773546
13.11,0.01664690607866112,0.4517058686821976,-0.1772138690202826,-0.01664690607866112
13.12,0.02115473488754736,0.4498508325491019,-0.1924416596721843,-0.02115473488754736
13.13,0.02564341637471691,0.4478440025180491,-0.2075626431455138,-0.02564341637471691
13.14,0.03011142564325046,0.4456866046384893,-0.2225718261305869,-0.03011142564325046
13.15,0.03455724262860205,0.4433799281437099,-0.237464248836066,-0.03455724262860205
13.16,0.03897935209860159,0.4409253254508366,-0.2522349849889687,-0.03897935209860159
13.17,0.04337624365345336,0.438324212160831,-0.2668791418346621,-0.04337624365345336
13.18,0.04774641172573686,0.4355780670584925,-0.2813918601368663,-0.04774641172573686
13.19,0.05208835558040655,0.4326884321124604,-0.2957683141776539,-0.05208835558040655
13.2,0.05640057931479202,0.4296569124752079,-0.3100037117574493,-0.05640057931479202
13.21,0.06068159185859544,0.4264851764830493,-0.3240932941950215,-0.06068159185859544
13.22,0.06493019653474603,0.4231743382344105,-0.3380331830311035,-0.06493019653474603
13.23,0.06914549948692034,0.4197248014510512,-0.3518203682186027,-0.06914549948692034
13.24,0.07332603399224277,0.4161381573539258,-0.3654501556220225,-0.07332603399224277
13.25,0.0774703404478829,0.4124160671846502,-0.3789178944042476,-0.0774703404478829
13.26,0.08157698495077574,0.4085602243616903,-0.3922190318232286,-0.08157698495077574
13.27,0.08564455929762177,0.4045723544803613,-0.4053491132319814,-0.08564455929762177
13.28,0.08967168098488749,0.4004542153128283,-0.4183037820785901,-0.08967168098488749
13.29,0.0936569932088028,0.3962075968081079,-0.4310787799061971,-0.0936569932088028
13.3,0.0975991648653651,0.3918343210920648,-0.4436699463530177,-0.0975991648653651
13.31,0.1014968905503365,0.3873362424674138,-0.45607321915233,-0.1014968905503365
13.32,0.1053488905592445,0.3827152474137201,-0.4682846341324782,-0.1053488905592445
13.33,0.1091539108873821,0.3779732545873985,-0.4803003252168716,-0.1091539108873821
13.34,0.1129107232298076,0.3731122148217136,-0.4921165244239853,-0.1129107232298076
13.35,0.1166181249813448,0.36813411112678,-0.5037295618673597,-0.1166181249813448
13.36,0.1202749392365831,0.3630409586895622,-0.5151358657556017,-0.1202749392365831
13.37,0.1238800147898775,0.3578348048738733,-0.5263319623923841,-0.1238800147898775
13.38,0.1274322261353469,0.3525177292203796,-0.537314476176441,-0.1274322261353469
13.39,0.1309304734668775,0.3470918434465942,-0.548080129601577,-0.1309304734668775
13.4,0.13437368267812,0.341559291446881,-0.5586257432566608,-0.13437368267812
13.41,0.1377608053624909,0.3359222492924536,-0.5689482358256259,-0.1377608053624909
13.42,0.1410908188131718,0.330182925231376,-0.5790446240874729,-0.1410908188131718
13.43,0.1443627260231099,0.3243435596885612,-0.5889120229162663,-0.1443627260231099
13.44,0.1475755556850178,0.3184064252657731,-0.5985476452811372,-0.1475755556850178
13.45,0.150728362191374,0.3123738267416235,-0.6079488022462833,-0.150728362191374
13.46,0.1538202256344207,0.3062481010715777,-0.6171129029709634,-0.1538202256344207
13.47,0.1568502518061675,0.3000316173879479,-0.6260374547095069,-0.1568502518061675
13.48,0.1598175721983886,0.2937267769998968,-0.6347200628113064,-0.1598175721983886
13.49,0.1627213440026235,0.2873360133934373,-0.6431584307208206,-0.1627213440026235
13.5,0.1655607501101776,0.2808617922314315,-0.6513503599775745,-0.1655607501101776
13.51,0.168334999112121,0.2743066113535926,-0.6592937502161567,-0.168334999112121
13.52,0.1710433252992902,0.2676730007764825,-0.6669865991662239,-0.1710433252992902
13.53,0.1736849886622864,0.2609635226935116,-0.6744270026524971,-0.1736849886622864
13.54,0.1762592748914757,0.2541807714749457,-0.6816131545947602,-0.1762592748914757
13.55,0.1787654953769909,0.2473273736678942,-0.6885433470078673,-0.1787654953769909
13.56,0.1812029872087297,0.2404059879963205,-0.6952159700017373,-0.1812029872087297
13.57,0.1835711131763544,0.2334193053610344,-0.7016295117813498,-0.1835711131763544
13.58,0.1858692617692944,0.2263700488396991,-0.7077825586467575,-0.1858692617692944
13.59,0.1880968471767429,0.2192609736868254,-0.713673794993072,-0.1880968471767429
13.6,0.1902533092876594,0.2120948673337744,-0.7193020033104746,-0.1902533092876594
13.61,0.1923381187079312,0.2048745107416051,-0.7246660714811282,-0.1923381187079312
13.62,0.1943509099725096,0.1976014615581848,-0.7297651362070929,-0.1943509099725096
13.63,0.1962911904775098,0.1902779639404761,-0.7345980720218011,-0.1962911904775098
13.64,0.1981584046194345,0.1829068872720186,-0.7391636987528002,-0.1981584046194345
13.65,0.1999520274548565,0.1754910898431809,-0.743460940201741,-0.1999520274548565
13.66,0.2016715647004179,0.1680334188511601,-0.7474888241443778,-0.2016715647004179
13.67,0.2033165527328307,0.1605367103999812,-0.7512464823305686,-0.2033165527328307
13.68,0.2048865585888771,0.1530037895004977,-0.7547331504842744,-0.2048865585888771
13.69,0.2063811799654085,0.1454374700703906,-0.7579481683035605,-0.2063811799654085
13.7,0.2078000452193469,0.1378405549341684,-0.7608909794605959,-0.2078000452193469
13.71,0.2091428133676831,0.1302158358231713,-0.7635611316016516,-0.2091428133676831
13.72,0.2104091740874786,0.122566093375564,-0.7659582763471049,-0.2104091740874786
13.73,0.2115988477158642,0.1148940971363401,-0.7680821692914338,-0.2115988477158642
13.74,0.2127115852500408,0.1072026055573221,-0.7699326700032222,-0.2127115852500408
13.75,0.2137471683472791,0.09949436599715999,-0.7715097420251562,-0.2137471683472791
13.76,0.2147054093249195,0.09177211472133225,-0.7728134528740264,-0.2147054093249195
13.77,0.2155861511603722,0.08403857690214551,-0.7738439740407264,-0.2155861511603722
13.78,0.2163892674911174,0.07629646661873296,-0.7746015809902536,-0.2163892674911174
13.79,0.2171146626147048,0.06854848685706022,-0.7750866531617087,-0.2171146626147048
13.8,0.2177622714887541,0.06079732950991684,-0.7752996739682964,-0.2177622714887541
13.81,0.2183320597309551,0.05304567537692218,-0.7752412307973254,-0.2183320597309551
13.82,0.2188240236190669,0.04529619416452329,-0.774912015010207,-0.2188240236190669
13.83,0.2192381900909186,0.03755154448599549,-0.774312821942456,-0.2192381900909186
13.84,0.2195746167444095,0.0298143738614426,-0.7734445509036922,-0.2195746167444095
13.85,0.219833391837508,0.02208731871779623,-0.7723082051776381,-0.219833391837508
13.86,0.220014634288253,0.01437300438881607,-0.7709048920221196,-0.220014634288253
13.87,0.2201184936747527,0.006674045115088961,-0.7692358226690656,-0.2201184936747527
13.88,0.2201451502351855,-0.001006955955966367,-0.7673023123245111,-0.2201451502351855
13.89,0.2200948148677992,-0.008667406770107034,-0.7651057801685919,-0.2200948148677992
13.9,0.219967729130912,-0.0163047263662605,-0.7626477493555488,-0.219967729130912
13.91,0.2197641652429113,-0.02391634487652642,-0.7599298470137255,-0.2197641652429113
13.92,0.219484426082255,-0.03149970352617575,-0.7569538042455709,-0.219484426082255
13.93,0.2191288451874701,-0.03905225463365192,-0.7537214561276354,-0.2191288451874701
13.94,0.2186977867571535,-0.0465714616105698,-0.7502347417105732,-0.2186977867571535
13.95,0.2181916456499725,-0.05405479896171794,-0.7464957040191431,-0.2181916456499725
13.96,0.2176108473846641,-0.06149975228505157,-0.7425064900522095,-0.2176108473846641
13.97,0.2169558481400344,-0.06890381827170308,-0.7382693507827356,-0.2169558481400344
13.98,0.2162271347549598,-0.07626450470597543,-0.7337866411577908,-0.2162271347549598
13.99,0.2154252247283871,-0.08357933046534198,-0.7290608200985496,-0.2154252247283871
14,0.2145506662193318,-0.09084582552044904,-0.724094450500287,-0.2145506662193318
14.01,0.21360403804688,-0.09806153093511484,-0.7188901992323841,-0.21360403804688
14.02,0.2125859496901871,-0.1052239988663295,-0.7134508371383231,-0.2125859496901871
14.03,0.211497041288478,-0.1123307925642563,-0.7077792390356894,-0.211497041288478
14.04,0.2103379836410498,-0.1193794863722248,-0.7018783837161806,-0.2103379836410498
14.05,0.2091091836284893,-0.1263682147114088,-0.6957501820172327,-0.2091091836284893
14.06,0.2078108189150014,-0.1332954646005093,-0.6893956525555407,-0.2078108189150014
14.07,0.2064435377247369,-0.1401588161645625,-0.6828176938859151,-0.2064435377247369
14.08,0.2050080136865187,-0.1469558790508032,-0.6760192853514971,-0.2050080136865187
14.09,0.2035049380362059,-0.1536843078142395,-0.6690034558370471,-0.2035049380362059
14.1,0.2019350196166938,-0.1603418019176537,-0.6617732837689442,-0.2019350196166938
14.11,0.2002989848779139,-0.1669261057316019,-0.6543318971151858,-0.2002989848779139
14.12,0.1985975778768334,-0.173435008534415,-0.6466824733853873,-0.1985975778768334
14.13,0.196831560277457,-0.1798663445121945,-0.6388282396307873,-0.196831560277457
14.14,0.1950017113508242,-0.1862179927588192,-0.6307724724442384,-0.1950017113508242
14.15,0.193108827975011,-0.1924878772759404,-0.6225184979602136,-0.193108827975011
14.16,0.1911537246351301,-0.1986739669729835,-0.6140696918548054,-0.1911537246351301
14.17,0.1891372334233297,-0.2047742756671476,-0.6054294793457242,-0.1891372334233297
14.18,0.1870602040387946,-0.2107868620834057,-0.5966013351923,-0.1870602040387946
14.19,0.1849235037877458,-0.2167098298545046,-0.5875887836954808,-0.1849235037877458
14.2,0.1827280175834398,-0.2225413275209659,-0.5783953986978324,-0.1827280175834398
14.21,0.1804746479461705,-0.2282795485310823,-0.5690248035835443,-0.1804746479461705
14.22,0.1781643150032671,-0.2339227312409229,-0.5594806712784197,-0.1781643150032671
14.23,0.175797956489095,-0.2394691589143302,-0.5497667242498826,-0.175797956489095
14.24,0.1733765277450561,-0.2449171597229201,-0.5398867345069753,-0.1733765277450561
14.25,0.1709010017195881,-0.2502651067460823,-0.5298445236003591,-0.1709010017195881
14.26,0.1683723689681652,-0.2555114179709809,-0.5196439626223146,-0.1683723689681652
14.27,0.1657916376532978,-0.2606545562925535,-0.509288972206741,-0.1657916376532978
14.28,0.1631598335445316,-0.2656930295135121,-0.4987835225291535,-0.1631598335445316
14.29,0.1604780000184502,-0.2706253903443405,-0.4881316333066933,-0.1604780000184502
14.3,0.157747198058672,-0.2754502364032986,-0.4773373737981139,-0.157747198058672
14.31,0.154968506255852,-0.2801662102164194,-0.4664048628037898,-0.154968506255852
14.32,0.1521430208076812,-0.2847719992175098,-0.455338268665714,-0.1521430208076812
14.33,0.149271855518887,-0.2892663357481505,-0.4441418092674986,-0.149271855518887
14.34,0.1463561418012329,-0.2936479970576959,-0.4328197520343747,-0.1463561418012329
14.35,0.1433970286735184,-0.2979158053032744,-0.4213764139331915,-0.1433970286735184
14.36,0.1403956827615795,-0.3020686275497885,-0.409816161472418,-0.1403956827615795
14.37,0.1373532882982875,-0.3061053757699145,-0.3981434107021386,-0.1373532882982875
14.38,0.1342710471235521,-0.3100250068441016,-0.3863626272140659,-0.1342710471235521
14.39,0.1311501786843163,-0.3138265225605735,-0.3744783261415193,-0.1311501786843163
14.4,0.1279919200345616,-0.317508969615328,-0.3624950721594463,-0.1279919200345616
14.41,0.1247975258353036,-0.3210714396121366,-0.3504174794844059,-0.1247975258353036
14.42,0.1215682683545964,-0.3245130690625453,-0.3382502118745832,-0.1215682683545964
14.43,0.118305437467528,-0.3278330393858719,-0.325997982629776,-0.118305437467528
14.44,0.1150103406562241,-0.3310305769092107,-0.3136655545914038,-0.1150103406562241
14.45,0.1116843030098457,-0.3341049528674281,-0.3012577401425036,-0.1116843030098457
14.46,0.1083281814854849,-0.3370556075281996,-0.2887776748604538,-0.1083281814854849
14.47,0.104942792085368,-0.3398819212082491,-0.276228367344212,-0.104942792085368
14.48,0.1015294794663958,-0.3425831246866836,-0.2636147088758807,-0.1015294794663958
14.49,0.09808958512823697,-0.3451584994224466,-0.2509415663587265,-0.09808958512823697
14.5,0.09462444713059923,-0.3476073776436507,-0.2382137813078374,-0.09462444713059923
14.51,0.09113540009322947,-0.3499291423475765,-0.2254361698501228,-0.09113540009322947
14.52,0.08762377519591377,-0.3521232273006735,-0.2126135227243133,-0.08762377519591377
14.53,0.08409090017847663,-0.3541891170385599,-0.1997506052809584,-0.08409090017847663
14.54,0.08053809934078357,-0.3561263468660215,-0.186852157482436,-0.08053809934078357
14.55,0.07696669354273743,-0.3579345028570139,-0.1739228939029383,-0.07696669354273743
14.56,0.0733780002042807,-0.3596132218546607,-0.1609675037284813,-0.0733780002042807
14.57,0.0697733333053951,-0.3611621914712539,-0.1479906507569019,-0.0697733333053951
14.58,0.06615400338610139,-0.3625811500882545,-0.1349969733978588,-0.06615400338610139
14.59,0.06252131754645948,-0.3638698868562915,-0.1219910846728316,-0.06252131754645948
14.6,0.05887657944656845,-0.365028241695163,-0.1089775722151214,-0.05887657944656845
14.61,0.0552210893065665,-0.3660561052938354,-0.09596099826985073,-0.0552210893065665
14.62,0.05155614390663027,-0.3669534191104438,-0.08294589969396091,-0.05155614390663027
14.63,0.04788303658697748,-0.3677201753722914,-0.06993678795622145,-0.04788303658697748
14.64,0.04420305724786307,-0.3683564170758505,-0.05693814913721655,-0.04420305724786307
14.65,0.04051749234958168,-0.3688622379867615,-0.04395444392935362,-0.04051749234958168
14.66,0.03682762491246724,-0.3692377826398341,-0.03099010763686189,-0.03682762491246724
14.67,0.03313473451689265,-0.3694832463390459,-0.01804955017579144,-0.03313473451689265
14.68,0.02944009730326984,-0.3695988751575428,-0.00513715607401349,-0.02944009730326984
14.69,0.02574498597205026,-0.3695849659376403,0.007742715528778473,-0.02574498597205026
14.7,0.02205066978372343,-0.3694418662908214,0.02058573088107296,-0.02205066978372343
14.71,0.01835841455882021,-0.3691699745977385,0.0333875816195297,-0.01835841455882021
14.72,0.01466948267790843,-0.3687697400082117,0.04614398476899448,-0.01466948267790843
14.73,0.01098513308159596,-0.3682416624412306,0.05885068274248876,-0.01098513308159596
14.74,0.00730662127052942,-0.3675862925849525,0.07150344334121381,-0.00730662127052942
14.75,0.00363519930539504,-0.3668042318967039,0.08409805975454808,-0.00363519930539504
14.76,-2.788419308220359e-05,-0.3658961326029794,0.09663035056004994,2.788419308220359e-05
14.77,-0.003681384044138132,-0.3648626976994424,0.1090961597234563,0.003681384044138132
14.78,-0.007324058506969919,-0.3637046809509247,0.1214913565986842,0.007324058506969919
14.79,-0.01095466928073402,-0.3624228868914268,0.1338118359278241,0.01095466928073402
14.8,-0.01457198150454918,-0.3610181708241185,0.1460535178411502,0.01457198150454918
14.81,-0.01817476375749479,-0.3594914388213361,0.158212347857114,0.01817476375749479
14.82,-0.02176178805861088,-0.3578436477245869,0.1702842968823456,0.02176178805861088
14.83,-0.02533182986689881,-0.3560758051445448,0.1822653612116549,0.02533182986689881
14.84,-0.02888366808131973,-0.3541889694610535,0.1941515625280268,0.02888366808131973
14.85,-0.03241608504079715,-0.3521842498231249,0.2059389479026303,0.03241608504079715
14.86,-0.03592786652421423,-0.3500628061489382,0.2176235897948084,0.03592786652421423
14.87,-0.03941780175041662,-0.3478258491258438,0.2292015860520892,0.03941780175041662
14.88,-0.04288468337820765,-0.3454746402103588,0.2406690599101675,0.04288468337820765
14.89,-0.04632730808272695,-0.3430104904949267,0.2520221617035542,0.04632730808272695
14.9,-0.0497448755474099,-0.3404339392274193,0.2632582432804754,0.0497448755474099
14.91,-0.05313652129747631,-0.3377455754935755,0.2743744459407937,0.05313652129747631
14.92,-0.05650104880353302,-0.3349466754222433,0.2853669344880753,0.05650104880353302
14.93,-0.05983728192038675,-0.3320385415550708,0.2962319517667523,0.05983728192038675
14.94,-0.06314406488704398,-0.3290225028465056,0.306965818662123,0.06314406488704398
14.95,-0.06642026232671165,-0.3258999146637947,0.3175649341003536,0.06642026232671165
14.96,-0.06966475924679474,-0.3226721587869869,0.3280257750484706,0.06966475924679474
14.97,-0.07287646103889989,-0.3193406434089288,0.3383448965143725,0.07287646103889989
14.98,-0.07605429347883289,-0.315906803135268,0.3485189315468216,0.07605429347883289
14.99,-0.07919720272659937,-0.3123720989844511,0.3585445912354464,0.07919720272659937
15,-0.08230415532640487,-0.3087380183877253,0.3684186647107415,0.08230415532640487
15.01,-0.08537413820665461,-0.3050060751891374,0.3781380191440675,0.08537413820665461
15.02,-0.08840615867995383,-0.3011778096455338,0.3876995997476512,0.08840615867995383
15.03,-0.09139924444310794,-0.2972547884265606,0.3971004297745867,0.09139924444310794
15.04,-0.09435244357712073,-0.2932386046146653,0.4063376105188296,0.09435244357712073
15.05,-0.0972648245471973,-0.2891308777050935,0.4154083213152063,0.0972648245471973
15.06,-0.1001354762027421,-0.2849332536058914,0.4243098195394075,0.1001354762027421
15.07,-0.1029635077773595,-0.2806474046379048,0.4330394406079903,0.1029635077773595
15.08,-0.1057480488888534,-0.2762750295347796,0.4415945979783777,0.1057480488888534
15.09,-0.108488249539228,-0.2718178534429613,0.4499727831488586,0.108488249539228
15.1,-0.1111832801146868,-0.2672776279216953,0.4581715656585881,0.1111832801146868
15.11,-0.1138323313856335,-0.2626561309430275,0.4661885930875873,0.1138323313856335
15.12,-0.116434614506672,-0.2579551668918016,0.4740215910567444,0.116434614506672
15.13,-0.1189893610166046,-0.2531765665656646,0.4816683632278103,0.1189893610166046
15.14,-0.1214958228384348,-0.2483221871750609,0.4891267913034056,0.1214958228384348
15.15,-0.1239532722793655,-0.2433939123432346,0.496394835027015,0.1239532722793655
15.16,-0.1263610020307994,-0.238393652106231,0.5034705321829906,0.1263610020307994
15.17,-0.1287183251683391,-0.2333233429128941,0.5103519985965493,0.1287183251683391
15.18,-0.1310245751517868,-0.2281849476248689,0.5170374281337745,0.1310245751517868
15.19,-0.133279105825145,-0.2229804555165992,0.5235250927016164,0.133279105825145
15.2,-0.135481291416616,-0.217711882275328,0.5298133422478909,0.135481291416616
15.21,-0.1376305265386008,-0.2123812700011012,0.5359006047612779,0.1376305265386008
15.22,-0.1397262261877014,-0.2069906872067618,0.541785386271325,0.1397262261877014
15.23,-0.1417678257447198,-0.2015422288179535,0.5474662708484478,0.1417678257447198
15.24,-0.1437547809746565,-0.1960380161731196,0.5529419206039237,0.1437547809746565
15.25,-0.1456865680267136,-0.1904801970235036,0.5582110756899011,0.1456865680267136
15.26,-0.1475626834342914,-0.1848709455331487,0.56327255429939,0.1475626834342914
15.27,-0.1493826441149911,-0.1792124622788977,0.568125252666269,0.1493826441149911
15.28,-0.1511459873706134,-0.1735069742503929,0.5727681450652821,0.1511459873706134
15.29,-0.152852274583944,-0.1677567067400134,0.5772002892852345,0.152852274583944
15.3,-0.1545012007731784,-0.1619629010795916,0.5814209494592036,0.1545012007731784
15.31,-0.1560923604043922,-0.1561273279592817,0.5854291787895254,0.1560923604043922
15.32,-0.1576252939914411,-0.1502522773685518,0.5892239793712679,0.1576252939914411
15.33,-0.1590995666368817,-0.1443400309738935,0.5928044368357474,0.1590995666368817
15.34,-0.1605147680319719,-0.1383928621188221,0.5961697203505271,0.1605147680319719
15.35,-0.1618705124566703,-0.1324130358238765,0.5993190826194181,0.1618705124566703
15.36,-0.163166438779637,-0.1264028087866192,0.602251859882479,0.163166438779637
15.37,-0.164402210458233,-0.1203644293816351,0.6049674719160172,0.164402210458233
15.38,-0.1655775155385199,-0.1143001376605361,0.6074654220325848,0.1655775155385199
15.39,-0.1666920666552608,-0.1082121653519545,0.6097452970809846,0.1666920666552608
15.4,-0.16774560103192,-0.1021027358615471,0.6118067674462655,0.16774560103192
15.41,-0.1687378804806623,-0.09597406427199438,0.6136495870497242,0.1687378804806623
15.42,-0.1696686914023541,-0.08982835734300047,0.6152735933489052,0.1696686914023541
15.43,-0.1705378447865625,-0.08366781351129306,0.6166787073376004,0.1705378447865625
15.44,-0.1713451762115557,-0.07749462289062344,0.6178649335458498,0.1713451762115557
15.45,-0.1720905458443032,-0.0713109672717655,0.6188323600399408,0.1720905458443032
15.46,-0.1727738384404752,-0.06511902012251983,0.6195811584224078,0.1727738384404752
15.47,-0.1733949633444429,-0.05892094658770754,0.6201115838320334,0.1733949633444429
15.48,-0.1739538544892791,-0.05271890348917428,0.6204239749438479,0.1739538544892791
15.49,-0.1744504703967571,-0.04651503932578941,0.6205187539691289,0.1744504703967571
15.5,-0.1748847941773514,-0.0403114942734459,0.6203964266554022,0.1748847941773514
15.51,-0.1752568335302378,-0.03411040018506022,0.6200575822864403,0.1752568335302378
15.52,-0.1755666207432927,-0.02791388059057241,0.6195028936822639,0.1755666207432927
15.53,-0.1758142126930939,-0.02172405069694533,0.6187331171991411,0.1758142126930939
15.54,-0.1759996908449201,-0.0155430173881683,0.6177490927295886,0.1759996908449201
15.55,-0.1761231612527511,-0.009372879225251332,0.6165517437023688,0.1761231612527511
15.56,-0.1761847545592678,-0.003215726446228865,0.6151420770824935,0.1761847545592678
15.57,-0.1761846259958518,0.002926359033841025,0.6135211833712205,0.1761846259958518
15.58,-0.1761229553825864,0.009051303622876337,0.6116902366060574,0.1761229553825864
15.59,-0.1759999471282553,0.01515704205177192,0.6096504943607574,0.1759999471282553
15.6,-0.1758158302303437,0.02124151737439881,0.607403297745322,0.1758158302303437
15.61,-0.1755708582750375,0.02730268096760557,0.6049500714060001,0.1755708582750375
15.62,-0.1752653094372239,0.03333849253121354,0.6022923235252896,0.1752653094372239
15.63,-0.1748994864804913,0.03934692008802435,0.5994316458219346,0.1748994864804913
15.64,-0.1744737167571283,0.04532593998381465,0.5963697135509258,0.1744737167571283
15.65,-0.1739883522081257,0.05127353688733698,0.5931082855035045,0.1739883522081257
15.66,-0.1734437693631748,0.05718770379032162,0.5896492040071575,0.1734437693631748
15.67,-0.1728403693406675,0.06306644200747391,0.5859943949256182,0.1728403693406675
15.68,-0.1721785778476979,0.06890776117647608,0.5821458676588719,0.1721785778476979
15.69,-0.1714588451800598,0.07470967925798616,0.5781057151431469,0.1714588451800598
15.7,-0.1706816462222491,0.08047022253564112,0.5738761138509211,0.1706816462222491
15.71,-0.1698474804474618,0.08618742561605022,0.5694593237909185,0.1698474804474618
15.72,-0.1689568719175966,0.09185933142880154,0.5648576885081166,0.1689568719175966
15.73,-0.1680101108357897,0.09748449194700438,0.5600726018658051,0.1680101108357897
15.74,-0.1670073545103516,0.1030616486722809,0.5551049443675424,0.1670073545103516
15.75,-0.165949112238243,0.1085888420084702,0.5499570087445687,0.165949112238243
15.76,-0.1648359103146323,0.1140641426069985,0.5446311390147207,0.1648359103146323
15.77,-0.1636682893680337,0.1194856568357669,0.539129719748168,0.1636682893680337
15.78,-0.1624468043603074,0.124851526779152,0.5334551760674123,0.1624468043603074
15.79,-0.1611720245866605,0.1301599302380018,0.5276099736472915,0.1611720245866605
15.8,-0.1598445336756453,0.1354090807296423,0.5215966187149735,0.1598445336756453
15.81,-0.1584649295891608,0.1405972274878727,0.5154176580499603,0.1584649295891608
15.82,-0.157033824622452,0.145722655462967,0.5090756789840872,0.157033824622452
15.83,-0.1555518454041097,0.1507836853216737,0.5025733094015221,0.1555518454041097
15.84,-0.1540196328960712,0.1557786734472159,0.4959132177387665,0.1540196328960712
15.85,-0.15243784239362,0.1607060119392915,0.4890981129846548,0.15243784239362
15.86,-0.150807143525385,0.1655641286140734,0.4821307446803534,0.150807143525385
15.87,-0.1491282202533424,0.1703514870042069,0.4750139029193653,0.1491282202533424
15.88,-0.1474017708728136,0.1750665863588144,0.467750418347523,0.1474017708728136
15.89,-0.1456285080124664,0.1797079616434921,0.4603431621629933,0.1456285080124664
15.9,-0.1438091586343148,0.1842741835403104,0.4527950461162762,0.1438091586343148
15.91,-0.1419444640337189,0.1887638584478148,0.4451090225102048,0.1419444640337189
15.92,-0.1400351798393847,0.1931756284810251,0.4372880841999452,0.1400351798393847
15.93,-0.1380820760133647,0.1975081714714357,0.4293352645929963,0.1380820760133647
15.94,-0.136085936851057,0.2017602009670157,0.4212536376491908,0.136085936851057
15.95,-0.1340475609812061,0.2059304662322095,0.4130463178806923,0.1340475609812061
15.96,-0.1319677613659034,0.2100177522479338,0.4047164603520031,0.1319677613659034
15.97,-0.1298473653005853,0.2140208797115824,0.3962672606799527,0.1298473653005853
15.98,-0.1276872144140345,0.2179387050370223,0.3877019550337054,0.1276872144140345
15.99,-0.1254881646683802,0.2217701203545958,0.3790238201347596,0.1254881646683802
16,-0.1232510863590977,0.2255140535111196,0.3702361732569467,0.1232510863590977
16.01,-0.1209768641150078,0.2291694680698853,0.3613423722264286,0.1209768641150078
16.02,-0.118666396898279,0.2327353633106569,0.352345815421707,0.118666396898279
16.03,-0.1163205980044235,0.2362107742296771,0.3432499417736066,0.1163205980044235
16.04,-0.1139403950623022,0.2395947715396586,0.3340582307652954,0.1139403950623022
16.05,-0.1115267300341196,0.2428864616697935,0.3247742024322653,0.1115267300341196
16.06,-0.1090805592154293,0.2460849867657434,0.3154014173623522,0.1090805592154293
16.07,-0.1066028532351271,0.2491895246896496,0.3059434766957101,0.1066028532351271
16.08,-0.1040945970554588,0.2521992890201234,0.296404022124841,0.1040945970554588
16.09,-0.101556789972015,0.255113529052253,0.2867867358945747,0.101556789972015
16.1,-0.0989904456137304,0.2579315297976026,0.2770953408020668,0.0989904456137304
16.11,-0.09639659194288949,0.2606526119842066,0.2673336001968201,0.09639659194288949
16.12,-0.09377627125511881,0.2632761320565787,0.2575053179806546,0.09377627125511881
16.13,-0.09113054017939609,0.265801482175705,0.2476143386077419,0.09113054017939609
16.14,-0.08846017538338291,0.2682281697204996,0.2376635000089945,0.08846017538338291
16.15,-0.08576573584049949,0.270555716411735,0.2276548773090363,0.08576573584049949
16.16,-0.08304828520291178,0.2727834842183634,0.2175923474148637,0.08304828520291178
16.17,-0.08030889427469803,0.2749108726402599,0.2074798022679968,0.08030889427469803
16.18,-0.07754863132710581,0.2769373219080892,0.197321114233009,0.07754863132710581
16.19,-0.07476856209854889,0.2788623129833083,0.187120136097516,0.07476856209854889
16.2,-0.0719697497946143,0.2806853675581615,0.1768807010722008,0.0719697497946143
16.21,-0.0691532550880543,0.2824060480556853,0.166606622790785,0.0691532550880543
16.22,-0.06632013611879431,0.2840239576297038,0.156301695310058,0.06632013611879431
16.23,-0.06347144849392511,0.2855387401648336,0.1459696931098475,0.06347144849392511
16.24,-0.06060824528770962,0.2869500802764794,0.1356143710930455,0.06060824528770962
16.25,-0.05773157704158,0.2882577033108358,0.1252394645855967,0.05773157704158
16.26,-0.05484249176413467,0.289461375344889,0.1148486893364883,0.05484249176413467
16.27,-0.05194203493114533,0.2905609031864134,0.1044457415177749,0.05194203493114533
16.28,-0.0490312494855487,0.2915561343739744,0.09403429772454963,0.0490312494855487
16.29,-0.04611117583745505,0.2924469571769267,0.08361801497497352,0.04611117583745505
16.3,-0.04318285186413963,0.2932333005954157,0.07320053071024579,0.04318285186413963
16.31,-0.04024731291005102,0.2939151343603758,0.06278546279463341,0.04024731291005102
16.32,-0.03730559178680304,0.2944924689335324,0.05237640951544201,0.03730559178680304
16.33,-0.03435871877318167,0.2949653555073998,0.04197694958304084,0.03435871877318167
16.34,-0.03140772161514228,0.2953338860052827,0.03159064213085277,0.03140772161514228
16.35,-0.02845362552580627,0.2955981930812762,0.02122102671534234,0.02845362552580627
16.36,-0.02549745318546848,0.2957584501202647,0.01087162331604214,0.02549745318546848
16.37,-0.02254022474158876,0.2958148712379227,0.0005459323355228212,0.02254022474158876
16.38,-0.01958295780880037,0.2957677112807148,-0.009752565400577054,0.01958295780880037
16.39,-0.01662666746890171,0.2956172658258957,-0.02002040864358035,0.01662666746890171
16.4,-0.01367236627086453,0.2953638711815097,-0.03025415572174232,0.01367236627086453
16.41,-0.01072106423082555,0.2950079043863906,-0.04045038454027999,0.01072106423082555
16.42,-0.007773768832094069,0.2945497832101637,-0.05060569258134592,0.007773768832094069
16.43,-0.004831485025148367,0.2939899661532426,-0.06071669690404012,0.004831485025148367
16.44,-0.001895215227633011,0.2933289524468317,-0.07078003414441995,0.001895215227633011
16.45,0.001034040675634089,0.2925672820529254,-0.08079236051547548,-0.001034040675634089
16.46,0.003955285332670023,0.291705535664307,-0.09075035180715811,-0.003955285332670023
16.47,0.006867523924318299,0.2907443347045517,-0.1006507033863515,-0.006867523924318299
16.48,0.009769764164257589,0.2896843413280225,-0.110490130196901,-0.009769764164257589
16.49,0.01266101629899403,0.2885262584198738,-0.1202653667595878,-0.01266101629899403
16.5,0.0155402931078646,0.2872708295960498,-0.1299731671721402,-0.0155402931078646
16.51,0.01840660990304025,0.2859188392032834,-0.1396103051092443,-0.01840660990304025
16.52,0.02125898452951837,0.2844711123190997,-0.1491735738225185,-0.02125898452951837
16.53,0.02409643736513111,0.2829285147518115,-0.1586597861405416,-0.02409643736513111
16.54,0.02691799132053823,0.2812919530405228,-0.1680657744688287,-0.02691799132053823
16.55,0.02972267183923285,0.2795623744551269,-0.1773883907898504,-0.02972267183923285
16.56,0.03250950689753589,0.2777407669963086,-0.1866245066630146,-0.03250950689753589
16.57,0.03527752700460289,0.2758281593955388,-0.1957710132246884,-0.03527752700460289
16.58,0.03802604375997303,0.2738250663955618,-0.2048256460697104,-0.03802604375997303
16.59,0.04075441123879362,0.2717318605959097,-0.213786251389125,-0.04075441123879362
16.6,0.0434616646286845,0.2695495430108241,-0.2226497293189011,-0.0434616646286845
16.61,0.04614685481127739,0.2672791371263075,-0.2314130406431027,-0.04614685481127739
16.62,0.04880904888512307,0.2649216879059091,-0.2400732083547806,-0.04880904888512307
16.63,0.05144733016568372,0.2624782617907325,-0.2486273176559474,-0.05144733016568372
16.64,0.05406079818534051,0.2599499466994274,-0.2570725159576021,-0.05406079818534051
16.65,0.05664856869338608,0.2573378520281981,-0.2654060128797056,-0.05664856869338608
16.66,0.05920977365603195,0.2546431086507946,-0.2736250802512053,-0.05920977365603195
16.67,0.06174356125640214,0.251866868918521,-0.2817270521100136,-0.06174356125640214
16.68,0.06424909589453591,0.2490103066602312,-0.2897093247030173,-0.06424909589453591
16.69,0.06672555818739034,0.2460746171823266,-0.2975693564860858,-0.06672555818739034
16.7,0.06917214496883428,0.2430610172687628,-0.3053046681240517,-0.06917214496883428
16.71,0.07158806928965519,0.2399707451810417,-0.3129128424907325,-0.07158806928965519
16.72,0.07397256041755237,0.2368050606582197,-0.3203915246689093,-0.07397256041755237
16.73,0.07632486383714369,0.2335652449168994,-0.3277384219503479,-0.07632486383714369
16.74,0.07864424124995967,0.2302526006512365,-0.3349513038357803,-0.07864424124995967
16.75,0.08092997057444619,0.2268684520329377,-0.342028002034913,-0.08092997057444619
16.76,0.08318134594596666,0.223414144711256,-0.348966410466434,-0.08318134594596666
16.77,0.08539767771679646,0.2198910458129995,-0.3557644852579954,-0.08539767771679646
16.78,0.08757829245612954,0.2163005439425221,-0.3624202447462341,-0.08757829245612954
16.79,0.08972253295007171,0.2126440491817329,-0.3689317694767506,-0.08972253295007171
16.8,0.09182975820164718,0.2089229930900857,-0.3752972022041293,-0.09182975820164718
16.81,0.0938993434307924,0.2051388287045904,-0.3815147478919197,-0.0938993434307924
16.82,0.09593068007436188,0.2012930305398017,-0.3875826737126546,-0.09593068007436188
16.83,0.09792317578612329,0.1973870945878291,-0.3934993090478343,-0.09792317578612329
16.84,0.09987625443675927,0.1934225383183311,-0.3992630454879324,-0.09987625443675927
16.85,0.10178935611387,0.1894009006785138,-0.4048723368324043,-0.10178935611387
16.86,0.1036619371219682,0.1853237420931387,-0.4103256990896713,-0.1036619371219682
16.87,0.1054934699824843,0.1811926444645118,-0.4156217104771359,-0.1054934699824843
16.88,0.1072834434337613,0.1770092111724952,-0.4207590114211676,-0.1072834434337613
16.89,0.1090313624310601,0.1727750670744954,-0.4257363045571175,-0.1090313624310601
16.9,0.1107367481465542,0.1684918585054754,-0.4305523547293037,-0.1107367481465542
16.91,0.1123991379693349,0.1641612532779423,-0.4352059889910258,-0.1123991379693349
16.92,0.1140180855054067,0.1597849406819583,-0.4396960966045514,-0.1140180855054067
16.93,0.1155931605776894,0.1553646314851355,-0.4440216290411234,-0.1155931605776894
16.94,0.1171239492260202,0.1509020579326324,-0.4481815999809644,-0.1171239492260202
16.95,0.1186100537071483,0.1463989737471629,-0.4521750853132614,-0.1186100537071483
16.96,0.1200510924947409,0.1418571541289851,-0.4560012231361855,-0.1200510924947409
16.97,0.1214467002793788,0.1372783957559163,-0.459659213756876,-0.1214467002793788
16.98,0.1227965969591699,0.1326639386208062,-0.4631484077025718,-0.1227965969591699
16.99,0.1241004919177263,0.1280149124727994,-0.4664680897549766,-0.1241004919177263
17,0.1253580054309373,0.1233331464121175,-0.4696174185162121,-0.1253580054309373
17.01,0.1265687772523054,0.1186204648191294,-0.4725956192546995,-0.1265687772523054
17.02,0.1277324668390839,0.1138786857006081,-0.4754019842573178,-0.1277324668390839
17.03,0.1288487533522802,0.1091096206897178,-0.4780358728294133,-0.1288487533522802
17.04,0.1299173356566522,0.1043150750460272,-0.4804967112947916,-0.1299173356566522
17.05,0.1309379323207121,0.09949684765549582,-0.4827839929957246,-0.1309379323207121
17.06,0.1319102816167228,0.0946567310304877,-0.4848972782929436,-0.1319102816167228
17.07,0.1328341415207012,0.08979651130975795,-0.4868361945656459,-0.1328341415207012
17.08,0.1337092897124156,0.0849179682584644,-0.48860043621149,-0.1337092897124156
17.09,0.1345355235753866,0.08002287526816274,-0.4901897646465972,-0.1345355235753866
17.1,0.1353126601968882,0.07511299935680105,-0.4916040083055532,-0.1353126601968882
17.11,0.1360405363679457,0.0701901011687322,-0.4928430626414047,-0.1360405363679457
17.12,0.1367190085833379,0.06525593497469982,-0.4939068901256632,-0.1367190085833379
17.13,0.1373479530415948,0.06031224867185223,-0.4947955202483015,-0.1373479530415948
17.14,0.1379272656450001,0.05536078378372838,-0.4955090495177567,-0.1379272656450001
17.15,0.1384568619995889,0.05040327546027037,-0.4960476414609276,-0.1384568619995889
17.16,0.1389366774151491,0.04544145247781792,-0.4964115266231764,-0.1389366774151491
17.17,0.1393666669052212,0.04047703723910331,-0.4966010025683288,-0.1393666669052212
17.18,0.1397468051870978,0.03551174577326346,-0.4966164338786725,-0.1397468051870978
17.19,0.1400770866818243,0.03054728773582613,-0.4964582521549589,-0.1400770866818243
17.2,0.1403575255141978,0.02558536640872369,-0.4961269560164014,-0.1403575255141978
17.21,0.1405881555127687,0.02062767870027922,-0.495623111100677,-0.1405881555127687
17.22,0.1407690302098394,0.01567591514522081,-0.4949473500639262,-0.1407690302098394
17.23,0.1409002228414645,0.01073175990466691,-0.4941003725807505,-0.1409002228414645
17.24,0.1409818263474515,0.005796890766139089,-0.4930829453442163,-0.1409818263474515
17.25,0.1410139533713597,0.0008729791435568325,-0.4918959020658522,-0.1410139533713597
17.26,0.1409967362605015,-0.004038309922768149,-0.490540143475649,-0.1409967362605015
17.27,0.1409303270659413,-0.008935317766119508,-0.489016637322062,-0.1409303270659413
17.28,0.140814897542496,-0.01381639209338962,-0.4873264183720074,-0.140814897542496
17.29,0.1406506391487349,-0.01867988698506677,-0.4854705884108664,-0.1406506391487349
17.3,0.1404377630469797,-0.02352416289524798,-0.4834503162424813,-0.1404377630469797
17.31,0.1401765001033049,-0.02834758665162582,-0.4812668376891596,-0.1401765001033049
17.32,0.1398671008875366,-0.03314853145550246,-0.4789214555916679,-0.1398671008875366
17.33,0.1395098356732538,-0.03792537688177646,-0.4764155398092391,-0.1395098356732538
17.34,0.1391049944377885,-0.04267650887894928,-0.4737505272195693,-0.1391049944377885
17.35,0.1386528868622239,-0.0474003197691289,-0.4709279217188144,-0.1386528868622239
17.36,0.1381538423313969,-0.05209520824801953,-0.4679492942215972,-0.1381538423313969
17.37,0.1376082099338954,-0.05675957938493457,-0.4648162826609983,-0.1376082099338954
17.38,0.1370163584620609,-0.06139184462278223,-0.4615305919885666,-0.1370163584620609
17.39,0.1363786764119868,-0.06599042177808025,-0.4580939941743097,-0.1363786764119868
17.4,0.1356955719835191,-0.07055373504094296,-0.4545083282067009,-0.1356955719835191
17.41,0.1349673504363191,-0.07508046186297172,-0.4507750073412257,-0.1349673504363191
17.42,0.1341940801612194,-0.07956972052694165,-0.4468945026528814,-0.1341940801612194
17.43,0.1333761408315648,-0.08401996746766328,-0.4428685451613516,-0.1333761408315648
17.44,0.1325139442955269,-0.08842964366760955,-0.438698982145255,-0.1325139442955269
17.45,0.1316079139972438,-0.09279721857561331,-0.4343876938040457,-0.1316079139972438
17.46,0.1306584849768179,-0.09712119010688001,-0.4299365932580012,-0.1306584849768179
17.47,0.129666103870318,-0.1014000846429751,-0.4253476265482348,-0.129666103870318
17.48,0.1286312289097769,-0.1056324570318367,-0.4206227726366828,-0.1286312289097769
17.49,0.1275543299231938,-0.1098168905877642,-0.4157640434061161,-0.1275543299231938
17.5,0.1264358883345333,-0.1139519970914237,-0.4107734836601349,-0.1264358883345333
17.51,0.1252763971637241,-0.1180364167898519,-0.4056531711231638,-0.1252763971637241
17.52,0.1240763610266617,-0.1220688183964458,-0.4004052164404643,-0.1240763610266617
17.53,0.1228362961352056,-0.1260478990909746,-0.3950317631781197,-0.1228362961352056
17.54,0.1215567302971819,-0.1299723845195681,-0.3895349878230504,-0.1215567302971819
17.55,0.1202382029163805,-0.1338410287947279,-0.3839170997829987,-0.1202382029163805
17.56,0.1188812649925585,-0.1376526144953164,-0.3781803413865443,-0.1188812649925585
17.57,0.1174864791214362,-0.1414059526665677,-0.3723269878830883,-0.1174864791214362
17.58,0.1160544194947009,-0.1450998828200783,-0.3663593474428672,-0.1160544194947009
17.59,0.1145856719000051,-0.1487332729338107,-0.3602797611569477,-0.1145856719000051
17.6,0.1130808337209651,-0.152305019452098,-0.3540906030372191,-0.1130808337209651
17.61,0.1115405139371647,-0.1558140472856339,-0.3477942800164086,-0.1115405139371647
17.62,0.1099653331241507,-0.159259309811484,-0.3413932319480649,-0.1099653331241507
17.63,0.1083559234534376,-0.1626397888730749,-0.3348899316065744,-0.1083559234534376
17.64,0.1067129286925029,-0.1659544947802045,-0.3282868846871445,-0.1067129286925029
17.65,0.1050370042047909,-0.1692024663090331,-0.3215866298058185,-0.1050370042047909
17.66,0.1033288169497117,-0.1723827707020876,-0.3147917384994697,-0.1033288169497117
17.67,0.1015890454826386,-0.1754945036682646,-0.3079048152257932,-0.1015890454826386
17.68,0.09981837995491279,-0.1785367893828224,-0.3009284973633243,-0.09981837995491279
17.69,0.09801752211383807,-0.1815087804873899,-0.2938654552114166,-0.09801752211383807
17.7,0.09618718530268643,-0.1844096580899583,-0.2867183919902642,-0.09618718530268643
17.71,0.09432809446069226,-0.1872386317648889,-0.2794900438408801,-0.09432809446069226
17.72,0.09244098612305832,-0.1899949395529056,-0.2721831798251177,-0.09244098612305832
17.73,0.09052660842094909,-0.1926778479611018,-0.2648006019256472,-0.09052660842094909
17.74,0.08858572108149783,-0.1952866519629351,-0.2573451450459806,-0.08858572108149783
17.75,0.08661909542780218,-0.1978206749982294,-0.2498196770104559,-0.08661909542780218
17.76,0.08462751437892291,-0.2002792689731768,-0.2422270985642329,-0.08462751437892291
17.77,0.08261177244988943,-0.2026618142603328,-0.2345703433733129,-0.08261177244988943
17.78,0.0805726757516932,-0.2049677196986227,-0.2268523780245147,-0.0805726757516932
17.79,0.07851104199129418,-0.2071964225933342,-0.2190762020254985,-0.07851104199129418
17.8,0.07642770047161455,-0.2093473887161249,-0.2112448478047421,-0.07642770047161455
17.81,0.07432349209154547,-0.2114201123050162,-0.2033613807115669,-0.07432349209154547
17.82,0.07219917615771097,-0.2134141434253194,-0.1954285668833047,-0.07219917615771097
17.83,0.0700551178975735,-0.215329133234277,-0.1874477717724338,-0.0700551178975735
17.84,0.0678921027413317,-0.2171645733921373,-0.1794218680087243,-0.0678921027413317
17.85,0.06571098659460672,-0.2189199625934518,-0.1713539720888853,-0.06571098659460672
17.86,0.06351262345017643,-0.2205948321805018,-0.163247185226881,-0.06351262345017643
17.87,0.06129786538796889,-0.2221887461433027,-0.1551045933539077,-0.06129786538796889
17.88,0.05906756257506894,-0.2237013011196002,-0.1469292671184169,-0.05906756257506894
17.89,0.05682256326571168,-0.2251321263948734,-0.1387242618860923,-0.05682256326571168
17.9,0.05456371380128812,-0.2264808839023325,-0.1304926177398699,-0.05456371380128812
17.91,0.05229185861034275,-0.2277472682229196,-0.1222373594799293,-0.05229185861034275
17.92,0.05000784020857119,-0.2289310065853102,-0.1139614966236852,-0.05000784020857119
17.93,0.0477124991988257,-0.2300318588659098,-0.1056680234058074,-0.0477124991988257
17.94,0.04540667427110887,-0.231049617588858,-0.09735991877819787,-0.04540667427110887
17.95,0.04309120220258002,-0.2319841079260246,-0.08904014641001395,-0.04309120220258002
17.96,0.04076691785754866,-0.232835187697013,-0.08071165468764475,-0.04076691785754866
17.97,0.03843465418748115,-0.2336027473691572,-0.07237737671473501,-0.03843465418748115
17.98,0.03609524223099397,-0.2342867100575245,-0.06404023031216115,-0.03609524223099397
17.99,0.03374951111385966,-0.2348870315249135,-0.05570311801805226,-0.03374951111385966
18,0.03139828804900415,-0.2354037001818546,-0.04736892708778092,-0.03139828804900415
18.01,0.02904239833650452,-0.235836737086611,-0.03904052949395485,-0.02904239833650452
18.02,0.0266826653635945,-0.2361861959451773,-0.03072078192643678,-0.0266826653635945
18.03,0.02431991060465814,-0.2364521631112805,-0.02241252579232177,-0.02431991060465814
18.04,0.02195495362123619,-0.2366347575863793,-0.01411858721595986,-0.02195495362123619
18.05,0.0195886120620197,-0.2367341310196648,-0.005841777038933509,-0.0195886120620197
18.06,0.01722170166285639,-0.2367504677080597,0.002415109179920014,-0.01722170166285639
18.07,0.01485503624674435,-0.2366839845962193,0.01064929116453067,-0.01485503624674435
18.08,0.01248942772383741,-0.2365349312765302,0.01885800392157699,-0.01248942772383741
18.09,0.01012568609144304,-0.2363035899891115,0.02703849774049325,-0.01012568609144304
18.1,0.00776461943401988,-0.2359902756218147,0.03518803819347833,-0.00776461943401988
18.11,0.005407033923182956,-0.2355953357102221,0.04330390613547715,-0.005407033923182956
18.12,0.003053733817697902,-0.2351191504376492,0.05138339770420119,-0.003053733817697902
18.13,0.0007055214634867774,-0.2345621326351433,0.05942382432010803,-0.0007055214634867774
18.14,-0.001636802706377699,-0.2339247277814831,0.06742251268642144,0.001636802706377699
18.15,-0.003972440171667134,-0.2332074140031801,0.07537680478911395,0.003972440171667134
18.16,-0.006300594324999931,-0.2324107020744773,0.08328405789691541,0.006300594324999931
18.17,-0.008620470471842868,-0.2315351354173499,0.09114164456131858,0.008620470471842868
18.18,-0.0109312758305061,-0.2305812901015056,0.0989469526165617,0.0109312758305061
18.19,-0.01323221953215002,-0.229549774844383,0.1066973851796521,0.01323221953215002
18.2,-0.01552251262077751,-0.2284412310111541,0.1143903606503399,0.01552251262077751
18.21,-0.01780136805324221,-0.2272563326147217,0.1220233127111459,0.01780136805324221
18.22,-0.02006800069923984,-0.2259957863157216,0.1295936903273323,0.02006800069923984
18.23,-0.02232162734131663,-0.2246603314225201,0.1370989577469309,0.02232162734131663
18.24,-0.02456146667486275,-0.2232507398912177,0.1445365945007216,0.02456146667486275
18.25,-0.02678673930811518,-0.2217678163256457,0.1519040954022415,0.02678673930811518
18.26,-0.02899677995691792,-0.2202121815733792,0.159199304637952,0.02899677995691792
18.27,-0.03119116082490624,-0.2185839741327673,0.1664207671733698,0.03119116082490624
18.28,-0.03336912856991537,-0.2168839336693754,0.1735660515152907,0.03336912856991537
18.29,-0.035529916597897,-0.2151128653847766,0.1806326972560389,0.035529916597897
18.3,-0.03767277124255811,-0.2132715918447833,0.1876182936435795,0.03767277124255811
18.31,-0.03979695176535486,-0.211360952979453,0.1945204795814984,0.03979695176535486
18.32,-0.04190173035549866,-0.2093818060830825,0.2013369436290216,0.04190173035549866
18.33,-0.04398639212995092,-0.2073350258142127,0.2080654240009989,0.04398639212995092
18.34,-0.04605023513342526,-0.2052215041956267,0.2147037085679106,0.04605023513342526
18.35,-0.04809257033838975,-0.2030421506143477,0.2212496348558745,0.04809257033838975
18.36,-0.05011272164506178,-0.2007978918216437,0.22770109004663,0.05011272164506178
18.37,-0.05211002588141386,-0.1984896719330221,0.2340560109775565,0.05211002588141386
18.38,-0.05408383280316782,-0.1961184524282352,0.2403123841416545,0.05408383280316782
18.39,-0.05603350509380062,-0.1936852121512746,0.2464682456875645,0.05603350509380062
18.4,-0.05795841836453929,-0.1911909473103763,0.2525216814195507,0.05795841836453929
18.41,-0.05985796115436315,-0.1886366714780185,0.2584708267975084,0.05985796115436315
18.42,-0.06173153493000574,-0.1860234155909187,0.2643138669369695,0.06173153493000574
18.43,-0.06357855408595019,-0.1833522279500405,0.2700490366090885,0.06357855408595019
18.44,-0.06539844594443446,-0.1806241742205855,0.2756746202406586,0.06539844594443446
18.45,-0.0671906507554462,-0.1778403374320017,0.2811889519140955,0.0671906507554462
18.46,-0.06895462169672775,-0.1750018179779749,0.2865904153674539,0.06895462169672775
18.47,-0.07068982487377122,-0.1721097336164374,0.2918774439944107,0.07068982487377122
18.48,-0.07239573931982353,-0.169165219469559,0.2970485208442818,0.07239573931982353
18.49,-0.07407185699588172,-0.1661694280237554,0.3021021786220073,0.07407185699588172
18.5,-0.07571768279069539,-0.1631235291296841,0.307036999688159,0.07571768279069539
18.51,-0.07733273452076789,-0.1600287100022413,0.3118516160589436,0.07733273452076789
18.52,-0.07891654293035268,-0.1568861752205703,0.3165447094061927,0.07891654293035268
18.53,-0.08046865169145749,-0.1536971467280514,0.3211150110573741,0.08046865169145749
18.54,-0.08198861740384031,-0.1504628638323121,0.3255613019955804,0.08198861740384031
18.55,-0.08347600959501336,-0.1471845832052172,0.3298824128595412,0.08347600959501336
18.56,-0.08493041072023903,-0.1438635788828783,0.3340772239436104,0.08493041072023903
18.57,-0.086351416162534,-0.1405011422656441,0.3381446651977785,0.086351416162534
18.58,-0.08773863423266552,-0.1370985821181095,0.342083716227662,0.08773863423266552
18.59,-0.08909168616915335,-0.1336572245691112,0.3458934062945088,0.08909168616915335
18.6,-0.09041020613827085,-0.1301784131117251,0.3495728143152016,0.09041020613827085
18.61,-0.09169384123404163,-0.1266635086032731,0.3531210688622476,0.09169384123404163
18.62,-0.09294225147824327,-0.1231138892653145,0.3565373481637898,0.09294225147824327
18.63,-0.09415510982040401,-0.1195309506836564,0.3598208801035978,0.09415510982040401
18.64,-0.09533210213780602,-0.1159161058083428,0.3629709422210763,0.09533210213780602
18.65,-0.09647292723548211,-0.1122707849536624,0.3659868617112558,0.09647292723548211
18.66,-0.09757731771950523,-0.1085962711607905,0.3688680447668294,0.09757731771950523
18.67,-0.09864507411738369,-0.104893257770658,0.3716139788198156,0.09864507411738369
18.68,-0.09967589648303656,-0.1011631121415597,0.3742239788102025,0.09967589648303656
18.69,-0.1006694865472127,-0.09740729453369604,0.376697390034482,0.1006694865472127
18.7,-0.1016255618225706,-0.09362726025591189,0.3790336115087607,0.1016255618225706
18.71,-0.1025438556036808,-0.08982445966568621,0.3812320959687686,0.1025438556036808
18.72,-0.1034241169670234,-0.08600033816914253,0.3832923498698504,0.1034241169670234
18.73,-0.1042661107709908,-0.08215633622103836,0.3852139333869738,0.1042661107709908
18.74,-0.105069617655885,-0.07829388932477453,0.3869964604147228,0.105069617655885
18.75,-0.1058344340439192,-0.07441442803239125,0.3886395985673009,0.1058344340439192
18.76,-0.1065603721392183,-0.07051937794456389,0.3901430691785324,0.1065603721392183
18.77,-0.1072472599278168,-0.06661015971061267,0.3915066473018582,0.1072472599278168
18.78,-0.1078949411776612,-0.06268818902849153,0.3927301617103406,0.1078949411776612
18.79,-0.1085032754386077,-0.05875487664479929,0.393813494896659,0.1085032754386077
18.8,-0.1090721380424248,-0.05481162835476859,0.3947565830731133,0.1090721380424248
18.81,-0.1096014201027904,-0.05085984500227685,0.3955594161716214,0.1096014201027904
18.82,-0.1100910285152944,-0.04690092247983527,0.3962220378437212,0.1100910285152944
18.83,-0.1105408859574368,-0.04293625172859852,0.3967445454605687,0.1105408859574368
18.84,-0.1109509308886288,-0.03896721873836058,0.3971270901129395,0.1109509308886288
18.85,-0.1113211175501926,-0.03499520454755068,0.3973698766112285,0.1113211175501926
18.86,-0.1116514159653609,-0.03102158524324275,0.3974731634854491,0.1116514159653609
18.87,-0.1119418119392777,-0.02704773196114446,0.3974372629852341,0.1119418119392777
18.88,-0.1121923070589972,-0.02307501088560854,0.3972625410798353,0.1121923070589972
18.89,-0.1124029186934854,-0.01910478324962137,0.3969494174581235,0.1124029186934854
18.9,-0.1125736799936184,-0.01513840533481281,0.3964983655285884,0.1125736799936184
18.91,-0.1127046398921835,-0.01117722847145193,0.3959099124193396,0.1127046398921835
18.92,-0.1127958631038787,-0.007222599038443121,0.3951846389781044,0.1127958631038787
18.93,-0.1128474301253129,-0.003275858463335467,0.3943231797722301,0.1128474301253129
18.94,-0.112859437235006,0.0006616567776880546,0.3933262230886827,0.112859437235006
18.95,-0.1128319964933888,0.004588615159799643,0.3921945109340481,0.1128319964933888
18.96,-0.1127652357428026,0.008503690109537752,0.3909288390345294,0.1127652357428026
18.97,-0.1126592986075,0.012405560004796,0.3895300568359508,0.1126592986075
18.98,-0.1125143444936442,0.01629290817483436,0.387999067503754,0.1125143444936442
18.99,-0.1123305485893093,0.02016442290026885,0.3863368279230007,0.1123305485893093
19,-0.1121081018644805,0.02401879741307678,0.3845443486983725,0.1121081018644805
19.01,-0.1118472110710531,0.02785472989660022,0.3826226941541661,0.1118472110710531
19.02,-0.1115480987428348,0.03167092348553589,0.3805729823343037,0.1115480987428348
19.03,-0.1112110031955423,0.03546608626594724,0.3783963850023201,0.1112110031955423
19.04,-0.1108361785268046,0.03923893127525231,0.3760941276413738,0.1108361785268046
19.05,-0.1104238946161607,0.04298817650223609,0.3736674894542391,0.1104238946161607
19.06,-0.109974437125061,0.04671254488703892,0.3711178033633121,0.109974437125061
19.07,-0.1094881074968664,0.05041076432116588,0.3684464560106058,0.1094881074968664
19.08,-0.1089652229568489,0.05408156764748003,0.3656548877577532,0.1089652229568489
19.09,-0.1084060935242092,0.05772374074642393,0.3627444998486524,0.1084060935242092
19.1,-0.1078107734157166,0.06133660023394881,0.3597156616128095,0.1078107734157166
19.11,-0.1071794964905641,0.06491903894679812,0.356569480533301,0.1071794964905641
19.12,-0.1065125853164628,0.06846979625636031,0.3533074138765503,0.1065125853164628
19.13,-0.1058103718063473,0.07198763425409688,0.3499309454982972,0.1058103718063473
19.14,-0.1050731972183736,0.07547133775155247,0.3464415858435885,0.1050731972183736
19.15,-0.1043014121559208,0.07891971428034603,0.3428408719467862,0.1043014121559208
19.16,-0.1034953765675903,0.08233159409217468,0.3391303674315641,0.1034953765675903
19.17,-0.1026554597472053,0.08570583015881728,0.3353116625109034,0.1026554597472053
19.18,-0.1017820403338122,0.08904129817212587,0.3313863739871029,0.1017820403338122
19.19,-0.1008755063116789,0.09233689654403554,0.327356145251767,0.1008755063116789
19.2,-0.09993625501029674,0.0955915464065546,0.3232226462858178,0.09993625501029674
19.21,-0.09896469310437825,0.09880419161177417,0.318987573659483,0.09896469310437825
19.22,-0.09796123661385965,0.1019737987318589,0.3146526505323081,0.09796123661385965
19.23,-0.09692631090389817,0.105099357059056,0.3102196266531438,0.09692631090389817
19.24,-0.09586035068487445,0.1081798786056876,0.3056902783601577,0.09586035068487445
19.25,-0.09476380001239157,0.1112143981041536,0.3010664085808283,0.09476380001239157
19.26,-0.09363711228727388,0.1142019730069356,0.296349846831942,0.09363711228727388
19.27,-0.09248075025556964,0.1171416834865889,0.2915424492196022,0.09248075025556964
19.28,-0.0912951860085478,0.120032632435751,0.2866460984392181,0.0912951860085478
19.29,-0.09008090098270158,0.1228739454671335,0.2816627037755171,0.09008090098270158
19.3,-0.08883838595974466,0.12566477091353,0.2765942011025315,0.08883838595974466
19.31,-0.08756814106661494,0.1284042798278086,0.2714425528836117,0.08756814106661494
19.32,-0.08627067577547097,0.1310916659829187,0.2662097481714135,0.08627067577547097
19.33,-0.08494650890369497,0.1337261458718857,0.260897802607909,0.08494650890369497
19.34,-0.08359616861389164,0.1363069587078127,0.2555087584243829,0.08359616861389164
19.35,-0.08222019241388641,0.1388333664238835,0.2500446844414245,0.08222019241388641
19.36,-0.08081912715672936,0.1413046536733568,0.2445076760689437,0.08081912715672936
19.37,-0.07939352904069079,0.1437201278295728,0.2388998553061537,0.07939352904069079
19.38,-0.07794396360926545,0.1460791189859461,0.2332233707415877,0.07794396360926545
19.39,-0.07647100575116837,0.1483809799559729,0.2274803975530817,0.07647100575116837
19.4,-0.07497523970033858,0.1506250862732253,0.2216731375077902,0.07497523970033858
19.41,-0.07345725903593746,0.152810836191353,0.215803818962179,0.07345725903593746
19.42,-0.07191766668234738,0.1549376506840867,0.2098746968620201,0.07191766668234738
19.43,-0.0703570749091747,0.1570049734452317,0.2038880527424036,0.0703570749091747
19.44,-0.06877610533124669,0.1590122708886746,0.197846194727725,0.06877610533124669
19.45,-0.06717538890861482,0.1609590321483771,0.1917514575316991,0.06717538890861482
19.46,-0.06555556594655074,0.1628447690783818,0.1856062024573435,0.06555556594655074
19.47,-0.0639172860955507,0.164669016252807,0.1794128173969961,0.0639172860955507
19.48,-0.06226120835133117,0.1664313309658513,0.1731737168322982,0.06226120835133117
19.49,-0.06058800105483281,0.1681312932317894,0.1668913418342093,0.06058800105483281
19.5,-0.05889833936486093,0.1697685066004962,0.1605681510358456,0.05889833936486093
19.51,-0.05719259750938435,0.1713426782670657,0.1542055264869801,0.05719259750938435
19.52,-0.05547124637552581,0.1728534465396079,0.1478052054277539,0.05547124637552581
19.53,-0.05373497069786367,0.1743003934375011,0.1413696855589209,0.05373497069786367
19.54,-0.05198445373958793,0.1756831271345379,0.1349014525507967,0.05198445373958793
19.55,-0.05022037729249532,0.1770012819589288,0.1284029800432397,0.05022037729249532
19.56,-0.0484434216769942,0.1782545183932991,0.1218767296456698,0.0484434216769942
19.57,-0.04665426574209968,0.1794425230746921,0.1153251509370501,0.04665426574209968
19.58,-0.04485358686543785,0.1805650087945657,0.1087506814659027,0.04485358686543785
19.59,-0.04304206095324407,0.1816217144987946,0.102155746750302,0.04304206095324407
19.6,-0.0412203624403609,0.1826124052876707,0.09554276027786762,0.0412203624403609
19.61,-0.03938916429024273,0.1835368724159007,0.0889141235057809,0.03938916429024273
19.62,-0.03754913799495049,0.184394933292609,0.08227222586076596,0.03754913799495049
19.63,-0.03570095357515692,0.185186431481335,0.07561944473910849,0.03570095357515692
19.64,-0.03384527958014127,0.1859112367000356,0.06895814550663709,0.03384527958014127
19.65,-0.03198278308779404,0.186569244821083,0.0622906814987397,0.03198278308779404
19.66,-0.03011412970461487,0.1871603778712659,0.05561939402035648,0.03011412970461487
19.67,-0.02823998356571059,0.1876845840317898,0.04894661234597278,0.02823998356571059
19.68,-0.02636100733479985,0.1881418376382758,0.04227465371963551,0.02636100733479985
19.69,-0.02447786220420787,0.1885321391807618,0.03560582335493453,0.02447786220420787
19.7,-0.02259120789487171,0.1888555153037016,0.02894241443502138,0.02259120789487171
19.71,-0.0207017026563349,0.1891120188059656,0.02228670811259025,0.0207017026563349
19.72,-0.01881000326675291,0.1893017286408402,0.0156409735098973,0.01881000326675291
19.73,-0.01691676503288759,0.1894247499160282,0.009007467718741046,0.01691676503288759
19.74,-0.01502264179011212,0.1894812138936488,0.002388435800479834,0.01502264179011212
19.75,-0.01312828590240881,0.1894712779902373,-0.004213889213975972,0.01312828590240881
19.76,-0.01123434826236708,0.1893951257767453,-0.01079728632417102,0.01123434826236708
19.77,-0.009341478291188313,0.1892529669785407,-0.01735954656008799,0.009341478291188313
19.78,-0.007450323938680347,0.1890450374754077,-0.02389847298216687,0.007450323938680347
19.79,-0.005561531683262866,0.1887715993015469,-0.03041188068128609,0.005561531683262866
19.8,-0.003675746531962159,0.188432940645575,-0.03689759677878086,0.003675746531962159
19.81,-0.001793612020416216,0.1880293758505251,-0.04335346042642532,0.001793612020416216
19.82,8.422978713036339e-05,0.1875612454138462,-0.04977732280645034,-8.422978713036339e-05
19.83,0.001957138297821772,0.1870289159874042,-0.05616704713152751,-0.001957138297821772
19.84,0.003824474390193045,0.1864327803774811,-0.06252050864477635,-0.003824474390193045
19.85,0.005685600414172119,0.1857732575447744,-0.06883559461977118,-0.005685600414172119
19.86,0.007539880191074847,0.1850507926043997,-0.07511020436052437,-0.007539880191074847
19.87,0.009386679013610878,0.1842658568258865,-0.08134224920150587,-0.009386679013610878
19.88,0.01122536364587797,0.1834189476331826,-0.08752965250762454,-0.01122536364587797
19.89,0.01305530232336702,0.1825105886046505,-0.09367034967424447,-0.01305530232336702
19.9,0.01487586475295789,0.1815413294730706,-0.09976228812717168,-0.01487586475295789
19.91,0.01668642211292153,0.1805117461256384,-0.1058034273226606,-0.01668642211292153
19.92,0.01848634705292162,0.1794224406039656,-0.1117917387474198,-0.01848634705292162
19.93,0.02027501369400957,0.1782740411040819,-0.1177252059185956,-0.02027501369400957
19.94,0.02205181135883121,0.1770671763181783,-0.123601865486797,-0.02205181135883121
19.95,0.02381639001264199,0.1758019891280895,-0.1294205347011802,-0.02381639001264199
19.96,0.02556822944777293,0.1744789042453868,-0.1351795118325131,-0.02556822944777293
19.97,0.02730671016264928,0.1730985555882382,-0.1408768041432326,-0.02730671016264928
19.98,0.02903122297532446,0.1716615910630441,-0.1465104585671222,-0.02903122297532446
19.99,0.03074116902347573,0.1701686725644417,-0.1520785617092986,-0.03074116902347573
20,0.03243595976440602,0.1686204759753029,-0.1575792398462172,-0.03243595976440602
20.01,0.03411501697504579,0.167017691166733,-0.1630106589256787,-0.03411501697504579
20.02,0.03577777275194875,0.1653610219980743,-0.1683710245668144,-0.03577777275194875
20.03,0.03742366951129664,0.1636511863169018,-0.1736585820601027,-0.03742366951129664
20.04,0.03905215998889461,0.1618889159590276,-0.1788716163673529,-0.03905215998889461
20.05,0.04066270724017575,0.1600749567484966,-0.1840084521217214,-0.04066270724017575
20.06,0.04225478464019655,0.1582100684975906,-0.1890674536276954,-0.04225478464019655
20.07,0.04382787588364145,0.1562950250068241,-0.1940470248611089,-0.04382787588364145
20.08,0.04538147498481891,0.1543306140649482,-0.1989456094691291,-0.04538147498481891
20.09,0.04691508627766305,0.1523176374489492,-0.2037616907702624,-0.04691508627766305
20.1,0.0484282244157353,0.1502569109240459,-0.2084937917543592,-0.0484282244157353
20.11,0.04992041437222066,0.1481492642436952,-0.2131404750826021,-0.04992041437222066
20.12,0.05139119143993189,0.1459955411495854,-0.2177003430875194,-0.05139119143993189
20.13,0.05284010123130536,0.1437965993716433,-0.2221720377729715,-0.05284010123130536
20.14,0.05426669967840518,0.1415533106280273,-0.2265542408141646,-0.05426669967840518
20.15,0.05567055303291957,0.1392665606251327,-0.2308456735576387,-0.05567055303291957
20.16,0.05705123786616258,0.1369372490575902,-0.2350450970212732,-0.05705123786616258
20.17,0.05840834106907524,0.1345662896082626,-0.2391513118942906,-0.05840834106907524
20.18,0.05974145985222239,0.1321546099482511,-0.2431631585372464,-0.05974145985222239
20.19,0.06105020174579651,0.1297031517368886,-0.2470795169820413,-0.06105020174579651
20.2,0.06233418459961385,0.1272128706217458,-0.2508993069319089,-0.06233418459961385
20.21,0.06359303658311811,0.1246847362386248,-0.2546214877614271,-0.06359303658311811
20.22,0.064826396185377,0.122119732211567,-0.2582450585165078,-0.064826396185377
20.23,0.06603391221508562,0.1195188561528443,-0.2617690579144071,-0.06603391221508562
20.24,0.06721524380056333,0.1168831196629661,-0.2651925643437156,-0.06721524380056333
20.25,0.06837006038975532,0.1142135483306775,-0.2685146958643633,-0.06837006038975532
20.26,0.06949804175023382,0.1115111817329549,-0.2717346102076234,-0.06949804175023382
20.27,0.0705988779691948,0.1087770734350138,-0.2748515047761019,-0.0705988779691948
20.28,0.0716722694534617,0.1060122909903006,-0.2778646166437495,-0.0716722694534617
20.29,0.07271792692948223,0.1032179159405003,-0.2807732225558514,-0.07271792692948223
20.3,0.07373557144333091,0.1003950438155294,-0.2835766389290348,-0.07373557144333091
20.31,0.07472493436070669,0.09754478413354305,-0.2862742218512631,-0.07472493436070669
20.32,0.07568575736693574,0.0946682604009265,-0.2888653670818419,-0.07568575736693574
20.33,0.07661779246696859,0.09176661011230429,-0.291349510051413,-0.07661779246696859
20.34,0.07752080240660082,0.08884098164423,-0.2937261265110729,-0.07752080240660082
20.35,0.07839461642207,0.08589206048290962,-0.2959948019177004,-0.07839461642207
20.36,0.07923902811080399,0.08292067330788531,-0.2981550347188552,-0.07923902811080399
20.37,0.08005379068512594,0.07992798971705134,-0.3002062730245543,-0.08005379068512594
20.38,0.08083866999447409,0.07691517542367851,-0.3021480079810813,-0.08083866999447409
20.39,0.08159344452540396,0.07388339225640578,-0.3039797737709921,-0.08159344452540396
20.4,0.08231790540158661,0.07083379815924767,-0.3057011476131095,-0.08231790540158661
20.41,0.08301185638380928,0.06776754719159109,-0.3073117497625263,-0.08301185638380928
20.42,0.08367511386997621,0.06468578952819201,-0.308811243510606,-0.08367511386997621
20.43,0.08430750689510701,0.06158967145918316,-0.3101993351849793,-0.08430750689510701
20.44,0.08490887713133836,0.05848033539006525,-0.3114757741495486,-0.08490887713133836
20.45,0.08547907888792235,0.05535891984171574,-0.3126403528044833,-0.08547907888792235
20.46,0.08601797911122813,0.05222655945038004,-0.3136929065862242,-0.08601797911122813
20.47,0.08652545738474034,0.04908438496768036,-0.31463331396748,-0.08652545738474034
20.48,0.0870014059290606,0.04593352326060683,-0.3154614964572298,-0.0870014059290606
20.49,0.08744572960190618,0.04277509731152528,-0.3161774186007212,-0.08744572960190618
20.5,0.0878583458981107,0.03961022621817389,-0.3167810879794715,-0.0878583458981107
20.51,0.08823918494962452,0.03644002519365989,-0.3172725552112678,-0.08823918494962452
20.52,0.08858818952551351,0.0332656055664673,-0.3176519139501657,-0.08858818952551351
20.53,0.08890531503196046,0.03008807478044807,-0.3179193008864911,-0.08890531503196046
20.54,0.0891905295122639,0.02690853639483098,-0.3180748957468387,-0.0891905295122639
20.55,0.08944381364683893,0.02372809008421263,-0.3181189212940724,-0.08944381364683893
20.56,0.08966516075321672,0.02054783163856661,-0.3180516433273261,-0.08966516075321672
20.57,0.08985457678604479,0.0173688529632342,-0.3178733706820021,-0.08985457678604479
20.58,0.09001208033708684,0.0141922420789326,-0.317584455229773,-0.09001208033708684
20.59,0.09013770263522281,0.01101908312175122,-0.3171852918785806,-0.09013770263522281
20.6,0.09023148754644898,0.007850456343148579,-0.3166763185726355,-0.09023148754644898
20.61,0.09029349157387767,0.004687438109959924,-0.3160580162924181,-0.09029349157387767
20.62,0.09032378385773787,0.001531100904388585,-0.3153309090546783,-0.09032378385773787
20.63,0.09032244617537423,-0.001617486675985653,-0.3144955639124347,-0.09032244617537423
20.64,0.09028957294124819,-0.004757259918214627,-0.313552590954976,-0.09028957294124819
20.65,0.09022527120693706,-0.007887157993974613,-0.3125026433078599,-0.09022527120693706
20.66,0.09012966066113459,-0.0110061239595699,-0.3113464171329137,-0.09012966066113459
20.67,0.09000287362965076,-0.01411310475593512,-0.3100846516282335,-0.09000287362965076
20.68,0.08984505507541179,-0.01720705120862886,-0.3087181290281859,-0.08984505507541179
20.69,0.0896563625984599,-0.02028691802784103,-0.3072476746034046,-0.0896563625984599
20.7,0.08943696643595406,-0.02335166380838497,-0.3056741566607959,-0.08943696643595406
20.71,0.08918704946216913,-0.02640025102970638,-0.3039984865435327,-0.08918704946216913
20.72,0.08890680718849633,-0.02943164605587405,-0.3022216186310592,-0.08890680718849633
20.73,0.08859644776344278,-0.03244481913558875,-0.3003445503390861,-0.08859644776344278
20.74,0.08825619197263242,-0.03543874440217522,-0.2983683221195969,-0.08825619197263242
20.75,0.08788627323880537,-0.03841239987358652,-0.2962940174608437,-0.08788627323880537
20.76,0.08748693762181728,-0.04136476745240641,-0.2941227628873451,-0.08748693762181728
20.77,0.0870584438186411,-0.04429483292584163,-0.2918557279598932,-0.0870584438186411
20.78,0.08660094093612113,-0.04720183665234376,-0.2894936329747505,-0.08660094093612113
20.79,0.08611449992448351,-0.05008514424055351,-0.2870368926794716,-0.08611449992448351
20.8,0.08559937147033758,-0.05294374042041589,-0.2844866489844891,-0.08559937147033758
20.81,0.08505581583563065,-0.05577662358782624,-0.2818440735805982,-0.08505581583563065
20.82,0.08448410079527059,-0.05858281028950209,-0.2791103595649506,-0.08448410079527059
20.83,0.08388450163712717,-0.0613613352229762,-0.2762867214410608,-0.08388450163712717
20.84,0.08325730116203156,-0.06411125123659953,-0.2733743951188038,-0.08325730116203156
20.85,0.08260278968377555,-0.06683162932954423,-0.2703746379144115,-0.08260278968377555
20.86,0.08192126502911319,-0.06952155865179675,-0.2672887285504802,-0.08192126502911319
20.87,0.08121303253775893,-0.07218014650416556,-0.2641179671559621,-0.08121303253775893
20.88,0.08047840506238953,-0.07480651833827355,-0.260863675266174,-0.08047840506238953
20.89,0.07971770296864199,-0.0773998177565656,-0.2575271958227882,-0.07971770296864199
20.9,0.07893125413511558,-0.07995920651230196,-0.254109893173841,-0.07893125413511558
20.91,0.07811939395337071,-0.08248386450956113,-0.2506131530737283,-0.07811939395337071
20.92,0.07728246532792851,-0.08497298980324253,-0.2470383826832031,-0.07728246532792851
20.93,0.07642081867627236,-0.0874257985990602,-0.2433870105693831,-0.07642081867627236
20.94,0.07553481192884601,-0.08984152525354992,-0.2396604867057414,-0.07553481192884601
20.95,0.07462481052905555,-0.09221942227406221,-0.2358602824721164,-0.07462481052905555
20.96,0.07369118743326732,-0.09455876031876916,-0.2319878906547014,-0.07369118743326732
20.97,0.07273432311081011,-0.09685882819665774,-0.2280448254460549,-0.07273432311081011
20.98,0.07175460554397291,-0.09911893286753649,-0.2240326224450904,-0.07175460554397291
20.99,0.07075243022800692,-0.1013383994420296,-0.2199528386570859,-0.07075243022800692
21,0.0697282001711247,-0.1035165711815796,-0.2158070524936793,-0.0697282001711247
21.01,0.06868232589449914,-0.1056528094984494,-0.2115968637728644,-0.06868232589449914
21.02,0.06761522543226584,-0.1077464939557173,-0.2073238937190011,-0.06761522543226584
21.03,0.0665273243315202,-0.1097970222672826,-0.2029897849628033,-0.0665273243315202
21.04,0.06541905565232066,-0.1118038102978599,-0.1985962015413517,-0.06541905565232066
21.05,0.06429085996768542,-0.113766292062985,-0.1941448288980808,-0.06429085996768542
21.06,0.06314318536359516,-0.1156839197290089,-0.1896373738827903,-0.06314318536359516
21.07,0.06197648743899086,-0.1175561636131037,-0.1850755647516356,-0.06197648743899086
21.08,0.06079122930577573,-0.1193825121832576,-0.1804611511671359,-0.06079122930577573
21.09,0.05958788158881455,-0.1211624720582772,-0.1757959041981716,-0.05958788158881455
21.1,0.05836692242593182,-0.122895568007789,-0.1710816163199768,-0.05836692242593182
21.11,0.05712883746791527,-0.1245813429522352,-0.1663201014141533,-0.05712883746791527
21.12,0.05587411987851237,-0.126219357962879,-0.161513194768657,-0.05587411987851237
21.13,0.05460327033443362,-0.1278091922617988,-0.1566627530778101,-0.05460327033443362
21.14,0.0533167970253486,-0.1293504432218943,-0.1517706544422869,-0.0533167970253486
21.15,0.05201521565389033,-0.1308427263668811,-0.1468387983691294,-0.05201521565389033
21.16,0.05069904943565285,-0.1322856753712931,-0.1418691057717389,-0.05069904943565285
21.17,0.04936882909918965,-0.1336789420604841,-0.1368635189698698,-0.04936882909918965
21.18,0.04802509288601853,-0.1350221964106245,-0.1318240016896475,-0.04802509288601853
21.19,0.04666831313839972,-0.1363151482249817,-0.1267522773824373,-0.04666831313839972
21.2,0.04529872398448127,-0.1375575659441361,-0.1216492234614933,-0.04529872398448127
21.21,0.04391683744169194,-0.1387491143421672,-0.1165167135913037,-0.04391683744169194
21.22,0.04252320047210442,-0.1398894663132531,-0.1113567411336243,-0.04252320047210442
21.23,0.04111835889127739,-0.1409783156969787,-0.1061712899267686,-0.04111835889127739
21.24,0.0397028573682592,-0.1420153772783331,-0.100962334285621,-0.0397028573682592
21.25,0.03827723942558618,-0.14300038678771,-0.09573183900163104,-0.03827723942558618
21.26,0.03684204743928125,-0.1439331009009096,-0.09048175934280794,-0.03684204743928125
21.27,0.0353978226388574,-0.1448132972391358,-0.08521404105373354,-0.0353978226388574
21.28,0.03394510510731366,-0.1456407743689986,-0.07993062035554738,-0.03394510510731366
21.29,0.03248443378113921,-0.146415351802512,-0.0746334239459618,-0.03248443378113921
21.3,0.03101634645030915,-0.1471368699970963,-0.06932436899924671,-0.03101634645030915
21.31,0.02954137975828879,-0.1478051903555757,-0.06400536316624486,-0.02954137975828879
21.32,0.02806006920202938,-0.1484201952261805,-0.0586783045743566,-0.02806006920202938
21.33,0.02657294913197183,-0.1489817879025454,-0.05334508182755315,-0.02657294913197183
21.34,0.02508055275204508,-0.1494898926237101,-0.0480075740063709,-0.02508055275204508
21.35,0.02358341211966462,-0.14994445457412,-0.04266765066790596,-0.02358341211966462
21.36,0.02208205814573604,-0.1503454398836249,-0.03732717184582695,-0.02208205814573604
21.37,0.02057702059465093,-0.1506928356274801,-0.03198798805036034,-0.02057702059465093
21.38,0.01906882808429105,-0.1509866498263459,-0.0266519402683052,-0.01906882808429105
21.39,0.01755800808602409,-0.1512269114462876,-0.0213208599630184,-0.01755800808602409
21.4,0.01604508692470737,-0.1514136703987754,-0.01599656907442745,-0.01604508692470737
21.41,0.01453058977868642,-0.1515469975406851,-0.01068088001902549,-0.01453058977868642
21.42,0.01301504067979302,-0.1516269846742969,-0.005375595689864696,-0.01301504067979302
21.43,0.01149896251334931,-0.1516537445472965,-8.250945657030948e-05,-0.01149896251334931
21.44,0.009982877018163279,-0.1516274108527746,0.005196594834674819,-0.009982877018163279
21.45,0.008467304786533163,-0.1515481382292269,0.01045994286111517,-0.008467304786533163
21.46,0.006952765264243153,-0.1514161022605543,0.0157057698234373,-0.006952765264243153
21.47,0.005439776750567461,-0.1512314994760625,0.02093232044575569,-0.005439776750567461
21.48,0.003928856398266511,-0.1509945473504627,0.02613784897562614,-0.003928856398266511
21.49,0.002420520213590198,-0.1507054843038707,0.03132061918403437,-0.002420520213590198
21.5,0.0009152830562764915,-0.1503645697018078,0.03647890436540081,-0.0009152830562764915
21.51,-0.0005863413604501443,-0.1499720838551999,0.04161098733758609,0.0005863413604501443
21.52,-0.002083840469874971,-0.1495283280203786,0.04671516044187812,0.002083840469874971
21.53,-0.00357670285179746,-0.1490336243990798,0.05178972554300733,0.00357670285179746
21.54,-0.00506441823252678,-0.1484883161384452,0.05683299402913129,0.00506441823252678
21.55,-0.006546477484886321,-0.147892767331021,0.06184328681185022,0.006546477484886321
21.56,-0.008022372628208867,-0.147247363014759,0.06681893432619043,0.008022372628208867
21.57,-0.00949159682834182,-0.1465525091730155,0.07175827653062218,0.00949159682834182
21.58,-0.0109536443976425,-0.1458086327345523,0.07665966290704362,0.0109536443976425
21.59,-0.0124080107949806,-0.1450161815735363,0.08152145246078929,0.0124080107949806
21.6,-0.01385419262573861,-0.1441756245095391,0.08634201372063134,0.01385419262573861
21.61,-0.01529168764180977,-0.1432874513075381,0.09111972473877282,0.01529168764180977
21.62,-0.01671999474160052,-0.1423521726779142,0.09585297309085557,0.01671999474160052
21.63,-0.01813870727832263,-0.1413701432041236,0.1005404344924566,0.01813870727832263
21.64,-0.01954753857149899,-0.140341469997895,0.105181137649463,0.01954753857149899
21.65,-0.020945996650076,-0.1392666363624364,0.1097734947417265,0.020945996650076
21.66,-0.02233358897113988,-0.1381461528042097,0.1143159231321676,0.02233358897113988
21.67,-0.02370983123682508,-0.1369805410724811,0.1188068718974124,0.02370983123682508
21.68,-0.02507424739431084,-0.135770334159323,0.1232448218277825,0.02507424739431084
21.69,-0.02642636963582507,-0.1345160762996116,0.1276282854273071,0.02642636963582507
21.7,-0.02776573839864051,-0.1332183229710295,0.1319558069137106,0.02776573839864051
21.71,-0.02909190236507854,-0.1318776408940629,0.1362259622184246,0.02909190236507854
21.72,-0.03040441846250539,-0.1304946080320047,0.1404373589865766,0.03040441846250539
21.73,-0.03170285186333591,-0.1290698135909509,0.1445886365770011,0.03170285186333591
21.74,-0.0329867759850303,-0.1276038580198042,0.1486784660622295,0.0329867759850303
21.75,-0.03425577249009549,-0.1260973530102722,0.1527055502284949,0.03425577249009549
21.76,-0.03550943128608654,-0.1245509214968662,0.1566686235757359,0.03550943128608654
21.77,-0.03674735052560347,-0.1229651976569042,0.1605664523175869,0.03674735052560347
21.78,-0.03796913660629472,-0.1213408269105078,0.1643978343813894,0.03796913660629472
21.79,-0.03917440417085384,-0.1196784659206052,0.1681615994081805,0.03917440417085384
21.8,-0.04036277610702277,-0.1179787825929278,0.1718566087527044,0.04036277610702277
21.81,-0.04153388354758853,-0.1162424560760141,0.1754817554834013,0.04153388354758853
21.82,-0.04268736587038652,-0.1144701767612055,0.1790359643824178,0.04268736587038652
21.83,-0.04382287069829773,-0.1126626462826501,0.1825181919455983,0.04382287069829773
21.84,-0.04494005389924973,-0.1108205775173012,0.1859274263824886,0.04494005389924973
21.85,-0.04603857958621822,-0.108944694584915,0.1892626876163394,0.04603857958621822
21.86,-0.04711812011722394,-0.1070357328480557,0.1925230272840984,0.04711812011722394
21.87,-0.04817835609533597,-0.1050944389120896,0.1957075287364188,0.04817835609533597
21.88,-0.04921897636866859,-0.1031215706251908,0.1988153070376509,0.04921897636866859
21.89,-0.05023967803038433,-0.1011178970783361,0.2018455089658512,0.05023967803038433
21.9,-0.05124016641869128,-0.09908419860530857,0.2047973130127734,0.05124016641869128
21.91,-0.05222015511684452,-0.09702126678269725,0.2076699293838739,0.05222015511684452
21.92,-0.05317936595314663,-0.0949299044298936,0.2104625999983126,0.05317936595314663
21.93,-0.05411752900094573,-0.09281092560909709,0.2131745984889472,0.05411752900094573
21.94,-0.05503438257863792,-0.09066515562530933,0.2158052302023403,0.05503438257863792
21.95,-0.05592967324966483,-0.08849343102633982,0.2183538321987525,0.05592967324966483
21.96,-0.05680315582251607,-0.08629659960280051,0.2208197732521496,0.05680315582251607
21.97,-0.05765459335072675,-0.08407552038811102,0.2232024538501949,0.05765459335072675
21.98,-0.05848375713287984,-0.08183106365849324,0.2255013061942563,0.05848375713287984
21.99,-0.05929042671260445,-0.07956411093297606,0.2277157941994017,0.05929042671260445
22,-0.06007438987857595,-0.07727555497339363,0.2298454134943985,0.06007438987857595
22.01,-0.06083544266451797,-0.07496629978438349,0.2318896914217206,0.06083544266451797
22.02,-0.06157338934919901,-0.07263726061338935,0.233848187037537,0.06157338934919901
22.03,-0.06228805518624032,-0.07028926445414697,0.2357205092462061,0.06228805518624032
22.04,-0.06297931091982721,-0.06792275060553506,0.2375063232773202,0.06297931091982721
22.05,-0.06364696242151492,-0.06553858811038177,0.2392051815505238,0.06364696242151492
22.06,-0.06429081577797906,-0.06313771110407794,0.2408166544086588,0.06429081577797906
22.07,-0.06491068719310322,-0.06072105065386069,0.2423403466602186,0.06491068719310322
22.08,-0.06550640298797733,-0.05828953475881918,0.2437758975793435,0.06550640298797733
22.09,-0.06607779960089846,-0.05584408834989241,0.2451229809058237,0.06607779960089846
22.1,-0.06662472358737129,-0.05338563328986633,0.2463813048450995,0.06662472358737129
22.11,-0.06714703162010677,-0.05091508837338004,0.2475506120682588,0.06714703162010677
22.12,-0.06764459048902366,-0.04843336932691877,0.2486306797120402,0.06764459048902366
22.13,-0.0681172771012471,-0.04594138880882093,0.2496213193788298,0.0681172771012471
22.14,-0.06856497848110987,-0.04344005640927104,0.2505223771366644,0.06856497848110987
22.15,-0.06898759177015143,-0.04093027865030588,0.2513337335192289,0.06898759177015143
22.16,-0.0693850242271182,-0.03841295898581192,0.2520553035258574,0.0693850242271182
22.17,-0.06975719322796416,-0.03588899780152262,0.2526870366215337,0.06975719322796416
22.18,-0.07010402626584977,-0.0333592924150246,0.2532289167368904,0.07010402626584977
22.19,-0.07042546095114306,-0.03082473707575059,0.2536809622682094,0.07042546095114306
22.2,-0.07072144501141861,-0.02828622296498651,0.2540432260774212,0.07072144501141861
22.21,-0.07099193629145856,-0.02574463819586435,0.2543157954921064,0.07099193629145856
22.22,-0.0712369027532516,-0.02320086781336937,0.2544987923054937,0.0712369027532516
22.23,-0.07145632247599394,-0.02065579379433284,0.2545923727764617,0.07145632247599394
22.24,-0.07165018365608855,-0.01811029504743838,0.2545967276295379,0.07165018365608855
22.25,-0.07181848460714549,-0.01556524741321927,0.254512082054899,0.07181848460714549
22.26,-0.07196123375998197,-0.01302152366405566,0.2543386957083704,0.07196123375998197
22.27,-0.07207844966262215,-0.01047999350418112,0.2540768627114274,0.07207844966262215
22.28,-0.07217016098029735,-0.007941523569675027,0.2537269116511936,0.07217016098029735
22.29,-0.0722364064954459,-0.005406977428470194,0.2532892055804427,0.0722364064954459
22.3,-0.07227723510771314,-0.002877215580345382,0.2527641420175964,0.07227723510771314
22.31,-0.07229270583395148,-0.0003530954569326865,0.2521521529467268,0.07229270583395148
22.32,-0.07228288780822052,0.002164528578289834,0.2514537048175541,0.07228288780822052
22.33,-0.07224786028178666,0.004674805229991844,0.2506692985454479,0.07224786028178666
22.34,-0.07218771262312355,0.007176886270993201,0.2497994695114277,0.07218771262312355
22.35,-0.07210254431791188,0.009669926542266914,0.248844787562161,0.07210254431791188
22.36,-0.07199246496903934,0.01215308395293274,0.2478058570099654,0.07199246496903934
22.37,-0.07185759429660056,0.01462551948026437,0.2466833166328062,0.07185759429660056
22.38,-0.07169806213789749,0.01708639716968239,0.2454778396743,0.07169806213789749
22.39,-0.07151400844743895,0.01953488413476086,0.2441901338437106,0.07151400844743895
22.4,-0.07130558329694081,0.02197015055722223,0.2428209413159519,0.07130558329694081
22.41,-0.07107294687532623,0.02439136968693869,0.2413710387315875,0.07107294687532623
22.42,-0.07081626948872492,0.02679771784193595,0.2398412371968279,0.07081626948872492
22.43,-0.07053573156047438,0.02918837440838599,0.2382323822835362,0.07053573156047438
22.44,-0.07023152363111836,0.03156252184061512,0.2365453540292208,0.07023152363111836
22.45,-0.06990384635840831,0.03391934566109644,0.2347810669370424,0.06990384635840831
22.46,-0.06955289518756105,0.03625806712522005,0.232940407908611,0.06955289518756105
22.47,-0.06917870324343121,0.03857825013135888,0.2310236074937372,0.06917870324343121
22.48,-0.06878141959498747,0.04087918044520622,0.2290313738769871,0.06878141959498747
22.49,-0.06836124834407664,0.04316004749243842,0.22696463254009,0.06836124834407664
22.5,-0.06791839962303314,0.04542005520825115,0.2248243261629478,0.06791839962303314
22.51,-0.06745308959467861,0.04765842203736099,0.2226114146236325,0.06745308959467861
22.52,-0.06696554045232225,0.04987438093400381,0.2203268749983883,0.06696554045232225
22.53,-0.06645598041976113,0.05206717936193316,0.2179717015616326,0.06645598041976113
22.54,-0.06592464375127995,0.05423607929442201,0.2155469057859552,0.06592464375127995
22.55,-0.06537177073165036,0.05638035721426486,0.2130535163421151,0.06537177073165036
22.56,-0.06479760767613237,0.0584993041137725,0.2104925790990467,0.06479760767613237
22.57,-0.06420240693047272,0.06059222549477798,0.2078651571238529,0.06420240693047272
22.58,-0.06358642687090654,0.06265844136863079,0.2051723306818121,0.06358642687090654
22.59,-0.06294993190415575,0.06469728625620252,0.2024151972363712,0.06294993190415575
22.6,-0.0622931924674306,0.06670810918788131,0.1995948714491524,0.0622931924674306
22.61,-0.06161648502842804,0.06869027370357736,0.1967124851799466,0.06161648502842804
22.62,-0.06092009208533328,0.07064315785271807,0.1937691874867189,0.06092009208533328
22.63,-0.06020430216681909,0.07256615419425015,0.1907661446256071,0.06020430216681909
22.64,-0.05946940983204504,0.07445866979664176,0.1877045400509173,0.05946940983204504
22.65,-0.05871571567065933,0.07632012623787755,0.184585574415132,0.05871571567065933
22.66,-0.05794352630279667,0.07814995960546417,0.1814104655689018,0.05794352630279667
22.67,-0.05715315437908028,0.07994762049642497,0.1781804485610526,0.05715315437908028
22.68,-0.05634491858062,0.08171257401730514,0.1748967756385788,0.05634491858062
22.69,-0.05551914361901402,0.08344429978416731,0.1715607162466496,0.05551914361901402
22.7,-0.05467616023634801,0.08514229192259344,0.1681735570286064,0.05467616023634801
22.71,-0.05381630520519448,0.08680605906768654,0.1647366018259592,0.05381630520519448
22.72,-0.05293992132861457,0.08843512436406661,0.1612511716783942,0.05293992132861457
22.73,-0.05204735744015573,0.09002902546587521,0.157718604823765,0.05204735744015573
22.74,-0.05113896840385443,0.09158731453677112,0.1541402566981027,0.05113896840385443
22.75,-0.05021511511423315,0.09310955824993446,0.150517499935604,0.05021511511423315
22.76,-0.04927616449630346,0.09459533778806245,0.1468517243686442,0.04927616449630346
22.77,-0.048322489505563,0.09604424884337374,0.1431443370277641,0.048322489505563
22.78,-0.04735446912799808,0.09745590161760505,0.1393967621416812,0.04735446912799808
22.79,-0.04637248838008243,0.0988299208220119,0.1356104411372842,0.04637248838008243
22.8,-0.04537693830877667,0.1001659456773711,0.1317868326396311,0.04537693830877667
22.81,-0.04436821599152981,0.1014636299139764,0.1279274124719555,0.04436821599152981
22.82,-0.04334672453627766,0.1027226417716429,0.1240336736556594,0.04334672453627766
22.83,-0.04231287308144436,0.1039426639997035,0.1201071264103203,0.04231287308144436
22.84,-0.0412670767959406,0.1051233938570117,0.1161492981536836,0.0412670767959406
22.85,-0.04020975687916608,0.1062645431119385,0.1121617335016719,0.04020975687916608
22.86,-0.03914134056100636,0.1073658380423764,0.1081459942683737,0.03914134056100636
22.87,-0.0380622609736769,0.1084270194780522,0.1041036590080451,0.0380622609736769
22.88,-0.03697277740120022,0.1094478913568789,0.1000356834784028,0.03697277740120022
22.89,-0.03587316802134269,0.1104282269809788,0.09594309739547581,0.03587316802134269
22.9,-0.03476387084195332,0.1113677536811105,0.09182749987451011,0.03476387084195332
22.91,-0.0336453229695543,0.1122662155582455,0.08769048246371697,0.0336453229695543
22.92,-0.03251796060934416,0.113123373483566,0.08353362914428474,0.03251796060934416
22.93,-0.03138221906519464,0.113939005098467,0.07935851633036711,0.03138221906519464
22.94,-0.03023853273965342,0.1147129048145542,0.07516671286909347,0.03023853273965342
22.95,-0.02908733513394299,0.1154448838136452,0.0709597800405644,0.02908733513394299
22.96,-0.02792905884795939,0.11613477004777,0.06673927155784723,0.02792905884795939
22.97,-0.02676413558027503,0.1167824082391694,0.06250673356698649,0.02676413558027503
22.98,-0.02559299612813551,0.1173876598802967,0.05826370464699199,0.02559299612813551
22.99,-0.02441607038746281,0.1179504032338162,0.05401171580985073,0.02441607038746281
23,-0.02323378735285203,0.1184705333326045,0.04975229050051488,0.02323378735285203
23.01,-0.02204657511757475,0.1189479619797494,0.04548694459691398,0.02204657511757475
23.02,-0.0208548608735756,0.1193826177485509,0.0412171864099426,0.0208548608735756
23.03,-0.01965907091147527,0.1197744459825203,0.03694451668347124,0.01965907091147527
23.04,-0.01845963062056922,0.1201234087953807,0.03267042859434144,0.01845963062056922
23.05,-0.01725696448882641,0.1204294850710672,0.02839640775236162,0.01725696448882641
23.06,-0.01605149610289228,0.120692670463726,0.02412393220031729,0.01605149610289228
23.07,-0.01484364814808535,0.1209129773977159,0.01985447241395934,0.01484364814808535
23.08,-0.01363384240840059,0.1210904350676064,0.01558949130201572,0.01363384240840059
23.09,-0.01242249976650604,0.1212250894381794,0.01133044420617965,0.01242249976650604
23.1,-0.01121004020374627,0.1213170032444284,0.00707877890112167,0.01121004020374627
23.11,-0.009996882800138865,0.1213662559915583,0.002835935594477443,0.009996882800138865
23.12,-0.00878344573437749,0.1213729439549861,-0.001396653073141558,0.00878344573437749
23.13,-0.00757014628383056,0.1213371801803402,-0.00561756202815276,0.00757014628383056
23.14,-0.00635740082453998,0.1212590944834607,-0.00982537376400682,0.00635740082453998
23.15,-0.005145624831224226,0.1211388334503999,-0.01401867834117698,0.005145624831224226
23.16,-0.003935232877274724,0.1209765604374211,-0.01819607338717149,0.003935232877274724
23.17,-0.002726638634759445,0.1207724555709999,-0.02235616409652132,0.002726638634759445
23.18,-0.001520254874419369,0.1205267157478231,-0.02649756323079225,0.001520254874419369
23.19,-0.0003164934656716208,0.1202395546347896,-0.03061889111857416,0.0003164934656716208
23.2,0.0008842346233919889,0.1199112026690099,-0.03471877565548599,-0.0008842346233919889
23.21,0.002081519326006173,0.1195419070578058,-0.03879585230417988,-0.002081519326006173
23.22,0.003274951476728877,0.119131931778712,-0.04284876409433006,-0.003274951476728877
23.23,0.004464122811445459,0.1186815575794733,-0.04687616162264679,-0.004464122811445459
23.24,0.005648625967364488,0.1181910819780472,-0.0508767030528623,-0.005648625967364488
23.25,0.006828054483021503,0.1176608192626028,-0.05484905411574371,-0.006828054483021503
23.26,0.008002002798275561,0.1170911004915207,-0.05879188810908084,-0.008002002798275561
23.27,0.009170066254312617,0.1164822734933934,-0.06270388589769818,-0.009170066254312617
23.28,0.0103318410936428,0.1158347028670247,-0.06658373591344525,-0.0103318410936428
23.29,0.01148692446010114,0.1151487699814309,-0.0704301341551994,-0.01148692446010114
23.3,0.01263491439884946,0.1144248729758393,-0.07424178418887208,-0.01263491439884946
23.31,0.01377541577331221,0.1136634158745309,-0.07801741490586914,-0.01377541577331221
23.32,0.01490819826438984,0.1128645015669356,-0.08175625041023485,-0.01490819826438984
23.33,0.0160329372708803,0.11202838260984,-0.08545722556402609,-0.0160329372708803
23.34,0.01714923449399869,0.1111554613103913,-0.08911905778012182,-0.01714923449399869
23.35,0.01825669822637256,0.1102461489986396,-0.09274048983379786,-0.01825669822637256
23.36,0.01935494335204514,0.1093008660275357,-0.09632028986273718,-0.01935494335204514
23.37,0.02044359134647258,0.1083200417729332,-0.09985725136702081,-0.02044359134647258
23.38,0.02152227027652512,0.1073041146335877,-0.1033501932091318,-0.02152227027652512
23.39,0.0225906148004882,0.1062535320311553,-0.1067979596139591,-0.0225906148004882
23.4,0.02364826616805989,0.1051687504101958,-0.1101994201687883,-0.02364826616805989
23.41,0.02469487222035379,0.104050235238169,-0.1135534698233123,-0.02469487222035379
23.42,0.02573008738989613,0.1028984610054384,-0.1168590288896209,-0.02573008738989613
23.43,0.02675357270062867,0.1017139112252674,-0.1201150430422106,-0.02675357270062867
23.44,0.02776499576790621,0.1004970784338228,-0.1233204833179765,-0.02776499576790621
23.45,0.02876403079849758,0.09924846419017312,-0.1264743461162156,-0.02876403079849758
23.46,0.02975035859058681,0.09796857907628748,-0.1295756531986304,-0.02975035859058681
23.47,0.03072366653377059,0.09665794269703855,-0.1326234516893207,-0.03072366653377059
23.48,0.03168364860906109,0.0953170836801992,-0.135616814074793,-0.03168364860906109
23.49,0.03263000538888317,0.09394653967644578,-0.1385548382039511,-0.03263000538888317
23.5,0.03356244403707718,0.09254685735935489,-0.1414366472881052,-0.03356244403707718
23.51,0.03448067830889616,0.09111859242540658,-0.1442613899009633,-0.03448067830889616
23.52,0.0353844285510086,0.08966230959398105,-0.1470282399786395,-0.0353844285510086
23.53,0.03627342170149606,0.08817858260736169,-0.1497363968196467,-0.03627342170149606
23.54,0.03714739128985423,0.08666799423073387,-0.1523850850849001,-0.03714739128985423
23.55,0.03800607743699382,0.08513113625218323,-0.1549735547977195,-0.03800607743699382
23.56,0.03884922685523837,0.08356860948269931,-0.157501081343823,-0.03884922685523837
23.57,0.03967659284832671,0.08198102375617135,-0.1599669654713343,-0.03967659284832671
23.58,0.04048793531141062,0.08036899792939284,-0.1623705332907757,-0.04048793531141062
23.59,0.04128302073105707,0.07873315988205649,-0.1647111362750746,-0.04128302073105707
23.6,0.04206162218524599,0.07707414651675962,-0.1669881512595573,-0.04206162218524599
23.61,0.04282351934337258,0.07539260375899876,-0.1692009804419555,-0.04282351934337258
23.62,0.04356849846624519,0.07368918655717394,-0.1713490513823998,-0.04356849846624519
23.63,0.04429635240608633,0.07196455888258765,-0.1734318170034236,-0.04429635240608633
23.64,0.04500688060653334,0.07021939372944162,-0.1754487555899639,-0.04500688060653334
23.65,0.04569988910263674,0.06845437311484263,-0.1773993707893574,-0.04569988910263674
23.66,0.04637519052086187,0.06667018807879638,-0.1792831916113446,-0.04637519052086187
23.67,0.04703260407908763,0.06486753868421286,-0.1810997724280669,-0.04703260407908763
23.68,0.04767195558660735,0.06304713401690158,-0.1828486929740681,-0.04767195558660735
23.69,0.04829307744412836,0.06120969218557614,-0.1845295583462943,-0.04829307744412836
23.7,0.04889580864377158,0.05935594032185106,-0.1861419990040916,-0.04889580864377158
23.71,0.04947999476907308,0.05748661458024217,-0.1876856707692119,-0.04947999476907308
23.72,0.0500455181793669,0.05560221041608185,-0.1891602941847123,-0.0500455181793669
23.73,0.05059225443049606,0.05370319549144521,-0.1905655587396921,-0.05059225443049606
23.74,0.05112004311908816,0.05179031830883036,-0.1919011026394051,-0.05112004311908816
23.75,0.05162873190379977,0.04986432520328148,-0.1931665916267054,-0.05162873190379977
23.76,0.05211817654217658,0.04792596007568479,-0.1943617190402023,-0.05211817654217658
23.77,0.05258824089065472,0.04597596439276295,-0.1954862058142635,-0.05258824089065472
23.78,0.05303879690455964,0.04401507718707997,-0.1965398004790121,-0.05303879690455964
23.79,0.05346972463810661,0.04204403505703919,-0.1975222791603284,-0.05346972463810661
23.8,0.05388091224440112,0.04006357216688101,-0.1984334455798503,-0.05388091224440112
23.81,0.05427225597543784,0.03807442024668795,-0.1992731310549713,-0.05427225597543784
23.82,0.05464366018210186,0.03607730859237896,-0.2000411944988427,-0.05464366018210186
23.83,0.05499503731416747,0.0340729640657151,-0.2007375224203717,-0.05499503731416747
23.84,0.05532630792029931,0.03206211109429381,-0.2013620289242232,-0.05532630792029931
23.85,0.05563740064805131,0.03004547167155466,-0.201914655710818,-0.05563740064805131
23.86,0.05592825224386763,0.02802376535677363,-0.2023953720763345,-0.05592825224386763
23.87,0.05619880755308193,0.02599770927506808,-0.2028041749127073,-0.05619880755308193
23.88,0.05644901951991765,0.02396801811739464,-0.2031410887076279,-0.05644901951991765
23.89,0.05667884918748832,0.02193540414054707,-0.2034061655445451,-0.05667884918748832
23.9,0.0568882656977969,0.01990057716716121,-0.2035994851026637,-0.0568882656977969
23.91,0.05707724629173647,0.01786424458570932,-0.203721154656946,-0.05707724629173647
23.92,0.05724577630908963,0.01582711135050586,-0.2037713090781106,-0.05724577630908963
23.93,0.05739384918852895,0.01378987998170147,-0.2037501108326331,-0.05739384918852895
23.94,0.05752146646761674,0.01175325056528847,-0.2036577499827459,-0.05752146646761674
23.95,0.05762863778280505,0.009717920753098202,-0.2034944441864381,-0.05762863778280505
23.96,0.05771538086943585,0.007684585762799252,-0.2032604386974557,-0.05771538086943585
23.97,0.05778172156174077,0.005653938377902356,-0.2029560063653017,-0.05778172156174077
23.98,0.05782769379284133,0.003626668947754471,-0.2025814476352352,-0.05782769379284133
23.99,0.05785333959474875,0.001603465387544874,-0.2021370905482729,-0.05785333959474875
24,0.05785870909836421,-0.0004149868217008688,-0.2016232907411879,-0.05785870909836421
24.01,0.05784386053347844,-0.002428004633115011,-0.20104043144651,-0.05784386053347844
24.02,0.05780886022877219,-0.004434907433993515,-0.2003889234925258,-0.05780886022877219
24.03,0.05775378261181581,-0.006435017045790845,-0.1996692053032788,-0.05775378261181581
24.04,0.05767871020906972,-0.008427657724122168,-0.19888174289857,-0.05767871020906972
24.05,0.0575837336458837,-0.01041215615876571,-0.1980270298939553,-0.0575837336458837
24.06,0.05746895164649794,-0.01238784147365733,-0.1971055875007502,-0.05746895164649794
24.07,0.05733447103404168,-0.0143540452268969,-0.1961179645260236,-0.05733447103404168
24.08,0.0571804067305346,-0.01631010141074154,-0.1950647373726043,-0.0571804067305346
24.09,0.05700688175688583,-0.01825534645161246,-0.193946510039076,-0.05700688175688583
24.1,0.05681402723289434,-0.02018911921008881,-0.19276391411978,-0.05681402723289434
24.11,0.05660198237724894,-0.02211076098091288,-0.1915176088048136,-0.05660198237724894
24.12,0.05637089450752818,-0.02401961549298603,-0.1902082808800319,-0.05637089450752818
24.13,0.0561209190402009,-0.02591502890937001,-0.1888366447270478,-0.0561209190402009
24.14,0.05585221949062429,-0.02779634982728984,-0.1874034423232257,-0.05585221949062429
24.15,0.05556490672426932,-0.02966305615361346,-0.1859091979591487,-0.05556490672426932
24.16,0.05525901359786182,-0.0315147702718343,-0.1843541258198283,-0.05525901359786182
24.17,0.0549346956250233,-0.03335084619795406,-0.1827389385538002,-0.0549346956250233
24.18,0.05459211769313782,-0.03517063949768107,-0.1810643810837282,-0.05459211769313782
24.19,0.0542314495252316,-0.03697351734020198,-0.1793312121311369,-0.0542314495252316
24.2,0.05385286567997265,-0.03875885849818368,-0.1775402042164109,-0.05385286567997265
24.21,0.05345654555167045,-0.04052605334777523,-0.175692143658792,-0.05345654555167045
24.22,0.05304267337027679,-0.04227450386860341,-0.1737878305763843,-0.05304267337027679
24.23,0.05261143820138478,-0.04400362364377774,-0.1718280788861484,-0.05261143820138478
24.24,0.05216303394622984,-0.04571283785988552,-0.1698137163039074,-0.05216303394622984
24.25,0.05169765934168866,-0.04740158330699676,-0.1677455843443408,-0.05169765934168866
24.26,0.05121551796028035,-0.04906930837865925,-0.1656245383209906,-0.05121551796028035
24.27,0.05071681821016521,-0.05071547307190351,-0.1634514473462552,-0.05071681821016521
24.28,0.05020177333514578,-0.05233954898723843,-0.1612271943313949,-0.05020177333514578
24.29,0.04967060141466653,-0.05394101932865324,-0.1589526759865292,-0.04967060141466653
24.3,0.04912352536381313,-0.05551937890361909,-0.1566288028206348,-0.04912352536381313
24.31,0.04856077293331382,-0.05707413412308514,-0.1542564991415513,-0.04856077293331382
24.32,0.0479825767095379,-0.05860480300148301,-0.1518367030559741,-0.0479825767095379
24.33,0.04738917411449728,-0.06011091515672239,-0.1493703664694617,-0.04738917411449728
24.34,0.04678080740584482,-0.06159201181019535,-0.1468584550864284,-0.04678080740584482
24.35,0.04615772367687611,-0.06304764578677215,-0.1443019484101518,-0.04615772367687611
24.36,0.04552017485652763,-0.06447738151480532,-0.1417018397427648,-0.04552017485652763
24.37,0.04486841770937835,-0.06588079502612611,-0.1390591361852632,-0.04486841770937835
24.38,0.04420271383564913,-0.067257473956046,-0.1363748586375018,-0.04420271383564913
24.39,0.0435233296712018,-0.06860701754335831,-0.1336500417981921,-0.0435233296712018
24.4,0.04283053648754111,-0.0699290366303346,-0.130885734164909,-0.04283053648754111
24.41,0.04212461039181249,-0.07122315366272845,-0.1280829980340828,-0.04212461039181249
24.42,0.04140583232680439,-0.07248900268977208,-0.1252429095010075,-0.04140583232680439
24.43,0.04067448807094588,-0.07372622936417962,-0.1223665584598323,-0.04067448807094588
24.44,0.0399308682383086,-0.07493449094214413,-0.1194550486035686,-0.0399308682383086
24.45,0.03917526827860621,-0.07611345628333885,-0.1165094974240882,-0.03917526827860621
24.46,0.03840798847719321,-0.07726280585091878,-0.1135310362121182,-0.03840798847719321
24.47,0.03762933395506703,-0.07838223171151726,-0.1105208100572502,-0.03762933395506703
24.48,0.03683961466886591,-0.07947143753524964,-0.1074799778479305,-0.03683961466886591
24.49,0.03603914541087076,-0.0805301385957098,-0.1044097122714691,-0.03603914541087076
24.5,0.03522824580900352,-0.08155806176997367,-0.1013111998140314,-0.03522824580900352
24.51,0.03440724032682887,-0.08255494553859562,-0.09818564076064669,-0.03440724032682887
24.52,0.03357645826355223,-0.083520539985612,-0.09503424919519914,-0.03357645826355223
24.53,0.03273623375402158,-0.08445460679853815,-0.09185825300043537,-0.03273623375402158
24.54,0.03188690576872692,-0.08535691926836951,-0.08865889385796226,-0.03188690576872692
24.55,0.03102881811379896,-0.08622726228958315,-0.08543742724824191,-0.03102881811379896
24.56,0.03016229361718378,-0.08706544027466905,-0.08219503035888441,-0.03016229361718378
24.57,0.02928748053208052,-0.08787130742716777,-0.07893225856113877,-0.02928748053208052
24.58,0.02840468623360682,-0.08864465272408485,-0.07565023923638016,-0.02840468623360682
24.59,0.0275142608497444,-0.08938526262953111,-0.07235024949300942,-0.0275142608497444
24.6,0.02661655379563426,-0.09009293703304291,-0.06903356041202065,-0.02661655379563426
24.61,0.02571191377357416,-0.09076748924958448,-0.0657014370469919,-0.02571191377357416
24.62,0.02480068877302085,-0.09140874601954586,-0.06235513842409331,-0.02480068877302085
24.63,0.02388322607058907,-0.09201654750874391,-0.05899591754208365,-0.02388322607058907
24.64,0.02295987223005063,-0.09259074730842279,-0.0556250213723067,-0.02295987223005063
24.65,0.02203097310233669,-0.09313121243525255,-0.05224369085869973,-0.02203097310233669
24.66,0.02109687382553509,-0.09363782333133062,-0.04885316091778368,-0.02109687382553509
24.67,0.02015791882489301,-0.09411047386418055,-0.04545466043867297,-0.02015791882489301
24.68,0.01921445181281434,-0.09454907132675316,-0.04204941228306582,-0.01921445181281434
24.69,0.01826681578886197,-0.09495353643742549,-0.03863863328525263,-0.01826681578886197
24.7,0.01731535303975686,-0.09532380334000139,-0.03522353425211248,-0.01731535303975686
24.71,0.01636040513937693,-0.09565981960371167,-0.03180531996310934,-0.01636040513937693
24.72,0.0154023129487595,-0.0959615462232134,-0.02838518917030067,-0.0154023129487595
24.73,0.01444141661609856,-0.09622895761859085,-0.02496433459832773,-0.01444141661609856
24.74,0.01347805557674745,-0.09646204163535445,-0.02154394294442513,-0.01347805557674745
24.75,0.01251256855321622,-0.09666079954444183,-0.01812519487841135,-0.01251256855321622
24.76,0.01154529355517426,-0.09682524604221689,-0.01470926504269819,-0.01154529355517426
24.77,0.01057656787944765,-0.09695540925047057,-0.01129732205228144,-0.01057656787944765
24.78,0.009606728110021504,-0.09705133071642032,-0.007890528494748869,-0.009606728110021504
24.79,0.008636110118038928,-0.09711306541271018,-0.00449004093027691,-0.008636110118038928
24.8,0.007665049061800098,-0.09714068173741121,-0.001097009891627197,-0.007665049061800098
24.81,0.006693879386764511,-0.09713426151402089,0.002287420115845502,-0.006693879386764511
24.82,0.00572293482554833,-0.09709389999146351,0.005662110614202511,-0.00572293482554833
24.83,0.004752548397927157,-0.09701970584409002,0.009025929152911623,-0.004752548397927157
24.84,0.003783052410833175,-0.09691180117167811,0.01237774930885706,-0.003783052410833175
24.85,0.002814778458358036,-0.09677032149943213,0.01571645068632939,-0.002814778458358036
24.86,0.001848057421749983,-0.0965954157779831,0.01904091891703552,-0.001848057421749983
24.87,0.0008832194694163055,-0.09638724638338876,0.02235004566009027,-0.0008832194694163055
24.88,-7.940594307763883e-05,-0.09614598911713365,0.02564272860201962,7.940594307763883e-05
24.89,-0.00103949007300951,-0.09587183320612877,0.02891787145676458,0.00103949007300951
24.9,-0.001996704890497629,-0.09556498130271213,0.03217438396567301,0.001996704890497629
24.91,-0.002950723078503525,-0.09522564948464818,0.03541118189750841,0.002950723078503525
24.92,-0.003901218032829506,-0.09485406725512809,0.03862718704844149,0.003901218032829506
24.93,-0.004847863862121176,-0.09445047754276979,0.04182132724205896,0.004847863862121176
24.94,-0.005790335387865067,-0.09401513670161785,0.04499253632935526,0.005790335387865067
24.95,-0.00672830814438959,-0.09354831451114391,0.04813975418873599,0.00672830814438959
24.96,-0.007661458378866321,-0.09305029417624568,0.05126192672602206,0.007661458378866321
24.97,-0.008589463051307377,-0.09252137232724808,0.05435800587444099,0.008589463051307377
24.98,-0.009511999834568284,-0.09196185901990202,0.05742694959463641,0.009511999834568284
24.99,-0.01042874711434502,-0.09137207773538668,0.06046772187465853,0.01042874711434502
25,-0.01133942439455183,-0.09075228985276362,0.06347941368299528,0.01133942439455183
25.01,-0.01224385958942883,-0.09010254548171574,0.06646143823796956,0.01224385958942883
25.02,-0.01314174495928193,-0.08942313606293927,0.06941279945033857,0.01314174495928193
25.03,-0.01403276366712751,-0.08871438588135334,0.07233247817702058,0.01403276366712751
25.04,-0.01491660414746597,-0.08797662645628759,0.07521947556335658,0.01491660414746597
25.05,-0.01579296010628255,-0.08721019654148153,0.07807281304311327,0.01579296010628255
25.06,-0.01666153052104518,-0.08641544212508631,0.08089153233847592,0.01666153052104518
25.07,-0.01752201964070699,-0.08559271642966254,0.08367469546005651,0.01752201964070699
25.08,-0.01837413698570379,-0.08474237991218261,0.08642138470688568,0.01837413698570379
25.09,-0.01921759734795657,-0.08386480026402834,0.08913070266642079,0.01921759734795657
25.1,-0.02005212079086903,-0.08296035241099331,0.09180177221453777,0.02005212079086903
25.11,-0.02087743264933004,-0.08202941851328049,0.09443373651553921,0.02087743264933004
25.12,-0.02169326352971147,-0.08107238796550441,0.09702575902214747,0.02169326352971147
25.13,-0.02249934930986919,-0.08008965739669013,0.09957702347550755,0.02249934930986919
25.14,-0.02329543113914382,-0.07908163067027241,0.1020867339051899,0.02329543113914382
25.15,-0.02408125543835881,-0.07804871888409787,0.1045541146291842,0.02408125543835881
25.16,-0.02485657389982265,-0.07699134037042242,0.1069784102539059,0.02485657389982265
25.17,-0.0256211434873267,-0.07590992069591392,0.1093588856741901,0.0256211434873267
25.18,-0.02637472643614731,-0.07480489266164937,0.1116948260732977,0.02637472643614731
25.19,-0.02711709025304397,-0.07367669630311754,0.1139855369229098,0.02711709025304397
25.2,-0.02784800771626013,-0.07252577889021777,0.1162303439831302,0.02784800771626013
25.21,-0.02856725687552392,-0.07135259492725882,0.1184285933024878,0.02856725687552392
25.22,-0.02927462105204645,-0.07015760615296165,0.1205796512179311,0.02927462105204645
25.23,-0.0299698888385237,-0.06894128154045621,0.122682904354834,0.0299698888385237
25.24,-0.03065285409913463,-0.06770409729728456,0.1247377596269904,0.03065285409913463
25.25,-0.03132331596954316,-0.06644653686539803,0.1267436442366198,0.03132331596954316
25.26,-0.03198107885689611,-0.06516909092115979,0.1287000056743612,0.03198107885689611
25.27,-0.03262595243982525,-0.06387225737534216,0.1306063117192794,0.03262595243982525
25.28,-0.03325775166844549,-0.06255654137312941,0.1324620504388595,0.03325775166844549
25.29,-0.03387629676435581,-0.06122245529411612,0.1342667301890095,0.03387629676435581
25.3,-0.03448141322063977,-0.0598705187523064,0.1360198796140621,0.03448141322063977
25.31,-0.03507293180186387,-0.05850125859611675,0.1377210476467697,0.03507293180186387
25.32,-0.03565068854407956,-0.05711520890837239,0.1393698035083104,0.03565068854407956
25.33,-0.03621452475482128,-0.05571291100631076,0.1409657367082818,0.03621452475482128
25.34,-0.03676428701310837,-0.0542949134415783,0.1425084570447076,0.03676428701310837
25.35,-0.03729982716944315,-0.05286177200023405,0.1439975946040309,0.03729982716944315
25.36,-0.03782100234581271,-0.05141404970274519,0.1454327997611201,0.03782100234581271
25.37,-0.03832767493568745,-0.04995231680399161,0.1468137431792642,0.03832767493568745
25.38,-0.03881971260402198,-0.04847715079326356,0.1481401158101761,0.03881971260402198
25.39,-0.03929698828725504,-0.04698913639425989,0.1494116288939913,0.03929698828725504
25.4,-0.03975938389713176,-0.04548883740051014,0.1506280194426169,0.03975938389713176
25.41,-0.04020681714060287,-0.04397654047713631,0.1517890761592902,0.04020681714060287
25.42,-0.04063916827792702,-0.04245275937098649,0.1528945170941259,0.04063916827792702
25.43,-0.04105631117234971,-0.04091809244168399,0.1539440603162253,0.04105631117234971
25.44,-0.04145812616987351,-0.03937313611191236,0.1549374459867452,0.04145812616987351
25.45,-0.04184450009925849,-0.03781848486741385,0.1558744363588998,0.04184450009925849
25.46,-0.04221532627202262,-0.03625473125698771,0.156754815777961,0.04221532627202262
25.47,-0.04257050448244078,-0.03468246589249407,0.1575783906812566,0.04257050448244078
25.48,-0.04290994100754591,-0.03310227744884954,0.1583449895981723,0.04290994100754591
25.49,-0.04323354860712794,-0.03151475266403159,0.1590544631501498,0.04323354860712794
25.5,-0.04354124652373471,-0.0299204763390741,0.1597066840506889,0.04354124652373471
25.51,-0.04383296048267116,-0.02832003133807192,0.1603015471053453,0.04383296048267116
25.52,-0.04410862269200012,-0.02671399858817628,0.1608389692117326,0.04410862269200012
25.53,-0.04436817184254158,-0.02510295707959878,0.1613188893595206,0.04436817184254158
25.54,-0.04461155310787306,-0.0234874838656097,0.1617412686304364,0.04461155310787306
25.55,-0.04483871814432983,-0.02186815406253623,0.1621060901982642,0.04483871814432983
25.56,-0.04504962509100428,-0.02024554084976658,0.162413359328845,0.04504962509100428
25.57,-0.04524423856974666,-0.01862021546974528,0.1626631033800767,0.04524423856974666
25.58,-0.04542252968516438,-0.01699274722797788,0.1628553718019145,0.04542252968516438
25.59,-0.04558447602462261,-0.01536370349302625,0.1629902361363701,0.04558447602462261
25.6,-0.04573006165824376,-0.01373364969651323,0.1630677900175126,0.04573006165824376
25.61,-0.04585927713890793,-0.01210314933311805,0.1630881491714679,0.04585927713890793
25.62,-0.04597211950225265,-0.01047276396058033,0.1630514514164187,0.04597211950225265
25.63,-0.04606859226667281,-0.008843053199698336,0.162957856662605,0.04606859226667281
25.64,-0.04614870543332104,-0.007214574734327324,0.1628075469123236,0.04614870543332104
25.65,-0.04621247548610721,-0.005587884311383425,0.1626007262599282,0.04621247548610721
25.66,-0.04625992539169883,-0.003963535740839231,0.1623376208918295,0.04625992539169883
25.67,-0.04629108459952085,-0.002342080895728271,0.1620184790864954,0.04629108459952085
25.68,-0.04630598904175576,-0.0007240697121404585,0.1616435712144505,0.04630598904175576
25.69,-0.04630468113334343,0.0008899498107740188,0.1612131897382763,0.04630468113334343
25.7,-0.04628720977198129,0.00249943161080609,0.1607276492126119,0.04628720977198129
25.71,-0.04625363033812427,0.004103831562689845,0.1601872862841523,0.04625363033812427
25.72,-0.04620400469498479,0.005702607478098618,0.1595924596916506,0.04620400469498479
25.73,-0.04613840118853267,0.007295219105649045,0.1589435502659158,0.04613840118853267
25.74,-0.04605689464749543,0.008881128130896851,0.1582409609298153,0.04605689464749543
25.75,-0.04595956638335775,0.01045979817634161,0.1574851166982715,0.04595956638335775
25.76,-0.04584650419036214,0.0120306948014218,0.1566764646782658,0.04584650419036214
25.77,-0.04571780234550835,0.01359328550251938,0.1558154740688349,0.04571780234550835
25.78,-0.04557356160855371,0.01514703971295625,0.1549026361610734,0.04557356160855371
25.79,-0.04541388922201316,0.01669142880299528,0.1539384643381333,0.04541388922201316
25.8,-0.0452388989111589,0.01822592607984256,0.1529234940752221,0.0452388989111589
25.81,-0.04504871088402087,0.01975000678764341,0.151858282939606,0.04504871088402087
25.82,-0.04484345183138615,0.02126314810748657,0.1507434105906063,0.04484345183138615
25.83,-0.0446232523779273,0.02276483468904598,0.1495794684331946,0.0446232523779273
25.84,-0.04438814712877786,0.02425476176499684,0.1483666575289083,0.04438814712877786
25.85,-0.04413821173390711,0.02573251324523585,0.1471053514179622,0.04413821173390711
25.86,-0.0438735755557608,0.0271975674394578,0.1457961387770467,0.0438735755557608
25.87,-0.04359437183177221,0.02864941193934372,0.1444396193447225,0.04359437183177221
25.88,-0.04330073767436191,0.03008754361856254,0.1430364039214205,0.04330073767436191
25.89,-0.04299281407093737,0.03151146863277252,0.1415871143694393,0.04299281407093737
25.9,-0.04267074588389382,0.03292070241961777,0.1400923836129492,0.04267074588389382
25.91,-0.04233468185061325,0.03431476969873224,0.1385528556379878,0.04233468185061325
25.92,-0.0419847745834654,0.03569320447173577,0.1369691854924647,0.0419847745834654
25.93,-0.0416211805698068,0.03705555002223798,0.1353420392861565,0.0416211805698068
25.94,-0.0412440601719816,0.03840135891583486,0.1336720941907114,0.0412440601719816
25.95,-0.04085357762732122,0.03973019300011031,0.1319600384396468,0.04085357762732122
25.96,-0.04044990104814396,0.04104162340463745,0.1302065713283481,0.04044990104814396
25.97,-0.04003320242175592,0.04233523054097538,0.1284124032140725,0.04003320242175592
25.98,-0.03960365761044989,0.04361060410267294,0.1265782555159447,0.03960365761044989
25.99,-0.03916144635150651,0.04486734306526491,0.1247048607149607,0.03916144635150651
26,-0.03870675225719308,0.04610505568627579,0.1227929623539843,0.03870675225719308
26.01,-0.03823976281476479,0.04732335950521611,0.1208433150377508,0.03823976281476479
26.02,-0.03776066938646345,0.04852188134358602,0.1188566844328629,0.03776066938646345
26.03,-0.03726966720951863,0.04970025730487218,0.1168338472677945,0.03726966720951863
26.04,-0.03676695539614716,0.05085813277454917,0.1147755913328893,0.03676695539614716
26.05,-0.03625273693355263,0.05199516242008064,0.1126827154803583,0.03625273693355263
26.06,-0.03572721868392658,0.0531110101909164,0.110556029624285,0.03572721868392658
26.07,-0.03519061138444707,0.05420534931849576,0.1083963547406194,0.03519061138444707
26.08,-0.03464312964728024,0.05527786231624431,0.1062045228671842,0.03464312964728024
26.09,-0.03408499195957863,0.05632824097957699,0.1039813771036685,0.03408499195957863
26.1,-0.03351642068348294,0.05735618638589515,0.1017277716116341,0.03351642068348294
26.11,-0.03293764205612021,0.05836140889458934,0.09944457161450909,0.03293764205612021
26.12,-0.03234888618960546,0.05934362814703693,0.09713265339759371,0.03234888618960546
26.13,-0.03175038707104088,0.06030257306660326,0.09479290430805738,0.03175038707104088
26.14,-0.03114238256251541,0.06123798185864234,0.0924262227549372,0.03114238256251541
26.15,-0.03052511440110595,0.06214960201049487,0.09003351820914235,0.03052511440110595
26.16,-0.02989882819887598,0.06303719029149053,0.08761571120344905,0.02989882819887598
26.17,-0.02926377344287696,0.06390051275294575,0.08517373333250575,0.02926377344287696
26.18,-0.02862020349514686,0.06473934472816595,0.08270852725282764,0.02862020349514686
26.19,-0.02796837559271142,0.06555347083244333,0.08022104668280135,0.02796837559271142
26.2,-0.02730855084758381,0.06634268496305834,0.07771225640268369,0.02730855084758381
26.21,-0.02664099424676368,0.06710679029927995,0.07518313225459797,0.02664099424676368
26.22,-0.02596597465223891,0.06784559930236345,0.07263466114254093,0.02596597465223891
26.23,-0.02528376480098377,0.06855893371555384,0.07006784103237522,0.02528376480098377
26.24,-0.02459464130496048,0.06924662456408212,0.06748368095183604,0.02459464130496048
26.25,-0.02389881081592687,0.06990853313144743,0.06488293801933023,0.02389881081592687
26.26,-0.02319641337973362,0.07054452838856798,0.06226613509396999,0.02319641337973362
26.27,-0.02248772600734786,0.07115443363070423,0.05963428463405068,0.02248772600734786
26.28,-0.02177302863220956,0.07173808169981132,0.05698840676882086,0.02177302863220956
26.29,-0.02105260062171083,0.07229531618463388,0.05432951681863247,0.02105260062171083
26.3,-0.02032672077719519,0.07282599142070645,0.05165862529493795,0.02032672077719519
26.31,-0.01959566733395932,0.07332997249035217,0.04897673790029697,0.01959566733395932
26.32,-0.01885971796125104,0.07380713522268423,0.04628485552836874,0.01885971796125104
26.33,-0.01811914976227134,0.07425736619360446,0.04358397426391966,0.01811914976227134
26.34,-0.01737423927417235,0.07468056272580474,0.04087508538281568,0.01737423927417235
26.35,-0.01662526246805938,0.07507663288876566,0.03815917535202996,0.01662526246805938
26.36,-0.01587249474898886,0.07544549549875777,0.03543722582963521,0.01587249474898886
26.37,-0.01511621095597013,0.07578708011884042,0.03271021366481036,0.01511621095597013
26.38,-0.01435668536196474,0.07610132705886249,0.02997911089783779,0.01435668536196474
26.39,-0.01359419167388553,0.0763881873754625,0.02724488476010027,0.01359419167388553
26.4,-0.01282900303259864,0.07664762287206785,0.0245084976740879,0.01282900303259864
26.41,-0.01206139201292121,0.07687960609889569,0.0217709072533902,0.01206139201292121
26.42,-0.01129163062362368,0.0770841203529522,0.01903306630270401,0.01129163062362368
26.43,-0.01051999030742752,0.07726115967803318,0.01629592281782563,0.01051999030742752
26.44,-0.009746741941007183,0.07741072886472357,0.01356041998565766,0.009746741941007183
26.45,-0.008972155834989287,0.07753284345039775,0.01082749618420609,0.008972155834989287
26.46,-0.008196501733951752,0.07762752971921941,0.008098084982577306,0.008196501733951752
26.47,-0.00742004881642578,0.07769482470214163,0.005373115140985035,0.00742004881642578
26.48,-0.00664306569489362,0.07773477617690687,0.00265351061074246,0.00664306569489362
26.49,-0.005865820415790764,0.07774744266804681,-5.980946573000759e-05,0.005865820415790764
26.5,-0.005088580459503793,0.07773289344688258,-0.00276593075491231,0.005088580459503793
26.51,-0.004311612740372494,0.07769120853152471,-0.005463943732177384,0.004311612740372494
26.52,-0.003535183606687721,0.0776224786868729,-0.008152943681798506,0.003535183606687721
26.53,-0.002759558840693322,0.07752680542461625,-0.01083203069694269,0.002759558840693322
26.54,-0.001985003658585318,0.07740430100323349,-0.01350030967967357,0.001985003658585318
26.55,-0.001211782710511009,0.0772550884279922,-0.01615689034095433,0.001211782710511009
26.56,-0.000440160080570995,0.07707930145094981,-0.01880088720064091,0.000440160080570995
26.57,0.0003296007131830879,0.0768770845709527,-0.02143141958748967,-0.0003296007131830879
26.58,0.001097236718746365,0.07664859303363687,-0.0240476116391499,-0.001097236718746365
26.59,0.001862485550162905,0.07639399283142735,-0.02664859230217121,-0.001862485550162905
26.6,0.002625085387523525,0.07611346070353889,-0.02923349533199616,-0.002625085387523525
26.61,0.003384774976967891,0.07580718413597547,-0.03180145929296738,-0.003384774976967891
26.62,0.004141293630682836,0.07547536136153025,-0.03435162755832172,-0.004141293630682836
26.63,0.004894381226903,0.07511820135978603,-0.03688314831019258,-0.004894381226903
26.64,0.00564377820991158,0.0747359238571145,-0.03939517453961236,-0.00564377820991158
26.65,0.006389225590038683,0.07432875932667724,-0.04188686404650694,-0.006389225590038683
26.66,0.007130464943663281,0.0738969489884248,-0.0443573794397023,-0.007130464943663281
26.67,0.007867238413211151,0.07344074480909715,-0.04680588813691745,-0.007867238413211151
26.68,0.008599288733478953,0.07296040945452706,-0.04923156244396346,-0.008599288733478953
26.69,0.009326443873391984,0.072456055552266,-0.05163383226370687,-0.009326443873391984
26.7,0.01004852426432397,0.07192779330064786,-0.054012100577356,-0.01004852426432397
26.71,0.01076527362913055,0.07137587834486973,-0.05636554128350239,-0.01076527362913055
26.72,0.01147643990761405,0.07080057212695638,-0.05869334451309071,-0.01147643990761405
26.73,0.01218177525652558,0.07020214188575895,-0.0609947166294257,-0.01218177525652558
26.74,0.01288103604956299,0.06958086065695623,-0.06326888022816533,-0.01288103604956299
26.75,0.01357398287737286,0.06893700727305335,-0.06551507413732748,-0.01357398287737286
26.76,0.01426038054754853,0.06827086636338328,-0.0677325534172834,-0.01426038054754853
26.77,0.01493999808463209,0.06758272835410506,-0.06992058936076417,-0.01493999808463209
26.78,0.01561260873011261,0.06687288946820549,-0.0720784694928551,-0.01561260873011261
26.79,0.01627798994242692,0.06614165172549845,-0.07420549757099809,-0.01627798994242692
26.8,0.01693592339696033,0.06538932294262394,-0.07630099358499406,-0.01693592339696033
26.81,0.01758619498604495,0.06461621673305019,-0.07836429375699741,-0.01758619498604495
26.82,0.01822859481896151,0.06382265250707121,-0.08039475054152216,-0.01822859481896151
26.83,0.01886291722193766,0.06300895547180932,-0.08239173262543603,-0.01886291722193766
26.84,0.01948896073814963,0.06217545663121252,-0.08435462492796622,-0.01948896073814963
26.85,0.02010652812772053,0.06132249278605719,-0.08628282860069381,-0.02010652812772053
26.86,0.02071542636772209,0.06045040653394538,-0.08817576102755902,-0.02071542636772209
26.87,0.02131546665217314,0.05955954626930713,-0.09003285582485687,-0.02131546665217314
26.88,0.02190646439204024,0.05865026618339954,-0.09185356284123897,-0.02190646439204024
26.89,0.02248823921523837,0.05772292626430572,-0.09363734815771543,-0.02248823921523837
26.9,0.02306061496662939,0.05677789229693718,-0.0953836940876505,-0.02306061496662939
26.91,0.02362341970802371,0.05581553586303101,-0.09709209917676744,-0.02362341970802371
26.92,0.02417648571817873,0.05483623434115274,-0.09876207820314375,-0.02417648571817873
26.93,0.02471964949280034,0.05384037090669357,-0.1003931621772159,-0.02471964949280034
26.94,0.02525275174454162,0.05282833453187268,-0.1019848983417753,-0.02525275174454162
26.95,0.02577563740300337,0.05180051998573633,-0.1035368501719698,-0.02577563740300337
26.96,0.02628815561473474,0.05075732783415669,-0.1050485973753058,-0.02628815561473474
26.97,0.02679015974323188,0.04969916443983453,-0.1065197358916439,-0.02679015974323188
26.98,0.02728150736893934,0.04862644196229601,-0.1079498778932035,-0.02728150736893934
26.99,0.02776206028924882,0.04753957835789577,-0.1093386517845586,-0.02776206028924882
27,0.02823168451850036,0.04643899737981407,-0.1106857022026419,-0.02823168451850036
27.01,0.02869025028798113,0.04532512857805992,-0.1119906900167405,-0.02869025028798113
27.02,0.0291376320459267,0.04419840729946728,-0.1132532923285003,-0.0291376320459267
27.03,0.02957370845751983,0.04305927468769879,-0.1144732024719221,-0.02957370845751983
27.04,0.02999836240489117,0.04190817768324388,-0.1156501300133638,-0.02999836240489117
27.05,0.03041148098711942,0.04074556902341776,-0.1167838007515407,-0.03041148098711942
27.06,0.03081295552023049,0.0395719072423644,-0.1178739567175233,-0.03081295552023049
27.07,0.03120268153719874,0.03838765667105307,-0.1189203561747405,-0.03120268153719874
27.08,0.03158055878794545,0.03719328743728178,-0.1199227736189757,-0.03158055878794545
27.09,0.03194650298437422,0.03598918154363517,-0.1208810159500026,-0.03194650298437422
27.1,0.03230044308552921,0.03477558288550861,-0.1217948998193222,-0.03230044308552921
27.11,0.03264227638362697,0.03355295983496129,-0.1226641906903631,-0.03264227638362697
27.12,0.03297190373572543,0.03232179062641089,-0.1234886690578431,-0.03297190373572543
27.13,0.0332892311877712,0.0310825519499418,-0.1242681331008557,-0.0332892311877712
27.14,0.03359416997459984,0.02983571895130372,-0.1250023986828717,-0.03359416997459984
27.15,0.03388663651993514,0.02858176523191477,-0.1256912993517367,-0.03388663651993514
27.16,0.03416655243638998,0.02732116284885797,-0.1263346863396737,-0.03416655243638998
27.17,0.03443384452546543,0.02605438231488477,-0.1269324285632807,-0.03443384452546543
27.18,0.03468844477755161,0.02478189259841145,-0.1274844126235328,-0.03468844477755161
27.19,0.03493029037192702,0.02350416112352237,-0.1279905428057807,-0.03493029037192702
27.2,0.03515932367675877,0.02222165376996846,-0.128450741079751,-0.03515932367675877
27.21,0.03537549224910293,0.02093483487316602,-0.1288649470995472,-0.03537549224910293
27.22,0.03557874883490384,0.01964416722419976,-0.1292331182036483,-0.03557874883490384
27.23,0.0357690513689948,0.01835011206981927,-0.1295552294149098,-0.0357690513689948
27.24,0.03594636297509748,0.01705312911244261,-0.1298312734405631,-0.03594636297509748
27.25,0.03611065196582245,0.01575367651015265,-0.1300612606722159,-0.03611065196582245
27.26,0.0362618918426687,0.01445221087670079,-0.1302452191858519,-0.0362618918426687
27.27,0.03640006129602405,0.01314918728150319,-0.1303831947418311,-0.03640006129602405
27.28,0.03652514420516484,0.01184505924964407,-0.1304752507848895,-0.03652514420516484
27.29,0.03663712963825605,0.01054027876187433,-0.1305214684441393,-0.03663712963825605
27.3,0.03673601185235144,0.009235296254610103,-0.1305219465330689,-0.03673601185235144
27.31,0.03682179029339324,0.007930560619936081,-0.1304768015495427,-0.03682179029339324
27.32,0.03689446959621248,0.006626519205601647,-0.1303861676758012,-0.03689446959621248
27.33,0.03695405958452871,0.005323617815024851,-0.1302501967784614,-0.03695405958452871
27.34,0.03700057527095024,0.004022300707288451,-0.130069058408516,-0.03700057527095024
27.35,0.03703403685697388,0.002723010597143664,-0.1298429398013342,-0.03703403685697388
27.36,0.03705446973298523,0.001426188655006652,-0.1295720458766608,-0.03705446973298523
27.37,0.03706190447825845,0.0001322745069614905,-0.1292565992386174,-0.03706190447825845
27.38,0.0370563768609564,-0.001158293765241031,-0.1288968401757016,-0.0370563768609564
27.39,0.03703792783813051,-0.002445079624184794,-0.1284930266607866,-0.03703792783813051
27.4,0.0370066035557209,-0.003727648076785378,-0.1280454343511224,-0.0370066035557209
27.41,0.03696245534855633,-0.005005565674293302,-0.1275543565883345,-0.03696245534855633
27.42,0.03690553974035426,-0.006278400512290784,-0.1270201043984254,-0.03690553974035426
27.43,0.03683591844372069,-0.007545722230695035,-0.1264430064917729,-0.03683591844372069
27.44,0.03675365836015023,-0.008807102013755525,-0.1258234092631309,-0.03675365836015023
27.45,0.0366588315800264,-0.01006211259005474,-0.1251616767916306,-0.0366588315800264
27.46,0.03655151538262105,-0.01131032823251,-0.1244581908407781,-0.03655151538262105
27.47,0.0364317922360949,-0.01255132475837033,-0.1237133508584563,-0.0364317922360949
27.48,0.0362997497974971,-0.01378467952921968,-0.1229275739769236,-0.0362997497974971
27.49,0.03615548091276573,-0.01500997145097361,-0.1221012950128157,-0.03615548091276573
27.5,0.03599908361672724,-0.01622678097388273,-0.121234966467143,-0.03599908361672724
27.51,0.0358306611330969,-0.01743469009252962,-0.1203290585252932,-0.0358306611330969
27.52,0.03565030197370496,-0.01863332466630136,-0.1193839785048327,-0.03565030197370496
27.53,0.03545801927959286,-0.01982246447578694,-0.1183998303236431,-0.03545801927959286
27.54,0.03525390295993719,-0.02100171329727244,-0.1173770319974504,-0.03525390295993719
27.55,0.03503805758495434,-0.02217065624792747,-0.1163160575825922,-0.03503805758495434
27.56,0.03481059082870805,-0.02332888587119415,-0.1152173899981714,-0.03481059082870805
27.57,0.0345716134691089,-0.02447600213679051,-0.1140815210260538,-0.0345716134691089
27.58,0.03432123938791481,-0.02561161244070715,-0.1129089513108708,-0.03432123938791481
27.59,0.03405958557073052,-0.02673533160521053,-0.1117001903600161,-0.03405958557073052
27.6,0.0337867721070081,-0.02784678187883972,-0.1104557565436496,-0.0337867721070081
27.61,0.03350292219004643,-0.0289455929364096,-0.1091761770946934,-0.03350292219004643
27.62,0.03320816211699171,-0.03003140187900809,-0.1078619881088349,-0.03320816211699171
27.63,0.03290262128883723,-0.03110385323399736,-0.1065137345445259,-0.03290262128883723
27.64,0.03258643221042309,-0.03216259895501493,-0.1051319702229809,-0.03258643221042309
27.65,0.03225973049043684,-0.03320729842197104,-0.1037172578281803,-0.03225973049043684
27.66,0.03192265484141271,-0.03423761844105167,-0.1022701689068668,-0.03192265484141271
27.67,0.03157534707973247,-0.03525323324471549,-0.1007912838685492,-0.03157534707973247
27.68,0.03121795212562448,-0.03625382449169691,-0.09928119198549834,-0.03121795212562448
27.69,0.03085061800316455,-0.03723908126700345,-0.09774049139275078,-0.03085061800316455
27.7,0.03047349584027561,-0.03820870008191687,-0.09616978908810733,-0.03047349584027561
27.71,0.03008673986872721,-0.03916238487399421,-0.09456970093213111,-0.03008673986872721
27.72,0.02969050742413661,-0.04009984700706534,-0.09294085164815177,-0.02969050742413661
27.73,0.02928495894596754,-0.04102080527123572,-0.09128387482226072,-0.02928495894596754
27.74,0.02887025797753138,-0.0419249858828837,-0.08959941290331584,-0.02887025797753138
27.75,0.02844657116598603,-0.04281212248466315,-0.08788811720293677,-0.02844657116598603
27.76,0.02801406826233708,-0.04368195614550093,-0.08615064789550973,-0.02801406826233708
27.77,0.02757292212143655,-0.0445342353605993,-0.08438767401818259,-0.02757292212143655
27.78,0.02712330870198407,-0.04536871605143387,-0.08259987347086925,-0.02712330870198407
27.79,0.02666540706652631,-0.0461851615657545,-0.0807879330162478,-0.02666540706652631
27.8,0.0261993993814565,-0.04698334267758608,-0.07895254827975824,-0.0261993993814565
27.81,0.02572547091701571,-0.04776303758722669,-0.07709442374960772,-0.02572547091701571
27.82,0.02524381004729137,-0.04852403192124959,-0.07521427277676468,-0.02524381004729137
27.83,0.02475460825021864,-0.04926611873250138,-0.0733128175749643,-0.02475460825021864
27.84,0.02425806010757912,-0.04998909850010377,-0.07139078922070329,-0.02425806010757912
27.85,0.0237543633050022,-0.0506927791294517,-0.06944892765324533,-0.0237543633050022
27.86,0.02324371863196361,-0.05137697595221542,-0.06748798167461524,-0.02324371863196361
27.87,0.02272632998178665,-0.0520415117263386,-0.06550870894960399,-0.02272632998178665
27.88,0.02220240435164191,-0.05268621663603914,-0.06351187600576738,-0.02220240435164191
27.89,0.02167215184254622,-0.05331092829180992,-0.06149825823342217,-0.02167215184254622
27.9,0.02113578565936448,-0.05391549173041697,-0.059468639885653,-0.02113578565936448
27.91,0.02059352211080779,-0.05449975941490167,-0.05742381407830526,-0.02059352211080779
27.92,0.02004558060943513,-0.05506359123457856,-0.05536458278999155,-0.02004558060943513
27.93,0.01949218039822676,-0.05560685555913822,-0.05329174517071503,-0.01949218039822676
27.94,0.01893343173903386,-0.05612945680899551,-0.05120571088083695,-0.01893343173903386
27.95,0.01836950261758846,-0.05663126867412643,-0.04910709895090256,-0.01836950261758846
27.96,0.01780061732372049,-0.05711215175844771,-0.04699672817630547,-0.01780061732372049
27.97,0.01722699969657256,-0.05757197526796773,-0.04487541351159217,-0.01722699969657256
27.98,0.01664887312459839,-0.05801061701078795,-0.04274396607045604,-0.01664887312459839
27.99,0.01606646054556437,-0.05842796339710154,-0.04060319312574341,-0.01606646054556437
28,0.01547998444654798,-0.05882390943919464,-0.03845389810944742,-0.01547998444654798
28.01,0.01488966686393941,-0.05919835875144519,-0.03629688061271419,-0.01488966686393941
28.02,0.0142957293834399,-0.05955122355032406,-0.03413293638583668,-0.0142957293834399
28.03,0.01369839314006322,-0.05988242465439408,-0.03196285733826005,-0.01369839314006322
28.04,0.01309787881813502,-0.06019189148431046,-0.02978743153857934,-0.01309787881813502
28.05,0.01249440665129221,-0.06047956206282113,-0.02760744321453719,-0.01249440665129221
28.06,0.01188819642248443,-0.06074538301476596,-0.02542367275302923,-0.01188819642248443
28.07,0.01127946746397237,-0.06098930956707758,-0.02323689670009788,-0.01127946746397237
28.08,0.01066843865732946,-0.06121130554878067,-0.02104788776093859,-0.01066843865732946
28.09,0.01005532843344015,-0.06141134339099252,-0.01885741479989355,-0.01005532843344015
28.1,0.009440354772501436,-0.06158940412692262,-0.01666624284045724,-0.009440354772501436
28.11,0.00882373520402221,-0.06174547739187285,-0.01447513306527401,-0.00882373520402221
28.12,0.008205686806822579,-0.06187956142323761,-0.01228484281613574,-0.008205686806822579
28.13,0.007586426209035446,-0.06199166306050351,-0.01009612559398741,-0.007586426209035446
28.14,0.006966169588104681,-0.0620817977452496,-0.007909731058920642,-0.006966169588104681
28.15,0.006345132670786987,-0.06214998952114729,-0.005726405030180291,-0.006345132670786987
28.16,0.005723530733149989,-0.06219627103396031,-0.003546889486157721,-0.005723530733149989
28.17,0.005101578600574172,-0.06222068353154488,-0.001371922564397562,-0.005101578600574172
28.18,0.004479490647750966,-0.06222327686384948,0.0007977614384089321,-0.004479490647750966
28.19,0.003857480798684372,-0.06220410948291497,0.002961432066418223,-0.003857480798684372
28.2,0.003235762526690298,-0.06216324844287469,0.00511836270463686,-0.003235762526690298
28.21,0.002614548854395838,-0.06210076939995419,0.007267830578923879,-0.002614548854395838
28.22,0.001994052353740926,-0.06201675661247152,0.009409116755985159,-0.001994052353740926
28.23,0.001374485145976393,-0.06191130294083699,0.01154150614338009,-0.001374485145976393
28.24,0.0007560589016659637,-0.06178450984755342,0.01366428748951472,-0.0007560589016659637
28.25,0.000138984840684311,-0.06163648739721587,0.01577675338364843,-0.000138984840684311
28.26,-0.0004765262677811578,-0.06146735425651179,0.01787820025588778,0.0004765262677811578
28.27,-0.001090264105231963,-0.06127723769422104,0.01996792837719225,0.001090264105231963
28.28,-0.001702018803857059,-0.06106627358121591,0.02204524185936914,0.001702018803857059
28.29,-0.002311580946533645,-0.06083460639046095,0.02410944865507622,0.002311580946533645
28.3,-0.002918741566827496,-0.06058238919701312,0.02615986055782304,0.002918741566827496
28.31,-0.00352329214899182,-0.06030978367802182,0.02819579320196691,0.00352329214899182
28.32,-0.004125024627968562,-0.06001696011272859,0.03021656606271733,0.004125024627968562
28.33,-0.004723731389387208,-0.05970409738246762,0.03222150245613203,0.004723731389387208
28.34,-0.00531920526956605,-0.05937138297066522,0.03420992953912116,0.00531920526956605
28.35,-0.005911239555510758,-0.05901901296284045,0.03618117830944254,0.005911239555510758
28.36,-0.006499627984915349,-0.05864719204660421,0.03813458360570478,0.006499627984915349
28.37,-0.007084174914324737,-0.05825611478344458,0.04006951461913878,0.007084174914324737
28.38,-0.007664771204120055,-0.05784581485226966,0.04198559970403612,0.007664771204120055
28.39,-0.008241234214524109,-0.05741645050554889,0.04388224381155091,0.008241234214524109
28.4,-0.008813360034609962,-0.05696822789764384,0.04575879036568347,0.008813360034609962
28.41,-0.009380948127385016,-0.0565013578259461,0.04761459577909988,0.009380948127385016
28.42,-0.009943801329789373,-0.0560160557308785,0.04944902945312678,0.009943801329789373
28.43,-0.01050172585269746,-0.05551254169589386,0.05126147377775656,0.01050172585269746
28.44,-0.01105453128091661,-0.05499104044747612,0.05305132413164279,0.01105453128091661
28.45,-0.01160203057318768,-0.05445178135513989,0.0548179888821022,0.01160203057318768
28.46,-0.01214404006218563,-0.05389499843142982,0.05656088938511663,0.01214404006218563
28.47,-0.01268037945451816,-0.05332093033192196,0.05827945998532844,0.01268037945451816
28.48,-0.01321087183072724,-0.05272982035522221,0.05997314801604569,0.01321087183072724
28.49,-0.01373534364528761,-0.05212191644296792,0.06164141379923714,0.01373534364528761
28.5,-0.01425362472660826,-0.05149747117982617,0.06328373064553708,0.01425362472660826
28.51,-0.01476554827703099,-0.05085674179349561,0.06489958485424061,0.01476554827703099
28.52,-0.0152709508728318,-0.05019999015470462,0.06648847571330825,0.0152709508728318
28.53,-0.01576967246421967,-0.04952748277721281,0.06804991549936198,0.01576967246421967
28.54,-0.01626155637533714,-0.04883949081781055,0.06958342947768698,0.01626155637533714
28.55,-0.01674644930426073,-0.04813629007631799,0.07108855590223313,0.01674644930426073
28.56,-0.01722420132299984,-0.04741816099558697,0.07256484601561138,0.01722420132299984
28.57,-0.01769466587749803,-0.046685388661499,0.07401186404909789,0.01769466587749803
28.58,-0.01815769978763171,-0.04593826280296708,0.07542918722262994,0.01815769978763171
28.59,-0.01861316324721147,-0.04517707779193396,0.0768164057448099,0.01861316324721147
28.6,-0.01906091982398093,-0.04440213264337371,0.07817312281290188,0.01906091982398093
28.61,-0.0195008364596172,-0.04361373101529106,0.0794989546128331,0.0195008364596172
28.62,-0.01993278346973144,-0.04281218120872066,0.08079353031919549,0.01993278346973144
28.63,-0.02035663454386763,-0.04199779616772866,0.08205649209524193,0.02035663454386763
28.64,-0.02077226674550391,-0.04117089347941093,0.08328749509289059,0.02077226674550391
28.65,-0.02117956051205136,-0.04033179537389499,0.08448620745272092,0.02117956051205136
28.66,-0.02157839965485513,-0.03948082872433791,0.08565231030397723,0.02157839965485513
28.67,-0.0219686713591933,-0.03861832504692845,0.08678549776456522,0.0219686713591933
28.68,-0.02235026618427802,-0.03774462050088492,0.08788547694105533,0.02235026618427802
28.69,-0.02272307806325461,-0.03686005588845717,0.08895196792868026,0.02272307806325461
28.7,-0.02308700430320186,-0.03596497665492567,0.08998470381133565,0.02308700430320186
28.71,-0.02344194558513245,-0.03505973288860043,0.09098343066158128,0.02344194558513245
28.72,-0.02378780596399208,-0.03414467932082352,0.09194790754063886,0.02378780596399208
28.73,-0.02412449286866048,-0.03322017532596631,0.0928779064983945,0.02412449286866048
28.74,-0.02445191710195043,-0.03228658492143213,0.09377321257339633,0.02445191710195043
28.75,-0.02476999284060859,-0.03134427676765352,0.09463362379285647,0.02476999284060859
28.76,-0.02507863763531479,-0.03039362416809519,0.09545895117264941,0.02507863763531479
28.77,-0.02537777263037222,-0.02943500345488881,0.0962490190573812,0.02537777263037222
28.78,-0.02566734143941056,-0.0284686338805188,0.097003688692434,0.02566734143941056
28.79,-0.02594727455358801,-0.02749479126820063,0.09772279049465414,0.02594727455358801
28.8,-0.02621748991585204,-0.02651385911234048,0.09840613953625536,0.02621748991585204
28.81,-0.02647790962228557,-0.02552621967443528,0.099053565044686,0.02647790962228557
28.82,-0.02672845992210782,-0.0245322539830699,0.09966491040263091,0.02672845992210782
28.83,-0.0269690712176735,-0.02353234183391997,0.1002400331480097,0.0269690712176735
28.84,-0.02719967806447357,-0.02252686178974903,0.1007788049739782,0.02719967806447357
28.85,-0.02742021917113462,-0.02151619118041104,0.1012811117289276,0.02742021917113462
28.86,-0.02763063739941912,-0.02050070610284931,0.1017468534164844,0.02763063739941912
28.87,-0.02783087976422563,-0.01948078142109541,0.1021759441955114,0.02783087976422563
28.88,-0.02802089743358832,-0.01845679076627168,0.1025683123801062,0.02802089743358832
28.89,-0.02820064572867755,-0.01742910653658838,0.1029239004396028,0.02820064572867755
28.9,-0.02837008412379923,-0.01639809989734656,0.1032426649985698,0.02837008412379923
28.91,-0.02852917624639548,-0.01536414078093516,0.1035245768368126,0.02852917624639548
28.92,-0.02867788987704398,-0.01432759788683389,0.103769620889371,0.02867788987704398
28.93,-0.0288161969494586,-0.01328883868161039,0.1039777962465214,0.0288161969494586
28.94,-0.02894407355048886,-0.01224822939892269,0.1041491161537751,0.02894407355048886
28.95,-0.02906149992012023,-0.01120613503951821,0.1042836080118792,0.02906149992012023
28.96,-0.02916846045147415,-0.01016291937123259,0.1043813133768166,0.02916846045147415
28.97,-0.0292649436908078,-0.009118944928992304,0.1044422879598056,0.0292649436908078
28.98,-0.02935094233751438,-0.008074573014811653,0.1044666016273002,0.02935094233751438
28.99,-0.02942645324412285,-0.007030163697795787,0.1044543384009898,0.02942645324412285
29,-0.02949147741629814,-0.005986075814137719,0.1044055964577996,0.02949147741629814
29.01,-0.02954602001284102,-0.004942666967121283,0.1043204881298903,0.02954602001284102
29.02,-0.02959009034568817,-0.003900293527118186,0.1041991399046582,0.02959009034568817
29.03,-0.0296237018799121,-0.002859310631590551,0.1040416924247352,0.0296237018799121
29.04,-0.02964687223372124,-0.00182007218508989,0.1038483004879889,0.02964687223372124
29.05,-0.02965962317845996,-0.0007829308592559397,0.1036191330475224,0.02965962317845996
29.06,-0.0296619806386084,0.0002517619071807859,0.1033543732116745,0.0296619806386084
29.07,-0.02965397469178262,0.001283655908401831,0.1030542182440191,0.02965397469178262
29.08,-0.02963563956873461,0.002312402171497991,0.1027188795633666,0.02963563956873461
29.09,-0.02960701365335218,0.00333765295647216,0.102348582743762,0.02960701365335218
29.1,-0.02956813948265905,0.004359061756236801,0.1019435675144866,0.02956813948265905
29.11,-0.02951906374681487,0.005376283296614991,0.1015040877600573,0.02951906374681487
29.12,-0.0294598372891151,0.006388973536341594,0.1010304115202261,0.0294598372891151
29.13,-0.02939051510599109,0.007396789667060674,0.1005228209899811,0.02939051510599109
29.14,-0.0293111563470101,0.008399390113328489,0.09998161251954549,0.0293111563470101
29.15,-0.02922182431487524,0.009396434532610239,0.09940709661437851,0.02922182431487524
29.16,-0.02912258646542554,0.01038758381528362,0.09879959793517464,0.02912258646542554
29.17,-0.02901351440763592,0.01137250008463514,0.09815945529786448,0.02901351440763592
29.18,-0.0288946839036171,0.01235084669686376,0.09748702167361339,0.0288946839036171
29.19,-0.02876617486861579,0.01332228824107762,0.09678266418882324,0.02876617486861579
29.2,-0.02862807137101461,0.01428649053929596,0.09604676412513129,0.02862807137101461
29.21,-0.02848041730890446,0.01524321303407184,0.09527953800504459,0.02848041730890446
29.22,-0.0283232391813903,0.01619223864214912,0.09448113549386808,0.0283232391813903
29.23,-0.02815661880519851,0.01713323197843501,0.0936519303409816,0.02815661880519851
29.24,-0.02798064071294254,0.01806586309075274,0.09279230433175112,0.02798064071294254
29.25,-0.02779539192270704,0.01898980796918797,0.09190264634977134,0.02779539192270704
29.26,-0.02760096193804829,0.01990474854608612,0.09098335237686801,0.02760096193804829
29.27,-0.02739744274799375,0.02081037269605505,0.09003482549309548,0.02739744274799375
29.28,-0.0271849288270425,0.02170637423596274,0.08905747587673894,0.0271849288270425
29.29,-0.02696351713516502,0.02259245292493828,0.08805172080431349,0.02696351713516502
29.3,-0.02673330711780302,0.02346831446437282,0.08701798465056304,0.02673330711780302
29.31,-0.0264944007058699,0.02433367049791735,0.08595669888846283,0.0264944007058699
29.32,-0.02624690231575018,0.02518823861148521,0.0848683020892164,0.02624690231575018
29.33,-0.02599091884930012,0.02603174233324961,0.08375323992225879,0.02599091884930012
29.34,-0.02572655969384706,0.02686391113364608,0.08261196515525325,0.02572655969384706
29.35,-0.02545393672219001,0.02768448042537036,0.08144493765409418,0.02545393672219001
29.36,-0.02517316429259943,0.02849319156337931,0.08025262438290574,0.02517316429259943
29.37,-0.02488435924881687,0.02928979184489172,0.07903549940404091,0.02488435924881687
29.38,-0.02458764092005574,0.0300740345093864,0.07779404387808404,0.02458764092005574
29.39,-0.02428313112100042,0.03084567873860434,0.07652874606384769,0.02428313112100042
29.4,-0.02397095415180712,0.03160448965654656,0.075240101318376,0.02397095415180712
29.41,-0.02365123679810311,0.03235023832947625,0.07392861209694133,0.02365123679810311
29.42,-0.02332410833098742,0.03308270176591665,0.07259478795304758,0.02332410833098742
29.43,-0.02298970050703011,0.03380166291665315,0.07123914553842672,0.02298970050703011
29.44,-0.02264814756827298,0.03450691067473145,0.06986220860304197,0.02264814756827298
29.45,-0.02229958624222928,0.0351982398754584,0.06846450799508656,0.02229958624222928
29.46,-0.02194415574188325,0.03587545129640264,0.06704658166098186,0.02194415574188325
29.47,-0.02158199776569114,0.03653835165739303,0.06560897464538148,0.02158199776569114
29.48,-0.02121325649758003,0.03718675362052039,0.0641522390911665,0.02121325649758003
29.49,-0.02083807860694891,0.03782047579013576,0.06267693423944995,0.02083807860694891
29.5,-0.02045661324866781,0.03843934271285222,0.06118362642957308,0.02045661324866781
29.51,-0.02006901206307853,0.03904318487754296,0.05967288909910855,0.02006901206307853
29.52,-0.01967542917599385,0.03963183871534328,0.05814530278385709,0.01967542917599385
29.53,-0.01927602119869835,0.04020514659964885,0.05660145511785076,0.01927602119869835
29.54,-0.01887094722794811,0.04076295684611651,0.05504194083335184,0.01887094722794811
29.55,-0.01846036884597004,0.04130512371266476,0.05346736176085026,0.01846036884597004
29.56,-0.01804445012046319,0.04183150739947245,0.05187832682906848,0.01804445012046319
29.57,-0.01762335760459735,0.04234197404898025,0.05027545206495639,0.01762335760459735
29.58,-0.01719726033701436,0.04283639574588925,0.04865936059369601,0.01719726033701436
29.59,-0.01676632984182694,0.04331465051716235,0.04703068263869725,0.01676632984182694
29.6,-0.01633074012861956,0.04377662233202304,0.04539005552160116,0.01633074012861956
29.61,-0.01589066769244806,0.0442222011019558,0.04373812366227854,0.01589066769244806
29.62,-0.01544626978728421,0.04465128920970707,0.0420754611035212,0.01544626978728421
29.63,-0.0149976220932412,0.04506381009521875,0.04040235191359182,0.0149976220932412
29.64,-0.01454489060145821,0.04545965264641787,0.03871940415897496,0.01454489060145821
29.65,-0.01408825467078888,0.04583870768735344,0.03702727200382868,0.01408825467078888
29.66,-0.01362789330061077,0.04620087292721851,0.03532660654246162,0.01362789330061077
29.67,-0.01316398513082669,0.04654605296034914,0.03361805579933771,0.01316398513082669
29.68,-0.01269670844186335,0.04687415926622537,0.03190226472907139,0.01269670844186335
29.69,-0.01222624115467254,0.04718511020947042,0.03017987521643182,0.01222624115467254
29.7,-0.01175276083073063,0.04747883103985105,0.02845152607634109,0.01175276083073063
29.71,-0.01127644467203807,0.04775525389227783,0.02671785305387238,0.01127644467203807
29.72,-0.01079746952112058,0.04801431778680443,0.02497948882425424,0.01079746952112058
29.73,-0.01031601186102773,0.04825596862862847,0.02323706299286565,0.01031601186102773
29.74,-0.009832247815334398,0.04848015920809067,0.021491202095241,0.009832247815334398
29.75,-0.009346353148139329,0.04868684920067561,0.01974252959706513,0.009346353148139329
29.76,-0.008858503264066547,0.04887600516701114,0.01799166589417826,0.008858503264066547
29.77,-0.008368873208263962,0.04904760055286884,0.01623922831257104,0.008368873208263962
29.78,-0.007877637666404575,0.0492016156891636,0.01448583110838892,0.007877637666404575
29.79,-0.007384970964685965,0.04933803779195388,0.01273208546793023,0.007384970964685965
29.8,-0.006891047069829779,0.04945686096244181,0.01097859950764441,0.006891047069829779
29.81,-0.006396039589082935,0.04955808618697283,0.009225978274136274,0.006396039589082935
29.82,-0.005900121770216214,0.04964172133703607,0.007474823744161028,0.005900121770216214
29.83,-0.005403466501525696,0.04970778116926397,0.005725734824629327,0.005403466501525696
29.84,-0.004906246311831338,0.04975628732543274,0.003979307352602284,0.004906246311831338
29.85,-0.004408633370478188,0.04978726833246191,0.002236134095295728,0.004408633370478188
29.86,-0.003910799487335885,0.04980075960241461,0.0004968047500784431,0.003910799487335885
29.87,-0.003412916112798098,0.04979680343249744,-0.001238094055529769,0.003412916112798098
29.88,-0.00291515433778382,0.04977544900506059,-0.002967978763853614,0.00291515433778382
29.89,-0.002417684893735858,0.04973675238759766,-0.004692268887067511,0.002417684893735858
29.9,-0.001920678152622366,0.04968077653274588,-0.006410387007190321,0.001920678152622366
29.91,-0.001424304126935324,0.04960759127828595,-0.008121758776090587,0.001424304126935324
29.92,-0.0009287324696920128,0.04951727334714204,-0.009825812915481409,0.0009287324696920128
29.93,-0.0004341324744335775,0.04940990634738187,-0.01152198121692547,0.0004341324744335775
29.94,5.932692477369573e-05,0.04928558077221671,-0.01320969854183058,-5.932692477369573e-05
29.95,0.0005514771533389863,0.04914439400000135,-0.01488840282145179,-0.0005514771533389863
29.96,0.001042149996147411,0.04898645029423396,-0.01655753505689299,-0.001042149996147411
29.97,0.001531177597558797,0.04881186080355651,-0.01821653931910275,-0.001531177597558797
29.98,0.002018392461409084,0.04862074356175411,-0.01986486274887902,-0.002018392461409084
29.99,0.002503627451008997,0.04841322348775568,-0.02150195555686473,-0.002503627451008997
30,0.002986715789145267,0.04818943238563347,-0.02312727102355184,-0.002986715789145267
30.01,0.00346749105807942,0.04794950894460358,-0.0247402654992773,-0.00346749105807942
30.02,0.003945787199549097,0.04769359873902512,-0.02634039840422745,-0.003945787199549097
30.03,0.004421438514766889,0.047421854228401,-0.02792713222843413,-0.004421438514766889
30.04,0.004894279664420697,0.04713443475737775,-0.02949993253177589,-0.004894279664420697
30.05,0.005364145668674467,0.04683150655574529,-0.03105826794398053,-0.005364145668674467
30.06,0.005830902096503591,0.04651318623290115,-0.03260170051645585,-0.005830902096503591
30.07,0.006294455330125006,0.04617950762835831,-0.03412991276499548,-0.006294455330125006
30.08,0.00675464355100643,0.04583062768945532,-0.03564238189271357,-0.00675464355100643
30.09,0.007211304510546831,0.04546671266824689,-0.0371385860580587,-0.007211304510546831
30.1,0.007664278659889675,0.04508793253468821,-0.03861801381341096,-0.007664278659889675
30.11,0.008113409149923411,0.04469446097663473,-0.04008016410508356,-0.008113409149923411
30.12,0.008558541831281959,0.04428647539984164,-0.04152454627332439,-0.008558541831281959
30.13,0.008999525254343586,0.04386415692796491,-0.04295068005231242,-0.008999525254343586
30.14,0.009436210669232167,0.04342769040256014,-0.0443580955701617,-0.009436210669232167
30.15,0.009868452025815953,0.04297726438308366,-0.04574633334891746,-0.009868452025815953
30.16,0.01029610597370878,0.04251307114689142,-0.04711494430455998,-0.01029610597370878
30.17,0.01071903186226888,0.04203530668924021,-0.04846348974700071,-0.01071903186226888
30.18,0.01113709174060006,0.04154417072328632,-0.04979154138008616,-0.01113709174060006
30.19,0.01155015035755065,0.04103986668008674,-0.05109868130159449,-0.01155015035755065
30.2,0.011958075161714,0.04052260170859871,-0.05238450200323703,-0.011958075161714
30.21,0.01236073630142886,0.03999258667567904,-0.05364860637065955,-0.01236073630142886
30.22,0.01275800662477838,0.03945003616608556,-0.05489060768343915,-0.01275800662477838
30.23,0.0131497616795913,0.03889516848247547,-0.05611012961508784,-0.0131497616795913
30.24,0.01353587971344075,0.03832820564540695,-0.05730680623304896,-0.01353587971344075
30.25,0.01391624167364541,0.03774937339333759,-0.0584802819987007,-0.01391624167364541
30.26,0.0142907312072684,0.037158901182626,-0.05963021176735268,-0.0142907312072684
30.27,0.01465923466111836,0.03655702218753012,-0.06075626078824929,-0.01465923466111836
30.28,0.01502164108174851,0.03594397330020874,-0.0618581047045668,-0.01502164108174851
30.29,0.0153778422154571,0.03531999513072082,-0.06293542955341462,-0.0153778422154571
30.3,0.01572773250828768,0.03468533200702485,-0.06398793176583639,-0.01572773250828768
30.31,0.01607120910602834,0.03404023197498053,-0.06501531816680745,-0.01607120910602834
30.32,0.01640817185421262,0.03338494679834664,-0.06601730597523765,-0.01640817185421262
30.33,0.01673852329811855,0.03271973195878317,-0.06699362280396844,-0.01673852329811855
30.34,0.01706216868276967,0.03204484665584943,-0.06794400665977603,-0.01706216868276967
30.35,0.0173790159529341,0.03136055380700555,-0.06886820594336845,-0.0173790159529341
30.36,0.01768897575312497,0.03066712004761186,-0.06976597944938701,-0.01768897575312497
30.37,0.01799196142760074,0.02996481573092825,-0.07063709636640707,-0.01799196142760074
30.38,0.0182878890203644,0.02925391492811556,-0.07148133627693574,-0.0182878890203644
30.39,0.01857667727516437,0.0285346954282341,-0.07229848915741469,-0.01857667727516437
30.4,0.01885824763549357,0.02780743873824528,-0.07308835537821722,-0.01885824763549357
30.41,0.01913252424459047,0.02707243008300953,-0.0738507457036513,-0.01913252424459047
30.42,0.01939943394543796,0.02632995840528871,-0.07458548129195648,-0.01939943394543796
30.43,0.0196589062807644,0.02558031636574377,-0.07529239369530674,-0.0196589062807644
30.44,0.01991087349304276,0.02482380034293663,-0.07597132485980822,-0.01991087349304276
30.45,0.02015527052449114,0.02406071043332934,-0.07662212712550052,-0.02015527052449114
30.46,0.02039203813626196,0.02329132643749366,-0.07724466776638565,-0.02039203813626196
30.47,0.02062113394167616,0.0225157914472311,-0.07783883674658536,-0.02062113394167616
30.48,0.02084249465423862,0.02173438203864782,-0.07840448637669219,-0.02084249465423862
30.49,0.02105605575397257,0.02094740476401425,-0.07894147257509518,-0.02105605575397257
30.5,0.0212617560449673,0.02015516519046645,-0.07944966259011682,-0.0212617560449673
30.51,0.02145953765537753,0.01935796790000833,-0.07992893500001161,-0.02145953765537753
30.52,0.02164934603742404,0.01855611648950941,-0.08037917971296732,-0.02164934603742404
30.53,0.02183112996739313,0.01774991357070681,-0.08080029796710399,-0.02183112996739313
30.54,0.02200484154563688,0.01693966077020437,-0.08119220233047431,-0.02200484154563688
30.55,0.02217043619657328,0.01612565872947182,-0.08155481670106411,-0.02217043619657328
30.56,0.02232787266868586,0.01530820710484679,-0.08188807630679135,-0.02232787266868586
30.57,0.02247711303452411,0.01448760456753249,-0.08219192770550716,-0.02247711303452411
30.58,0.02261812269070305,0.01366414880359999,-0.08246632878499491,-0.02261812269070305
30.59,0.02275087035790368,0.012838136513986,-0.08271124876297106,-0.02275087035790368
30.6,0.02287532808087258,0.01200986341449478,-0.08292666818708445,-0.02287532808087258
30.61,0.02299147122842209,0.01117962423579737,-0.08311257893491666,-0.02299147122842209
30.62,0.02309927849343043,0.01034771272343066,-0.08326898421398211,-0.02309927849343043
30.63,0.02319873189284142,0.009514421637799442,-0.0833958985617277,-0.02319873189284142
30.64,0.02328981676766476,0.008680042754174085,-0.08349334784553321,-0.02328981676766476
30.65,0.02337252178297578,0.007844866862692859,-0.08356136926271091,-0.02337252178297578
30.66,0.02344683892791568,0.007009183768359607,-0.08360001134050583,-0.02344683892791568
30.67,0.0235127635156913,0.006173282291046086,-0.08360933393609578,-0.0235127635156913
30.68,0.02357029418357532,0.005337450265489606,-0.08358940823659108,-0.02357029418357532
30.69,0.02361943289290613,0.0045019745412951,-0.08354031675903482,-0.02361943289290613
30.7,0.02366018492908783,0.00366714098293427,-0.08346215335040286,-0.02366018492908783
30.71,0.02369255890159036,0.002833234469744607,-0.08335502318760352,-0.02369255890159036
30.72,0.02371656674394935,0.002000538895931592,-0.08321904277747809,-0.02371656674394935
30.73,0.02373222371376617,0.00116933717056618,-0.08305433995680012,-0.02373222371376617
30.74,0.02373954839270803,0.0003399112175873878,-0.08286105389227642,-0.02373954839270803
30.75,0.02373856268650778,-0.0004874580242003881,-0.08263933508054597,-0.02373856268650778
30.76,0.02372929182496407,-0.001312490601124704,-0.08238934534818071,-0.02372929182496407
30.77,0.02371176436194131,-0.002134907544647653,-0.08211125785168509,-0.02371176436194131
30.78,0.02368601217536964,-0.002954430871363542,-0.08180525707749638,-0.02368601217536964
30.79,0.023652070467245,-0.003770783583000143,-0.0814715388419847,-0.023652070467245
30.8,0.02360997776362897,-0.004583689666419267,-0.08111031029145219,-0.02360997776362897
30.81,0.02355977591464901,-0.0053928740936148,-0.08072178990213455,-0.02355977591464901
30.82,0.02350151009449824,-0.006198062821715046,-0.08030620748019944,-0.02350151009449824
30.83,0.02343522880143561,-0.006998982792980603,-0.07986380416174776,-0.02343522880143561
30.84,0.02336098385778571,-0.007795361934806147,-0.07939483241281255,-0.02336098385778571
30.85,0.02327883040993897,-0.008586929159718941,-0.07889955602935989,-0.02327883040993897
30.86,0.0231888269283516,-0.00937341436537965,-0.07837825013728869,-0.0231888269283516
30.87,0.02309103520754542,-0.01015454843458281,-0.07783120119242998,-0.02309103520754542
30.88,0.02298552036610816,-0.01093006323525514,-0.07725870698054814,-0.02298552036610816
30.89,0.02287234744265165,-0.01169969899204933,-0.07666106280383354,-0.02287234744265165
30.9,0.02275152909644492,-0.01246330909486353,-0.07603835148030555,-0.02275152909644492
30.91,0.02262311055580557,-0.0132206656097683,-0.07539079084007967,-0.02262311055580557
30.92,0.02248715816452397,-0.01397150137248377,-0.07471868268543734,-0.02248715816452397
30.93,0.02234374025631979,-0.01471555397389858,-0.07402233450229707,-0.02234374025631979
30.94,0.02219292715484239,-0.01545256576006803,-0.07330205946021613,-0.02219292715484239
30.95,0.02203479117367063,-0.01618228383221484,-0.07255817641238993,-0.02203479117367063
30.96,0.02186940661631271,-0.01690446004672999,-0.07179100989565103,-0.02186940661631271
30.97,0.02169684977620656,-0.01761885101517084,-0.07100089013047121,-0.02169684977620656
30.98,0.02151719893671942,-0.01832521810426323,-0.07018815302095918,-0.02151719893671942
30.99,0.02133053437114825,-0.01902332743589943,-0.06935314015486282,-0.02133053437114825
31,0.02113693834271925,-0.01971294988714014,-0.0684961988035669,-0.02113693834271925
31.01,0.02093649510458845,-0.02039386109021255,-0.06761768192209545,-0.02093649510458845
31.02,0.02072929089984107,-0.02106584143251223,-0.06671794814910927,-0.02072929089984107
31.03,0.02051541396149205,-0.02172867605660148,-0.06579736180690822,-0.02051541396149205
31.04,0.02029495451248588,-0.02238215486021006,-0.06485629290143022,-0.02029495451248588
31.05,0.02006800476569629,-0.02302607249623587,-0.06389511712225021,-0.02006800476569629
31.06,0.01983465892392687,-0.02366022837274333,-0.06291421584258255,-0.01983465892392687
31.07,0.01959501317991034,-0.0242844266529652,-0.06191397611927828,-0.01959501317991034
31.08,0.01934916571630935,-0.02489847625530081,-0.0608947906928279,-0.01934916571630935
31.09,0.01909721670571562,-0.02550219085331778,-0.05985705798735847,-0.01909721670571562
31.1,0.01883926831065072,-0.02609538887575057,-0.05880118211063629,-0.01883926831065072
31.11,0.01857542468356567,-0.02667789350650104,-0.05772757285406566,-0.01857542468356567
31.12,0.01830579196684077,-0.02724953268463915,-0.05663664569268778,-0.01830579196684077
31.13,0.01803047829278619,-0.02781013910440148,-0.05552882178518351,-0.01803047829278619
31.14,0.01774959378364122,-0.02835955021519283,-0.05440452797387015,-0.01774959378364122
31.15,0.01746325055157508,-0.02889760822158471,-0.05326419678470471,-0.01746325055157508
31.16,0.01717156269868601,-0.02942416008331677,-0.05210826642728041,-0.01717156269868601
31.17,0.01687464631700229,-0.02993905751529543,-0.05093718079483045,-0.01687464631700229
31.18,0.01657261948848122,-0.03044215698759519,-0.04975138946422431,-0.01657261948848122
31.19,0.01626560228500994,-0.03093331972545758,-0.04855134769597075,-0.01626560228500994
31.2,0.01595371676840508,-0.03141241170929145,-0.04733751643421647,-0.01595371676840508
31.21,0.01563708699041256,-0.03187930367467374,-0.04611036230674539,-0.01563708699041256
31.22,0.01531583899270801,-0.03233387111234796,-0.04487035762498046,-0.01531583899270801
31.23,0.01499010080689644,-0.032775994268226,-0.04361798038398176,-0.01499010080689644
31.24,0.0146600024545126,-0.03320555814338631,-0.04235371426244867,-0.0146600024545126
31.25,0.0143256759470203,-0.0336224524940755,-0.04107804862271679,-0.0143256759470203
31.26,0.01398725528581345,-0.03402657183170701,-0.03979147851076199,-0.01398725528581345
31.27,0.01364487646221488,-0.03441781542286239,-0.03849450465619597,-0.01364487646221488
31.28,0.01329867745747737,-0.03479608728929002,-0.03718763347227016,-0.01329867745747737
31.29,0.01294879824278313,-0.0351612962079059,-0.03587137705587375,-0.01294879824278313
31.3,0.01259538077924362,-0.03551335571079384,-0.03454625318753299,-0.01259538077924362
31.31,0.01223852205141141,-0.03585219720584296,-0.03321261811436989,-0.01223852205141141
31.32,0.01187830136716781,-0.03617775011597011,-0.03187076697491851,-0.01187830136716781
31.33,0.01151486203638325,-0.0364899236024568,-0.03052122340548264,-0.01151486203638325
31.34,0.011148347495341,-0.03678863219708974,-0.02916451006624064,-0.011148347495341
31.35,0.01077890089326609,-0.03707379594241061,-0.02780114716261695,-0.01077890089326609
31.36,0.01040666509232488,-0.03734534039171658,-0.02643165244528064,-0.01040666509232488
31.37,0.01003178266762469,-0.03760319660906049,-0.02505654121014392,-0.01003178266762469
31.38,0.009654395907214749,-0.03784730116925022,-0.02367632629836564,-0.009654395907214749
31.39,0.009274646812085067,-0.03807759615784941,-0.02229151809634722,-0.009274646812085067
31.4,0.008892677096167565,-0.03829402917117673,-0.02090262453573673,-0.008892677096167565
31.41,0.008508628186334967,-0.03849655331630659,-0.01951015109342488,-0.008508628186334967
31.42,0.008122641222401902,-0.03868512721106857,-0.01811460079154896,-0.008122641222401902
31.43,0.007734857057123797,-0.03885971498404783,-0.01671647419748892,-0.007734857057123797
31.44,0.007345416256197846,-0.0390202862745848,-0.01531626942387083,-0.007345416256197846
31.45,0.006954459098262598,-0.03916681623277531,-0.01391448212856535,-0.006954459098262598
31.46,0.006562125574897533,-0.03929928551947076,-0.01251160551468629,-0.006562125574897533
31.47,0.006168555390624042,-0.03941768030627774,-0.01110813033059408,-0.006168555390624042
31.48,0.005773887962904321,-0.03952199227555845,-0.009704544869891774,-0.005773887962904321
31.49,0.005378262422142455,-0.03961221862043027,-0.00830133497142903,-0.005378262422142455
31.5,0.004981817611683337,-0.03968836204476622,-0.006898984019298134,-0.004981817611683337
31.51,0.004584692087813777,-0.03975043076319453,-0.00549797294283803,-0.004584692087813777
31.52,0.004187024119761362,-0.03979843850109896,-0.004098780216630231,-0.004187024119761362
31.53,0.003788951689695459,-0.0398324044946186,-0.002701881860502398,-0.003788951689695459
31.54,0.003390612492726804,-0.03985235349064799,-0.001307751439526853,-0.003390612492726804
31.55,0.002992143936907025,-0.03985831574683704,8.313993598105577e-05,-0.002992143936907025
31.56,0.0025936831432297,-0.03985032703159109,0.001470323610459283,-0.0025936831432297
31.57,0.002195366945629175,-0.03982842862407085,0.00285333338310318,-0.002195366945629175
31.58,0.001797331890981744,-0.03979266731419255,0.00423170550786144,-0.001797331890981744
31.59,0.001399714239104451,-0.03974309540262763,0.005604978693440173,-0.001399714239104451
31.6,0.001002649962756122,-0.03967977070080306,0.006972694103299417,-0.001002649962756122
31.61,0.0006062747476369378,-0.03960275653090126,0.008334395355654573,-0.0006062747476369378
31.62,0.0002107239923880486,-0.0395121217258599,0.009689628523477723,-0.0002107239923880486
31.63,-0.0001838671914075171,-0.03940794062937222,0.01103794213449454,0.0001838671914075171
31.64,-0.0005773639792259703,-0.0392902930958867,0.01237888717118809,0.0005773639792259703
31.65,-0.0009696318336015713,-0.03915926449060736,0.01371201707079477,0.0009696318336015713
31.66,-0.001360536504127768,-0.03901494568949351,0.01503688772530819,0.001360536504127768
31.67,-0.001749944027456108,-0.03885743307926018,0.01635305748147554,0.001749944027456108
31.68,-0.002137720727297393,-0.03868682855737716,0.01766008714080132,0.002137720727297393
31.69,-0.002523733214420621,-0.03850323953207026,0.01895753995954397,0.002523733214420621
31.7,-0.002907848386653413,-0.03830677892232056,0.02024498164871724,0.002907848386653413
31.71,-0.003289933428882473,-0.03809756515786425,0.02152198037409164,0.003289933428882473
31.72,-0.003669855813052621,-0.03787572217919326,0.02278810675619134,0.003669855813052621
31.73,-0.004047483298167822,-0.0376413794375548,0.02404293387029757,0.004047483298167822
31.74,-0.004422684499654923,-0.03739467086161654,0.0252860389589966,0.004422684499654923
31.75,-0.004795378316993264,-0.03713564062116865,0.02651715090673353,0.004795378316993264
31.76,-0.005165464952977007,-0.03686435871645821,0.02773594022401197,0.005165464952977007
31.77,-0.005532813148222035,-0.03658095624495072,0.02894198384296153,0.005532813148222035
31.78,-0.005897293803774958,-0.03628556728069934,0.03013486701366965,0.005897293803774958
31.79,-0.006258779981113522,-0.03597832887434445,0.03131418330418291,0.006258779981113522
31.8,-0.006617146902146984,-0.03565938105311347,0.03247953460050827,0.006617146902146984
31.81,-0.006972271949215217,-0.03532886682082152,0.03363053110661018,0.006972271949215217
31.82,-0.007324034665089727,-0.03498693215787055,0.03476679134441384,0.007324034665089727
31.83,-0.007672316752972647,-0.03463372602125027,0.03588794215380191,0.007672316752972647
31.84,-0.008017002076497737,-0.03426940034453723,0.03699361869261791,0.008017002076497737
31.85,-0.008357976659729507,-0.03389411003789562,0.03808346443666313,0.008357976659729507
31.86,-0.008695128687163609,-0.03350801298807692,0.03915713117969816,0.008695128687163609
31.87,-0.009028348503727168,-0.03311127005841952,0.04021427903344374,0.009028348503727168
31.88,-0.009357528614777975,-0.03270404508884966,0.04125457642757832,0.009357528614777975
31.89,-0.009682563686105415,-0.03228650489588029,0.04227770010974088,0.009682563686105415
31.9,-0.01000335054392952,-0.03185881927261224,0.04328333514552815,0.01000335054392952
31.91,-0.01031978817490194,-0.03142116098873303,0.04427117491849736,0.01031978817490194
31.92,-0.01063177772610497,-0.03097370579051805,0.0452409211301635,0.01063177772610497
31.93,-0.0109392225050525,-0.03051663240082946,0.04619228380000205,0.0109392225050525
31.94,-0.01124202797968919,-0.03005012251911709,0.0471249812654466,0.01124202797968919
31.95,-0.01154010177839086,-0.02957436082141809,0.04803874018188988,0.01154010177839086
31.96,-0.01183335368996477,-0.02908953496035643,0.04893329552268474,0.01183335368996477
31.97,-0.01212169566364887,-0.02859583556514404,0.04980839057914181,0.01212169566364887
31.98,-0.01240504180911267,-0.02809345624157945,0.05066377696053223,0.01240504180911267
31.99,-0.01268330839645639,-0.02758259357204916,0.05149921459408491,0.01268330839645639
32,-0.01295641385621178,-0.02706344711552626,0.05231447172498915,0.01295641385621178
32.01,-0.01322427877934133,-0.02653621940757194,0.05310932491639227,0.01322427877934133
32.02,-0.01348682591723913,-0.02600111596033359,0.05388355904940198,0.01348682591723913
32.03,-0.01374398018172974,-0.02545834526254734,0.05463696732308328,0.01374398018172974
32.04,-0.01399566864506942,-0.02490811877953552,0.05536935125446201,0.01399566864506942
32.05,-0.01424182053994534,-0.02435065095320795,0.05608052067852244,0.01424182053994534
32.06,-0.01448236725947601,-0.0237861592020615,0.05677029374820856,0.01448236725947601
32.07,-0.01471724235721052,-0.02321486392118142,0.05743849693442194,0.01471724235721052
32.08,-0.01494638154712965,-0.02263698848223916,0.05808496502602495,0.01494638154712965
32.09,-0.01516972270364506,-0.02205275923349383,0.0587095411298383,0.01516972270364506
32.1,-0.01538720586159974,-0.02146240549979144,0.05931207667064245,0.01538720586159974
32.11,-0.01559877321626736,-0.02086615958256635,0.05989243139117567,0.01559877321626736
32.12,-0.01580436912335312,-0.02026425675983927,0.0604504733521366,0.01580436912335312
32.13,-0.01600394009899344,-0.01965693528621794,0.06098607893218314,0.01600394009899344
32.14,-0.0161974348197553,-0.01904443639289886,0.0614991328279308,0.0161974348197553
32.15,-0.01638481147708615,-0.01842694486778435,0.06198953801976318,0.01638481147708615
32.16,-0.0165660321544886,-0.01780459378114264,0.06245719741379142,0.0165660321544886
32.17,-0.01674104386106662,-0.01717762624685848,0.06290199038948271,0.01674104386106662
32.18,-0.0169097958810687,-0.01654628732220298,0.06332380477164244,0.0169097958810687
32.19,-0.01707224015920924,-0.01591082127684977,0.06372253745338681,0.01707224015920924
32.2,-0.01722833130066813,-0.01527147159287629,0.06409809439614184,0.01722833130066813
32.21,-0.0173780265710905,-0.01462848096476518,0.0644503906296426,0.0173780265710905
32.22,-0.01752128589658732,-0.01398209129940156,0.06477935025193482,0.01752128589658732
32.23,-0.01765807186373498,-0.01333254371607485,0.06508490642937392,0.01765807186373498
32.24,-0.01778834971957549,-0.0126800785464778,0.06536700139662528,0.01778834971957549
32.25,-0.01791208737161611,-0.01202493533470843,0.06562558645666355,0.01791208737161611
32.26,-0.01802925538782993,-0.01136735283726719,0.06586062198077398,0.01802925538782993
32.27,-0.01813982699665551,-0.01070756902305835,0.06607207740855146,0.01813982699665551
32.28,-0.01824377808699675,-0.01004582107339142,0.06625993124790039,0.01824377808699675
32.29,-0.0183410872082233,-0.009382345381978361,0.06642417107503551,0.0183410872082233
32.3,-0.01843173557017024,-0.008717377554935415,0.06656479353448121,0.01843173557017024
32.31,-0.01851570704313828,-0.008051152410782192,0.06668180433907188,0.01851570704313828
32.32,-0.01859298815789344,-0.007383903980443561,0.06677521826995149,0.01859298815789344
32.33,-0.01866356810566748,-0.006715865507246808,0.06684505917657421,0.01866356810566748
32.34,-0.01872743873815762,-0.006047269446923525,0.06689135997670388,0.01872743873815762
32.35,-0.01878459456752663,-0.005378347467608649,0.06691416265641428,0.01878459456752663
32.36,-0.01883503276640271,-0.004709330449842402,0.06691351827008905,0.01883503276640271
32.37,-0.01887875316787973,-0.004040448486567403,0.06688948694042166,0.01887875316787973
32.38,-0.01891575826551701,-0.003371930883130099,0.06684213785841543,0.01891575826551701
32.39,-0.0189460532133394,-0.002704006157282215,0.06677154928338369,0.0189460532133394
32.4,-0.01896964582583731,-0.002036902039177867,0.0666778085429495,0.01896964582583731
32.41,-0.01898654657796666,-0.001370845471375505,0.06656101203304585,0.01898654657796666
32.42,-0.01899676860514892,-0.0007060626088368953,0.06642126521791542,0.01899676860514892
32.43,-0.01900032770327103,-4.277881892909602e-05,0.06625868263011109,0.01900032770327103
32.44,-0.01899724232868555,0.0006187813185783847,0.06607338787049541,0.01899724232868555
32.45,-0.01898753359821052,0.00127839401151229,0.06586551360824067,0.01898753359821052
32.46,-0.0189712252891295,0.00193583625529403,0.06563520158082943,0.0189712252891295
32.47,-0.01894834383919159,0.002590885832942659,0.06538260259405369,0.01894834383919159
32.48,-0.01891891834661141,0.003243321315072931,0.06510787652201541,0.01891891834661141
32.49,-0.01888298057006915,0.003892922059896097,0.06481119230712655,0.01888298057006915
32.5,-0.0188405649287105,0.004539468213218393,0.06449272796010908,0.0188405649287105
32.51,-0.01879170850214669,0.005182740708443432,0.06415267055999449,0.01879170850214669
32.52,-0.0187364510304544,0.005822521266571084,0.06379121625412398,0.0187364510304544
32.53,-0.01867483491417603,0.006458592396195856,0.06340857025814958,0.01867483491417603
32.54,-0.01860690521431932,0.007090737393510115,0.06300494685603218,0.01860690521431932
32.55,-0.01853270965235762,0.00771874034230163,0.06258056940004286,0.01853270965235762
32.56,-0.01845229861022971,0.008342386113954917,0.06213567031076224,0.01845229861022971
32.57,-0.0183657251303402,0.008961460367449249,0.06167049107708209,0.0183657251303402
32.58,-0.01827303133373683,0.009575778370421546,0.06118522729744944,0.01827303133373683
32.59,-0.01817422474785749,0.01018522445693347,0.0606799357331174,0.01817422474785749
32.6,-0.01806935358771142,0.01078959096335564,0.06015483927989082,0.01806935358771142
32.61,-0.01795847149687486,0.01138866539395085,0.05961018103589862,0.01795847149687486
32.62,-0.01784163371191923,0.011982239058396,0.05904620864950899,0.01784163371191923
32.63,-0.01771889706241137,0.01257010707178086,0.05846317431933042,0.01771889706241137
32.64,-0.01759031997091383,0.01315206835460677,0.05786133479421303,0.01759031997091383
32.65,-0.01745596245298429,0.01372792563278918,0.05724095137324604,0.01745596245298429
32.66,-0.01731588611717599,0.01429748543765598,0.05660228990575945,0.01731588611717599
32.67,-0.01717015416503747,0.01486055810594828,0.05594562079132316,0.01717015416503747
32.68,-0.01701883139111299,0.01541695777981886,0.05527121897974882,0.01701883139111299
32.69,-0.01686198418294198,0.01596650240683454,0.05457936397108706,0.01686198418294198
32.7,-0.01669968052105924,0.01650901373997498,0.05387033981562882,0.01669968052105924
32.71,-0.01653198997899536,0.01704431733763151,0.05314443511390693,0.01653198997899536
32.72,-0.01635898372327603,0.01757224256360949,0.05240194301669304,0.01635898372327603
32.73,-0.01618073451342245,0.01809262258712672,0.05164316122499971,0.01618073451342245
32.74,-0.01599731670195114,0.01860529438281423,0.05086839199007927,0.01599731670195114
32.75,-0.01580880623437445,0.01911009873071479,0.05007794211342609,0.01580880623437445
32.76,-0.01561528064919973,0.01960688021628512,0.04927212294677324,0.01561528064919973
32.77,-0.01541681907792979,0.02009548723039475,0.04845125039209411,0.01541681907792979
32.78,-0.01521350224506327,0.02057577196932504,0.04761564490160423,0.01521350224506327
32.79,-0.01500541246809381,0.02104759043477124,0.04676563147775772,0.01500541246809381
32.8,-0.01479263365751063,0.02151080243384108,0.04590153967324963,0.01479263365751063
32.81,-0.01457525131679823,0.02196527157905548,0.04502370359101481,0.01457525131679823
32.82,-0.01435335254243698,0.0224108652883472,0.04413246188423026,0.01435335254243698
32.83,-0.01412702602390224,0.02284745478506288,0.04322815775631155,0.01412702602390224
32.84,-0.01389636204366492,0.02327491509796163,0.04231113896091513,0.01389636204366492
32.85,-0.01366145247719126,0.02369312506121574,0.04138175780193733,0.01366145247719126
32.86,-0.01342239079294336,0.02410196731440942,0.04044037113351664,0.01342239079294336
32.87,-0.01317927205237824,0.02450132830254063,0.03948734036002999,0.01317927205237824
32.88,-0.01293219290994842,0.02489109827602018,0.03852303143609473,0.01293219290994842
32.89,-0.01268125161310227,0.02527117129067088,0.03754781486657045,0.01268125161310227
32.9,-0.01242654800228318,0.02564144520772924,0.03656206570655528,0.01242654800228318
32.91,-0.01216818351093007,0.0260018216938443,0.03556616356138829,0.01216818351093007
32.92,-0.01190626116547706,0.02635220622107819,0.03456049258664798,0.01190626116547706
32.93,-0.01164088558535437,0.02669250806690522,0.03354544148815578,0.01164088558535437
32.94,-0.011372162982987,0.02702264031421316,0.03252140352197097,0.011372162982987
32.95,-0.01110020116379542,0.02734251985130276,0.03148877649439338,0.01110020116379542
32.96,-0.01082510952619608,0.02765206737188684,0.03044796276196535,0.01082510952619608
32.97,-0.01054699906160028,0.0279512073750918,0.02939936923146727,0.01054699906160028
32.98,-0.01026598235441499,0.02823986816545655,0.02834340735992092,0.01026598235441499
32.99,-0.009982170374129313,0.02851798287336116,0.02728048170051759,0.009982170374129313
33,-0.00969561606441785,0.02878550308187992,0.02621078962272477,0.00969561606441785
33.01,-0.009406410578207281,0.02904236217705938,0.02513466651896505,0.009406410578207281
33.02,-0.009114668857202255,0.02928848887204322,0.02405253195751943,0.009114668857202255
33.03,-0.008820505613700928,0.02952381629062089,0.0229648035431642,0.008820505613700928
33.04,-0.008524035330593701,0.02974828196722874,0.02187189691716647,0.008524035330593701
33.05,-0.008225372261364088,0.02996182784694928,0.02077422575728713,0.008225372261364088
33.06,-0.00792463043008826,0.03016440028551152,0.0196722017777794,0.00792463043008826
33.07,-0.007621923631435915,0.03035595004929034,0.01856623472939187,0.007621923631435915
33.08,-0.007317365430668995,0.03053643231530746,0.01745673239936385,0.007317365430668995
33.09,-0.007011069163642537,0.03070580667123073,0.01634410061142852,0.007011069163642537
33.1,-0.006703147936804247,0.03086403711537451,0.01522874322581131,0.006703147936804247
33.11,-0.006393714627195362,0.03101109205669915,0.01411106213923308,0.006393714627195362
33.12,-0.006082881882449356,0.03114694431481164,0.01299145728490538,0.006082881882449356
33.13,-0.005770762120792578,0.03127157111996536,0.01187032663253285,0.005770762120792578
33.14,-0.005457467531044928,0.03138495411305974,0.01074806618831554,0.005457467531044928
33.15,-0.005143110072618524,0.03148707934564077,0.009625069994944188,0.005143110072618524
33.16,-0.004827801475518589,0.03157793727990077,0.008501730131603389,0.004827801475518589
33.17,-0.004511653240342998,0.03165752278867841,0.007378436713969992,0.004511653240342998
33.18,-0.0041947766382832,0.03172583515545856,0.00625557789421634,0.0041947766382832
33.19,-0.003877282711122836,0.03178287807437258,0.005133539861005392,0.003877282711122836
33.2,-0.003559282271238448,0.03182865965019818,0.004012706839493227,0.003559282271238448
33.21,-0.003240885901600116,0.03186319239835928,0.002893461091331304,0.003240885901600116
33.22,-0.002922203955770135,0.03188649324492626,0.001776182914661798,0.002922203955770135
33.23,-0.002603346557903923,0.03189858352661582,0.0006612506441207569,0.002603346557903923
33.24,-0.002284423602749547,0.03189948899079098,-0.000450959349163496,0.002284423602749547
33.25,-0.001965544755648622,0.03188923979546113,-0.001560072657567285,0.001965544755648622
33.26,-0.001646819452534986,0.03186787050928197,-0.002665716836976146,0.001646819452534986
33.27,-0.001328356899935351,0.03183542011155555,-0.003767521406782605,0.001328356899935351
33.28,-0.001010266074970002,0.03179193199223031,-0.004865117849883725,0.001010266074970002
33.29,-0.0006926557253514118,0.03173745395190102,-0.005958139612685932,0.0006926557253514118
33.3,-0.0003756343693851787,0.03167203820180871,-0.007046222105101725,0.0003756343693851787
33.31,-5.931029596954978e-05,0.03159574136384082,-0.008129002700551375,5.931029596954978e-05
33.32,0.0002562084354036532,0.03150862447053118,-0.009206120735959708,-0.0002562084354036532
33.33,0.0005708139946504348,0.03141075296505991,-0.01027721751176092,-0.0005708139946504348
33.34,0.0008843987810936676,0.03130219670125337,-0.01134193629189528,-0.0008843987810936676
33.35,0.001196855423463544,0.03118302994358442,-0.01239992230381072,-0.001196855423463544
33.36,0.00150807677989674,0.03105333136717235,-0.01345082273845995,-0.00150807677989674
33.37,0.001817955937937704,0.0309131840577825,-0.01449428675030482,-0.001817955937937704
33.38,0.002126386214537985,0.03076267551182666,-0.01552996545731408,-0.002126386214537985
33.39,0.002433261156055599,0.0306018976363632,-0.01655751194096122,-0.002433261156055599
33.4,0.002738474538256358,0.03043094674909655,-0.01757658124622898,-0.002738474538256358
33.41,0.003041920366312951,0.03024992357837758,-0.01858683038160621,-0.003041920366312951
33.42,0.003343492874805354,0.0300589332632034,-0.01958791831908926,-0.003343492874805354
33.43,0.003643093996257778,0.02985807157518605,-0.02057952839930759,-0.003643093996257778
33.44,0.003940668433617901,0.02964735394862681,-0.02156147189305255,-0.003940668433617901
33.45,0.004236119630986701,0.02942686681963914,-0.02253343494833235,-0.004236119630986701
33.46,0.004529343138213118,0.02919671592774364,-0.02349508128145326,-0.004529343138213118
33.47,0.004820236234082076,0.0289570093952748,-0.02444608126555717,-0.004820236234082076
33.48,0.005108697926313653,0.02870785772738165,-0.02538611193061876,-0.005108697926313653
33.49,0.005394628951563491,0.02844937381202742,-0.0263148569634469,-0.005394628951563491
33.5,0.005677931775421974,0.02818167291999022,-0.02723200670768197,-0.005677931775421974
33.51,0.005958510592415468,0.02790487270486204,-0.02813725816379986,-0.005958510592415468
33.52,0.006236271326005689,0.0276190932030492,-0.02903031498910995,-0.006236271326005689
33.53,0.006511121628589112,0.02732445683377299,-0.0299108874977532,-0.006511121628589112
33.54,0.006782970881498185,0.02702108839906847,-0.03077869266070603,-0.006782970881498185
33.55,0.007051730195000497,0.02670911508378531,-0.0316334541057777,-0.007051730195000497
33.56,0.007317312408299197,0.02638866645558728,-0.03247490211761157,-0.007317312408299197
33.57,0.007579632089532225,0.02605987446495324,-0.03330277363768276,-0.007579632089532225
33.58,0.007838605535773452,0.02572287344517573,-0.03411681226430165,-0.007838605535773452
33.59,0.008094150773031916,0.02537780011236186,-0.03491676825261159,-0.008094150773031916
33.6,0.00834618755625219,0.02502479356543292,-0.03570239851458994,-0.00834618755625219
33.61,0.008594637369313683,0.02466399528612531,-0.03647346661904593,-0.008594637369313683
33.62,0.008839423425031693,0.02429554913898903,-0.03722974279162397,-0.008839423425031693
33.63,0.009080470665156867,0.02391960137138842,-0.03797100391480193,-0.009080470665156867
33.64,0.009317705760374703,0.02353630061350307,-0.03869703352788963,-0.009317705760374703
33.65,0.009551057110306575,0.02314579787832607,-0.03940762182703201,-0.009551057110306575
33.66,0.009780454843509041,0.02274824656166517,-0.04010256566520694,-0.009780454843509041
33.67,0.01000583081747419,0.02234380244214225,-0.04078166855222632,-0.01000583081747419
33.68,0.01022711861862896,0.02193262368119432,-0.04144474065473408,-0.01022711861862896
33.69,0.01044425356233619,0.02151487082307206,-0.04209159879620916,-0.01044425356233619
33.7,0.01065717269289399,0.02109070679484037,-0.04272206645696392,-0.01065717269289399
33.71,0.01086581478353545,0.02066029690637949,-0.04333597377414294,-0.01086581478353545
33.72,0.01107012033642944,0.02022380885038311,-0.04393315754172561,-0.01107012033642944
33.73,0.01127003158268003,0.01978141270235963,-0.04451346121052446,-0.01127003158268003
33.74,0.01146549248232681,0.01933328092063146,-0.04507673488818579,-0.01146549248232681
33.75,0.0116564487243443,0.01887958834633641,-0.04562283533918837,-0.0116564487243443
33.76,0.0118428477266428,0.01842051220342554,-0.04615162598484553,-0.0118428477266428
33.77,0.01202463863606796,0.01795623209866451,-0.04666297690330419,-0.01202463863606796
33.78,0.01220177232840042,0.01748693002163416,-0.04715676482954371,-0.01220177232840042
33.79,0.01237420140835654,0.01701279034472883,-0.04763287315537795,-0.01237420140835654
33.8,0.01254188020958793,0.0165339998231574,-0.04809119192945393,-0.01254188020958793
33.81,0.01270476479468166,0.01605074759494304,-0.04853161785725255,-0.01270476479468166
33.82,0.01286281295515982,0.01556322518092409,-0.04895405430108725,-0.01286281295515982
33.83,0.01301598450260115,0.01507162432856453,-0.04935841172628161,-0.01301598450260115
33.84,0.01316425122758899,0.01457605081824884,-0.04974461968429366,-0.01316425122758899
33.85,0.01330757629817824,0.01407665401789977,-0.05011258916243792,-0.01330757629817824
33.86,0.0134459177326767,0.01357363046074064,-0.05046222563614938,-0.0134459177326767
33.87,0.01357923567871821,0.01306717605009116,-0.05079344183888173,-0.01357923567871821
33.88,0.01370749241326241,0.01255748605936849,-0.05110615776210661,-0.01370749241326241
33.89,0.01383065234259446,0.01204475513208832,-0.05140030065531292,-0.01383065234259446
33.9,0.01394868200232557,0.01152917728186273,-0.05167580502600812,-0.01394868200232557
33.91,0.01406155005739265,0.01101094589240158,-0.05193261263971748,-0.01406155005739265
33.92,0.01416922730205848,0.01049025371751186,-0.05217067251998431,-0.01416922730205848
33.93,0.01427168665991138,0.009967292881099075,-0.05238994094836935,-0.01427168665991138
33.94,0.01436890318386571,0.009442254877165117,-0.05259038146445185,-0.01436890318386571
33.95,0.01446085405616158,0.00891533056980931,-0.05277196486582892,-0.01446085405616158
33.96,0.01454751858836472,0.008386710193229552,-0.05293466920811522,-0.01454751858836472
33.97,0.01462887822136682,0.007856583351720074,-0.05307847980494374,-0.01462887822136682
33.98,0.0147049165253853,0.007325139019672947,-0.05320338922796534,-0.0147049165253853
33.99,0.01477561919996342,0.006792565541577306,-0.05330939730684879,-0.01477561919996342
34,0.01484097407397008,0.00625905063202088,-0.05339651112928066,-0.01484097407397008
34.01,0.0149009711056001,0.005724781375687716,-0.05346474504096568,-0.0149009711056001
34.02,0.0149556023823741,0.00518994422735931,-0.05351412064562644,-0.0149556023823741
34.03,0.01500486212113836,0.004654725011915763,-0.0535446668050034,-0.01500486212113836
34.04,0.01504874666806506,0.004119308924333491,-0.05355641963885507,-0.01504874666806506
34.05,0.01508725449865213,0.003583880529686722,-0.05354942252495785,-0.01508725449865213
34.06,0.01512038621772331,0.00304862376314679,-0.05352372609910606,-0.01512038621772331
34.07,0.01514814455942806,0.002513721929983588,-0.05347938825511203,-0.01514814455942806
34.08,0.0151705343872417,0.001979357705563364,-0.05341647414480599,-0.0151705343872417
34.09,0.01518756269396531,0.001445713135350158,-0.05333505617803605,-0.01518756269396531
34.1,0.01519923860172578,0.0009129696349051422,-0.05323521402266838,-0.01519923860172578
34.11,0.01520557336197572,0.000381307989888015,-0.05311703460458708,-0.01520557336197572
34.12,0.01520658035549358,-0.0001490916439451863,-0.052980612107694,-0.01520658035549358
34.13,0.01520227509238362,-0.0006780497407409278,-0.05282604797390916,-0.01520227509238362
34.14,0.01519267521207584,-0.001205387404547153,-0.05265345090317054,-0.01519267521207584
34.15,0.01517780048332605,-0.001730926369315399,-0.05246293685343391,-0.01517780048332605
34.16,0.01515767280421584,-0.002254488998899497,-0.05225462904067296,-0.01515767280421584
34.17,0.01513231620215255,-0.00277589828705606,-0.05202865793887927,-0.01513231620215255
34.18,0.01510175683386942,-0.00329497785744322,-0.0517851612800629,-0.01510175683386942
34.19,0.01506602298542536,-0.003811551963622741,-0.05152428405425116,-0.01506602298542536
34.2,0.01502514507220509,-0.004325445489058933,-0.05124617850948945,-0.01502514507220509
34.21,0.01497915563891918,-0.004836483947117495,-0.0509510041518416,-0.01497915563891918
34.22,0.01492808935960395,-0.005344493481067893,-0.05063892774538886,-0.01492808935960395
34.23,0.01487198303762147,-0.005849300864081731,-0.05031012331223058,-0.01487198303762147
34.24,0.0148108756056596,-0.006350733499233392,-0.04996477213248379,-0.0148108756056596
34.25,0.0147448081257321,-0.006848619419498861,-0.04960306274428426,-0.0147448081257321
34.26,0.01467382378916472,-0.007342787287787933,-0.04922519094372926,-0.01467382378916472
34.27,0.0145979416355695,-0.007833121061330347,-0.04883125373035397,-0.0145979416355695
34.28,0.01451717834669003,-0.008319502216807289,-0.04842134053707799,-0.01451717834669003
34.29,0.0144315760191134,-0.008801758698266481,-0.04799564353268863,-0.0144315760191134
34.3,0.01434117802456496,-0.009279721495209727,-0.04755435852845562,-0.01434117802456496
34.31,0.01424602900990809,-0.009753224642593606,-0.04709768497813051,-0.01424602900990809
34.32,0.01414617489714459,-0.01022210522082814,-0.04662582597794796,-0.01414617489714459
34.33,0.01404166288341417,-0.0106862033557788,-0.04613898826662382,-0.01404166288341417
34.34,0.01393254144099479,-0.01114536221876514,-0.04563738222535641,-0.01393254144099479
34.35,0.01381886031730247,-0.0115994280265615,-0.04512122187782582,-0.01381886031730247
34.36,0.01370067053489163,-0.01204825004139568,-0.04459072489019536,-0.01370067053489163
34.37,0.01357802439145462,-0.01249168057095089,-0.04404611257110946,-0.01357802439145462
34.38,0.01345097545982192,-0.01292957496836477,-0.04348760987169459,-0.01345097545982192
34.39,0.01331957858796243,-0.01336179163222847,-0.04291544538556058,-0.01331957858796243
34.4,0.01318388989898295,-0.0137881920065885,-0.04232985134879824,-0.01318388989898295
34.41,0.01304396679112853,-0.01420864058094552,-0.04173106363998085,-0.01304396679112853
34.42,0.01289986793778227,-0.01462300489025491,-0.04111932178016352,-0.01289986793778227
34.43,0.01275165328746572,-0.0150311555149256,-0.04049486893288472,-0.01275165328746572
34.44,0.01259938406383829,-0.01543296608082186,-0.03985795190416375,-0.01259938406383829
34.45,0.01244312276569755,-0.01582831325926239,-0.03920882114250212,-0.01244312276569755
34.46,0.01228293316697953,-0.01621707676701945,-0.03854773073888474,-0.01228293316697953
34.47,0.0121188803167581,-0.01659913936632063,-0.03787493842677742,-0.0121188803167581
34.48,0.0119510305392454,-0.01697438686484765,-0.03719070558212846,-0.0119510305392454
34.49,0.01177945143379161,-0.01734270811573695,-0.0364952972233679,-0.01177945143379161
34.5,0.01160421187488541,-0.01770399501757861,-0.03578898201140936,-0.01160421187488541
34.51,0.01142538201215329,-0.01805814251441793,-0.0350720322496471,-0.01142538201215329
34.52,0.01124303327035987,-0.01840504859575466,-0.03434472388395755,-0.01124303327035987
34.53,0.01105723834940833,-0.01874461429654222,-0.03360733650270082,-0.01105723834940833
34.54,0.01086807122433964,-0.01907674369718925,-0.03286015333671766,-0.01086807122433964
34.55,0.01067560714533298,-0.01940134392355852,-0.03210346125933135,-0.01067560714533298
34.56,0.01047992263770565,-0.01971832514696755,-0.03133755078634699,-0.01047992263770565
34.57,0.01028109550191342,-0.02002760058418753,-0.03056271607605318,-0.01028109550191342
34.58,0.01007920481354989,-0.02032908649744485,-0.02977925492921928,-0.01007920481354989
34.59,0.009874330923346886,-0.02062270219442007,-0.02898746878909718,-0.009874330923346886
34.6,0.009666555457174294,-0.0209083700282484,-0.02818766274142047,-0.009666555457174294
34.61,0.00945596131604055,-0.02118601539751888,-0.02738014551440646,-0.00945596131604055
34.62,0.009242632676091855,-0.02145556674627558,-0.02656522947875303,-0.009242632676091855
34.63,0.009026654988612513,-0.02171695556401705,-0.02574323064764007,-0.009026654988612513
34.64,0.00880811498002548,-0.02197011638569572,-0.02491446867673146,-0.00880811498002548
34.65,0.00858710065189138,-0.02221498679171887,-0.02407926686417142,-0.00858710065189138
34.66,0.00836370128090916,-0.02245150740794824,-0.02323795215058688,-0.00836370128090916
34.67,0.008138007418915799,-0.02267962190570007,-0.0223908551190865,-0.008138007418915799
34.68,0.007910097148956668,-0.02289928108607691,-0.02153826099750255,-0.007910097148956668
34.69,0.007680010010531715,-0.02311044501047702,-0.02068031818289746,-0.007680010010531715
34.7,0.007447832890671482,-0.0233130561820973,-0.01981734478868202,-0.007447832890671482
34.71,0.007213657715263487,-0.02350705876905894,-0.01894967605772084,-0.007213657715263487
34.72,0.006977576226767711,-0.02369240046959758,-0.01807764566199386,-0.006977576226767711
34.73,0.006739679984217259,-0.02386903251206269,-0.01720158570259866,-0.006739679984217259
34.74,0.006500060363218018,-0.02403690965491784,-0.01632182670974934,-0.006500060363218018
34.75,0.006258808555949349,-0.02419599018674029,-0.01543869764277897,-0.006258808555949349
34.76,0.006016015571163057,-0.0243462359262216,-0.01455252589013584,-0.006016015571163057
34.77,0.005771772234183903,-0.02448761222216733,-0.01366363726938531,-0.005771772234183903
34.78,0.005526169186910122,-0.02462008795349673,-0.01277235602721176,-0.005526169186910122
34.79,0.005279296887812391,-0.02474363552924335,-0.01187900483941478,-0.005279296887812391
34.8,0.005031245611934513,-0.02485823088855464,-0.01098390481091167,-0.005031245611934513
34.81,0.004782105450893079,-0.0249638535006921,-0.01008737547573621,-0.004782105450893079
34.82,0.00453196631287816,-0.02506048636503102,-0.009189734797041174,-0.00453196631287816
34.83,0.004280917922652259,-0.02514811601106091,-0.008291299167094531,-0.004280917922652259
34.84,0.004029049821551012,-0.02522673249838518,-0.007392383407282003,-0.004029049821551012
34.85,0.003776451367482831,-0.02529632941672131,-0.006493300768105739,-0.003776451367482831
34.86,0.003523211734929628,-0.02535690388590061,-0.005594362929186931,-0.003523211734929628
34.87,0.003269419914945732,-0.02540845655586854,-0.004695879999261948,-0.003269419914945732
34.88,0.003015164715158424,-0.02545099160668454,-0.003798160516184244,-0.003015164715158424
34.89,0.002760534759768494,-0.02548451674852194,-0.002901511446926313,-0.002760534759768494
34.9,0.002505618489549141,-0.02550904322166818,-0.002006238187575819,-0.002505618489549141
34.91,0.0022505041618467,-0.02552458579652465,-0.001112644563338145,-0.0022505041618467
34.92,0.00199527985058029,-0.02553116277360672,-0.0002210328285351845,-0.00199527985058029
34.93,0.001740033446242524,-0.02552879598354379,0.0006682963333922099,-0.001740033446242524
34.94,0.001484852655898431,-0.02551751078707921,0.001555043809887971,-0.001484852655898431
34.95,0.00122982500318601,-0.0254973360750704,0.002438912059278901,-0.00122982500318601
34.96,0.0009750378283167263,-0.02546830426848868,0.003319605110772897,-0.0009750378283167263
34.97,0.0007205782880745073,-0.02543045131841946,0.004196828564462528,-0.0007205782880745073
34.98,0.000466533355816377,-0.02538381670606208,0.005070289591322743,-0.000466533355816377
34.99,0.000212989821472161,-0.02532844344272982,0.005939696933211936,-0.000212989821472161
35,-3.99657084548281e-05,-0.02526437806985014,0.006804760902869586,3.99657084548281e-05
35.01,-0.0002922468108888633,-0.02519167065896437,0.007665193383919951,0.0002922468108888633
35.02,-0.0005437672461812308,-0.02511037481172773,0.008520707830870054,0.0005437672461812308
35.03,-0.0007944409581097637,-0.02502054765990971,0.009371019269108154,0.0007944409581097637
35.04,-0.001044182073879841,-0.02492224986539364,0.01021584429490714,0.001044182073879841
35.05,-0.001292904904123733,-0.02481554562017671,0.01105490107542223,0.001292904904123733
35.06,-0.001540523942900911,-0.02470050264637027,0.01188790934869213,0.001540523942900911
35.07,-0.00178695386769736,-0.02457719219619975,0.01271459042363665,0.00178695386769736
35.08,-0.002032109539426635,-0.02444568905200441,0.01353466718006027,0.002032109539426635
35.09,-0.002275906002429197,-0.02430607152623751,0.01434786406864991,0.002275906002429197
35.1,-0.002518258484472633,-0.02415842146146624,0.01515390711097567,0.002518258484472633
35.11,-0.002759082396751121,-0.0240028242303723,0.0159525238994891,0.002759082396751121
35.12,-0.002998311524697984,-0.02383933463261888,0.01674349802511453,0.002998311524697984
35.13,-0.003235895848852418,-0.02366797331621561,0.01752666053524598,0.003235895848852418
35.14,-0.003471751742546591,-0.02348882209811461,0.01830174143887256,0.003471751742546591
35.15,-0.003705796090607645,-0.02330196626217203,0.01906847344304622,0.003705796090607645
35.16,-0.003937947161526538,-0.02310749299959019,0.01982659458237195,0.003937947161526538
35.17,-0.004168124607458373,-0.02290549140891726,0.02057584821900888,0.004168124607458373
35.18,-0.004396249464221747,-0.02269605249604785,0.02131598304266819,0.004396249464221747
35.19,-0.004622244151299731,-0.02247926917422215,0.02204675307061625,0.004622244151299731
35.2,-0.004846032471839372,-0.02225523626402636,0.02276791764767303,0.004846032471839372
35.21,-0.005067539612651223,-0.02202405049339316,0.02347924144621058,0.005067539612651223
35.22,-0.005286692144210298,-0.02178581049760075,0.02418049446615611,0.005286692144210298
35.23,-0.005503418020655437,-0.02154061681927354,0.02487145203498991,0.005503418020655437
35.24,-0.005717646579789611,-0.02128857190838172,0.02555189480774638,0.005717646579789611
35.25,-0.005929308543079321,-0.02102978012224207,0.0262216087670121,0.005929308543079321
35.26,-0.006138336015655508,-0.02076434772551683,0.0268803852229287,0.006138336015655508
35.27,-0.006344662486313083,-0.02049238289021423,0.02752802081319138,0.006344662486313083
35.28,-0.006548222827510507,-0.02021399569568911,0.02816431750304763,0.006548222827510507
35.29,-0.006748953295370666,-0.01992929812864171,0.0287890825852999,0.006748953295370666
35.3,-0.006946791529680274,-0.01963840408311851,0.02940212868030378,0.006946791529680274
35.31,-0.007141676553890178,-0.01934142936051179,0.03000327373596895,0.007141676553890178
35.32,-0.007333548775114776,-0.01903849166956043,0.03059234102775735,0.007333548775114776
35.33,-0.00752234998413288,-0.01872971062634873,0.03116915915868591,0.00752234998413288
35.34,-0.007708023355387137,-0.01841520775430722,0.03173356205932467,0.007708023355387137
35.35,-0.007890513446984314,-0.01809510648421217,0.03228538898779772,0.007890513446984314
35.36,-0.008069766200694765,-0.0177695321541866,0.03282448452978157,0.008069766200694765
35.37,-0.008245728941953221,-0.01743861200969879,0.03335069859850754,0.008245728941953221
35.38,-0.008418350379858381,-0.01710247520356309,0.03386388643476048,0.008418350379858381
35.39,-0.008587580607172575,-0.01676125279594053,0.03436390860687786,0.008587580607172575
35.4,-0.008753371100322458,-0.01641507775433745,0.03485063101075176,0.008753371100322458
35.41,-0.008915674719398583,-0.01606408495360646,0.03532392486982761,0.008915674719398583
35.42,-0.009074445708155557,-0.01570841117594592,0.03578366673510468,0.009074445708155557
35.43,-0.009229639694011653,-0.01534819511090087,0.03622973848513492,0.009229639694011653
35.44,-0.009381213688049478,-0.01498357735536179,0.0366620273260249,0.009381213688049478
35.45,-0.009529126085015582,-0.01461470041356505,0.03708042579143474,0.009529126085015582
35.46,-0.009673336663320218,-0.01424170869709375,0.03748483174257732,0.009673336663320218
35.47,-0.00981380658503791,-0.01386474852487632,0.03787514836821998,0.00981380658503791
35.48,-0.009950498395907068,-0.01348396812318743,0.0382512841846834,0.009950498395907068
35.49,-0.01008337602533018,-0.01309951762564757,0.03861315303584215,0.01008337602533018
35.5,-0.01021240478637343,-0.01271154907322387,0.03896067409312355,0.01021240478637343
35.51,-0.01033755137576731,-0.01232021641422879,0.03929377185550955,0.01033755137576731
35.52,-0.01045878587033869,-0.01192566002409336,0.03961237902629099,0.01045878587033869
35.53,-0.01057608636130753,-0.01152795324133383,0.03991643856598136,0.01057608636130753
35.54,-0.01068941998744701,-0.01112724101936783,0.04020587414171602,0.01068941998744701
35.55,-0.01079875373903386,-0.01072368047337188,0.04048061211147139,0.01079875373903386
35.56,-0.01090405631055946,-0.01031742821461685,0.04074058464227143,0.01090405631055946
35.57,-0.01100529810072945,-0.009908640350469133,0.0409857297101869,0.01100529810072945
35.58,-0.01110245121246428,-0.00949747248438889,0.04121599110033647,0.01110245121246428
35.59,-0.01119548945289882,-0.009084079715931202,0.04143131840688598,0.01119548945289882
35.6,-0.01128438833338257,-0.008668616640745504,0.04163166703304876,0.01128438833338257
35.61,-0.01136912506947934,-0.008251237350576746,0.04181699819108504,0.01136912506947934
35.62,-0.01144967858096769,-0.007832095433263637,0.04198727890230287,0.01144967858096769
35.63,-0.0115260294918407,-0.007411343972739522,0.04214248199705758,0.0115260294918407
35.64,-0.01159816013030581,-0.00698913554903328,0.04228258611475154,0.01159816013030581
35.65,-0.01166605452878519,-0.006565622238267533,0.04240757570383481,0.01166605452878519
35.66,-0.01172969842391544,-0.006140955612659839,0.04251744102180466,0.01172969842391544
35.67,-0.01178907925654778,-0.005715286740522098,0.04261217813520579,0.01178907925654778
35.68,-0.01184418617174781,-0.005288766186261745,0.04269178891963006,0.01184418617174781
35.69,-0.01189501001879582,-0.004861544010379968,0.04275628105971692,0.01189501001879582
35.7,-0.01194154335118659,-0.004433769769472567,0.04280566804915303,0.01194154335118659
35.71,-0.01198378042662936,-0.004005592516230912,0.04283996919067239,0.01198378042662936
35.72,-0.01202171720704799,-0.003577160799440089,0.04285920959605643,0.01202171720704799
35.73,-0.01205535135858087,-0.003148622663980137,0.04286342018613389,0.01205535135858087
35.74,-0.0120846822515809,-0.002720125650825423,0.04285263769078086,0.0120846822515809
35.75,-0.01210971096061548,-0.002291816797045862,0.04282690464892076,0.01210971096061548
35.76,-0.01213044026446661,-0.001863842635805109,0.04278626940852442,0.01213044026446661
35.77,-0.0121468746461308,-0.001436349196361444,0.04273078612660994,0.0121468746461308
35.78,-0.01215902029281907,-0.001009482004068709,0.04266051476924288,0.01215902029281907
35.79,-0.012166885095957,-0.0005833860803744645,0.04257552111153604,0.012166885095957
35.8,-0.01217047865118471,-0.0001582059428212123,0.04247587673764965,0.01217047865118471
35.81,-0.01216981225835683,0.0002659143949541872,0.04236165904079113,0.01216981225835683
35.82,-0.01216489892154257,0.000688831423219356,0.04223295122321562,0.01216489892154257
35.83,-0.01215575334902559,0.001110402136148168,0.04208984229622516,0.01215575334902559
35.84,-0.01214239195330418,0.001530484031819558,0.04193242708016948,0.01214239195330418
35.85,-0.0121248328510911,0.001948935112218122,0.04176080620444531,0.0121248328510911
35.86,-0.01210309586331366,0.002365613883232943,0.0415750861074972,0.01210309586331366
35.87,-0.01207720251511376,0.002780379354659268,0.04137537903681684,0.01207720251511376
35.88,-0.0120471760358477,0.003193091040197869,0.04116180304894283,0.0120471760358477
35.89,-0.01201304135908647,0.003603608957453842,0.04093448200946198,0.01201304135908647
35.9,-0.0119748251226155,0.004011793627938574,0.04069354559300781,0.0119748251226155
35.91,-0.01193255566843478,0.004417506077068551,0.04043912928326138,0.01193255566843478
35.92,-0.01188626304275879,0.004820607834165856,0.0401713743729509,0.01188626304275879
35.93,-0.01183597899601666,0.005220960932457152,0.03989042796385249,0.01183597899601666
35.94,-0.01178173698285193,0.005618427909075197,0.03959644296678899,0.01178173698285193
35.95,-0.01172356964512655,0.006012877243679608,0.03928956789090594,0.01172356964512655
35.96,-0.01166148249958687,0.006404235492736362,0.03896984134749602,0.01166148249958687
35.97,-0.01159550030369711,0.006792382325944516,0.03863738140337937,0.01159550030369711
35.98,-0.0115256571008308,0.007177180885432234,0.0382923428624574,0.0115256571008308
35.99,-0.01145198795501313,0.007558496750644043,0.03793488344425266,0.01145198795501313
36,-0.01137452895092122,0.007936197938339757,0.03756516378390998,0.01137452895092122
36.01,-0.01129331719388378,0.008310154902596109,0.03718334743219486,0.01129331719388378
36.02,-0.01120839080988127,0.008680240534805917,0.0367896008554943,0.01120839080988127
36.03,-0.01111978894554605,0.00904633016367731,0.03638409343581754,0.01111978894554605
36.04,-0.0110275517681621,0.009408301555235308,0.03596699747079452,0.0110275517681621
36.05,-0.01093172046566516,0.009766034912820774,0.03553848817367689,0.01093172046566516
36.06,-0.01083233724664268,0.0101194128770909,0.03509874367333745,0.01083233724664268
36.07,-0.01072944534033406,0.01046832052601825,0.03464794501427144,0.01072944534033406
36.08,-0.01062308899663025,0.01081264537489223,0.03418627615659461,0.01062308899663025
36.09,-0.01051331348607401,0.01115227737631808,0.0337139239760445,0.01051331348607401
36.1,-0.01040016509985978,0.01148710892021741,0.03323107826397978,0.01040016509985978
36.11,-0.01028369114983398,0.01181703483382717,0.03273793172738161,0.01028369114983398
36.12,-0.01016393996849455,0.01214195238170118,0.03223467998885162,0.01016393996849455
36.13,-0.01004096090899117,0.01246176126570929,0.03172152158661284,0.01004096090899117
36.14,-0.009914804345125521,0.01277636362503682,0.0311986579745109,0.009914804345125521
36.15,-0.009785521671350795,0.01308566403618584,0.03066629352201179,0.009785521671350795
36.16,-0.009653165302772007,0.01338956951297429,0.03012463551420336,0.009653165302772007
36.17,-0.009517788675145829,0.01368798950653644,0.02957389415179452,0.009517788675145829
36.18,-0.009379446244880973,0.01398083590532202,0.02901428255111681,0.009379446244880973
36.19,-0.009238193489037609,0.01426802303509748,0.02844601674412209,0.009238193489037609
36.2,-0.009094086905327665,0.01454946765894536,0.02786931567838367,0.009094086905327665
36.21,-0.008947184012115103,0.01482508897726372,0.02728440121709756,0.008947184012115103
36.22,-0.008797543348415345,0.01509480862776731,0.02669149813907997,0.008797543348415345
36.23,-0.008645224473895676,0.01535855068548677,0.0260908341387691,0.008645224473895676
36.24,-0.008490287968874986,0.01561624166276903,0.02548263982622402,0.008490287968874986
36.25,-0.008332795434324292,0.01586781050927657,0.02486714872712675,0.008332795434324292
36.26,-0.00817280949186598,0.0161131886119885,0.0242445972827793,0.00817280949186598
36.27,-0.008010393783774218,0.01635230979520007,0.02361522485010527,0.008010393783774218
36.28,-0.007845612972975282,0.01658511032052204,0.0229792737016511,0.007845612972975282
36.29,-0.00767853274304681,0.01681152888688186,0.02233698902558321,0.00767853274304681
36.3,-0.007509219798218327,0.01703150663052285,0.02168861892569003,0.007509219798218327
36.31,-0.007337741863370999,0.0172449871250046,0.02103441442138103,0.007337741863370999
36.32,-0.007164167684038087,0.01745191638120236,0.02037462944768845,0.007164167684038087
36.33,-0.006988567026404239,0.01765224284730794,0.01970952085526464,0.006988567026404239
36.34,-0.006811010677306006,0.01784591740882903,0.01903934841038399,0.006811010677306006
36.35,-0.006631570444231544,0.01803289338858969,0.01836437479494179,0.006631570444231544
36.36,-0.006450319155321052,0.01821312654672945,0.01768486560645598,0.006450319155321052
36.37,-0.006267303673500034,0.01838658254002145,0.01700099329996501,0.006267303673500034
36.38,-0.006082567331903307,0.01855322409712268,0.01631291879589536,0.006082567331903307
36.39,-0.00589618376653296,0.01871300469609461,0.01562091111056543,0.00589618376653296
36.4,-0.005708226497190826,0.01886588063009018,0.01492523811244857,0.005708226497190826
36.41,-0.005518768896967226,0.01901181101761184,0.0142261664130849,0.005518768896967226
36.42,-0.005327884192240708,0.01915075780251183,0.01352396136708024,0.005327884192240708
36.43,-0.005135645462678595,0.01928268575399179,0.01281888707210821,0.005135645462678595
36.44,-0.004942125641236161,0.01940756246660329,0.01211120636890715,0.004942125641236161
36.45,-0.004747397514157045,0.01952535836024758,0.01140118084128165,0.004747397514157045
36.46,-0.004551533720973666,0.01963604668017534,0.01068907081610408,0.004551533720973666
36.47,-0.004354606754506388,0.01973960349698713,0.009975135363311537,0.004354606754506388
36.48,-0.004156688960864075,0.01983600770663314,0.009259632295907864,0.004156688960864075
36.49,-0.003957852539443818,0.01992524103041328,0.008542818169962661,0.003957852539443818
36.5,-0.003758169542931491,0.02000728801497694,0.007824948284613293,0.003758169542931491
36.51,-0.003557711877300912,0.02008213603232339,0.007106276682061858,0.003557711877300912
36.52,-0.003356551301814257,0.02014977527980151,0.0063870561475767,0.003356551301814257
36.53,-0.003154759429022496,0.02021019878010977,0.005667538209493943,0.003154759429022496
36.54,-0.002952407724764532,0.02026340238129641,0.004947973139214425,0.002952407724764532
36.55,-0.002749567508167777,0.02030938475675932,0.004228609951205762,0.002749567508167777
36.56,-0.00254630995164786,0.02034814740524606,0.003509696403001288,0.00254630995164786
36.57,-0.002342706080909209,0.02037969465085381,0.002791478995202146,0.002342706080909209
36.58,-0.002138826774944174,0.02040403364302949,0.002074202971474155,0.002138826774944174
36.59,-0.001934742766033632,0.02042117435656968,0.001358112318549962,0.001934742766033632
36.6,-0.001730524639746654,0.02043112959162061,0.0006434497662278825,0.001730524639746654
36.61,-0.001526242834941125,0.02043391497367817,-6.954321262594521e-05,0.001526242834941125
36.62,-0.00132196764376286,0.02042954895358799,-0.0007806264020806618,0.00132196764376286
36.63,-0.001117769211646021,0.02041805280754524,-0.001489560843139189,0.001117769211646021
36.64,-0.0009137175373135938,0.02039945063709494,-0.002196108833736618,0.0009137175373135938
36.65,-0.0007098824727764701,0.02037376936913165,-0.002900033928743363,0.0007098824727764701
36.66,-0.0005063337233340542,0.02034103875589963,-0.003601100939963084,0.0005063337233340542
36.67,-0.0003031408475739767,0.0203012913749928,-0.004299075936133653,0.0003031408475739767
36.68,-0.0001003732573726713,0.02025456262935483,-0.00499372624292518,0.0001003732573726713
36.69,0.0001018997821055202,0.02020089074727899,-0.005684820442943094,-0.0001018997821055202
36.7,0.0003036091524078724,0.02014031678240818,-0.006372128375726496,-0.0003036091524078724
36.71,0.0005046858817928815,0.02007288461373509,-0.007055421137746819,-0.0005046858817928815
36.72,0.0007050611452310795,0.01999864094560206,-0.007734471082410635,-0.0007050611452310795
36.73,0.0009046662644045313,0.01991763530770098,-0.008409051820057857,-0.0009046662644045313
36.74,0.001103432707707065,0.0198299200550735,-0.009078938217962629,-0.001103432707707065
36.75,0.001301292090243705,0.019735550368111,-0.009743906400331324,-0.001301292090243705
36.76,0.00149817617383157,0.01963458425255444,-0.01040373374830562,-0.00149817617383157
36.77,0.001694016866999378,0.01952708253949439,-0.01105819889996083,-0.001694016866999378
36.78,0.001888746224987081,0.01941310888537134,-0.01170708175030463,-0.001888746224987081
36.79,0.00208229644974669,0.01929272977197524,-0.01235016345127991,-0.00208229644974669
36.8,0.002274600523071234,0.01916601335538858,-0.01298722831558116,-0.002274600523071234
36.81,0.002465618536528531,0.01903297904239766,-0.01361814231670148,-0.002465618536528531
36.82,0.00265529729983305,0.01889366630674299,-0.01424273041322325,-0.00265529729983305
36.83,0.002843569569063195,0.01874814240433363,-0.01486077589336454,-0.002843569569063195
36.84,0.003030369207663801,0.01859647611775722,-0.01547206630911536,-0.003030369207663801
36.85,0.003215631186446394,0.0184387377562797,-0.01607639347623854,-0.003215631186446394
36.86,0.00339929158358867,0.01827499915584584,-0.01667355347426802,-0.00339929158358867
36.87,0.003581287584635289,0.0181053336790785,-0.01726334664651141,-0.003581287584635289
36.88,0.003761557482497462,0.01792981621527899,-0.01784557760004871,-0.003761557482497462
36.89,0.003940040677452584,0.01774852318042747,-0.01842005520573107,-0.003940040677452584
36.9,0.004116677677144999,0.01756153251718213,-0.01898659259818327,-0.004116677677144999
36.91,0.004291410096585484,0.01736892369487977,-0.01954500717580206,-0.004291410096585484
36.92,0.004464180658151505,0.01717077770953552,-0.020095120600757,-0.004464180658151505
36.93,0.004634933191586717,0.01696717708384334,-0.02063675879898884,-0.004634933191586717
36.94,0.004803612634001714,0.01675820586717526,-0.02116975196021191,-0.004803612634001714
36.95,0.004970165029873647,0.01654394963558174,-0.02169393453791292,-0.004970165029873647
36.96,0.005134537531045874,0.01632449549179214,-0.02220914524934986,-0.005134537531045874
36.97,0.005296678396728672,0.01609993206521384,-0.0227152270755542,-0.005296678396728672
36.98,0.005456536993498767,0.0158703495119328,-0.02321202726132946,-0.005456536993498767
36.99,0.005614063795299551,0.01563583951471328,-0.02369939731525188,-0.005614063795299551
37,0.005769210383440654,0.0153964952829985,-0.02417719300966908,-0.005769210383440654
37.01,0.005921929446598602,0.01515241155290962,-0.02464527438070209,-0.005921929446598602
37.02,0.006072174780816476,0.01490368458724627,-0.0251035057282443,-0.006072174780816476
37.03,0.006219901289503605,0.01465041217548701,-0.02555175561596055,-0.006219901289503605
37.04,0.006365064983436204,0.01439269363378838,-0.02598989687128905,-0.006365064983436204
37.05,0.006507622980756931,0.01413062980498553,-0.02641780658544002,-0.006507622980756931
37.06,0.00664753350697512,0.01386432305859185,-0.02683536611339643,-0.00664753350697512
37.07,0.006784755894966372,0.0135938772907998,-0.02724246107391275,-0.006784755894966372
37.08,0.006919250584973139,0.0133193979244797,-0.02763898134951669,-0.006919250584973139
37.09,0.00705097912460435,0.01304099190918047,-0.0280248210865081,-0.00705097912460435
37.1,0.007179904168835571,0.01275876772112936,-0.02839987869495945,-0.007179904168835571
37.11,0.007305989480008668,0.01247283536323265,-0.02876405684871482,-0.007305989480008668
37.12,0.007429199927832364,0.01218330636507449,-0.02911726248539155,-0.007429199927832364
37.13,0.0075495014893819,0.01189029378291737,-0.02945940680637922,-0.0075495014893819
37.14,0.007666861249098843,0.01159391219970295,-0.02979040527683913,-0.007666861249098843
37.15,0.007781247398791603,0.01129427772505078,-0.03011017762570579,-0.007781247398791603
37.16,0.007892629237635031,0.01099150799525894,-0.03041864784568573,-0.007892629237635031
37.17,0.008000977172170633,0.01068572217330382,-0.03071574419325813,-0.008000977172170633
37.18,0.008106262716306257,0.01037704094884089,-0.03100139918867395,-0.008106262716306257
37.19,0.008208458491316536,0.01006558653820348,-0.03127554961595719,-0.008208458491316536
37.2,0.008307538225842643,0.009751482684403222,-0.0315381365229041,-0.008307538225842643
37.21,0.008403480973153112,0.009434820353879917,-0.03178911087506484,-0.008403480973153112
37.22,0.008496266765080382,0.009115670909844059,-0.03202842187804138,-0.008496266765080382
37.23,0.008585868391145503,0.008794159643196514,-0.03225600771362588,-0.008585868391145503
37.24,0.008672259904318856,0.008470412158336308,-0.03247181105151887,-0.008672259904318856
37.25,0.008755416721540872,0.008144553656487696,-0.03267577921073194,-0.008755416721540872
37.26,0.008835315623722412,0.007816708935698797,-0.03286786415958866,-0.008835315623722412
37.27,0.00891193475574455,0.007487002390842278,-0.03304802251572404,-0.00891193475574455
37.28,0.008985253626458424,0.007155558013616047,-0.03321621554608426,-0.008985253626458424
37.29,0.009055253108685586,0.00682249939254187,-0.03337240916692737,-0.009055253108685586
37.3,0.009121915439217754,0.006487949712966288,-0.03351657394382278,-0.009121915439217754
37.31,0.00918522421881692,0.00615203175706015,-0.03364868509165153,-0.00918522421881692
37.32,0.009245164412215184,0.005814867903819575,-0.03376872247460585,-0.009245164412215184
37.33,0.009301722348115007,0.005476580129064513,-0.03387667060618977,-0.009301722348115007
37.34,0.009354885719189044,0.005137290005439703,-0.03397251864921877,-0.009354885719189044
37.35,0.009404643582080204,0.004797118702414183,-0.03405626041581982,-0.009404643582080204
37.36,0.009450986357401539,0.004456186986282272,-0.03412789436743128,-0.009450986357401539
37.37,0.009493905829736426,0.004114615220162112,-0.03418742361480316,-0.009493905829736426
37.38,0.009533395147638476,0.003772523363996387,-0.03423485591799698,-0.009533395147638476
37.39,0.009569448823631444,0.003430030974553065,-0.03427020368638562,-0.009569448823631444
37.4,0.009602062734209403,0.00308725720542393,-0.0342934839786536,-0.009602062734209403
37.41,0.00963123411983664,0.002744320807025559,-0.03430471850279693,-0.00963123411983664
37.42,0.009656961584947664,0.002401340126598826,-0.03430393361612304,-0.009656961584947664
37.43,0.009679245097947197,0.002058433108209903,-0.03429116032525097,-0.009679245097947197
37.44,0.009698085991210222,0.001715717292748752,-0.0342664342861112,-0.009698085991210222
37.45,0.009713486961081964,0.001373309817929917,-0.0342297958039457,-0.009713486961081964
37.46,0.009725452067877836,0.001031327418293185,-0.03418128983330805,-0.009725452067877836
37.47,0.009733986735883536,0.0006898864252021992,-0.03412096597806327,-0.009733986735883536
37.48,0.009739097753354945,0.0003491027668453456,-0.03404887849138778,-0.009739097753354945
37.49,0.009740793272518221,9.091968235381653e-06,-0.03396508627576965,-0.009740793272518221
37.5,0.009739082809569713,-0.0003300308487897278,-0.03386965288300844,-0.009739082809569713
37.51,0.009733977244676048,-0.0006681509655681387,-0.03376264651421522,-0.009733977244676048
37.52,0.00972548882197404,-0.001005154066613493,-0.03364414001981239,-0.00972548882197404
37.53,0.009713631149570769,-0.001340926239614155,-0.03351421089953417,-0.009713631149570769
37.54,0.00969841919954352,-0.001675353975434682,-0.03337294130242598,-0.00969841919954352
37.55,0.009679869307939853,-0.002008324168114767,-0.03322041802684499,-0.009679869307939853
37.56,0.009657999174777504,-0.002339724114869872,-0.0330567325204596,-0.009657999174777504
37.57,0.00963282786404448,-0.002669441516090203,-0.03288198088025002,-0.00963282786404448
37.58,0.009604375803699026,-0.002997364475342014,-0.03269626385250785,-0.009604375803699026
37.59,0.009572664785669587,-0.003323381499366927,-0.03249968683283606,-0.009572664785669587
37.6,0.009537717965854836,-0.003647381498082185,-0.03229235986614912,-0.009537717965854836
37.61,0.009499559864123753,-0.003969253784579717,-0.03207439764667343,-0.009499559864123753
37.62,0.009458216364315462,-0.004288888075127717,-0.03184591951794638,-0.009458216364315462
37.63,0.009413714714239326,-0.004606174489169765,-0.03160704947281692,-0.009413714714239326
37.64,0.009366075401904593,-0.004921020750651301,-0.03135788329057545,-0.009366075401904593
37.65,0.009315302763248802,-0.00523336621556139,-0.03109845208859915,-0.009315302763248802
37.66,0.009261422073282261,-0.00554310330333885,-0.03082887237448722,-0.009261422073282261
37.67,0.009204460860295629,-0.00585012315683345,-0.03054926884902554,-0.009204460860295629
37.68,0.00914444746950672,-0.006154318869537288,-0.03025976854670357,-0.00914444746950672
37.69,0.00908141106306024,-0.006455585485586107,-0.02996050083571319,-0.00908141106306024
37.7,0.009015381620027921,-0.006753819999758626,-0.0296515974179492,-0.009015381620027921
37.71,0.008946389936408648,-0.007048921357475914,-0.02933319232901009,-0.008946389936408648
37.72,0.008874467625128193,-0.007340790454802668,-0.02900542193819664,-0.008874467625128193
37.73,0.008799647116039394,-0.007629330138446353,-0.02866842494851286,-0.008799647116039394
37.74,0.008721961655922065,-0.007914445205757625,-0.02832234239666546,-0.008721961655922065
37.75,0.008641445308483195,-0.008196042404729518,-0.02796731765306493,-0.008641445308483195
37.76,0.00855813295435664,-0.00847403043399866,-0.02760349642182397,-0.00855813295435664
37.77,0.008472060291103268,-0.008748319942844657,-0.02723102674075825,-0.008472060291103268
37.78,0.008383263833211153,-0.009018823531189522,-0.02685005898138722,-0.008383263833211153
37.79,0.008291780912095209,-0.009285455749598834,-0.02646074584893253,-0.008291780912095209
37.8,0.008197649676097433,-0.009548133099280959,-0.02606324238231908,-0.008197649676097433
37.81,0.008100909090486776,-0.009806774032087443,-0.02565770595417445,-0.008100909090486776
37.82,0.00800159893745942,-0.01006129895051226,-0.02524429627083009,-0.00800159893745942
37.83,0.007899759816138359,-0.01031163020769292,-0.02482317537231957,-0.007899759816138359
37.84,0.007795433142573673,-0.01055769210740974,-0.02439450763237968,-0.007795433142573673
37.85,0.007688661149742409,-0.0107994109040862,-0.02395845975844998,-0.007688661149742409
37.86,0.007579486887548839,-0.01103671480278824,-0.02351520079167388,-0.007579486887548839
37.87,0.007467954222824045,-0.01126953395922531,-0.02306490210689684,-0.007467954222824045
37.88,0.007354107839326121,-0.01149780047974983,-0.02260773741266732,-0.007354107839326121
37.89,0.007237993237740437,-0.01172144842135671,-0.02214388275123777,-0.007237993237740437
37.9,0.007119656735679122,-0.01194041379168437,-0.02167351649856255,-0.007119656735679122
37.91,0.006999145467681413,-0.01215463454901401,-0.02119681936429939,-0.006999145467681413
37.92,0.006876507385213511,-0.01236405060227,-0.02071397439180872,-0.006876507385213511
37.93,0.006751791256668857,-0.01256860381101922,-0.02022516695815486,-0.006751791256668857
37.94,0.006625046667367695,-0.012768237985472,-0.01973058477410421,-0.006625046667367695
37.95,0.00649632401955725,-0.01296289888648165,-0.01923041788412605,-0.00649632401955725
37.96,0.006365674532412068,-0.01315253422554403,-0.01872485866639374,-0.006365674532412068
37.97,0.006233150242033449,-0.01333709366479844,-0.01821410183278264,-0.006233150242033449
37.98,0.006098804001449764,-0.013516528817027,-0.01769834442887126,-0.006098804001449764
37.99,0.005962689480616362,-0.01369079324565491,-0.01717778583394093,-0.005962689480616362
38,0.00582486116641587,-0.01385984246475005,-0.01665262776097693,-0.00582486116641587
38.01,0.005685374362657676,-0.01402363393902361,-0.01612307425666654,-0.005685374362657676
38.02,0.005544285190078151,-0.01418212708382977,-0.01558933170139988,-0.005544285190078151
38.03,0.005401650586341007,-0.01433528326516538,-0.01505160880927124,-0.005401650586341007
38.04,0.005257528306036702,-0.01448306579967057,-0.01451011662807687,-0.005257528306036702
38.05,0.005111974631975923,-0.01462544067640787,-0.01396506036898346,-0.005111974631975923
38.06,0.004965015788718747,-0.01476238318847924,-0.01341653798605729,-0.004965015788718747
38.07,0.0048167000564797,-0.01489385865296082,-0.0128647269655415,-0.0048167000564797
38.08,0.004667086352291186,-0.01501983061054885,-0.0123098423491427,-0.004667086352291186
38.09,0.004516233475814717,-0.01514026486321616,-0.01175209817275199,-0.004516233475814717
38.1,0.004364200109340692,-0.01525512947421231,-0.01119170746644417,-0.004364200109340692
38.11,0.004211044817788841,-0.01536439476806328,-0.01062888225447929,-0.004211044817788841
38.12,0.004056826048707564,-0.01546803333057195,-0.01006383355530034,-0.004056826048707564
38.13,0.00390160213227426,-0.01556602000881786,-0.009496771381534366,-0.00390160213227426
38.14,0.003745431281295662,-0.01565833191115701,-0.008927904739993716,-0.003745431281295662
38.15,0.00358837159120717,-0.01574494840722226,-0.008357441631673627,-0.00358837159120717
38.16,0.003430481040073294,-0.0158258511279231,-0.007785589051753826,-0.003430481040073294
38.17,0.003271817488587431,-0.01590102396544568,-0.007212552989597719,-0.003271817488587431
38.18,0.00311243868007232,-0.0159704530732527,-0.006638538428754032,-0.00311243868007232
38.19,0.002952402240479356,-0.01603412686608365,-0.006063749346954344,-0.002952402240479356
38.2,0.002791765678388938,-0.01609203601995471,-0.005488388716114343,-0.002791765678388938
38.21,0.002630586385010803,-0.01614417347215857,-0.004912658502335014,-0.002630586385010803
38.22,0.002468921634183351,-0.01619053442126472,-0.004336759665900223,-0.002468921634183351
38.23,0.002306828582374088,-0.01623111632711926,-0.003760892161278315,-0.002306828582374088
38.24,0.002144364268679415,-0.016265918910845,-0.003185254937121333,-0.002144364268679415
38.25,0.001981585614825071,-0.01629494415484132,-0.002610045936266634,-0.001981585614825071
38.26,0.001818549425165455,-0.01631819630278436,-0.002035462095734433,-0.001818549425165455
38.27,0.001655312386683958,-0.01633568185962688,-0.001461699346729033,-0.001655312386683958
38.28,0.001491931068993324,-0.0163474095915983,-0.000888952614640052,-0.001491931068993324
38.29,0.001328461924334952,-0.01635339052620471,-0.0003174158190399868,-0.001328461924334952
38.3,0.001164961287579354,-0.01635363795222889,0.0002527181263141727,-0.001164961287579354
38.31,0.001001485376225917,-0.01634816741973024,0.000821257313481781,-0.001001485376225917
38.32,0.0008380902904033975,-0.01633699674004487,0.001388010840336827,-0.0008380902904033975
38.33,0.0006748320128691779,-0.01632014598578549,0.001952788810570499,-0.0006748320128691779
38.34,0.0005117664090096676,-0.01629763749084152,0.002515402333689811,-0.0005117664090096676
38.35,0.0003489492268406009,-0.01626949585037909,0.003075663525016565,-0.0003489492268406009
38.36,0.0001864360970063767,-0.01623574792084089,0.003633385505689615,-0.0001864360970063767
38.37,2.4282532780506e-05,-0.01619642281994634,0.004188382402663355,-2.4282532780506e-05
38.38,-0.0001374560699346138,-0.01615155192669148,0.004740469348708474,0.0001374560699346138
38.39,-0.0002987244326072351,-0.0161011688813491,0.005289462482410371,0.0002987244326072351
38.4,-0.0004594673940769693,-0.01604530958546856,0.005835178948171583,0.0004594673940769693
38.41,-0.000619629910554294,-0.01598401220187594,0.006377436896210103,0.000619629910554294
38.42,-0.0007791570556208169,-0.0159173171546739,0.006916055482560272,0.0007791570556208169
38.43,-0.0009379940202288038,-0.01584526712924193,0.007450854869071185,0.0009379940202288038
38.44,-0.001096086112701841,-0.01576790707223603,0.007981656223408932,0.001096086112701841
38.45,-0.001253378758734554,-0.01568528419158886,0.00850828171905565,0.001253378758734554
38.46,-0.001409817501392165,-0.0155974479565099,0.009030554535308006,0.001409817501392165
38.47,-0.001565348001111306,-0.01550445009748522,0.009548298857280002,0.001565348001111306
38.48,-0.001719916035699465,-0.01540634460627735,0.01006133987590099,0.001719916035699465
38.49,-0.001873472167306089,-0.01530317911138446,0.01056951778460368,0.001873472167306089
38.5,-0.002025988044045969,-0.01519496132419598,0.01107273576490054,0.002025988044045969
38.51,-0.002177413331294506,-0.0150817371157044,0.01157083041981485,0.002177413331294506
38.52,-0.002327694517915911,-0.01496356073544986,0.01206362948748689,0.002327694517915911
38.53,-0.00247677897902767,-0.01484048765491808,0.01255096411848914,0.00247677897902767
38.54,-0.00262461497600118,-0.0147125745675399,0.01303266887582842,0.00262461497600118
38.55,-0.002771151656461323,-0.01457987938869153,0.01350858173494448,0.002771151656461323
38.56,-0.002916339054286677,-0.01444246125569445,0.01397854408371063,0.002916339054286677
38.57,-0.0030601280896091,-0.01430038052781574,0.01444240072243249,0.0030601280896091
38.58,-0.003202470568814355,-0.01415369878626754,0.01489999986384993,0.003202470568814355
38.59,-0.00334331918454179,-0.0140024788342073,0.01535119313313609,0.00334331918454179
38.6,-0.003482627515684048,-0.01384678469673815,0.0157958355678964,0.003482627515684048
38.61,-0.003620350027387664,-0.01368668162090819,0.01623378561817055,0.003620350027387664
38.62,-0.003756442071052662,-0.01352223607571098,0.01666490514643114,0.003756442071052662
38.63,-0.003890859884332757,-0.01335351575208531,0.01708905942758438,0.003890859884332757
38.64,-0.004023560591134964,-0.01318058956291564,0.01750611714896881,0.004023560591134964
38.65,-0.004154502201620184,-0.01300352764303141,0.01791595041035718,0.004154502201620184
38.66,-0.004283643612202809,-0.01282240134920752,0.01831843472395519,0.004283643612202809
38.67,-0.004410944605550914,-0.01263728326016404,0.01871344901440207,0.004410944605550914
38.68,-0.004536365850585895,-0.01244824717656682,0.01910087561876951,0.004536365850585895
38.69,-0.004659868902483016,-0.01225536812102661,0.01948060028656332,0.004659868902483016
38.7,-0.004781416202671121,-0.0120587223380995,0.01985251217972252,0.004781416202671121
38.71,-0.004900971078832389,-0.01185838729428731,0.02021650387261863,0.004900971078832389
38.72,-0.005018497744902857,-0.01165444167803681,0.02057247135205724,0.005018497744902857
38.73,-0.005133961301072057,-0.0114469653997402,0.02092031401727694,0.005133961301072057
38.74,-0.0052473277337832,-0.01123603959173491,0.02125993467994982,0.0052473277337832
38.75,-0.00535856391573285,-0.01102174660830413,0.02159123956418055,0.00535856391573285
38.76,-0.00546763760587139,-0.01080417002567591,0.02191413830650774,0.00546763760587139
38.77,-0.005574517449402815,-0.01058339464202366,0.0222285439559033,0.005574517449402815
38.78,-0.005679172977784459,-0.01035950647746657,0.02253437297377171,0.005679172977784459
38.79,-0.005781574608727491,-0.01013259277406873,0.02283154523395141,0.005781574608727491
38.8,-0.005881693646196589,-0.009902741995839659,0.02311998402271386,0.005881693646196589
38.81,-0.005979502280410098,-0.009670043828734105,0.02339961603876401,0.005979502280410098
38.82,-0.006074973587839742,-0.009434589180652625,0.0236703713932395,0.006074973587839742
38.83,-0.006168081531211047,-0.009196470181440562,0.02393218360971179,0.006168081531211047
38.84,-0.006258800959503127,-0.008955780182888664,0.02418498962418562,0.006258800959503127
38.85,-0.006347107607948495,-0.008712613758733488,0.02442872978509848,0.006347107607948495
38.86,-0.006432978098033458,-0.008467066704656417,0.02466334785332166,0.006432978098033458
38.87,-0.006516389937497809,-0.008219236038284306,0.02488879100215943,0.006516389937497809
38.88,-0.006597321520335051,-0.007969219999189214,0.02510500981734967,0.006597321520335051
38.89,-0.006675752363194697,-0.007717116287909695,0.02531195865672181,0.006675752363194697
38.9,-0.006751668202458131,-0.007462977175636364,0.02550960157863205,0.006751668202458131
38.91,-0.006825049776387406,-0.007206881875483242,0.02569789232276487,0.006825049776387406
38.92,-0.006895875604543721,-0.006948931124076554,0.0258767825714574,0.006895875604543721
38.93,-0.006964125298140889,-0.006689225335427906,0.02604622772813754,0.006964125298140889
38.94,-0.007029779560045648,-0.006427864600933184,0.02620618691732475,0.007029779560045648
38.95,-0.007092820184777497,-0.006164948689373089,0.02635662298462956,0.007092820184777497
38.96,-0.00715323005850857,-0.005900577046913715,0.02649750249675335,0.00715323005850857
38.97,-0.00721099315906391,-0.005634848797105419,0.02662879574148899,0.00721099315906391
38.98,-0.007266094555921284,-0.005367862740883578,0.02675047672772035,0.007266094555921284
38.99,-0.00731852041021126,-0.005099717356568192,0.02686252318542254,0.00731852041021126
39,-0.007368257974717068,-0.004830510799864673,0.02696491656566159,0.007368257974717068
39.01,-0.007415295593874826,-0.004560340903862681,0.02705764204059489,0.007415295593874826
39.02,-0.007459622703773404,-0.004289305179036702,0.02714068850347098,0.007459622703773404
39.03,-0.007501229832154356,-0.004017500813246629,0.02721404856862935,0.007501229832154356
39.04,-0.0075401085984121,-0.003745024671736595,0.02727771857150083,0.0075401085984121
39.05,-0.007576251713593789,-0.003471973297135764,0.02733169856860731,0.007576251713593789
39.06,-0.00760965298039937,-0.003198442909457924,0.02737599233756189,0.00760965298039937
39.07,-0.007640307293181492,-0.002924529406102278,0.0274106073770687,0.007640307293181492
39.08,-0.007668210637945641,-0.002650328361852268,0.0274355549069231,0.007668210637945641
39.09,-0.007693360092350073,-0.002375935028876165,0.02745084986801162,0.007693360092350073
39.1,-0.00771575382570575,-0.002101444336727649,0.02745651092231184,0.00771575382570575
39.11,-0.007735391098976469,-0.001826950892344646,0.02745256045289258,0.007735391098976469
39.12,-0.007752272264778775,-0.001552548980050102,0.02743902456391376,0.007752272264778775
39.13,-0.007766398767381982,-0.001278332561551587,0.02741593308062641,0.007766398767381982
39.14,-0.007777773142708166,-0.0010043952759421,0.02738331954937282,0.007777773142708166
39.15,-0.007786399018332187,-0.0007308304396988626,0.02734122123758632,0.007786399018332187
39.16,-0.007792281113481662,-0.0004577310466841253,0.02728967913379139,0.007792281113481662
39.17,-0.007795425239036989,-0.0001851897681447735,0.02722873794760367,0.007795425239036989
39.18,-0.00779583829753134,8.670104728688557e-05,0.02715844610973008,0.00779583829753134
39.19,-0.007793528283150633,0.0003578493735943356,0.02707885577196848,0.007793528283150633
39.2,-0.007788504281733576,0.0006281635073762003,0.02699002280720789,0.007788504281733576
39.21,-0.007780776470771648,0.0008975520678456963,0.02689200680942871,0.007780776470771648
39.22,-0.007770356119409088,0.001165923996831831,0.02678487109370224,0.007770356119409088
39.23,-0.007757255588442917,0.001433188558778556,0.02666868269619103,0.007757255588442917
39.24,-0.007741488330322884,0.001699255340745194,0.02654351237414859,0.007741488330322884
39.25,-0.007723068889151584,0.001964034252405658,0.02640943460592002,0.007723068889151584
39.26,-0.007702012900684327,0.002227435526049659,0.02626652759094114,0.007702012900684327
39.27,-0.007678337092329181,0.002489369716581984,0.02611487324973897,0.007678337092329181
39.28,-0.007652059283147048,0.002749747701522154,0.02595455722393198,0.007652059283147048
39.29,-0.007623198383851537,0.003008480681005321,0.02578566887622945,0.007623198383851537
39.3,-0.00759177439680907,0.003265480177781639,0.025608301290432,0.00759177439680907
39.31,-0.007557808416038754,0.003520658037216679,0.02542255127143105,0.007557808416038754
39.32,-0.00752132259812674,0.003773926491298133,0.02522851922691081,0.00752132259812674
39.33,-0.0074823255224968,0.004025228525532547,0.02502625011221506,0.0074823255224968
39.34,-0.007440826875919297,0.004274500772741853,0.02481579441961903,0.007440826875919297
39.35,-0.007396848262484315,0.004521655089330044,0.02459725072953831,0.007396848262484315
39.36,-0.007350411940133642,0.00476660489286296,0.02437071949026121,0.007350411940133642
39.37,-0.007301540820660896,0.005009265162067571,0.02413630301794936,0.007301540820660896
39.38,-0.00725025846971145,0.005249552436832332,0.02389410549663747,0.00725025846971145
39.39,-0.007196589106782588,0.005487384818206498,0.0236442329782339,0.007196589106782588
39.4,-0.007140557605223279,0.005722681968401151,0.02338679338251973,0.007140557605223279
39.41,-0.007082189492234324,0.00595536511078851,0.02312189649714939,0.007082189492234324
39.42,-0.007021510948868278,0.006185357029902272,0.02284965397765033,0.007021510948868278
39.43,-0.006958548810029627,0.006412582071436959,0.02257017934742375,0.006958548810029627
39.44,-0.006893330564474514,0.006636966142248891,0.02228358799774349,0.006893330564474514
39.45,-0.006825884354810885,0.006858436710355694,0.02198999718775654,0.006825884354810885
39.46,-0.006756238977498615,0.007076922804935838,0.02168952604448374,0.006756238977498615
39.47,-0.006684423882849247,0.007292355016329579,0.0213822955628185,0.006684423882849247
39.48,-0.006610469175026153,0.007504665496038319,0.02106842860552761,0.006610469175026153
39.49,-0.006534405612044458,0.007713787956724933,0.02074804990325086,0.006534405612044458
39.5,-0.00645626460577124,0.007919657672213148,0.02042128605450189,0.00645626460577124
39.51,-0.006376078221925214,0.008122211477488464,0.02008826552566685,0.006376078221925214
39.52,-0.006293879180076883,0.008321387768697671,0.01974911865100509,0.006293879180076883
39.53,-0.006209700853648737,0.008517126503148471,0.0194039776326499,0.006209700853648737
39.54,-0.006123577269914863,0.008709369199310269,0.01905297654060699,0.006123577269914863
39.55,-0.006035543110001227,0.008898058936813679,0.01869625131275554,0.006035543110001227
39.56,-0.005945633708885512,0.00908314035645072,0.01833393975484768,0.005945633708885512
39.57,-0.005853885055397391,0.009264559660174358,0.01796618154050945,0.005853885055397391
39.58,-0.005760333792218152,0.00944226461109925,0.01759311821123938,0.005760333792218152
39.59,-0.005665017215880864,0.009616204533501364,0.01721489317640916,0.005665017215880864
39.6,-0.005567973276770602,0.00978633031281761,0.01683165171326444,0.005567973276770602
39.61,-0.005469240579124041,0.009952594395646589,0.01644354096692337,0.005469240579124041
39.62,-0.005368858381029701,0.01011495078974806,0.01605070995037742,0.005368858381029701
39.63,-0.00526686659442784,0.01027335506404325,0.01565330954449106,0.00526686659442784
39.64,-0.00516330578511074,0.01042776434861433,0.01525149249800284,0.00516330578511074
39.65,-0.005058217172722237,0.01057813733470512,0.01484541342752355,0.005058217172722237
39.66,-0.004951642630758049,0.01072443427472066,0.01443522881753751,0.004951642630758049
39.67,-0.004843624686565622,0.0108666169822274,0.01402109702040199,0.004843624686565622
39.68,-0.00473420652134442,0.01100464883195277,0.01360317825634826,0.00473420652134442
39.69,-0.004623431970145472,0.01113849475978586,0.01318163461347996,0.004623431970145472
39.7,-0.004511345521871607,0.01126812126277702,0.01275663004777388,0.004511345521871607
39.71,-0.004397992319277679,0.01139349639913769,0.01232833038308092,0.004397992319277679
39.72,-0.00428341815897011,0.01151458978824083,0.01189690331112428,0.00428341815897011
39.73,-0.004167669491407211,0.01163137261062069,0.0114625183915007,0.004167669491407211
39.74,-0.004050785321499805,0.01174381999416172,0.01102531818241053,0.004050785321499805
39.75,-0.003932786373657939,0.0118519111664618,0.01058538042282515,0.003932786373657939
39.76,-0.00381371777289197,0.0119556165049128,0.01014287026286522,0.00381371777289197
39.77,-0.003693626640173977,0.01205490745569842,0.009697959529885522,0.003693626640173977
39.78,-0.003572560002564644,0.01214975727481595,0.009250819246328219,0.003572560002564644
39.79,-0.003450564793212764,0.01224014102807673,0.008801619629720968,0.003450564793212764
39.8,-0.003327687851355564,0.01232603559110584,0.008350530092678181,0.003327687851355564
39.81,-0.003203975922318544,0.01240741964934223,0.007897719242900376,0.003203975922318544
39.82,-0.003079475657515819,0.01248427369803851,0.007443354883175479,0.003079475657515819
39.83,-0.002954233614449603,0.01255658004226125,0.006987604011376887,0.002954233614449603
39.84,-0.002828296256710454,0.01262432279689087,0.006530632820464427,0.002828296256710454
39.85,-0.002701709953977568,0.01268748788662142,0.006072606698485345,0.002701709953977568
39.86,-0.002574520982018215,0.01274606304596095,0.005613690228572346,0.002574520982018215
39.87,-0.002446775522688122,0.01280003781923126,0.005154047188944895,0.002446775522688122
39.88,-0.002318519663931273,0.012849403560568,0.004693840552908566,0.002318519663931273
39.89,-0.002189799399780284,0.01289415343392054,0.004233232488856356,0.002189799399780284
39.9,-0.002060660630355853,0.01293428241305217,0.003772384360266713,0.002060660630355853
39.91,-0.001931149161867128,0.01296978728153997,0.003311456725704855,0.001931149161867128
39.92,-0.001801310706611518,0.01300066663277485,0.002850609338822102,0.001801310706611518
39.93,-0.001671190882975063,0.01302692086996148,0.002390001148357197,0.001671190882975063
39.94,-0.001540835215431889,0.0130485522061184,0.001929790298134343,0.001540835215431889
39.95,-0.001410289134544467,0.01306556466407797,0.001470134127064165,0.001410289134544467
39.96,-0.001279597976963912,0.01307796407648633,0.001011189169144721,0.001279597976963912
39.97,-0.001148806985429414,0.01308575808580347,0.0005531111534595219,0.001148806985429414
39.98,-0.00101796130876861,0.01308895614430319,9.605500417884282e-05,0.00101796130876861
39.99,-0.0008871060018974003,0.01308756951407311,-0.0003598251594409331,0.0008871060018974003
40,-0.00075628602582032,0.01308161126701465,-0.0008143760230560146,0.00075628602582032
40.01,-0.0006255462476299751,0.01307109628484306,-0.001267445077237161,0.0006255462476299751
40.02,-0.0004949314405073522,0.01305604125908743,-0.001718880617468622,0.0004949314405073522
40.03,-0.0003644862837220382,0.01303646469109062,-0.002168531744147344,0.0003644862837220382
40.04,-0.0002342553626317264,0.01301238689200935,-0.002616248362584716,0.0002342553626317264
40.05,-0.0001042831686825287,0.01298382998281414,-0.003061881183005469,0.0001042831686825287
40.06,2.538590059114311e-05,0.01295081789428931,-0.003505281720548083,-2.538590059114311e-05
40.07,0.000154707541566271,0.01291337636703304,-0.003946302295263751,-0.000154707541566271
40.08,0.0002836375445317408,0.01287153295145732,-0.004384796032118121,-0.0002836375445317408
40.09,0.0004121317936881055,0.01282531700778787,-0.004820616860990471,-0.0004121317936881055
40.1,0.0005401462671472584,0.01277475970606439,-0.005253619516672617,-0.0005401462671472584
40.11,0.0006676370369330469,0.01271989402614027,-0.005683659538870994,-0.0006676370369330469
40.12,0.0007945602689808167,0.01266075475768274,-0.006110593272205091,-0.0007945602689808167
40.13,0.0009208722231377084,0.01259737850017285,-0.006534277866208489,-0.0009208722231377084
40.14,0.001046529253162188,0.01252980366290554,-0.006954571275327249,-0.001046529253162188
40.15,0.001171487806724666,0.01245807046498951,-0.007371332258922008,-0.001171487806724666
40.16,0.001295704425407102,0.01238222093534718,-0.007784420381266633,-0.001295704425407102
40.17,0.001419135744703169,0.01230229891271498,-0.00819369601154883,-0.001419135744703169
40.18,0.001541748870272398,0.01221833055953597,-0.008599051361230941,-0.001541748870272398
40.19,0.001663517288192085,0.01213032791920519,-0.009000397163046368,-0.001663517288192085
40.2,0.001784397957312508,0.01203833332227522,-0.009397594515713486,-0.001784397957312508
40.21,0.001904348295937052,0.01194239052487727,-0.009790506496006083,-0.001904348295937052
40.22,0.002023326431666879,0.01184254426116042,-0.01017899891179455,-0.002023326431666879
40.23,0.002141291201400574,0.01173884024329186,-0.01056294030204475,-0.002141291201400574
40.24,0.00225820215133432,0.01163132516145672,-0.01094220193681854,-0.00225820215133432
40.25,0.002374019536961562,0.01152004668385845,-0.01131665781727275,-0.002374019536961562
40.26,0.002488704323073511,0.01140505345671827,-0.01168618467566075,-0.002488704323073511
40.27,0.002602218183758884,0.01128639510427547,-0.01205066197533165,-0.002602218183758884
40.28,0.002714523502403675,0.01116412222878764,-0.01240997191072953,-0.002714523502403675
40.29,0.002825583371691626,0.01103828641053015,-0.012763999407395,-0.002825583371691626
40.3,0.00293536159360392,0.0109089402077965,-0.01311263212196417,-0.00293536159360392
40.31,0.003043822679419321,0.01077613715689814,-0.01345576044216912,-0.003043822679419321
40.32,0.003150931849713882,0.01063993177216486,-0.01379327748683697,-0.003150931849713882
40.33,0.003256655034361398,0.01050037954594421,-0.01412507910589131,-0.003256655034361398
40.34,0.003360958872533172,0.01035753694860178,-0.01445106388035147,-0.003360958872533172
40.35,0.003463810712697803,0.01021146142852149,-0.01477113312233182,-0.003463810712697803
40.36,0.003565178612621618,0.01006221141210504,-0.0150851908750432,-0.003565178612621618
40.37,0.003665031339368393,0.009909846303772238,-0.01539314391279197,-0.003665031339368393
40.38,0.003763338369299477,0.009754426485960851,-0.0156949017409804,-0.003763338369299477
40.39,0.003860069888073527,0.009596013319127027,-0.01599037659610593,-0.003860069888073527
40.4,0.003955196790646927,0.009434669141744607,-0.01627948344576236,-0.003955196790646927
40.41,0.004048690681273495,0.009270457270305609,-0.01656213998863904,-0.004048690681273495
40.42,0.004140523873504634,0.00910344199931996,-0.01683826665452124,-0.004140523873504634
40.43,0.004230669390189065,0.008933688601316025,-0.01710778660428943,-0.004230669390189065
40.44,0.004319100963473211,0.0087612633268398,-0.01737062572992036,-0.004319100963473211
40.45,0.004405793034801016,0.008586233404455371,-0.0176267126544866,-0.004405793034801016
40.46,0.004490720754913741,0.008408667040745232,-0.01787597873215583,-0.004490720754913741
40.47,0.004573859983850346,0.008228633420309528,-0.01811835804819209,-0.004573859983850346
40.48,0.004655187290947251,0.008046202705766593,-0.01835378741895495,-0.004655187290947251
40.49,0.004734679954838441,0.007861446037752696,-0.01858220639189993,-0.004734679954838441
40.5,0.004812315963455244,0.007674435534922519,-0.01880355724557779,-0.004812315963455244
40.51,0.004888074014026671,0.007485244293948378,-0.0190177849896355,-0.004888074014026671
40.52,0.004961933513079241,0.007293946389520679,-0.01922483736481582,-0.004961933513079241
40.53,0.005033874576436819,0.007100616874348216,-0.01942466484295673,-0.005033874576436819
40.54,0.005103878029220979,0.006905331779157494,-0.01961722062699255,-0.005103878029220979
40.55,0.005171925405850706,0.006708168112693195,-0.01980246065095307,-0.005171925405850706
40.56,0.005237998950042564,0.006509203861717817,-0.01998034357996394,-0.005237998950042564
40.57,0.005302081614810514,0.006308517991012432,-0.02015083081024633,-0.005302081614810514
40.58,0.005364158254441337,0.006106181148171051,-0.02031388817278959,-0.005364158254441337
40.59,0.005424217538897201,0.005902231178809936,-0.02046948614845444,-0.005424217538897201
40.6,0.00548224248607115,0.005696743509012636,-0.02061758542606989,-0.00548224248607115
40.61,0.005538216206515755,0.005489798672883479,-0.02075814836516749,-0.005538216206515755
40.62,0.005592122684485874,0.005281476946357138,-0.02089114030345645,-0.005592122684485874
40.63,0.005643946777938733,0.005071858347198352,-0.02101652955682381,-0.005643946777938733
40.64,0.005693674218533784,0.004861022635002511,-0.02113428741933412,-0.005693674218533784
40.65,0.00574129161163292,0.004649049311194769,-0.02124438816322995,-0.00574129161163292
40.66,0.005786786436300324,0.004436017619030628,-0.02134680903893155,-0.005786786436300324
40.67,0.005830147045302555,0.004222006543595663,-0.021441530275037,-0.005830147045302555
40.68,0.005871362665108398,0.004007094811806092,-0.02152853507832192,-0.005871362665108398
40.69,0.005910423395889073,0.003791360892407902,-0.0216078096337399,-0.005910423395889073
40.7,0.005947320211518123,0.003574882995977276,-0.02167934310442229,-0.005947320211518123
40.71,0.005982044959571343,0.00335773907492107,-0.02174312763167803,-0.005982044959571343
40.72,0.006014590361326949,0.003140006823475887,-0.02179915833499399,-0.006014590361326949
40.73,0.006044950011765448,0.002921763677708689,-0.02184743331203472,-0.006044950011765448
40.74,0.006073118379569711,0.002703086815516492,-0.02188795363864261,-0.006073118379569711
40.75,0.00609909080712488,0.002484053156626988,-0.02192072336883766,-0.00609909080712488
40.76,0.006122863510518482,0.002264739362597607,-0.02194574953481777,-0.006122863510518482
40.77,0.006144433579540381,0.002045221836815988,-0.02196304214695857,-0.006144433579540381
40.78,0.00616379897768272,0.001825576724500444,-0.02197261419381338,-0.00616379897768272
40.79,0.006180958542140028,0.001605879912699033,-0.02197448164211338,-0.006180958542140028
40.8,0.006195911983809146,0.001386207030290175,-0.02196866343676747,-0.006195911983809146
40.81,0.006208659887289257,0.001166633447982335,-0.02195518150086226,-0.006208659887289257
40.82,0.006219203710881848,0.0009472342783146594,-0.0219340607356622,-0.006219203710881848
40.83,0.006227545786590768,0.0007280843756560405,-0.02190532902060946,-0.006227545786590768
40.84,0.006233689320122191,0.0005092583362055669,-0.02186901721332396,-0.006233689320122191
40.85,0.006237638390884615,0.0002908304979930065,-0.02182515914960344,-0.006237638390884615
40.86,0.006239397951988882,7.287494087787269e-05,-0.02177379164342333,-0.006239397951988882
40.87,0.006238973830248159,-0.0001445345134499589,-0.02171495448693687,-0.006238973830248159
40.88,0.00623637272617794,-0.0003613243014705702,-0.02164869045047496,-0.00623637272617794
40.89,0.006231602213996068,-0.0005774211178333563,-0.02157504528254647,-0.006231602213996068
40.9,0.006224670741622711,-0.0007927519153579773,-0.02149406770983784,-0.006224670741622711
40.91,0.006215587630680361,-0.001007243905033725,-0.02140580943721333,-0.006215587630680361
40.92,0.006204363076493841,-0.001220824556019841,-0.0213103251477149,-0.006204363076493841
40.93,0.006191008148090332,-0.0014334215956449,-0.02120767250256246,-0.006191008148090332
40.94,0.006175534788199323,-0.001644963009407738,-0.02109791214115351,-0.006175534788199323
40.95,0.006157955813252624,-0.001855377040976944,-0.02098110768106325,-0.006157955813252624
40.96,0.006138284913384426,-0.002064592192190489,-0.02085732571804491,-0.006138284913384426
40.97,0.006116536652431203,-0.00227253722305658,-0.02072663582602924,-0.006116536652431203
40.98,0.006092726467931796,-0.002479141151753052,-0.02058911055712487,-0.006092726467931796
40.99,0.006066870671127321,-0.002684333254627662,-0.02044482544161797,-0.006066870671127321
41,0.006038986446961337,-0.00288804306619756,-0.02029385898797296,-0.006038986446961337
41.01,0.006009090220160406,-0.003090203901816764,-0.02013628605656223,-0.006009090220160406
41.02,0.005977184538732051,-0.003290778563330112,-0.01997212534524568,-0.005977184538732051
41.03,0.005943282658490054,-0.003489704141478811,-0.01980143966947445,-0.005943282658490054
41.04,0.005907402050994235,-0.003686910523600067,-0.01962430844395881,-0.005907402050994235
41.05,0.005869560711126549,-0.003882328846485402,-0.0194408125784082,-0.005869560711126549
41.06,0.005829777157091012,-0.004075891496380933,-0.01925103447753094,-0.005829777157091012
41.07,0.005788070430413823,-0.004267532108986825,-0.0190550580410348,-0.005788070430413823
41.08,0.005744460095943196,-0.004457185569458118,-0.01885296866362618,-0.005744460095943196
41.09,0.005698966241849433,-0.004644788012404302,-0.01864485323501051,-0.005698966241849433
41.1,0.00565160947962504,-0.004830276821888932,-0.01843080013989269,-0.00565160947962504
41.11,0.005602410944084511,-0.005013590631430417,-0.01821089925797621,-0.005602410944084511
41.12,0.005551392293364479,-0.005194669324001496,-0.01798524196396374,-0.005551392293364479
41.13,0.005498575708923629,-0.005373454032029493,-0.01775392112755683,-0.005498575708923629
41.14,0.005443983895542863,-0.005549887137395811,-0.01751703111345656,-0.005443983895542863
41.15,0.005387640081325061,-0.00572391227143669,-0.01727466778136252,-0.005387640081325061
41.16,0.005329568017695245,-0.005895474314942709,-0.01702692848597355,-0.005329568017695245
41.17,0.005269791979400485,-0.006064519398159021,-0.01677391207698731,-0.005269791979400485
41.18,0.005208336764510078,-0.00623099490078488,-0.01651571889910106,-0.005208336764510078
41.19,0.005145227694415293,-0.006394849451974361,-0.01625245079201051,-0.005145227694415293
41.2,0.005080490613829488,-0.00655603293033599,-0.01598421109041044,-0.005080490613829488
41.21,0.005014151890788263,-0.00671449646393241,-0.01571110462399522,-0.005014151890788263
41.22,0.004946238416649172,-0.006870192430281073,-0.0154332377174577,-0.004946238416649172
41.23,0.004876777606091911,-0.007023074456353761,-0.01515071819048991,-0.004876777606091911
41.24,0.004805797397118228,-0.007173097418576842,-0.01486365535778276,-0.004805797397118228
41.25,0.004733326251052113,-0.007320217442830805,-0.01457216002902678,-0.004733326251052113
41.26,0.004659393152539513,-0.00746439190445093,-0.01427634450891094,-0.004659393152539513
41.27,0.004584027609548448,-0.00760557942822694,-0.01397632259712319,-0.004584027609548448
41.28,0.004507259653369224,-0.007743739888402729,-0.01367220958835124,-0.004507259653369224
41.29,0.004429119838614059,-0.007878834408676949,-0.01336412227228112,-0.004429119838614059
41.3,0.004349639243217333,-0.0080108253622026,-0.01305217893359813,-0.004349639243217333
41.31,0.004268849468435473,-0.008139676371587247,-0.01273649935198641,-0.004268849468435473
41.32,0.004186782638847159,-0.008265352308892629,-0.01241720480212975,-0.004186782638847159
41.33,0.004103471402353006,-0.008387819295635219,-0.01209441805371036,-0.004103471402353006
41.34,0.004018948930175722,-0.008507044702785953,-0.01176826337140945,-0.004018948930175722
41.35,0.00393324891686029,-0.008622997150769977,-0.01143886651490795,-0.00393324891686029
41.36,0.003846405580273617,-0.008735646509467102,-0.01110635473888516,-0.003846405580273617
41.37,0.003758453661604745,-0.0088449638982116,-0.01077085679301957,-0.003758453661604745
41.38,0.003669428425364784,-0.008950921685792189,-0.01043250292198859,-0.003669428425364784
41.39,0.00357936565938712,-0.009053493490451885,-0.01009142486546933,-0.00357936565938712
41.4,0.003488301674827027,-0.009152654179888369,-0.009747755858137161,-0.003488301674827027
41.41,0.003396273306161965,-0.009248379871253697,-0.009401630629666815,-0.003396273306161965
41.42,0.003303317909836438,-0.009340647931606612,-0.00905318539988815,-0.003303317909836438
41.43,0.003209458298066174,-0.009429441105231506,-0.008702504259414297,-0.003209458298066174
41.44,0.003114717889232067,-0.009514739822535688,-0.008349674022803346,-0.003114717889232067
41.45,0.003019134445280839,-0.009596520283275053,-0.00799483263169296,-0.003019134445280839
41.46,0.002922745653011141,-0.009674760135687814,-0.007638117383558,-0.002922745653011141
41.47,0.002825589124073141,-0.009749438476494841,-0.007279664931709016,-0.002825589124073141
41.48,0.002727702394968801,-0.009820535850899427,-0.00691961128529326,-0.002727702394968801
41.49,0.002629122927051726,-0.009888034252587392,-0.006558091809294161,-0.002629122927051726
41.5,0.002529888106527461,-0.0099519171237269,-0.006195241224532375,-0.002529888106527461
41.51,0.002430035244453061,-0.01001216935496875,-0.005831193607664226,-0.002430035244453061
41.52,0.002329601576737299,-0.0100687772854462,-0.005466082391182481,-0.002329601576737299
41.53,0.002228624264140886,-0.01012172870277489,-0.005100040363417126,-0.002228624264140886
41.54,0.002127140392276041,-0.01017101284305305,-0.004733199668533826,-0.002127140392276041
41.55,0.002025186971606775,-0.01021662039086137,-0.004365691806534937,-0.002025186971606775
41.56,0.00192280093744875,-0.01025854347926302,-0.003997647633259008,-0.00192280093744875
41.57,0.001820019149969568,-0.0102967756898036,-0.003629197360381811,-0.001820019149969568
41.58,0.001716878394188332,-0.01033131205251127,-0.003260470555414782,-0.001716878394188332
41.59,0.001613415379975869,-0.01036214904589666,-0.002891596141705797,-0.001613415379975869
41.6,0.001509666742054948,-0.01038928459695283,-0.00252270239843997,-0.001509666742054948
41.61,0.001405669039999837,-0.01041271808115538,-0.002153916960638066,-0.001405669039999837
41.62,0.001301458758236604,-0.01043245032246238,-0.001785366819157566,-0.001301458758236604
41.63,0.00119707230604296,-0.01044848359331437,-0.001417178320692123,-0.00119707230604296
41.64,0.001092546017548564,-0.01046082161463438,-0.001049477167772628,-0.001092546017548564
41.65,0.0009879161517345708,-0.01046946955582792,-0.0006823884187656285,-0.0009879161517345708
41.66,0.0008832188924339366,-0.010474434034783,-0.0003160364878743841,-0.0008832188924339366
41.67,0.000778490348331259,-0.01047572311787011,4.945485486167081e-05,-0.000778490348331259
41.68,0.0006737665529630868,-0.01047334631994219,0.0004139624835658641,-0.0006737665529630868
41.69,0.0005690834647174601,-0.01046731460433472,0.00077736391652588,-0.0005690834647174601
41.7,0.0004644769668341488,-0.0104576403828656,0.001139537316192925,-0.0004644769668341488
41.71,0.0003599828674048622,-0.01044433751583528,0.001500361489181018,-0.0003599828674048622
41.72,0.0002556368993728142,-0.01042742131202665,0.001859715886268478,-0.0002556368993728142
41.73,0.0001514747205330076,-0.01040690852870509,0.002217480602396947,-0.0001514747205330076
41.74,4.753191353210295e-05,-0.01038281737161845,0.002573536376671843,-4.753191353210295e-05
41.75,-5.615601413131295e-05,-0.01035516749499713,0.002927764592361442,5.615601413131295e-05
41.76,-0.0001595536301071291,-0.01032398000155393,0.003280047276898249,0.0001595536301071291
41.77,-0.0002626255771935352,-0.01028927744248416,0.003630267101878399,0.0002626255771935352
41.78,-0.0003653365733367581,-0.01025108381746567,0.003978307383060771,0.0003653365733367581
41.79,-0.0004676514116315509,-0.01020942457465869,0.004324052080368626,0.0004676514116315509
41.8,-0.0005695349603208315,-0.01016432661070603,0.004667385797888412,0.0005695349603208315
41.81,-0.0006709521627959008,-0.01011581827073291,0.005008193783870482,0.0006709521627959008
41.82,-0.0007718680375961091,-0.01006392934834711,0.005346361930727964,0.0007718680375961091
41.83,-0.0008722476784093024,-0.01000869108563885,0.005681776775038298,0.0008722476784093024
41.84,-0.0009720562540716089,-0.009950136173180741,0.006014325497542452,0.0009720562540716089
41.85,-0.001071259008567213,-0.009888298750028114,0.00634389592314425,0.001071259008567213
41.86,-0.001169821767731267,-0.009823213480869902,0.006670378044131368,0.001169821767731267
41.87,-0.00126772464416484,-0.009754889189428382,0.006993704848137494,0.00126772464416484
41.88,-0.001364939609779947,-0.009683347471668567,0.007313784308761262,0.001364939609779947
41.89,-0.001461432213375194,-0.00960862283534082,0.007630505410957699,0.001461432213375194
41.9,-0.001557168571426495,-0.009530750570968624,0.007943759325487413,0.001557168571426495
41.91,-0.001652115368086795,-0.009449766751848792,0.008253439408915684,0.001652115368086795
41.92,-0.001746239855186209,-0.009365708234051324,0.008559441203612888,0.001746239855186209
41.93,-0.00183950985223175,-0.009278612656419676,0.008861662437753656,0.00183950985223175
41.94,-0.001931893746407738,-0.009188518440570394,0.009160003025318157,0.001931893746407738
41.95,-0.002023360492575588,-0.009095464790893277,0.009454365066091444,0.002023360492575588
41.96,-0.002113879613273623,-0.008999491694551593,0.009744652845662841,0.002113879613273623
41.97,-0.002203421198717461,-0.008900639921481681,0.01003077283542719,0.002203421198717461
41.98,-0.002291955906799761,-0.008798951024393206,0.01031263369258402,0.002291955906799761
41.99,-0.002379454963090339,-0.008694467338769026,0.01059014626013795,0.002379454963090339
42,-0.002465890160835931,-0.008587231982865496,0.01086322356689789,0.002465890160835931
42.01,-0.00255123386096056,-0.008477288857712005,0.01113178082747825,0.00255123386096056
42.02,-0.002635458992065345,-0.008364682647111208,0.01139573544229831,0.002635458992065345
42.03,-0.002718539050428331,-0.008249458817639268,0.01165500699758169,0.002718539050428331
42.04,-0.002800448100004841,-0.008131663618645374,0.01190951726535747,0.002800448100004841
42.05,-0.00288116077242724,-0.008011344082252052,0.01215919020345943,0.00288116077242724
42.06,-0.002960652267005056,-0.007888548023355032,0.01240395195552641,0.002960652267005056
42.07,-0.00303889835072474,-0.007763324039623535,0.01264373085100162,0.00303889835072474
42.08,-0.003115875358250018,-0.007635721511499818,0.01287845740513371,0.003115875358250018
42.09,-0.003191560191921717,-0.007505790602199388,0.01310806431897618,0.003191560191921717
42.1,-0.003265930321757602,-0.007373582257711296,0.01333248647938696,0.003265930321757602
42.11,-0.003338963785452698,-0.007239148206797577,0.01355166095902934,0.003338963785452698
42.12,-0.003410639188379089,-0.007102540960993654,0.01376552701637138,0.003410639188379089
42.13,-0.003480935703585992,-0.006963813814608064,0.01397402609568612,0.003480935703585992
42.14,-0.003549833071799592,-0.006823020844722956,0.0141771018270511,0.003549833071799592
42.15,-0.003617311601423313,-0.006680216911193416,0.01437470002634916,0.003617311601423313
42.16,-0.003683352168537643,-0.00653545765664793,0.01456676869526795,0.003683352168537643
42.17,-0.003747936216900209,-0.006388799506488119,0.01475325802130006,0.003747936216900209
42.18,-0.003811045757945596,-0.006240299668889183,0.01493412037774262,0.003811045757945596
42.19,-0.003872663370785643,-0.006090016134799276,0.01510931032369806,0.003872663370785643
42.2,-0.003932772202209275,-0.005938007677939835,0.01527878460407366,0.003932772202209275
42.21,-0.003991355966682402,-0.005784333854805887,0.01544250214958129,0.003991355966682402
42.22,-0.004048398946348149,-0.005629055004665369,0.015600424076738,0.004048398946348149
42.23,-0.004103885991026708,-0.005472232249559634,0.01575251368786565,0.004103885991026708
42.24,-0.00415780251821541,-0.005313927494303134,0.0158987364710911,0.00415780251821541
42.25,-0.004210134513088573,-0.005154203426483967,0.01603906010034577,0.004210134513088573
42.26,-0.004260868528497747,-0.004993123516463228,0.0161734544353664,0.004260868528497747
42.27,-0.004309994043109639,-0.004830732725828039,0.01630189465406163,0.004309994043109639
42.28,-0.004357500579249681,-0.004667069143435757,0.01642435427335371,0.004357500579249681
42.29,-0.004403374185412281,-0.004502197192860446,0.01654080164594803,0.004403374185412281
42.3,-0.004447601586145933,-0.004336181257391746,0.0166512074710824,0.004447601586145933
42.31,-0.004490170205264555,-0.004169085513711861,0.01675554483157637,0.004490170205264555
42.32,-0.004531068165847382,-0.004000973931896039,0.01685378919383094,0.004531068165847382
42.33,-0.004570284290239135,-0.003831910275411854,0.01694591840782899,0.004570284290239135
42.34,-0.004607808100049932,-0.003661958101119559,0.01703191270713508,0.004607808100049932
42.35,-0.004643629816155214,-0.003491180759272453,0.01711175470889519,0.004643629816155214
42.36,-0.004677740358695897,-0.003319641393516157,0.01718542941383722,0.004677740358695897
42.37,-0.004710131347078276,-0.003147402940889097,0.01725292420627065,0.004710131347078276
42.38,-0.004740795099974066,-0.002974528131822259,0.01731422885408664,0.004740795099974066
42.39,-0.004769724635320317,-0.002801079490139679,0.01736933550875792,0.004769724635320317
42.4,-0.004796913670319542,-0.002627119333057712,0.01741823870533901,0.004796913670319542
42.41,-0.004822356621439635,-0.002452709771185515,0.01746093536246602,0.004822356621439635
42.42,-0.004846048604413908,-0.002277912708524807,0.01749742478235682,0.004846048604413908
42.43,-0.004867985434241021,-0.00210278984247036,0.01752770865081079,0.004867985434241021
42.44,-0.004888163625185083,-0.001927402663809259,0.01755179103720912,0.004888163625185083
42.45,-0.004906580390775604,-0.001751812456721274,0.0175696783945146,0.004906580390775604
42.46,-0.004923233643807452,-0.00157608029877923,0.01758137955927167,0.004923233643807452
42.47,-0.004938121996340931,-0.001400267060948256,0.01758690575160649,0.004938121996340931
42.48,-0.004951244759701743,-0.001224433407586305,0.01758627057522686,0.004951244759701743
42.49,-0.004962601944480985,-0.001048639796443864,0.0175794900174222,0.004962601944480985
42.5,-0.004972194260535139,-0.0008729464786645045,0.01756658244906369,0.004972194260535139
42.51,-0.004980023116986105,-0.0006974134987840882,0.0175475686246041,0.004980023116986105
42.52,-0.004986090622221188,-0.000522100694731166,0.01752247168207788,0.004986090622221188
42.53,-0.004990399583893071,-0.0003470676978273501,0.01749131714310118,0.004990399583893071
42.54,-0.00499295350891986,-0.0001723739327865565,0.01745413291287178,0.00499295350891986
42.55,-0.004993756603485048,1.921382284489597e-06,0.01741094928016914,0.004993756603485048
42.56,-0.00499281377303753,0.0001757592358864955,0.01736179891735435,0.00499281377303753
42.57,-0.004990130622291604,0.0003490808231271308,0.01730671688037026,0.004990130622291604
42.58,-0.004985713455226968,0.000521827545721736,0.01724574060874129,0.004985713455226968
42.59,-0.004979569275088713,0.0006939410119929775,0.01717890992557351,0.004979569275088713
42.6,-0.004971705784387343,0.0008653630368704611,0.0171062670375548,0.004971705784387343
42.61,-0.004962131384898753,0.001036035641891497,0.01702785653495456,0.004962131384898753
42.62,-0.004950855177664248,0.001205901055200558,0.01694372539162395,0.004950855177664248
42.63,-0.004937886962990501,0.001374901711549574,0.01685392296499561,0.004937886962990501
42.64,-0.004923237240449645,0.001542980252297447,0.01675850099608418,0.004923237240449645
42.65,-0.004906917208879162,0.001710079525410704,0.01665751360948571,0.004906917208879162
42.66,-0.004888938766381947,0.001876142585463136,0.01655101731337794,0.004888938766381947
42.67,-0.004869314510326289,0.002041112693635912,0.01643907099952025,0.004869314510326289
42.68,-0.004848057737345912,0.002204933317717182,0.01632173594325392,0.004848057737345912
42.69,-0.004825182443339902,0.002367548132102791,0.01619907580350164,0.004825182443339902
42.7,-0.004800698640679477,0.002528910911458605,0.01607113768531904,0.004800698640679477
42.71,-0.004774608816870391,0.002688989866941713,0.01593793864849744,0.004774608816870391
42.72,-0.004746926133930737,0.002847729457037594,0.01579953923764888,0.004746926133930737
42.73,-0.004717664719932771,0.003005073913541154,0.01565600342548031,0.004717664719932771
42.74,-0.004686839121795029,0.0031609684682355,0.0155073963812434,0.004686839121795029
42.75,-0.004654464305282421,0.003315359352891499,0.0153537844707351,0.004654464305282421
42.76,-0.004620555655006093,0.003468193799268447,0.01519523525629693,0.004620555655006093
42.77,-0.004585128974423491,0.003619420039113722,0.01503181749681527,0.004585128974423491
42.78,-0.004548200485838444,0.003768987304162475,0.01486360114772179,0.004548200485838444
42.79,-0.004509786830401005,0.003916845826138269,0.01469065736099267,0.004509786830401005
42.8,-0.004469905068107559,0.004062946836752657,0.01451305848514915,0.004469905068107559
42.81,-0.004428572677800766,0.004207242567705383,0.01433087806525721,0.004428572677800766
42.82,-0.00438580755716968,0.004349686250683969,0.01414419084292812,0.00438580755716968
42.83,-0.004341628022749564,0.00449023211736435,0.01395307275631768,0.004341628022749564
42.84,-0.004296052809921989,0.004628835399410536,0.01375760094012657,0.004296052809921989
42.85,-0.004249101072914925,0.004765452328474345,0.01355785372560078,0.004249101072914925
42.86,-0.004200792384802549,0.004900040136195971,0.0133539106405308,0.004200792384802549
42.87,-0.004151146737505372,0.005032557054203609,0.01314585240925215,0.004151146737505372
42.88,-0.004100184541790183,0.005162962314113638,0.01293376095264509,0.004100184541790183
42.89,-0.004047926627270169,0.005291216147530249,0.01271771938813526,0.004047926627270169
42.9,-0.003994394242404721,0.005417279786046002,0.01249781202969271,0.003994394242404721
42.91,-0.003939609054499571,0.005541115461241461,0.01227412438783258,0.003939609054499571
42.92,-0.003883593149706712,0.005662686404685363,0.01204674316961472,0.003883593149706712
42.93,-0.003826369033024562,0.00578195684793428,0.01181575627864438,0.003826369033024562
42.94,-0.003767959628297724,0.005898892022533139,0.01158125281507122,0.003767959628297724
42.95,-0.003708388278217103,0.006013458160014944,0.0113433230755898,0.003708388278217103
42.96,-0.003647678744320028,0.006125622491900553,0.01110205855344006,0.003647678744320028
42.97,-0.003585855206990019,0.006235353249699165,0.01085755193840637,0.003585855206990019
42.98,-0.003522942265456935,0.006342619664907988,0.01060989711681817,0.003522942265456935
42.99,-0.003458964937796888,0.006447391969012384,0.01035918917154958,0.003458964937796888
43,-0.003393948660932439,0.006549641393485593,0.01010552438202019,0.003393948660932439
43.01,-0.003327919290632318,0.006649340169789178,0.00984900022419396,0.003327919290632318
43.02,-0.003260903101511541,0.006746461529372773,0.009589715370579696,0.003260903101511541
43.03,-0.003192926787031599,0.006840979703673912,0.009327769690231746,0.003192926787031599
43.04,-0.003124017459500117,0.006932869924118409,0.009063264248748712,0.003124017459500117
43.05,-0.003054202650071081,0.007022108422120134,0.008796301308274312,0.003054202650071081
43.06,-0.002983510308744739,0.007108672429081063,0.008526984327497013,0.002983510308744739
43.07,-0.002911968804367787,0.007192540176391116,0.008255417961650715,0.002911968804367787
43.08,-0.002839606924633072,0.007273690895428482,0.007981708062513644,0.002839606924633072
43.09,-0.00276645387607975,0.007352104817559424,0.007705961678408948,0.00276645387607975
43.1,-0.002692539284093436,0.007427763174138161,0.00742828705420525,0.002692539284093436
43.11,-0.002617891697023258,0.007500648664672442,0.007148788292189424,0.002617891697023258
43.12,-0.002542524246801312,0.007570748646204763,0.006867514514294394,0.002542524246801312
43.13,-0.002466462317536721,0.007638045131686847,0.00658455897135737,0.002466462317536721
43.14,-0.002389736110892538,0.007702519473774932,0.00630003188551909,0.002389736110892538
43.15,-0.002312375768394134,0.007764154184415261,0.006014042963390014,0.002312375768394134
43.16,-0.002234411371429417,0.007822932934843894,0.005726701396051158,0.002234411371429417
43.17,-0.00215587294124872,0.00787884055558679,0.005438115859053661,0.00215587294124872
43.18,-0.002076790438965028,0.007931863036459643,0.005148394512419621,0.002076790438965028
43.19,-0.00199719376555364,0.007981987526568143,0.004857645000640866,0.00199719376555364
43.2,-0.001917112761852338,0.008029202334307822,0.004565974452679555,0.001917112761852338
43.21,-0.001836577208561554,0.008073496927363977,0.004273489481968807,0.001836577208561554
43.22,-0.001755616826244033,0.008114861932711869,0.003980296186411466,0.001755616826244033
43.23,-0.001674261275325062,0.008153289136616587,0.003686500148380922,0.001674261275325062
43.24,-0.001592540156092348,0.008188771484633105,0.003392206434720689,0.001592540156092348
43.25,-0.001510483008696257,0.008221303081606178,0.003097519596745253,0.001510483008696257
43.26,-0.001428119313149463,0.008250879191670508,0.002802543670238812,0.001428119313149463
43.27,-0.001345478489327122,0.008277496238250649,0.002507382175455908,0.001345478489327122
43.28,-0.001262589896967048,0.008301151804060949,0.002212138117122042,0.001262589896967048
43.29,-0.001179482835669361,0.008321844631105692,0.001916913984432433,0.001179482835669361
43.3,-0.001096186544896724,0.008339574620678995,0.001621811751052845,0.001096186544896724
43.31,-0.001012730203974219,0.008354342833364841,0.001326932875119175,0.001012730203974219
43.32,-0.0009291429320895958,0.00836615148903706,0.001032378299238297,0.0009291429320895958
43.33,-0.0008454537882928993,0.008375003966859354,0.0007382484504867737,0.0008454537882928993
43.34,-0.0007616917714966652,0.008380904805285295,0.0004446432404115367,0.0007616917714966652
43.35,-0.0006778858204760811,0.008383859702058297,0.000151662065030451,0.0006778858204760811
43.36,-0.000594064813868649,0.008383875514211657,-0.0001405961951688698,0.000594064813868649
43.37,-0.0005102575701744052,0.008380960258068519,-0.000432033175228287,0.0005102575701744052
43.38,-0.0004264928477558124,0.008375123109241892,-0.0007225510257195195,0.0004264928477558124
43.39,-0.0003427993448379882,0.00836637440263464,-0.001012052412743342,0.0003427993448379882
43.4,-0.0002592056995083646,0.008354725632439507,-0.001300440517930781,0.0002592056995083646
43.41,-0.0001757404897169087,0.008340189452139084,-0.001587619038442335,0.0001757404897169087
43.42,-9.243223327601221e-05,0.008322779674505806,-0.00187349218696836,9.243223327601221e-05
43.43,-9.309387860720959e-06,0.008302511271602024,-0.002157964691728287,9.309387860720959e-06
43.44,7.3599648991601e-05,0.008279400374779894,-0.002440941796471767,-7.3599648991601e-05
43.45,0.0001562665398811188,0.00825346427468145,-0.002722329260478153,-0.0001562665398811188
43.46,0.0002386630075453304,0.008224721421238623,-0.003002033358555826,-0.0002386630075453304
43.47,0.0003207608348594341,0.008193191423673142,-0.003279960881043448,-0.0003207608348594341
43.48,0.0004025318648360891,0.00815889505049666,-0.003556019133809155,-0.0004025318648360891
43.49,0.0004839480006255214,0.008121854229510598,-0.003830115938250898,-0.0004839480006255214
43.5,0.0005649812055153001,0.008082092047806404,-0.004102159631295717,-0.0005649812055153001
43.51,0.0006456035029307073,0.008039632751765214,-0.00437205906540095,-0.0006456035029307073
43.52,0.0007257869764345046,0.00799450174705809,-0.004639723608553481,-0.0007257869764345046
43.53,0.0008055037697268308,0.007946725598646029,-0.004905063144269381,-0.0008055037697268308
43.54,0.0008847260866455135,0.007896332030779758,-0.005167988071594945,-0.0008847260866455135
43.55,0.0009634289753971957,0.007843344772703369,-0.005428417652891638,-0.0009634289753971957
43.56,0.001041597833967913,0.007787767811550865,-0.005686302028033317,-0.001041597833967913
43.57,0.001119206534868227,0.007729625280521927,-0.00594155646672088,-0.001119206534868227
43.58,0.001196227662489278,0.007668945014314697,-0.006194092723993867,-0.001196227662489278
43.59,0.001272634255556963,0.007605755474127461,-0.006443824304283196,-0.001272634255556963
43.6,0.001348399807131771,0.007540085747658802,-0.006690666461410625,-0.001348399807131771
43.61,0.001423498264609112,0.007471965549107314,-0.006934536198589833,-0.001423498264609112
43.62,0.001497904029719101,0.007401425219171808,-0.0071753522684257,-0.001497904029719101
43.63,0.00157159195852666,0.007328495725051181,-0.007413035172914655,-0.00157159195852666
43.64,0.001644537361431312,0.007253208660444647,-0.007647507163444,-0.001644537361431312
43.65,0.001716716003167494,0.007175596245551426,-0.007878692240792925,-0.001716716003167494
43.66,0.001788104102804349,0.007095691327070944,-0.008106516155131841,-0.001788104102804349
43.67,0.001858678333745826,0.007013527378202713,-0.008330906406022678,-0.001858678333745826
43.68,0.00192841582373048,0.006929138498646589,-0.008551792242418286,-0.00192841582373048
43.69,0.001997294154831778,0.006842559414602405,-0.008769104662663375,-0.001997294154831778
43.7,0.002065291363457937,0.006753825478770141,-0.008982776414494017,-0.002065291363457937
43.71,0.00213238594035179,0.006662972670350121,-0.00919274199503721,-0.00213238594035179
43.72,0.00219855683059107,0.006570037595042644,-0.009398937650811802,-0.00219855683059107
43.73,0.00226378343358822,0.00647505748504822,-0.009601301377727856,-0.00226378343358822
43.74,0.002328045603090487,0.006378070199067446,-0.009799772921086965,-0.002328045603090487
43.75,0.002391323647179735,0.006279114222301282,-0.009994293775581671,-0.002391323647179735
43.76,0.002453598328272725,0.006178228666450647,-0.01018480718529633,-0.002453598328272725
43.77,0.002514850863120972,0.006075453269716593,-0.01037125814370667,-0.002514850863120972
43.78,0.002575062922810619,0.005970828396800557,-0.01055359339367938,-0.002575062922810619
43.79,0.002634216632762694,0.005864395038903915,-0.01073176142747296,-0.002634216632762694
43.8,0.00269229457273294,0.005756194813728265,-0.01090571248673714,-0.00269229457273294
43.81,0.002749279776811901,0.00564626996547529,-0.01107539856251316,-0.002749279776811901
43.82,0.002805155733424749,0.005534663364847047,-0.01124077339523325,-0.002805155733424749
43.83,0.002859906385331545,0.005421418509045543,-0.01140179247472143,-0.002859906385331545
43.84,0.002913516129627097,0.00530657952177291,-0.01155841304019308,-0.002913516129627097
43.85,0.002965969817740858,0.005190191153231689,-0.01171059408025457,-0.002965969817740858
43.86,0.003017252755437153,0.005072298780124337,-0.01185829633290407,-0.003017252755437153
43.87,0.003067350702815026,0.004952948405653533,-0.01200148228553095,-0.003067350702815026
43.88,0.00311624987430831,0.004832186659522048,-0.01214011617491609,-0.00311624987430831
43.89,0.003163936938685504,0.004710060797933066,-0.0122741639872315,-0.003163936938685504
43.9,0.003210399019049944,0.004586618703589623,-0.01240359345804075,-0.003210399019049944
43.91,0.003255623692839711,0.004461908885695072,-0.0125283740722988,-0.003255623692839711
43.92,0.003299598991827671,0.004335980479952767,-0.01264847706435204,-0.003299598991827671
43.93,0.003342313402121341,0.004208883248566522,-0.01276387541793797,-0.003342313402121341
43.94,0.0033837558641631,0.004080667580240004,-0.01287454386618575,-0.0033837558641631
43.95,0.003423915940975625,0.00395138323044835,-0.01298045914587844,-0.003423915940975625
43.96,0.00346278639140975,0.003821056249481198,-0.01308160288245899,-0.00346278639140975
43.97,0.003500357184504258,0.003689728365260948,-0.01317795111046262,-0.003500357184504258
43.98,0.003536617329281386,0.003557451214642514,-0.01326947913142759,-0.003536617329281386
43.99,0.003571556394418284,0.003424276269132742,-0.01335616415458691,-0.003571556394418284
44,0.003605164508246917,0.003290254834890809,-0.0134379852968681,-0.003605164508246917
44.01,0.003637432358754219,0.003155438052727633,-0.01351492358289359,-0.003637432358754219
44.02,0.003668351193582007,0.003019876898106176,-0.01358696194498047,-0.003668351193582007
44.03,0.003697912820026924,0.002883622181141717,-0.01365408522314041,-0.003697912820026924
44.04,0.003726109605040569,0.002746724546601285,-0.01371628016507991,-0.003726109605040569
44.05,0.003752934475229408,0.002609234473904043,-0.01377353542620013,-0.003752934475229408
44.06,0.003778380916854817,0.002471202277121084,-0.01382584156959697,-0.003778380916854817
44.07,0.003802442975833007,0.00233267810497584,-0.01387319106606092,-0.003802442975833007
44.08,0.003825115257735134,0.002193711940843481,-0.01391557829407729,-0.003825115257735134
44.09,0.003846392927787241,0.002054353602751211,-0.01395299953982606,-0.003846392927787241
44.1,0.003866271710870215,0.001914652743378565,-0.01398545299718184,-0.003866271710870215
44.11,0.00388474789151988,0.001774658850056821,-0.01401293876771404,-0.00388474789151988
44.12,0.003901818313926934,0.00163442124476939,-0.01403545886068673,-0.003901818313926934
44.13,0.003917480381936976,0.001493989084151617,-0.0140530171930587,-0.003917480381936976
44.14,0.003931732059050464,0.001353411359491185,-0.01406561958948337,-0.003931732059050464
44.15,0.003944571868422776,0.001212736896727509,-0.01407327378230896,-0.003944571868422776
44.16,0.003955998892864173,0.001072014356452148,-0.01407598941157834,-0.003955998892864173
44.17,0.003966012774839809,0.0009312922339085859,-0.01407377802502909,-0.003966012774839809
44.18,0.003974613716469712,0.0007906188589926506,-0.01406665307809348,-0.003974613716469712
44.19,0.003981802479528816,0.0006500423962518989,-0.0140546299338985,-0.003981802479528816
44.2,0.003987580385446946,0.0005096108448859334,-0.01403772586326581,-0.003987580385446946
44.21,0.003991949315308805,0.000369372038746681,-0.01401596004471184,-0.003991949315308805
44.22,0.003994911709853995,0.0002293736463378119,-0.01398935356444765,-0.003994911709853995
44.23,0.00399647056947701,8.96631708151252e-05,-0.01395792941637905,-0.00399647056947701
44.24,0.003996629454227224,-4.971205001363217e-05,-0.01392171250210647,-0.003996629454227224
44.25,0.003995392483808913,-0.0001887048436883913,-0.01388072963092517,-0.003995392483808913
44.26,0.003992764337581236,-0.0003272682030973419,-0.01383500951982502,-0.003992764337581236
44.27,0.003988750254558242,-0.0004653552864766341,-0.01378458279349058,-0.003988750254558242
44.28,0.003983356033408876,-0.0006029194174100845,-0.01372948198430121,-0.003983356033408876
44.29,0.003976588032456973,-0.0007399140848297791,-0.01366974153233089,-0.003976588032456973
44.3,0.003968453169681249,-0.0008762929430156617,-0.01360539778534832,-0.003968453169681249
44.31,0.003958958922715306,-0.001012009811595753,-0.01353648899881681,-0.003958958922715306
44.32,0.003948113328847664,-0.001147018675545711,-0.01346305533589461,-0.003948113328847664
44.33,0.003935924985021713,-0.001281273685189493,-0.01338513886743446,-0.003935924985021713
44.34,0.003922403047835709,-0.00141472915619899,-0.01330278357198377,-0.003922403047835709
44.35,0.003907557233542865,-0.001547339569593777,-0.01321603533578494,-0.003907557233542865
44.36,0.003891397818051223,-0.001679059571741683,-0.01312494195277476,-0.003891397818051223
44.37,0.003873935636923728,-0.001809843974358408,-0.01302955312458484,-0.003873935636923728
44.38,0.003855182034261719,-0.001939647866743553,-0.01292992025270555,-0.003855182034261719
44.39,0.00383514093037118,-0.002068443012124427,-0.01282606445546332,-0.00383514093037118
44.4,0.003813817774101744,-0.00219619582645479,-0.01271801359142648,-0.003813817774101744
44.41,0.003791223653481198,-0.00232286115253969,-0.01260581823427969,-0.003791223653481198
44.42,0.00376736999176323,-0.002448394633516605,-0.01248952991537229,-0.00376736999176323
44.43,0.003742268547427493,-0.0025727527128551,-0.01236920112371871,-0.003742268547427493
44.44,0.00371593141417951,-0.002695892634357351,-0.01224488530599788,-0.00371593141417951
44.45,0.003688371020950718,-0.002817772442157881,-0.01211663686655357,-0.003688371020950718
44.46,0.00365960013189853,-0.002938350980723303,-0.01198451116739457,-0.00365960013189853
44.47,0.00362963184640622,-0.003057587894852833,-0.01184856452819423,-0.00362963184640622
44.48,0.003598479599082997,-0.003175443629677956,-0.01170885422629078,-0.003598479599082997
44.49,0.003566157159763963,-0.003291879430662578,-0.01156543849668712,-0.003566157159763963
44.5,0.003532678633510212,-0.003406857343602713,-0.01141837653205128,-0.003532678633510212
44.51,0.003498058460608683,-0.003520340214626966,-0.01126772848271578,-0.003498058460608683
44.52,0.003462311416572231,-0.00363229169019629,-0.01111355545667791,-0.003462311416572231
44.53,0.003425452612139704,-0.003742676217103747,-0.01095591951960011,-0.003425452612139704
44.54,0.003387497493275793,-0.003851459042474983,-0.01079488369480927,-0.003387497493275793
44.55,0.003348461841171132,-0.003958606213767914,-0.0106305119632972,-0.003348461841171132
44.56,0.003308361772242242,-0.00406408457877288,-0.01046286926372036,-0.003308361772242242
44.57,0.003267213738131651,-0.004167861785612343,-0.0102920214924004,-0.003267213738131651
44.58,0.003225034525707714,-0.004269906282741337,-0.01011803550332339,-0.003225034525707714
44.59,0.003181841257064707,-0.004370187318947245,-0.009940979108140189,-0.003181841257064707
44.6,0.00313765138952291,-0.004468674943349574,-0.009760921076166832,-0.00313765138952291
44.61,0.003092482715628433,-0.004565340005400402,-0.009577931134383783,-0.003092482715628433
44.62,0.003046353363153336,-0.004660154154884085,-0.009392079967436427,-0.003046353363153336
44.63,0.002999281795095557,-0.004753089841917381,-0.009203439217634796,-0.002999281795095557
44.64,0.002951286809679057,-0.004844120316949213,-0.009012081484954131,-0.002951286809679057
44.65,0.002902387540353611,-0.00493321963076104,-0.008818080327034071,-0.002902387540353611
44.66,0.002852603455794948,-0.005020362634466603,-0.008621510259179179,-0.002852603455794948
44.67,0.002801954359904679,-0.005105524979512061,-0.008422446754358685,-0.002801954359904679
44.68,0.002750460391810432,-0.005188683117675725,-0.008220966243207013,-0.002750460391810432
44.69,0.002698142025865657,-0.005269814301068447,-0.008017146114022992,-0.002698142025865657
44.7,0.002645020071649716,-0.005348896582133415,-0.007811064712770231,-0.002645020071649716
44.71,0.002591115673968001,-0.005425908813646007,-0.007602801343077577,-0.002591115673968001
44.72,0.002536450312851701,-0.005500830648714103,-0.007392436266238207,-0.002536450312851701
44.73,0.002481045803557983,-0.005573642540777897,-0.007180050701210316,-0.002481045803557983
44.74,0.002424924296569856,-0.005644325743609947,-0.006965726824616624,-0.002424924296569856
44.75,0.002368108277596397,-0.005712862311315041,-0.006749547770745214,-0.002368108277596397
44.76,0.002310620567572474,-0.005779235098330454,-0.006531597631548472,-0.002310620567572474
44.77,0.002252484322658864,-0.005843427759425785,-0.006311961456643565,-0.002252484322658864
44.78,0.002193723034242384,-0.005905424749702885,-0.006090725253312911,-0.002193723034242384
44.79,0.002134360528935655,-0.005965211324596056,-0.005867975986503297,-0.002134360528935655
44.8,0.002074418048888236,-0.006022771125409232,-0.005643792035906962,-0.002074418048888236
44.81,0.002013910875042944,-0.006078083430193511,-0.005418232147746928,-0.002013910875042944
44.82,0.001952861454172865,-0.0061311341953829,-0.005191378291017098,-0.001952861454172865
44.83,0.001891292777141904,-0.006181910652545281,-0.004963313995348644,-0.001891292777141904
44.84,0.001829227878112888,-0.006230400895160477,-0.004734122713945423,-0.001829227878112888
44.85,0.001766689834547699,-0.006276593878620148,-0.004503887823584464,-0.001766689834547699
44.86,0.00170370176720701,-0.006320479420228012,-0.00427269262461499,-0.00170370176720701
44.87,0.001640286840150462,-0.006362048199199699,-0.004040620340959072,-0.001640286840150462
44.88,0.001576468260736574,-0.006401291756662804,-0.003807754120111299,-0.001576468260736574
44.89,0.001512269279622924,-0.006438202495656797,-0.003574177033139441,-0.001512269279622924
44.9,0.001447713190765877,-0.006472773681133172,-0.003339972074683453,-0.001447713190765877
44.91,0.001382823331420768,-0.006504999439955344,-0.003105222162956143,-0.001382823331420768
44.92,0.001317623082141806,-0.006534874760898686,-0.002870010139742825,-0.001317623082141806
44.93,0.001252135866782269,-0.006562395494650483,-0.002634418770402019,-0.001252135866782269
44.94,0.001186385152494212,-0.006587558353810001,-0.002398530743864413,-0.001186385152494212
44.95,0.001120394449728617,-0.006610360912888453,-0.002162428672633377,-0.001120394449728617
44.96,0.001054187312235528,-0.006630801608308967,-0.00192619509278547,-0.001054187312235528
44.97,0.0009877873370637688,-0.006648879738406637,-0.001689912463969426,-0.0009877873370637688
44.98,0.0009212181645611459,-0.006664595463428521,-0.001453663169406861,-0.0009212181645611459
44.99,0.0008545034783743241,-0.006677949805533613,-0.001217529515891856,-0.0008545034783743241
45,0.0007876670054490487,-0.006688944648792828,-0.0009815937337917273,-0.0007876670054490487
