minute,door_heat,load_heat,ambient_C,capacity,sensor_bias_C
0,0.00000,0.00000,17.34653,1.00000,0.00000
1,0.00000,0.00000,17.35821,1.00000,0.00000
2,0.00000,0.00000,17.31631,1.00000,0.00000
3,0.00000,0.00000,17.64079,1.00000,0.00000
4,0.00000,0.00000,17.88073,1.00000,0.00000
5,0.00000,0.00000,17.49539,1.00000,0.00000
6,0.00000,0.00000,17.33685,1.00000,0.00000
7,0.00000,0.00000,17.40034,1.00000,0.00000
8,0.00000,0.00000,17.35132,1.00000,0.00000
9,0.00000,0.00000,18.11247,1.00000,0.00000
10,0.00000,0.00000,17.59831,1.00000,0.00000
11,0.00000,0.00000,17.46586,1.00000,0.00000
12,0.00000,0.00000,16.88946,1.00000,0.00000
13,0.00000,0.00000,17.42904,1.00000,0.00000
14,0.00000,0.00000,18.00473,1.00000,0.00000
15,0.00000,0.00000,17.68224,1.00000,0.00000
16,0.00000,0.00000,17.03920,1.00000,0.00000
17,0.00000,0.00000,18.11846,1.00000,0.00000
18,0.00000,0.00000,18.12664,1.00000,0.00000
19,0.00000,0.00000,17.47927,1.00000,0.00000
20,0.00000,0.00000,16.95972,1.00000,0.00000
21,0.00000,0.00000,17.13496,1.00000,0.00000
22,0.00000,0.00000,17.55352,1.00000,0.00000
23,0.00000,0.00000,17.03676,1.00000,0.00000
24,0.00000,0.00000,17.51972,1.00000,0.00000
25,0.00000,0.00000,17.22940,1.00000,0.00000
26,0.00000,0.00000,17.68495,1.00000,0.00000
27,0.00000,0.00000,17.37596,1.00000,0.00000
28,0.00000,0.00000,17.68631,1.00000,0.00000
29,0.00000,0.00000,17.39180,1.00000,0.00000
30,0.00000,0.00000,17.62209,1.00000,0.00000
31,0.00000,0.00000,17.13742,1.00000,0.00000
32,0.00000,0.00000,17.55230,1.00000,0.00000
33,0.00000,0.00000,16.85340,1.00000,0.00000
34,0.00000,0.00000,17.34937,1.00000,0.00000
35,0.00000,0.00000,17.55321,1.00000,0.00000
36,0.00000,0.00000,17.20193,1.00000,0.00000
37,0.00000,0.00000,17.48404,1.00000,0.00000
38,0.00000,0.00000,17.92379,1.00000,0.00000
39,0.00000,0.00000,17.17500,1.00000,0.00000
40,0.00000,0.00000,17.51895,1.00000,0.00000
41,0.00000,0.00000,17.83680,1.00000,0.00000
42,0.00000,0.00000,17.98089,1.00000,0.00000
43,0.00000,0.00000,17.17815,1.00000,0.00000
44,0.00000,0.00000,17.37312,1.00000,0.00000
45,0.00000,0.00000,17.53887,1.00000,0.00000
46,0.00000,0.00000,17.44132,1.00000,0.00000
47,0.00000,0.00000,17.05998,1.00000,0.00000
48,0.00000,0.00000,17.31241,1.00000,0.00000
49,0.00000,0.00000,17.95636,1.00000,0.00000
50,0.00000,0.00000,17.24347,1.00000,0.00000
51,0.00000,0.00000,17.35649,1.00000,0.00000
52,0.00000,0.00000,17.34897,1.00000,0.00000
53,0.00000,0.00000,17.58513,1.00000,0.00000
54,0.00000,0.00000,16.71207,1.00000,0.00000
55,0.00000,0.00000,17.49400,1.00000,0.00000
56,0.00000,0.00000,16.97812,1.00000,0.00000
57,0.00000,0.00000,17.96371,1.00000,0.00000
58,0.00000,0.00000,18.10502,1.00000,0.00000
59,0.00000,0.00000,17.11372,1.00000,0.00000
60,0.00000,0.00000,17.78656,1.00000,0.00000
61,0.00000,0.00000,17.58344,1.00000,0.00000
62,0.00000,0.00000,17.10604,1.00000,0.00000
63,0.00000,0.00000,17.79767,1.00000,0.00000
64,0.00000,0.00000,17.24972,1.00000,0.00000
65,0.00000,0.00000,16.99752,1.00000,0.00000
66,0.00000,0.00000,17.50465,1.00000,0.00000
67,0.00000,0.00000,17.61373,1.00000,0.00000
68,0.00000,0.00000,17.25156,1.00000,0.00000
69,0.00000,0.00000,17.46954,1.00000,0.00000
70,0.00000,0.00000,17.04759,1.00000,0.00000
71,0.00000,0.00000,17.61345,1.00000,0.00000
72,0.00000,0.00000,17.97107,1.00000,0.00000
73,0.00000,0.00000,18.02327,1.00000,0.00000
74,0.00000,0.00000,17.54048,1.00000,0.00000
75,0.00000,0.00000,17.99264,1.00000,0.00000
76,0.00000,0.00000,17.44553,1.00000,0.00000
77,0.00000,0.00000,17.38507,1.00000,0.00000
78,0.00000,0.00000,17.53236,1.00000,0.00000
79,0.00000,0.00000,17.01873,1.00000,0.00000
80,0.00000,0.00000,17.22869,1.00000,0.00000
81,0.00000,0.00000,18.31466,1.00000,0.00000
82,0.00000,0.00000,17.20582,1.00000,0.00000
83,0.00000,0.00000,17.37697,1.00000,0.00000
84,0.00000,0.00000,17.16708,1.00000,0.00000
85,0.00000,0.00000,17.69096,1.00000,0.00000
86,0.00000,0.00000,16.88767,1.00000,0.00000
87,0.00000,0.00000,17.07430,1.00000,0.00000
88,0.00000,0.00000,17.48261,1.00000,0.00000
89,0.00000,0.00000,17.88575,1.00000,0.00000
90,0.00000,0.00000,18.11702,1.00000,0.00000
91,0.00000,0.00000,17.43142,1.00000,0.00000
92,0.00000,0.00000,17.72548,1.00000,0.00000
93,0.00000,0.00000,18.13041,1.00000,0.00000
94,0.00000,0.00000,17.38449,1.00000,0.00000
95,0.00000,0.00000,17.66382,1.00000,0.00000
96,0.00000,0.00000,16.98002,1.00000,0.00000
97,0.00000,0.00000,17.51119,1.00000,0.00000
98,0.00000,0.00000,17.13721,1.00000,0.00000
99,0.00000,0.00000,17.25407,1.00000,0.00000
100,0.00000,0.00000,17.61492,1.00000,0.00000
101,0.00000,0.00000,17.79253,1.00000,0.00000
102,0.00000,0.00000,17.24944,1.00000,0.00000
103,0.00000,0.00000,16.98916,1.00000,0.00000
104,0.00000,0.00000,17.62879,1.00000,0.00000
105,0.00000,0.00000,16.91604,1.00000,0.00000
106,0.00000,0.00000,17.06803,1.00000,0.00000
107,0.00000,0.00000,17.46921,1.00000,0.00000
108,0.00000,0.00000,17.26151,1.00000,0.00000
109,0.00000,0.00000,17.93085,1.00000,0.00000
110,0.00000,0.00000,17.40596,1.00000,0.00000
111,0.00000,0.00000,17.38381,1.00000,0.00000
112,0.00000,0.00000,17.36012,1.00000,0.00000
113,0.00000,0.00000,17.55406,1.00000,0.00000
114,0.00000,0.00000,17.38473,1.00000,0.00000
115,0.00000,0.00000,17.06771,1.00000,0.00000
116,0.00000,0.00000,17.31976,1.00000,0.00000
117,0.00000,0.00000,17.47111,1.00000,0.00000
118,0.00000,0.00000,17.49668,1.00000,0.00000
119,0.00000,0.00000,17.81523,1.00000,0.00000
120,0.00000,0.00000,17.56333,1.00000,0.00000
121,0.00000,0.00000,17.58961,1.00000,0.00000
122,0.00000,0.00000,17.79697,1.00000,0.00000
123,0.00000,0.00000,17.77402,1.00000,0.00000
124,0.00000,0.00000,17.48856,1.00000,0.00000
125,0.00000,0.00000,17.64951,1.00000,0.00000
126,0.00000,0.00000,17.42893,1.00000,0.00000
127,0.00000,0.00000,17.98811,1.00000,0.00000
128,0.00000,0.00000,17.92166,1.00000,0.00000
129,0.00000,0.00000,17.93821,1.00000,0.00000
130,0.00000,0.00000,17.39456,1.00000,0.00000
131,0.00000,0.00000,17.69069,1.00000,0.00000
132,0.00000,0.00000,18.03245,1.00000,0.00000
133,0.00000,0.00000,17.36992,1.00000,0.00000
134,0.00000,0.00000,17.69349,1.00000,0.00000
135,0.00000,0.00000,17.86567,1.00000,0.00000
136,0.00000,0.00000,17.89317,1.00000,0.00000
137,0.00000,0.00000,17.38506,1.00000,0.00000
138,0.00000,0.00000,17.65554,1.00000,0.00000
139,0.00000,0.00000,17.98491,1.00000,0.00000
140,0.00000,0.00000,17.83342,1.00000,0.00000
141,0.00000,0.00000,18.16757,1.00000,0.00000
142,0.00000,0.00000,17.35311,1.00000,0.00000
143,0.00000,0.00000,17.71612,1.00000,0.00000
144,0.00000,0.00000,17.83173,1.00000,0.00000
145,0.00000,0.00000,17.30652,1.00000,0.00000
146,0.00000,0.00000,17.87817,1.00000,0.00000
147,0.00000,0.00000,17.78733,1.00000,0.00000
148,0.00000,0.00000,18.00797,1.00000,0.00000
149,0.00000,0.00000,17.46079,1.00000,0.00000
150,0.00000,0.00000,17.74527,1.00000,0.00000
151,0.00000,0.00000,17.88879,1.00000,0.00000
152,0.00000,0.00000,17.69969,1.00000,0.00000
153,0.00000,0.00000,17.30704,1.00000,0.00000
154,0.00000,0.00000,17.69392,1.00000,0.00000
155,0.00000,0.00000,17.72196,1.00000,0.00000
156,0.00000,0.00000,17.92515,1.00000,0.00000
157,0.00000,0.00000,18.47150,1.00000,0.00000
158,0.00000,0.00000,18.50160,1.00000,0.00000
159,0.00000,0.00000,17.38515,1.00000,0.00000
160,0.00000,0.00000,17.96728,1.00000,0.00000
161,0.00000,0.00000,18.35564,1.00000,0.00000
162,0.00000,0.00000,17.60514,1.00000,0.00000
163,0.00000,0.00000,17.92745,1.00000,0.00000
164,0.00000,0.00000,17.92532,1.00000,0.00000
165,0.00000,0.00000,18.16735,1.00000,0.00000
166,0.00000,0.00000,17.52584,1.00000,0.00000
167,0.00000,0.00000,17.81158,1.00000,0.00000
168,0.00000,0.00000,17.79791,1.00000,0.00000
169,0.00000,0.00000,17.60086,1.00000,0.00000
170,0.00000,0.00000,17.91987,1.00000,0.00000
171,0.00000,0.00000,17.82945,1.00000,0.00000
172,0.00000,0.00000,17.75493,1.00000,0.00000
173,0.00000,0.00000,17.72928,1.00000,0.00000
174,0.00000,0.00000,17.99854,1.00000,0.00000
175,0.00000,0.00000,18.04575,1.00000,0.00000
176,0.00000,0.00000,18.10427,1.00000,0.00000
177,0.00000,0.00000,18.57630,1.00000,0.00000
178,0.00000,0.00000,18.40645,1.00000,0.00000
179,0.00000,0.00000,17.96107,1.00000,0.00000
180,0.00000,0.00000,17.94667,1.00000,0.00000
181,0.00000,0.00000,17.83678,1.00000,0.00000
182,0.00000,0.00000,18.46386,1.00000,0.00000
183,0.00000,0.00000,17.38396,1.00000,0.00000
184,0.00000,0.00000,18.08199,1.00000,0.00000
185,0.00000,0.00000,17.80716,1.00000,0.00000
186,0.00000,0.00000,18.15296,1.00000,0.00000
187,0.00000,0.00000,18.70600,1.00000,0.00000
188,0.00000,0.00000,18.68082,1.00000,0.00000
189,0.00000,0.00000,17.74253,1.00000,0.00000
190,0.00000,0.00000,17.63974,1.00000,0.00000
191,0.00000,0.00000,18.86049,1.00000,0.00000
192,0.00000,0.00000,18.16176,1.00000,0.00000
193,0.00000,0.00000,18.49972,1.00000,0.00000
194,0.00000,0.00000,18.11655,1.00000,0.00000
195,0.00000,0.00000,18.47151,1.00000,0.00000
196,0.00000,0.00000,18.29976,1.00000,0.00000
197,0.00000,0.00000,18.95644,1.00000,0.00000
198,0.00000,0.00000,18.02480,1.00000,0.00000
199,0.00000,0.00000,17.96018,1.00000,0.00000
200,0.00000,0.00000,17.66401,1.00000,0.00000
201,0.00000,0.00000,17.74779,1.00000,0.00000
202,0.00000,0.00000,18.29503,1.00000,0.00000
203,0.00000,0.00000,17.88739,1.00000,0.00000
204,0.00000,0.00000,18.01880,1.00000,0.00000
205,0.00000,0.00000,18.50210,1.00000,0.00000
206,0.00000,0.00000,17.94350,1.00000,0.00000
207,0.00000,0.00000,17.98072,1.00000,0.00000
208,0.00000,0.00000,18.86490,1.00000,0.00000
209,0.00000,0.00000,18.35236,1.00000,0.00000
210,0.00000,0.00000,18.17776,1.00000,0.00000
211,0.00000,0.00000,17.95550,1.00000,0.00000
212,0.00000,0.00000,18.03293,1.00000,0.00000
213,0.00000,0.00000,17.53911,1.00000,0.00000
214,0.00000,0.00000,18.72704,1.00000,0.00000
215,0.00000,0.00000,18.26047,1.00000,0.00000
216,0.00000,0.00000,18.79270,1.00000,0.00000
217,0.00000,0.00000,18.48010,1.00000,0.00000
218,0.00000,0.00000,18.16126,1.00000,0.00000
219,0.00000,0.00000,18.36016,1.00000,0.00000
220,0.00000,0.00000,18.53269,1.00000,0.00000
221,0.00000,0.00000,18.81488,1.00000,0.00000
222,0.00000,0.00000,18.85569,1.00000,0.00000
223,0.00000,0.00000,18.40602,1.00000,0.00000
224,0.00000,0.00000,18.73352,1.00000,0.00000
225,0.00000,0.00000,18.49885,1.00000,0.00000
226,0.00000,0.00000,18.65075,1.00000,0.00000
227,0.00000,0.00000,18.59637,1.00000,0.00000
228,0.00000,0.00000,18.74328,1.00000,0.00000
229,0.00000,0.00000,18.87136,1.00000,0.00000
230,0.00000,0.00000,18.07158,1.00000,0.00000
231,0.00000,0.00000,18.48857,1.00000,0.00000
232,0.00000,0.00000,19.43182,1.00000,0.00000
233,0.00000,0.00000,18.93183,1.00000,0.00000
234,0.00000,0.00000,18.73231,1.00000,0.00000
235,0.00000,0.00000,19.00824,1.00000,0.00000
236,0.00000,0.00000,18.85281,1.00000,0.00000
237,0.00000,0.00000,18.83773,1.00000,0.00000
238,0.00000,0.00000,18.58398,1.00000,0.00000
239,0.00000,0.00000,19.54503,1.00000,0.00000
240,0.00000,0.00000,18.44689,1.00000,0.00000
241,0.00000,0.00000,18.36834,1.00000,0.00000
242,0.00000,0.00000,18.52338,1.00000,0.00000
243,0.00000,0.00000,18.62407,1.00000,0.00000
244,0.00000,0.00000,18.87740,1.00000,0.00000
245,0.00000,0.00000,18.54754,1.00000,0.00000
246,0.00000,0.00000,18.80457,1.00000,0.00000
247,0.00000,0.00000,18.41736,1.00000,0.00000
248,0.00000,0.00000,18.58397,1.00000,0.00000
249,0.00000,0.00000,18.57649,1.00000,0.00000
250,0.00000,0.00000,18.94024,1.00000,0.00000
251,0.00000,0.00000,18.96975,1.00000,0.00000
252,0.00000,0.00000,18.56748,1.00000,0.00000
253,0.00000,0.00000,19.40217,1.00000,0.00000
254,0.00000,0.00000,19.39372,1.00000,0.00000
255,0.00000,0.00000,19.65065,1.00000,0.00000
256,0.00000,0.00000,18.64502,1.00000,0.00000
257,0.00000,0.00000,18.83667,1.00000,0.00000
258,0.00000,0.00000,19.28282,1.00000,0.00000
259,0.00000,0.00000,19.01284,1.00000,0.00000
260,0.00000,0.00000,18.77249,1.00000,0.00000
261,0.00000,0.00000,19.21537,1.00000,0.00000
262,0.00000,0.00000,19.04257,1.00000,0.00000
263,0.00000,0.00000,19.50614,1.00000,0.00000
264,0.00000,0.00000,19.06749,1.00000,0.00000
265,0.00000,0.00000,18.98269,1.00000,0.00000
266,0.00000,0.00000,19.14049,1.00000,0.00000
267,0.00000,0.00000,18.58931,1.00000,0.00000
268,0.00000,0.00000,19.08679,1.00000,0.00000
269,0.00000,0.00000,19.68717,1.00000,0.00000
270,0.00000,0.00000,19.06974,1.00000,0.00000
271,0.00000,0.00000,19.23922,1.00000,0.00000
272,0.00000,0.00000,19.12457,1.00000,0.00000
273,0.00000,0.00000,18.98117,1.00000,0.00000
274,0.00000,0.00000,19.76594,1.00000,0.00000
275,0.00000,0.00000,19.72186,1.00000,0.00000
276,0.00000,0.00000,18.91056,1.00000,0.00000
277,0.00000,0.00000,18.97712,1.00000,0.00000
278,0.00000,0.00000,19.12121,1.00000,0.00000
279,0.00000,0.00000,19.33311,1.00000,0.00000
280,0.00000,0.00000,18.97069,1.00000,0.00000
281,0.00000,0.00000,18.90817,1.00000,0.00000
282,0.00000,0.00000,19.48481,1.00000,0.00000
283,0.00000,0.00000,19.24864,1.00000,0.00000
284,0.00000,0.00000,19.32553,1.00000,0.00000
285,0.00000,0.00000,19.42432,1.00000,0.00000
286,0.00000,0.00000,18.82012,1.00000,0.00000
287,0.00000,0.00000,19.27416,1.00000,0.00000
288,0.00000,0.00000,19.23110,1.00000,0.00000
289,0.00000,0.00000,19.98122,1.00000,0.00000
290,0.00000,0.00000,19.90673,1.00000,0.00000
291,0.00000,0.00000,19.42045,1.00000,0.00000
292,0.00000,0.00000,19.85636,1.00000,0.00000
293,0.00000,0.00000,19.79462,1.00000,0.00000
294,0.00000,0.00000,19.44996,1.00000,0.00000
295,0.00000,0.00000,19.67306,1.00000,0.00000
296,0.00000,0.00000,19.40250,1.00000,0.00000
297,0.00000,0.00000,19.54092,1.00000,0.00000
298,0.00000,0.00000,19.22262,1.00000,0.00000
299,0.00000,0.00000,19.78128,1.00000,0.00000
300,0.00000,0.00000,19.27666,1.00000,0.00000
301,0.00000,0.00000,19.10994,1.00000,0.00000
302,0.00000,0.00000,19.50535,1.00000,0.00000
303,0.00000,0.00000,19.47969,1.00000,0.00000
304,0.00000,0.00000,20.10436,1.00000,0.00000
305,0.00000,0.00000,20.16926,1.00000,0.00000
306,0.00000,0.00000,19.48335,1.00000,0.00000
307,0.00000,0.00000,19.04959,1.00000,0.00000
308,0.00000,0.00000,20.03400,1.00000,0.00000
309,0.00000,0.00000,19.63535,1.00000,0.00000
310,0.00000,0.00000,19.77880,1.00000,0.00000
311,0.00000,0.00000,19.91915,1.00000,0.00000
312,0.00000,0.00000,19.37810,1.00000,0.00000
313,0.00000,0.00000,19.59362,1.00000,0.00000
314,0.00000,0.00000,20.28478,1.00000,0.00000
315,0.00000,0.00000,19.84366,1.00000,0.00000
316,0.00000,0.00000,19.57565,1.00000,0.00000
317,0.00000,0.00000,19.63572,1.00000,0.00000
318,0.00000,0.00000,19.80301,1.00000,0.00000
319,0.00000,0.00000,19.97900,1.00000,0.00000
320,0.00000,0.00000,19.80394,1.00000,0.00000
321,0.00000,0.00000,19.76144,1.00000,0.00000
322,0.00000,0.00000,19.11240,1.00000,0.00000
323,0.00000,0.00000,19.97511,1.00000,0.00000
324,0.00000,0.00000,19.71172,1.00000,0.00000
325,0.00000,0.00000,19.52482,1.00000,0.00000
326,0.00000,0.00000,20.39201,1.00000,0.00000
327,0.00000,0.00000,20.43759,1.00000,0.00000
328,0.00000,0.00000,20.22102,1.00000,0.00000
329,0.00000,0.00000,19.98451,1.00000,0.00000
330,0.00000,0.00000,19.41235,1.00000,0.00000
331,0.00000,0.00000,19.75461,1.00000,0.00000
332,0.00000,0.00000,19.77610,1.00000,0.00000
333,0.00000,0.00000,20.05058,1.00000,0.00000
334,0.00000,0.00000,20.37040,1.00000,0.00000
335,0.00000,0.00000,19.49834,1.00000,0.00000
336,0.00000,0.00000,20.23364,1.00000,0.00000
337,0.00000,0.00000,19.64602,1.00000,0.00000
338,0.00000,0.00000,20.31426,1.00000,0.00000
339,0.00000,0.00000,19.79013,1.00000,0.00000
340,0.00000,0.00000,20.26045,1.00000,0.00000
341,0.00000,0.00000,20.67141,1.00000,0.00000
342,0.00000,0.00000,19.89750,1.00000,0.00000
343,0.00000,0.00000,20.87161,1.00000,0.00000
344,0.00000,0.00000,19.80762,1.00000,0.00000
345,0.00000,0.00000,19.76920,1.00000,0.00000
346,0.00000,0.00000,20.22667,1.00000,0.00000
347,0.00000,0.00000,19.93212,1.00000,0.00000
348,0.00000,0.00000,20.55523,1.00000,0.00000
349,0.00000,0.00000,20.29079,1.00000,0.00000
350,0.00000,0.00000,20.64321,1.00000,0.00000
351,0.00000,0.00000,20.40692,1.00000,0.00000
352,0.00000,0.00000,20.23620,1.00000,0.00000
353,0.00000,0.00000,20.33074,1.00000,0.00000
354,0.00000,0.00000,20.92718,1.00000,0.00000
355,0.00000,0.00000,20.40437,1.00000,0.00000
356,0.00000,0.00000,20.21773,1.00000,0.00000
357,0.00000,0.00000,20.74081,1.00000,0.00000
358,0.00000,0.00000,20.12524,1.00000,0.00000
359,0.00000,0.00000,20.02790,1.00000,0.00000
360,0.00000,0.00000,20.52313,1.00000,0.00000
361,0.00000,0.00000,20.47857,1.00000,0.00000
362,0.00000,0.00000,19.98340,1.00000,0.00000
363,0.00000,0.00000,20.23040,1.00000,0.00000
364,0.00000,0.00000,20.72157,1.00000,0.00000
365,0.00000,0.00000,19.98812,1.00000,0.00000
366,0.00000,0.00000,20.83057,1.00000,0.00000
367,0.00000,0.00000,20.36306,1.00000,0.00000
368,0.00000,0.00000,20.61365,1.00000,0.00000
369,0.00000,0.00000,20.70822,1.00000,0.00000
370,0.00000,0.00000,20.70234,1.00000,0.00000
371,0.00000,0.00000,20.35545,1.00000,0.00000
372,0.00000,0.00000,20.42355,1.00000,0.00000
373,0.00000,0.00000,21.00063,1.00000,0.00000
374,0.00000,0.00000,21.20798,1.00000,0.00000
375,0.00000,0.00000,20.57500,1.00000,0.00000
376,0.00000,0.00000,20.87185,1.00000,0.00000
377,0.00000,0.00000,20.80406,1.00000,0.00000
378,0.00000,0.00000,21.09408,1.00000,0.00000
379,0.00000,0.00000,20.81583,1.00000,0.00000
380,0.00000,0.00000,20.91775,1.00000,0.00000
381,0.00000,0.00000,20.43139,1.00000,0.00000
382,0.00000,0.00000,20.78138,1.00000,0.00000
383,0.00000,0.00000,20.63098,1.00000,0.00000
384,0.00000,0.00000,21.96138,1.00000,0.00000
385,0.00000,0.00000,21.10342,1.00000,0.00000
386,0.00000,0.00000,20.96018,1.00000,0.00000
387,0.00000,0.00000,20.75537,1.00000,0.00000
388,0.00000,0.00000,20.94507,1.00000,0.00000
389,0.00000,0.00000,21.06348,1.00000,0.00000
390,0.00000,0.00000,20.52033,1.00000,0.00000
391,0.00000,0.00000,20.98475,1.00000,0.00000
392,0.00000,0.00000,21.40056,1.00000,0.00000
393,0.00000,0.00000,21.51170,1.00000,0.00000
394,0.00000,0.00000,21.09231,1.00000,0.00000
395,0.00000,0.00000,21.21014,1.00000,0.00000
396,0.00000,0.00000,21.35311,1.00000,0.00000
397,0.00000,0.00000,21.20814,1.00000,0.00000
398,0.00000,0.00000,21.46295,1.00000,0.00000
399,0.00000,0.00000,21.13706,1.00000,0.00000
400,0.00000,0.00000,21.26426,1.00000,0.00000
401,0.00000,0.00000,21.28165,1.00000,0.00000
402,0.00000,0.00000,20.64243,1.00000,0.00000
403,0.00000,0.00000,20.70924,1.00000,0.00000
404,0.00000,0.00000,21.23501,1.00000,0.00000
405,0.00000,0.00000,21.27484,1.00000,0.00000
406,0.00000,0.00000,21.28910,1.00000,0.00000
407,0.00000,0.00000,21.48566,1.00000,0.00000
408,0.00000,0.00000,21.26556,1.00000,0.00000
409,0.00000,0.00000,21.09063,1.00000,0.00000
410,0.00000,0.00000,21.82045,1.00000,0.00000
411,0.00000,0.00000,21.06365,1.00000,0.00000
412,0.00000,0.00000,21.73904,1.00000,0.00000
413,0.00000,0.00000,21.01553,1.00000,0.00000
414,0.00000,0.00000,22.27922,1.00000,0.00000
415,0.00000,0.00000,20.69330,1.00000,0.00000
416,0.00000,0.00000,21.81792,1.00000,0.00000
417,0.00000,0.00000,21.37232,1.00000,0.00000
418,0.00000,0.00000,21.77077,1.00000,0.00000
419,0.00000,0.00000,21.01534,1.00000,0.00000
420,0.00000,0.00000,21.34022,1.00000,0.00000
421,0.00000,0.00000,21.82734,1.00000,0.00000
422,0.00000,0.00000,21.19184,1.00000,0.00000
423,0.00000,0.00000,21.19701,1.00000,0.00000
424,0.00000,0.00000,22.15476,1.00000,0.00000
425,0.00000,0.00000,21.42083,1.00000,0.00000
426,0.00000,0.00000,21.47227,1.00000,0.00000
427,0.00000,0.00000,21.60034,1.00000,0.00000
428,0.00000,0.00000,22.03673,1.00000,0.00000
429,0.00000,0.00000,21.86951,1.00000,0.00000
430,0.00000,0.00000,21.53367,1.00000,0.00000
431,0.00000,0.00000,21.65135,1.00000,0.00000
432,0.00000,0.00000,21.62057,1.00000,0.00000
433,0.00000,0.00000,21.53748,1.00000,0.00000
434,0.00000,0.00000,21.36557,1.00000,0.00000
435,0.00000,0.00000,21.09472,1.00000,0.00000
436,0.00000,0.00000,20.98502,1.00000,0.00000
437,0.00000,0.00000,22.02096,1.00000,0.00000
438,0.00000,0.00000,22.06559,1.00000,0.00000
439,0.00000,0.00000,22.13941,1.00000,0.00000
440,0.00000,0.00000,21.98296,1.00000,0.00000
441,0.00000,0.00000,21.98490,1.00000,0.00000
442,0.00000,0.00000,22.37631,1.00000,0.00000
443,0.00000,0.00000,22.11157,1.00000,0.00000
444,0.00000,0.00000,21.83972,1.00000,0.00000
445,0.00000,0.00000,21.67557,1.00000,0.00000
446,0.00000,0.00000,21.42779,1.00000,0.00000
447,0.00000,0.00000,21.41464,1.00000,0.00000
448,0.00000,0.00000,22.44665,1.00000,0.00000
449,0.00000,0.00000,22.14959,1.00000,0.00000
450,0.00000,0.00000,22.01594,1.00000,0.00000
451,0.00000,0.00000,22.04444,1.00000,0.00000
452,0.00000,0.00000,22.18094,1.00000,0.00000
453,0.00000,0.00000,21.58314,1.00000,0.00000
454,0.00000,0.00000,22.18076,1.00000,0.00000
455,0.00000,0.00000,21.73812,1.00000,0.00000
456,0.00000,0.00000,21.89672,1.00000,0.00000
457,0.00000,0.00000,21.88428,1.00000,0.00000
458,0.00000,0.00000,21.96815,1.00000,0.00000
459,1.00000,0.00000,22.09837,1.00000,0.00000
460,1.00000,0.00000,22.54693,1.00000,0.00000
461,1.00000,0.00000,22.33382,1.00000,0.00000
462,1.00000,0.00000,22.59032,1.00000,0.00000
463,1.00000,0.00000,22.03224,1.00000,0.00000
464,1.00000,0.00000,22.08370,1.00000,0.00000
465,1.00000,0.00000,21.94636,1.00000,0.00000
466,1.00000,0.00000,22.28488,1.00000,0.00000
467,1.00000,0.00000,21.80517,1.00000,0.00000
468,1.00000,0.00000,22.80097,1.00000,0.00000
469,1.00000,1.05000,23.43167,1.00000,0.00000
470,1.00000,1.05000,22.22585,1.00000,0.00000
471,0.00000,1.05000,22.60669,1.00000,0.00000
472,0.00000,1.05000,22.49394,1.00000,0.00000
473,0.00000,1.05000,22.39341,1.00000,0.00000
474,0.00000,1.05000,22.30754,1.00000,0.00000
475,0.00000,1.05000,22.37758,1.00000,0.00000
476,0.00000,1.05000,22.52908,1.00000,0.00000
477,0.00000,1.05000,22.91763,1.00000,0.00000
478,0.00000,1.05000,22.62476,1.00000,0.00000
479,0.00000,1.05000,22.40071,1.00000,0.00000
480,0.00000,1.05000,23.10806,1.00000,0.00000
481,0.00000,1.05000,22.83650,1.00000,0.00000
482,0.00000,1.05000,22.32081,1.00000,0.00000
483,0.00000,1.05000,22.14879,1.00000,0.00000
484,0.00000,1.05000,22.20622,1.00000,0.00000
485,0.00000,1.05000,22.53861,1.00000,0.00000
486,0.00000,1.05000,21.98032,1.00000,0.00000
487,0.00000,1.05000,23.53554,1.00000,0.00000
488,0.00000,1.05000,22.56713,1.00000,0.00000
489,0.00000,1.05000,22.94855,1.00000,0.00000
490,0.00000,1.05000,23.08581,1.00000,0.00000
491,0.00000,1.05000,22.81587,1.00000,0.00000
492,0.00000,1.05000,22.87251,1.00000,0.00000
493,0.00000,1.05000,22.55551,1.00000,0.00000
494,0.00000,1.05000,22.33975,1.00000,0.00000
495,0.00000,1.05000,22.71512,1.00000,0.00000
496,0.00000,1.05000,22.97369,1.00000,0.00000
497,1.00000,1.05000,22.75425,1.00000,0.00000
498,1.00000,1.05000,22.87221,1.00000,0.00000
499,1.00000,1.05000,22.79982,1.00000,0.00000
500,1.00000,1.05000,23.06064,1.00000,0.00000
501,1.00000,1.05000,22.53478,1.00000,0.00000
502,1.00000,1.05000,22.65697,1.00000,0.00000
503,1.00000,1.05000,22.82626,1.00000,0.00000
504,1.00000,1.05000,22.88221,1.00000,0.00000
505,1.00000,1.05000,22.88664,1.00000,0.00000
506,1.00000,1.05000,22.58961,1.00000,0.00000
507,1.00000,1.05000,22.85504,1.00000,0.00000
508,1.00000,1.05000,22.86577,1.00000,0.00000
509,0.00000,1.05000,23.23290,1.00000,0.00000
510,0.00000,1.05000,23.18618,1.00000,0.00000
511,0.00000,1.05000,22.58988,1.00000,0.00000
512,0.00000,1.05000,23.41027,1.00000,0.00000
513,0.00000,1.05000,22.75628,1.00000,0.00000
514,0.00000,1.05000,23.62530,1.00000,0.00000
515,0.00000,1.05000,22.78841,1.00000,0.00000
516,0.00000,1.05000,23.37296,1.00000,0.00000
517,0.00000,1.05000,23.20941,1.00000,0.00000
518,0.00000,1.05000,23.83911,1.00000,0.00000
519,0.00000,1.05000,22.78118,1.00000,0.00000
520,0.00000,1.05000,23.30721,1.00000,0.00000
521,0.00000,1.05000,23.96562,1.00000,0.00000
522,0.00000,1.05000,23.21548,1.00000,0.00000
523,0.00000,1.05000,22.68538,1.00000,0.00000
524,0.00000,1.05000,23.61400,1.00000,0.00000
525,0.00000,1.05000,23.67605,1.00000,0.00000
526,0.00000,1.05000,23.00588,1.00000,0.00000
527,0.00000,1.05000,23.36750,1.00000,0.00000
528,0.00000,1.05000,23.76100,1.00000,0.00000
529,0.00000,1.05000,23.44345,1.00000,0.00000
530,0.00000,1.05000,23.20895,1.00000,0.00000
531,1.00000,1.05000,23.21971,1.00000,0.00000
532,1.00000,1.05000,23.51822,1.00000,0.00000
533,1.00000,1.05000,23.39223,1.00000,0.00000
534,1.00000,1.05000,23.16451,1.00000,0.00000
535,1.00000,1.05000,23.33115,1.00000,0.00000
536,1.00000,1.05000,22.88441,1.00000,0.00000
537,1.00000,1.05000,22.70693,1.00000,0.00000
538,1.00000,1.05000,23.41774,1.00000,0.00000
539,1.00000,1.05000,23.44566,1.00000,0.00000
540,1.00000,1.05000,23.90889,1.00000,0.00000
541,1.00000,1.05000,23.90785,1.00000,0.00000
542,1.00000,1.05000,23.57469,1.00000,0.00000
543,0.00000,1.05000,23.25954,1.00000,0.00000
544,0.00000,1.05000,23.34828,1.00000,0.00000
545,0.00000,1.05000,24.28250,1.00000,0.00000
546,0.00000,1.05000,23.78454,1.00000,0.00000
547,0.00000,1.05000,23.12798,1.00000,0.00000
548,0.00000,1.05000,23.94848,1.00000,0.00000
549,0.00000,1.05000,23.18815,1.00000,0.00000
550,0.00000,1.05000,24.07257,1.00000,0.00000
551,0.00000,1.05000,23.20948,1.00000,0.00000
552,0.00000,1.05000,23.58186,1.00000,0.00000
553,0.00000,1.05000,23.75092,1.00000,0.00000
554,0.00000,1.05000,24.29248,1.00000,0.00000
555,0.00000,1.05000,23.44399,1.00000,0.00000
556,0.00000,1.05000,24.39719,1.00000,0.00000
557,0.00000,1.05000,24.08620,1.00000,0.00000
558,0.00000,1.05000,24.33352,1.00000,0.00000
559,0.00000,1.05000,23.16372,1.00000,0.00000
560,0.00000,1.05000,24.20957,1.00000,0.00000
561,0.00000,1.05000,23.86110,1.00000,0.00000
562,0.00000,1.05000,23.77518,1.00000,0.00000
563,0.00000,1.05000,24.00020,1.00000,0.00000
564,0.00000,1.05000,23.75114,1.00000,0.00000
565,0.00000,1.05000,23.60734,1.00000,0.00000
566,0.00000,1.05000,24.85116,1.00000,0.00000
567,0.00000,1.05000,23.68969,1.00000,0.00000
568,0.00000,1.05000,23.61341,1.00000,0.00000
569,0.00000,1.05000,24.71626,1.00000,0.00000
570,0.00000,1.05000,23.28357,1.00000,0.00000
571,0.00000,1.05000,23.86727,1.00000,0.00000
572,0.00000,1.05000,23.77995,1.00000,0.00000
573,0.00000,1.05000,23.78503,1.00000,0.00000
574,0.00000,1.05000,23.59110,1.00000,0.00000
575,0.00000,1.05000,23.58473,1.00000,0.00000
576,0.00000,1.05000,24.19383,1.00000,0.00000
577,0.00000,1.05000,23.89451,1.00000,0.00000
578,0.00000,1.05000,23.80910,1.00000,0.00000
579,0.00000,1.05000,24.41956,1.00000,0.00000
580,0.00000,1.05000,24.27897,1.00000,0.00000
581,0.00000,1.05000,24.11261,1.00000,0.00000
582,0.00000,1.05000,24.71264,1.00000,0.00000
583,0.00000,1.05000,24.25480,1.00000,0.00000
584,0.00000,1.05000,24.39587,1.00000,0.00000
585,0.00000,1.05000,24.17015,1.00000,0.00000
586,0.00000,1.05000,23.57095,1.00000,0.00000
587,0.00000,1.05000,23.64863,1.00000,0.00000
588,0.00000,1.05000,24.57838,1.00000,0.00000
589,0.00000,1.05000,24.47556,1.00000,0.00000
590,0.00000,1.05000,24.44669,1.00000,0.00000
591,0.00000,1.05000,24.53411,1.00000,0.00000
592,0.00000,1.05000,24.24276,1.00000,0.00000
593,0.00000,1.05000,24.13139,1.00000,0.00000
594,0.00000,1.05000,23.86249,1.00000,0.00000
595,0.00000,1.05000,24.07535,1.00000,0.00000
596,0.00000,1.05000,23.77267,1.00000,0.00000
597,0.00000,1.05000,23.79079,1.00000,0.00000
598,0.00000,1.05000,24.26477,1.00000,0.00000
599,0.00000,1.05000,24.27698,1.00000,0.00000
600,0.00000,1.05000,24.78474,1.00000,0.00000
601,0.00000,1.05000,23.75630,1.00000,0.00000
602,0.00000,1.05000,23.70616,1.00000,0.00000
603,0.00000,1.05000,24.72933,1.00000,0.00000
604,0.00000,1.05000,24.32589,1.00000,0.00000
605,0.00000,1.05000,24.24794,1.00000,0.00000
606,0.00000,1.05000,24.29096,1.00000,0.00000
607,0.00000,1.05000,24.17171,1.00000,0.00000
608,0.00000,1.05000,24.58441,1.00000,0.00000
609,0.00000,1.05000,24.43184,1.00000,0.00000
610,0.00000,1.05000,24.19750,1.00000,0.00000
611,0.00000,1.05000,24.05301,1.00000,0.00000
612,0.00000,1.05000,24.62840,1.00000,0.00000
613,0.00000,1.05000,24.36995,1.00000,0.00000
614,0.00000,1.05000,24.93985,1.00000,0.00000
615,0.00000,1.05000,24.46130,1.00000,0.00000
616,0.00000,1.05000,24.33501,1.00000,0.00000
617,0.00000,1.05000,24.59779,1.00000,0.00000
618,0.00000,1.05000,23.93482,1.00000,0.00000
619,0.00000,1.05000,24.87426,1.00000,0.00000
620,0.00000,1.05000,23.94484,1.00000,0.00000
621,0.00000,1.05000,24.61121,1.00000,0.00000
622,0.00000,1.05000,24.85070,1.00000,0.00000
623,0.00000,1.05000,24.65470,1.00000,0.00000
624,0.00000,1.05000,24.44667,1.00000,0.00000
625,0.00000,1.05000,24.28356,1.00000,0.00000
626,0.00000,1.05000,24.07403,1.00000,0.00000
627,0.00000,1.05000,24.64327,1.00000,0.00000
628,0.00000,1.05000,24.74706,1.00000,0.00000
629,0.00000,1.05000,24.41494,1.00000,0.00000
630,0.00000,1.05000,24.14599,1.00000,0.00000
631,0.00000,1.05000,24.18963,1.00000,0.00000
632,0.00000,1.05000,24.04871,1.00000,0.00000
633,0.00000,1.05000,24.60001,1.00000,0.00000
634,0.00000,1.05000,24.40463,1.00000,0.00000
635,0.00000,1.05000,24.77517,1.00000,0.00000
636,0.00000,1.05000,25.60305,1.00000,0.00000
637,0.00000,1.05000,24.20616,1.00000,0.00000
638,0.00000,1.05000,24.77126,1.00000,0.00000
639,0.00000,1.05000,24.47481,1.00000,0.00000
640,0.00000,1.05000,24.31790,1.00000,0.00000
641,0.00000,1.05000,25.34326,1.00000,0.00000
642,0.00000,1.05000,24.45803,1.00000,0.00000
643,0.00000,1.05000,24.28252,1.00000,0.00000
644,0.00000,1.05000,24.89825,1.00000,0.00000
645,0.00000,1.05000,25.07337,1.00000,0.00000
646,0.00000,1.05000,24.63309,1.00000,0.00000
647,0.00000,1.05000,24.94956,1.00000,0.00000
648,0.00000,1.05000,25.12334,1.00000,0.00000
649,0.00000,1.05000,24.65688,1.00000,0.00000
650,0.00000,0.00000,25.16652,1.00000,0.00000
651,0.00000,0.00000,25.14828,1.00000,0.00000
652,0.00000,0.00000,24.77477,1.00000,0.00000
653,0.00000,0.00000,25.40376,1.00000,0.00000
654,0.00000,0.00000,25.32263,1.00000,0.00000
655,0.00000,0.00000,25.16742,1.00000,0.00000
656,0.00000,0.00000,25.55697,1.00000,0.00000
657,0.00000,0.00000,24.77949,1.00000,0.00000
658,0.00000,0.00000,25.30302,1.00000,0.00000
659,0.00000,0.00000,24.98348,1.00000,0.00000
660,0.00000,0.00000,25.07019,1.00000,0.00000
661,0.00000,0.00000,25.30657,1.00000,0.00000
662,0.00000,0.00000,25.41819,1.00000,0.00000
663,0.00000,0.00000,25.05944,1.00000,0.00000
664,0.00000,0.00000,24.79182,1.00000,0.00000
665,0.00000,0.00000,24.52794,1.00000,0.00000
666,0.00000,0.00000,25.30792,1.00000,0.00000
667,0.00000,0.00000,25.90471,1.00000,0.00000
668,0.00000,0.00000,25.13151,1.00000,0.00000
669,0.00000,0.00000,25.61193,1.00000,0.00000
670,0.00000,0.00000,25.12048,1.00000,0.00000
671,0.00000,0.00000,25.39652,1.00000,0.00000
672,0.00000,0.00000,25.35404,1.00000,0.00000
673,0.00000,0.00000,24.51120,1.00000,0.00000
674,0.00000,0.00000,24.44028,1.00000,0.00000
675,0.00000,0.00000,25.35839,1.00000,0.00000
676,0.00000,0.00000,25.00681,1.00000,0.00000
677,0.00000,0.00000,24.86684,1.00000,0.00000
678,0.00000,0.00000,25.29276,1.00000,0.00000
679,0.00000,0.00000,25.27125,1.00000,0.00000
680,0.00000,0.00000,24.68487,1.00000,0.00000
681,0.00000,0.00000,25.37983,1.00000,0.00000
682,0.00000,0.00000,25.20033,1.00000,0.00000
683,0.00000,0.00000,24.81352,1.00000,0.00000
684,0.00000,0.00000,25.29157,1.00000,0.00000
685,0.00000,0.00000,25.35834,1.00000,0.00000
686,0.00000,0.00000,24.90853,1.00000,0.00000
687,0.00000,0.00000,25.18058,1.00000,0.00000
688,0.00000,0.00000,25.00799,1.00000,0.00000
689,0.00000,0.00000,24.77551,1.00000,0.00000
690,0.00000,0.00000,24.32557,1.00000,0.00000
691,0.00000,0.00000,25.17607,1.00000,0.00000
692,0.00000,0.00000,25.22847,1.00000,0.00000
693,0.00000,0.00000,25.09639,1.00000,0.00000
694,0.00000,0.00000,25.90057,1.00000,0.00000
695,0.00000,0.00000,25.17855,1.00000,0.00000
696,0.00000,0.00000,25.62496,1.00000,0.00000
697,0.00000,0.00000,24.77698,1.00000,0.00000
698,0.00000,0.00000,25.13141,1.00000,0.00000
699,0.00000,0.00000,25.12639,1.00000,0.00000
700,0.00000,0.00000,25.47343,1.00000,0.00000
701,0.00000,0.00000,25.43097,1.00000,0.00000
702,0.00000,0.00000,24.98023,1.00000,0.00000
703,0.00000,0.00000,24.96113,1.00000,0.00000
704,0.00000,0.00000,26.03867,1.00000,0.00000
705,0.00000,0.00000,24.83766,1.00000,0.00000
706,0.00000,0.00000,25.57416,1.00000,0.00000
707,0.00000,0.00000,25.24752,1.00000,0.00000
708,0.00000,0.00000,25.26453,1.00000,0.00000
709,0.00000,0.00000,25.26085,1.00000,0.00000
710,0.00000,0.00000,25.46227,1.00000,0.00000
711,0.00000,0.00000,24.79327,1.00000,0.00000
712,0.00000,0.00000,25.79594,1.00000,0.00000
713,0.00000,0.00000,25.79408,1.00000,0.00000
714,0.00000,0.00000,24.62277,1.00000,0.00000
715,0.00000,0.00000,25.40034,1.00000,0.00000
716,0.00000,0.00000,25.17969,1.00000,0.00000
717,0.00000,0.00000,25.53193,1.00000,0.00000
718,0.00000,0.00000,25.29045,1.00000,0.00000
719,0.00000,0.00000,24.98512,1.00000,0.00000
720,0.00000,0.00000,24.96355,1.00000,0.00000
721,0.00000,0.00000,25.84869,1.00000,0.00000
722,0.00000,0.00000,25.90784,1.00000,0.00000
723,0.00000,0.00000,25.55678,1.00000,0.00000
724,0.00000,0.00000,24.89802,1.00000,0.00000
725,0.00000,0.00000,26.13780,1.00000,0.00000
726,0.00000,0.00000,25.87199,1.00000,0.00000
727,0.00000,0.00000,25.79602,1.00000,0.00000
728,0.00000,0.00000,25.40449,1.00000,0.00000
729,0.00000,0.00000,25.74228,1.00000,0.00000
730,0.00000,0.00000,25.13924,1.00000,0.00000
731,0.00000,0.00000,25.33704,1.00000,0.00000
732,0.00000,0.00000,25.25151,1.00000,0.00000
733,0.00000,0.00000,25.35501,1.00000,0.00000
734,0.00000,0.00000,25.87693,1.00000,0.00000
735,0.00000,0.00000,25.39316,1.00000,0.00000
736,0.00000,0.00000,25.55068,1.00000,0.00000
737,0.00000,0.00000,24.34580,1.00000,0.00000
738,0.00000,0.00000,25.41808,1.00000,0.00000
739,0.00000,0.00000,25.35297,1.00000,0.00000
740,0.00000,0.00000,25.16356,1.00000,0.00000
741,0.00000,0.00000,25.11825,1.00000,0.00000
742,0.00000,0.00000,25.15264,1.00000,0.00000
743,0.00000,0.00000,25.70640,1.00000,0.00000
744,0.00000,0.00000,25.40837,1.00000,0.00000
745,0.00000,0.00000,25.55404,1.00000,0.00000
746,0.00000,0.00000,25.00054,1.00000,0.00000
747,0.00000,0.00000,25.50386,1.00000,0.00000
748,0.00000,0.00000,25.64743,1.00000,0.00000
749,0.00000,0.00000,25.88077,1.00000,0.00000
750,0.00000,0.00000,25.81196,1.00000,0.00000
751,0.00000,0.00000,25.27408,1.00000,0.00000
752,0.00000,0.00000,25.41367,1.00000,0.00000
753,0.00000,0.00000,24.64791,1.00000,0.00000
754,0.00000,0.00000,25.68680,1.00000,0.00000
755,0.00000,0.00000,25.72191,1.00000,0.00000
756,0.00000,0.00000,26.39743,1.00000,0.00000
757,0.00000,0.00000,26.45891,1.00000,0.00000
758,0.00000,0.00000,25.25194,1.00000,0.00000
759,0.00000,0.00000,25.75949,1.00000,0.00000
760,0.00000,0.00000,25.50462,1.00000,0.00000
761,0.00000,0.00000,25.28489,1.00000,0.00000
762,0.00000,0.00000,25.57284,1.00000,0.00000
763,0.00000,0.00000,25.33579,1.00000,0.00000
764,0.00000,0.00000,25.47672,1.00000,0.00000
765,0.00000,0.00000,25.92856,1.00000,0.00000
766,0.00000,0.00000,25.40019,1.00000,0.00000
767,0.00000,0.00000,25.88917,1.00000,0.00000
768,0.00000,0.00000,25.50378,1.00000,0.00000
769,0.00000,0.00000,25.76193,1.00000,0.00000
770,0.00000,0.00000,25.14040,1.00000,0.00000
771,0.00000,0.00000,25.36489,1.00000,0.00000
772,0.00000,0.00000,25.25318,1.00000,0.00000
773,0.00000,0.00000,25.67730,1.00000,0.00000
774,0.00000,0.00000,25.31449,1.00000,0.00000
775,0.00000,0.00000,25.14435,1.00000,0.00000
776,0.00000,0.00000,24.80674,1.00000,0.00000
777,0.00000,0.00000,25.90389,1.00000,0.00000
778,0.00000,0.00000,25.11785,1.00000,0.00000
779,0.00000,0.00000,25.99147,1.00000,0.00000
780,0.00000,0.00000,25.32639,1.00000,0.00000
781,0.00000,0.00000,25.60892,1.00000,0.00000
782,0.00000,0.00000,25.71203,1.00000,0.00000
783,0.00000,0.00000,25.40005,1.00000,0.00000
784,0.00000,0.00000,25.94771,1.00000,0.00000
785,0.00000,0.00000,25.69605,1.00000,0.00000
786,0.00000,0.00000,25.42108,1.00000,0.00000
787,0.00000,0.00000,26.12394,1.00000,0.00000
788,0.00000,0.00000,25.32193,1.00000,0.00000
789,0.00000,0.00000,25.73971,1.00000,0.00000
790,0.00000,0.00000,25.08725,1.00000,0.00000
791,0.00000,0.00000,25.68106,1.00000,0.00000
792,0.00000,0.00000,25.13331,1.00000,0.00000
793,0.00000,0.00000,25.64017,1.00000,0.00000
794,0.00000,0.00000,25.54235,1.00000,0.00000
795,0.00000,0.00000,26.45678,1.00000,0.00000
796,0.00000,0.00000,25.37527,1.00000,0.00000
797,0.00000,0.00000,25.26646,1.00000,0.00000
798,0.00000,0.00000,25.14183,1.00000,0.00000
799,0.00000,0.00000,26.25668,1.00000,0.00000
800,0.00000,0.00000,25.29685,1.00000,0.00000
801,0.00000,0.00000,26.13649,1.00000,0.00000
802,0.00000,0.00000,25.84499,1.00000,0.00000
803,0.00000,0.00000,25.43306,1.00000,0.00000
804,0.00000,0.00000,25.29485,1.00000,0.00000
805,0.00000,0.00000,25.50419,1.00000,0.00000
806,0.00000,0.00000,25.18264,1.00000,0.00000
807,0.00000,0.00000,25.48074,1.00000,0.00000
808,0.00000,0.00000,25.20152,1.00000,0.00000
809,0.00000,0.00000,25.13035,1.00000,0.00000
810,0.00000,0.00000,25.00188,1.00000,0.00000
811,0.00000,0.00000,25.41135,1.00000,0.00000
812,0.00000,0.00000,25.54215,1.00000,0.00000
813,0.00000,0.00000,25.42901,1.00000,0.00000
814,0.00000,0.00000,24.75348,1.00000,0.00000
815,0.00000,0.00000,25.24125,1.00000,0.00000
816,0.00000,0.00000,25.23668,1.00000,0.00000
817,0.00000,0.00000,25.39646,1.00000,0.00000
818,0.00000,0.00000,25.12757,1.00000,0.00000
819,0.00000,0.00000,25.29171,1.00000,0.00000
820,0.00000,0.00000,24.77672,1.00000,0.00000
821,0.00000,0.00000,25.77644,1.00000,0.00000
822,0.00000,0.00000,25.64958,1.00000,0.00000
823,0.00000,0.00000,25.83825,1.00000,0.00000
824,0.00000,0.00000,25.49390,1.00000,0.00000
825,0.00000,0.00000,25.50349,1.00000,0.00000
826,0.00000,0.00000,25.61627,1.00000,0.00000
827,0.00000,0.00000,25.50870,1.00000,0.00000
828,0.00000,0.00000,25.63170,1.00000,0.00000
829,0.00000,0.00000,25.23698,1.00000,0.00000
830,0.00000,0.00000,25.08716,1.00000,0.00000
831,0.00000,0.00000,25.21142,1.00000,0.00000
832,0.00000,0.00000,25.51350,1.00000,0.00000
833,0.00000,0.00000,25.75501,1.00000,0.00000
834,0.00000,0.00000,25.10944,1.00000,0.00000
835,0.00000,0.00000,25.56050,1.00000,0.00000
836,0.00000,0.00000,25.21664,1.00000,0.00000
837,0.00000,0.00000,25.18344,1.00000,0.00000
838,0.00000,0.00000,25.16850,1.00000,0.00000
839,0.00000,0.00000,25.87355,1.00000,0.00000
840,0.00000,0.00000,25.45733,1.00000,0.00000
841,0.00000,0.00000,25.17375,1.00000,0.00000
842,0.00000,0.00000,25.43810,1.00000,0.00000
843,0.00000,0.00000,25.32881,1.00000,0.00000
844,0.00000,0.00000,25.20445,1.00000,0.00000
845,0.00000,0.00000,25.74906,1.00000,0.00000
846,0.00000,0.00000,24.82317,1.00000,0.00000
847,0.00000,0.00000,25.29334,1.00000,0.00000
848,0.00000,0.00000,25.26651,1.00000,0.00000
849,0.00000,0.00000,25.44074,1.00000,0.00000
850,0.00000,0.00000,25.44344,1.00000,0.00000
851,0.00000,0.00000,24.82072,1.00000,0.00000
852,0.00000,0.00000,25.36200,1.00000,0.00000
853,0.00000,0.00000,25.29708,1.00000,0.00000
854,0.00000,0.00000,25.65777,1.00000,0.00000
855,0.00000,0.00000,24.99677,1.00000,0.00000
856,0.00000,0.00000,24.79287,1.00000,0.00000
857,0.00000,0.00000,25.62403,1.00000,0.00000
858,0.00000,0.00000,25.27008,1.00000,0.00000
859,0.00000,0.00000,24.88229,1.00000,0.00000
860,0.00000,0.00000,25.13500,1.00000,0.00000
861,0.00000,0.00000,25.30880,1.00000,0.00000
862,0.00000,0.00000,25.37772,1.00000,0.00000
863,0.00000,0.00000,24.76776,1.00000,0.00000
864,0.00000,0.00000,25.62683,1.00000,0.00000
865,0.00000,0.00000,25.05453,1.00000,0.00000
866,0.00000,0.00000,25.14346,1.00000,0.00000
867,0.00000,0.00000,25.87536,1.00000,0.00000
868,0.00000,0.00000,24.87334,1.00000,0.00000
869,0.00000,0.00000,25.11140,1.00000,0.00000
870,0.00000,0.00000,24.98490,1.00000,0.00000
871,0.00000,0.00000,25.75627,1.00000,0.00000
872,0.00000,0.00000,25.08896,1.00000,0.00000
873,0.00000,0.00000,25.34884,1.00000,0.00000
874,0.00000,0.00000,25.46446,1.00000,0.00000
875,0.00000,0.00000,25.08711,1.00000,0.00000
876,0.00000,0.00000,25.24347,1.00000,0.00000
877,0.00000,0.00000,25.03461,1.00000,0.00000
878,0.00000,0.00000,25.64336,1.00000,0.00000
879,0.00000,0.00000,25.45930,1.00000,0.00000
880,0.00000,0.00000,24.54103,1.00000,0.00000
881,0.00000,0.00000,25.07999,1.00000,0.00000
882,0.00000,0.00000,24.94657,1.00000,0.00000
883,0.00000,0.00000,24.78279,1.00000,0.00000
884,0.00000,0.00000,25.03371,1.00000,0.00000
885,0.00000,0.00000,25.03286,1.00000,0.00000
886,0.00000,0.00000,25.71751,1.00000,0.00000
887,0.00000,0.00000,24.69719,1.00000,0.00000
888,0.00000,0.00000,25.32444,1.00000,0.00000
889,0.00000,0.00000,24.64001,1.00000,0.00000
890,0.00000,0.00000,25.11831,1.00000,0.00000
891,0.00000,0.00000,25.55067,1.00000,0.00000
892,0.00000,0.00000,24.65028,1.00000,0.00000
893,0.00000,0.00000,25.39009,1.00000,0.00000
894,0.00000,0.00000,24.74254,1.00000,0.00000
895,0.00000,0.00000,25.33248,1.00000,0.00000
896,0.00000,0.00000,24.80918,1.00000,0.00000
897,0.00000,0.00000,25.11598,1.00000,0.00000
898,0.00000,0.00000,24.93044,1.00000,0.00000
899,0.26000,0.00000,25.30285,1.00000,0.00000
900,0.26000,0.00000,25.41857,1.00000,0.00000
901,0.26000,0.00000,24.91891,1.00000,0.00000
902,0.26000,0.00000,24.95133,1.00000,0.00000
903,0.26000,0.00000,25.40427,1.00000,0.00000
904,0.26000,0.00000,24.99370,1.00000,0.00000
905,0.26000,0.00000,25.09217,1.00000,0.00000
906,0.26000,0.00000,25.10814,1.00000,0.00000
907,0.26000,0.00000,25.54689,1.00000,0.00000
908,0.26000,0.00000,25.51852,1.00000,0.00000
909,0.26000,0.00000,23.92718,1.00000,0.00000
910,0.26000,0.00000,24.78040,1.00000,0.00000
911,0.26000,0.00000,24.68362,1.00000,0.00000
912,0.26000,0.00000,25.12965,1.00000,0.00000
913,0.26000,0.00000,24.78372,1.00000,0.00000
914,0.26000,0.00000,24.91262,1.00000,0.00000
915,0.26000,0.00000,24.23924,1.00000,0.00000
916,0.26000,0.00000,24.18247,1.00000,0.00000
917,0.26000,0.00000,24.93732,1.00000,0.00000
918,0.26000,0.00000,24.42251,1.00000,0.00000
919,0.26000,0.00000,25.07599,1.00000,0.00000
920,0.26000,0.00000,24.75447,1.00000,0.00000
921,0.26000,0.00000,24.31363,1.00000,0.00000
922,0.26000,0.00000,25.43892,1.00000,0.00000
923,0.26000,0.00000,24.22183,1.00000,0.00000
924,0.26000,0.00000,24.04815,1.00000,0.00000
925,0.26000,0.00000,24.47443,1.00000,0.00000
926,0.26000,0.00000,24.33570,1.00000,0.00000
927,0.26000,0.00000,24.85994,1.00000,0.00000
928,0.26000,0.00000,24.77795,1.00000,0.00000
929,0.26000,0.00000,25.53681,1.00000,0.00000
930,0.26000,0.00000,24.57309,1.00000,0.00000
931,0.26000,0.00000,24.72694,1.00000,0.00000
932,0.26000,0.00000,25.09001,1.00000,0.00000
933,0.26000,0.00000,24.91818,1.00000,0.00000
934,0.26000,0.00000,24.66894,1.00000,0.00000
935,0.26000,0.00000,24.54081,1.00000,0.00000
936,0.26000,0.00000,24.37720,1.00000,0.00000
937,0.26000,0.00000,23.89424,1.00000,0.00000
938,0.26000,0.00000,24.62221,1.00000,0.00000
939,0.26000,0.00000,24.73930,1.00000,0.00000
940,0.26000,0.00000,25.05982,1.00000,0.00000
941,0.26000,0.00000,24.52309,1.00000,0.00000
942,0.26000,0.00000,23.99837,1.00000,0.00000
943,0.26000,0.00000,24.18718,1.00000,0.00000
944,0.26000,0.00000,24.26752,1.00000,0.00000
945,0.26000,0.00000,24.75291,1.00000,0.00000
946,0.26000,0.00000,25.16973,1.00000,0.00000
947,0.26000,0.00000,24.91522,1.00000,0.00000
948,0.26000,0.00000,24.71906,1.00000,0.00000
949,0.26000,0.00000,24.60749,1.00000,0.00000
950,0.26000,0.00000,24.81416,1.00000,0.00000
951,0.26000,0.00000,24.91358,1.00000,0.00000
952,0.26000,0.00000,24.05478,1.00000,0.00000
953,0.26000,0.00000,24.48719,1.00000,0.00000
954,0.26000,0.00000,24.39511,1.00000,0.00000
955,0.26000,0.00000,24.11433,1.00000,0.00000
956,0.26000,0.00000,23.84553,1.00000,0.00000
957,0.26000,0.00000,23.82555,1.00000,0.00000
958,0.26000,0.00000,23.78695,1.00000,0.00000
959,0.26000,0.00000,24.12519,1.00000,0.00000
960,0.26000,0.00000,24.67452,1.00000,0.00000
961,0.26000,0.00000,24.96064,1.00000,0.00000
962,0.26000,0.00000,24.68383,1.00000,0.00000
963,0.26000,0.00000,24.53973,1.00000,0.00000
964,0.26000,0.00000,24.09903,1.00000,0.00000
965,0.26000,0.00000,23.73858,1.00000,0.00000
966,0.26000,0.00000,23.55058,1.00000,0.00000
967,0.26000,0.00000,23.72864,1.00000,0.00000
968,0.26000,0.00000,25.26583,1.00000,0.00000
969,0.26000,0.00000,24.21462,1.00000,0.00000
970,0.26000,0.00000,23.82805,1.00000,0.00000
971,0.26000,0.00000,24.26618,1.00000,0.00000
972,0.26000,0.00000,23.85983,1.00000,0.00000
973,0.26000,0.00000,24.83107,1.00000,0.00000
974,0.26000,0.00000,23.84289,1.00000,0.00000
975,0.26000,0.00000,24.57784,1.00000,0.00000
976,0.26000,0.00000,23.87289,1.00000,0.00000
977,0.26000,0.00000,24.07752,1.00000,0.00000
978,0.26000,0.00000,23.98318,1.00000,0.00000
979,0.26000,0.00000,24.02733,1.00000,0.00000
980,0.26000,0.00000,23.96735,1.00000,0.00000
981,0.26000,0.00000,24.27318,1.00000,0.00000
982,0.26000,0.00000,23.54440,1.00000,0.00000
983,0.26000,0.00000,24.23581,1.00000,0.00000
984,0.26000,0.00000,24.42082,1.00000,0.00000
985,0.26000,0.00000,24.07854,1.00000,0.00000
986,0.26000,0.00000,23.86691,1.00000,0.00000
987,0.26000,0.00000,23.82393,1.00000,0.00000
988,0.26000,0.00000,23.52777,1.00000,0.00000
989,0.26000,0.00000,24.20571,1.00000,0.00000
990,0.26000,0.00000,23.65843,1.00000,0.00000
991,0.26000,0.00000,24.52944,1.00000,0.00000
992,0.26000,0.00000,23.82781,1.00000,0.00000
993,0.26000,0.00000,24.60832,1.00000,0.00000
994,0.26000,0.00000,23.49107,1.00000,0.00000
995,0.26000,0.00000,24.34934,1.00000,0.00000
996,0.26000,0.00000,23.81946,1.00000,0.00000
997,0.26000,0.00000,24.00071,1.00000,0.00000
998,0.26000,0.00000,23.97623,1.00000,0.00000
999,0.26000,0.00000,23.86498,1.00000,0.00000
1000,0.26000,0.00000,23.84626,1.00000,0.00000
1001,0.26000,0.00000,23.38019,1.00000,0.00000
1002,0.26000,0.00000,23.57696,1.00000,0.00000
1003,0.26000,0.00000,24.14412,1.00000,0.00000
1004,0.26000,0.00000,23.55957,1.00000,0.00000
1005,0.26000,0.00000,24.08470,1.00000,0.00000
1006,0.26000,0.00000,23.10593,1.00000,0.00000
1007,0.26000,0.00000,24.35557,1.00000,0.00000
1008,0.26000,0.00000,23.90943,1.00000,0.00000
1009,0.26000,0.00000,23.72669,1.00000,0.00000
1010,0.26000,0.00000,23.89148,1.00000,0.00000
1011,0.26000,0.00000,23.37172,1.00000,0.00000
1012,0.26000,0.00000,23.96893,1.00000,0.00000
1013,0.26000,0.00000,23.46820,1.00000,0.00000
1014,0.26000,0.00000,23.40221,1.00000,0.00000
1015,0.26000,0.00000,22.81528,1.00000,0.00000
1016,0.26000,0.00000,23.86924,1.00000,0.00000
1017,0.26000,0.00000,23.48315,1.00000,0.00000
1018,0.26000,0.00000,23.57958,1.00000,0.00000
1019,0.26000,0.00000,24.01768,1.00000,0.00000
1020,0.26000,0.00000,23.62502,1.00000,0.00000
1021,0.26000,0.00000,24.23058,1.00000,0.00000
1022,0.26000,0.00000,23.64408,1.00000,0.00000
1023,0.26000,0.00000,23.16195,1.00000,0.00000
1024,0.26000,0.00000,23.52606,1.00000,0.00000
1025,0.26000,0.00000,24.00839,1.00000,0.00000
1026,0.26000,0.00000,23.65519,1.00000,0.00000
1027,0.26000,0.00000,23.15908,1.00000,0.00000
1028,0.26000,0.00000,23.24270,1.00000,0.00000
1029,0.26000,0.00000,23.77071,1.00000,0.00000
1030,0.26000,0.00000,23.42475,1.00000,0.00000
1031,0.26000,0.00000,23.47342,1.00000,0.00000
1032,0.26000,0.00000,23.56658,1.00000,0.00000
1033,0.26000,0.00000,23.54150,1.00000,0.00000
1034,0.26000,0.00000,23.33107,1.00000,0.00000
1035,0.26000,0.00000,23.51806,1.00000,0.00000
1036,0.26000,0.00000,23.00697,1.00000,0.00000
1037,0.26000,0.00000,23.52635,1.00000,0.00000
1038,0.26000,0.00000,23.16389,1.00000,0.00000
1039,0.26000,0.00000,23.56233,1.00000,0.00000
1040,0.26000,0.00000,22.85575,1.00000,0.00000
1041,0.26000,0.00000,23.19121,1.00000,0.00000
1042,0.26000,0.00000,23.26832,1.00000,0.00000
1043,0.26000,0.00000,23.16993,1.00000,0.00000
1044,0.26000,0.00000,23.15584,1.00000,0.00000
1045,0.26000,0.00000,23.75090,1.00000,0.00000
1046,0.26000,0.00000,23.42390,1.00000,0.00000
1047,0.26000,0.00000,23.45308,1.00000,0.00000
1048,0.26000,0.00000,23.31987,1.00000,0.00000
1049,0.26000,0.00000,21.76575,1.00000,0.00000
1050,0.26000,0.00000,22.95315,1.00000,0.00000
1051,0.26000,0.00000,22.81611,1.00000,0.00000
1052,0.26000,0.00000,22.98729,1.00000,0.00000
1053,0.26000,0.00000,22.87353,1.00000,0.00000
1054,0.26000,0.00000,23.05160,1.00000,0.00000
1055,0.26000,0.00000,23.11012,1.00000,0.00000
1056,0.26000,0.00000,22.53203,1.00000,0.00000
1057,0.26000,0.00000,22.88517,1.00000,0.00000
1058,0.26000,0.00000,23.03761,1.00000,0.00000
1059,0.26000,0.00000,22.91653,1.00000,0.00000
1060,0.26000,0.00000,23.70809,1.00000,0.00000
1061,0.26000,0.00000,22.69903,1.00000,0.00000
1062,0.26000,0.00000,22.77016,1.00000,0.00000
1063,0.26000,0.00000,23.21107,1.00000,0.00000
1064,0.26000,0.00000,23.25829,1.00000,0.00000
1065,0.26000,0.00000,22.79700,1.00000,0.00000
1066,0.26000,0.00000,22.36320,1.00000,0.00000
1067,0.26000,0.00000,22.18683,1.00000,0.00000
1068,0.26000,0.00000,22.70202,1.00000,0.00000
1069,0.26000,0.00000,22.94131,1.00000,0.00000
1070,0.26000,0.00000,22.81768,1.00000,0.00000
1071,0.26000,0.00000,23.43753,1.00000,0.00000
1072,0.26000,0.00000,22.49904,1.00000,0.00000
1073,0.26000,0.00000,22.61779,1.00000,0.00000
1074,0.26000,0.00000,22.67509,1.00000,0.00000
1075,0.26000,0.00000,22.52333,1.00000,0.00000
1076,0.26000,0.00000,23.14675,1.00000,0.00000
1077,0.26000,0.00000,21.78410,1.00000,0.00000
1078,0.26000,0.00000,23.26064,1.00000,0.00000
1079,0.26000,0.00000,22.34918,1.00000,0.00000
1080,0.26000,0.00000,22.78150,1.00000,0.00000
1081,0.26000,0.00000,22.80570,1.00000,0.00000
1082,0.26000,0.00000,22.88954,1.00000,0.00000
1083,0.26000,0.00000,23.12847,1.00000,0.00000
1084,0.26000,0.00000,22.71108,1.00000,0.00000
1085,0.26000,0.00000,22.60237,1.00000,0.00000
1086,0.26000,0.00000,22.02206,1.00000,0.00000
1087,0.26000,0.00000,22.43470,1.00000,0.00000
1088,0.26000,0.00000,23.17259,1.00000,0.00000
1089,0.26000,0.00000,22.20152,1.00000,0.00000
1090,0.26000,0.00000,22.43070,1.00000,0.00000
1091,0.26000,0.00000,22.39012,1.00000,0.00000
1092,0.26000,0.00000,22.42460,1.00000,0.00000
1093,0.26000,0.00000,22.15948,1.00000,0.00000
1094,0.26000,0.00000,22.36793,1.00000,0.00000
1095,0.26000,0.00000,22.75341,1.00000,0.00000
1096,0.26000,0.00000,22.63464,1.00000,0.00000
1097,0.26000,0.00000,21.94378,1.00000,0.00000
1098,0.26000,0.00000,22.28237,1.00000,0.00000
1099,0.26000,0.00000,22.62992,1.00000,0.00000
1100,0.26000,0.00000,22.05411,1.00000,0.00000
1101,0.26000,0.00000,22.67477,1.00000,0.00000
1102,0.26000,0.00000,21.64320,1.00000,0.00000
1103,0.26000,0.00000,22.64668,1.00000,0.00000
1104,0.26000,0.00000,21.88917,1.00000,0.00000
1105,0.26000,0.00000,22.70589,1.00000,0.00000
1106,0.26000,0.00000,21.56266,1.00000,0.00000
1107,0.26000,0.00000,21.89881,1.00000,0.00000
1108,0.26000,0.00000,22.24400,1.00000,0.00000
1109,0.26000,0.00000,21.41158,1.00000,0.00000
1110,0.26000,0.00000,22.05777,1.00000,0.00000
1111,0.26000,0.00000,22.24541,1.00000,0.00000
1112,0.26000,0.00000,21.94684,1.00000,0.00000
1113,0.26000,0.00000,21.72206,1.00000,0.00000
1114,0.26000,0.00000,21.72428,1.00000,0.00000
1115,0.26000,0.00000,22.21456,1.00000,0.00000
1116,0.26000,0.00000,21.57927,1.00000,0.00000
1117,0.26000,0.00000,21.55829,1.00000,0.00000
1118,0.26000,0.00000,21.98020,1.00000,0.00000
1119,0.26000,0.00000,21.88570,1.00000,0.00000
1120,0.26000,0.00000,21.69664,1.00000,0.00000
1121,0.26000,0.00000,20.90745,1.00000,0.00000
1122,0.26000,0.00000,21.68011,1.00000,0.00000
1123,0.26000,0.00000,21.17460,1.00000,0.00000
1124,0.26000,0.00000,20.98109,1.00000,0.00000
1125,0.26000,0.00000,22.06930,1.00000,0.00000
1126,0.26000,0.00000,21.63467,1.00000,0.00000
1127,0.26000,0.00000,21.26464,1.00000,0.00000
1128,0.26000,0.00000,20.95453,1.00000,0.00000
1129,0.26000,0.00000,22.50687,1.00000,0.00000
1130,0.26000,0.00000,22.02067,1.00000,0.00000
1131,0.26000,0.00000,21.47112,1.00000,0.00000
1132,0.26000,0.00000,21.74520,1.00000,0.00000
1133,0.26000,0.00000,21.59947,1.00000,0.00000
1134,0.26000,0.00000,22.00514,1.00000,0.00000
1135,0.26000,0.00000,20.93545,1.00000,0.00000
1136,0.26000,0.00000,22.18529,1.00000,0.00000
1137,0.26000,0.00000,21.42647,1.00000,0.00000
1138,0.26000,0.00000,21.03322,1.00000,0.00000
1139,0.26000,0.00000,21.70993,1.00000,0.00000
1140,0.26000,0.00000,21.56924,1.00000,0.00000
1141,0.26000,0.00000,21.03491,1.00000,0.00000
1142,0.26000,0.00000,21.51823,1.00000,0.00000
1143,0.26000,0.00000,21.41206,1.00000,0.00000
1144,0.26000,0.00000,21.68376,1.00000,0.00000
1145,0.26000,0.00000,21.07987,1.00000,0.00000
1146,0.26000,0.00000,21.57768,1.00000,0.00000
1147,0.26000,0.00000,22.26519,1.00000,0.00000
1148,0.26000,0.00000,20.82946,1.00000,0.00000
1149,0.26000,0.00000,20.94405,1.00000,0.00000
1150,0.26000,0.00000,20.42669,1.00000,0.00000
1151,0.26000,0.00000,20.88480,1.00000,0.00000
1152,0.26000,0.00000,21.25413,1.00000,0.00000
1153,0.26000,0.00000,21.44596,1.00000,0.00000
1154,0.26000,0.00000,21.31526,1.00000,0.00000
1155,0.26000,0.00000,21.23488,1.00000,0.00000
1156,0.26000,0.00000,20.03398,1.00000,0.00000
1157,0.26000,0.00000,20.26616,1.00000,0.00000
1158,0.26000,0.00000,20.58326,1.00000,0.00000
1159,0.26000,0.00000,20.95191,1.00000,0.00000
1160,0.26000,0.00000,21.47311,1.00000,0.00000
1161,0.26000,0.00000,21.12518,1.00000,0.00000
1162,0.26000,0.00000,21.32005,1.00000,0.00000
1163,0.26000,0.00000,21.31870,1.00000,0.00000
1164,0.26000,0.00000,20.66969,1.00000,0.00000
1165,0.26000,0.00000,21.15909,1.00000,0.00000
1166,0.26000,0.00000,20.70764,1.00000,0.00000
1167,0.26000,0.00000,20.99571,1.00000,0.00000
1168,0.26000,0.00000,20.96463,1.00000,0.00000
1169,0.26000,0.00000,20.76687,1.00000,0.00000
1170,0.26000,0.00000,21.17665,1.00000,0.00000
1171,0.26000,0.00000,21.25795,1.00000,0.00000
1172,0.26000,0.00000,20.85147,1.00000,0.00000
1173,0.26000,0.00000,21.31069,1.00000,0.00000
1174,0.26000,0.00000,21.10918,1.00000,0.00000
1175,0.26000,0.00000,21.18273,1.00000,0.00000
1176,0.26000,0.00000,20.48172,1.00000,0.00000
1177,0.26000,0.00000,21.10108,1.00000,0.00000
1178,0.26000,0.00000,20.78970,1.00000,0.00000
1179,0.26000,0.00000,20.64761,1.00000,0.00000
1180,0.26000,0.00000,20.86697,1.00000,0.00000
1181,0.26000,0.00000,20.46890,1.00000,0.00000
1182,0.26000,0.00000,20.98378,1.00000,0.00000
1183,0.26000,0.00000,20.62043,1.00000,0.00000
1184,0.26000,0.00000,21.08392,1.00000,0.00000
1185,0.26000,0.00000,20.96495,1.00000,0.00000
1186,0.26000,0.00000,20.65107,1.00000,0.00000
1187,0.26000,0.00000,20.54216,1.00000,0.00000
1188,0.26000,0.00000,20.45712,1.00000,0.00000
1189,0.26000,0.00000,20.63978,1.00000,0.00000
1190,0.26000,0.00000,20.83640,1.00000,0.00000
1191,0.26000,0.00000,20.87009,1.00000,0.00000
1192,0.26000,0.00000,20.77867,1.00000,0.00000
1193,0.26000,0.00000,20.68978,1.00000,0.00000
1194,0.26000,0.00000,20.87204,1.00000,0.00000
1195,0.26000,0.00000,21.04889,1.00000,0.00000
1196,0.26000,0.00000,20.38886,1.00000,0.00000
1197,0.26000,0.00000,19.94588,1.00000,0.00000
1198,0.26000,0.00000,20.55010,1.00000,0.00000
1199,0.26000,0.00000,20.32912,1.00000,0.00000
1200,0.26000,0.00000,20.68310,1.00000,0.00000
1201,0.26000,0.00000,21.04484,1.00000,0.00000
1202,0.26000,0.00000,20.09540,1.00000,0.00000
1203,0.26000,0.00000,20.60021,1.00000,0.00000
1204,0.26000,0.00000,20.57639,1.00000,0.00000
1205,0.26000,0.00000,20.29313,1.00000,0.00000
1206,0.26000,0.00000,20.19808,1.00000,0.00000
1207,0.26000,0.00000,20.01073,1.00000,0.00000
1208,0.26000,0.00000,20.06157,1.00000,0.00000
1209,1.26000,0.00000,20.01403,1.00000,0.00000
1210,1.26000,0.00000,20.47280,1.00000,0.00000
1211,1.26000,0.00000,20.44393,1.00000,0.00000
1212,1.26000,0.00000,20.30394,1.00000,0.00000
1213,1.26000,0.00000,20.48701,1.00000,0.00000
1214,1.26000,0.00000,20.58088,1.00000,0.00000
1215,1.26000,0.00000,20.09554,1.00000,0.00000
1216,1.26000,0.00000,20.44678,1.00000,0.00000
1217,1.26000,0.00000,20.51128,1.00000,0.00000
1218,1.26000,0.00000,20.52906,1.00000,0.00000
1219,1.26000,0.72000,21.16234,1.00000,0.00000
1220,1.26000,0.72000,20.33631,1.00000,0.00000
1221,0.26000,0.72000,20.56674,1.00000,0.00000
1222,0.26000,0.72000,20.69673,1.00000,0.00000
1223,0.26000,0.72000,19.76659,1.00000,0.00000
1224,0.26000,0.72000,20.10366,1.00000,0.00000
1225,0.26000,0.72000,19.33552,1.00000,0.00000
1226,0.26000,0.72000,19.54858,1.00000,0.00000
1227,0.26000,0.72000,20.18284,1.00000,0.00000
1228,0.26000,0.72000,19.61540,1.00000,0.00000
1229,0.26000,0.72000,19.78943,1.00000,0.00000
1230,0.26000,0.72000,19.82084,1.00000,0.00000
1231,0.26000,0.72000,19.73169,1.00000,0.00000
1232,0.26000,0.72000,19.93522,1.00000,0.00000
1233,0.26000,0.72000,20.20031,1.00000,0.00000
1234,0.26000,0.72000,19.49951,1.00000,0.00000
1235,0.26000,0.72000,20.19157,1.00000,0.00000
1236,0.26000,0.72000,20.13087,1.00000,0.00000
1237,0.26000,0.72000,19.39729,1.00000,0.00000
1238,0.26000,0.72000,19.98559,1.00000,0.00000
1239,0.26000,0.72000,20.02292,1.00000,0.00000
1240,0.26000,0.72000,19.37597,1.00000,0.00000
1241,0.26000,0.72000,19.33224,1.00000,0.00000
1242,0.26000,0.72000,19.76141,1.00000,0.00000
1243,0.26000,0.72000,19.83144,1.00000,0.00000
1244,0.26000,0.72000,19.16198,1.00000,0.00000
1245,0.26000,0.72000,20.15642,1.00000,0.00000
1246,0.26000,0.72000,19.49009,1.00000,0.00000
1247,0.26000,0.72000,19.52001,1.00000,0.00000
1248,0.26000,0.72000,19.90431,1.00000,0.00000
1249,0.26000,0.72000,19.38255,1.00000,0.00000
1250,0.26000,0.72000,19.71275,1.00000,0.00000
1251,0.26000,0.72000,20.01596,1.00000,0.00000
1252,0.26000,0.72000,19.86951,1.00000,0.00000
1253,0.26000,0.72000,20.31360,1.00000,0.00000
1254,1.26000,0.72000,19.62938,1.00000,0.00000
1255,1.26000,0.72000,19.54765,1.00000,0.00000
1256,1.26000,0.72000,20.36265,1.00000,0.00000
1257,1.26000,0.72000,19.41974,1.00000,0.00000
1258,1.26000,0.72000,19.45805,1.00000,0.00000
1259,1.26000,0.72000,19.65904,1.00000,0.00000
1260,1.26000,0.72000,18.89251,1.00000,0.00000
1261,1.26000,0.72000,20.36411,1.00000,0.00000
1262,1.26000,0.72000,19.00852,1.00000,0.00000
1263,1.26000,0.72000,19.71240,1.00000,0.00000
1264,1.26000,0.72000,19.66855,1.00000,0.00000
1265,1.26000,0.72000,19.35485,1.00000,0.00000
1266,0.26000,0.72000,19.15259,1.00000,0.00000
1267,0.26000,0.72000,19.14713,1.00000,0.00000
1268,0.26000,0.72000,19.64595,1.00000,0.00000
1269,0.26000,0.72000,19.61635,1.00000,0.00000
1270,0.26000,0.72000,19.19766,1.00000,0.00000
1271,0.26000,0.72000,19.01747,1.00000,0.00000
1272,0.26000,0.72000,19.52808,1.00000,0.00000
1273,0.26000,0.72000,19.48353,1.00000,0.00000
1274,0.26000,0.72000,19.78152,1.00000,0.00000
1275,0.26000,0.72000,19.19756,1.00000,0.00000
1276,0.26000,0.72000,19.07210,1.00000,0.00000
1277,0.26000,0.72000,19.03469,1.00000,0.00000
1278,0.26000,0.72000,19.29714,1.00000,0.00000
1279,0.26000,0.72000,19.33427,1.00000,0.00000
1280,0.26000,0.72000,18.79469,1.00000,0.00000
1281,0.26000,0.72000,19.65886,1.00000,0.00000
1282,0.26000,0.72000,19.08606,1.00000,0.00000
1283,0.26000,0.72000,19.06631,1.00000,0.00000
1284,0.26000,0.72000,19.83772,1.00000,0.00000
1285,0.26000,0.72000,18.86864,1.00000,0.00000
1286,0.26000,0.72000,19.60726,1.00000,0.00000
1287,0.26000,0.72000,19.05275,1.00000,0.00000
1288,0.26000,0.72000,19.33088,1.00000,0.00000
1289,0.26000,0.72000,18.77246,1.00000,0.00000
1290,0.26000,0.72000,19.24258,1.00000,0.00000
1291,0.26000,0.72000,18.44675,1.00000,0.00000
1292,0.26000,0.72000,19.56848,1.00000,0.00000
1293,0.26000,0.72000,19.17931,1.00000,0.00000
1294,0.26000,0.72000,18.97998,1.00000,0.00000
1295,0.26000,0.72000,19.42002,1.00000,0.00000
1296,0.26000,0.72000,19.34117,1.00000,0.00000
1297,0.26000,0.72000,19.23496,1.00000,0.00000
1298,0.26000,0.72000,18.82278,1.00000,0.00000
1299,0.26000,0.72000,19.84846,1.00000,0.00000
1300,0.26000,0.72000,18.76106,1.00000,0.00000
1301,0.26000,0.72000,19.07633,1.00000,0.00000
1302,0.26000,0.72000,19.27482,1.00000,0.00000
1303,0.26000,0.72000,18.86513,1.00000,0.00000
1304,0.26000,0.72000,19.11833,1.00000,0.00000
1305,0.26000,0.72000,18.74177,1.00000,0.00000
1306,0.26000,0.72000,18.27391,1.00000,0.00000
1307,0.26000,0.72000,19.08215,1.00000,0.00000
1308,0.26000,0.72000,19.27574,1.00000,0.00000
1309,0.26000,0.72000,19.38326,1.00000,0.00000
1310,0.26000,0.72000,18.65111,1.00000,0.00000
1311,0.26000,0.72000,18.89165,1.00000,0.00000
1312,0.26000,0.72000,18.99699,1.00000,0.00000
1313,0.26000,0.72000,19.26068,1.00000,0.00000
1314,0.26000,0.72000,18.37141,1.00000,0.00000
1315,0.26000,0.72000,18.78593,1.00000,0.00000
1316,0.26000,0.72000,18.24450,1.00000,0.00000
1317,0.26000,0.72000,18.54855,1.00000,0.00000
1318,0.26000,0.72000,18.27379,1.00000,0.00000
1319,0.26000,0.72000,18.57379,0.62000,0.00000
1320,0.26000,0.72000,18.44029,0.62000,0.00000
1321,0.26000,0.72000,18.76661,0.62000,0.00000
1322,0.26000,0.72000,18.93096,0.62000,0.00000
1323,0.26000,0.72000,18.52305,0.62000,0.00000
1324,0.26000,0.72000,18.41267,0.62000,0.00000
1325,0.26000,0.72000,18.80113,0.62000,0.00000
1326,0.26000,0.72000,18.49984,0.62000,0.00000
1327,0.26000,0.72000,18.90071,0.62000,0.00000
1328,0.26000,0.72000,18.52291,0.62000,0.00000
1329,0.26000,0.72000,19.44470,0.62000,0.00000
1330,0.26000,0.72000,18.22494,0.62000,0.00000
1331,0.26000,0.72000,17.96680,0.62000,0.00000
1332,0.26000,0.72000,18.37380,0.62000,0.00000
1333,0.26000,0.72000,18.26708,0.62000,0.00000
1334,0.26000,0.72000,18.78209,0.62000,0.00000
1335,0.26000,0.72000,18.66126,0.62000,0.00000
1336,0.26000,0.72000,18.45907,0.62000,0.00000
1337,0.26000,0.72000,18.45664,0.62000,0.00000
1338,0.26000,0.72000,18.42181,0.62000,0.00000
1339,0.26000,0.72000,18.39811,0.62000,0.00000
1340,0.26000,0.72000,18.10993,0.62000,0.00000
1341,0.26000,0.72000,17.69529,0.62000,0.00000
1342,0.26000,0.72000,18.48231,0.62000,0.00000
1343,0.26000,0.72000,18.46997,0.62000,0.00000
1344,0.26000,0.72000,18.23071,0.62000,0.00000
1345,0.26000,0.72000,18.46302,0.62000,0.00000
1346,0.26000,0.72000,17.87179,0.62000,0.00000
1347,0.26000,0.72000,17.85153,0.62000,0.00000
1348,0.26000,0.72000,18.12865,0.62000,0.00000
1349,0.26000,0.72000,18.34417,0.62000,0.00000
1350,0.26000,0.72000,18.25166,0.62000,0.00000
1351,0.26000,0.72000,18.02748,0.62000,0.00000
1352,0.26000,0.72000,18.33404,0.62000,0.00000
1353,0.26000,0.72000,18.66726,0.62000,0.00000
1354,0.26000,0.72000,18.69294,0.62000,0.00000
1355,0.26000,0.72000,18.17819,0.62000,0.00000
1356,0.26000,0.72000,18.40521,0.62000,0.00000
1357,0.26000,0.72000,18.28927,0.62000,0.00000
1358,0.26000,0.72000,19.07033,0.62000,0.00000
1359,0.26000,0.72000,18.33961,0.62000,0.00000
1360,0.26000,0.72000,17.76092,0.62000,0.00000
1361,0.26000,0.72000,18.07640,0.62000,0.00000
1362,0.26000,0.72000,18.25850,0.62000,0.00000
1363,0.26000,0.72000,18.55788,0.62000,0.00000
1364,0.26000,0.72000,18.07786,0.62000,0.00000
1365,0.26000,0.72000,18.98620,0.62000,0.00000
1366,0.26000,0.72000,18.90423,0.62000,0.00000
1367,0.26000,0.72000,18.75845,0.62000,0.00000
1368,0.26000,0.72000,18.47305,0.62000,0.00000
1369,0.26000,0.72000,18.40808,0.62000,0.00000
1370,0.26000,0.72000,18.11256,0.62000,0.00000
1371,0.26000,0.72000,18.03550,0.62000,0.00000
1372,0.26000,0.72000,17.92722,0.62000,0.00000
1373,0.26000,0.72000,18.38442,0.62000,0.00000
1374,0.26000,0.72000,18.84068,0.62000,0.00000
1375,0.26000,0.72000,17.91300,0.62000,0.00000
1376,0.26000,0.72000,18.04700,0.62000,0.00000
1377,0.26000,0.72000,18.29618,0.62000,0.00000
1378,0.26000,0.72000,17.86825,0.62000,0.00000
1379,0.26000,0.72000,18.45539,0.62000,0.00000
1380,0.26000,0.00000,18.75483,0.62000,0.00000
1381,0.26000,0.00000,17.33108,0.62000,0.00000
1382,0.26000,0.00000,18.71149,0.62000,0.00000
1383,0.26000,0.00000,17.58914,0.62000,0.00000
1384,0.26000,0.00000,17.86374,0.62000,0.00000
1385,0.26000,0.00000,17.67450,0.62000,0.00000
1386,0.26000,0.00000,17.82309,0.62000,0.00000
1387,0.26000,0.00000,18.39921,0.62000,0.00000
1388,0.26000,0.00000,17.78238,0.62000,0.00000
1389,0.26000,0.00000,17.76915,0.62000,0.00000
1390,0.26000,0.00000,18.28240,0.62000,0.00000
1391,0.26000,0.00000,18.17221,0.62000,0.00000
1392,0.26000,0.00000,17.58043,0.62000,0.00000
1393,0.26000,0.00000,18.26293,0.62000,0.00000
1394,0.26000,0.00000,17.17450,0.62000,0.00000
1395,0.26000,0.00000,18.09660,0.62000,0.00000
1396,0.26000,0.00000,18.18422,0.62000,0.00000
1397,0.26000,0.00000,17.72635,0.62000,0.00000
1398,0.26000,0.00000,18.40259,0.62000,0.00000
1399,0.26000,0.00000,18.54531,0.62000,0.00000
1400,0.26000,0.00000,17.15664,0.62000,0.00000
1401,0.26000,0.00000,17.79670,0.62000,0.00000
1402,0.26000,0.00000,18.02614,0.62000,0.00000
1403,0.26000,0.00000,17.73877,0.62000,0.00000
1404,0.26000,0.00000,17.63704,0.62000,0.00000
1405,0.26000,0.00000,17.72307,0.62000,0.00000
1406,0.26000,0.00000,17.49048,0.62000,0.00000
1407,0.26000,0.00000,17.61433,0.62000,0.00000
1408,0.26000,0.00000,18.25523,0.62000,0.00000
1409,0.26000,0.00000,17.73555,0.62000,0.00000
1410,0.26000,0.00000,17.74869,0.62000,0.00000
1411,0.26000,0.00000,18.05146,0.62000,0.00000
1412,0.26000,0.00000,18.74824,0.62000,0.00000
1413,0.26000,0.00000,18.40203,0.62000,0.00000
1414,0.26000,0.00000,17.72426,0.62000,0.00000
1415,0.26000,0.00000,17.98161,0.62000,0.00000
1416,0.26000,0.00000,18.27865,0.62000,0.00000
1417,0.26000,0.00000,17.63051,0.62000,0.00000
1418,0.26000,0.00000,17.75852,0.62000,0.00000
1419,0.26000,0.00000,17.55535,0.62000,0.00000
1420,0.26000,0.00000,17.56336,0.62000,0.00000
1421,0.26000,0.00000,17.94705,0.62000,0.00000
1422,0.26000,0.00000,18.20759,0.62000,0.00000
1423,0.26000,0.00000,17.26122,0.62000,0.00000
1424,0.26000,0.00000,17.54174,0.62000,0.00000
1425,0.26000,0.00000,17.80787,0.62000,0.00000
1426,0.26000,0.00000,18.07954,0.62000,0.00000
1427,0.26000,0.00000,17.88630,0.62000,0.00000
1428,0.26000,0.00000,18.04101,0.62000,0.00000
1429,0.26000,0.00000,17.43179,0.62000,0.00000
1430,0.26000,0.00000,17.77353,0.62000,0.00000
1431,0.26000,0.00000,17.85839,0.62000,0.00000
1432,0.26000,0.00000,17.86529,0.62000,0.00000
1433,0.26000,0.00000,17.02241,0.62000,0.00000
1434,0.26000,0.00000,17.48946,0.62000,0.00000
1435,0.26000,0.00000,16.92650,0.62000,0.00000
1436,0.26000,0.00000,17.91916,0.62000,0.00000
1437,0.26000,0.00000,17.47282,0.62000,0.00000
1438,0.26000,0.00000,18.05642,0.62000,0.00000
1439,0.26000,0.00000,16.99948,0.62000,0.00000
1440,0.26000,0.00000,18.07499,0.62000,0.00000
1441,0.26000,0.00000,18.04103,0.62000,0.00000
1442,0.26000,0.00000,17.92465,0.62000,0.00000
1443,0.26000,0.00000,17.29444,0.62000,0.00000
1444,0.26000,0.00000,17.87351,0.62000,0.00000
1445,0.26000,0.00000,17.51149,0.62000,0.00000
1446,0.26000,0.00000,17.28398,0.62000,0.00000
1447,0.26000,0.00000,17.69272,0.62000,0.00000
1448,0.26000,0.00000,17.61547,0.62000,0.00000
1449,0.26000,0.00000,17.68574,0.62000,0.00000
1450,0.26000,0.00000,17.59918,0.62000,0.00000
1451,0.26000,0.00000,17.64142,0.62000,0.00000
1452,0.26000,0.00000,17.65669,0.62000,0.00000
1453,0.26000,0.00000,17.74159,0.62000,0.00000
1454,0.26000,0.00000,17.56054,0.62000,0.00000
1455,0.26000,0.00000,17.74122,0.62000,0.00000
1456,0.26000,0.00000,17.44756,0.62000,0.00000
1457,0.26000,0.00000,17.70325,0.62000,0.00000
1458,0.26000,0.00000,17.07729,0.62000,0.00000
1459,0.26000,0.00000,17.58780,0.62000,0.00000
1460,0.26000,0.00000,17.65785,0.62000,0.00000
1461,0.26000,0.00000,17.20456,0.62000,0.00000
1462,0.26000,0.00000,17.28210,0.62000,0.00000
1463,0.26000,0.00000,17.62291,0.62000,0.00000
1464,0.26000,0.00000,17.19720,0.62000,0.00000
1465,0.26000,0.00000,17.97735,0.62000,0.00000
1466,0.26000,0.00000,17.13042,0.62000,0.00000
1467,0.26000,0.00000,16.93247,0.62000,0.00000
1468,0.26000,0.00000,17.68113,0.62000,0.00000
1469,0.26000,0.00000,17.30580,0.62000,0.00000
1470,0.26000,0.00000,17.44397,0.62000,0.00000
1471,0.26000,0.00000,17.47367,0.62000,0.00000
1472,0.26000,0.00000,17.95369,0.62000,0.00000
1473,0.26000,0.00000,17.54138,0.62000,0.00000
1474,0.26000,0.00000,17.32342,0.62000,0.00000
1475,0.26000,0.00000,17.83611,0.62000,0.00000
1476,0.26000,0.00000,17.61233,0.62000,0.00000
1477,0.26000,0.00000,17.63152,0.62000,0.00000
1478,0.26000,0.00000,17.18744,0.62000,0.00000
1479,0.26000,0.00000,18.11563,0.62000,0.00000
1480,0.26000,0.00000,16.75795,0.62000,0.00000
1481,0.26000,0.00000,17.18238,0.62000,0.00000
1482,0.26000,0.00000,17.63230,0.62000,0.00000
1483,0.26000,0.00000,17.36511,0.62000,0.00000
1484,0.26000,0.00000,17.95242,0.62000,0.00000
1485,0.26000,0.00000,17.30304,0.62000,0.00000
1486,0.26000,0.00000,17.15610,0.62000,0.00000
1487,0.26000,0.00000,17.12461,0.62000,0.00000
1488,0.26000,0.00000,17.66620,0.62000,0.00000
1489,0.26000,0.00000,17.19091,0.62000,0.00000
1490,0.26000,0.00000,17.66795,0.62000,0.00000
1491,0.26000,0.00000,16.84258,0.62000,0.00000
1492,0.26000,0.00000,17.62369,0.62000,0.00000
1493,0.26000,0.00000,17.53911,0.62000,0.00000
1494,0.26000,0.00000,17.50697,0.62000,0.00000
1495,0.26000,0.00000,18.01524,0.62000,0.00000
1496,0.26000,0.00000,17.27797,0.62000,0.00000
1497,0.26000,0.00000,18.25851,0.62000,0.00000
1498,0.26000,0.00000,16.88636,0.62000,0.00000
1499,0.26000,0.00000,17.55833,0.62000,-0.78000
1500,0.26000,0.00000,17.84459,0.62000,-0.78000
1501,0.26000,0.00000,17.61880,0.62000,-0.78000
1502,0.26000,0.00000,17.15645,0.62000,-0.78000
1503,0.26000,0.00000,17.53718,0.62000,-0.78000
1504,0.26000,0.00000,17.76618,0.62000,-0.78000
1505,0.26000,0.00000,18.10962,0.62000,-0.78000
1506,0.26000,0.00000,17.21742,0.62000,-0.78000
1507,0.26000,0.00000,17.80396,0.62000,-0.78000
1508,0.26000,0.00000,17.19535,0.62000,-0.78000
1509,0.26000,0.00000,17.89930,0.62000,-0.78000
1510,0.26000,0.00000,17.64519,0.62000,-0.78000
1511,0.26000,0.00000,17.93000,0.62000,-0.78000
1512,0.26000,0.00000,17.31422,0.62000,-0.78000
1513,0.26000,0.00000,17.09099,0.62000,-0.78000
1514,0.26000,0.00000,17.57005,0.62000,-0.78000
1515,0.26000,0.00000,17.44344,0.62000,-0.78000
1516,0.26000,0.00000,17.73764,0.62000,-0.78000
1517,0.26000,0.00000,17.11049,0.62000,-0.78000
1518,0.26000,0.00000,17.56622,0.62000,-0.78000
1519,0.26000,0.00000,17.55461,0.62000,-0.78000
1520,0.26000,0.00000,16.97199,0.62000,-0.78000
1521,0.26000,0.00000,18.01119,0.62000,-0.78000
1522,0.26000,0.00000,17.56356,0.62000,-0.78000
1523,0.26000,0.00000,17.15482,0.62000,-0.78000
1524,0.26000,0.00000,16.97251,0.62000,-0.78000
1525,0.26000,0.00000,17.13852,0.62000,-0.78000
1526,0.26000,0.00000,18.31928,0.62000,-0.78000
1527,0.26000,0.00000,17.35573,0.62000,-0.78000
1528,0.26000,0.00000,17.39185,0.62000,-0.78000
1529,0.26000,0.00000,17.47791,0.62000,-0.78000
1530,0.26000,0.00000,17.40623,0.62000,-0.78000
1531,0.26000,0.00000,17.68106,0.62000,-0.78000
1532,0.26000,0.00000,17.52931,0.62000,-0.78000
1533,0.26000,0.00000,17.45665,0.62000,-0.78000
1534,0.26000,0.00000,17.78255,0.62000,-0.78000
1535,0.26000,0.00000,16.58451,0.62000,-0.78000
1536,0.26000,0.00000,16.40621,0.62000,-0.78000
1537,0.26000,0.00000,18.12681,0.62000,-0.78000
1538,0.26000,0.00000,18.06049,0.62000,-0.78000
1539,0.26000,0.00000,17.42361,0.62000,-0.78000
1540,0.26000,0.00000,17.28609,0.62000,-0.78000
1541,0.26000,0.00000,17.20598,0.62000,-0.78000
1542,0.26000,0.00000,17.22726,0.62000,-0.78000
1543,0.26000,0.00000,17.42005,0.62000,-0.78000
1544,0.26000,0.00000,17.52489,0.62000,-0.78000
1545,0.26000,0.00000,17.66695,0.62000,-0.78000
1546,0.26000,0.00000,17.31516,0.62000,-0.78000
1547,0.26000,0.00000,17.58963,0.62000,-0.78000
1548,0.26000,0.00000,17.81319,0.62000,-0.78000
1549,0.26000,0.00000,17.31929,0.62000,-0.78000
1550,0.26000,0.00000,18.16693,0.62000,-0.78000
1551,0.26000,0.00000,17.66211,0.62000,-0.78000
1552,0.26000,0.00000,17.96945,0.62000,-0.78000
1553,0.26000,0.00000,17.45239,0.62000,-0.78000
1554,0.26000,0.00000,18.01495,0.62000,-0.78000
1555,0.26000,0.00000,17.50471,0.62000,-0.78000
1556,0.26000,0.00000,17.95619,0.62000,-0.78000
1557,0.26000,0.00000,17.92719,0.62000,-0.78000
1558,0.26000,0.00000,17.31465,0.62000,-0.78000
1559,0.26000,0.00000,18.19321,0.62000,-0.78000
1560,0.26000,0.00000,17.92220,0.62000,-0.78000
1561,0.26000,0.00000,17.34568,0.62000,-0.78000
1562,0.26000,0.00000,17.99537,0.62000,-0.78000
1563,0.26000,0.00000,17.47391,0.62000,-0.78000
1564,0.26000,0.00000,17.79600,0.62000,-0.78000
1565,0.26000,0.00000,17.97643,0.62000,-0.78000
1566,0.26000,0.00000,18.31412,0.62000,-0.78000
1567,0.26000,0.00000,18.29429,0.62000,-0.78000
1568,0.26000,0.00000,17.41089,0.62000,-0.78000
1569,0.26000,0.00000,17.08757,0.62000,-0.78000
1570,0.26000,0.00000,17.90104,0.62000,-0.78000
1571,0.26000,0.00000,18.38300,0.62000,-0.78000
1572,0.26000,0.00000,17.70383,0.62000,-0.78000
1573,0.26000,0.00000,18.36136,0.62000,-0.78000
1574,0.26000,0.00000,17.62382,0.62000,-0.78000
1575,0.26000,0.00000,17.50046,0.62000,-0.78000
1576,0.26000,0.00000,17.60291,0.62000,-0.78000
1577,0.26000,0.00000,17.46054,0.62000,-0.78000
1578,0.26000,0.00000,17.53359,0.62000,-0.78000
1579,0.26000,0.00000,17.34709,0.62000,-0.78000
1580,0.26000,0.00000,17.78817,0.62000,-0.78000
1581,0.26000,0.00000,18.07632,0.62000,-0.78000
1582,0.26000,0.00000,18.25603,0.62000,-0.78000
1583,0.26000,0.00000,17.57888,0.62000,-0.78000
1584,0.26000,0.00000,17.70280,0.62000,-0.78000
1585,0.26000,0.00000,18.25838,0.62000,-0.78000
1586,0.26000,0.00000,18.20138,0.62000,-0.78000
1587,0.26000,0.00000,17.91036,0.62000,-0.78000
1588,0.26000,0.00000,17.19313,0.62000,-0.78000
1589,0.26000,0.00000,17.63215,0.62000,-0.78000
1590,0.26000,0.00000,17.71502,0.62000,-0.78000
1591,0.26000,0.00000,17.10190,0.62000,-0.78000
1592,0.26000,0.00000,17.73696,0.62000,-0.78000
1593,0.26000,0.00000,17.94957,0.62000,-0.78000
1594,0.26000,0.00000,17.52942,0.62000,-0.78000
1595,0.26000,0.00000,17.82344,0.62000,-0.78000
1596,0.26000,0.00000,17.65656,0.62000,-0.78000
1597,0.26000,0.00000,16.93647,0.62000,-0.78000
1598,0.26000,0.00000,17.79608,0.62000,-0.78000
1599,0.26000,0.00000,18.22465,0.62000,-0.78000
1600,0.26000,0.00000,17.77596,0.62000,-0.78000
1601,0.26000,0.00000,18.34352,0.62000,-0.78000
1602,0.26000,0.00000,18.58444,0.62000,-0.78000
1603,0.26000,0.00000,17.45067,0.62000,-0.78000
1604,0.26000,0.00000,18.49382,0.62000,-0.78000
1605,0.26000,0.00000,18.41119,0.62000,-0.78000
1606,0.26000,0.00000,17.56016,0.62000,-0.78000
1607,0.26000,0.00000,17.53228,0.62000,-0.78000
1608,0.26000,0.00000,17.82990,0.62000,-0.78000
1609,0.26000,0.00000,18.24146,0.62000,-0.78000
1610,0.26000,0.00000,18.28575,0.62000,-0.78000
1611,0.26000,0.00000,17.70944,0.62000,-0.78000
1612,0.26000,0.00000,18.00768,0.62000,-0.78000
1613,0.26000,0.00000,17.47457,0.62000,-0.78000
1614,0.26000,0.00000,17.91720,0.62000,-0.78000
1615,0.26000,0.00000,17.84001,0.62000,-0.78000
1616,0.26000,0.00000,18.51577,0.62000,-0.78000
1617,0.26000,0.00000,17.48633,0.62000,-0.78000
1618,0.26000,0.00000,17.87999,0.62000,-0.78000
1619,0.26000,0.00000,18.29286,0.62000,-0.78000
1620,0.26000,0.00000,18.03593,0.62000,-0.78000
1621,0.26000,0.00000,17.82044,0.62000,-0.78000
1622,0.26000,0.00000,17.79909,0.62000,-0.78000
1623,0.26000,0.00000,17.68210,0.62000,-0.78000
1624,0.26000,0.00000,17.89520,0.62000,-0.78000
1625,0.26000,0.00000,18.01726,0.62000,-0.78000
1626,0.26000,0.00000,18.32006,0.62000,-0.78000
1627,0.26000,0.00000,17.81679,0.62000,-0.78000
1628,0.26000,0.00000,18.23120,0.62000,-0.78000
1629,0.26000,0.00000,18.43692,0.62000,-0.78000
1630,0.26000,0.00000,17.72869,0.62000,-0.78000
1631,0.26000,0.00000,18.32804,0.62000,-0.78000
1632,0.26000,0.00000,18.00869,0.62000,-0.78000
1633,0.26000,0.00000,18.24550,0.62000,-0.78000
1634,0.26000,0.00000,18.08495,0.62000,-0.78000
1635,0.26000,0.00000,18.09558,0.62000,-0.78000
1636,0.26000,0.00000,18.48349,0.62000,-0.78000
1637,0.26000,0.00000,18.20565,0.62000,-0.78000
1638,0.26000,0.00000,18.36054,0.62000,-0.78000
1639,0.26000,0.00000,18.59159,0.62000,-0.78000
1640,0.26000,0.00000,18.55460,0.62000,-0.78000
1641,0.26000,0.00000,18.40729,0.62000,-0.78000
1642,0.26000,0.00000,18.15584,0.62000,-0.78000
1643,0.26000,0.00000,18.22414,0.62000,-0.78000
1644,0.26000,0.00000,18.58877,0.62000,-0.78000
1645,0.26000,0.00000,18.38824,0.62000,-0.78000
1646,0.26000,0.00000,18.23402,0.62000,-0.78000
1647,0.26000,0.00000,18.14666,0.62000,-0.78000
1648,0.26000,0.00000,18.13468,0.62000,-0.78000
1649,0.26000,0.00000,18.11768,0.62000,-0.78000
1650,0.26000,0.00000,18.33316,0.62000,-0.78000
1651,0.26000,0.00000,18.31538,0.62000,-0.78000
1652,0.26000,0.00000,18.48762,0.62000,-0.78000
1653,0.26000,0.00000,17.75351,0.62000,-0.78000
1654,0.26000,0.00000,18.51341,0.62000,-0.78000
1655,0.26000,0.00000,18.11826,0.62000,-0.78000
1656,0.26000,0.00000,18.79727,0.62000,-0.78000
1657,0.26000,0.00000,18.40298,0.62000,-0.78000
1658,0.26000,0.00000,19.33876,0.62000,-0.78000
1659,0.26000,0.00000,18.18726,0.62000,-0.78000
1660,0.26000,0.00000,18.69375,0.62000,-0.78000
1661,0.26000,0.00000,18.58337,0.62000,-0.78000
1662,0.26000,0.00000,18.63504,0.62000,-0.78000
1663,0.26000,0.00000,18.07130,0.62000,-0.78000
1664,0.26000,0.00000,18.22170,0.62000,-0.78000
1665,0.26000,0.00000,19.00048,0.62000,-0.78000
1666,0.26000,0.00000,18.95128,0.62000,-0.78000
1667,0.26000,0.00000,18.59465,0.62000,-0.78000
1668,0.26000,0.00000,18.76777,0.62000,-0.78000
1669,0.26000,0.00000,18.43549,0.62000,-0.78000
1670,0.26000,0.00000,18.64790,0.62000,-0.78000
1671,0.26000,0.00000,18.37834,0.62000,-0.78000
1672,0.26000,0.00000,18.69793,0.62000,-0.78000
1673,0.26000,0.00000,18.80470,0.62000,-0.78000
1674,0.26000,0.00000,19.21454,0.62000,-0.78000
1675,0.26000,0.00000,17.87829,0.62000,-0.78000
1676,0.26000,0.00000,18.90746,0.62000,-0.78000
1677,0.26000,0.00000,18.70011,0.62000,-0.78000
1678,0.26000,0.00000,19.07548,0.62000,-0.78000
1679,0.26000,0.00000,18.27787,0.62000,-0.78000
1680,0.26000,0.00000,18.42993,0.62000,-0.78000
1681,0.26000,0.00000,19.20450,0.62000,-0.78000
1682,0.26000,0.00000,18.57443,0.62000,-0.78000
1683,0.26000,0.00000,19.02881,0.62000,-0.78000
1684,0.26000,0.00000,18.51370,0.62000,-0.78000
1685,0.26000,0.00000,18.89406,0.62000,-0.78000
1686,0.26000,0.00000,18.49754,0.62000,-0.78000
1687,0.26000,0.00000,19.06533,0.62000,-0.78000
1688,0.26000,0.00000,19.17170,0.62000,-0.78000
1689,0.26000,0.00000,18.15043,0.62000,-0.78000
1690,0.26000,0.00000,19.11449,0.62000,-0.78000
1691,0.26000,0.00000,19.03447,0.62000,-0.78000
1692,0.26000,0.00000,18.86993,0.62000,-0.78000
1693,0.26000,0.00000,18.95155,0.62000,-0.78000
1694,0.26000,0.00000,19.10173,0.62000,-0.78000
1695,0.26000,0.00000,18.80001,0.62000,-0.78000
1696,0.26000,0.00000,18.72867,0.62000,-0.78000
1697,0.26000,0.00000,19.32787,0.62000,-0.78000
1698,0.26000,0.00000,18.73513,0.62000,-0.78000
1699,0.26000,0.00000,19.08069,0.62000,-0.78000
1700,0.26000,0.00000,19.31337,0.62000,-0.78000
1701,0.26000,0.00000,18.62486,0.62000,-0.78000
1702,0.26000,0.00000,18.78391,0.62000,-0.78000
1703,0.26000,0.00000,18.67425,0.62000,-0.78000
1704,0.26000,0.00000,18.93932,0.62000,-0.78000
1705,0.26000,0.00000,18.79908,0.62000,-0.78000
1706,0.26000,0.00000,19.16535,0.62000,-0.78000
1707,0.26000,0.00000,18.65415,0.62000,-0.78000
1708,0.26000,0.00000,19.96798,0.62000,-0.78000
1709,0.26000,0.00000,19.31108,0.62000,-0.78000
1710,0.26000,0.00000,18.97262,0.62000,-0.78000
1711,0.26000,0.00000,18.46491,0.62000,-0.78000
1712,0.26000,0.00000,19.36347,0.62000,-0.78000
1713,0.26000,0.00000,18.82666,0.62000,-0.78000
1714,0.26000,0.00000,19.35390,0.62000,-0.78000
1715,0.26000,0.00000,19.77556,0.62000,-0.78000
1716,0.26000,0.00000,18.79043,0.62000,-0.78000
1717,0.26000,0.00000,17.87226,0.62000,-0.78000
1718,0.26000,0.00000,18.87311,0.62000,-0.78000
1719,0.26000,0.00000,18.98894,0.62000,-0.78000
1720,0.26000,0.00000,18.62488,0.62000,-0.78000
1721,0.26000,0.00000,19.50739,0.62000,-0.78000
1722,0.26000,0.00000,18.85393,0.62000,-0.78000
1723,0.26000,0.00000,19.45084,0.62000,-0.78000
1724,0.26000,0.00000,19.91460,0.62000,-0.78000
1725,0.26000,0.00000,18.48581,0.62000,-0.78000
1726,0.26000,0.00000,19.86461,0.62000,-0.78000
1727,0.26000,0.00000,19.68518,0.62000,-0.78000
1728,0.26000,0.00000,19.63924,0.62000,-0.78000
1729,0.26000,0.00000,19.43607,0.62000,-0.78000
1730,0.26000,0.00000,18.69695,0.62000,-0.78000
1731,0.26000,0.00000,19.81295,0.62000,-0.78000
1732,0.26000,0.00000,19.65191,0.62000,-0.78000
1733,0.26000,0.00000,19.22986,0.62000,-0.78000
1734,0.26000,0.00000,19.07613,0.62000,-0.78000
1735,0.26000,0.00000,19.23705,0.62000,-0.78000
1736,0.26000,0.00000,19.12384,0.62000,-0.78000
1737,0.26000,0.00000,20.37310,0.62000,-0.78000
1738,0.26000,0.00000,19.13497,0.62000,-0.78000
1739,0.26000,0.00000,19.59092,0.62000,-0.78000
1740,0.26000,0.00000,19.80822,0.62000,-0.78000
1741,0.26000,0.00000,19.18513,0.62000,-0.78000
1742,0.26000,0.00000,19.68453,0.62000,-0.78000
1743,0.26000,0.00000,19.43571,0.62000,-0.78000
1744,0.26000,0.00000,18.81960,0.62000,-0.78000
1745,0.26000,0.00000,19.10754,0.62000,-0.78000
1746,0.26000,0.00000,19.14117,0.62000,-0.78000
1747,0.26000,0.00000,19.36125,0.62000,-0.78000
1748,0.26000,0.00000,20.19933,0.62000,-0.78000
1749,0.26000,0.00000,19.23559,0.62000,-0.78000
1750,0.26000,0.00000,19.90961,0.62000,-0.78000
1751,0.26000,0.00000,19.49804,0.62000,-0.78000
1752,0.26000,0.00000,20.30203,0.62000,-0.78000
1753,0.26000,0.00000,19.88695,0.62000,-0.78000
1754,0.26000,0.00000,19.87234,0.62000,-0.78000
1755,0.26000,0.00000,19.61355,0.62000,-0.78000
1756,0.26000,0.00000,19.62813,0.62000,-0.78000
1757,0.26000,0.00000,20.53068,0.62000,-0.78000
1758,0.26000,0.00000,20.22946,0.62000,-0.78000
1759,0.26000,0.00000,19.82366,0.62000,-0.78000
1760,0.26000,0.00000,19.53947,0.62000,-0.78000
1761,0.26000,0.00000,20.11811,0.62000,-0.78000
1762,0.26000,0.00000,19.75761,0.62000,-0.78000
1763,0.26000,0.00000,19.45952,0.62000,-0.78000
1764,0.26000,0.00000,19.82888,0.62000,-0.78000
1765,0.26000,0.00000,19.71800,0.62000,-0.78000
1766,0.26000,0.00000,19.56461,0.62000,-0.78000
1767,0.26000,0.00000,19.67051,0.62000,-0.78000
1768,0.26000,0.00000,20.06581,0.62000,-0.78000
1769,0.26000,0.00000,19.59155,0.62000,-0.78000
1770,0.26000,0.00000,19.87560,0.62000,-0.78000
1771,0.26000,0.00000,19.88939,0.62000,-0.78000
1772,0.26000,0.00000,19.93202,0.62000,-0.78000
1773,0.26000,0.00000,19.73967,0.62000,-0.78000
1774,0.26000,0.00000,20.28450,0.62000,-0.78000
1775,0.26000,0.00000,20.29361,0.62000,-0.78000
1776,0.26000,0.00000,20.63372,0.62000,-0.78000
1777,0.26000,0.00000,19.88204,0.62000,-0.78000
1778,0.26000,0.00000,19.60091,0.62000,-0.78000
1779,0.26000,0.00000,19.79014,0.62000,-0.78000
1780,0.26000,0.00000,19.99081,0.62000,-0.78000
1781,0.26000,0.00000,20.36618,0.62000,-0.78000
1782,0.26000,0.00000,20.51074,0.62000,-0.78000
1783,0.26000,0.00000,20.51313,0.62000,-0.78000
1784,0.26000,0.00000,19.99893,0.62000,-0.78000
1785,0.26000,0.00000,19.75487,0.62000,-0.78000
1786,0.26000,0.00000,20.79365,0.62000,-0.78000
1787,0.26000,0.00000,19.82873,0.62000,-0.78000
1788,0.26000,0.00000,20.43327,0.62000,-0.78000
1789,0.26000,0.00000,20.94648,0.62000,-0.78000
1790,0.26000,0.00000,20.41104,0.62000,-0.78000
1791,0.26000,0.00000,20.19611,0.62000,-0.78000
1792,0.26000,0.00000,20.26189,0.62000,-0.78000
1793,0.26000,0.00000,20.75873,0.62000,-0.78000
1794,0.26000,0.00000,21.10043,0.62000,-0.78000
1795,0.26000,0.00000,21.11896,0.62000,-0.78000
1796,0.26000,0.00000,20.46189,0.62000,-0.78000
1797,0.26000,0.00000,20.50736,0.62000,-0.78000
1798,0.26000,0.00000,20.56693,0.62000,-0.78000
1799,0.26000,0.00000,20.56627,0.62000,-0.78000
1800,0.26000,0.00000,20.23215,0.62000,-0.78000
1801,0.26000,0.00000,19.83530,0.62000,-0.78000
1802,0.26000,0.00000,20.04907,0.62000,-0.78000
1803,0.26000,0.00000,20.40785,0.62000,-0.78000
1804,0.26000,0.00000,20.28465,0.62000,-0.78000
1805,0.26000,0.00000,20.46382,0.62000,-0.78000
1806,0.26000,0.00000,20.33625,0.62000,-0.78000
1807,0.26000,0.00000,20.41865,0.62000,-0.78000
1808,0.26000,0.00000,20.67005,0.62000,-0.78000
1809,0.26000,0.00000,20.57525,0.62000,-0.78000
1810,0.26000,0.00000,21.36517,0.62000,-0.78000
1811,0.26000,0.00000,20.54831,0.62000,-0.78000
1812,0.26000,0.00000,21.02643,0.62000,-0.78000
1813,0.26000,0.00000,20.99137,0.62000,-0.78000
1814,0.26000,0.00000,20.41838,0.62000,-0.78000
1815,0.26000,0.00000,20.28298,0.62000,-0.78000
1816,0.26000,0.00000,20.46440,0.62000,-0.78000
1817,0.26000,0.00000,21.16580,0.62000,-0.78000
1818,0.26000,0.00000,20.60692,0.62000,-0.78000
1819,0.26000,0.00000,21.46685,0.62000,-0.78000
1820,0.26000,0.00000,20.91619,0.62000,-0.78000
1821,0.26000,0.00000,21.31641,0.62000,-0.78000
1822,0.26000,0.00000,20.86541,0.62000,-0.78000
1823,0.26000,0.00000,20.99451,0.62000,-0.78000
1824,0.26000,0.00000,21.67569,0.62000,-0.78000
1825,0.26000,0.00000,20.26687,0.62000,-0.78000
1826,0.26000,0.00000,20.57787,0.62000,-0.78000
1827,0.26000,0.00000,21.17729,0.62000,-0.78000
1828,0.26000,0.00000,21.25154,0.62000,-0.78000
1829,0.26000,0.00000,20.98150,0.62000,-0.78000
1830,0.26000,0.00000,20.82107,0.62000,-0.78000
1831,0.26000,0.00000,20.64274,0.62000,-0.78000
1832,0.26000,0.00000,21.22471,0.62000,-0.78000
1833,0.26000,0.00000,21.46201,0.62000,-0.78000
1834,0.26000,0.00000,21.35270,0.62000,-0.78000
1835,0.26000,0.00000,20.83889,0.62000,-0.78000
1836,0.26000,0.00000,21.18442,0.62000,-0.78000
1837,0.26000,0.00000,21.19870,0.62000,-0.78000
1838,0.26000,0.00000,20.97172,0.62000,-0.78000
1839,0.26000,0.00000,21.38634,0.62000,-0.78000
1840,0.26000,0.00000,20.47390,0.62000,-0.78000
1841,0.26000,0.00000,21.17428,0.62000,-0.78000
1842,0.26000,0.00000,20.94578,0.62000,-0.78000
1843,0.26000,0.00000,21.39612,0.62000,-0.78000
1844,0.26000,0.00000,22.23155,0.62000,-0.78000
1845,0.26000,0.00000,21.22859,0.62000,-0.78000
1846,0.26000,0.00000,21.26262,0.62000,-0.78000
1847,0.26000,0.00000,21.42295,0.62000,-0.78000
1848,0.26000,0.00000,21.24160,0.62000,-0.78000
1849,0.26000,0.00000,21.09030,0.62000,-0.78000
1850,0.26000,0.00000,20.70250,0.62000,-0.78000
1851,0.26000,0.00000,21.50707,0.62000,-0.78000
1852,0.26000,0.00000,21.29230,0.62000,-0.78000
1853,0.26000,0.00000,21.70286,0.62000,-0.78000
1854,0.26000,0.00000,21.89094,0.62000,-0.78000
1855,0.26000,0.00000,21.41862,0.62000,-0.78000
1856,0.26000,0.00000,20.82902,0.62000,-0.78000
1857,0.26000,0.00000,21.61113,0.62000,-0.78000
1858,0.26000,0.00000,22.36470,0.62000,-0.78000
1859,0.26000,0.00000,21.56194,0.62000,-0.78000
1860,0.26000,0.00000,21.48477,0.62000,-0.78000
1861,0.26000,0.00000,21.23505,0.62000,-0.78000
1862,0.26000,0.00000,21.46577,0.62000,-0.78000
1863,0.26000,0.00000,21.50996,0.62000,-0.78000
1864,0.26000,0.00000,22.27440,0.62000,-0.78000
1865,0.26000,0.00000,21.52023,0.62000,-0.78000
1866,0.26000,0.00000,22.05634,0.62000,-0.78000
1867,0.26000,0.00000,21.42079,0.62000,-0.78000
1868,0.26000,0.00000,21.57489,0.62000,-0.78000
1869,0.26000,0.00000,22.08159,0.62000,-0.78000
1870,0.26000,0.00000,21.29645,0.62000,-0.78000
1871,0.26000,0.00000,22.18500,0.62000,-0.78000
1872,0.26000,0.00000,21.44701,0.62000,-0.78000
1873,0.26000,0.00000,21.53023,0.62000,-0.78000
1874,0.26000,0.00000,21.88839,0.62000,-0.78000
1875,0.26000,0.00000,22.17225,0.62000,-0.78000
1876,0.26000,0.00000,22.26970,0.62000,-0.78000
1877,0.26000,0.00000,22.00190,0.62000,-0.78000
1878,0.26000,0.00000,21.98966,0.62000,-0.78000
1879,0.26000,0.00000,21.81501,0.62000,-0.78000
1880,0.26000,0.00000,22.19918,0.62000,-0.78000
1881,0.26000,0.00000,22.42493,0.62000,-0.78000
1882,0.26000,0.00000,22.11757,0.62000,-0.78000
1883,0.26000,0.00000,22.40122,0.62000,-0.78000
1884,0.26000,0.00000,21.80934,0.62000,-0.78000
1885,0.26000,0.00000,21.94694,0.62000,-0.78000
1886,0.26000,0.00000,22.34331,0.62000,-0.78000
1887,0.26000,0.00000,21.98389,0.62000,-0.78000
1888,0.26000,0.00000,22.92733,0.62000,-0.78000
1889,0.26000,0.00000,22.27540,0.62000,-0.78000
1890,0.26000,0.00000,21.59438,0.62000,-0.78000
1891,0.26000,0.00000,22.09039,0.62000,-0.78000
1892,0.26000,0.00000,21.98500,0.62000,-0.78000
1893,0.26000,0.00000,21.28774,0.62000,-0.78000
1894,0.26000,0.00000,21.92713,0.62000,-0.78000
1895,0.26000,0.00000,22.70669,0.62000,-0.78000
1896,0.26000,0.00000,22.59721,0.62000,-0.78000
1897,0.26000,0.00000,22.79999,0.62000,-0.78000
1898,0.26000,0.00000,22.85695,0.62000,-0.78000
1899,0.26000,0.00000,21.78501,0.62000,-0.78000
1900,0.26000,0.00000,22.56813,0.62000,-0.78000
1901,0.26000,0.00000,22.36787,0.62000,-0.78000
1902,0.26000,0.00000,21.94814,0.62000,-0.78000
1903,0.26000,0.00000,22.28861,0.62000,-0.78000
1904,0.26000,0.00000,22.40581,0.62000,-0.78000
1905,0.26000,0.00000,22.56153,0.62000,-0.78000
1906,0.26000,0.00000,22.03793,0.62000,-0.78000
1907,0.26000,0.00000,21.44006,0.62000,-0.78000
1908,0.26000,0.00000,22.37068,0.62000,-0.78000
1909,0.26000,0.00000,22.04108,0.62000,-0.78000
1910,0.26000,0.00000,22.40956,0.62000,-0.78000
1911,0.26000,0.00000,22.11870,0.62000,-0.78000
1912,0.26000,0.00000,22.78034,0.62000,-0.78000
1913,0.26000,0.00000,22.39779,0.62000,-0.78000
1914,0.26000,0.00000,22.61008,0.62000,-0.78000
1915,0.26000,0.00000,22.96063,0.62000,-0.78000
1916,0.26000,0.00000,22.42051,0.62000,-0.78000
1917,0.26000,0.00000,23.00817,0.62000,-0.78000
1918,0.26000,0.00000,22.39205,0.62000,-0.78000
1919,0.26000,0.00000,23.07644,0.62000,-0.78000
1920,0.26000,0.00000,22.52522,0.62000,-0.78000
1921,0.26000,0.00000,22.38270,0.62000,-0.78000
1922,0.26000,0.00000,22.98908,0.62000,-0.78000
1923,0.26000,0.00000,22.29432,0.62000,-0.78000
1924,0.26000,0.00000,22.38875,0.62000,-0.78000
1925,0.26000,0.00000,22.70443,0.62000,-0.78000
1926,0.26000,0.00000,22.86263,0.62000,-0.78000
1927,0.26000,0.00000,22.86580,0.62000,-0.78000
1928,0.26000,0.00000,22.32070,0.62000,-0.78000
1929,0.26000,0.00000,22.92028,0.62000,-0.78000
1930,0.26000,0.00000,22.73734,0.62000,-0.78000
1931,0.26000,0.00000,22.81741,0.62000,-0.78000
1932,0.26000,0.00000,22.81532,0.62000,-0.78000
1933,0.26000,0.00000,22.59541,0.62000,-0.78000
1934,0.26000,0.00000,22.80481,0.62000,-0.78000
1935,0.26000,0.00000,22.68177,0.62000,-0.78000
1936,0.26000,0.00000,22.86910,0.62000,-0.78000
1937,0.26000,0.00000,23.65290,0.62000,-0.78000
1938,0.26000,0.00000,22.77644,0.62000,-0.78000
1939,0.26000,0.00000,22.83148,0.62000,-0.78000
1940,0.26000,0.00000,22.90841,0.62000,-0.78000
1941,0.26000,0.00000,23.44343,0.62000,-0.78000
1942,0.26000,0.00000,23.13459,0.62000,-0.78000
1943,0.26000,0.00000,22.82528,0.62000,-0.78000
1944,0.26000,0.00000,22.94409,0.62000,-0.78000
1945,0.26000,0.00000,22.88246,0.62000,-0.78000
1946,0.26000,0.00000,23.02219,0.62000,-0.78000
1947,0.26000,0.00000,22.50315,0.62000,-0.78000
1948,0.26000,0.00000,23.10197,0.62000,-0.78000
1949,0.26000,0.00000,23.14289,0.62000,-0.78000
1950,0.26000,0.00000,22.89223,0.62000,-0.78000
1951,0.26000,0.00000,23.11119,0.62000,-0.78000
1952,0.26000,0.00000,23.54383,0.62000,-0.78000
1953,0.26000,0.00000,22.67909,0.62000,-0.78000
1954,0.26000,0.00000,23.26004,0.62000,-0.78000
1955,0.26000,0.00000,23.72474,0.62000,-0.78000
1956,0.26000,0.00000,22.68852,0.62000,-0.78000
1957,0.26000,0.00000,22.95674,0.62000,-0.78000
1958,0.26000,0.00000,22.90691,0.62000,-0.78000
1959,0.26000,0.00000,23.36121,0.62000,-0.78000
1960,0.26000,0.00000,23.27550,0.62000,-0.78000
1961,0.26000,0.00000,22.42291,0.62000,-0.78000
1962,0.26000,0.00000,23.01530,0.62000,-0.78000
1963,0.26000,0.00000,23.42845,0.62000,-0.78000
1964,0.26000,0.00000,23.53710,0.62000,-0.78000
1965,0.26000,0.00000,23.07339,0.62000,-0.78000
1966,0.26000,0.00000,23.36295,0.62000,-0.78000
1967,0.26000,0.00000,23.19002,0.62000,-0.78000
1968,0.26000,0.00000,23.62107,0.62000,-0.78000
1969,0.26000,0.00000,23.40432,0.62000,-0.78000
1970,0.26000,0.00000,22.95850,0.62000,-0.78000
1971,0.26000,0.00000,23.26450,0.62000,-0.78000
1972,0.26000,0.00000,22.71204,0.62000,-0.78000
1973,0.26000,0.00000,23.04242,0.62000,-0.78000
1974,0.26000,0.00000,23.22486,0.62000,-0.78000
1975,0.26000,0.00000,23.36263,0.62000,-0.78000
1976,0.26000,0.00000,23.97227,0.62000,-0.78000
1977,0.26000,0.00000,22.92208,0.62000,-0.78000
1978,0.26000,0.00000,23.90709,0.62000,-0.78000
1979,0.26000,0.00000,23.39124,0.62000,-0.78000
1980,0.26000,0.00000,24.03437,0.62000,-0.78000
1981,0.26000,0.00000,23.87293,0.62000,-0.78000
1982,0.26000,0.00000,23.92471,0.62000,-0.78000
1983,0.26000,0.00000,23.41382,0.62000,-0.78000
1984,0.26000,0.00000,23.15415,0.62000,-0.78000
1985,0.26000,0.00000,23.54547,0.62000,-0.78000
1986,0.26000,0.00000,22.91952,0.62000,-0.78000
1987,0.26000,0.00000,23.95625,0.62000,-0.78000
1988,0.26000,0.00000,22.96262,0.62000,-0.78000
1989,1.26000,0.00000,23.15661,0.62000,-0.78000
1990,1.26000,0.00000,23.38976,0.62000,-0.78000
1991,1.26000,0.00000,24.08510,0.62000,-0.78000
1992,1.26000,0.00000,23.12226,0.62000,-0.78000
1993,1.26000,0.00000,23.55513,0.62000,-0.78000
1994,1.26000,0.00000,23.75482,0.62000,-0.78000
1995,1.26000,0.00000,24.15167,0.62000,-0.78000
1996,1.26000,0.00000,23.95887,0.62000,-0.78000
1997,1.26000,0.00000,23.62397,0.62000,-0.78000
1998,1.26000,0.00000,23.59342,0.62000,-0.78000
1999,1.26000,0.00000,23.75692,0.62000,-0.78000
2000,1.26000,0.00000,23.98388,0.62000,-0.78000
2001,0.26000,0.00000,24.19268,0.62000,-0.78000
2002,0.26000,0.00000,23.96072,0.62000,-0.78000
2003,0.26000,0.00000,23.88642,0.62000,-0.78000
2004,0.26000,0.00000,23.74150,0.62000,-0.78000
2005,0.26000,0.00000,24.52197,0.62000,-0.78000
2006,0.26000,0.00000,23.70897,0.62000,-0.78000
2007,0.26000,0.00000,23.44590,0.62000,-0.78000
2008,0.26000,0.00000,23.84830,0.62000,-0.78000
2009,0.26000,0.00000,24.34019,0.62000,-0.78000
2010,0.26000,0.00000,23.84806,0.62000,-0.78000
2011,0.26000,0.00000,23.59648,0.62000,-0.78000
2012,0.26000,0.00000,24.69953,0.62000,-0.78000
2013,0.26000,0.00000,24.59275,0.62000,-0.78000
2014,0.26000,0.00000,23.94013,0.62000,-0.78000
2015,0.26000,0.00000,22.87663,0.62000,-0.78000
2016,0.26000,0.00000,24.15305,0.62000,-0.78000
2017,0.26000,0.00000,24.13396,0.62000,-0.78000
2018,0.26000,0.00000,23.98622,0.62000,-0.78000
2019,0.26000,0.00000,24.17738,0.62000,-0.78000
2020,0.26000,0.00000,23.16881,0.62000,-0.78000
2021,0.26000,0.00000,23.98860,0.62000,-0.78000
2022,0.26000,0.00000,23.92493,0.62000,-0.78000
2023,0.26000,0.00000,23.89593,0.62000,-0.78000
2024,0.26000,0.00000,24.01023,0.62000,-0.78000
2025,0.26000,0.00000,23.92601,0.62000,-0.78000
2026,0.26000,0.00000,24.45169,0.62000,-0.78000
2027,0.26000,0.00000,24.72287,0.62000,-0.78000
2028,0.26000,0.00000,23.91493,0.62000,-0.78000
2029,0.26000,0.00000,24.71227,0.62000,-0.78000
2030,0.26000,0.00000,24.45828,0.62000,-0.78000
2031,0.26000,0.00000,24.29753,0.62000,-0.78000
2032,0.26000,0.00000,24.42242,0.62000,-0.78000
2033,0.26000,0.00000,24.09951,0.62000,-0.78000
2034,0.26000,0.00000,24.52105,0.62000,-0.78000
2035,0.26000,0.00000,24.03274,0.62000,-0.78000
2036,0.26000,0.00000,24.08628,0.62000,-0.78000
2037,0.26000,0.00000,24.34747,0.62000,-0.78000
2038,0.26000,0.00000,24.12838,0.62000,-0.78000
2039,0.26000,0.00000,24.01804,0.62000,-0.78000
2040,0.26000,0.00000,24.45449,0.62000,-0.78000
2041,0.26000,0.00000,25.45864,0.62000,-0.78000
2042,0.26000,0.00000,23.85593,0.62000,-0.78000
2043,0.26000,0.00000,24.58722,0.62000,-0.78000
2044,1.26000,0.00000,24.78324,0.62000,-0.78000
2045,1.26000,0.00000,24.02889,0.62000,-0.78000
2046,1.26000,0.00000,24.26431,0.62000,-0.78000
2047,1.26000,0.00000,24.22654,0.62000,-0.78000
2048,1.26000,0.00000,23.75451,0.62000,-0.78000
2049,1.26000,0.00000,24.42756,0.62000,-0.78000
2050,1.26000,0.00000,24.37026,0.62000,-0.78000
2051,1.26000,0.00000,24.22775,0.62000,-0.78000
2052,1.26000,0.00000,24.23039,0.62000,-0.78000
2053,1.26000,0.00000,25.09889,0.62000,-0.78000
2054,1.26000,0.00000,24.64084,0.62000,-0.78000
2055,1.26000,0.00000,25.11760,0.62000,-0.78000
2056,0.26000,0.00000,24.40889,0.62000,-0.78000
2057,0.26000,0.00000,25.01053,0.62000,-0.78000
2058,0.26000,0.00000,24.29809,0.62000,-0.78000
2059,0.26000,0.00000,24.41594,0.62000,-0.78000
2060,0.26000,0.00000,23.79455,0.62000,-0.78000
2061,0.26000,0.00000,24.38091,0.62000,-0.78000
2062,0.26000,0.00000,24.17979,0.62000,-0.78000
2063,0.26000,0.00000,25.29764,0.62000,-0.78000
2064,0.26000,0.00000,24.98047,0.62000,-0.78000
2065,0.26000,0.00000,24.78024,0.62000,-0.78000
2066,0.26000,0.00000,24.66623,0.62000,-0.78000
2067,0.26000,0.00000,25.18772,0.62000,-0.78000
2068,0.26000,0.00000,25.06019,0.62000,-0.78000
2069,0.26000,0.00000,24.90655,0.62000,-0.78000
2070,0.26000,0.00000,24.57703,0.62000,-0.78000
2071,0.26000,0.00000,25.24961,0.62000,-0.78000
2072,0.26000,0.00000,24.93324,0.62000,-0.78000
2073,0.26000,0.00000,24.70884,0.62000,-0.78000
2074,0.26000,0.00000,24.83202,0.62000,-0.78000
2075,0.26000,0.00000,24.48733,0.62000,-0.78000
2076,0.26000,0.00000,25.01063,0.62000,-0.78000
2077,0.26000,0.00000,24.65480,0.62000,-0.78000
2078,0.26000,0.00000,24.95785,0.62000,-0.78000
2079,0.26000,0.00000,24.60453,0.62000,-0.78000
2080,0.26000,0.00000,24.37484,0.62000,-0.78000
2081,0.26000,0.00000,25.00579,0.62000,-0.78000
2082,0.26000,0.00000,23.78625,0.62000,-0.78000
2083,0.26000,0.00000,24.62173,0.62000,-0.78000
2084,0.26000,0.00000,24.42953,0.62000,-0.78000
2085,0.26000,0.00000,25.11472,0.62000,-0.78000
2086,0.26000,0.00000,24.93318,0.62000,-0.78000
2087,0.26000,0.00000,25.03758,0.62000,-0.78000
2088,0.26000,0.00000,24.30124,0.62000,-0.78000
2089,0.26000,0.00000,25.33777,0.62000,-0.78000
2090,0.26000,0.00000,25.17163,0.62000,-0.78000
2091,0.26000,0.00000,24.44898,0.62000,-0.78000
2092,0.26000,0.00000,25.32805,0.62000,-0.78000
2093,0.26000,0.00000,24.55927,0.62000,-0.78000
2094,0.26000,0.00000,25.43157,0.62000,-0.78000
2095,0.26000,0.00000,25.17375,0.62000,-0.78000
2096,0.26000,0.00000,24.45518,0.62000,-0.78000
2097,0.26000,0.00000,24.85658,0.62000,-0.78000
2098,0.26000,0.00000,24.81398,0.62000,-0.78000
2099,0.26000,0.00000,25.73431,0.62000,-0.78000
2100,0.26000,0.00000,25.26035,0.62000,-0.78000
2101,0.26000,0.00000,24.96406,0.62000,-0.78000
2102,0.26000,0.00000,25.04175,0.62000,-0.78000
2103,0.26000,0.00000,24.97942,0.62000,-0.78000
2104,0.26000,0.00000,25.02283,0.62000,-0.78000
2105,0.26000,0.00000,25.21769,0.62000,-0.78000
2106,0.26000,0.00000,24.37057,0.62000,-0.78000
2107,0.26000,0.00000,25.51004,0.62000,-0.78000
2108,0.26000,0.00000,25.17781,0.62000,-0.78000
2109,1.26000,0.00000,24.52150,0.62000,-0.78000
2110,1.26000,0.00000,25.13292,0.62000,-0.78000
2111,1.26000,0.00000,25.32116,0.62000,-0.78000
2112,1.26000,0.00000,24.93015,0.62000,-0.78000
2113,1.26000,0.00000,24.68692,0.62000,-0.78000
2114,1.26000,0.00000,24.75448,0.62000,-0.78000
2115,1.26000,0.00000,24.82096,0.62000,-0.78000
2116,1.26000,0.00000,25.10748,0.62000,-0.78000
2117,1.26000,0.00000,25.36569,0.62000,-0.78000
2118,1.26000,0.00000,25.39553,0.62000,-0.78000
2119,1.26000,0.00000,25.31533,0.62000,-0.78000
2120,1.26000,0.00000,25.61773,0.62000,-0.78000
2121,0.26000,0.00000,25.24269,0.62000,-0.78000
2122,0.26000,0.00000,25.52698,0.62000,-0.78000
2123,0.26000,0.00000,24.59328,0.62000,-0.78000
2124,0.26000,0.00000,26.02880,0.62000,-0.78000
2125,0.26000,0.00000,25.29086,0.62000,-0.78000
2126,0.26000,0.00000,25.13153,0.62000,-0.78000
2127,0.26000,0.00000,24.49231,0.62000,-0.78000
2128,0.26000,0.00000,25.65971,0.62000,-0.78000
2129,0.26000,0.00000,25.61194,0.62000,-0.78000
2130,0.26000,0.00000,24.92841,0.62000,-0.78000
2131,0.26000,0.00000,24.68195,0.62000,-0.78000
2132,0.26000,0.00000,25.64066,0.62000,-0.78000
2133,0.26000,0.00000,24.68370,0.62000,-0.78000
2134,0.26000,0.00000,25.39634,0.62000,-0.78000
2135,0.26000,0.00000,25.54102,0.62000,-0.78000
2136,0.26000,0.00000,26.37690,0.62000,-0.78000
2137,0.26000,0.00000,24.81913,0.62000,-0.78000
2138,0.26000,0.00000,25.78588,0.62000,-0.78000
2139,0.26000,0.00000,25.25138,0.62000,-0.78000
2140,0.26000,0.00000,24.95337,0.62000,-0.78000
2141,0.26000,0.00000,24.62320,0.62000,-0.78000
2142,0.26000,0.00000,25.18722,0.62000,-0.78000
2143,0.26000,0.00000,25.20774,0.62000,-0.78000
2144,0.26000,0.00000,25.61750,0.62000,-0.78000
2145,0.26000,0.00000,25.52972,0.62000,-0.78000
2146,0.26000,0.00000,25.02322,0.62000,-0.78000
2147,0.26000,0.00000,25.28453,0.62000,-0.78000
2148,0.26000,0.00000,25.45967,0.62000,-0.78000
2149,0.26000,0.00000,25.42669,0.62000,-0.78000
2150,0.26000,0.00000,25.86181,0.62000,-0.78000
2151,0.26000,0.00000,25.49479,0.62000,-0.78000
2152,0.26000,0.00000,25.10999,0.62000,-0.78000
2153,0.26000,0.00000,25.64139,0.62000,-0.78000
2154,0.26000,0.00000,25.14029,0.62000,-0.78000
2155,0.26000,0.00000,25.41248,0.62000,-0.78000
2156,0.26000,0.00000,25.62903,0.62000,-0.78000
2157,0.26000,0.00000,25.21769,0.62000,-0.78000
2158,0.26000,0.00000,25.47050,0.62000,-0.78000
2159,0.26000,0.00000,25.01933,0.62000,-0.78000
2160,0.26000,0.00000,25.63890,0.62000,-0.78000
2161,0.26000,0.00000,25.34092,0.62000,-0.78000
2162,0.26000,0.00000,25.30392,0.62000,-0.78000
2163,0.26000,0.00000,25.23029,0.62000,-0.78000
2164,0.26000,0.00000,25.00028,0.62000,-0.78000
2165,0.26000,0.00000,25.78028,0.62000,-0.78000
2166,0.26000,0.00000,25.05557,0.62000,-0.78000
2167,0.26000,0.00000,25.10285,0.62000,-0.78000
2168,0.26000,0.00000,25.30804,0.62000,-0.78000
2169,0.26000,0.00000,25.52445,0.62000,-0.78000
2170,0.26000,0.00000,25.70080,0.62000,-0.78000
2171,0.26000,0.00000,25.56573,0.62000,-0.78000
2172,0.26000,0.00000,25.84520,0.62000,-0.78000
2173,0.26000,0.00000,25.24435,0.62000,-0.78000
2174,0.26000,0.00000,26.01939,0.62000,-0.78000
2175,0.26000,0.00000,25.17014,0.62000,-0.78000
2176,0.26000,0.00000,24.85728,0.62000,-0.78000
2177,0.26000,0.00000,25.67204,0.62000,-0.78000
2178,0.26000,0.00000,25.39254,0.62000,-0.78000
2179,0.26000,0.00000,24.69759,0.62000,-0.78000
2180,0.26000,0.00000,25.17621,0.62000,-0.78000
2181,0.26000,0.00000,25.22750,0.62000,-0.78000
2182,0.26000,0.00000,24.70879,0.62000,-0.78000
2183,0.26000,0.00000,25.96352,0.62000,-0.78000
2184,0.26000,0.00000,25.49982,0.62000,-0.78000
2185,0.26000,0.00000,25.61232,0.62000,-0.78000
2186,0.26000,0.00000,25.53388,0.62000,-0.78000
2187,0.26000,0.00000,25.34562,0.62000,-0.78000
2188,0.26000,0.00000,25.63449,0.62000,-0.78000
2189,0.26000,0.00000,24.99602,0.62000,-0.78000
2190,0.26000,0.00000,25.18326,0.62000,-0.78000
2191,0.26000,0.00000,25.54017,0.62000,-0.78000
2192,0.26000,0.00000,25.48443,0.62000,-0.78000
2193,0.26000,0.00000,25.03770,0.62000,-0.78000
2194,0.26000,0.00000,25.45666,0.62000,-0.78000
2195,0.26000,0.00000,25.56396,0.62000,-0.78000
2196,0.26000,0.00000,25.46349,0.62000,-0.78000
2197,0.26000,0.00000,25.82072,0.62000,-0.78000
2198,0.26000,0.00000,25.88173,0.62000,-0.78000
2199,0.26000,0.00000,25.86686,0.62000,-0.78000
2200,0.26000,0.00000,25.00127,0.62000,-0.78000
2201,0.26000,0.00000,25.24369,0.62000,-0.78000
2202,0.26000,0.00000,25.80161,0.62000,-0.78000
2203,0.26000,0.00000,25.81542,0.62000,-0.78000
2204,0.26000,0.00000,25.74230,0.62000,-0.78000
2205,0.26000,0.00000,25.49623,0.62000,-0.78000
2206,0.26000,0.00000,25.96710,0.62000,-0.78000
2207,0.26000,0.00000,25.32800,0.62000,-0.78000
2208,0.26000,0.00000,25.69474,0.62000,-0.78000
2209,0.26000,0.00000,26.28675,0.62000,-0.78000
2210,0.26000,0.00000,25.77995,0.62000,-0.78000
2211,0.26000,0.00000,25.61340,0.62000,-0.78000
2212,0.26000,0.00000,25.51063,0.62000,-0.78000
2213,0.26000,0.00000,25.27407,0.62000,-0.78000
2214,0.26000,0.00000,25.32999,0.62000,-0.78000
2215,0.26000,0.00000,25.50532,0.62000,-0.78000
2216,0.26000,0.00000,25.34652,0.62000,-0.78000
2217,0.26000,0.00000,25.80203,0.62000,-0.78000
2218,0.26000,0.00000,25.86786,0.62000,-0.78000
2219,0.26000,0.00000,25.23870,0.62000,-0.78000
2220,0.26000,0.00000,25.01163,0.62000,-0.78000
2221,0.26000,0.00000,25.42129,0.62000,-0.78000
2222,0.26000,0.00000,25.65967,0.62000,-0.78000
2223,0.26000,0.00000,25.31618,0.62000,-0.78000
2224,0.26000,0.00000,25.10876,0.62000,-0.78000
2225,0.26000,0.00000,25.07346,0.62000,-0.78000
2226,0.26000,0.00000,25.91618,0.62000,-0.78000
2227,0.26000,0.00000,24.57210,0.62000,-0.78000
2228,0.26000,0.00000,25.68404,0.62000,-0.78000
2229,0.26000,0.00000,25.30973,0.62000,-0.78000
2230,0.26000,0.00000,25.42776,0.62000,-0.78000
2231,0.26000,0.00000,25.76363,0.62000,-0.78000
2232,0.26000,0.00000,25.57410,0.62000,-0.78000
2233,0.26000,0.00000,25.33698,0.62000,-0.78000
2234,0.26000,0.00000,24.79497,0.62000,-0.78000
2235,0.26000,0.00000,25.49822,0.62000,-0.78000
2236,0.26000,0.00000,24.96679,0.62000,-0.78000
2237,0.26000,0.00000,26.17201,0.62000,-0.78000
2238,0.26000,0.00000,25.63279,0.62000,-0.78000
2239,0.26000,0.00000,25.51148,0.62000,-0.78000
2240,0.26000,0.00000,25.50250,0.62000,-0.78000
2241,0.26000,0.00000,25.51674,0.62000,-0.78000
2242,0.26000,0.00000,24.90918,0.62000,-0.78000
2243,0.26000,0.00000,25.53667,0.62000,-0.78000
2244,0.26000,0.00000,25.53404,0.62000,-0.78000
2245,0.26000,0.00000,25.57721,0.62000,-0.78000
2246,0.26000,0.00000,25.47773,0.62000,-0.78000
2247,0.26000,0.00000,25.43420,0.62000,-0.78000
2248,0.26000,0.00000,25.38787,0.62000,-0.78000
2249,0.26000,0.00000,25.31240,0.62000,-0.78000
2250,0.26000,0.00000,25.06951,0.62000,-0.78000
2251,0.26000,0.00000,25.80811,0.62000,-0.78000
2252,0.26000,0.00000,25.27316,0.62000,-0.78000
2253,0.26000,0.00000,25.74247,0.62000,-0.78000
2254,0.26000,0.00000,25.15857,0.62000,-0.78000
2255,0.26000,0.00000,25.32197,0.62000,-0.78000
2256,0.26000,0.00000,25.16942,0.62000,-0.78000
2257,0.26000,0.00000,25.25360,0.62000,-0.78000
2258,0.26000,0.00000,25.66007,0.62000,-0.78000
2259,0.26000,0.00000,25.42278,0.62000,-0.78000
2260,0.26000,0.00000,25.38327,0.62000,-0.78000
2261,0.26000,0.00000,25.23866,0.62000,-0.78000
2262,0.26000,0.00000,25.18094,0.62000,-0.78000
2263,0.26000,0.00000,24.98504,0.62000,-0.78000
2264,0.26000,0.00000,25.67506,0.62000,-0.78000
2265,0.26000,0.00000,26.05508,0.62000,-0.78000
2266,0.26000,0.00000,25.66453,0.62000,-0.78000
2267,0.26000,0.00000,25.64566,0.62000,-0.78000
2268,0.26000,0.00000,25.69996,0.62000,-0.78000
2269,0.26000,0.00000,25.47991,0.62000,-0.78000
2270,0.26000,0.00000,25.46167,0.62000,-0.78000
2271,0.26000,0.00000,25.32259,0.62000,-0.78000
2272,0.26000,0.00000,25.30228,0.62000,-0.78000
2273,0.26000,0.00000,25.49216,0.62000,-0.78000
2274,0.26000,0.00000,25.43477,0.62000,-0.78000
2275,0.26000,0.00000,25.63402,0.62000,-0.78000
2276,0.26000,0.00000,24.77689,0.62000,-0.78000
2277,0.26000,0.00000,25.87532,0.62000,-0.78000
2278,0.26000,0.00000,25.50421,0.62000,-0.78000
2279,0.26000,0.00000,26.07607,0.62000,-0.78000
2280,0.26000,0.00000,25.71524,0.62000,-0.78000
2281,0.26000,0.00000,25.82910,0.62000,-0.78000
2282,0.26000,0.00000,25.16748,0.62000,-0.78000
2283,0.26000,0.00000,25.62132,0.62000,-0.78000
2284,0.26000,0.00000,25.53517,0.62000,-0.78000
2285,0.26000,0.00000,25.11341,0.62000,-0.78000
2286,0.26000,0.00000,25.15603,0.62000,-0.78000
2287,0.26000,0.00000,24.98486,0.62000,-0.78000
2288,0.26000,0.00000,24.93861,0.62000,-0.78000
2289,0.26000,0.00000,25.04834,0.62000,-0.78000
2290,0.26000,0.00000,26.00736,0.62000,-0.78000
2291,0.26000,0.00000,25.92705,0.62000,-0.78000
2292,0.26000,0.00000,25.19807,0.62000,-0.78000
2293,0.26000,0.00000,25.57088,0.62000,-0.78000
2294,0.26000,0.00000,25.04258,0.62000,-0.78000
2295,0.26000,0.00000,25.19917,0.62000,-0.78000
2296,0.26000,0.00000,25.20204,0.62000,-0.78000
2297,0.26000,0.00000,25.79580,0.62000,-0.78000
2298,0.26000,0.00000,25.20910,0.62000,-0.78000
2299,0.26000,0.00000,24.83243,0.62000,-0.78000
2300,0.26000,0.00000,25.26844,0.62000,-0.78000
2301,0.26000,0.00000,24.40046,0.62000,-0.78000
2302,0.26000,0.00000,25.17234,0.62000,-0.78000
2303,0.26000,0.00000,25.56519,0.62000,-0.78000
2304,0.26000,0.00000,25.51225,0.62000,-0.78000
2305,0.26000,0.00000,24.98042,0.62000,-0.78000
2306,0.26000,0.00000,24.83954,0.62000,-0.78000
2307,0.26000,0.00000,25.41158,0.62000,-0.78000
2308,0.26000,0.00000,25.36150,0.62000,-0.78000
2309,0.26000,0.00000,25.21142,0.62000,-0.78000
2310,0.26000,0.00000,25.20074,0.62000,-0.78000
2311,0.26000,0.00000,24.79265,0.62000,-0.78000
2312,0.26000,0.00000,25.46515,0.62000,-0.78000
2313,0.26000,0.00000,25.42183,0.62000,-0.78000
2314,0.26000,0.00000,25.45076,0.62000,-0.78000
2315,0.26000,0.00000,25.15415,0.62000,-0.78000
2316,0.26000,0.00000,25.76269,0.62000,-0.78000
2317,0.26000,0.00000,25.41466,0.62000,-0.78000
2318,0.26000,0.00000,24.75700,0.62000,-0.78000
2319,0.26000,0.00000,24.75489,0.62000,-0.78000
2320,0.26000,0.00000,25.18239,0.62000,-0.78000
2321,0.26000,0.00000,25.23385,0.62000,-0.78000
2322,0.26000,0.00000,25.12869,0.62000,-0.78000
2323,0.26000,0.00000,25.23612,0.62000,-0.78000
2324,0.26000,0.00000,24.58459,0.62000,-0.78000
2325,0.26000,0.00000,25.32702,0.62000,-0.78000
2326,0.26000,0.00000,25.22413,0.62000,-0.78000
2327,0.26000,0.00000,25.06684,0.62000,-0.78000
2328,0.26000,0.00000,25.52060,0.62000,-0.78000
2329,0.26000,0.00000,25.30718,0.62000,-0.78000
2330,0.26000,0.00000,25.27077,0.62000,-0.78000
2331,0.26000,0.00000,24.78840,0.62000,-0.78000
2332,0.26000,0.00000,25.39249,0.62000,-0.78000
2333,0.26000,0.00000,24.90417,0.62000,-0.78000
2334,0.26000,0.00000,24.55208,0.62000,-0.78000
2335,0.26000,0.00000,25.03436,0.62000,-0.78000
2336,0.26000,0.00000,24.86483,0.62000,-0.78000
2337,0.26000,0.00000,25.24869,0.62000,-0.78000
2338,0.26000,0.00000,24.64766,0.62000,-0.78000
2339,0.26000,0.00000,24.94972,0.62000,-0.78000
2340,0.26000,0.00000,25.31274,0.62000,-0.78000
2341,0.26000,0.00000,25.13130,0.62000,-0.78000
2342,0.26000,0.00000,24.91944,0.62000,-0.78000
2343,0.26000,0.00000,25.39506,0.62000,-0.78000
2344,0.26000,0.00000,24.67932,0.62000,-0.78000
2345,0.26000,0.00000,23.99506,0.62000,-0.78000
2346,0.26000,0.00000,24.95950,0.62000,-0.78000
2347,0.26000,0.00000,25.65832,0.62000,-0.78000
2348,0.26000,0.00000,24.77154,0.62000,-0.78000
2349,0.26000,0.00000,24.68570,0.62000,-0.78000
2350,0.26000,0.00000,24.68804,0.62000,-0.78000
2351,0.26000,0.00000,25.10868,0.62000,-0.78000
2352,0.26000,0.00000,24.62297,0.62000,-0.78000
2353,0.26000,0.00000,24.49382,0.62000,-0.78000
2354,0.26000,0.00000,24.55885,0.62000,-0.78000
2355,0.26000,0.00000,24.97931,0.62000,-0.78000
2356,0.26000,0.00000,24.45496,0.62000,-0.78000
2357,0.26000,0.00000,24.15377,0.62000,-0.78000
2358,0.26000,0.00000,24.58262,0.62000,-0.78000
2359,0.26000,0.00000,24.71092,0.62000,-0.78000
2360,0.26000,0.00000,24.97175,0.62000,-0.78000
2361,0.26000,0.00000,25.08702,0.62000,-0.78000
2362,0.26000,0.00000,24.47983,0.62000,-0.78000
2363,0.26000,0.00000,25.13107,0.62000,-0.78000
2364,0.26000,0.00000,24.71630,0.62000,-0.78000
2365,0.26000,0.00000,25.16296,0.62000,-0.78000
2366,0.26000,0.00000,24.50286,0.62000,-0.78000
2367,0.26000,0.00000,25.08439,0.62000,-0.78000
2368,0.26000,0.00000,24.29509,0.62000,-0.78000
2369,0.26000,0.00000,24.51271,0.62000,-0.78000
2370,0.26000,0.00000,25.36249,0.62000,-0.78000
2371,0.26000,0.00000,24.83232,0.62000,-0.78000
2372,0.26000,0.00000,24.83561,0.62000,-0.78000
2373,0.26000,0.00000,24.68258,0.62000,-0.78000
2374,0.26000,0.00000,24.96878,0.62000,-0.78000
2375,0.26000,0.00000,24.26983,0.62000,-0.78000
2376,0.26000,0.00000,25.13366,0.62000,-0.78000
2377,0.26000,0.00000,24.03334,0.62000,-0.78000
2378,0.26000,0.00000,24.69001,0.62000,-0.78000
2379,0.26000,0.00000,24.62786,0.62000,-0.78000
2380,0.26000,0.00000,24.66449,0.62000,-0.78000
2381,0.26000,0.00000,24.35649,0.62000,-0.78000
2382,0.26000,0.00000,24.21177,0.62000,-0.78000
2383,0.26000,0.00000,24.70058,0.62000,-0.78000
2384,0.26000,0.00000,24.90492,0.62000,-0.78000
2385,0.26000,0.00000,24.86028,0.62000,-0.78000
2386,0.26000,0.00000,24.24447,0.62000,-0.78000
2387,0.26000,0.00000,24.83008,0.62000,-0.78000
2388,0.26000,0.00000,24.60035,0.62000,-0.78000
2389,0.26000,0.00000,24.18159,0.62000,-0.78000
2390,0.26000,0.00000,24.94562,0.62000,-0.78000
2391,0.26000,0.00000,24.77393,0.62000,-0.78000
2392,0.26000,0.00000,24.91250,0.62000,-0.78000
2393,0.26000,0.00000,24.44695,0.62000,-0.78000
2394,0.26000,0.00000,23.78504,0.62000,-0.78000
2395,0.26000,0.00000,24.50483,0.62000,-0.78000
2396,0.26000,0.00000,23.86589,0.62000,-0.78000
2397,0.26000,0.00000,23.94771,0.62000,-0.78000
2398,0.26000,0.00000,24.18338,0.62000,-0.78000
2399,0.26000,0.00000,23.55220,0.62000,-0.78000
2400,0.26000,0.00000,24.88549,0.62000,-0.78000
2401,0.26000,0.00000,24.69550,0.62000,-0.78000
2402,0.26000,0.00000,24.56135,0.62000,-0.78000
2403,0.26000,0.00000,25.08689,0.62000,-0.78000
2404,0.26000,0.00000,24.77779,0.62000,-0.78000
2405,0.26000,0.00000,23.79470,0.62000,-0.78000
2406,0.26000,0.00000,24.18343,0.62000,-0.78000
2407,0.26000,0.00000,23.91541,0.62000,-0.78000
2408,0.26000,0.00000,24.58222,0.62000,-0.78000
2409,0.26000,0.00000,24.08699,0.62000,-0.78000
2410,0.26000,0.00000,24.54386,0.62000,-0.78000
2411,0.26000,0.00000,24.43405,0.62000,-0.78000
2412,0.26000,0.00000,24.38224,0.62000,-0.78000
2413,0.26000,0.00000,23.44970,0.62000,-0.78000
2414,0.26000,0.00000,25.02606,0.62000,-0.78000
2415,0.26000,0.00000,24.34061,0.62000,-0.78000
2416,0.26000,0.00000,23.32575,0.62000,-0.78000
2417,0.26000,0.00000,24.59742,0.62000,-0.78000
2418,0.26000,0.00000,24.75686,0.62000,-0.78000
2419,0.26000,0.00000,23.86875,0.62000,-0.78000
2420,0.26000,0.00000,24.45233,0.62000,-0.78000
2421,0.26000,0.00000,23.52531,0.62000,-0.78000
2422,0.26000,0.00000,23.52881,0.62000,-0.78000
2423,0.26000,0.00000,24.14486,0.62000,-0.78000
2424,0.26000,0.00000,23.75617,0.62000,-0.78000
2425,0.26000,0.00000,23.98785,0.62000,-0.78000
2426,0.26000,0.00000,23.11541,0.62000,-0.78000
2427,0.26000,0.00000,24.16155,0.62000,-0.78000
2428,0.26000,0.00000,23.52768,0.62000,-0.78000
2429,0.26000,0.00000,23.30356,0.62000,-0.78000
2430,0.26000,0.00000,24.10833,0.62000,-0.78000
2431,0.26000,0.00000,23.73047,0.62000,-0.78000
2432,0.26000,0.00000,23.87202,0.62000,-0.78000
2433,0.26000,0.00000,23.40660,0.62000,-0.78000
2434,0.26000,0.00000,24.46151,0.62000,-0.78000
2435,0.26000,0.00000,24.58585,0.62000,-0.78000
2436,0.26000,0.00000,24.13609,0.62000,-0.78000
2437,0.26000,0.00000,23.99726,0.62000,-0.78000
2438,0.26000,0.00000,23.22945,0.62000,-0.78000
2439,0.26000,0.00000,23.81114,0.62000,-0.78000
2440,0.26000,0.00000,24.14719,0.62000,-0.78000
2441,0.26000,0.00000,23.41657,0.62000,-0.78000
2442,0.26000,0.00000,23.54406,0.62000,-0.78000
2443,0.26000,0.00000,23.58660,0.62000,-0.78000
2444,0.26000,0.00000,23.53937,0.62000,-0.78000
2445,0.26000,0.00000,23.65639,0.62000,-0.78000
2446,0.26000,0.00000,23.81233,0.62000,-0.78000
2447,0.26000,0.00000,23.58695,0.62000,-0.78000
2448,0.26000,0.00000,23.89707,0.62000,-0.78000
2449,0.26000,0.00000,24.05683,0.62000,-0.78000
2450,0.26000,0.00000,23.55291,0.62000,-0.78000
2451,0.26000,0.00000,23.03324,0.62000,-0.78000
2452,0.26000,0.00000,23.63366,0.62000,-0.78000
2453,0.26000,0.00000,23.58133,0.62000,-0.78000
2454,0.26000,0.00000,23.25521,0.62000,-0.78000
2455,0.26000,0.00000,22.94159,0.62000,-0.78000
2456,0.26000,0.00000,22.96914,0.62000,-0.78000
2457,0.26000,0.00000,23.06955,0.62000,-0.78000
2458,0.26000,0.00000,23.39515,0.62000,-0.78000
2459,0.26000,0.00000,24.04485,0.62000,-0.78000
2460,0.26000,0.00000,23.23946,0.62000,-0.78000
2461,0.26000,0.00000,23.92106,0.62000,-0.78000
2462,0.26000,0.00000,23.84099,0.62000,-0.78000
2463,0.26000,0.00000,23.44714,0.62000,-0.78000
2464,0.26000,0.00000,23.53565,0.62000,-0.78000
2465,0.26000,0.00000,23.64217,0.62000,-0.78000
2466,0.26000,0.00000,24.15931,0.62000,-0.78000
2467,0.26000,0.00000,22.89857,0.62000,-0.78000
2468,0.26000,0.00000,23.43475,0.62000,-0.78000
2469,0.26000,0.00000,23.30065,0.62000,-0.78000
2470,0.26000,0.00000,22.66441,0.62000,-0.78000
2471,0.26000,0.00000,23.07443,0.62000,-0.78000
2472,0.26000,0.00000,22.70929,0.62000,-0.78000
2473,0.26000,0.00000,23.65047,0.62000,-0.78000
2474,0.26000,0.00000,23.88615,0.62000,-0.78000
2475,0.26000,0.00000,23.39103,0.62000,-0.78000
2476,0.26000,0.00000,23.07844,0.62000,-0.78000
2477,0.26000,0.00000,22.94115,0.62000,-0.78000
2478,0.26000,0.00000,22.67213,0.62000,-0.78000
2479,0.26000,0.00000,23.30231,0.62000,-0.78000
2480,0.26000,0.00000,23.31166,0.62000,-0.78000
2481,0.26000,0.00000,23.19491,0.62000,-0.78000
2482,0.26000,0.00000,23.60017,0.62000,-0.78000
2483,0.26000,0.00000,22.39348,0.62000,-0.78000
2484,0.26000,0.00000,22.94065,0.62000,-0.78000
2485,0.26000,0.00000,22.58758,0.62000,-0.78000
2486,0.26000,0.00000,23.02985,0.62000,-0.78000
2487,0.26000,0.00000,23.11903,0.62000,-0.78000
2488,0.26000,0.00000,23.98279,0.62000,-0.78000
2489,0.26000,0.00000,23.28794,0.62000,-0.78000
2490,0.26000,0.00000,23.51340,0.62000,-0.78000
2491,0.26000,0.00000,22.91908,0.62000,-0.78000
2492,0.26000,0.00000,23.17706,0.62000,-0.78000
2493,0.26000,0.00000,23.60326,0.62000,-0.78000
2494,0.26000,0.00000,22.48150,0.62000,-0.78000
2495,0.26000,0.00000,22.39088,0.62000,-0.78000
2496,0.26000,0.00000,22.86173,0.62000,-0.78000
2497,0.26000,0.00000,23.01677,0.62000,-0.78000
2498,0.26000,0.00000,23.18124,0.62000,-0.78000
2499,0.26000,0.00000,22.59269,0.62000,-0.78000
2500,0.26000,0.00000,22.62245,0.62000,-0.78000
2501,0.26000,0.00000,22.90700,0.62000,-0.78000
2502,0.26000,0.00000,22.81314,0.62000,-0.78000
2503,0.26000,0.00000,22.76220,0.62000,-0.78000
2504,0.26000,0.00000,22.71012,0.62000,-0.78000
2505,0.26000,0.00000,22.91250,0.62000,-0.78000
2506,0.26000,0.00000,22.65691,0.62000,-0.78000
2507,0.26000,0.00000,22.44955,0.62000,-0.78000
2508,0.26000,0.00000,22.27051,0.62000,-0.78000
2509,0.26000,0.00000,22.36721,0.62000,-0.78000
2510,0.26000,0.00000,21.79085,0.62000,-0.78000
2511,0.26000,0.00000,22.60671,0.62000,-0.78000
2512,0.26000,0.00000,22.05259,0.62000,-0.78000
2513,0.26000,0.00000,22.22741,0.62000,-0.78000
2514,0.26000,0.00000,22.54943,0.62000,-0.78000
2515,0.26000,0.00000,22.18740,0.62000,-0.78000
2516,0.26000,0.00000,22.68002,0.62000,-0.78000
2517,0.26000,0.00000,22.28996,0.62000,-0.78000
2518,0.26000,0.00000,22.37233,0.62000,-0.78000
2519,0.26000,0.00000,22.80583,0.62000,-0.78000
2520,0.26000,0.00000,22.47595,0.62000,-0.78000
2521,0.26000,0.00000,22.33094,0.62000,-0.78000
2522,0.26000,0.00000,22.59291,0.62000,-0.78000
2523,0.26000,0.00000,22.39757,0.62000,-0.78000
2524,0.26000,0.00000,22.93991,0.62000,-0.78000
2525,0.26000,0.00000,22.40448,0.62000,-0.78000
2526,0.26000,0.00000,22.90092,0.62000,-0.78000
2527,0.26000,0.00000,22.46241,0.62000,-0.78000
2528,0.26000,0.00000,22.25404,0.62000,-0.78000
2529,0.26000,0.00000,21.56764,0.62000,-0.78000
2530,0.26000,0.00000,22.51398,0.62000,-0.78000
2531,0.26000,0.00000,22.38726,0.62000,-0.78000
2532,0.26000,0.00000,21.98688,0.62000,-0.78000
2533,0.26000,0.00000,22.36977,0.62000,-0.78000
2534,0.26000,0.00000,22.34382,0.62000,-0.78000
2535,0.26000,0.00000,21.83040,0.62000,-0.78000
2536,0.26000,0.00000,22.21727,0.62000,-0.78000
2537,0.26000,0.00000,22.01573,0.62000,-0.78000
2538,0.26000,0.00000,23.04392,0.62000,-0.78000
2539,0.26000,0.00000,21.77139,0.62000,-0.78000
2540,0.26000,0.00000,22.88537,0.62000,-0.78000
2541,0.26000,0.00000,22.34508,0.62000,-0.78000
2542,0.26000,0.00000,22.46407,0.62000,-0.78000
2543,0.26000,0.00000,22.08955,0.62000,-0.78000
2544,0.26000,0.00000,21.85561,0.62000,-0.78000
2545,0.26000,0.00000,21.89783,0.62000,-0.78000
2546,0.26000,0.00000,22.25622,0.62000,-0.78000
2547,0.26000,0.00000,22.52897,0.62000,-0.78000
2548,0.26000,0.00000,22.39245,0.62000,-0.78000
2549,0.26000,0.00000,22.05858,0.62000,-0.78000
2550,0.26000,0.00000,22.39233,0.62000,-0.78000
2551,0.26000,0.00000,22.37810,0.62000,-0.78000
2552,0.26000,0.00000,22.33344,0.62000,-0.78000
2553,0.26000,0.00000,22.10104,0.62000,-0.78000
2554,0.26000,0.00000,22.60722,0.62000,-0.78000
2555,0.26000,0.00000,22.20701,0.62000,-0.78000
2556,0.26000,0.00000,22.13376,0.62000,-0.78000
2557,0.26000,0.00000,21.75398,0.62000,-0.78000
2558,0.26000,0.00000,22.23917,0.62000,-0.78000
2559,0.26000,0.00000,21.72273,0.62000,-0.78000
2560,0.26000,0.00000,21.83617,0.62000,-0.78000
2561,0.26000,0.00000,22.00551,0.62000,-0.78000
2562,0.26000,0.00000,22.01432,0.62000,-0.78000
2563,0.26000,0.00000,21.27150,0.62000,-0.78000
2564,0.26000,0.00000,21.94514,0.62000,-0.78000
2565,0.26000,0.00000,21.43310,0.62000,-0.78000
2566,0.26000,0.00000,21.39868,0.62000,-0.78000
2567,0.26000,0.00000,21.14307,0.62000,-0.78000
2568,0.26000,0.00000,21.61105,0.62000,-0.78000
2569,0.26000,0.00000,21.28057,0.62000,-0.78000
2570,0.26000,0.00000,21.43993,0.62000,-0.78000
2571,0.26000,0.00000,21.59752,0.62000,-0.78000
2572,0.26000,0.00000,21.45787,0.62000,-0.78000
2573,0.26000,0.00000,21.66243,0.62000,-0.78000
2574,0.26000,0.00000,21.57817,0.62000,-0.78000
2575,0.26000,0.00000,22.18740,0.62000,-0.78000
2576,0.26000,0.00000,21.90041,0.62000,-0.78000
2577,0.26000,0.00000,21.29119,0.62000,-0.78000
2578,0.26000,0.00000,21.50733,0.62000,-0.78000
2579,0.26000,0.00000,21.26954,0.62000,-0.78000
2580,0.26000,0.00000,21.31789,0.62000,-0.78000
2581,0.26000,0.00000,21.46142,0.62000,-0.78000
2582,0.26000,0.00000,21.21123,0.62000,-0.78000
2583,0.26000,0.00000,21.30149,0.62000,-0.78000
2584,0.26000,0.00000,21.48195,0.62000,-0.78000
2585,0.26000,0.00000,21.33565,0.62000,-0.78000
2586,0.26000,0.00000,21.75963,0.62000,-0.78000
2587,0.26000,0.00000,21.14381,0.62000,-0.78000
2588,0.26000,0.00000,21.11283,0.62000,-0.78000
2589,0.26000,0.00000,21.70425,0.62000,-0.78000
2590,0.26000,0.00000,21.19722,0.62000,-0.78000
2591,0.26000,0.00000,21.18492,0.62000,-0.78000
2592,0.26000,0.00000,20.88574,0.62000,-0.78000
2593,0.26000,0.00000,21.02273,0.62000,-0.78000
2594,0.26000,0.00000,21.40423,0.62000,-0.78000
2595,0.26000,0.00000,20.98466,0.62000,-0.78000
2596,0.26000,0.00000,21.67075,0.62000,-0.78000
2597,0.26000,0.00000,20.57495,0.62000,-0.78000
2598,0.26000,0.00000,20.59927,0.62000,-0.78000
2599,0.26000,0.00000,20.83596,0.62000,-0.78000
2600,0.26000,0.00000,21.10742,0.62000,-0.78000
2601,0.26000,0.00000,21.16428,0.62000,-0.78000
2602,0.26000,0.00000,21.33419,0.62000,-0.78000
2603,0.26000,0.00000,20.69906,0.62000,-0.78000
2604,0.26000,0.00000,20.29704,0.62000,-0.78000
2605,0.26000,0.00000,21.22585,0.62000,-0.78000
2606,0.26000,0.00000,20.96554,0.62000,-0.78000
2607,0.26000,0.00000,21.15936,0.62000,-0.78000
2608,0.26000,0.00000,20.88666,0.62000,-0.78000
2609,0.26000,0.00000,20.42612,0.62000,-0.78000
2610,0.26000,0.00000,19.98671,0.62000,-0.78000
2611,0.26000,0.00000,20.05833,0.62000,-0.78000
2612,0.26000,0.00000,21.16056,0.62000,-0.78000
2613,0.26000,0.00000,21.88986,0.62000,-0.78000
2614,0.26000,0.00000,20.95538,0.62000,-0.78000
2615,0.26000,0.00000,21.09657,0.62000,-0.78000
2616,0.26000,0.00000,20.55496,0.62000,-0.78000
2617,0.26000,0.00000,20.98896,0.62000,-0.78000
2618,0.26000,0.00000,21.22553,0.62000,-0.78000
2619,0.26000,0.00000,21.17543,0.62000,-0.78000
2620,0.26000,0.00000,21.09848,0.62000,-0.78000
2621,0.26000,0.00000,21.10565,0.62000,-0.78000
2622,0.26000,0.00000,20.53525,0.62000,-0.78000
2623,0.26000,0.00000,21.25843,0.62000,-0.78000
2624,0.26000,0.00000,20.90910,0.62000,-0.78000
2625,0.26000,0.00000,20.04530,0.62000,-0.78000
2626,0.26000,0.00000,21.04277,0.62000,-0.78000
2627,0.26000,0.00000,20.86044,0.62000,-0.78000
2628,0.26000,0.00000,20.51041,0.62000,-0.78000
2629,0.26000,0.00000,20.80635,0.62000,-0.78000
2630,0.26000,0.00000,19.97768,0.62000,-0.78000
2631,0.26000,0.00000,20.64752,0.62000,-0.78000
2632,0.26000,0.00000,20.34886,0.62000,-0.78000
2633,0.26000,0.00000,20.81362,0.62000,-0.78000
2634,0.26000,0.00000,20.48080,0.62000,-0.78000
2635,0.26000,0.00000,20.26754,0.62000,-0.78000
2636,0.26000,0.00000,20.20900,0.62000,-0.78000
2637,0.26000,0.00000,20.37313,0.62000,-0.78000
2638,0.26000,0.00000,20.77745,0.62000,-0.78000
2639,0.26000,0.00000,20.21340,0.62000,-0.78000
2640,0.26000,0.00000,20.42974,0.62000,-0.78000
2641,0.26000,0.00000,20.84905,0.62000,-0.78000
2642,0.26000,0.00000,20.68776,0.62000,-0.78000
2643,0.26000,0.00000,20.32087,0.62000,-0.78000
2644,0.26000,0.00000,20.37546,0.62000,-0.78000
2645,0.26000,0.00000,20.12470,0.62000,-0.78000
2646,0.26000,0.00000,19.80959,0.62000,-0.78000
2647,0.26000,0.00000,20.58931,0.62000,-0.78000
2648,0.26000,0.00000,19.53139,0.62000,-0.78000
2649,0.26000,0.00000,20.06621,0.62000,-0.78000
2650,0.26000,0.00000,19.83071,0.62000,-0.78000
2651,0.26000,0.00000,20.10178,0.62000,-0.78000
2652,0.26000,0.00000,20.29332,0.62000,-0.78000
2653,0.26000,0.00000,19.99897,0.62000,-0.78000
2654,0.26000,0.00000,20.39822,0.62000,-0.78000
2655,0.26000,0.00000,19.98368,0.62000,-0.78000
2656,0.26000,0.00000,20.71232,0.62000,-0.78000
2657,0.26000,0.00000,20.63432,0.62000,-0.78000
2658,0.26000,0.00000,20.47131,0.62000,-0.78000
2659,0.26000,0.00000,20.05365,0.62000,-0.78000
2660,0.26000,0.00000,19.95087,0.62000,-0.78000
2661,0.26000,0.00000,20.63870,0.62000,-0.78000
2662,0.26000,0.00000,20.24107,0.62000,-0.78000
2663,0.26000,0.00000,20.08167,0.62000,-0.78000
2664,0.26000,0.00000,20.22145,0.62000,-0.78000
2665,0.26000,0.00000,20.31211,0.62000,-0.78000
2666,0.26000,0.00000,20.93724,0.62000,-0.78000
2667,0.26000,0.00000,20.26236,0.62000,-0.78000
2668,0.26000,0.00000,20.42064,0.62000,-0.78000
2669,0.26000,0.00000,20.10924,0.62000,-0.78000
2670,0.26000,0.00000,19.89309,0.62000,-0.78000
2671,0.26000,0.00000,19.74665,0.62000,-0.78000
2672,0.26000,0.00000,19.67703,0.62000,-0.78000
2673,0.26000,0.00000,19.75227,0.62000,-0.78000
2674,0.26000,0.00000,20.33912,0.62000,-0.78000
2675,0.26000,0.00000,19.99728,0.62000,-0.78000
2676,0.26000,0.00000,19.72006,0.62000,-0.78000
2677,0.26000,0.00000,19.72853,0.62000,-0.78000
2678,0.26000,0.00000,20.11760,0.62000,-0.78000
2679,0.26000,0.00000,19.22224,0.62000,-0.78000
2680,0.26000,0.00000,19.91444,0.62000,-0.78000
2681,0.26000,0.00000,19.26567,0.62000,-0.78000
2682,0.26000,0.00000,20.19173,0.62000,-0.78000
2683,0.26000,0.00000,20.29984,0.62000,-0.78000
2684,0.26000,0.00000,19.87912,0.62000,-0.78000
2685,0.26000,0.00000,19.44865,0.62000,-0.78000
2686,0.26000,0.00000,19.35075,0.62000,-0.78000
2687,0.26000,0.00000,19.71635,0.62000,-0.78000
2688,0.26000,0.00000,19.65185,0.62000,-0.78000
2689,0.26000,0.00000,19.64196,0.62000,-0.78000
2690,0.26000,0.00000,19.66716,0.62000,-0.78000
2691,0.26000,0.00000,19.76469,0.62000,-0.78000
2692,0.26000,0.00000,19.82646,0.62000,-0.78000
2693,0.26000,0.00000,19.72152,0.62000,-0.78000
2694,0.26000,0.00000,19.34382,0.62000,-0.78000
2695,0.26000,0.00000,19.64127,0.62000,-0.78000
2696,0.26000,0.00000,19.61616,0.62000,-0.78000
2697,0.26000,0.00000,19.10031,0.62000,-0.78000
2698,0.26000,0.00000,19.73762,0.62000,-0.78000
2699,0.26000,0.00000,19.83999,0.62000,-0.78000
2700,0.26000,0.00000,19.63474,0.62000,-0.78000
2701,0.26000,0.00000,19.39677,0.62000,-0.78000
2702,0.26000,0.00000,19.17296,0.62000,-0.78000
2703,0.26000,0.00000,19.75711,0.62000,-0.78000
2704,0.26000,0.00000,18.82495,0.62000,-0.78000
2705,0.26000,0.00000,19.13753,0.62000,-0.78000
2706,0.26000,0.00000,19.14816,0.62000,-0.78000
2707,0.26000,0.00000,19.34010,0.62000,-0.78000
2708,0.26000,0.00000,20.04502,0.62000,-0.78000
2709,0.26000,0.00000,19.52711,0.62000,-0.78000
2710,0.26000,0.00000,19.06050,0.62000,-0.78000
2711,0.26000,0.00000,19.36694,0.62000,-0.78000
2712,0.26000,0.00000,19.05821,0.62000,-0.78000
2713,0.26000,0.00000,19.32277,0.62000,-0.78000
2714,0.26000,0.00000,19.36575,0.62000,-0.78000
2715,0.26000,0.00000,18.68173,0.62000,-0.78000
2716,0.26000,0.00000,19.20162,0.62000,-0.78000
2717,0.26000,0.00000,19.32939,0.62000,-0.78000
2718,0.26000,0.00000,18.98280,0.62000,-0.78000
2719,0.26000,0.00000,19.65486,0.62000,-0.78000
2720,0.26000,0.00000,18.50414,0.62000,-0.78000
2721,0.26000,0.00000,19.21689,0.62000,-0.78000
2722,0.26000,0.00000,18.74948,0.62000,-0.78000
2723,0.26000,0.00000,19.43812,0.62000,-0.78000
2724,0.26000,0.00000,18.90844,0.62000,-0.78000
2725,0.26000,0.00000,19.44812,0.62000,-0.78000
2726,0.26000,0.00000,19.27867,0.62000,-0.78000
2727,0.26000,0.00000,18.81102,0.62000,-0.78000
2728,0.26000,0.00000,19.23297,0.62000,-0.78000
2729,0.26000,0.00000,19.44923,0.62000,-0.78000
2730,0.26000,0.00000,18.81187,0.62000,-0.78000
2731,0.26000,0.00000,19.08831,0.62000,-0.78000
2732,0.26000,0.00000,19.21101,0.62000,-0.78000
2733,0.26000,0.00000,18.85526,0.62000,-0.78000
2734,0.26000,0.00000,19.37534,0.62000,-0.78000
2735,0.26000,0.00000,18.69177,0.62000,-0.78000
2736,0.26000,0.00000,19.13917,0.62000,-0.78000
2737,0.26000,0.00000,18.97624,0.62000,-0.78000
2738,0.26000,0.00000,19.21755,0.62000,-0.78000
2739,0.26000,0.00000,18.77648,0.62000,-0.78000
2740,0.26000,0.00000,19.09408,0.62000,-0.78000
2741,0.26000,0.00000,18.31807,0.62000,-0.78000
2742,0.26000,0.00000,18.48816,0.62000,-0.78000
2743,0.26000,0.00000,18.45231,0.62000,-0.78000
2744,0.26000,0.00000,18.20107,0.62000,-0.78000
2745,0.26000,0.00000,19.02964,0.62000,-0.78000
2746,0.26000,0.00000,19.01770,0.62000,-0.78000
2747,0.26000,0.00000,19.04595,0.62000,-0.78000
2748,0.26000,0.00000,19.00192,0.62000,-0.78000
2749,0.26000,0.00000,19.28900,0.62000,-0.78000
2750,0.26000,0.00000,18.71398,0.62000,-0.78000
2751,0.26000,0.00000,18.59626,0.62000,-0.78000
2752,0.26000,0.00000,18.81219,0.62000,-0.78000
2753,0.26000,0.00000,18.92174,0.62000,-0.78000
2754,0.26000,0.00000,18.90415,0.62000,-0.78000
2755,0.26000,0.00000,19.05157,0.62000,-0.78000
2756,0.26000,0.00000,18.38939,0.62000,-0.78000
2757,0.26000,0.00000,18.15398,0.62000,-0.78000
2758,0.26000,0.00000,18.26576,0.62000,-0.78000
2759,0.26000,0.00000,18.70062,0.62000,-0.78000
2760,0.26000,0.00000,18.27215,0.62000,-0.78000
2761,0.26000,0.00000,17.99153,0.62000,-0.78000
2762,0.26000,0.00000,18.69075,0.62000,-0.78000
2763,0.26000,0.00000,18.60814,0.62000,-0.78000
2764,0.26000,0.00000,17.82413,0.62000,-0.78000
2765,0.26000,0.00000,18.41021,0.62000,-0.78000
2766,0.26000,0.00000,18.39700,0.62000,-0.78000
2767,0.26000,0.00000,18.38220,0.62000,-0.78000
2768,0.26000,0.00000,18.59824,0.62000,-0.78000
2769,0.26000,0.00000,18.46991,0.62000,-0.78000
2770,0.26000,0.00000,18.44309,0.62000,-0.78000
2771,0.26000,0.00000,18.39792,0.62000,-0.78000
2772,0.26000,0.00000,18.42449,0.62000,-0.78000
2773,0.26000,0.00000,18.52285,0.62000,-0.78000
2774,0.26000,0.00000,18.39165,0.62000,-0.78000
2775,0.26000,0.00000,18.82859,0.62000,-0.78000
2776,0.26000,0.00000,17.86734,0.62000,-0.78000
2777,0.26000,0.00000,18.50240,0.62000,-0.78000
2778,0.26000,0.00000,18.57234,0.62000,-0.78000
2779,0.26000,0.00000,18.59898,0.62000,-0.78000
2780,0.26000,0.00000,17.62686,0.62000,-0.78000
2781,0.26000,0.00000,18.51413,0.62000,-0.78000
2782,0.26000,0.00000,18.64038,0.62000,-0.78000
2783,0.26000,0.00000,18.64003,0.62000,-0.78000
2784,0.26000,0.00000,17.76400,0.62000,-0.78000
2785,0.26000,0.00000,17.89575,0.62000,-0.78000
2786,0.26000,0.00000,18.33143,0.62000,-0.78000
2787,0.26000,0.00000,18.35465,0.62000,-0.78000
2788,0.26000,0.00000,18.57331,0.62000,-0.78000
2789,0.26000,0.00000,18.76572,0.62000,-0.78000
2790,0.26000,0.00000,18.16830,0.62000,-0.78000
2791,0.26000,0.00000,17.75135,0.62000,-0.78000
2792,0.26000,0.00000,18.34443,0.62000,-0.78000
2793,0.26000,0.00000,18.10168,0.62000,-0.78000
2794,0.26000,0.00000,18.36763,0.62000,-0.78000
2795,0.26000,0.00000,18.30489,0.62000,-0.78000
2796,0.26000,0.00000,18.28296,0.62000,-0.78000
2797,0.26000,0.00000,17.80861,0.62000,-0.78000
2798,0.26000,0.00000,18.50015,0.62000,-0.78000
2799,0.26000,0.00000,18.63210,0.62000,-0.78000
2800,0.26000,0.00000,17.85578,0.62000,-0.78000
2801,0.26000,0.00000,18.10641,0.62000,-0.78000
2802,0.26000,0.00000,17.91301,0.62000,-0.78000
2803,0.26000,0.00000,18.38813,0.62000,-0.78000
2804,0.26000,0.00000,18.02028,0.62000,-0.78000
2805,0.26000,0.00000,18.30524,0.62000,-0.78000
2806,0.26000,0.00000,18.03260,0.62000,-0.78000
2807,0.26000,0.00000,17.89894,0.62000,-0.78000
2808,0.26000,0.00000,17.60635,0.62000,-0.78000
2809,0.26000,0.00000,18.16617,0.62000,-0.78000
2810,0.26000,0.00000,18.33426,0.62000,-0.78000
2811,0.26000,0.00000,17.44832,0.62000,-0.78000
2812,0.26000,0.00000,18.29462,0.62000,-0.78000
2813,0.26000,0.00000,18.23839,0.62000,-0.78000
2814,0.26000,0.00000,18.27557,0.62000,-0.78000
2815,0.26000,0.00000,17.95443,0.62000,-0.78000
2816,0.26000,0.00000,18.13242,0.62000,-0.78000
2817,0.26000,0.00000,18.30564,0.62000,-0.78000
2818,0.26000,0.00000,17.97669,0.62000,-0.78000
2819,0.26000,0.00000,17.10593,0.62000,-0.78000
2820,0.26000,0.00000,18.22334,0.62000,-0.78000
2821,0.26000,0.00000,17.86505,0.62000,-0.78000
2822,0.26000,0.00000,18.45784,0.62000,-0.78000
2823,0.26000,0.00000,18.34187,0.62000,-0.78000
2824,0.26000,0.00000,17.94107,0.62000,-0.78000
2825,0.26000,0.00000,17.83726,0.62000,-0.78000
2826,0.26000,0.00000,18.28825,0.62000,-0.78000
2827,0.26000,0.00000,18.01997,0.62000,-0.78000
2828,0.26000,0.00000,18.88131,0.62000,-0.78000
2829,0.26000,0.00000,17.90631,0.62000,-0.78000
2830,0.26000,0.00000,17.80362,0.62000,-0.78000
2831,0.26000,0.00000,17.54954,0.62000,-0.78000
2832,0.26000,0.00000,17.44099,0.62000,-0.78000
2833,0.26000,0.00000,18.12195,0.62000,-0.78000
2834,0.26000,0.00000,18.03115,0.62000,-0.78000
2835,0.26000,0.00000,17.67302,0.62000,-0.78000
2836,0.26000,0.00000,18.22817,0.62000,-0.78000
2837,0.26000,0.00000,17.70244,0.62000,-0.78000
2838,0.26000,0.00000,17.78420,0.62000,-0.78000
2839,0.26000,0.00000,18.17617,0.62000,-0.78000
2840,0.26000,0.00000,17.89409,0.62000,-0.78000
2841,0.26000,0.00000,17.68421,0.62000,-0.78000
2842,0.26000,0.00000,18.19983,0.62000,-0.78000
2843,0.26000,0.00000,18.01641,0.62000,-0.78000
2844,0.26000,0.00000,17.64561,0.62000,-0.78000
2845,0.26000,0.00000,18.04090,0.62000,-0.78000
2846,0.26000,0.00000,17.89658,0.62000,-0.78000
2847,0.26000,0.00000,17.91017,0.62000,-0.78000
2848,0.26000,0.00000,17.56557,0.62000,-0.78000
2849,0.26000,0.00000,17.57025,0.62000,-0.78000
2850,0.26000,0.00000,17.48417,0.62000,-0.78000
2851,0.26000,0.00000,17.78916,0.62000,-0.78000
2852,0.26000,0.00000,18.47873,0.62000,-0.78000
2853,0.26000,0.00000,17.29842,0.62000,-0.78000
2854,0.26000,0.00000,17.40969,0.62000,-0.78000
2855,0.26000,0.00000,17.98556,0.62000,-0.78000
2856,0.26000,0.00000,17.73592,0.62000,-0.78000
2857,0.26000,0.00000,17.62502,0.62000,-0.78000
2858,0.26000,0.00000,18.01484,0.62000,-0.78000
2859,0.26000,0.00000,17.40045,0.62000,-0.78000
2860,0.26000,0.00000,17.87579,0.62000,-0.78000
2861,0.26000,0.00000,17.46154,0.62000,-0.78000
2862,0.26000,0.00000,17.34827,0.62000,-0.78000
2863,0.26000,0.00000,17.43400,0.62000,-0.78000
2864,0.26000,0.00000,16.95319,0.62000,-0.78000
2865,0.26000,0.00000,17.70227,0.62000,-0.78000
2866,0.26000,0.00000,18.16736,0.62000,-0.78000
2867,0.26000,0.00000,17.08696,0.62000,-0.78000
2868,0.26000,0.00000,17.32431,0.62000,-0.78000
2869,0.26000,0.00000,17.45183,0.62000,-0.78000
2870,0.26000,0.00000,17.92673,0.62000,-0.78000
2871,0.26000,0.00000,17.60265,0.62000,-0.78000
2872,0.26000,0.00000,18.32302,0.62000,-0.78000
2873,0.26000,0.00000,18.32405,0.62000,-0.78000
2874,0.26000,0.00000,17.33263,0.62000,-0.78000
2875,0.26000,0.00000,18.14010,0.62000,-0.78000
2876,0.26000,0.00000,17.55704,0.62000,-0.78000
2877,0.26000,0.00000,17.74767,0.62000,-0.78000
2878,0.26000,0.00000,17.90632,0.62000,-0.78000
2879,0.26000,0.00000,17.54337,0.62000,-0.78000
2880,0.26000,0.00000,17.36263,0.62000,-0.78000
