minute,air_C,product_C,compressor_duty,door_heat,load_heat,ambient_C,mode
0,5.15000,5.05000,0.07500,0.00000,0.00000,17.34653,2
1,5.17195,5.05040,0.07548,0.00000,0.00000,17.35821,2
2,5.19361,5.05089,0.08627,0.00000,0.00000,17.31631,2
3,5.21402,5.05146,0.09668,0.00000,0.00000,17.64079,2
4,5.23411,5.05211,0.10723,0.00000,0.00000,17.88073,2
5,5.25366,5.05284,0.11774,0.00000,0.00000,17.49539,2
6,5.27120,5.05364,0.12748,0.00000,0.00000,17.33685,2
7,5.28737,5.05451,0.13687,0.00000,0.00000,17.40034,2
8,5.30273,5.05544,0.14613,0.00000,0.00000,17.35132,2
9,5.31704,5.05643,0.15509,0.00000,0.00000,18.11247,2
10,5.33226,5.05747,0.16473,0.00000,0.00000,17.59831,2
11,5.34530,5.05857,0.17335,0.00000,0.00000,17.46586,2
12,5.35718,5.05972,0.18170,0.00000,0.00000,16.88946,2
13,5.36687,5.06091,0.18916,0.00000,0.00000,17.42904,2
14,5.37713,5.06213,0.19719,0.00000,0.00000,18.00473,2
15,5.38799,5.06339,0.20557,0.00000,0.00000,17.68224,2
16,5.39729,5.06469,0.21323,0.00000,0.00000,17.03920,2
17,5.40434,5.06602,0.21998,0.00000,0.00000,18.11846,2
18,5.41333,5.06737,0.22796,0.00000,0.00000,18.12664,2
19,5.42160,5.06876,0.23551,0.00000,0.00000,17.47927,2
20,5.42764,5.07017,0.24208,0.00000,0.00000,16.95972,2
21,5.43184,5.07160,0.24798,0.00000,0.00000,17.13496,2
22,5.43595,5.07304,0.25401,0.00000,0.00000,17.55352,2
23,5.44054,5.07449,0.26034,0.00000,0.00000,17.03676,2
24,5.44334,5.07596,0.26578,0.00000,0.00000,17.51972,2
25,5.44684,5.07743,0.27174,0.00000,0.00000,17.22940,2
26,5.44914,5.07890,0.27707,0.00000,0.00000,17.68495,2
27,5.45208,5.08038,0.28285,0.00000,0.00000,17.37596,2
28,5.45380,5.08187,0.28800,0.00000,0.00000,17.68631,2
29,5.45585,5.08336,0.29342,0.00000,0.00000,17.39180,2
30,5.45674,5.08485,0.29826,0.00000,0.00000,17.62209,2
31,5.45781,5.08634,0.30329,0.00000,0.00000,17.13742,2
32,5.45731,5.08782,0.30754,0.00000,0.00000,17.55230,2
33,5.45749,5.08930,0.31224,0.00000,0.00000,16.85340,2
34,5.45564,5.09077,0.31588,0.00000,0.00000,17.34937,2
35,5.45473,5.09223,0.32012,0.00000,0.00000,17.55321,2
36,5.45398,5.09368,0.32437,0.00000,0.00000,17.20193,2
37,5.45209,5.09512,0.32802,0.00000,0.00000,17.48404,2
38,5.45061,5.09655,0.33196,0.00000,0.00000,17.92379,2
39,5.44991,5.09797,0.33623,0.00000,0.00000,17.17500,2
40,5.44710,5.09938,0.33938,0.00000,0.00000,17.51895,2
41,5.44491,5.10077,0.34298,0.00000,0.00000,17.83680,2
42,5.44324,5.10214,0.34677,0.00000,0.00000,17.98089,2
43,5.44164,5.10351,0.35054,0.00000,0.00000,17.17815,2
44,5.43786,5.10486,0.35319,0.00000,0.00000,17.37312,2
45,5.43441,5.10619,0.35615,0.00000,0.00000,17.53887,2
46,5.43117,5.10750,0.35915,0.00000,0.00000,17.44132,2
47,5.42751,5.10880,0.36189,0.00000,0.00000,17.05998,2
48,5.42279,5.11007,0.36410,0.00000,0.00000,17.31241,2
49,5.41858,5.11132,0.36659,0.00000,0.00000,17.95636,2
50,5.41576,5.11255,0.36971,0.00000,0.00000,17.24347,2
51,5.41105,5.11377,0.37174,0.00000,0.00000,17.35649,2
52,5.40652,5.11496,0.37396,0.00000,0.00000,17.34897,2
53,5.40187,5.11612,0.37606,0.00000,0.00000,17.58513,2
54,5.39769,5.11726,0.37836,0.00000,0.00000,16.71207,2
55,5.39131,5.11839,0.37948,0.00000,0.00000,17.49400,2
56,5.38680,5.11948,0.38165,0.00000,0.00000,16.97812,2
57,5.38096,5.12055,0.38296,0.00000,0.00000,17.96371,2
58,5.37745,5.12159,0.38548,0.00000,0.00000,18.10502,2
59,5.37414,5.12261,0.38788,0.00000,0.00000,17.11372,2
60,5.36832,5.12362,0.38898,0.00000,0.00000,17.78656,2
61,5.36411,5.12460,0.39102,0.00000,0.00000,17.58344,2
62,5.35932,5.12556,0.39261,0.00000,0.00000,17.10604,2
63,5.35334,5.12649,0.39359,0.00000,0.00000,17.79767,2
64,5.34901,5.12740,0.39544,0.00000,0.00000,17.24972,2
65,5.34331,5.12828,0.39642,0.00000,0.00000,16.99752,2
66,5.33700,5.12914,0.39716,0.00000,0.00000,17.50465,2
67,5.33194,5.12998,0.39851,0.00000,0.00000,17.61373,2
68,5.32711,5.13078,0.39981,0.00000,0.00000,17.25156,2
69,5.32138,5.13157,0.40061,0.00000,0.00000,17.46954,2
70,5.31619,5.13233,0.40168,0.00000,0.00000,17.04759,2
71,5.30999,5.13306,0.40216,0.00000,0.00000,17.61345,2
72,5.30519,5.13377,0.40336,0.00000,0.00000,17.97107,2
73,5.30121,5.13446,0.40480,0.00000,0.00000,18.02327,2
74,5.29731,5.13512,0.40618,0.00000,0.00000,17.54048,2
75,5.29220,5.13577,0.40691,0.00000,0.00000,17.99264,2
76,5.28819,5.13640,0.40824,0.00000,0.00000,17.44553,2
77,5.28282,5.13701,0.40876,0.00000,0.00000,17.38507,2
78,5.27735,5.13759,0.40928,0.00000,0.00000,17.53236,2
79,5.27227,5.13815,0.40995,0.00000,0.00000,17.01873,2
80,5.26598,5.13868,0.40994,0.00000,0.00000,17.22869,2
81,5.26029,5.13919,0.41025,0.00000,0.00000,18.31466,2
82,5.25723,5.13968,0.41178,0.00000,0.00000,17.20582,2
83,5.25146,5.14015,0.41171,0.00000,0.00000,17.37697,2
84,5.24619,5.14059,0.41205,0.00000,0.00000,17.16708,2
85,5.24046,5.14102,0.41207,0.00000,0.00000,17.69096,2
86,5.23605,5.14141,0.41273,0.00000,0.00000,16.88767,2
87,5.22975,5.14179,0.41229,0.00000,0.00000,17.07430,2
88,5.22401,5.14214,0.41223,0.00000,0.00000,17.48261,2
89,5.21933,5.14247,0.41258,0.00000,0.00000,17.88575,2
90,5.21565,5.14278,0.41331,0.00000,0.00000,18.11702,2
91,5.21251,5.14307,0.41419,0.00000,0.00000,17.43142,2
92,5.20771,5.14335,0.41417,0.00000,0.00000,17.72548,2
93,5.20368,5.14361,0.41462,0.00000,0.00000,18.13041,2
94,5.20064,5.14385,0.41545,0.00000,0.00000,17.38449,2
95,5.19579,5.14407,0.41528,0.00000,0.00000,17.66382,2
96,5.19169,5.14428,0.41558,0.00000,0.00000,16.98002,2
97,5.18600,5.14447,0.41497,0.00000,0.00000,17.51119,2
98,5.18169,5.14464,0.41514,0.00000,0.00000,17.13721,2
99,5.17655,5.14478,0.41473,0.00000,0.00000,17.25407,2
100,5.17178,5.14491,0.41452,0.00000,0.00000,17.61492,2
101,5.16795,5.14502,0.41470,0.00000,0.00000,17.79253,2
102,5.16459,5.14511,0.41501,0.00000,0.00000,17.24944,2
103,5.15995,5.14519,0.41460,0.00000,0.00000,16.98916,2
104,5.15478,5.14525,0.41399,0.00000,0.00000,17.62879,2
105,5.15126,5.14529,0.41419,0.00000,0.00000,16.91604,2
106,5.14607,5.14531,0.41339,0.00000,0.00000,17.06803,2
107,5.14138,5.14531,0.41292,0.00000,0.00000,17.46921,2
108,5.13774,5.14530,0.41289,0.00000,0.00000,17.26151,2
109,5.13366,5.14527,0.41252,0.00000,0.00000,17.93085,2
110,5.13125,5.14522,0.41298,0.00000,0.00000,17.40596,2
111,5.12759,5.14516,0.41265,0.00000,0.00000,17.38381,2
112,5.12395,5.14509,0.41240,0.00000,0.00000,17.36012,2
113,5.12032,5.14501,0.41212,0.00000,0.00000,17.55406,2
114,5.11722,5.14491,0.41206,0.00000,0.00000,17.38473,2
115,5.11377,5.14480,0.41175,0.00000,0.00000,17.06771,2
116,5.10963,5.14468,0.41110,0.00000,0.00000,17.31976,2
117,5.10619,5.14454,0.41081,0.00000,0.00000,17.47111,2
118,5.10318,5.14438,0.41064,0.00000,0.00000,17.49668,2
119,5.10029,5.14422,0.41047,0.00000,0.00000,17.81523,2
120,5.09820,5.14404,0.41066,0.00000,0.00000,17.56333,2
121,5.09553,5.14386,0.41047,0.00000,0.00000,17.58961,2
122,5.09296,5.14366,0.41036,0.00000,0.00000,17.79697,2
123,5.09093,5.14346,0.41048,0.00000,0.00000,17.77402,2
124,5.08886,5.14325,0.41051,0.00000,0.00000,17.48856,2
125,5.08614,5.14303,0.41020,0.00000,0.00000,17.64951,2
126,5.08385,5.14281,0.41014,0.00000,0.00000,17.42893,2
127,5.08108,5.14257,0.40977,0.00000,0.00000,17.98811,2
128,5.07969,5.14232,0.41011,0.00000,0.00000,17.92166,2
129,5.07814,5.14207,0.41025,0.00000,0.00000,17.93821,2
130,5.07664,5.14182,0.41040,0.00000,0.00000,17.39456,2
131,5.07384,5.14156,0.40989,0.00000,0.00000,17.69069,2
132,5.07183,5.14129,0.40984,0.00000,0.00000,18.03245,2
133,5.07065,5.14101,0.41014,0.00000,0.00000,17.36992,2
134,5.06789,5.14073,0.40955,0.00000,0.00000,17.69349,2
135,5.06598,5.14044,0.40950,0.00000,0.00000,17.86567,2
136,5.06450,5.14014,0.40957,0.00000,0.00000,17.89317,2
137,5.06310,5.13984,0.40964,0.00000,0.00000,17.38506,2
138,5.06050,5.13953,0.40908,0.00000,0.00000,17.65554,2
139,5.05863,5.13921,0.40895,0.00000,0.00000,17.98491,2
140,5.05756,5.13889,0.40916,0.00000,0.00000,17.83342,2
141,5.05613,5.13857,0.40910,0.00000,0.00000,18.16757,2
142,5.05552,5.13824,0.40947,0.00000,0.00000,17.35311,2
143,5.05294,5.13790,0.40879,0.00000,0.00000,17.71612,2
144,5.05131,5.13756,0.40871,0.00000,0.00000,17.83173,2
145,5.04998,5.13722,0.40869,0.00000,0.00000,17.30652,2
146,5.04742,5.13687,0.40801,0.00000,0.00000,17.87817,2
147,5.04630,5.13651,0.40813,0.00000,0.00000,17.78733,2
148,5.04496,5.13615,0.40802,0.00000,0.00000,18.00797,2
149,5.04418,5.13579,0.40818,0.00000,0.00000,17.46079,2
150,5.04208,5.13542,0.40764,0.00000,0.00000,17.74527,2
151,5.04073,5.13505,0.40755,0.00000,0.00000,17.88879,2
152,5.03974,5.13467,0.40757,0.00000,0.00000,17.69969,2
153,5.03831,5.13429,0.40733,0.00000,0.00000,17.30704,2
154,5.03598,5.13391,0.40666,0.00000,0.00000,17.69392,2
155,5.03465,5.13352,0.40654,0.00000,0.00000,17.72196,2
156,5.03341,5.13312,0.40638,0.00000,0.00000,17.92515,2
157,5.03268,5.13272,0.40644,0.00000,0.00000,18.47150,2
158,5.03324,5.13232,0.40711,0.00000,0.00000,18.50160,2
159,5.03382,5.13192,0.40769,0.00000,0.00000,17.38515,2
160,5.03168,5.13153,0.40691,0.00000,0.00000,17.96728,2
161,5.03101,5.13113,0.40706,0.00000,0.00000,18.35564,2
162,5.03126,5.13073,0.40755,0.00000,0.00000,17.60514,2
163,5.02967,5.13033,0.40705,0.00000,0.00000,17.92745,2
164,5.02891,5.12993,0.40710,0.00000,0.00000,17.92532,2
165,5.02815,5.12953,0.40706,0.00000,0.00000,18.16735,2
166,5.02797,5.12912,0.40732,0.00000,0.00000,17.52584,2
167,5.02624,5.12872,0.40675,0.00000,0.00000,17.81158,2
168,5.02526,5.12831,0.40665,0.00000,0.00000,17.79791,2
169,5.02425,5.12790,0.40649,0.00000,0.00000,17.60086,2
170,5.02281,5.12748,0.40608,0.00000,0.00000,17.91987,2
171,5.02216,5.12706,0.40611,0.00000,0.00000,17.82945,2
172,5.02131,5.12664,0.40595,0.00000,0.00000,17.75493,2
173,5.02030,5.12622,0.40573,0.00000,0.00000,17.72928,2
174,5.01925,5.12580,0.40549,0.00000,0.00000,17.99854,2
175,5.01887,5.12537,0.40558,0.00000,0.00000,18.04575,2
176,5.01860,5.12495,0.40566,0.00000,0.00000,18.10427,2
177,5.01846,5.12452,0.40580,0.00000,0.00000,18.57630,2
178,5.01943,5.12410,0.40648,0.00000,0.00000,18.40645,2
179,5.01992,5.12368,0.40684,0.00000,0.00000,17.96107,2
180,5.01932,5.12326,0.40670,0.00000,0.00000,17.94667,2
181,5.01869,5.12285,0.40662,0.00000,0.00000,17.83678,2
182,5.01781,5.12243,0.40642,0.00000,0.00000,18.46386,2
183,5.01845,5.12201,0.40699,0.00000,0.00000,17.38396,2
184,5.01646,5.12160,0.40613,0.00000,0.00000,18.08199,2
185,5.01622,5.12118,0.40633,0.00000,0.00000,17.80716,2
186,5.01531,5.12076,0.40606,0.00000,0.00000,18.15296,2
187,5.01525,5.12033,0.40625,0.00000,0.00000,18.70600,2
188,5.01649,5.11991,0.40703,0.00000,0.00000,18.68082,2
189,5.01758,5.11950,0.40764,0.00000,0.00000,17.74253,2
190,5.01638,5.11909,0.40713,0.00000,0.00000,17.63974,2
191,5.01498,5.11868,0.40669,0.00000,0.00000,18.86049,2
192,5.01654,5.11827,0.40773,0.00000,0.00000,18.16176,2
193,5.01632,5.11786,0.40766,0.00000,0.00000,18.49972,2
194,5.01692,5.11745,0.40814,0.00000,0.00000,18.11655,2
195,5.01655,5.11705,0.40808,0.00000,0.00000,18.47151,2
196,5.01703,5.11665,0.40851,0.00000,0.00000,18.29976,2
197,5.01706,5.11625,0.40866,0.00000,0.00000,18.95644,2
198,5.01863,5.11585,0.40962,0.00000,0.00000,18.02480,2
199,5.01788,5.11547,0.40930,0.00000,0.00000,17.96018,2
200,5.01702,5.11508,0.40911,0.00000,0.00000,17.66401,2
201,5.01546,5.11468,0.40857,0.00000,0.00000,17.74779,2
202,5.01417,5.11429,0.40820,0.00000,0.00000,18.29503,2
203,5.01423,5.11389,0.40848,0.00000,0.00000,17.88739,2
204,5.01328,5.11349,0.40814,0.00000,0.00000,18.01880,2
205,5.01268,5.11309,0.40805,0.00000,0.00000,18.50210,2
206,5.01325,5.11268,0.40851,0.00000,0.00000,17.94350,2
207,5.01244,5.11229,0.40819,0.00000,0.00000,17.98072,2
208,5.01174,5.11189,0.40803,0.00000,0.00000,18.86490,2
209,5.01317,5.11149,0.40892,0.00000,0.00000,18.35236,2
210,5.01329,5.11109,0.40899,0.00000,0.00000,18.17776,2
211,5.01297,5.11070,0.40896,0.00000,0.00000,17.95550,2
212,5.01214,5.11031,0.40870,0.00000,0.00000,18.03293,2
213,5.01151,5.10992,0.40857,0.00000,0.00000,17.53911,2
214,5.00972,5.10953,0.40784,0.00000,0.00000,18.72704,2
215,5.01084,5.10913,0.40864,0.00000,0.00000,18.26047,2
216,5.01076,5.10873,0.40862,0.00000,0.00000,18.79270,2
217,5.01195,5.10834,0.40933,0.00000,0.00000,18.48010,2
218,5.01232,5.10796,0.40954,0.00000,0.00000,18.16126,2
219,5.01190,5.10757,0.40943,0.00000,0.00000,18.36016,2
220,5.01197,5.10719,0.40961,0.00000,0.00000,18.53269,2
221,5.01243,5.10681,0.40996,0.00000,0.00000,18.81488,2
222,5.01352,5.10643,0.41059,0.00000,0.00000,18.85569,2
223,5.01464,5.10606,0.41120,0.00000,0.00000,18.40602,2
224,5.01462,5.10569,0.41124,0.00000,0.00000,18.73352,2
225,5.01538,5.10533,0.41177,0.00000,0.00000,18.49885,2
226,5.01552,5.10497,0.41193,0.00000,0.00000,18.65075,2
227,5.01600,5.10461,0.41232,0.00000,0.00000,18.59637,2
228,5.01631,5.10426,0.41260,0.00000,0.00000,18.74328,2
229,5.01694,5.10391,0.41305,0.00000,0.00000,18.87136,2
230,5.01783,5.10356,0.41361,0.00000,0.00000,18.07158,2
231,5.01675,5.10322,0.41318,0.00000,0.00000,18.48857,2
232,5.01672,5.10287,0.41342,0.00000,0.00000,19.43182,2
233,5.01890,5.10253,0.41468,0.00000,0.00000,18.93183,2
234,5.01976,5.10219,0.41512,0.00000,0.00000,18.73231,2
235,5.02010,5.10186,0.41542,0.00000,0.00000,19.00824,2
236,5.02106,5.10153,0.41607,0.00000,0.00000,18.85281,2
237,5.02158,5.10121,0.41647,0.00000,0.00000,18.83773,2
238,5.02202,5.10089,0.41686,0.00000,0.00000,18.58398,2
239,5.02182,5.10058,0.41695,0.00000,0.00000,19.54503,2
240,5.02390,5.10026,0.41822,0.00000,0.00000,18.44689,2
241,5.02323,5.09996,0.41796,0.00000,0.00000,18.36834,2
242,5.02240,5.09965,0.41783,0.00000,0.00000,18.52338,2
243,5.02196,5.09934,0.41790,0.00000,0.00000,18.62407,2
244,5.02176,5.09903,0.41805,0.00000,0.00000,18.87740,2
245,5.02214,5.09872,0.41848,0.00000,0.00000,18.54754,2
246,5.02170,5.09842,0.41845,0.00000,0.00000,18.80457,2
247,5.02187,5.09811,0.41879,0.00000,0.00000,18.41736,2
248,5.02109,5.09780,0.41860,0.00000,0.00000,18.58397,2
249,5.02073,5.09750,0.41870,0.00000,0.00000,18.57649,2
250,5.02034,5.09719,0.41874,0.00000,0.00000,18.94024,2
251,5.02082,5.09688,0.41921,0.00000,0.00000,18.96975,2
252,5.02132,5.09658,0.41963,0.00000,0.00000,18.56748,2
253,5.02083,5.09628,0.41956,0.00000,0.00000,19.40217,2
254,5.02232,5.09598,0.42055,0.00000,0.00000,19.39372,2
255,5.02370,5.09568,0.42134,0.00000,0.00000,19.65065,2
256,5.02560,5.09539,0.42242,0.00000,0.00000,18.64502,2
257,5.02499,5.09511,0.42222,0.00000,0.00000,18.83667,2
258,5.02486,5.09483,0.42245,0.00000,0.00000,19.28282,2
259,5.02577,5.09455,0.42317,0.00000,0.00000,19.01284,2
260,5.02597,5.09428,0.42345,0.00000,0.00000,18.77249,2
261,5.02556,5.09401,0.42349,0.00000,0.00000,19.21537,2
262,5.02621,5.09373,0.42411,0.00000,0.00000,19.04257,2
263,5.02639,5.09346,0.42441,0.00000,0.00000,19.50614,2
264,5.02764,5.09319,0.42528,0.00000,0.00000,19.06749,2
265,5.02776,5.09293,0.42552,0.00000,0.00000,18.98269,2
266,5.02765,5.09267,0.42573,0.00000,0.00000,19.14049,2
267,5.02790,5.09241,0.42614,0.00000,0.00000,18.58931,2
268,5.02680,5.09215,0.42585,0.00000,0.00000,19.08679,2
269,5.02692,5.09189,0.42627,0.00000,0.00000,19.68717,2
270,5.02843,5.09163,0.42728,0.00000,0.00000,19.06974,2
271,5.02837,5.09138,0.42741,0.00000,0.00000,19.23922,2
272,5.02869,5.09113,0.42786,0.00000,0.00000,19.12457,2
273,5.02871,5.09088,0.42813,0.00000,0.00000,18.98117,2
274,5.02835,5.09063,0.42824,0.00000,0.00000,19.76594,2
275,5.02986,5.09038,0.42931,0.00000,0.00000,19.72186,2
276,5.03115,5.09014,0.43013,0.00000,0.00000,18.91056,2
277,5.03043,5.08990,0.42998,0.00000,0.00000,18.97712,2
278,5.02988,5.08966,0.43007,0.00000,0.00000,19.12121,2
279,5.02968,5.08942,0.43031,0.00000,0.00000,19.33311,2
280,5.02996,5.08918,0.43076,0.00000,0.00000,18.97069,2
281,5.02934,5.08895,0.43072,0.00000,0.00000,18.90817,2
282,5.02857,5.08871,0.43069,0.00000,0.00000,19.48481,2
283,5.02919,5.08847,0.43134,0.00000,0.00000,19.24864,2
284,5.02918,5.08823,0.43158,0.00000,0.00000,19.32553,2
285,5.02934,5.08800,0.43195,0.00000,0.00000,19.42432,2
286,5.02969,5.08776,0.43241,0.00000,0.00000,18.82012,2
287,5.02856,5.08753,0.43211,0.00000,0.00000,19.27416,2
288,5.02855,5.08729,0.43248,0.00000,0.00000,19.23110,2
289,5.02841,5.08706,0.43270,0.00000,0.00000,19.98122,2
290,5.03003,5.08682,0.43381,0.00000,0.00000,19.90673,2
291,5.03137,5.08660,0.43464,0.00000,0.00000,19.42045,2
292,5.03145,5.08638,0.43489,0.00000,0.00000,19.85636,2
293,5.03256,5.08616,0.43575,0.00000,0.00000,19.79462,2
294,5.03343,5.08594,0.43643,0.00000,0.00000,19.44996,2
295,5.03341,5.08573,0.43668,0.00000,0.00000,19.67306,2
296,5.03390,5.08552,0.43726,0.00000,0.00000,19.40250,2
297,5.03369,5.08532,0.43746,0.00000,0.00000,19.54092,2
298,5.03380,5.08511,0.43786,0.00000,0.00000,19.22262,2
299,5.03311,5.08490,0.43785,0.00000,0.00000,19.78128,2
300,5.03376,5.08470,0.43856,0.00000,0.00000,19.27666,2
301,5.03314,5.08449,0.43854,0.00000,0.00000,19.10994,2
302,5.03213,5.08429,0.43841,0.00000,0.00000,19.50535,2
303,5.03208,5.08408,0.43879,0.00000,0.00000,19.47969,2
304,5.03194,5.08387,0.43905,0.00000,0.00000,20.10436,2
305,5.03327,5.08366,0.44004,0.00000,0.00000,20.16926,2
306,5.03465,5.08346,0.44096,0.00000,0.00000,19.48335,2
307,5.03431,5.08327,0.44102,0.00000,0.00000,19.04959,2
308,5.03293,5.08307,0.44070,0.00000,0.00000,20.03400,2
309,5.03394,5.08287,0.44165,0.00000,0.00000,19.63535,2
310,5.03390,5.08267,0.44189,0.00000,0.00000,19.77880,2
311,5.03419,5.08248,0.44237,0.00000,0.00000,19.91915,2
312,5.03476,5.08229,0.44298,0.00000,0.00000,19.37810,2
313,5.03399,5.08210,0.44289,0.00000,0.00000,19.59362,2
314,5.03375,5.08190,0.44318,0.00000,0.00000,20.28478,2
315,5.03513,5.08171,0.44422,0.00000,0.00000,19.84366,2
316,5.03536,5.08152,0.44458,0.00000,0.00000,19.57565,2
317,5.03491,5.08134,0.44469,0.00000,0.00000,19.63572,2
318,5.03461,5.08115,0.44492,0.00000,0.00000,19.80301,2
319,5.03468,5.08097,0.44533,0.00000,0.00000,19.97900,2
320,5.03514,5.08078,0.44590,0.00000,0.00000,19.80394,2
321,5.03513,5.08060,0.44621,0.00000,0.00000,19.76144,2
322,5.03499,5.08042,0.44649,0.00000,0.00000,19.11240,2
323,5.03328,5.08024,0.44600,0.00000,0.00000,19.97511,2
324,5.03369,5.08005,0.44667,0.00000,0.00000,19.71172,2
325,5.03340,5.07986,0.44683,0.00000,0.00000,19.52482,2
326,5.03267,5.07968,0.44682,0.00000,0.00000,20.39201,2
327,5.03400,5.07949,0.44787,0.00000,0.00000,20.43759,2
328,5.03534,5.07931,0.44878,0.00000,0.00000,20.22102,2
329,5.03607,5.07913,0.44939,0.00000,0.00000,19.98451,2
330,5.03618,5.07896,0.44975,0.00000,0.00000,19.41235,2
331,5.03490,5.07879,0.44946,0.00000,0.00000,19.75461,2
332,5.03446,5.07861,0.44969,0.00000,0.00000,19.77610,2
333,5.03407,5.07844,0.44987,0.00000,0.00000,20.05058,2
334,5.03431,5.07826,0.45037,0.00000,0.00000,20.37040,2
335,5.03528,5.07808,0.45117,0.00000,0.00000,19.49834,2
336,5.03408,5.07791,0.45085,0.00000,0.00000,20.23364,2
337,5.03468,5.07774,0.45159,0.00000,0.00000,19.64602,2
338,5.03381,5.07756,0.45145,0.00000,0.00000,20.31426,2
339,5.03455,5.07739,0.45223,0.00000,0.00000,19.79013,2
340,5.03397,5.07722,0.45223,0.00000,0.00000,20.26045,2
341,5.03452,5.07704,0.45288,0.00000,0.00000,20.67141,2
342,5.03598,5.07687,0.45392,0.00000,0.00000,19.89750,2
343,5.03549,5.07671,0.45392,0.00000,0.00000,20.87161,2
344,5.03733,5.07655,0.45523,0.00000,0.00000,19.80762,2
345,5.03651,5.07639,0.45505,0.00000,0.00000,19.76920,2
346,5.03562,5.07623,0.45503,0.00000,0.00000,20.22667,2
347,5.03583,5.07607,0.45556,0.00000,0.00000,19.93212,2
348,5.03528,5.07591,0.45563,0.00000,0.00000,20.55523,2
349,5.03623,5.07574,0.45650,0.00000,0.00000,20.29079,2
350,5.03646,5.07559,0.45690,0.00000,0.00000,20.64321,2
351,5.03749,5.07543,0.45777,0.00000,0.00000,20.40692,2
352,5.03787,5.07528,0.45825,0.00000,0.00000,20.23620,2
353,5.03781,5.07513,0.45856,0.00000,0.00000,20.33074,2
354,5.03794,5.07498,0.45901,0.00000,0.00000,20.92718,2
355,5.03945,5.07483,0.46014,0.00000,0.00000,20.40437,2
356,5.03961,5.07469,0.46049,0.00000,0.00000,20.21773,2
357,5.03929,5.07455,0.46071,0.00000,0.00000,20.74081,2
358,5.04020,5.07441,0.46159,0.00000,0.00000,20.12524,2
359,5.03956,5.07427,0.46160,0.00000,0.00000,20.02790,2
360,5.03870,5.07413,0.46161,0.00000,0.00000,20.52313,2
361,5.03902,5.07399,0.46223,0.00000,0.00000,20.47857,2
362,5.03918,5.07385,0.46268,0.00000,0.00000,19.98340,2
363,5.03813,5.07371,0.46253,0.00000,0.00000,20.23040,2
364,5.03769,5.07357,0.46277,0.00000,0.00000,20.72157,2
365,5.03840,5.07343,0.46354,0.00000,0.00000,19.98812,2
366,5.03729,5.07329,0.46331,0.00000,0.00000,20.83057,2
367,5.03822,5.07314,0.46424,0.00000,0.00000,20.36306,2
368,5.03795,5.07300,0.46441,0.00000,0.00000,20.61365,2
369,5.03826,5.07286,0.46497,0.00000,0.00000,20.70822,2
370,5.03875,5.07272,0.46557,0.00000,0.00000,20.70234,2
371,5.03917,5.07259,0.46613,0.00000,0.00000,20.35545,2
372,5.03871,5.07245,0.46626,0.00000,0.00000,20.42355,2
373,5.03840,5.07232,0.46653,0.00000,0.00000,21.00063,2
374,5.03945,5.07218,0.46746,0.00000,0.00000,21.20798,2
375,5.04091,5.07205,0.46850,0.00000,0.00000,20.57500,2
376,5.04075,5.07193,0.46872,0.00000,0.00000,20.87185,2
377,5.04129,5.07180,0.46940,0.00000,0.00000,20.80406,2
378,5.04160,5.07168,0.46993,0.00000,0.00000,21.09408,2
379,5.04255,5.07156,0.47080,0.00000,0.00000,20.81583,2
380,5.04276,5.07144,0.47125,0.00000,0.00000,20.91775,2
381,5.04317,5.07133,0.47186,0.00000,0.00000,20.43139,2
382,5.04236,5.07122,0.47186,0.00000,0.00000,20.78138,2
383,5.04240,5.07110,0.47237,0.00000,0.00000,20.63098,2
384,5.04204,5.07099,0.47261,0.00000,0.00000,21.96138,2
385,5.04483,5.07087,0.47445,0.00000,0.00000,21.10342,2
386,5.04539,5.07077,0.47496,0.00000,0.00000,20.96018,2
387,5.04556,5.07067,0.47545,0.00000,0.00000,20.75537,2
388,5.04520,5.07056,0.47572,0.00000,0.00000,20.94507,2
389,5.04528,5.07046,0.47623,0.00000,0.00000,21.06348,2
390,5.04559,5.07036,0.47684,0.00000,0.00000,20.52033,2
391,5.04456,5.07026,0.47675,0.00000,0.00000,20.98475,2
392,5.04465,5.07016,0.47733,0.00000,0.00000,21.40056,2
393,5.04569,5.07006,0.47828,0.00000,0.00000,21.51170,2
394,5.04689,5.06996,0.47926,0.00000,0.00000,21.09231,2
395,5.04701,5.06987,0.47969,0.00000,0.00000,21.21014,2
396,5.04736,5.06978,0.48033,0.00000,0.00000,21.35311,2
397,5.04800,5.06969,0.48109,0.00000,0.00000,21.20814,2
398,5.04823,5.06960,0.48163,0.00000,0.00000,21.46295,2
399,5.04901,5.06952,0.48249,0.00000,0.00000,21.13706,2
400,5.04894,5.06943,0.48288,0.00000,0.00000,21.26426,2
401,5.04914,5.06935,0.48348,0.00000,0.00000,21.28165,2
402,5.04933,5.06927,0.48405,0.00000,0.00000,20.64243,2
403,5.04795,5.06919,0.48384,0.00000,0.00000,20.70924,2
404,5.04676,5.06911,0.48383,0.00000,0.00000,21.23501,2
405,5.04684,5.06902,0.48444,0.00000,0.00000,21.27484,2
406,5.04697,5.06893,0.48496,0.00000,0.00000,21.28910,2
407,5.04708,5.06884,0.48548,0.00000,0.00000,21.48566,2
408,5.04762,5.06875,0.48621,0.00000,0.00000,21.26556,2
409,5.04757,5.06867,0.48661,0.00000,0.00000,21.09063,2
410,5.04706,5.06858,0.48684,0.00000,0.00000,21.82045,2
411,5.04829,5.06850,0.48796,0.00000,0.00000,21.06365,2
412,5.04760,5.06842,0.48801,0.00000,0.00000,21.73904,2
413,5.04853,5.06833,0.48900,0.00000,0.00000,21.01553,2
414,5.04764,5.06825,0.48897,0.00000,0.00000,22.27922,2
415,5.04978,5.06817,0.49058,0.00000,0.00000,20.69330,2
416,5.04798,5.06810,0.49001,0.00000,0.00000,21.81792,2
417,5.04892,5.06802,0.49111,0.00000,0.00000,21.37232,2
418,5.04871,5.06794,0.49141,0.00000,0.00000,21.77077,2
419,5.04942,5.06787,0.49227,0.00000,0.00000,21.01534,2
420,5.04825,5.06779,0.49213,0.00000,0.00000,21.34022,2
421,5.04788,5.06771,0.49252,0.00000,0.00000,21.82734,2
422,5.04865,5.06763,0.49341,0.00000,0.00000,21.19184,2
423,5.04782,5.06756,0.49342,0.00000,0.00000,21.19701,2
424,5.04701,5.06748,0.49356,0.00000,0.00000,22.15476,2
425,5.04848,5.06740,0.49483,0.00000,0.00000,21.42083,2
426,5.04808,5.06732,0.49500,0.00000,0.00000,21.47227,2
427,5.04779,5.06724,0.49537,0.00000,0.00000,21.60034,2
428,5.04779,5.06717,0.49586,0.00000,0.00000,22.03673,2
429,5.04878,5.06709,0.49684,0.00000,0.00000,21.86951,2
430,5.04928,5.06702,0.49750,0.00000,0.00000,21.53367,2
431,5.04892,5.06694,0.49777,0.00000,0.00000,21.65135,2
432,5.04883,5.06687,0.49824,0.00000,0.00000,21.62057,2
433,5.04862,5.06680,0.49863,0.00000,0.00000,21.53748,2
434,5.04819,5.06673,0.49892,0.00000,0.00000,21.36557,2
435,5.04732,5.06665,0.49901,0.00000,0.00000,21.09472,2
436,5.04582,5.06658,0.49880,0.00000,0.00000,20.98502,2
437,5.04409,5.06649,0.49851,0.00000,0.00000,22.02096,2
438,5.04488,5.06640,0.49948,0.00000,0.00000,22.06559,2
439,5.04568,5.06632,0.50027,0.00000,0.00000,22.13941,2
440,5.04658,5.06624,0.50111,0.00000,0.00000,21.98296,2
441,5.04703,5.06616,0.50173,0.00000,0.00000,21.98490,2
442,5.04743,5.06608,0.50236,0.00000,0.00000,22.37631,2
443,5.04870,5.06601,0.50344,0.00000,0.00000,22.11157,2
444,5.04924,5.06594,0.50410,0.00000,0.00000,21.83972,2
445,5.04907,5.06587,0.50446,0.00000,0.00000,21.67557,2
446,5.04848,5.06580,0.50467,0.00000,0.00000,21.42779,2
447,5.04730,5.06573,0.50461,0.00000,0.00000,21.41464,2
448,5.04610,5.06566,0.50458,0.00000,0.00000,22.44665,2
449,5.04737,5.06558,0.50577,0.00000,0.00000,22.14959,2
450,5.04783,5.06551,0.50637,0.00000,0.00000,22.01594,2
451,5.04791,5.06544,0.50686,0.00000,0.00000,22.04444,2
452,5.04802,5.06537,0.50738,0.00000,0.00000,22.18094,2
453,5.04841,5.06530,0.50805,0.00000,0.00000,21.58314,2
454,5.04732,5.06523,0.50796,0.00000,0.00000,22.18076,2
455,5.04767,5.06516,0.50869,0.00000,0.00000,21.73812,2
456,5.04691,5.06509,0.50876,0.00000,0.00000,21.89672,2
457,5.04652,5.06502,0.50910,0.00000,0.00000,21.88428,2
458,5.04608,5.06494,0.50938,0.00000,0.00000,21.96815,2
459,5.04583,5.06487,0.50974,1.00000,0.00000,22.09837,2
460,5.08586,5.06479,0.53024,1.00000,0.00000,22.54693,2
461,5.12478,5.06487,0.54736,1.00000,0.00000,22.33382,2
462,5.16132,5.06511,0.56376,1.00000,0.00000,22.59032,2
463,5.19667,5.06550,0.58012,1.00000,0.00000,22.03224,2
464,5.22892,5.06602,0.59539,1.00000,0.00000,22.08370,2
465,5.25965,5.06668,0.61046,1.00000,0.00000,21.94636,2
466,5.28844,5.06745,0.62500,1.00000,0.00000,22.28488,2
467,5.31651,5.06833,0.63961,1.00000,0.00000,21.80517,2
468,5.34190,5.06932,0.65323,1.00000,0.00000,22.80097,2
469,5.36825,5.07041,0.66779,1.00000,1.05000,23.43167,2
470,5.42610,5.07812,0.69829,1.00000,1.05000,22.22585,2
471,5.47795,5.08602,0.72385,0.00000,1.05000,22.60669,2
472,5.48807,5.09410,0.72954,0.00000,1.05000,22.49394,2
473,5.49741,5.10218,0.73828,0.00000,1.05000,22.39341,2
474,5.50578,5.11027,0.74669,0.00000,1.05000,22.30754,2
475,5.51325,5.11836,0.75481,0.00000,1.05000,22.37758,2
476,5.52023,5.12645,0.76284,0.00000,1.05000,22.52908,2
477,5.52692,5.13454,0.77083,0.00000,1.05000,22.91763,2
478,5.53389,5.14262,0.77905,0.00000,1.05000,22.62476,2
479,5.53951,5.15069,0.78664,0.00000,1.05000,22.40071,2
480,5.54400,5.15876,0.79383,0.00000,1.05000,23.10806,2
481,5.54962,5.16681,0.80172,0.00000,1.05000,22.83650,2
482,5.55398,5.17485,0.80895,0.00000,1.05000,22.32081,2
483,5.55657,5.18288,0.81543,0.00000,1.05000,22.14879,2
484,5.55828,5.19088,0.82164,0.00000,1.05000,22.20622,2
485,5.55969,5.19886,0.82780,0.00000,1.05000,22.53861,2
486,5.56147,5.20682,0.83417,0.00000,1.05000,21.98032,2
487,5.56147,5.21474,0.83964,0.00000,1.05000,23.53554,2
488,5.56483,5.22264,0.84694,0.00000,1.05000,22.56713,2
489,5.56534,5.23052,0.85257,0.00000,1.05000,22.94855,2
490,5.56638,5.23837,0.85870,0.00000,1.05000,23.08581,2
491,5.56733,5.24619,0.86476,0.00000,1.05000,22.81587,2
492,5.56723,5.25399,0.87031,0.00000,1.05000,22.87251,2
493,5.56690,5.26175,0.87582,0.00000,1.05000,22.55551,2
494,5.56547,5.26948,0.88080,0.00000,1.05000,22.33975,2
495,5.56323,5.27717,0.88545,0.00000,1.05000,22.71512,2
496,5.56162,5.28483,0.89046,0.00000,1.05000,22.97369,2
497,5.56033,5.29244,0.89556,1.00000,1.05000,22.75425,2
498,5.59821,5.30003,0.92021,1.00000,1.05000,22.87221,2
499,5.63398,5.30773,0.94104,1.00000,1.05000,22.79982,2
500,5.66752,5.31554,0.96129,1.00000,1.05000,23.06064,2
501,5.69971,5.32346,0.98137,1.00000,1.05000,22.53478,2
502,5.72869,5.33148,1.00000,1.00000,1.05000,22.65697,2
503,5.75618,5.33958,1.00000,1.00000,1.05000,22.82626,2
504,5.78379,5.34775,1.00000,1.00000,1.05000,22.88221,2
505,5.81127,5.35601,1.00000,1.00000,1.05000,22.88664,2
506,5.83847,5.36434,1.00000,1.00000,1.05000,22.58961,2
507,5.86470,5.37274,1.00000,1.00000,1.05000,22.85504,2
508,5.89131,5.38122,1.00000,1.00000,1.05000,22.86577,2
509,5.91768,5.38977,1.00000,0.00000,1.05000,23.23290,2
510,5.90467,5.39839,1.00000,0.00000,1.05000,23.18618,2
511,5.89181,5.40693,1.00000,0.00000,1.05000,22.58988,2
512,5.87780,5.41538,1.00000,0.00000,1.05000,23.41027,2
513,5.86602,5.42374,1.00000,0.00000,1.05000,22.75628,2
514,5.85292,5.43202,1.00000,0.00000,1.05000,23.62530,2
515,5.84216,5.44021,1.00000,0.00000,1.05000,22.78841,2
516,5.82964,5.44833,1.00000,0.00000,1.05000,23.37296,2
517,5.81877,5.45636,1.00000,0.00000,1.05000,23.20941,2
518,5.80773,5.46432,1.00000,0.00000,1.05000,23.83911,2
519,5.79843,5.47221,1.00000,0.00000,1.05000,22.78118,2
520,5.78682,5.48002,1.00000,0.00000,1.05000,23.30721,2
521,5.77670,5.48776,1.00000,0.00000,1.05000,23.96562,2
522,5.76837,5.49542,1.00000,0.00000,1.05000,23.21548,2
523,5.75844,5.50303,1.00000,0.00000,1.05000,22.68538,2
524,5.74747,5.51056,1.00000,0.00000,1.05000,23.61400,2
525,5.73893,5.51802,1.00000,0.00000,1.05000,23.67605,2
526,5.73074,5.52541,0.99818,0.00000,1.05000,23.00588,2
527,5.72129,5.53274,1.00000,0.00000,1.05000,23.36750,2
528,5.71275,5.54000,0.99790,0.00000,1.05000,23.76100,2
529,5.70551,5.54721,0.99574,0.00000,1.05000,23.44345,2
530,5.69787,5.55435,0.99249,0.00000,1.05000,23.20895,2
531,5.69010,5.56143,0.98922,1.00000,1.05000,23.21971,2
532,5.72280,5.56846,1.00000,1.00000,1.05000,23.51822,2
533,5.75499,5.57559,1.00000,1.00000,1.05000,23.39223,2
534,5.78654,5.58281,1.00000,1.00000,1.05000,23.16451,2
535,5.81720,5.59014,1.00000,1.00000,1.05000,23.33115,2
536,5.84793,5.59756,1.00000,1.00000,1.05000,22.88441,2
537,5.87727,5.60507,1.00000,1.00000,1.05000,22.70693,2
538,5.90588,5.61267,1.00000,1.00000,1.05000,23.41774,2
539,5.93589,5.62035,1.00000,1.00000,1.05000,23.44566,2
540,5.96565,5.62812,1.00000,1.00000,1.05000,23.90889,2
541,5.99620,5.63598,1.00000,1.00000,1.05000,23.90785,2
542,6.02644,5.64393,1.00000,1.00000,1.05000,23.57469,2
543,6.05556,5.65197,1.00000,0.00000,1.05000,23.25954,2
544,6.04364,5.66010,1.00000,0.00000,1.05000,23.34828,2
545,6.03217,5.66814,1.00000,0.00000,1.05000,24.28250,2
546,6.02316,5.67611,1.00000,0.00000,1.05000,23.78454,2
547,6.01318,5.68401,1.00000,0.00000,1.05000,23.12798,2
548,6.00185,5.69183,1.00000,0.00000,1.05000,23.94848,2
549,5.99271,5.69958,1.00000,0.00000,1.05000,23.18815,2
550,5.98197,5.70726,1.00000,0.00000,1.05000,24.07257,2
551,5.97355,5.71487,1.00000,0.00000,1.05000,23.20948,2
552,5.96328,5.72242,1.00000,0.00000,1.05000,23.58186,2
553,5.95411,5.72989,1.00000,0.00000,1.05000,23.75092,2
554,5.94555,5.73730,1.00000,0.00000,1.05000,24.29248,2
555,5.93847,5.74464,1.00000,0.00000,1.05000,23.44399,2
556,5.92954,5.75193,1.00000,0.00000,1.05000,24.39719,2
557,5.92308,5.75915,1.00000,0.00000,1.05000,24.08620,2
558,5.91604,5.76631,1.00000,0.00000,1.05000,24.33352,2
559,5.90977,5.77342,1.00000,0.00000,1.05000,23.16372,2
560,5.90087,5.78048,1.00000,0.00000,1.05000,24.20957,2
561,5.89465,5.78747,1.00000,0.00000,1.05000,23.86110,2
562,5.88776,5.79441,1.00000,0.00000,1.05000,23.77518,2
563,5.88084,5.80129,1.00000,0.00000,1.05000,24.00020,2
564,5.87461,5.80812,1.00000,0.00000,1.05000,23.75114,2
565,5.86795,5.81490,1.00000,0.00000,1.05000,23.60734,2
566,5.86111,5.82162,1.00000,0.00000,1.05000,24.85116,2
567,5.85740,5.82829,1.00000,0.00000,1.05000,23.68969,2
568,5.85104,5.83491,1.00000,0.00000,1.05000,23.61341,2
569,5.84466,5.84149,1.00000,0.00000,1.05000,24.71626,2
570,5.84105,5.84801,1.00000,0.00000,1.05000,23.28357,2
571,5.83416,5.85449,1.00000,0.00000,1.05000,23.86727,2
572,5.82882,5.86092,1.00000,0.00000,1.05000,23.77995,2
573,5.82341,5.86730,1.00000,0.00000,1.05000,23.78503,2
574,5.81815,5.87364,1.00000,0.00000,1.05000,23.59110,2
575,5.81257,5.87992,1.00000,0.00000,1.05000,23.58473,2
576,5.80712,5.88616,1.00000,0.00000,1.05000,24.19383,2
577,5.80325,5.89236,1.00000,0.00000,1.05000,23.89451,2
578,5.79880,5.89851,1.00000,0.00000,1.05000,23.80910,2
579,5.79426,5.90462,1.00000,0.00000,1.05000,24.41956,2
580,5.79131,5.91069,1.00000,0.00000,1.05000,24.27897,2
581,5.78812,5.91672,1.00000,0.00000,1.05000,24.11261,2
582,5.78465,5.92272,1.00000,0.00000,1.05000,24.71264,2
583,5.78272,5.92868,1.00000,0.00000,1.05000,24.25480,2
584,5.77979,5.93460,1.00000,0.00000,1.05000,24.39587,2
585,5.77729,5.94049,1.00000,0.00000,1.05000,24.17015,2
586,5.77436,5.94635,1.00000,0.00000,1.05000,23.57095,2
587,5.77010,5.95217,1.00000,0.00000,1.05000,23.64863,2
588,5.76615,5.95796,1.00000,0.00000,1.05000,24.57838,2
589,5.76452,5.96370,1.00000,0.00000,1.05000,24.47556,2
590,5.76274,5.96941,1.00000,0.00000,1.05000,24.44669,2
591,5.76097,5.97509,1.00000,0.00000,1.05000,24.53411,2
592,5.75950,5.98075,1.00000,0.00000,1.05000,24.24276,2
593,5.75741,5.98637,1.00000,0.00000,1.05000,24.13139,2
594,5.75515,5.99197,1.00000,0.00000,1.05000,23.86249,2
595,5.75233,5.99753,1.00000,0.00000,1.05000,24.07535,2
596,5.75012,6.00306,1.00000,0.00000,1.05000,23.77267,2
597,5.74728,6.00856,1.00000,0.00000,1.05000,23.79079,2
598,5.74458,6.01402,1.00000,0.00000,1.05000,24.26477,2
599,5.74311,6.01945,1.00000,0.00000,1.05000,24.27698,2
600,5.74174,6.02486,1.00000,0.00000,1.05000,24.78474,2
601,5.74166,6.03024,1.00000,0.00000,1.05000,23.75630,2
602,5.73919,6.03559,1.00000,0.00000,1.05000,23.70616,2
603,5.73669,6.04092,1.00000,0.00000,1.05000,24.72933,2
604,5.73672,6.04621,1.00000,0.00000,1.05000,24.32589,2
605,5.73584,6.05148,1.00000,0.00000,1.05000,24.24794,2
606,5.73485,6.05673,1.00000,0.00000,1.05000,24.29096,2
607,5.73403,6.06195,1.00000,0.00000,1.05000,24.17171,2
608,5.73299,6.06715,1.00000,0.00000,1.05000,24.58441,2
609,5.73301,6.07232,1.00000,0.00000,1.05000,24.43184,2
610,5.73272,6.07748,1.00000,0.00000,1.05000,24.19750,2
611,5.73193,6.08261,1.00000,0.00000,1.05000,24.05301,2
612,5.73086,6.08771,1.00000,0.00000,1.05000,24.62840,2
613,5.73123,6.09280,1.00000,0.00000,1.05000,24.36995,2
614,5.73104,6.09786,1.00000,0.00000,1.05000,24.93985,2
615,5.73226,6.10290,1.00000,0.00000,1.05000,24.46130,2
616,5.73239,6.10793,1.00000,0.00000,1.05000,24.33501,2
617,5.73226,6.11294,1.00000,0.00000,1.05000,24.59779,2
618,5.73282,6.11793,1.00000,0.00000,1.05000,23.93482,2
619,5.73184,6.12290,1.00000,0.00000,1.05000,24.87426,2
620,5.73317,6.12784,1.00000,0.00000,1.05000,23.94484,2
621,5.73232,6.13277,1.00000,0.00000,1.05000,24.61121,2
622,5.73312,6.13768,1.00000,0.00000,1.05000,24.85070,2
623,5.73454,6.14257,1.00000,0.00000,1.05000,24.65470,2
624,5.73552,6.14745,1.00000,0.00000,1.05000,24.44667,2
625,5.73605,6.15231,1.00000,0.00000,1.05000,24.28356,2
626,5.73623,6.15716,1.00000,0.00000,1.05000,24.07403,2
627,5.73597,6.16198,1.00000,0.00000,1.05000,24.64327,2
628,5.73712,6.16679,1.00000,0.00000,1.05000,24.74706,2
629,5.73855,6.17158,1.00000,0.00000,1.05000,24.41494,2
630,5.73922,6.17636,1.00000,0.00000,1.05000,24.14599,2
631,5.73930,6.18112,1.00000,0.00000,1.05000,24.18963,2
632,5.73953,6.18586,1.00000,0.00000,1.05000,24.04871,2
633,5.73948,6.19059,1.00000,0.00000,1.05000,24.60001,2
634,5.74079,6.19529,1.00000,0.00000,1.05000,24.40463,2
635,5.74166,6.19999,1.00000,0.00000,1.05000,24.77517,2
636,5.74346,6.20466,1.00000,0.00000,1.05000,25.60305,2
637,5.74726,6.20933,1.00000,0.00000,1.05000,24.20616,2
638,5.74773,6.21399,1.00000,0.00000,1.05000,24.77126,2
639,5.74960,6.21863,1.00000,0.00000,1.05000,24.47481,2
640,5.75078,6.22327,1.00000,0.00000,1.05000,24.31790,2
641,5.75162,6.22789,1.00000,0.00000,1.05000,25.34326,2
642,5.75495,6.23249,1.00000,0.00000,1.05000,24.45803,2
643,5.75617,6.23709,1.00000,0.00000,1.05000,24.28252,2
644,5.75700,6.24168,1.00000,0.00000,1.05000,24.89825,2
645,5.75935,6.24625,1.00000,0.00000,1.05000,25.07337,2
646,5.76213,6.25081,1.00000,0.00000,1.05000,24.63309,2
647,5.76387,6.25537,1.00000,0.00000,1.05000,24.94956,2
648,5.76639,6.25991,1.00000,0.00000,1.05000,25.12334,2
649,5.76934,6.26445,1.00000,0.00000,1.05000,24.65688,2
650,5.77120,6.26898,1.00000,0.00000,0.00000,25.16652,2
651,5.74279,6.26699,1.00000,0.00000,0.00000,25.14828,2
652,5.71469,6.26489,0.99792,0.00000,0.00000,24.77477,2
653,5.68621,6.26269,0.98593,0.00000,0.00000,25.40376,2
654,5.66055,6.26038,0.97538,0.00000,0.00000,25.32263,2
655,5.63586,6.25798,0.96508,0.00000,0.00000,25.16742,2
656,5.61192,6.25549,0.95509,0.00000,0.00000,25.55697,2
657,5.58999,6.25292,0.94604,0.00000,0.00000,24.77949,2
658,5.56720,6.25027,0.93640,0.00000,0.00000,25.30302,2
659,5.54671,6.24754,0.92798,0.00000,0.00000,24.98348,2
660,5.52636,6.24473,0.91945,0.00000,0.00000,25.07019,2
661,5.50715,6.24186,0.91147,0.00000,0.00000,25.30657,2
662,5.48936,6.23892,0.90411,0.00000,0.00000,25.41819,2
663,5.47263,6.23592,0.89717,0.00000,0.00000,25.05944,2
664,5.45579,6.23287,0.89008,0.00000,0.00000,24.79182,2
665,5.43906,6.22976,0.88307,0.00000,0.00000,24.52794,2
666,5.42246,6.22660,0.87611,0.00000,0.00000,25.30792,2
667,5.40846,6.22338,0.87043,0.00000,0.00000,25.90471,2
668,5.39649,6.22012,0.86557,0.00000,0.00000,25.13151,2
669,5.38318,6.21683,0.85987,0.00000,0.00000,25.61193,2
670,5.37162,6.21349,0.85515,0.00000,0.00000,25.12048,2
671,5.35938,6.21013,0.84996,0.00000,0.00000,25.39652,2
672,5.34833,6.20672,0.84542,0.00000,0.00000,25.35404,2
673,5.33766,6.20329,0.84097,0.00000,0.00000,24.51120,2
674,5.32545,6.19983,0.83571,0.00000,0.00000,24.44028,2
675,5.31361,6.19633,0.83077,0.00000,0.00000,25.35839,2
676,5.30446,6.19280,0.82714,0.00000,0.00000,25.00681,2
677,5.29486,6.18924,0.82307,0.00000,0.00000,24.86684,2
678,5.28534,6.18567,0.81908,0.00000,0.00000,25.29276,2
679,5.27723,6.18207,0.81579,0.00000,0.00000,25.27125,2
680,5.26941,6.17845,0.81253,0.00000,0.00000,24.68487,2
681,5.26051,6.17481,0.80870,0.00000,0.00000,25.37983,2
682,5.25366,6.17115,0.80599,0.00000,0.00000,25.20033,2
683,5.24665,6.16748,0.80303,0.00000,0.00000,24.81352,2
684,5.23900,6.16380,0.79977,0.00000,0.00000,25.29157,2
685,5.23281,6.16010,0.79729,0.00000,0.00000,25.35834,2
686,5.22703,6.15639,0.79489,0.00000,0.00000,24.90853,2
687,5.22040,6.15267,0.79204,0.00000,0.00000,25.18058,2
688,5.21469,6.14895,0.78972,0.00000,0.00000,25.00799,2
689,5.20880,6.14521,0.78722,0.00000,0.00000,24.77551,2
690,5.20259,6.14146,0.78459,0.00000,0.00000,24.32557,2
691,5.19556,6.13771,0.78157,0.00000,0.00000,25.17607,2
692,5.19084,6.13394,0.77978,0.00000,0.00000,25.22847,2
693,5.18642,6.13017,0.77794,0.00000,0.00000,25.09639,2
694,5.18185,6.12639,0.77601,0.00000,0.00000,25.90057,2
695,5.17936,6.12261,0.77513,0.00000,0.00000,25.17855,2
696,5.17522,6.11884,0.77326,0.00000,0.00000,25.62496,2
697,5.17231,6.11507,0.77214,0.00000,0.00000,24.77698,2
698,5.16746,6.11129,0.76995,0.00000,0.00000,25.13141,2
699,5.16366,6.10752,0.76843,0.00000,0.00000,25.12639,2
700,5.15998,6.10374,0.76689,0.00000,0.00000,25.47343,2
701,5.15725,6.09997,0.76583,0.00000,0.00000,25.43097,2
702,5.15450,6.09620,0.76467,0.00000,0.00000,24.98023,2
703,5.15077,6.09243,0.76302,0.00000,0.00000,24.96113,2
704,5.14713,6.08866,0.76150,0.00000,0.00000,26.03867,2
705,5.14618,6.08490,0.76132,0.00000,0.00000,24.83766,2
706,5.14236,6.08114,0.75949,0.00000,0.00000,25.57416,2
707,5.14046,6.07739,0.75884,0.00000,0.00000,25.24752,2
708,5.13781,6.07364,0.75767,0.00000,0.00000,25.26453,2
709,5.13529,6.06990,0.75662,0.00000,0.00000,25.26085,2
710,5.13283,6.06616,0.75559,0.00000,0.00000,25.46227,2
711,5.13093,6.06243,0.75484,0.00000,0.00000,24.79327,2
712,5.12749,6.05870,0.75327,0.00000,0.00000,25.79594,2
713,5.12656,6.05497,0.75308,0.00000,0.00000,25.79408,2
714,5.12561,6.05126,0.75268,0.00000,0.00000,24.62277,2
715,5.12188,6.04756,0.75089,0.00000,0.00000,25.40034,2
716,5.12015,6.04386,0.75033,0.00000,0.00000,25.17969,2
717,5.11793,6.04016,0.74935,0.00000,0.00000,25.53193,2
718,5.11661,6.03647,0.74887,0.00000,0.00000,25.29045,2
719,5.11473,6.03279,0.74804,0.00000,0.00000,24.98512,2
720,5.11218,6.02912,0.74691,0.00000,0.00000,24.96355,2
721,5.10966,6.02545,0.74585,0.00000,0.00000,25.84869,2
722,5.10932,6.02179,0.74589,0.00000,0.00000,25.90784,2
723,5.10909,6.01814,0.74580,0.00000,0.00000,25.55678,2
724,5.10799,6.01450,0.74527,0.00000,0.00000,24.89802,2
725,5.10534,6.01088,0.74403,0.00000,0.00000,26.13780,2
726,5.10574,6.00725,0.74444,0.00000,0.00000,25.87199,2
727,5.10543,6.00365,0.74425,0.00000,0.00000,25.79602,2
728,5.10491,6.00006,0.74402,0.00000,0.00000,25.40449,2
729,5.10345,5.99648,0.74333,0.00000,0.00000,25.74228,2
730,5.10283,5.99290,0.74314,0.00000,0.00000,25.13924,2
731,5.10076,5.98934,0.74215,0.00000,0.00000,25.33704,2
732,5.09923,5.98579,0.74155,0.00000,0.00000,25.25151,2
733,5.09752,5.98224,0.74082,0.00000,0.00000,25.35501,2
734,5.09611,5.97870,0.74025,0.00000,0.00000,25.87693,2
735,5.09596,5.97517,0.74029,0.00000,0.00000,25.39316,2
736,5.09462,5.97166,0.73963,0.00000,0.00000,25.55068,2
737,5.09369,5.96815,0.73927,0.00000,0.00000,24.34580,2
738,5.08989,5.96465,0.73745,0.00000,0.00000,25.41808,2
739,5.08880,5.96115,0.73721,0.00000,0.00000,25.35297,2
740,5.08755,5.95766,0.73667,0.00000,0.00000,25.16356,2
741,5.08588,5.95418,0.73593,0.00000,0.00000,25.11825,2
742,5.08414,5.95071,0.73520,0.00000,0.00000,25.15264,2
743,5.08252,5.94724,0.73453,0.00000,0.00000,25.70640,2
744,5.08226,5.94378,0.73453,0.00000,0.00000,25.40837,2
745,5.08126,5.94034,0.73405,0.00000,0.00000,25.55404,2
746,5.08062,5.93690,0.73381,0.00000,0.00000,25.00054,2
747,5.07865,5.93348,0.73288,0.00000,0.00000,25.50386,2
748,5.07794,5.93006,0.73268,0.00000,0.00000,25.64743,2
749,5.07757,5.92665,0.73255,0.00000,0.00000,25.88077,2
750,5.07772,5.92325,0.73266,0.00000,0.00000,25.81196,2
751,5.07767,5.91987,0.73262,0.00000,0.00000,25.27408,2
752,5.07630,5.91650,0.73194,0.00000,0.00000,25.41367,2
753,5.07530,5.91314,0.73155,0.00000,0.00000,24.64791,2
754,5.07248,5.90979,0.73022,0.00000,0.00000,25.68680,2
755,5.07225,5.90644,0.73033,0.00000,0.00000,25.72191,2
756,5.07206,5.90310,0.73025,0.00000,0.00000,26.39743,2
757,5.07344,5.89978,0.73096,0.00000,0.00000,26.45891,2
758,5.07487,5.89647,0.73156,0.00000,0.00000,25.25194,2
759,5.07331,5.89319,0.73067,0.00000,0.00000,25.75949,2
760,5.07303,5.88991,0.73065,0.00000,0.00000,25.50462,2
761,5.07210,5.88664,0.73021,0.00000,0.00000,25.28489,2
762,5.07066,5.88338,0.72956,0.00000,0.00000,25.57284,2
763,5.06995,5.88013,0.72932,0.00000,0.00000,25.33579,2
764,5.06866,5.87689,0.72873,0.00000,0.00000,25.47672,2
765,5.06774,5.87366,0.72838,0.00000,0.00000,25.92856,2
766,5.06789,5.87043,0.72853,0.00000,0.00000,25.40019,2
767,5.06675,5.86722,0.72794,0.00000,0.00000,25.88917,2
768,5.06679,5.86402,0.72805,0.00000,0.00000,25.50378,2
769,5.06587,5.86083,0.72759,0.00000,0.00000,25.76193,2
770,5.06558,5.85765,0.72752,0.00000,0.00000,25.14040,2
771,5.06378,5.85448,0.72665,0.00000,0.00000,25.36489,2
772,5.06258,5.85132,0.72619,0.00000,0.00000,25.25318,2
773,5.06113,5.84817,0.72556,0.00000,0.00000,25.67730,2
774,5.06073,5.84502,0.72547,0.00000,0.00000,25.31449,2
775,5.05944,5.84188,0.72486,0.00000,0.00000,25.14435,2
776,5.05778,5.83875,0.72413,0.00000,0.00000,24.80674,2
777,5.05536,5.83563,0.72306,0.00000,0.00000,25.90389,2
778,5.05563,5.83251,0.72339,0.00000,0.00000,25.11785,2
779,5.05397,5.82940,0.72254,0.00000,0.00000,25.99147,2
780,5.05445,5.82630,0.72291,0.00000,0.00000,25.32639,2
781,5.05327,5.82321,0.72228,0.00000,0.00000,25.60892,2
782,5.05280,5.82013,0.72214,0.00000,0.00000,25.71203,2
783,5.05256,5.81706,0.72206,0.00000,0.00000,25.40005,2
784,5.05155,5.81400,0.72157,0.00000,0.00000,25.94771,2
785,5.05187,5.81095,0.72181,0.00000,0.00000,25.69605,2
786,5.05153,5.80792,0.72161,0.00000,0.00000,25.42108,2
787,5.05052,5.80489,0.72114,0.00000,0.00000,26.12394,2
788,5.05120,5.80187,0.72156,0.00000,0.00000,25.32193,2
789,5.04990,5.79887,0.72085,0.00000,0.00000,25.73971,2
790,5.04963,5.79587,0.72082,0.00000,0.00000,25.08725,2
791,5.04779,5.79289,0.71992,0.00000,0.00000,25.68106,2
792,5.04742,5.78991,0.71989,0.00000,0.00000,25.13331,2
793,5.04572,5.78694,0.71907,0.00000,0.00000,25.64017,2
794,5.04529,5.78397,0.71899,0.00000,0.00000,25.54235,2
795,5.04460,5.78102,0.71868,0.00000,0.00000,26.45678,2
796,5.04609,5.77807,0.71948,0.00000,0.00000,25.37527,2
797,5.04489,5.77515,0.71876,0.00000,0.00000,25.26646,2
798,5.04348,5.77223,0.71815,0.00000,0.00000,25.14183,2
799,5.04180,5.76931,0.71742,0.00000,0.00000,26.25668,2
800,5.04282,5.76640,0.71807,0.00000,0.00000,25.29685,2
801,5.04147,5.76351,0.71731,0.00000,0.00000,26.13649,2
802,5.04216,5.76062,0.71776,0.00000,0.00000,25.84499,2
803,5.04208,5.75774,0.71767,0.00000,0.00000,25.43306,2
804,5.04099,5.75488,0.71713,0.00000,0.00000,25.29485,2
805,5.03961,5.75203,0.71652,0.00000,0.00000,25.50419,2
806,5.03875,5.74918,0.71621,0.00000,0.00000,25.18264,2
807,5.03714,5.74633,0.71547,0.00000,0.00000,25.48074,2
808,5.03629,5.74350,0.71517,0.00000,0.00000,25.20152,2
809,5.03477,5.74067,0.71448,0.00000,0.00000,25.13035,2
810,5.03313,5.73784,0.71378,0.00000,0.00000,25.00188,2
811,5.03123,5.73503,0.71297,0.00000,0.00000,25.41135,2
812,5.03037,5.73221,0.71269,0.00000,0.00000,25.54215,2
813,5.02982,5.72940,0.71248,0.00000,0.00000,25.42901,2
814,5.02900,5.72661,0.71211,0.00000,0.00000,24.75348,2
815,5.02657,5.72381,0.71097,0.00000,0.00000,25.24125,2
816,5.02541,5.72103,0.71058,0.00000,0.00000,25.23668,2
817,5.02424,5.71824,0.71009,0.00000,0.00000,25.39646,2
818,5.02348,5.71547,0.70980,0.00000,0.00000,25.12757,2
819,5.02209,5.71270,0.70917,0.00000,0.00000,25.29171,2
820,5.02112,5.70994,0.70879,0.00000,0.00000,24.77672,2
821,5.01894,5.70718,0.70778,0.00000,0.00000,25.77644,2
822,5.01922,5.70443,0.70810,0.00000,0.00000,25.64958,2
823,5.01914,5.70169,0.70803,0.00000,0.00000,25.83825,2
824,5.01949,5.69896,0.70821,0.00000,0.00000,25.49390,2
825,5.01897,5.69624,0.70792,0.00000,0.00000,25.50349,2
826,5.01847,5.69353,0.70772,0.00000,0.00000,25.61627,2
827,5.01823,5.69083,0.70764,0.00000,0.00000,25.50870,2
828,5.01772,5.68814,0.70740,0.00000,0.00000,25.63170,2
829,5.01749,5.68546,0.70733,0.00000,0.00000,25.23698,2
830,5.01631,5.68279,0.70675,0.00000,0.00000,25.08716,2
831,5.01480,5.68012,0.70610,0.00000,0.00000,25.21142,2
832,5.01363,5.67746,0.70563,0.00000,0.00000,25.51350,2
833,5.01321,5.67480,0.70551,0.00000,0.00000,25.75501,2
834,5.01334,5.67216,0.70561,0.00000,0.00000,25.10944,2
835,5.01190,5.66952,0.70488,0.00000,0.00000,25.56050,2
836,5.01158,5.66689,0.70484,0.00000,0.00000,25.21664,2
837,5.01043,5.66427,0.70429,0.00000,0.00000,25.18344,2
838,5.00922,5.66166,0.70378,0.00000,0.00000,25.16850,2
839,5.00801,5.65905,0.70327,0.00000,0.00000,25.87355,2
840,5.00850,5.65644,0.70361,0.00000,0.00000,25.45733,2
841,5.00795,5.65385,0.70329,0.00000,0.00000,25.17375,2
842,5.00672,5.65127,0.70272,0.00000,0.00000,25.43810,2
843,5.00615,5.64869,0.70254,0.00000,0.00000,25.32881,2
844,5.00532,5.64612,0.70217,0.00000,0.00000,25.20445,2
845,5.00420,5.64355,0.70168,0.00000,0.00000,25.74906,2
846,5.00441,5.64100,0.70187,0.00000,0.00000,24.82317,2
847,5.00237,5.63845,0.70083,0.00000,0.00000,25.29334,2
848,5.00153,5.63591,0.70057,0.00000,0.00000,25.26651,2
849,5.00063,5.63337,0.70019,0.00000,0.00000,25.44074,2
850,5.00016,5.63084,0.70003,0.00000,0.00000,25.44344,2
851,4.99969,5.62832,0.69983,0.00000,0.00000,24.82072,2
852,4.99772,5.62580,0.69888,0.00000,0.00000,25.36200,2
853,4.99713,5.62329,0.69872,0.00000,0.00000,25.29708,2
854,4.99637,5.62078,0.69836,0.00000,0.00000,25.65777,2
855,4.99648,5.61829,0.69844,0.00000,0.00000,24.99677,2
856,4.99498,5.61580,0.69765,0.00000,0.00000,24.79287,2
857,4.99306,5.61332,0.69675,0.00000,0.00000,25.62403,2
858,4.99318,5.61083,0.69690,0.00000,0.00000,25.27008,2
859,4.99242,5.60836,0.69644,0.00000,0.00000,24.88229,2
860,4.99076,5.60590,0.69560,0.00000,0.00000,25.13500,2
861,4.98976,5.60344,0.69514,0.00000,0.00000,25.30880,2
862,4.98920,5.60099,0.69483,0.00000,0.00000,25.37772,2
863,4.98880,5.59854,0.69457,0.00000,0.00000,24.76776,2
864,4.98696,5.59610,0.69357,0.00000,0.00000,25.62683,2
865,4.98724,5.59366,0.69373,0.00000,0.00000,25.05453,2
866,4.98611,5.59124,0.69301,0.00000,0.00000,25.14346,2
867,4.98524,5.58882,0.69253,0.00000,0.00000,25.87536,2
868,4.98614,5.58640,0.69290,0.00000,0.00000,24.87334,2
869,4.98458,5.58400,0.69191,0.00000,0.00000,25.11140,2
870,4.98366,5.58160,0.69142,0.00000,0.00000,24.98490,2
871,4.98247,5.57921,0.69074,0.00000,0.00000,25.75627,2
872,4.98316,5.57682,0.69100,0.00000,0.00000,25.08896,2
873,4.98220,5.57445,0.69030,0.00000,0.00000,25.34884,2
874,4.98191,5.57208,0.69005,0.00000,0.00000,25.46446,2
875,4.98189,5.56972,0.68988,0.00000,0.00000,25.08711,2
876,4.98096,5.56737,0.68924,0.00000,0.00000,25.24347,2
877,4.98043,5.56502,0.68886,0.00000,0.00000,25.03461,2
878,4.97943,5.56268,0.68820,0.00000,0.00000,25.64336,2
879,4.97991,5.56035,0.68832,0.00000,0.00000,25.45930,2
880,4.97992,5.55803,0.68808,0.00000,0.00000,24.54103,2
881,4.97773,5.55572,0.68679,0.00000,0.00000,25.07999,2
882,4.97693,5.55341,0.68634,0.00000,0.00000,24.94657,2
883,4.97583,5.55110,0.68563,0.00000,0.00000,24.78279,2
884,4.97440,5.54880,0.68475,0.00000,0.00000,25.03371,2
885,4.97362,5.54650,0.68422,0.00000,0.00000,25.03286,2
886,4.97287,5.54421,0.68365,0.00000,0.00000,25.71751,2
887,4.97378,5.54192,0.68389,0.00000,0.00000,24.69719,2
888,4.97220,5.53965,0.68277,0.00000,0.00000,25.32444,2
889,4.97221,5.53738,0.68262,0.00000,0.00000,24.64001,2
890,4.97057,5.53512,0.68152,0.00000,0.00000,25.11831,2
891,4.97016,5.53286,0.68115,0.00000,0.00000,25.55067,2
892,4.97078,5.53061,0.68120,0.00000,0.00000,24.65028,2
893,4.96923,5.52837,0.68008,0.00000,0.00000,25.39009,2
894,4.96952,5.52614,0.68004,0.00000,0.00000,24.74254,2
895,4.96824,5.52391,0.67908,0.00000,0.00000,25.33248,2
896,4.96844,5.52169,0.67896,0.00000,0.00000,24.80918,2
897,4.96738,5.51947,0.67810,0.00000,0.00000,25.11598,2
898,4.96711,5.51727,0.67772,0.00000,0.00000,24.93044,2
899,4.96640,5.51506,0.67706,0.26000,0.00000,25.30285,2
900,4.97702,5.51287,0.68209,0.26000,0.00000,25.41857,2
901,4.98735,5.51073,0.68617,0.26000,0.00000,24.91891,2
902,4.99600,5.50863,0.68955,0.26000,0.00000,24.95133,2
903,5.00432,5.50658,0.69298,0.26000,0.00000,25.40427,2
904,5.01331,5.50457,0.69685,0.26000,0.00000,24.99370,2
905,5.02088,5.50261,0.70004,0.26000,0.00000,25.09217,2
906,5.02830,5.50068,0.70336,0.26000,0.00000,25.10814,2
907,5.03537,5.49879,0.70659,0.26000,0.00000,25.54689,2
908,5.04312,5.49694,0.71025,0.26000,0.00000,25.51852,2
909,5.05038,5.49512,0.71369,0.26000,0.00000,23.92718,2
910,5.05347,5.49334,0.71516,0.26000,0.00000,24.78040,2
911,5.05841,5.49158,0.71791,0.26000,0.00000,24.68362,2
912,5.06281,5.48985,0.72030,0.26000,0.00000,25.12965,2
913,5.06800,5.48814,0.72318,0.26000,0.00000,24.78372,2
914,5.07206,5.48646,0.72547,0.26000,0.00000,24.91262,2
915,5.07617,5.48481,0.72792,0.26000,0.00000,24.23924,2
916,5.07840,5.48317,0.72947,0.26000,0.00000,24.18247,2
917,5.08033,5.48155,0.73104,0.26000,0.00000,24.93732,2
918,5.08388,5.47995,0.73346,0.26000,0.00000,24.42251,2
919,5.08596,5.47836,0.73505,0.26000,0.00000,25.07599,2
920,5.08941,5.47679,0.73748,0.26000,0.00000,24.75447,2
921,5.09185,5.47524,0.73877,0.26000,0.00000,24.31363,2
922,5.09308,5.47371,0.73919,0.26000,0.00000,25.43892,2
923,5.09692,5.47219,0.74102,0.26000,0.00000,24.22183,2
924,5.09766,5.47069,0.74107,0.26000,0.00000,24.04815,2
925,5.09795,5.46919,0.74116,0.26000,0.00000,24.47443,2
926,5.09922,5.46771,0.74178,0.26000,0.00000,24.33570,2
927,5.10009,5.46624,0.74211,0.26000,0.00000,24.85994,2
928,5.10215,5.46477,0.74307,0.26000,0.00000,24.77795,2
929,5.10389,5.46332,0.74377,0.26000,0.00000,25.53681,2
930,5.10734,5.46188,0.74536,0.26000,0.00000,24.57309,2
931,5.10832,5.46046,0.74557,0.26000,0.00000,24.72694,2
932,5.10961,5.45906,0.74614,0.26000,0.00000,25.09001,2
933,5.11169,5.45766,0.74708,0.26000,0.00000,24.91818,2
934,5.11324,5.45627,0.74769,0.26000,0.00000,24.66894,2
935,5.11412,5.45490,0.74800,0.26000,0.00000,24.54081,2
936,5.11463,5.45354,0.74819,0.26000,0.00000,24.37720,2
937,5.11473,5.45218,0.74819,0.26000,0.00000,23.89424,2
938,5.11365,5.45083,0.74765,0.26000,0.00000,24.62221,2
939,5.11435,5.44948,0.74809,0.26000,0.00000,24.73930,2
940,5.11528,5.44814,0.74849,0.26000,0.00000,25.05982,2
941,5.11690,5.44681,0.74923,0.26000,0.00000,24.52309,2
942,5.11716,5.44549,0.74923,0.26000,0.00000,23.99837,2
943,5.11614,5.44418,0.74870,0.26000,0.00000,24.18718,2
944,5.11562,5.44287,0.74852,0.26000,0.00000,24.26752,2
945,5.11529,5.44156,0.74840,0.26000,0.00000,24.75291,2
946,5.11612,5.44025,0.74884,0.26000,0.00000,25.16973,2
947,5.11789,5.43896,0.74965,0.26000,0.00000,24.91522,2
948,5.11894,5.43767,0.75004,0.26000,0.00000,24.71906,2
949,5.11947,5.43640,0.75022,0.26000,0.00000,24.60749,2
950,5.11970,5.43513,0.75029,0.26000,0.00000,24.81416,2
951,5.12039,5.43387,0.75062,0.26000,0.00000,24.91358,2
952,5.12128,5.43261,0.75101,0.26000,0.00000,24.05478,2
953,5.12006,5.43137,0.75033,0.26000,0.00000,24.48719,2
954,5.11993,5.43012,0.75036,0.26000,0.00000,24.39511,2
955,5.11957,5.42888,0.75019,0.26000,0.00000,24.11433,2
956,5.11854,5.42765,0.74970,0.26000,0.00000,23.84553,2
957,5.11691,5.42641,0.74897,0.26000,0.00000,23.82555,2
958,5.11530,5.42517,0.74830,0.26000,0.00000,23.78695,2
959,5.11366,5.42393,0.74761,0.26000,0.00000,24.12519,2
960,5.11289,5.42269,0.74735,0.26000,0.00000,24.67452,2
961,5.11345,5.42145,0.74769,0.26000,0.00000,24.96064,2
962,5.11463,5.42022,0.74824,0.26000,0.00000,24.68383,2
963,5.11509,5.41900,0.74837,0.26000,0.00000,24.53973,2
964,5.11517,5.41778,0.74838,0.26000,0.00000,24.09903,2
965,5.11419,5.41657,0.74788,0.26000,0.00000,23.73858,2
966,5.11239,5.41536,0.74706,0.26000,0.00000,23.55058,2
967,5.11022,5.41415,0.74612,0.26000,0.00000,23.72864,2
968,5.10856,5.41293,0.74546,0.26000,0.00000,25.26583,2
969,5.11063,5.41172,0.74663,0.26000,0.00000,24.21462,2
970,5.11006,5.41051,0.74618,0.26000,0.00000,23.82805,2
971,5.10859,5.40931,0.74549,0.26000,0.00000,24.26618,2
972,5.10824,5.40811,0.74543,0.26000,0.00000,23.85983,2
973,5.10691,5.40691,0.74480,0.26000,0.00000,24.83107,2
974,5.10795,5.40571,0.74542,0.26000,0.00000,23.84289,2
975,5.10656,5.40452,0.74464,0.26000,0.00000,24.57784,2
976,5.10699,5.40333,0.74497,0.26000,0.00000,23.87289,2
977,5.10569,5.40214,0.74429,0.26000,0.00000,24.07752,2
978,5.10494,5.40095,0.74401,0.26000,0.00000,23.98318,2
979,5.10398,5.39977,0.74360,0.26000,0.00000,24.02733,2
980,5.10317,5.39859,0.74327,0.26000,0.00000,23.96735,2
981,5.10223,5.39741,0.74286,0.26000,0.00000,24.27318,2
982,5.10206,5.39622,0.74285,0.26000,0.00000,23.54440,2
983,5.10014,5.39505,0.74190,0.26000,0.00000,24.23581,2
984,5.09995,5.39387,0.74196,0.26000,0.00000,24.42082,2
985,5.10019,5.39269,0.74210,0.26000,0.00000,24.07854,2
986,5.09959,5.39152,0.74178,0.26000,0.00000,23.86691,2
987,5.09850,5.39035,0.74128,0.26000,0.00000,23.82393,2
988,5.09736,5.38919,0.74080,0.26000,0.00000,23.52777,2
989,5.09555,5.38802,0.73999,0.26000,0.00000,24.20571,2
990,5.09543,5.38685,0.74007,0.26000,0.00000,23.65843,2
991,5.09399,5.38568,0.73936,0.26000,0.00000,24.52944,2
992,5.09468,5.38452,0.73982,0.26000,0.00000,23.82781,2
993,5.09365,5.38336,0.73925,0.26000,0.00000,24.60832,2
994,5.09452,5.38220,0.73977,0.26000,0.00000,23.49107,2
995,5.09267,5.38105,0.73877,0.26000,0.00000,24.34934,2
996,5.09295,5.37990,0.73906,0.26000,0.00000,23.81946,2
997,5.09193,5.37875,0.73853,0.26000,0.00000,24.00071,2
998,5.09139,5.37760,0.73834,0.26000,0.00000,23.97623,2
999,5.09080,5.37646,0.73809,0.26000,0.00000,23.86498,2
1000,5.08996,5.37531,0.73771,0.26000,0.00000,23.84626,2
1001,5.08910,5.37417,0.73735,0.26000,0.00000,23.38019,2
1002,5.08716,5.37303,0.73645,0.26000,0.00000,23.57696,2
1003,5.08577,5.37189,0.73591,0.26000,0.00000,24.14412,2
1004,5.08579,5.37074,0.73603,0.26000,0.00000,23.55957,2
1005,5.08439,5.36960,0.73533,0.26000,0.00000,24.08470,2
1006,5.08430,5.36846,0.73540,0.26000,0.00000,23.10593,2
1007,5.08187,5.36733,0.73419,0.26000,0.00000,24.35557,2
1008,5.08252,5.36618,0.73471,0.26000,0.00000,23.90943,2
1009,5.08205,5.36505,0.73443,0.26000,0.00000,23.72669,2
1010,5.08117,5.36392,0.73402,0.26000,0.00000,23.89148,2
1011,5.08071,5.36279,0.73386,0.26000,0.00000,23.37172,2
1012,5.07901,5.36166,0.73305,0.26000,0.00000,23.96893,2
1013,5.07882,5.36053,0.73309,0.26000,0.00000,23.46820,2
1014,5.07742,5.35940,0.73240,0.26000,0.00000,23.40221,2
1015,5.07592,5.35827,0.73177,0.26000,0.00000,22.81528,2
1016,5.07309,5.35714,0.73047,0.26000,0.00000,23.86924,2
1017,5.07289,5.35601,0.73060,0.26000,0.00000,23.48315,2
1018,5.07175,5.35487,0.73004,0.26000,0.00000,23.57958,2
1019,5.07089,5.35374,0.72971,0.26000,0.00000,24.01768,2
1020,5.07110,5.35261,0.72988,0.26000,0.00000,23.62502,2
1021,5.07035,5.35148,0.72949,0.26000,0.00000,24.23058,2
1022,5.07106,5.35036,0.72990,0.26000,0.00000,23.64408,2
1023,5.07033,5.34924,0.72948,0.26000,0.00000,23.16195,2
1024,5.06848,5.34813,0.72861,0.26000,0.00000,23.52606,2
1025,5.06757,5.34701,0.72831,0.26000,0.00000,24.00839,2
1026,5.06784,5.34589,0.72852,0.26000,0.00000,23.65519,2
1027,5.06724,5.34478,0.72819,0.26000,0.00000,23.15908,2
1028,5.06548,5.34367,0.72736,0.26000,0.00000,23.24270,2
1029,5.06399,5.34256,0.72676,0.26000,0.00000,23.77071,2
1030,5.06382,5.34144,0.72679,0.26000,0.00000,23.42475,2
1031,5.06281,5.34033,0.72630,0.26000,0.00000,23.47342,2
1032,5.06196,5.33922,0.72595,0.26000,0.00000,23.56658,2
1033,5.06135,5.33811,0.72572,0.26000,0.00000,23.54150,2
1034,5.06070,5.33701,0.72544,0.26000,0.00000,23.33107,2
1035,5.05957,5.33590,0.72493,0.26000,0.00000,23.51806,2
1036,5.05893,5.33479,0.72470,0.26000,0.00000,23.00697,2
1037,5.05709,5.33369,0.72383,0.26000,0.00000,23.52635,2
1038,5.05656,5.33258,0.72371,0.26000,0.00000,23.16389,2
1039,5.05518,5.33148,0.72306,0.26000,0.00000,23.56233,2
1040,5.05480,5.33038,0.72299,0.26000,0.00000,22.85575,2
1041,5.05274,5.32927,0.72199,0.26000,0.00000,23.19121,2
1042,5.05157,5.32817,0.72157,0.26000,0.00000,23.26832,2
1043,5.05063,5.32706,0.72119,0.26000,0.00000,23.16993,2
1044,5.04948,5.32595,0.72069,0.26000,0.00000,23.15584,2
1045,5.04834,5.32485,0.72021,0.26000,0.00000,23.75090,2
1046,5.04866,5.32374,0.72046,0.26000,0.00000,23.42390,2
1047,5.04816,5.32264,0.72019,0.26000,0.00000,23.45308,2
1048,5.04775,5.32154,0.72002,0.26000,0.00000,23.31987,2
1049,5.04703,5.32045,0.71970,0.26000,0.00000,21.76575,2
1050,5.04263,5.31936,0.71755,0.26000,0.00000,22.95315,2
1051,5.04128,5.31825,0.71723,0.26000,0.00000,22.81611,2
1052,5.03963,5.31714,0.71651,0.26000,0.00000,22.98729,2
1053,5.03846,5.31603,0.71606,0.26000,0.00000,22.87353,2
1054,5.03706,5.31492,0.71545,0.26000,0.00000,23.05160,2
1055,5.03613,5.31381,0.71510,0.26000,0.00000,23.11012,2
1056,5.03538,5.31270,0.71480,0.26000,0.00000,22.53203,2
1057,5.03327,5.31159,0.71380,0.26000,0.00000,22.88517,2
1058,5.03209,5.31048,0.71338,0.26000,0.00000,23.03761,2
1059,5.03132,5.30936,0.71309,0.26000,0.00000,22.91653,2
1060,5.03028,5.30825,0.71263,0.26000,0.00000,23.70809,2
1061,5.03116,5.30714,0.71316,0.26000,0.00000,22.69903,2
1062,5.02957,5.30603,0.71229,0.26000,0.00000,22.77016,2
1063,5.02823,5.30493,0.71175,0.26000,0.00000,23.21107,2
1064,5.02799,5.30382,0.71174,0.26000,0.00000,23.25829,2
1065,5.02786,5.30272,0.71169,0.26000,0.00000,22.79700,2
1066,5.02662,5.30162,0.71108,0.26000,0.00000,22.36320,2
1067,5.02440,5.30052,0.71007,0.26000,0.00000,22.18683,2
1068,5.02186,5.29941,0.70898,0.26000,0.00000,22.70202,2
1069,5.02065,5.29830,0.70858,0.26000,0.00000,22.94131,2
1070,5.02005,5.29719,0.70837,0.26000,0.00000,22.81768,2
1071,5.01917,5.29609,0.70798,0.26000,0.00000,23.43753,2
1072,5.01979,5.29498,0.70836,0.26000,0.00000,22.49904,2
1073,5.01813,5.29388,0.70748,0.26000,0.00000,22.61779,2
1074,5.01684,5.29277,0.70697,0.26000,0.00000,22.67509,2
1075,5.01572,5.29167,0.70651,0.26000,0.00000,22.52333,2
1076,5.01428,5.29057,0.70588,0.26000,0.00000,23.14675,2
1077,5.01439,5.28946,0.70605,0.26000,0.00000,21.78410,2
1078,5.01122,5.28836,0.70446,0.26000,0.00000,23.26064,2
1079,5.01173,5.28725,0.70497,0.26000,0.00000,22.34918,2
1080,5.01001,5.28615,0.70406,0.26000,0.00000,22.78150,2
1081,5.00940,5.28505,0.70390,0.26000,0.00000,22.80570,2
1082,5.00885,5.28394,0.70367,0.26000,0.00000,22.88954,2
1083,5.00852,5.28284,0.70355,0.26000,0.00000,23.12847,2
1084,5.00876,5.28175,0.70370,0.26000,0.00000,22.71108,2
1085,5.00798,5.28065,0.70329,0.26000,0.00000,22.60237,2
1086,5.00697,5.27956,0.70285,0.26000,0.00000,22.02206,2
1087,5.00462,5.27847,0.70175,0.26000,0.00000,22.43470,2
1088,5.00336,5.27738,0.70131,0.26000,0.00000,23.17259,2
1089,5.00389,5.27628,0.70168,0.26000,0.00000,22.20152,2
1090,5.00206,5.27519,0.70072,0.26000,0.00000,22.43070,2
1091,5.00087,5.27410,0.70027,0.26000,0.00000,22.39012,2
1092,4.99962,5.27301,0.69974,0.26000,0.00000,22.42460,2
1093,4.99850,5.27191,0.69928,0.26000,0.00000,22.15948,2
1094,4.99679,5.27082,0.69850,0.26000,0.00000,22.36793,2
1095,4.99565,5.26972,0.69803,0.26000,0.00000,22.75341,2
1096,4.99547,5.26863,0.69799,0.26000,0.00000,22.63464,2
1097,4.99500,5.26753,0.69772,0.26000,0.00000,21.94378,2
1098,4.99290,5.26644,0.69666,0.26000,0.00000,22.28237,2
1099,4.99170,5.26535,0.69616,0.26000,0.00000,22.62992,2
1100,4.99138,5.26425,0.69601,0.26000,0.00000,22.05411,2
1101,4.98969,5.26316,0.69510,0.26000,0.00000,22.67477,2
1102,4.98956,5.26207,0.69507,0.26000,0.00000,21.64320,2
1103,4.98697,5.26098,0.69368,0.26000,0.00000,22.64668,2
1104,4.98690,5.25988,0.69372,0.26000,0.00000,21.88917,2
1105,4.98501,5.25879,0.69266,0.26000,0.00000,22.70589,2
1106,4.98517,5.25770,0.69273,0.26000,0.00000,21.56266,2
1107,4.98258,5.25661,0.69128,0.26000,0.00000,21.89881,2
1108,4.98093,5.25551,0.69049,0.26000,0.00000,22.24400,2
1109,4.98018,5.25441,0.69005,0.26000,0.00000,21.41158,2
1110,4.97748,5.25331,0.68857,0.26000,0.00000,22.05777,2
1111,4.97646,5.25221,0.68805,0.26000,0.00000,22.24541,2
1112,4.97593,5.25111,0.68763,0.26000,0.00000,21.94684,2
1113,4.97472,5.25001,0.68682,0.26000,0.00000,21.72206,2
1114,4.97304,5.24891,0.68583,0.26000,0.00000,21.72428,2
1115,4.97146,5.24780,0.68490,0.26000,0.00000,22.21456,2
1116,4.97112,5.24670,0.68458,0.26000,0.00000,21.57927,2
1117,4.96930,5.24560,0.68340,0.26000,0.00000,21.55829,2
1118,4.96752,5.24449,0.68235,0.26000,0.00000,21.98020,2
1119,4.96685,5.24338,0.68184,0.26000,0.00000,21.88570,2
1120,4.96600,5.24228,0.68113,0.26000,0.00000,21.69664,2
1121,4.96474,5.24117,0.68023,0.26000,0.00000,20.90745,2
1122,4.96169,5.24007,0.67845,0.26000,0.00000,21.68011,2
1123,4.96064,5.23895,0.67779,0.26000,0.00000,21.17460,2
1124,4.95845,5.23784,0.67638,0.26000,0.00000,20.98109,2
1125,4.95593,5.23672,0.67488,0.26000,0.00000,22.06930,2
1126,4.95613,5.23560,0.67475,0.26000,0.00000,21.63467,2
1127,4.95530,5.23448,0.67388,0.26000,0.00000,21.26464,2
1128,4.95366,5.23336,0.67267,0.26000,0.00000,20.95453,2
1129,4.95138,5.23224,0.67120,0.26000,0.00000,22.50687,2
1130,4.95294,5.23112,0.67168,0.26000,0.00000,22.02067,2
1131,4.95326,5.23001,0.67124,0.26000,0.00000,21.47112,2
1132,4.95230,5.22890,0.67027,0.26000,0.00000,21.74520,2
1133,4.95207,5.22779,0.66975,0.26000,0.00000,21.59947,2
1134,4.95152,5.22669,0.66902,0.26000,0.00000,22.00514,2
1135,4.95200,5.22559,0.66882,0.26000,0.00000,20.93545,2
1136,4.94992,5.22450,0.66726,0.26000,0.00000,22.18529,2
1137,4.95096,5.22340,0.66744,0.26000,0.00000,21.42647,2
1138,4.95015,5.22231,0.66647,0.26000,0.00000,21.03322,2
1139,4.94849,5.22122,0.66520,0.26000,0.00000,21.70993,2
1140,4.94854,5.22013,0.66485,0.26000,0.00000,21.56924,2
1141,4.94828,5.21904,0.66420,0.26000,0.00000,21.03491,2
1142,4.94679,5.21796,0.66296,0.26000,0.00000,21.51823,2
1143,4.94656,5.21688,0.66243,0.26000,0.00000,21.41206,2
1144,4.94610,5.21579,0.66168,0.26000,0.00000,21.68376,2
1145,4.94635,5.21472,0.66131,0.26000,0.00000,21.07987,2
1146,4.94518,5.21364,0.66016,0.26000,0.00000,21.57768,2
1147,4.94529,5.21257,0.65976,0.26000,0.00000,22.26519,2
1148,4.94705,5.21150,0.66009,0.26000,0.00000,20.82946,2
1149,4.94533,5.21044,0.65856,0.26000,0.00000,20.94405,2
1150,4.94402,5.20938,0.65749,0.26000,0.00000,20.42669,2
1151,4.94157,5.20832,0.65581,0.26000,0.00000,20.88480,2
1152,4.94036,5.20725,0.65482,0.26000,0.00000,21.25413,2
1153,4.94012,5.20618,0.65420,0.26000,0.00000,21.44596,2
1154,4.94038,5.20512,0.65375,0.26000,0.00000,21.31526,2
1155,4.94034,5.20406,0.65311,0.26000,0.00000,21.23488,2
1156,4.94016,5.20301,0.65243,0.26000,0.00000,20.03398,2
1157,4.93716,5.20196,0.65034,0.26000,0.00000,20.26616,2
1158,4.93490,5.20090,0.64883,0.26000,0.00000,20.58326,2
1159,4.93355,5.19983,0.64768,0.26000,0.00000,20.95191,2
1160,4.93317,5.19877,0.64693,0.26000,0.00000,21.47311,2
1161,4.93408,5.19770,0.64675,0.26000,0.00000,21.12518,2
1162,4.93415,5.19665,0.64606,0.26000,0.00000,21.32005,2
1163,4.93474,5.19560,0.64568,0.26000,0.00000,21.31870,2
1164,4.93533,5.19456,0.64528,0.26000,0.00000,20.66969,2
1165,4.93439,5.19352,0.64412,0.26000,0.00000,21.15909,2
1166,4.93470,5.19248,0.64369,0.26000,0.00000,20.70764,2
1167,4.93396,5.19145,0.64265,0.26000,0.00000,20.99571,2
1168,4.93399,5.19042,0.64206,0.26000,0.00000,20.96463,2
1169,4.93398,5.18940,0.64139,0.26000,0.00000,20.76687,2
1170,4.93355,5.18837,0.64051,0.26000,0.00000,21.17665,2
1171,4.93415,5.18736,0.64019,0.26000,0.00000,21.25795,2
1172,4.93495,5.18634,0.63988,0.26000,0.00000,20.85147,2
1173,4.93479,5.18534,0.63909,0.26000,0.00000,21.31069,2
1174,4.93578,5.18433,0.63894,0.26000,0.00000,21.10918,2
1175,4.93627,5.18334,0.63847,0.26000,0.00000,21.18273,2
1176,4.93696,5.18235,0.63813,0.26000,0.00000,20.48172,2
1177,4.93599,5.18137,0.63696,0.26000,0.00000,21.10108,2
1178,4.93659,5.18039,0.63670,0.26000,0.00000,20.78970,2
1179,4.93645,5.17941,0.63595,0.26000,0.00000,20.64761,2
1180,4.93602,5.17844,0.63511,0.26000,0.00000,20.86697,2
1181,4.93618,5.17747,0.63458,0.26000,0.00000,20.46890,2
1182,4.93542,5.17651,0.63355,0.26000,0.00000,20.98378,2
1183,4.93596,5.17554,0.63324,0.26000,0.00000,20.62043,2
1184,4.93565,5.17458,0.63240,0.26000,0.00000,21.08392,2
1185,4.93651,5.17363,0.63221,0.26000,0.00000,20.96495,2
1186,4.93707,5.17268,0.63179,0.26000,0.00000,20.65107,2
1187,4.93690,5.17174,0.63103,0.26000,0.00000,20.54216,2
1188,4.93653,5.17080,0.63022,0.26000,0.00000,20.45712,2
1189,4.93601,5.16986,0.62936,0.26000,0.00000,20.63978,2
1190,4.93599,5.16893,0.62875,0.26000,0.00000,20.83640,2
1191,4.93648,5.16799,0.62836,0.26000,0.00000,20.87009,2
1192,4.93707,5.16707,0.62798,0.26000,0.00000,20.77867,2
1193,4.93745,5.16615,0.62749,0.26000,0.00000,20.68978,2
1194,4.93764,5.16523,0.62693,0.26000,0.00000,20.87204,2
1195,4.93830,5.16432,0.62662,0.26000,0.00000,21.04889,2
1196,4.93938,5.16342,0.62649,0.26000,0.00000,20.38886,2
1197,4.93888,5.16252,0.62555,0.26000,0.00000,19.94588,2
1198,4.93740,5.16163,0.62424,0.26000,0.00000,20.55010,2
1199,4.93747,5.16073,0.62377,0.26000,0.00000,20.32912,2
1200,4.93705,5.15984,0.62292,0.26000,0.00000,20.68310,2
1201,4.93752,5.15895,0.62257,0.26000,0.00000,21.04484,2
1202,4.93888,5.15806,0.62258,0.26000,0.00000,20.09540,2
1203,4.93794,5.15718,0.62139,0.26000,0.00000,20.60021,2
1204,4.93830,5.15631,0.62103,0.26000,0.00000,20.57639,2
1205,4.93862,5.15544,0.62054,0.26000,0.00000,20.29313,2
1206,4.93829,5.15457,0.61974,0.26000,0.00000,20.19808,2
1207,4.93780,5.15370,0.61890,0.26000,0.00000,20.01073,2
1208,4.93692,5.15284,0.61788,0.26000,0.00000,20.06157,2
1209,4.93625,5.15198,0.61698,1.26000,0.00000,20.01403,2
1210,4.97554,5.15111,0.63604,1.26000,0.00000,20.47280,2
1211,5.01386,5.15041,0.65182,1.26000,0.00000,20.44393,2
1212,5.05034,5.14986,0.66713,1.26000,0.00000,20.30394,2
1213,5.08477,5.14947,0.68193,1.26000,0.00000,20.48701,2
1214,5.11799,5.14921,0.69663,1.26000,0.00000,20.58088,2
1215,5.14981,5.14908,0.71107,1.26000,0.00000,20.09554,2
1216,5.17890,5.14909,0.72456,1.26000,0.00000,20.44678,2
1217,5.20737,5.14921,0.73826,1.26000,0.00000,20.51128,2
1218,5.23451,5.14944,0.75163,1.26000,0.00000,20.52906,2
1219,5.26027,5.14978,0.76468,1.26000,0.72000,21.16234,2
1220,5.30776,5.15468,0.78897,1.26000,0.72000,20.33631,2
1221,5.35076,5.15976,0.80974,0.26000,0.72000,20.56674,2
1222,5.35213,5.16499,0.81050,0.26000,0.72000,20.69673,2
1223,5.35379,5.17020,0.81474,0.26000,0.72000,19.76659,2
1224,5.35294,5.17540,0.81772,0.26000,0.72000,20.10366,2
1225,5.35271,5.18057,0.82120,0.26000,0.72000,19.33552,2
1226,5.35044,5.18573,0.82361,0.26000,0.72000,19.54858,2
1227,5.34856,5.19085,0.82636,0.26000,0.72000,20.18284,2
1228,5.34806,5.19594,0.82974,0.26000,0.72000,19.61540,2
1229,5.34600,5.20102,0.83223,0.26000,0.72000,19.78943,2
1230,5.34423,5.20606,0.83497,0.26000,0.72000,19.82084,2
1231,5.34240,5.21108,0.83764,0.26000,0.72000,19.73169,2
1232,5.34022,5.21607,0.84012,0.26000,0.72000,19.93522,2
1233,5.33841,5.22103,0.84199,0.26000,0.72000,20.20031,2
1234,5.33716,5.22596,0.84151,0.26000,0.72000,19.49951,2
1235,5.33435,5.23087,0.84020,0.26000,0.72000,20.19157,2
1236,5.33338,5.23575,0.83994,0.26000,0.72000,20.13087,2
1237,5.33236,5.24060,0.83951,0.26000,0.72000,19.39729,2
1238,5.32969,5.24543,0.83826,0.26000,0.72000,19.98559,2
1239,5.32861,5.25023,0.83793,0.26000,0.72000,20.02292,2
1240,5.32771,5.25501,0.83757,0.26000,0.72000,19.37597,2
1241,5.32536,5.25977,0.83646,0.26000,0.72000,19.33224,2
1242,5.32308,5.26449,0.83551,0.26000,0.72000,19.76141,2
1243,5.32198,5.26919,0.83514,0.26000,0.72000,19.83144,2
1244,5.32114,5.27387,0.83481,0.26000,0.72000,19.16198,2
1245,5.31880,5.27852,0.83371,0.26000,0.72000,20.15642,2
1246,5.31899,5.28314,0.83399,0.26000,0.72000,19.49009,2
1247,5.31762,5.28775,0.83329,0.26000,0.72000,19.52001,2
1248,5.31645,5.29233,0.83281,0.26000,0.72000,19.90431,2
1249,5.31629,5.29690,0.83283,0.26000,0.72000,19.38255,2
1250,5.31495,5.30144,0.83217,0.26000,0.72000,19.71275,2
1251,5.31451,5.30595,0.83206,0.26000,0.72000,20.01596,2
1252,5.31485,5.31045,0.83227,0.26000,0.72000,19.86951,2
1253,5.31488,5.31493,0.83225,0.26000,0.72000,20.31360,2
1254,5.31601,5.31940,0.83282,1.26000,0.72000,19.62938,2
1255,5.35550,5.32385,0.85247,1.26000,0.72000,19.54765,2
1256,5.39275,5.32844,0.86794,1.26000,0.72000,20.36265,2
1257,5.43026,5.33316,0.88371,1.26000,0.72000,19.41974,2
1258,5.46382,5.33801,0.89749,1.26000,0.72000,19.45805,2
1259,5.49597,5.34298,0.91088,1.26000,0.72000,19.65904,2
1260,5.52716,5.34806,0.92390,1.26000,0.72000,18.89251,2
1261,5.55512,5.35324,0.93539,1.26000,0.72000,20.36411,2
1262,5.58535,5.35851,0.94827,1.26000,0.72000,19.00852,2
1263,5.61099,5.36388,0.95867,1.26000,0.72000,19.71240,2
1264,5.63718,5.36933,0.96971,1.26000,0.72000,19.66855,2
1265,5.66210,5.37487,0.98008,1.26000,0.72000,19.35485,2
1266,5.68518,5.38048,0.98962,0.26000,0.72000,19.15259,2
1267,5.66676,5.38616,0.97857,0.26000,0.72000,19.14713,2
1268,5.64952,5.39175,0.97142,0.26000,0.72000,19.64595,2
1269,5.63433,5.39724,0.96520,0.26000,0.72000,19.61635,2
1270,5.61983,5.40266,0.95917,0.26000,0.72000,19.19766,2
1271,5.60506,5.40799,0.95294,0.26000,0.72000,19.01747,2
1272,5.59062,5.41324,0.94690,0.26000,0.72000,19.52808,2
1273,5.57812,5.41842,0.94181,0.26000,0.72000,19.48353,2
1274,5.56615,5.42352,0.93683,0.26000,0.72000,19.78152,2
1275,5.55550,5.42855,0.93246,0.26000,0.72000,19.19756,2
1276,5.54400,5.43352,0.92756,0.26000,0.72000,19.07210,2
1277,5.53281,5.43843,0.92288,0.26000,0.72000,19.03469,2
1278,5.52210,5.44327,0.91842,0.26000,0.72000,19.29714,2
1279,5.51257,5.44805,0.91452,0.26000,0.72000,19.33427,2
1280,5.50361,5.45277,0.91080,0.26000,0.72000,18.79469,2
1281,5.49384,5.45744,0.90663,0.26000,0.72000,19.65886,2
1282,5.48664,5.46205,0.90381,0.26000,0.72000,19.08606,2
1283,5.47845,5.46661,0.90029,0.26000,0.72000,19.06631,2
1284,5.47065,5.47112,0.89705,0.26000,0.72000,19.83772,2
1285,5.46510,5.47559,0.89490,0.26000,0.72000,18.86864,2
1286,5.45753,5.48001,0.89156,0.26000,0.72000,19.60726,2
1287,5.45214,5.48438,0.88947,0.26000,0.72000,19.05275,2
1288,5.44572,5.48872,0.88669,0.26000,0.72000,19.33088,2
1289,5.44031,5.49301,0.88450,0.26000,0.72000,18.77246,2
1290,5.43387,5.49726,0.88171,0.26000,0.72000,19.24258,2
1291,5.42890,5.50147,0.87974,0.26000,0.72000,18.44675,2
1292,5.42230,5.50565,0.87684,0.26000,0.72000,19.56848,2
1293,5.41874,5.50978,0.87559,0.26000,0.72000,19.17931,2
1294,5.41445,5.51388,0.87372,0.26000,0.72000,18.97998,2
1295,5.40993,5.51794,0.87181,0.26000,0.72000,19.42002,2
1296,5.40672,5.52198,0.87056,0.26000,0.72000,19.34117,2
1297,5.40350,5.52598,0.86921,0.26000,0.72000,19.23496,2
1298,5.40023,5.52995,0.86783,0.26000,0.72000,18.82278,2
1299,5.39617,5.53390,0.86607,0.26000,0.72000,19.84846,2
1300,5.39479,5.53781,0.86570,0.26000,0.72000,18.76106,2
1301,5.39091,5.54170,0.86387,0.26000,0.72000,19.07633,2
1302,5.38803,5.54556,0.86274,0.26000,0.72000,19.27482,2
1303,5.38578,5.54940,0.86185,0.26000,0.72000,18.86513,2
1304,5.38271,5.55321,0.86049,0.26000,0.72000,19.11833,2
1305,5.38043,5.55699,0.85960,0.26000,0.72000,18.74177,2
1306,5.37739,5.56075,0.85826,0.26000,0.72000,18.27391,2
1307,5.37343,5.56448,0.85652,0.26000,0.72000,19.08215,2
1308,5.37162,5.56818,0.85594,0.26000,0.72000,19.27574,2
1309,5.37039,5.57185,0.85546,0.26000,0.72000,19.38326,2
1310,5.36951,5.57551,0.85512,0.26000,0.72000,18.65111,2
1311,5.36696,5.57915,0.85392,0.26000,0.72000,18.89165,2
1312,5.36515,5.58277,0.85322,0.26000,0.72000,18.99699,2
1313,5.36372,5.58636,0.85265,0.26000,0.72000,19.26068,2
1314,5.36301,5.58994,0.85241,0.26000,0.72000,18.37141,2
1315,5.36026,5.59349,0.85109,0.26000,0.72000,18.78593,2
1316,5.35867,5.59702,0.85052,0.26000,0.72000,18.24450,2
1317,5.35590,5.60053,0.84926,0.26000,0.72000,18.54855,2
1318,5.35403,5.60402,0.84854,0.26000,0.72000,18.27379,2
1319,5.35163,5.60748,0.84749,0.26000,0.72000,18.57379,2
1320,5.37585,5.61092,0.85980,0.26000,0.72000,18.44029,2
1321,5.39887,5.61445,0.86937,0.26000,0.72000,18.76661,2
1322,5.42192,5.61805,0.87905,0.26000,0.72000,18.93096,2
1323,5.44462,5.62173,0.88855,0.26000,0.72000,18.52305,2
1324,5.46561,5.62548,0.89723,0.26000,0.72000,18.41267,2
1325,5.48567,5.62931,0.90559,0.26000,0.72000,18.80113,2
1326,5.50602,5.63320,0.91415,0.26000,0.72000,18.49984,2
1327,5.52499,5.63715,0.92202,0.26000,0.72000,18.90071,2
1328,5.54433,5.64117,0.93016,0.26000,0.72000,18.52291,2
1329,5.56215,5.64524,0.93753,0.26000,0.72000,19.44470,2
1330,5.58160,5.64938,0.94583,0.26000,0.72000,18.22494,2
1331,5.59753,5.65357,0.95224,0.26000,0.72000,17.96680,2
1332,5.61236,5.65781,0.95838,0.26000,0.72000,18.37380,2
1333,5.62770,5.66209,0.96486,0.26000,0.72000,18.26708,2
1334,5.64231,5.66642,0.97094,0.26000,0.72000,18.78209,2
1335,5.65770,5.67079,0.97747,0.26000,0.72000,18.66126,2
1336,5.67232,5.67520,0.98354,0.26000,0.72000,18.45907,2
1337,5.68601,5.67965,0.98922,0.26000,0.72000,18.45664,2
1338,5.69928,5.68414,0.99476,0.26000,0.72000,18.42181,2
1339,5.71207,5.68866,1.00000,0.26000,0.72000,18.39811,2
1340,5.72442,5.69322,1.00000,0.26000,0.72000,18.10993,2
1341,5.73597,5.69781,1.00000,0.26000,0.72000,17.69529,2
1342,5.74643,5.70243,1.00000,0.26000,0.72000,18.48231,2
1343,5.75868,5.70707,1.00000,0.26000,0.72000,18.46997,2
1344,5.77078,5.71174,1.00000,0.26000,0.72000,18.23071,2
1345,5.78221,5.71644,1.00000,0.26000,0.72000,18.46302,2
1346,5.79408,5.72116,1.00000,0.26000,0.72000,17.87179,2
1347,5.80445,5.72592,1.00000,0.26000,0.72000,17.85153,2
1348,5.81468,5.73070,1.00000,0.26000,0.72000,18.12865,2
1349,5.82548,5.73550,1.00000,0.26000,0.72000,18.34417,2
1350,5.83671,5.74032,1.00000,0.26000,0.72000,18.25166,2
1351,5.84762,5.74517,1.00000,0.26000,0.72000,18.02748,2
1352,5.85791,5.75005,1.00000,0.26000,0.72000,18.33404,2
1353,5.86884,5.75494,1.00000,0.26000,0.72000,18.66726,2
1354,5.88048,5.75986,1.00000,0.26000,0.72000,18.69294,2
1355,5.89207,5.76481,1.00000,0.26000,0.72000,18.17819,2
1356,5.90234,5.76978,1.00000,0.26000,0.72000,18.40521,2
1357,5.91307,5.77477,1.00000,0.26000,0.72000,18.28927,2
1358,5.92343,5.77979,1.00000,0.26000,0.72000,19.07033,2
1359,5.93557,5.78483,1.00000,0.26000,0.72000,18.33961,2
1360,5.94587,5.78990,1.00000,0.26000,0.72000,17.76092,2
1361,5.95470,5.79498,1.00000,0.26000,0.72000,18.07640,2
1362,5.96423,5.80009,1.00000,0.26000,0.72000,18.25850,2
1363,5.97412,5.80521,1.00000,0.26000,0.72000,18.55788,2
1364,5.98464,5.81035,1.00000,0.26000,0.72000,18.07786,2
1365,5.99394,5.81551,1.00000,0.26000,0.72000,18.98620,2
1366,6.00534,5.82069,1.00000,0.26000,0.72000,18.90423,2
1367,6.01644,5.82589,1.00000,0.26000,0.72000,18.75845,2
1368,6.02711,5.83112,1.00000,0.26000,0.72000,18.47305,2
1369,6.03701,5.83636,1.00000,0.26000,0.72000,18.40808,2
1370,6.04668,5.84163,1.00000,0.26000,0.72000,18.11256,2
1371,6.05558,5.84691,1.00000,0.26000,0.72000,18.03550,2
1372,6.06424,5.85221,1.00000,0.26000,0.72000,17.92722,2
1373,6.07258,5.85753,1.00000,0.26000,0.72000,18.38442,2
1374,6.08196,5.86285,1.00000,0.26000,0.72000,18.84068,2
1375,6.09235,5.86819,1.00000,0.26000,0.72000,17.91300,2
1376,6.10046,5.87355,1.00000,0.26000,0.72000,18.04700,2
1377,6.10884,5.87892,1.00000,0.26000,0.72000,18.29618,2
1378,6.11776,5.88431,1.00000,0.26000,0.72000,17.86825,2
1379,6.12560,5.88970,1.00000,0.26000,0.72000,18.45539,2
1380,6.13479,5.89511,1.00000,0.26000,0.00000,18.75483,2
1381,6.12303,5.89607,1.00000,0.26000,0.00000,17.33108,2
1382,6.10805,5.89698,1.00000,0.26000,0.00000,18.71149,2
1383,6.09656,5.89782,1.00000,0.26000,0.00000,17.58914,2
1384,6.08257,5.89862,1.00000,0.26000,0.00000,17.86374,2
1385,6.06942,5.89935,1.00000,0.26000,0.00000,17.67450,2
1386,6.05600,5.90003,1.00000,0.26000,0.00000,17.82309,2
1387,6.04312,5.90066,1.00000,0.26000,0.00000,18.39921,2
1388,6.03179,5.90123,1.00000,0.26000,0.00000,17.78238,2
1389,6.01915,5.90175,1.00000,0.26000,0.00000,17.76915,2
1390,6.00665,5.90222,1.00000,0.26000,0.00000,18.28240,2
1391,5.99554,5.90264,1.00000,0.26000,0.00000,18.17221,2
1392,5.98433,5.90301,1.00000,0.26000,0.00000,17.58043,2
1393,5.97185,5.90333,1.00000,0.26000,0.00000,18.26293,2
1394,5.96117,5.90361,1.00000,0.26000,0.00000,17.17450,2
1395,5.94804,5.90384,1.00000,0.26000,0.00000,18.09660,2
1396,5.93729,5.90401,1.00000,0.26000,0.00000,18.18422,2
1397,5.92689,5.90415,1.00000,0.26000,0.00000,17.72635,2
1398,5.91553,5.90424,1.00000,0.26000,0.00000,18.40259,2
1399,5.90594,5.90428,1.00000,0.26000,0.00000,18.54531,2
1400,5.89682,5.90429,1.00000,0.26000,0.00000,17.15664,2
1401,5.88451,5.90426,1.00000,0.26000,0.00000,17.79670,2
1402,5.87389,5.90418,1.00000,0.26000,0.00000,18.02614,2
1403,5.86395,5.90406,1.00000,0.26000,0.00000,17.73877,2
1404,5.85346,5.90390,1.00000,0.26000,0.00000,17.63704,2
1405,5.84286,5.90370,1.00000,0.26000,0.00000,17.72307,2
1406,5.83261,5.90345,1.00000,0.26000,0.00000,17.49048,2
1407,5.82194,5.90317,1.00000,0.26000,0.00000,17.61433,2
1408,5.81170,5.90285,1.00000,0.26000,0.00000,18.25523,2
1409,5.80311,5.90248,1.00000,0.26000,0.00000,17.73555,2
1410,5.79341,5.90208,1.00000,0.26000,0.00000,17.74869,2
1411,5.78385,5.90165,1.00000,0.26000,0.00000,18.05146,2
1412,5.77514,5.90118,1.00000,0.26000,0.00000,18.74824,2
1413,5.76820,5.90067,1.00000,0.26000,0.00000,18.40203,2
1414,5.76052,5.90014,1.00000,0.26000,0.00000,17.72426,2
1415,5.75132,5.89959,1.00000,0.26000,0.00000,17.98161,2
1416,5.74285,5.89899,1.00000,0.26000,0.00000,18.27865,2
1417,5.73520,5.89837,1.00000,0.26000,0.00000,17.63051,2
1418,5.72609,5.89772,1.00000,0.26000,0.00000,17.75852,2
1419,5.71741,5.89703,1.00000,0.26000,0.00000,17.55535,2
1420,5.70835,5.89631,0.99678,0.26000,0.00000,17.56336,2
1421,5.69957,5.89556,0.99312,0.26000,0.00000,17.94705,2
1422,5.69201,5.89477,0.99004,0.26000,0.00000,18.20759,2
1423,5.68530,5.89396,0.98729,0.26000,0.00000,17.26122,2
1424,5.67656,5.89313,0.98346,0.26000,0.00000,17.54174,2
1425,5.66879,5.89226,0.98027,0.26000,0.00000,17.80787,2
1426,5.66190,5.89137,0.97745,0.26000,0.00000,18.07954,2
1427,5.65588,5.89045,0.97499,0.26000,0.00000,17.88630,2
1428,5.64959,5.88951,0.97232,0.26000,0.00000,18.04101,2
1429,5.64387,5.88855,0.96997,0.26000,0.00000,17.43179,2
1430,5.63689,5.88757,0.96693,0.26000,0.00000,17.77353,2
1431,5.63095,5.88657,0.96452,0.26000,0.00000,17.85839,2
1432,5.62540,5.88555,0.96222,0.26000,0.00000,17.86529,2
1433,5.62004,5.88451,0.95999,0.26000,0.00000,17.02241,2
1434,5.61285,5.88345,0.95682,0.26000,0.00000,17.48946,2
1435,5.60701,5.88237,0.95448,0.26000,0.00000,16.92650,2
1436,5.60001,5.88127,0.95145,0.26000,0.00000,17.91916,2
1437,5.59561,5.88014,0.94980,0.26000,0.00000,17.47282,2
1438,5.59027,5.87900,0.94749,0.26000,0.00000,18.05642,2
1439,5.58650,5.87785,0.94603,0.26000,0.00000,16.99948,2
1440,5.58031,5.87668,0.94324,0.26000,0.00000,18.07499,2
1441,5.57690,5.87550,0.94203,0.26000,0.00000,18.04103,2
1442,5.57350,5.87430,0.94060,0.26000,0.00000,17.92465,2
1443,5.56992,5.87310,0.93908,0.26000,0.00000,17.29444,2
1444,5.56495,5.87189,0.93688,0.26000,0.00000,17.87351,2
1445,5.56153,5.87066,0.93557,0.26000,0.00000,17.51149,2
1446,5.55734,5.86942,0.93375,0.26000,0.00000,17.28398,2
1447,5.55273,5.86817,0.93178,0.26000,0.00000,17.69272,2
1448,5.54925,5.86691,0.93041,0.26000,0.00000,17.61547,2
1449,5.54569,5.86564,0.92890,0.26000,0.00000,17.68574,2
1450,5.54239,5.86436,0.92754,0.26000,0.00000,17.59918,2
1451,5.53899,5.86307,0.92611,0.26000,0.00000,17.64142,2
1452,5.53580,5.86178,0.92478,0.26000,0.00000,17.65669,2
1453,5.53273,5.86047,0.92350,0.26000,0.00000,17.74159,2
1454,5.52996,5.85916,0.92236,0.26000,0.00000,17.56054,2
1455,5.52683,5.85785,0.92102,0.26000,0.00000,17.74122,2
1456,5.52423,5.85652,0.91997,0.26000,0.00000,17.44756,2
1457,5.52100,5.85519,0.91856,0.26000,0.00000,17.70325,2
1458,5.51848,5.85386,0.91756,0.26000,0.00000,17.07729,2
1459,5.51453,5.85252,0.91579,0.26000,0.00000,17.58780,2
1460,5.51193,5.85116,0.91480,0.26000,0.00000,17.65785,2
1461,5.50956,5.84981,0.91383,0.26000,0.00000,17.20456,2
1462,5.50618,5.84845,0.91232,0.26000,0.00000,17.28210,2
1463,5.50308,5.84708,0.91105,0.26000,0.00000,17.62291,2
1464,5.50089,5.84570,0.91020,0.26000,0.00000,17.19720,2
1465,5.49774,5.84432,0.90880,0.26000,0.00000,17.97735,2
1466,5.49655,5.84293,0.90845,0.26000,0.00000,17.13042,2
1467,5.49335,5.84155,0.90695,0.26000,0.00000,16.93247,2
1468,5.48979,5.84016,0.90543,0.26000,0.00000,17.68113,2
1469,5.48811,5.83875,0.90487,0.26000,0.00000,17.30580,2
1470,5.48558,5.83735,0.90374,0.26000,0.00000,17.44397,2
1471,5.48345,5.83595,0.90288,0.26000,0.00000,17.47367,2
1472,5.48145,5.83454,0.90205,0.26000,0.00000,17.95369,2
1473,5.48064,5.83312,0.90180,0.26000,0.00000,17.54138,2
1474,5.47886,5.83171,0.90098,0.26000,0.00000,17.32342,2
1475,5.47661,5.83030,0.89999,0.26000,0.00000,17.83611,2
1476,5.47564,5.82889,0.89969,0.26000,0.00000,17.61233,2
1477,5.47415,5.82747,0.89902,0.26000,0.00000,17.63152,2
1478,5.47275,5.82606,0.89844,0.26000,0.00000,17.18744,2
1479,5.47032,5.82465,0.89734,0.26000,0.00000,18.11563,2
1480,5.47017,5.82323,0.89746,0.26000,0.00000,16.75795,2
1481,5.46677,5.82182,0.89577,0.26000,0.00000,17.18238,2
1482,5.46449,5.82040,0.89490,0.26000,0.00000,17.63230,2
1483,5.46334,5.81897,0.89451,0.26000,0.00000,17.36511,2
1484,5.46158,5.81755,0.89372,0.26000,0.00000,17.95242,2
1485,5.46126,5.81613,0.89370,0.26000,0.00000,17.30304,2
1486,5.45938,5.81471,0.89279,0.26000,0.00000,17.15610,2
1487,5.45721,5.81329,0.89186,0.26000,0.00000,17.12461,2
1488,5.45503,5.81186,0.89094,0.26000,0.00000,17.66620,2
1489,5.45419,5.81043,0.89069,0.26000,0.00000,17.19091,2
1490,5.45223,5.80901,0.88978,0.26000,0.00000,17.66795,2
1491,5.45146,5.80758,0.88955,0.26000,0.00000,16.84258,2
1492,5.44873,5.80616,0.88825,0.26000,0.00000,17.62369,2
1493,5.44794,5.80473,0.88807,0.26000,0.00000,17.53911,2
1494,5.44696,5.80330,0.88765,0.26000,0.00000,17.50697,2
1495,5.44592,5.80188,0.88720,0.26000,0.00000,18.01524,2
1496,5.44611,5.80045,0.88738,0.26000,0.00000,17.27797,2
1497,5.44452,5.79903,0.88657,0.26000,0.00000,18.25851,2
1498,5.44531,5.79762,0.88709,0.26000,0.00000,16.88636,2
1499,5.44278,5.79621,0.49577,0.26000,0.00000,17.55833,2
1500,5.46128,5.79479,0.56424,0.26000,0.00000,17.84459,2
1501,5.47680,5.79346,0.56734,0.26000,0.00000,17.61880,2
1502,5.49141,5.79219,0.57037,0.26000,0.00000,17.15645,2
1503,5.50457,5.79099,0.57289,0.26000,0.00000,17.53718,2
1504,5.51831,5.78984,0.57596,0.26000,0.00000,17.76618,2
1505,5.53226,5.78876,0.57922,0.26000,0.00000,18.10962,2
1506,5.54666,5.78773,0.58282,0.26000,0.00000,17.21742,2
1507,5.55856,5.78677,0.58529,0.26000,0.00000,17.80396,2
1508,5.57157,5.78586,0.58863,0.26000,0.00000,17.19535,2
1509,5.58278,5.78500,0.59111,0.26000,0.00000,17.89930,2
1510,5.59538,5.78419,0.59454,0.26000,0.00000,17.64519,2
1511,5.60704,5.78343,0.59751,0.26000,0.00000,17.93000,2
1512,5.61906,5.78273,0.60086,0.26000,0.00000,17.31422,2
1513,5.62928,5.78207,0.60340,0.26000,0.00000,17.09099,2
1514,5.63870,5.78146,0.60579,0.26000,0.00000,17.57005,2
1515,5.64901,5.78089,0.60877,0.26000,0.00000,17.44344,2
1516,5.65873,5.78036,0.61150,0.26000,0.00000,17.73764,2
1517,5.66888,5.77988,0.61459,0.26000,0.00000,17.11049,2
1518,5.67725,5.77943,0.61684,0.26000,0.00000,17.56622,2
1519,5.68647,5.77902,0.61976,0.26000,0.00000,17.55461,2
1520,5.69539,5.77865,0.62255,0.26000,0.00000,16.97199,2
1521,5.70267,5.77832,0.62463,0.26000,0.00000,18.01119,2
1522,5.71222,5.77802,0.62804,0.26000,0.00000,17.56356,2
1523,5.72040,5.77776,0.63069,0.26000,0.00000,17.15482,2
1524,5.72737,5.77753,0.63293,0.26000,0.00000,16.97251,2
1525,5.73369,5.77733,0.63500,0.26000,0.00000,17.13852,2
1526,5.74022,5.77715,0.63730,0.26000,0.00000,18.31928,2
1527,5.74937,5.77700,0.64095,0.26000,0.00000,17.35573,2
1528,5.75591,5.77689,0.64319,0.26000,0.00000,17.39185,2
1529,5.76234,5.77681,0.64564,0.26000,0.00000,17.47791,2
1530,5.76877,5.77675,0.64816,0.26000,0.00000,17.40623,2
1531,5.77481,5.77672,0.65056,0.26000,0.00000,17.68106,2
1532,5.78131,5.77671,0.65327,0.26000,0.00000,17.52931,2
1533,5.78723,5.77673,0.65572,0.26000,0.00000,17.45665,2
1534,5.79278,5.77677,0.65810,0.26000,0.00000,17.78255,2
1535,5.79891,5.77684,0.66085,0.26000,0.00000,16.58451,2
1536,5.80197,5.77692,0.66208,0.26000,0.00000,16.40621,2
1537,5.80451,5.77702,0.66332,0.26000,0.00000,18.12681,2
1538,5.81105,5.77713,0.66663,0.26000,0.00000,18.06049,2
1539,5.81718,5.77727,0.66948,0.26000,0.00000,17.42361,2
1540,5.82158,5.77743,0.67156,0.26000,0.00000,17.28609,2
1541,5.82548,5.77761,0.67358,0.26000,0.00000,17.20598,2
1542,5.82905,5.77780,0.67551,0.26000,0.00000,17.22726,2
1543,5.83253,5.77800,0.67745,0.26000,0.00000,17.42005,2
1544,5.83632,5.77822,0.67959,0.26000,0.00000,17.52489,2
1545,5.84021,5.77845,0.68180,0.26000,0.00000,17.66695,2
1546,5.84428,5.77870,0.68412,0.26000,0.00000,17.31516,2
1547,5.84735,5.77896,0.68598,0.26000,0.00000,17.58963,2
1548,5.85094,5.77924,0.68820,0.26000,0.00000,17.81319,2
1549,5.85491,5.77952,0.69060,0.26000,0.00000,17.31929,2
1550,5.85753,5.77982,0.69235,0.26000,0.00000,18.16693,2
1551,5.86205,5.78014,0.69517,0.26000,0.00000,17.66211,2
1552,5.86518,5.78046,0.69720,0.26000,0.00000,17.96945,2
1553,5.86889,5.78080,0.69966,0.26000,0.00000,17.45239,2
1554,5.87121,5.78115,0.70141,0.26000,0.00000,18.01495,2
1555,5.87476,5.78151,0.70391,0.26000,0.00000,17.50471,2
1556,5.87692,5.78189,0.70565,0.26000,0.00000,17.95619,2
1557,5.88005,5.78227,0.70801,0.26000,0.00000,17.92719,2
1558,5.88295,5.78266,0.71021,0.26000,0.00000,17.31465,2
1559,5.88425,5.78306,0.71166,0.26000,0.00000,18.19321,2
1560,5.88756,5.78346,0.71425,0.26000,0.00000,17.92220,2
1561,5.89006,5.78388,0.71631,0.26000,0.00000,17.34568,2
1562,5.89105,5.78431,0.71771,0.26000,0.00000,17.99537,2
1563,5.89351,5.78473,0.71997,0.26000,0.00000,17.47391,2
1564,5.89459,5.78517,0.72145,0.26000,0.00000,17.79600,2
1565,5.89635,5.78561,0.72339,0.26000,0.00000,17.97643,2
1566,5.89843,5.78605,0.72545,0.26000,0.00000,18.31412,2
1567,5.90119,5.78650,0.72785,0.26000,0.00000,18.29429,2
1568,5.90375,5.78696,0.73012,0.26000,0.00000,17.41089,2
1569,5.90406,5.78742,0.73131,0.26000,0.00000,17.08757,2
1570,5.90355,5.78789,0.73227,0.26000,0.00000,17.90104,2
1571,5.90494,5.78835,0.73424,0.26000,0.00000,18.38300,2
1572,5.90736,5.78882,0.73659,0.26000,0.00000,17.70383,2
1573,5.90802,5.78929,0.73800,0.26000,0.00000,18.36136,2
1574,5.91018,5.78977,0.74031,0.26000,0.00000,17.62382,2
1575,5.91044,5.79025,0.74157,0.26000,0.00000,17.50046,2
1576,5.91035,5.79073,0.74280,0.26000,0.00000,17.60291,2
1577,5.91045,5.79121,0.74416,0.26000,0.00000,17.46054,2
1578,5.91014,5.79169,0.74531,0.26000,0.00000,17.53359,2
1579,5.90996,5.79216,0.74654,0.26000,0.00000,17.34709,2
1580,5.90928,5.79263,0.74752,0.26000,0.00000,17.78817,2
1581,5.90962,5.79310,0.74903,0.26000,0.00000,18.07632,2
1582,5.91057,5.79356,0.75078,0.26000,0.00000,18.25603,2
1583,5.91185,5.79403,0.75265,0.26000,0.00000,17.57888,2
1584,5.91142,5.79450,0.75365,0.26000,0.00000,17.70280,2
1585,5.91124,5.79497,0.75491,0.26000,0.00000,18.25838,2
1586,5.91233,5.79544,0.75567,0.26000,0.00000,18.20138,2
1587,5.91324,5.79590,0.75603,0.26000,0.00000,17.91036,2
1588,5.91343,5.79637,0.75606,0.26000,0.00000,17.19313,2
1589,5.91191,5.79684,0.75528,0.26000,0.00000,17.63215,2
1590,5.91151,5.79730,0.75520,0.26000,0.00000,17.71502,2
1591,5.91131,5.79776,0.75514,0.26000,0.00000,17.10190,2
1592,5.90967,5.79821,0.75433,0.26000,0.00000,17.73696,2
1593,5.90960,5.79866,0.75443,0.26000,0.00000,17.94957,2
1594,5.91004,5.79910,0.75465,0.26000,0.00000,17.52942,2
1595,5.90947,5.79955,0.75433,0.26000,0.00000,17.82344,2
1596,5.90963,5.79999,0.75446,0.26000,0.00000,17.65656,2
1597,5.90938,5.80042,0.75432,0.26000,0.00000,16.93647,2
1598,5.90744,5.80086,0.75337,0.26000,0.00000,17.79608,2
1599,5.90762,5.80129,0.75362,0.26000,0.00000,18.22465,2
1600,5.90881,5.80171,0.75420,0.26000,0.00000,17.77596,2
1601,5.90889,5.80214,0.75414,0.26000,0.00000,18.34352,2
1602,5.91034,5.80257,0.75486,0.26000,0.00000,18.58444,2
1603,5.91230,5.80300,0.75572,0.26000,0.00000,17.45067,2
1604,5.91150,5.80344,0.75517,0.26000,0.00000,18.49382,2
1605,5.91323,5.80387,0.75609,0.26000,0.00000,18.41119,2
1606,5.91469,5.80431,0.75669,0.26000,0.00000,17.56016,2
1607,5.91409,5.80475,0.75627,0.26000,0.00000,17.53228,2
1608,5.91345,5.80518,0.75600,0.26000,0.00000,17.82990,2
1609,5.91355,5.80562,0.75610,0.26000,0.00000,18.24146,2
1610,5.91463,5.80605,0.75663,0.26000,0.00000,18.28575,2
1611,5.91577,5.80648,0.75712,0.26000,0.00000,17.70944,2
1612,5.91551,5.80692,0.75689,0.26000,0.00000,18.00768,2
1613,5.91598,5.80735,0.75715,0.26000,0.00000,17.47457,2
1614,5.91517,5.80779,0.75670,0.26000,0.00000,17.91720,2
1615,5.91544,5.80822,0.75691,0.26000,0.00000,17.84001,2
1616,5.91553,5.80865,0.75693,0.26000,0.00000,18.51577,2
1617,5.91722,5.80908,0.75777,0.26000,0.00000,17.48633,2
1618,5.91641,5.80951,0.75723,0.26000,0.00000,17.87999,2
1619,5.91657,5.80994,0.75737,0.26000,0.00000,18.29286,2
1620,5.91771,5.81036,0.75793,0.26000,0.00000,18.03593,2
1621,5.91821,5.81079,0.75809,0.26000,0.00000,17.82044,2
1622,5.91818,5.81122,0.75803,0.26000,0.00000,17.79909,2
1623,5.91810,5.81165,0.75800,0.26000,0.00000,17.68210,2
1624,5.91776,5.81207,0.75783,0.26000,0.00000,17.89520,2
1625,5.91794,5.81250,0.75795,0.26000,0.00000,18.01726,2
1626,5.91841,5.81292,0.75817,0.26000,0.00000,18.32006,2
1627,5.91958,5.81334,0.75872,0.26000,0.00000,17.81679,2
1628,5.91952,5.81377,0.75859,0.26000,0.00000,18.23120,2
1629,5.92046,5.81419,0.75907,0.26000,0.00000,18.43692,2
1630,5.92186,5.81461,0.75969,0.26000,0.00000,17.72869,2
1631,5.92152,5.81504,0.75941,0.26000,0.00000,18.32804,2
1632,5.92264,5.81547,0.76000,0.26000,0.00000,18.00869,2
1633,5.92295,5.81590,0.76006,0.26000,0.00000,18.24550,2
1634,5.92383,5.81633,0.76048,0.26000,0.00000,18.08495,2
1635,5.92429,5.81676,0.76064,0.26000,0.00000,18.09558,2
1636,5.92478,5.81719,0.76085,0.26000,0.00000,18.48349,2
1637,5.92617,5.81762,0.76150,0.26000,0.00000,18.20565,2
1638,5.92686,5.81805,0.76174,0.26000,0.00000,18.36054,2
1639,5.92790,5.81849,0.76220,0.26000,0.00000,18.59159,2
1640,5.92945,5.81892,0.76290,0.26000,0.00000,18.55460,2
1641,5.93087,5.81937,0.76348,0.26000,0.00000,18.40729,2
1642,5.93190,5.81981,0.76388,0.26000,0.00000,18.15584,2
1643,5.93230,5.82026,0.76400,0.26000,0.00000,18.22414,2
1644,5.93285,5.82071,0.76424,0.26000,0.00000,18.58877,2
1645,5.93426,5.82116,0.76490,0.26000,0.00000,18.38824,2
1646,5.93514,5.82161,0.76523,0.26000,0.00000,18.23402,2
1647,5.93564,5.82206,0.76541,0.26000,0.00000,18.14666,2
1648,5.93591,5.82252,0.76550,0.26000,0.00000,18.13468,2
1649,5.93615,5.82297,0.76560,0.26000,0.00000,18.11768,2
1650,5.93635,5.82342,0.76568,0.26000,0.00000,18.33316,2
1651,5.93706,5.82388,0.76602,0.26000,0.00000,18.31538,2
1652,5.93771,5.82433,0.76629,0.26000,0.00000,18.48762,2
1653,5.93875,5.82478,0.76676,0.26000,0.00000,17.75351,2
1654,5.93801,5.82524,0.76631,0.26000,0.00000,18.51341,2
1655,5.93912,5.82569,0.76692,0.26000,0.00000,18.11826,2
1656,5.93924,5.82614,0.76689,0.26000,0.00000,18.79727,2
1657,5.94099,5.82659,0.76776,0.26000,0.00000,18.40298,2
1658,5.94174,5.82705,0.76799,0.26000,0.00000,19.33876,2
1659,5.94470,5.82751,0.76941,0.26000,0.00000,18.18726,2
1660,5.94481,5.82798,0.76923,0.26000,0.00000,18.69375,2
1661,5.94614,5.82845,0.76989,0.26000,0.00000,18.58337,2
1662,5.94716,5.82892,0.77029,0.26000,0.00000,18.63504,2
1663,5.94828,5.82939,0.77077,0.26000,0.00000,18.07130,2
1664,5.94802,5.82987,0.77055,0.26000,0.00000,18.22170,2
1665,5.94814,5.83034,0.77063,0.26000,0.00000,19.00048,2
1666,5.95012,5.83081,0.77161,0.26000,0.00000,18.95128,2
1667,5.95190,5.83129,0.77234,0.26000,0.00000,18.59465,2
1668,5.95279,5.83177,0.77264,0.26000,0.00000,18.76777,2
1669,5.95406,5.83225,0.77321,0.26000,0.00000,18.43549,2
1670,5.95450,5.83274,0.77333,0.26000,0.00000,18.64790,2
1671,5.95544,5.83323,0.77376,0.26000,0.00000,18.37834,2
1672,5.95572,5.83372,0.77382,0.26000,0.00000,18.69793,2
1673,5.95675,5.83421,0.77432,0.26000,0.00000,18.80470,2
1674,5.95800,5.83470,0.77486,0.26000,0.00000,19.21454,2
1675,5.96019,5.83519,0.77585,0.26000,0.00000,17.87829,2
1676,5.95912,5.83569,0.77515,0.26000,0.00000,18.90746,2
1677,5.96056,5.83618,0.77595,0.26000,0.00000,18.70011,2
1678,5.96146,5.83668,0.77628,0.26000,0.00000,19.07548,2
1679,5.96322,5.83718,0.77709,0.26000,0.00000,18.27787,2
1680,5.96303,5.83768,0.77686,0.26000,0.00000,18.42993,2
1681,5.96322,5.83818,0.77697,0.26000,0.00000,19.20450,2
1682,5.96525,5.83868,0.77797,0.26000,0.00000,18.57443,2
1683,5.96571,5.83919,0.77803,0.26000,0.00000,19.02881,2
1684,5.96724,5.83970,0.77876,0.26000,0.00000,18.51370,2
1685,5.96750,5.84021,0.77877,0.26000,0.00000,18.89406,2
1686,5.96867,5.84072,0.77933,0.26000,0.00000,18.49754,2
1687,5.96885,5.84123,0.77933,0.26000,0.00000,19.06533,2
1688,5.97039,5.84174,0.78009,0.26000,0.00000,19.17170,2
1689,5.97213,5.84225,0.78084,0.26000,0.00000,18.15043,2
1690,5.97139,5.84277,0.78032,0.26000,0.00000,19.11449,2
1691,5.97298,5.84329,0.78118,0.26000,0.00000,19.03447,2
1692,5.97432,5.84381,0.78172,0.26000,0.00000,18.86993,2
1693,5.97523,5.84433,0.78207,0.26000,0.00000,18.95155,2
1694,5.97632,5.84485,0.78254,0.26000,0.00000,19.10173,2
1695,5.97773,5.84538,0.78316,0.26000,0.00000,18.80001,2
1696,5.97837,5.84591,0.78337,0.26000,0.00000,18.72867,2
1697,5.97883,5.84644,0.78355,0.26000,0.00000,19.32787,2
1698,5.98071,5.84697,0.78445,0.26000,0.00000,18.73513,2
1699,5.98112,5.84750,0.78450,0.26000,0.00000,19.08069,2
1700,5.98235,5.84804,0.78508,0.26000,0.00000,19.31337,2
1701,5.98409,5.84857,0.78586,0.26000,0.00000,18.62486,2
1702,5.98413,5.84912,0.78574,0.26000,0.00000,18.78391,2
1703,5.98457,5.84966,0.78595,0.26000,0.00000,18.67425,2
1704,5.98473,5.85019,0.78600,0.26000,0.00000,18.93932,2
1705,5.98553,5.85073,0.78639,0.26000,0.00000,18.79908,2
1706,5.98597,5.85127,0.78654,0.26000,0.00000,19.16535,2
1707,5.98727,5.85181,0.78716,0.26000,0.00000,18.65415,2
1708,5.98731,5.85235,0.78707,0.26000,0.00000,19.96798,2
1709,5.99049,5.85289,0.78866,0.26000,0.00000,19.31108,2
1710,5.99200,5.85344,0.78916,0.26000,0.00000,18.97262,2
1711,5.99265,5.85400,0.78937,0.26000,0.00000,18.46491,2
1712,5.99209,5.85455,0.78903,0.26000,0.00000,19.36347,2
1713,5.99370,5.85510,0.78988,0.26000,0.00000,18.82666,2
1714,5.99397,5.85566,0.78989,0.26000,0.00000,19.35390,2
1715,5.99549,5.85621,0.79063,0.26000,0.00000,19.77556,2
1716,5.99797,5.85677,0.79175,0.26000,0.00000,18.79043,2
1717,5.99803,5.85733,0.79158,0.26000,0.00000,17.87226,2
1718,5.99591,5.85789,0.79051,0.26000,0.00000,18.87311,2
1719,5.99626,5.85845,0.79086,0.26000,0.00000,18.98894,2
1720,5.99687,5.85900,0.79113,0.26000,0.00000,18.62488,2
1721,5.99660,5.85955,0.79095,0.26000,0.00000,19.50739,2
1722,5.99844,5.86010,0.79189,0.26000,0.00000,18.85393,2
1723,5.99867,5.86065,0.79186,0.26000,0.00000,19.45084,2
1724,6.00032,5.86120,0.79267,0.26000,0.00000,19.91460,2
1725,6.00302,5.86176,0.79389,0.26000,0.00000,18.48581,2
1726,6.00223,5.86232,0.79327,0.26000,0.00000,19.86461,2
1727,6.00477,5.86288,0.79461,0.26000,0.00000,19.68518,2
1728,6.00679,5.86345,0.79541,0.26000,0.00000,19.63924,2
1729,6.00864,5.86403,0.79618,0.26000,0.00000,19.43607,2
1730,6.00994,5.86460,0.79668,0.26000,0.00000,18.69695,2
1731,6.00946,5.86518,0.79633,0.26000,0.00000,19.81295,2
1732,6.01166,5.86576,0.79747,0.26000,0.00000,19.65191,2
1733,6.01339,5.86635,0.79816,0.26000,0.00000,19.22986,2
1734,6.01407,5.86693,0.79836,0.26000,0.00000,19.07613,2
1735,6.01437,5.86752,0.79846,0.26000,0.00000,19.23705,2
1736,6.01506,5.86811,0.79878,0.26000,0.00000,19.12384,2
1737,6.01545,5.86870,0.79892,0.26000,0.00000,20.37310,2
1738,6.01882,5.86928,0.80057,0.26000,0.00000,19.13497,2
1739,6.01911,5.86988,0.80045,0.26000,0.00000,19.59092,2
1740,6.02050,5.87048,0.80112,0.26000,0.00000,19.80822,2
1741,6.02236,5.87108,0.80194,0.26000,0.00000,19.18513,2
1742,6.02268,5.87168,0.80195,0.26000,0.00000,19.68453,2
1743,6.02419,5.87229,0.80268,0.26000,0.00000,19.43571,2
1744,6.02506,5.87290,0.80299,0.26000,0.00000,18.81960,2
1745,6.02444,5.87350,0.80262,0.26000,0.00000,19.10754,2
1746,6.02454,5.87411,0.80271,0.26000,0.00000,19.14117,2
1747,6.02472,5.87471,0.80280,0.26000,0.00000,19.36125,2
1748,6.02542,5.87531,0.80313,0.26000,0.00000,20.19933,2
1749,6.02810,5.87591,0.80442,0.26000,0.00000,19.23559,2
1750,6.02840,5.87652,0.80435,0.26000,0.00000,19.90961,2
1751,6.03030,5.87713,0.80528,0.26000,0.00000,19.49804,2
1752,6.03116,5.87774,0.80556,0.26000,0.00000,20.30203,2
1753,6.03392,5.87835,0.80687,0.26000,0.00000,19.88695,2
1754,6.03559,5.87898,0.80748,0.26000,0.00000,19.87234,2
1755,6.03718,5.87960,0.80814,0.26000,0.00000,19.61355,2
1756,6.03811,5.88023,0.80848,0.26000,0.00000,19.62813,2
1757,6.03905,5.88086,0.80888,0.26000,0.00000,20.53068,2
1758,6.04211,5.88150,0.81033,0.26000,0.00000,20.22946,2
1759,6.04435,5.88214,0.81121,0.26000,0.00000,19.82366,2
1760,6.04556,5.88279,0.81163,0.26000,0.00000,19.53947,2
1761,6.04606,5.88344,0.81179,0.26000,0.00000,20.11811,2
1762,6.04794,5.88409,0.81268,0.26000,0.00000,19.75761,2
1763,6.04889,5.88475,0.81301,0.26000,0.00000,19.45952,2
1764,6.04911,5.88540,0.81304,0.26000,0.00000,19.82888,2
1765,6.05021,5.88606,0.81358,0.26000,0.00000,19.71800,2
1766,6.05102,5.88671,0.81389,0.26000,0.00000,19.56461,2
1767,6.05144,5.88737,0.81404,0.26000,0.00000,19.67051,2
1768,6.05210,5.88803,0.81434,0.26000,0.00000,20.06581,2
1769,6.05370,5.88868,0.81508,0.26000,0.00000,19.59155,2
1770,6.05411,5.88934,0.81516,0.26000,0.00000,19.87560,2
1771,6.05519,5.89000,0.81567,0.26000,0.00000,19.88939,2
1772,6.05628,5.89066,0.81612,0.26000,0.00000,19.93202,2
1773,6.05744,5.89133,0.81662,0.26000,0.00000,19.73967,2
1774,6.05810,5.89199,0.81686,0.26000,0.00000,20.28450,2
1775,6.06005,5.89265,0.81778,0.26000,0.00000,20.29361,2
1776,6.06196,5.89332,0.81858,0.26000,0.00000,20.63372,2
1777,6.06462,5.89400,0.81975,0.26000,0.00000,19.88204,2
1778,6.06541,5.89468,0.81993,0.26000,0.00000,19.60091,2
1779,6.06551,5.89536,0.81992,0.26000,0.00000,19.79014,2
1780,6.06607,5.89604,0.82019,0.26000,0.00000,19.99081,2
1781,6.06709,5.89672,0.82066,0.26000,0.00000,20.36618,2
1782,6.06898,5.89741,0.82152,0.26000,0.00000,20.51074,2
1783,6.07115,5.89809,0.82246,0.26000,0.00000,20.51313,2
1784,6.07327,5.89878,0.82334,0.26000,0.00000,19.99893,2
1785,6.07409,5.89948,0.82358,0.26000,0.00000,19.75487,2
1786,6.07431,5.90018,0.82363,0.26000,0.00000,20.79365,2
1787,6.07701,5.90088,0.82496,0.26000,0.00000,19.82873,2
1788,6.07732,5.90158,0.82490,0.26000,0.00000,20.43327,2
1789,6.07908,5.90228,0.82575,0.26000,0.00000,20.94648,2
1790,6.08200,5.90299,0.82707,0.26000,0.00000,20.41104,2
1791,6.08355,5.90371,0.82761,0.26000,0.00000,20.19611,2
1792,6.08454,5.90443,0.82799,0.26000,0.00000,20.26189,2
1793,6.08567,5.90515,0.82847,0.26000,0.00000,20.75873,2
1794,6.08796,5.90587,0.82952,0.26000,0.00000,21.10043,2
1795,6.09098,5.90660,0.83085,0.26000,0.00000,21.11896,2
1796,6.09394,5.90734,0.83209,0.26000,0.00000,20.46189,2
1797,6.09525,5.90808,0.83251,0.26000,0.00000,20.50736,2
1798,6.09664,5.90883,0.83310,0.26000,0.00000,20.56693,2
1799,6.09813,5.90958,0.83373,0.26000,0.00000,20.56627,2
1800,6.09957,5.91034,0.83434,0.26000,0.00000,20.23215,2
1801,6.10018,5.91109,0.83453,0.26000,0.00000,19.83530,2
1802,6.09984,5.91185,0.83430,0.26000,0.00000,20.04907,2
1803,6.10003,5.91260,0.83443,0.26000,0.00000,20.40785,2
1804,6.10107,5.91335,0.83493,0.26000,0.00000,20.28465,2
1805,6.10178,5.91410,0.83521,0.26000,0.00000,20.46382,2
1806,6.10291,5.91485,0.83571,0.26000,0.00000,20.33625,2
1807,6.10371,5.91561,0.83602,0.26000,0.00000,20.41865,2
1808,6.10468,5.91636,0.83644,0.26000,0.00000,20.67005,2
1809,6.10622,5.91711,0.83714,0.26000,0.00000,20.57525,2
1810,6.10750,5.91787,0.83765,0.26000,0.00000,21.36517,2
1811,6.11062,5.91863,0.83911,0.26000,0.00000,20.54831,2
1812,6.11168,5.91939,0.83939,0.26000,0.00000,21.02643,2
1813,6.11387,5.92016,0.84040,0.26000,0.00000,20.99137,2
1814,6.11590,5.92094,0.84124,0.26000,0.00000,20.41838,2
1815,6.11651,5.92172,0.84138,0.26000,0.00000,20.28298,2
1816,6.11679,5.92250,0.84148,0.26000,0.00000,20.46440,2
1817,6.11751,5.92327,0.84181,0.26000,0.00000,21.16580,2
1818,6.11987,5.92405,0.84293,0.26000,0.00000,20.60692,2
1819,6.12082,5.92483,0.84322,0.26000,0.00000,21.46685,2
1820,6.12381,5.92562,0.84464,0.26000,0.00000,20.91619,2
1821,6.12538,5.92641,0.84519,0.26000,0.00000,21.31641,2
1822,6.12787,5.92721,0.84630,0.26000,0.00000,20.86541,2
1823,6.12920,5.92801,0.84677,0.26000,0.00000,20.99451,2
1824,6.13080,5.92881,0.84747,0.26000,0.00000,21.67569,2
1825,6.13399,5.92962,0.84893,0.26000,0.00000,20.26687,2
1826,6.13371,5.93044,0.84853,0.26000,0.00000,20.57787,2
1827,6.13420,5.93125,0.84880,0.26000,0.00000,21.17729,2
1828,6.13611,5.93206,0.84972,0.26000,0.00000,21.25154,2
1829,6.13814,5.93288,0.85058,0.26000,0.00000,20.98150,2
1830,6.13946,5.93370,0.85108,0.26000,0.00000,20.82107,2
1831,6.14036,5.93452,0.85143,0.26000,0.00000,20.64274,2
1832,6.14083,5.93535,0.85158,0.26000,0.00000,21.22471,2
1833,6.14267,5.93617,0.85247,0.26000,0.00000,21.46201,2
1834,6.14502,5.93700,0.85349,0.26000,0.00000,21.35270,2
1835,6.14703,5.93783,0.85431,0.26000,0.00000,20.83889,2
1836,6.14776,5.93866,0.85452,0.26000,0.00000,21.18442,2
1837,6.14931,5.93950,0.85523,0.26000,0.00000,21.19870,2
1838,6.15084,5.94034,0.85587,0.26000,0.00000,20.97172,2
1839,6.15179,5.94118,0.85623,0.26000,0.00000,21.38634,2
1840,6.15370,5.94202,0.85711,0.26000,0.00000,20.47390,2
1841,6.15338,5.94287,0.85680,0.26000,0.00000,21.17428,2
1842,6.15476,5.94371,0.85751,0.26000,0.00000,20.94578,2
1843,6.15555,5.94456,0.85780,0.26000,0.00000,21.39612,2
1844,6.15740,5.94540,0.85866,0.26000,0.00000,22.23155,2
1845,6.16118,5.94625,0.86040,0.26000,0.00000,21.22859,2
1846,6.16244,5.94711,0.86073,0.26000,0.00000,21.26262,2
1847,6.16376,5.94797,0.86129,0.26000,0.00000,21.42295,2
1848,6.16543,5.94883,0.86201,0.26000,0.00000,21.24160,2
1849,6.16661,5.94970,0.86247,0.26000,0.00000,21.09030,2
1850,6.16741,5.95057,0.86278,0.26000,0.00000,20.70250,2
1851,6.16727,5.95144,0.86264,0.26000,0.00000,21.50707,2
1852,6.16906,5.95230,0.86355,0.26000,0.00000,21.29230,2
1853,6.17028,5.95317,0.86401,0.26000,0.00000,21.70286,2
1854,6.17244,5.95403,0.86500,0.26000,0.00000,21.89094,2
1855,6.17499,5.95491,0.86610,0.26000,0.00000,21.41862,2
1856,6.17633,5.95579,0.86657,0.26000,0.00000,20.82902,2
1857,6.17624,5.95667,0.86641,0.26000,0.00000,21.61113,2
1858,6.17803,5.95755,0.86732,0.26000,0.00000,22.36470,2
1859,6.18156,5.95843,0.86894,0.26000,0.00000,21.56194,2
1860,6.18305,5.95932,0.86940,0.26000,0.00000,21.48477,2
1861,6.18433,5.96022,0.86992,0.26000,0.00000,21.23505,2
1862,6.18498,5.96111,0.87014,0.26000,0.00000,21.46577,2
1863,6.18617,5.96201,0.87069,0.26000,0.00000,21.50996,2
1864,6.18743,5.96291,0.87122,0.26000,0.00000,22.27440,2
1865,6.19048,5.96380,0.87265,0.26000,0.00000,21.52023,2
1866,6.19164,5.96471,0.87298,0.26000,0.00000,22.05634,2
1867,6.19404,5.96562,0.87409,0.26000,0.00000,21.42079,2
1868,6.19486,5.96653,0.87431,0.26000,0.00000,21.57489,2
1869,6.19603,5.96745,0.87483,0.26000,0.00000,22.08159,2
1870,6.19838,5.96836,0.87591,0.26000,0.00000,21.29645,2
1871,6.19878,5.96928,0.87592,0.26000,0.00000,22.18500,2
1872,6.20130,5.97020,0.87715,0.26000,0.00000,21.44701,2
1873,6.20198,5.97112,0.87729,0.26000,0.00000,21.53023,2
1874,6.20286,5.97205,0.87767,0.26000,0.00000,21.88839,2
1875,6.20456,5.97297,0.87845,0.26000,0.00000,22.17225,2
1876,6.20689,5.97390,0.87948,0.26000,0.00000,22.26970,2
1877,6.20938,5.97483,0.88054,0.26000,0.00000,22.00190,2
1878,6.21116,5.97577,0.88123,0.26000,0.00000,21.98966,2
1879,6.21286,5.97671,0.88194,0.26000,0.00000,21.81501,2
1880,6.21410,5.97765,0.88242,0.26000,0.00000,22.19918,2
1881,6.21622,5.97860,0.88338,0.26000,0.00000,22.42493,2
1882,6.21881,5.97955,0.88451,0.26000,0.00000,22.11757,2
1883,6.22059,5.98051,0.88519,0.26000,0.00000,22.40122,2
1884,6.22300,5.98147,0.88625,0.26000,0.00000,21.80934,2
1885,6.22393,5.98243,0.88652,0.26000,0.00000,21.94694,2
1886,6.22517,5.98340,0.88707,0.26000,0.00000,22.34331,2
1887,6.22732,5.98437,0.88805,0.26000,0.00000,21.98389,2
1888,6.22855,5.98534,0.88849,0.26000,0.00000,22.92733,2
1889,6.23199,5.98631,0.89011,0.26000,0.00000,22.27540,2
1890,6.23377,5.98729,0.89073,0.26000,0.00000,21.59438,2
1891,6.23388,5.98828,0.89064,0.26000,0.00000,22.09039,2
1892,6.23519,5.98926,0.89129,0.26000,0.00000,21.98500,2
1893,6.23621,5.99024,0.89169,0.26000,0.00000,21.28774,2
1894,6.23555,5.99123,0.89128,0.26000,0.00000,21.92713,2
1895,6.23645,5.99221,0.89178,0.26000,0.00000,22.70669,2
1896,6.23917,5.99318,0.89307,0.26000,0.00000,22.59721,2
1897,6.24155,5.99417,0.89404,0.26000,0.00000,22.79999,2
1898,6.24434,5.99516,0.89525,0.26000,0.00000,22.85695,2
1899,6.24718,5.99615,0.89644,0.26000,0.00000,21.78501,2
1900,6.24739,5.99716,0.89632,0.26000,0.00000,22.56813,2
1901,6.24947,5.99816,0.89734,0.26000,0.00000,22.36787,2
1902,6.25100,5.99916,0.89794,0.26000,0.00000,21.94814,2
1903,6.25150,6.00017,0.89807,0.26000,0.00000,22.28861,2
1904,6.25281,6.00118,0.89869,0.26000,0.00000,22.40581,2
1905,6.25436,6.00218,0.89936,0.26000,0.00000,22.56153,2
1906,6.25624,6.00319,0.90017,0.26000,0.00000,22.03793,2
1907,6.25681,6.00420,0.90031,0.26000,0.00000,21.44006,2
1908,6.25596,6.00521,0.89984,0.26000,0.00000,22.37068,2
1909,6.25737,6.00622,0.90061,0.26000,0.00000,22.04108,2
1910,6.25795,6.00722,0.90079,0.26000,0.00000,22.40956,2
1911,6.25941,6.00822,0.90147,0.26000,0.00000,22.11870,2
1912,6.26012,6.00923,0.90171,0.26000,0.00000,22.78034,2
1913,6.26241,6.01023,0.90279,0.26000,0.00000,22.39779,2
1914,6.26370,6.01124,0.90326,0.26000,0.00000,22.61008,2
1915,6.26548,6.01225,0.90404,0.26000,0.00000,22.96063,2
1916,6.26804,6.01326,0.90518,0.26000,0.00000,22.42051,2
1917,6.26923,6.01428,0.90557,0.26000,0.00000,23.00817,2
1918,6.27179,6.01530,0.90676,0.26000,0.00000,22.39205,2
1919,6.27281,6.01633,0.90706,0.26000,0.00000,23.07644,2
1920,6.27544,6.01735,0.90830,0.26000,0.00000,22.52522,2
1921,6.27668,6.01839,0.90870,0.26000,0.00000,22.38270,2
1922,6.27754,6.01942,0.90904,0.26000,0.00000,22.98908,2
1923,6.27984,6.02045,0.91012,0.26000,0.00000,22.29432,2
1924,6.28041,6.02149,0.91022,0.26000,0.00000,22.38875,2
1925,6.28120,6.02253,0.91057,0.26000,0.00000,22.70443,2
1926,6.28273,6.02356,0.91127,0.26000,0.00000,22.86263,2
1927,6.28459,6.02460,0.91208,0.26000,0.00000,22.86580,2
1928,6.28640,6.02564,0.91283,0.26000,0.00000,22.32070,2
1929,6.28687,6.02668,0.91292,0.26000,0.00000,22.92028,2
1930,6.28876,6.02772,0.91383,0.26000,0.00000,22.73734,2
1931,6.29016,6.02877,0.91438,0.26000,0.00000,22.81741,2
1932,6.29172,6.02981,0.91505,0.26000,0.00000,22.81532,2
1933,6.29323,6.03086,0.91568,0.26000,0.00000,22.59541,2
1934,6.29417,6.03191,0.91603,0.26000,0.00000,22.80481,2
1935,6.29560,6.03296,0.91667,0.26000,0.00000,22.68177,2
1936,6.29669,6.03401,0.91710,0.26000,0.00000,22.86910,2
1937,6.29821,6.03506,0.91777,0.26000,0.00000,23.65290,2
1938,6.30155,6.03611,0.91932,0.26000,0.00000,22.77644,2
1939,6.30269,6.03717,0.91962,0.26000,0.00000,22.83148,2
1940,6.30394,6.03823,0.92016,0.26000,0.00000,22.90841,2
1941,6.30535,6.03930,0.92076,0.26000,0.00000,23.44343,2
1942,6.30799,6.04036,0.92197,0.26000,0.00000,23.13459,2
1943,6.30982,6.04143,0.92267,0.26000,0.00000,22.82528,2
1944,6.31086,6.04251,0.92304,0.26000,0.00000,22.94409,2
1945,6.31216,6.04358,0.92361,0.26000,0.00000,22.88246,2
1946,6.31328,6.04465,0.92407,0.26000,0.00000,23.02219,2
1947,6.31471,6.04573,0.92469,0.26000,0.00000,22.50315,2
1948,6.31487,6.04680,0.92466,0.26000,0.00000,23.10197,2
1949,6.31646,6.04788,0.92544,0.26000,0.00000,23.14289,2
1950,6.31810,6.04895,0.92613,0.26000,0.00000,22.89223,2
1951,6.31910,6.05003,0.92650,0.26000,0.00000,23.11119,2
1952,6.32061,6.05110,0.92717,0.26000,0.00000,23.54383,2
1953,6.32310,6.05218,0.92830,0.26000,0.00000,22.67909,2
1954,6.32345,6.05327,0.92828,0.26000,0.00000,23.26004,2
1955,6.32520,6.05435,0.92912,0.26000,0.00000,23.72474,2
1956,6.32799,6.05543,0.93038,0.26000,0.00000,22.68852,2
1957,6.32824,6.05652,0.93028,0.26000,0.00000,22.95674,2
1958,6.32914,6.05761,0.93071,0.26000,0.00000,22.90691,2
1959,6.32989,6.05869,0.93101,0.26000,0.00000,23.36121,2
1960,6.33172,6.05978,0.93187,0.26000,0.00000,23.27550,2
1961,6.33328,6.06087,0.93250,0.26000,0.00000,22.42291,2
1962,6.33278,6.06195,0.93213,0.26000,0.00000,23.01530,2
1963,6.33372,6.06304,0.93264,0.26000,0.00000,23.42845,2
1964,6.33562,6.06412,0.93351,0.26000,0.00000,23.53710,2
1965,6.33772,6.06521,0.93441,0.26000,0.00000,23.07339,2
1966,6.33866,6.06630,0.93471,0.26000,0.00000,23.36295,2
1967,6.34027,6.06739,0.93544,0.26000,0.00000,23.19002,2
1968,6.34143,6.06848,0.93589,0.26000,0.00000,23.62107,2
1969,6.34358,6.06957,0.93688,0.26000,0.00000,23.40432,2
1970,6.34516,6.07067,0.93749,0.26000,0.00000,22.95850,2
1971,6.34563,6.07176,0.93760,0.26000,0.00000,23.26450,2
1972,6.34683,6.07286,0.93816,0.26000,0.00000,22.71204,2
1973,6.34668,6.07396,0.93800,0.26000,0.00000,23.04242,2
1974,6.34735,6.07505,0.93834,0.26000,0.00000,23.22486,2
1975,6.34843,6.07614,0.93883,0.26000,0.00000,23.36263,2
1976,6.34981,6.07722,0.93943,0.26000,0.00000,23.97227,2
1977,6.35261,6.07831,0.94072,0.26000,0.00000,22.92208,2
1978,6.35282,6.07941,0.94060,0.26000,0.00000,23.90709,2
1979,6.35539,6.08051,0.94187,0.26000,0.00000,23.39124,2
1980,6.35665,6.08161,0.94229,0.26000,0.00000,24.03437,2
1981,6.35941,6.08271,0.94357,0.26000,0.00000,23.87293,2
1982,6.36170,6.08381,0.94450,0.26000,0.00000,23.92471,2
1983,6.36405,6.08492,0.94549,0.26000,0.00000,23.41382,2
1984,6.36512,6.08604,0.94583,0.26000,0.00000,23.15415,2
1985,6.36554,6.08716,0.94596,0.26000,0.00000,23.54547,2
1986,6.36690,6.08827,0.94661,0.26000,0.00000,22.91952,2
1987,6.36673,6.08938,0.94641,0.26000,0.00000,23.95625,2
1988,6.36906,6.09049,0.94759,0.26000,0.00000,22.96262,2
1989,6.36894,6.09161,0.94734,1.26000,0.00000,23.15661,2
1990,6.40930,6.09272,0.96754,1.26000,0.00000,23.38976,2
1991,6.44870,6.09398,0.98401,1.26000,0.00000,24.08510,2
1992,6.48843,6.09540,1.00000,1.26000,0.00000,23.12226,2
1993,6.52456,6.09697,1.00000,1.26000,0.00000,23.55513,2
1994,6.56127,6.09869,1.00000,1.26000,0.00000,23.75482,2
1995,6.59797,6.10054,1.00000,1.26000,0.00000,24.15167,2
1996,6.63516,6.10253,1.00000,1.26000,0.00000,23.95887,2
1997,6.67142,6.10466,1.00000,1.26000,0.00000,23.62397,2
1998,6.70642,6.10692,1.00000,1.26000,0.00000,23.59342,2
1999,6.74091,6.10932,1.00000,1.26000,0.00000,23.75692,2
2000,6.77536,6.11185,1.00000,1.26000,0.00000,23.98388,2
2001,6.80992,6.11450,1.00000,0.26000,0.00000,24.19268,2
2002,6.80455,6.11728,1.00000,0.26000,0.00000,23.96072,2
2003,6.79873,6.12003,1.00000,0.26000,0.00000,23.88642,2
2004,6.79284,6.12275,1.00000,0.26000,0.00000,23.74150,2
2005,6.78671,6.12543,1.00000,0.26000,0.00000,24.52197,2
2006,6.78255,6.12807,1.00000,0.26000,0.00000,23.70897,2
2007,6.77653,6.13069,1.00000,0.26000,0.00000,23.44590,2
2008,6.77000,6.13327,1.00000,0.26000,0.00000,23.84830,2
2009,6.76454,6.13582,1.00000,0.26000,0.00000,24.34019,2
2010,6.76036,6.13834,1.00000,0.26000,0.00000,23.84806,2
2011,6.75508,6.14082,1.00000,0.26000,0.00000,23.59648,2
2012,6.74930,6.14328,1.00000,0.26000,0.00000,24.69953,2
2013,6.74625,6.14570,1.00000,0.26000,0.00000,24.59275,2
2014,6.74302,6.14811,1.00000,0.26000,0.00000,23.94013,2
2015,6.73830,6.15049,1.00000,0.26000,0.00000,22.87663,2
2016,6.73113,6.15284,1.00000,0.26000,0.00000,24.15305,2
2017,6.72713,6.15515,1.00000,0.26000,0.00000,24.13396,2
2018,6.72315,6.15744,1.00000,0.26000,0.00000,23.98622,2
2019,6.71891,6.15970,1.00000,0.26000,0.00000,24.17738,2
2020,6.71520,6.16194,1.00000,0.26000,0.00000,23.16881,2
2021,6.70916,6.16415,1.00000,0.26000,0.00000,23.98860,2
2022,6.70518,6.16633,1.00000,0.26000,0.00000,23.92493,2
2023,6.70112,6.16849,1.00000,0.26000,0.00000,23.89593,2
2024,6.69707,6.17062,1.00000,0.26000,0.00000,24.01023,2
2025,6.69337,6.17272,1.00000,0.26000,0.00000,23.92601,2
2026,6.68954,6.17481,1.00000,0.26000,0.00000,24.45169,2
2027,6.68704,6.17686,1.00000,0.26000,0.00000,24.72287,2
2028,6.68523,6.17891,1.00000,0.26000,0.00000,23.91493,2
2029,6.68155,6.18093,1.00000,0.26000,0.00000,24.71227,2
2030,6.67984,6.18293,1.00000,0.26000,0.00000,24.45828,2
2031,6.67757,6.18492,1.00000,0.26000,0.00000,24.29753,2
2032,6.67497,6.18689,1.00000,0.26000,0.00000,24.42242,2
2033,6.67272,6.18884,1.00000,0.26000,0.00000,24.09951,2
2034,6.66975,6.19078,1.00000,0.26000,0.00000,24.52105,2
2035,6.66785,6.19270,1.00000,0.26000,0.00000,24.03274,2
2036,6.66483,6.19460,1.00000,0.26000,0.00000,24.08628,2
2037,6.66200,6.19648,1.00000,0.26000,0.00000,24.34747,2
2038,6.65984,6.19834,1.00000,0.26000,0.00000,24.12838,2
2039,6.65722,6.20018,1.00000,0.26000,0.00000,24.01804,2
2040,6.65439,6.20201,1.00000,0.26000,0.00000,24.45449,2
2041,6.65265,6.20382,1.00000,0.26000,0.00000,25.45864,2
2042,6.65335,6.20562,1.00000,0.26000,0.00000,23.85593,2
2043,6.65024,6.20741,1.00000,0.26000,0.00000,24.58722,2
2044,6.64893,6.20918,1.00000,1.26000,0.00000,24.78324,2
2045,6.68813,6.21094,1.00000,1.26000,0.00000,24.02889,2
2046,6.72503,6.21285,1.00000,1.26000,0.00000,24.26431,2
2047,6.76203,6.21490,1.00000,1.26000,0.00000,24.22654,2
2048,6.79846,6.21709,1.00000,1.26000,0.00000,23.75451,2
2049,6.83331,6.21941,1.00000,1.26000,0.00000,24.42756,2
2050,6.86933,6.22187,1.00000,1.26000,0.00000,24.37026,2
2051,6.90476,6.22446,1.00000,1.26000,0.00000,24.22775,2
2052,6.93941,6.22718,1.00000,1.26000,0.00000,24.23039,2
2053,6.97364,6.23003,1.00000,1.26000,0.00000,25.09889,2
2054,7.00951,6.23300,1.00000,1.26000,0.00000,24.64084,2
2055,7.04385,6.23611,1.00000,1.26000,0.00000,25.11760,2
2056,7.07890,6.23934,1.00000,0.26000,0.00000,24.40889,2
2057,7.07184,6.24270,1.00000,0.26000,0.00000,25.01053,2
2058,7.06634,6.24601,1.00000,0.26000,0.00000,24.29809,2
2059,7.05925,6.24929,1.00000,0.26000,0.00000,24.41594,2
2060,7.05257,6.25253,1.00000,0.26000,0.00000,23.79455,2
2061,7.04454,6.25573,1.00000,0.26000,0.00000,24.38091,2
2062,7.03804,6.25889,1.00000,0.26000,0.00000,24.17979,2
2063,7.03119,6.26201,1.00000,0.26000,0.00000,25.29764,2
2064,7.02712,6.26508,1.00000,0.26000,0.00000,24.98047,2
2065,7.02238,6.26813,1.00000,0.26000,0.00000,24.78024,2
2066,7.01726,6.27115,1.00000,0.26000,0.00000,24.66623,2
2067,7.01197,6.27413,1.00000,0.26000,0.00000,25.18772,2
2068,7.00803,6.27708,1.00000,0.26000,0.00000,25.06019,2
2069,7.00387,6.28001,1.00000,0.26000,0.00000,24.90655,2
2070,6.99942,6.28290,1.00000,0.26000,0.00000,24.57703,2
2071,6.99429,6.28577,1.00000,0.26000,0.00000,25.24961,2
2072,6.99085,6.28860,1.00000,0.26000,0.00000,24.93324,2
2073,6.98674,6.29141,1.00000,0.26000,0.00000,24.70884,2
2074,6.98217,6.29419,1.00000,0.26000,0.00000,24.83202,2
2075,6.97800,6.29694,1.00000,0.26000,0.00000,24.48733,2
2076,6.97308,6.29967,1.00000,0.26000,0.00000,25.01063,2
2077,6.96951,6.30236,1.00000,0.26000,0.00000,24.65480,2
2078,6.96517,6.30503,1.00000,0.26000,0.00000,24.95785,2
2079,6.96163,6.30767,1.00000,0.26000,0.00000,24.60453,2
2080,6.95733,6.31029,1.00000,0.26000,0.00000,24.37484,2
2081,6.95257,6.31288,1.00000,0.26000,0.00000,25.00579,2
2082,6.94940,6.31543,1.00000,0.26000,0.00000,23.78625,2
2083,6.94339,6.31797,1.00000,0.26000,0.00000,24.62173,2
2084,6.93949,6.32047,1.00000,0.26000,0.00000,24.42953,2
2085,6.93520,6.32295,1.00000,0.26000,0.00000,25.11472,2
2086,6.93263,6.32540,1.00000,0.26000,0.00000,24.93318,2
2087,6.92969,6.32783,1.00000,0.26000,0.00000,25.03758,2
2088,6.92706,6.33023,1.00000,0.26000,0.00000,24.30124,2
2089,6.92274,6.33262,1.00000,0.26000,0.00000,25.33777,2
2090,6.92097,6.33498,1.00000,0.26000,0.00000,25.17163,2
2091,6.91886,6.33733,1.00000,0.26000,0.00000,24.44898,2
2092,6.91507,6.33965,1.00000,0.26000,0.00000,25.32805,2
2093,6.91346,6.34195,1.00000,0.26000,0.00000,24.55927,2
2094,6.91006,6.34424,1.00000,0.26000,0.00000,25.43157,2
2095,6.90881,6.34650,1.00000,0.26000,0.00000,25.17375,2
2096,6.90699,6.34875,1.00000,0.26000,0.00000,24.45518,2
2097,6.90350,6.35098,1.00000,0.26000,0.00000,24.85658,2
2098,6.90104,6.35319,1.00000,0.26000,0.00000,24.81398,2
2099,6.89853,6.35539,1.00000,0.26000,0.00000,25.73431,2
2100,6.89828,6.35756,1.00000,0.26000,0.00000,25.26035,2
2101,6.89692,6.35972,1.00000,0.26000,0.00000,24.96406,2
2102,6.89490,6.36187,1.00000,0.26000,0.00000,25.04175,2
2103,6.89311,6.36400,1.00000,0.26000,0.00000,24.97942,2
2104,6.89122,6.36612,1.00000,0.26000,0.00000,25.02283,2
2105,6.88948,6.36822,1.00000,0.26000,0.00000,25.21769,2
2106,6.88826,6.37030,1.00000,0.26000,0.00000,24.37057,2
2107,6.88505,6.37238,1.00000,0.26000,0.00000,25.51004,2
2108,6.88462,6.37443,1.00000,0.26000,0.00000,25.17781,2
2109,6.88343,6.37647,1.00000,1.26000,0.00000,24.52150,2
2110,6.92072,6.37850,1.00000,1.26000,0.00000,25.13292,2
2111,6.95899,6.38066,1.00000,1.26000,0.00000,25.32116,2
2112,6.99722,6.38298,1.00000,1.26000,0.00000,24.93015,2
2113,7.03404,6.38543,1.00000,1.26000,0.00000,24.68692,2
2114,7.06982,6.38803,1.00000,1.26000,0.00000,24.75448,2
2115,7.10532,6.39076,1.00000,1.26000,0.00000,24.82096,2
2116,7.14053,6.39361,1.00000,1.26000,0.00000,25.10748,2
2117,7.17599,6.39660,1.00000,1.26000,0.00000,25.36569,2
2118,7.21163,6.39972,1.00000,1.26000,0.00000,25.39553,2
2119,7.24690,6.40297,1.00000,1.26000,0.00000,25.31533,2
2120,7.28154,6.40634,1.00000,1.26000,0.00000,25.61773,2
2121,7.31649,6.40984,1.00000,0.26000,0.00000,25.24269,2
2122,7.31012,6.41347,1.00000,0.26000,0.00000,25.52698,2
2123,7.30454,6.41706,1.00000,0.26000,0.00000,24.59328,2
2124,7.29686,6.42061,1.00000,0.26000,0.00000,26.02880,2
2125,7.29274,6.42411,1.00000,0.26000,0.00000,25.29086,2
2126,7.28695,6.42759,1.00000,0.26000,0.00000,25.13153,2
2127,7.28089,6.43102,1.00000,0.26000,0.00000,24.49231,2
2128,7.27343,6.43442,1.00000,0.26000,0.00000,25.65971,2
2129,7.26889,6.43778,1.00000,0.26000,0.00000,25.61194,2
2130,7.26433,6.44110,1.00000,0.26000,0.00000,24.92841,2
2131,7.25824,6.44440,1.00000,0.26000,0.00000,24.68195,2
2132,7.25168,6.44765,1.00000,0.26000,0.00000,25.64066,2
2133,7.24752,6.45087,1.00000,0.26000,0.00000,24.68370,2
2134,7.24118,6.45405,1.00000,0.26000,0.00000,25.39634,2
2135,7.23665,6.45720,1.00000,0.26000,0.00000,25.54102,2
2136,7.23256,6.46032,1.00000,0.26000,0.00000,26.37690,2
2137,7.23055,6.46341,1.00000,0.26000,0.00000,24.81913,2
2138,7.22489,6.46648,1.00000,0.26000,0.00000,25.78588,2
2139,7.22164,6.46951,1.00000,0.26000,0.00000,25.25138,2
2140,7.21719,6.47252,1.00000,0.26000,0.00000,24.95337,2
2141,7.21212,6.47550,1.00000,0.26000,0.00000,24.62320,2
2142,7.20637,6.47845,1.00000,0.26000,0.00000,25.18722,2
2143,7.20207,6.48136,1.00000,0.26000,0.00000,25.20774,2
2144,7.19791,6.48424,1.00000,0.26000,0.00000,25.61750,2
2145,7.19481,6.48710,1.00000,0.26000,0.00000,25.52972,2
2146,7.19157,6.48993,1.00000,0.26000,0.00000,25.02322,2
2147,7.18720,6.49273,1.00000,0.26000,0.00000,25.28453,2
2148,7.18354,6.49551,1.00000,0.26000,0.00000,25.45967,2
2149,7.18037,6.49826,1.00000,0.26000,0.00000,25.42669,2
2150,7.17720,6.50099,1.00000,0.26000,0.00000,25.86181,2
2151,7.17514,6.50370,1.00000,0.26000,0.00000,25.49479,2
2152,7.17226,6.50638,1.00000,0.26000,0.00000,25.10999,2
2153,7.16853,6.50905,1.00000,0.26000,0.00000,25.64139,2
2154,7.16615,6.51168,1.00000,0.26000,0.00000,25.14029,2
2155,7.16263,6.51430,1.00000,0.26000,0.00000,25.41248,2
2156,7.15983,6.51689,1.00000,0.26000,0.00000,25.62903,2
2157,7.15762,6.51947,1.00000,0.26000,0.00000,25.21769,2
2158,7.15448,6.52202,1.00000,0.26000,0.00000,25.47050,2
2159,7.15202,6.52455,1.00000,0.26000,0.00000,25.01933,2
2160,7.14854,6.52706,1.00000,0.26000,0.00000,25.63890,2
2161,7.14661,6.52954,1.00000,0.26000,0.00000,25.34092,2
2162,7.14402,6.53201,1.00000,0.26000,0.00000,25.30392,2
2163,7.14141,6.53446,1.00000,0.26000,0.00000,25.23029,2
2164,7.13868,6.53689,1.00000,0.26000,0.00000,25.00028,2
2165,7.13546,6.53930,1.00000,0.26000,0.00000,25.78028,2
2166,7.13418,6.54168,1.00000,0.26000,0.00000,25.05557,2
2167,7.13121,6.54405,1.00000,0.26000,0.00000,25.10285,2
2168,7.12841,6.54640,1.00000,0.26000,0.00000,25.30804,2
2169,7.12617,6.54873,1.00000,0.26000,0.00000,25.52445,2
2170,7.12450,6.55104,1.00000,0.26000,0.00000,25.70080,2
2171,7.12330,6.55333,1.00000,0.26000,0.00000,25.56573,2
2172,7.12181,6.55561,1.00000,0.26000,0.00000,25.84520,2
2173,7.12104,6.55788,1.00000,0.26000,0.00000,25.24435,2
2174,7.11887,6.56013,1.00000,0.26000,0.00000,26.01939,2
2175,7.11860,6.56236,1.00000,0.26000,0.00000,25.17014,2
2176,7.11633,6.56459,1.00000,0.26000,0.00000,24.85728,2
2177,7.11337,6.56679,1.00000,0.26000,0.00000,25.67204,2
2178,7.11242,6.56898,1.00000,0.26000,0.00000,25.39254,2
2179,7.11084,6.57115,1.00000,0.26000,0.00000,24.69759,2
2180,7.10764,6.57331,1.00000,0.26000,0.00000,25.17621,2
2181,7.10566,6.57545,1.00000,0.26000,0.00000,25.22750,2
2182,7.10384,6.57757,1.00000,0.26000,0.00000,24.70879,2
2183,7.10084,6.57968,1.00000,0.26000,0.00000,25.96352,2
2184,7.10088,6.58176,1.00000,0.26000,0.00000,25.49982,2
2185,7.09985,6.58384,1.00000,0.26000,0.00000,25.61232,2
2186,7.09912,6.58590,1.00000,0.26000,0.00000,25.53388,2
2187,7.09823,6.58795,1.00000,0.26000,0.00000,25.34562,2
2188,7.09693,6.59000,1.00000,0.26000,0.00000,25.63449,2
2189,7.09636,6.59202,1.00000,0.26000,0.00000,24.99602,2
2190,7.09429,6.59404,1.00000,0.26000,0.00000,25.18326,2
2191,7.09272,6.59604,1.00000,0.26000,0.00000,25.54017,2
2192,7.09205,6.59803,1.00000,0.26000,0.00000,25.48443,2
2193,7.09127,6.60000,1.00000,0.26000,0.00000,25.03770,2
2194,7.08946,6.60197,1.00000,0.26000,0.00000,25.45666,2
2195,7.08869,6.60392,1.00000,0.26000,0.00000,25.56396,2
2196,7.08821,6.60586,1.00000,0.26000,0.00000,25.46349,2
2197,7.08752,6.60779,1.00000,0.26000,0.00000,25.82072,2
2198,7.08771,6.60971,1.00000,0.26000,0.00000,25.88173,2
2199,7.08806,6.61162,1.00000,0.26000,0.00000,25.86686,2
2200,7.08839,6.61352,1.00000,0.26000,0.00000,25.00127,2
2201,7.08668,6.61542,1.00000,0.26000,0.00000,25.24369,2
2202,7.08559,6.61731,1.00000,0.26000,0.00000,25.80161,2
2203,7.08586,6.61918,1.00000,0.26000,0.00000,25.81542,2
2204,7.08618,6.62105,1.00000,0.26000,0.00000,25.74230,2
2205,7.08635,6.62291,1.00000,0.26000,0.00000,25.49623,2
2206,7.08594,6.62476,1.00000,0.26000,0.00000,25.96710,2
2207,7.08668,6.62661,1.00000,0.26000,0.00000,25.32800,2
2208,7.08591,6.62845,1.00000,0.26000,0.00000,25.69474,2
2209,7.08605,6.63028,1.00000,0.26000,0.00000,26.28675,2
2210,7.08761,6.63210,1.00000,0.26000,0.00000,25.77995,2
2211,7.08796,6.63392,1.00000,0.26000,0.00000,25.61340,2
2212,7.08794,6.63574,1.00000,0.26000,0.00000,25.51063,2
2213,7.08769,6.63755,1.00000,0.26000,0.00000,25.27407,2
2214,7.08689,6.63935,1.00000,0.26000,0.00000,25.32999,2
2215,7.08627,6.64114,1.00000,0.26000,0.00000,25.50532,2
2216,7.08608,6.64292,1.00000,0.26000,0.00000,25.34652,2
2217,7.08554,6.64469,1.00000,0.26000,0.00000,25.80203,2
2218,7.08611,6.64646,1.00000,0.26000,0.00000,25.86786,2
2219,7.08685,6.64821,1.00000,0.26000,0.00000,25.23870,2
2220,7.08610,6.64997,1.00000,0.26000,0.00000,25.01163,2
2221,7.08484,6.65171,1.00000,0.26000,0.00000,25.42129,2
2222,7.08459,6.65345,1.00000,0.26000,0.00000,25.65967,2
2223,7.08493,6.65517,1.00000,0.26000,0.00000,25.31618,2
2224,7.08447,6.65689,1.00000,0.26000,0.00000,25.10876,2
2225,7.08354,6.65860,1.00000,0.26000,0.00000,25.07346,2
2226,7.08255,6.66030,1.00000,0.26000,0.00000,25.91618,2
2227,7.08360,6.66199,1.00000,0.26000,0.00000,24.57210,2
2228,7.08146,6.66368,1.00000,0.26000,0.00000,25.68404,2
2229,7.08201,6.66535,1.00000,0.26000,0.00000,25.30973,2
2230,7.08168,6.66701,1.00000,0.26000,0.00000,25.42776,2
2231,7.08166,6.66867,1.00000,0.26000,0.00000,25.76363,2
2232,7.08245,6.67032,1.00000,0.26000,0.00000,25.57410,2
2233,7.08280,6.67197,1.00000,0.26000,0.00000,25.33698,2
2234,7.08259,6.67362,1.00000,0.26000,0.00000,24.79497,2
2235,7.08112,6.67525,1.00000,0.26000,0.00000,25.49822,2
2236,7.08136,6.67687,1.00000,0.26000,0.00000,24.96679,2
2237,7.08035,6.67849,1.00000,0.26000,0.00000,26.17201,2
2238,7.08223,6.68010,1.00000,0.26000,0.00000,25.63279,2
2239,7.08283,6.68171,1.00000,0.26000,0.00000,25.51148,2
2240,7.08315,6.68331,1.00000,0.26000,0.00000,25.50250,2
2241,7.08346,6.68491,1.00000,0.26000,0.00000,25.51674,2
2242,7.08382,6.68651,1.00000,0.26000,0.00000,24.90918,2
2243,7.08274,6.68810,1.00000,0.26000,0.00000,25.53667,2
2244,7.08319,6.68967,1.00000,0.26000,0.00000,25.53404,2
2245,7.08364,6.69125,1.00000,0.26000,0.00000,25.57721,2
2246,7.08421,6.69282,1.00000,0.26000,0.00000,25.47773,2
2247,7.08455,6.69438,1.00000,0.26000,0.00000,25.43420,2
2248,7.08480,6.69594,1.00000,0.26000,0.00000,25.38787,2
2249,7.08495,6.69750,1.00000,0.26000,0.00000,25.31240,2
2250,7.08493,6.69905,1.00000,0.26000,0.00000,25.06951,2
2251,7.08436,6.70059,1.00000,0.26000,0.00000,25.80811,2
2252,7.08557,6.70213,1.00000,0.26000,0.00000,25.27316,2
2253,7.08551,6.70366,1.00000,0.26000,0.00000,25.74247,2
2254,7.08658,6.70519,1.00000,0.26000,0.00000,25.15857,2
2255,7.08626,6.70671,1.00000,0.26000,0.00000,25.32197,2
2256,7.08635,6.70823,1.00000,0.26000,0.00000,25.16942,2
2257,7.08610,6.70975,1.00000,0.26000,0.00000,25.25360,2
2258,7.08606,6.71125,1.00000,0.26000,0.00000,25.66007,2
2259,7.08701,6.71275,1.00000,0.26000,0.00000,25.42278,2
2260,7.08740,6.71425,1.00000,0.26000,0.00000,25.38327,2
2261,7.08771,6.71574,1.00000,0.26000,0.00000,25.23866,2
2262,7.08768,6.71723,1.00000,0.26000,0.00000,25.18094,2
2263,7.08753,6.71871,1.00000,0.26000,0.00000,24.98504,2
2264,7.08694,6.72018,1.00000,0.26000,0.00000,25.67506,2
2265,7.08801,6.72165,1.00000,0.26000,0.00000,26.05508,2
2266,7.08999,6.72312,1.00000,0.26000,0.00000,25.66453,2
2267,7.09102,6.72458,1.00000,0.26000,0.00000,25.64566,2
2268,7.09202,6.72605,1.00000,0.26000,0.00000,25.69996,2
2269,7.09314,6.72751,1.00000,0.26000,0.00000,25.47991,2
2270,7.09375,6.72898,1.00000,0.26000,0.00000,25.46167,2
2271,7.09432,6.73044,1.00000,0.26000,0.00000,25.32259,2
2272,7.09456,6.73189,1.00000,0.26000,0.00000,25.30228,2
2273,7.09477,6.73334,1.00000,0.26000,0.00000,25.49216,2
2274,7.09545,6.73479,1.00000,0.26000,0.00000,25.43477,2
2275,7.09599,6.73623,1.00000,0.26000,0.00000,25.63402,2
2276,7.09702,6.73767,1.00000,0.26000,0.00000,24.77689,2
2277,7.09601,6.73911,1.00000,0.26000,0.00000,25.87532,2
2278,7.09764,6.74053,1.00000,0.26000,0.00000,25.50421,2
2279,7.09838,6.74196,1.00000,0.26000,0.00000,26.07607,2
2280,7.10050,6.74339,1.00000,0.26000,0.00000,25.71524,2
2281,7.10173,6.74482,1.00000,0.26000,0.00000,25.82910,2
2282,7.10324,6.74624,1.00000,0.26000,0.00000,25.16748,2
2283,7.10317,6.74767,1.00000,0.26000,0.00000,25.62132,2
2284,7.10420,6.74909,1.00000,0.26000,0.00000,25.53517,2
2285,7.10502,6.75052,1.00000,0.26000,0.00000,25.11341,2
2286,7.10485,6.75193,1.00000,0.26000,0.00000,25.15603,2
2287,7.10479,6.75334,1.00000,0.26000,0.00000,24.98486,2
2288,7.10434,6.75475,1.00000,0.26000,0.00000,24.93861,2
2289,7.10380,6.75615,1.00000,0.26000,0.00000,25.04834,2
2290,7.10355,6.75754,1.00000,0.26000,0.00000,26.00736,2
2291,7.10560,6.75892,1.00000,0.26000,0.00000,25.92705,2
2292,7.10744,6.76031,1.00000,0.26000,0.00000,25.19807,2
2293,7.10754,6.76170,1.00000,0.26000,0.00000,25.57088,2
2294,7.10854,6.76308,1.00000,0.26000,0.00000,25.04258,2
2295,7.10829,6.76446,1.00000,0.26000,0.00000,25.19917,2
2296,7.10843,6.76584,1.00000,0.26000,0.00000,25.20204,2
2297,7.10858,6.76721,1.00000,0.26000,0.00000,25.79580,2
2298,7.11016,6.76858,1.00000,0.26000,0.00000,25.20910,2
2299,7.11034,6.76994,1.00000,0.26000,0.00000,24.83243,2
2300,7.10964,6.77130,1.00000,0.26000,0.00000,25.26844,2
2301,7.11000,6.77266,1.00000,0.26000,0.00000,24.40046,2
2302,7.10830,6.77401,1.00000,0.26000,0.00000,25.17234,2
2303,7.10847,6.77534,1.00000,0.26000,0.00000,25.56519,2
2304,7.10960,6.77668,1.00000,0.26000,0.00000,25.51225,2
2305,7.11060,6.77801,1.00000,0.26000,0.00000,24.98042,2
2306,7.11033,6.77934,1.00000,0.26000,0.00000,24.83954,2
2307,7.10974,6.78066,1.00000,0.26000,0.00000,25.41158,2
2308,7.11054,6.78198,1.00000,0.26000,0.00000,25.36150,2
2309,7.11122,6.78329,1.00000,0.26000,0.00000,25.21142,2
2310,7.11156,6.78460,1.00000,0.26000,0.00000,25.20074,2
2311,7.11187,6.78591,1.00000,0.26000,0.00000,24.79265,2
2312,7.11123,6.78722,1.00000,0.26000,0.00000,25.46515,2
2313,7.11220,6.78851,1.00000,0.26000,0.00000,25.42183,2
2314,7.11308,6.78981,1.00000,0.26000,0.00000,25.45076,2
2315,7.11403,6.79110,1.00000,0.26000,0.00000,25.15415,2
2316,7.11427,6.79239,1.00000,0.26000,0.00000,25.76269,2
2317,7.11597,6.79368,1.00000,0.26000,0.00000,25.41466,2
2318,7.11684,6.79497,1.00000,0.26000,0.00000,24.75700,2
2319,7.11614,6.79626,1.00000,0.26000,0.00000,24.75489,2
2320,7.11546,6.79753,1.00000,0.26000,0.00000,25.18239,2
2321,7.11582,6.79881,1.00000,0.26000,0.00000,25.23385,2
2322,7.11631,6.80007,1.00000,0.26000,0.00000,25.12869,2
2323,7.11656,6.80134,1.00000,0.26000,0.00000,25.23612,2
2324,7.11708,6.80260,1.00000,0.26000,0.00000,24.58459,2
2325,7.11605,6.80386,1.00000,0.26000,0.00000,25.32702,2
2326,7.11681,6.80511,1.00000,0.26000,0.00000,25.22413,2
2327,7.11734,6.80635,1.00000,0.26000,0.00000,25.06684,2
2328,7.11749,6.80760,1.00000,0.26000,0.00000,25.52060,2
2329,7.11874,6.80884,1.00000,0.26000,0.00000,25.30718,2
2330,7.11948,6.81008,1.00000,0.26000,0.00000,25.27077,2
2331,7.12013,6.81131,1.00000,0.26000,0.00000,24.78840,2
2332,7.11965,6.81255,1.00000,0.26000,0.00000,25.39249,2
2333,7.12061,6.81378,1.00000,0.26000,0.00000,24.90417,2
2334,7.12042,6.81501,1.00000,0.26000,0.00000,24.55208,2
2335,7.11940,6.81623,1.00000,0.26000,0.00000,25.03436,2
2336,7.11956,6.81744,1.00000,0.26000,0.00000,24.86483,2
2337,7.11933,6.81865,1.00000,0.26000,0.00000,25.24869,2
2338,7.12003,6.81985,1.00000,0.26000,0.00000,24.64766,2
2339,7.11930,6.82105,1.00000,0.26000,0.00000,24.94972,2
2340,7.11931,6.82224,1.00000,0.26000,0.00000,25.31274,2
2341,7.12020,6.82343,1.00000,0.26000,0.00000,25.13130,2
2342,7.12066,6.82462,1.00000,0.26000,0.00000,24.91944,2
2343,7.12062,6.82580,1.00000,0.26000,0.00000,25.39506,2
2344,7.12172,6.82698,1.00000,0.26000,0.00000,24.67932,2
2345,7.12112,6.82816,1.00000,0.26000,0.00000,23.99506,2
2346,7.11891,6.82933,1.00000,0.26000,0.00000,24.95950,2
2347,7.11904,6.83049,1.00000,0.26000,0.00000,25.65832,2
2348,7.12085,6.83165,1.00000,0.26000,0.00000,24.77154,2
2349,7.12053,6.83280,1.00000,0.26000,0.00000,24.68570,2
2350,7.12002,6.83395,1.00000,0.26000,0.00000,24.68804,2
2351,7.11954,6.83510,1.00000,0.26000,0.00000,25.10868,2
2352,7.12008,6.83624,1.00000,0.26000,0.00000,24.62297,2
2353,7.11947,6.83737,1.00000,0.26000,0.00000,24.49382,2
2354,7.11857,6.83850,1.00000,0.26000,0.00000,24.55885,2
2355,7.11785,6.83962,1.00000,0.26000,0.00000,24.97931,2
2356,7.11816,6.84073,1.00000,0.26000,0.00000,24.45496,2
2357,7.11722,6.84184,1.00000,0.26000,0.00000,24.15377,2
2358,7.11559,6.84294,1.00000,0.26000,0.00000,24.58262,2
2359,7.11501,6.84404,1.00000,0.26000,0.00000,24.71092,2
2360,7.11476,6.84512,1.00000,0.26000,0.00000,24.97175,2
2361,7.11515,6.84620,1.00000,0.26000,0.00000,25.08702,2
2362,7.11582,6.84727,1.00000,0.26000,0.00000,24.47983,2
2363,7.11504,6.84835,1.00000,0.26000,0.00000,25.13107,2
2364,7.11584,6.84941,1.00000,0.26000,0.00000,24.71630,2
2365,7.11565,6.85048,1.00000,0.26000,0.00000,25.16296,2
2366,7.11653,6.85154,1.00000,0.26000,0.00000,24.50286,2
2367,7.11585,6.85260,1.00000,0.26000,0.00000,25.08439,2
2368,7.11657,6.85365,1.00000,0.26000,0.00000,24.29509,2
2369,7.11541,6.85471,1.00000,0.26000,0.00000,24.51271,2
2370,7.11480,6.85575,1.00000,0.26000,0.00000,25.36249,2
2371,7.11623,6.85678,1.00000,0.26000,0.00000,24.83232,2
2372,7.11639,6.85782,1.00000,0.26000,0.00000,24.83561,2
2373,7.11657,6.85886,1.00000,0.26000,0.00000,24.68258,2
2374,7.11639,6.85989,1.00000,0.26000,0.00000,24.96878,2
2375,7.11691,6.86091,1.00000,0.26000,0.00000,24.26983,2
2376,7.11577,6.86194,1.00000,0.26000,0.00000,25.13366,2
2377,7.11671,6.86295,1.00000,0.26000,0.00000,24.03334,2
2378,7.11503,6.86397,1.00000,0.26000,0.00000,24.69001,2
2379,7.11495,6.86497,1.00000,0.26000,0.00000,24.62786,2
2380,7.11473,6.86597,1.00000,0.26000,0.00000,24.66449,2
2381,7.11461,6.86697,1.00000,0.26000,0.00000,24.35649,2
2382,7.11377,6.86796,1.00000,0.26000,0.00000,24.21177,2
2383,7.11261,6.86894,1.00000,0.26000,0.00000,24.70058,2
2384,7.11263,6.86992,1.00000,0.26000,0.00000,24.90492,2
2385,7.11316,6.87089,1.00000,0.26000,0.00000,24.86028,2
2386,7.11358,6.87186,1.00000,0.26000,0.00000,24.24447,2
2387,7.11254,6.87282,1.00000,0.26000,0.00000,24.83008,2
2388,7.11292,6.87378,1.00000,0.26000,0.00000,24.60035,2
2389,7.11276,6.87474,1.00000,0.26000,0.00000,24.18159,2
2390,7.11161,6.87569,1.00000,0.26000,0.00000,24.94562,2
2391,7.11231,6.87663,1.00000,0.26000,0.00000,24.77393,2
2392,7.11260,6.87758,1.00000,0.26000,0.00000,24.91250,2
2393,7.11322,6.87852,1.00000,0.26000,0.00000,24.44695,2
2394,7.11274,6.87946,1.00000,0.26000,0.00000,23.78504,2
2395,7.11070,6.88039,1.00000,0.26000,0.00000,24.50483,2
2396,7.11041,6.88131,1.00000,0.26000,0.00000,23.86589,2
2397,7.10862,6.88223,1.00000,0.26000,0.00000,23.94771,2
2398,7.10705,6.88313,1.00000,0.26000,0.00000,24.18338,2
2399,7.10607,6.88403,1.00000,0.26000,0.00000,23.55220,2
2400,7.10362,6.88492,1.00000,0.26000,0.00000,24.88549,2
2401,7.10438,6.88579,1.00000,0.26000,0.00000,24.69550,2
2402,7.10469,6.88666,1.00000,0.26000,0.00000,24.56135,2
2403,7.10468,6.88754,1.00000,0.26000,0.00000,25.08689,2
2404,7.10593,6.88841,1.00000,0.26000,0.00000,24.77779,2
2405,7.10645,6.88928,1.00000,0.26000,0.00000,23.79470,2
2406,7.10462,6.89014,1.00000,0.26000,0.00000,24.18343,2
2407,7.10375,6.89100,1.00000,0.26000,0.00000,23.91541,2
2408,7.10227,6.89185,1.00000,0.26000,0.00000,24.58222,2
2409,7.10240,6.89269,1.00000,0.26000,0.00000,24.08699,2
2410,7.10136,6.89353,1.00000,0.26000,0.00000,24.54386,2
2411,7.10143,6.89436,1.00000,0.26000,0.00000,24.43405,2
2412,7.10125,6.89519,1.00000,0.26000,0.00000,24.38224,2
2413,7.10095,6.89602,1.00000,0.26000,0.00000,23.44970,2
2414,7.09845,6.89684,1.00000,0.26000,0.00000,25.02606,2
2415,7.09974,6.89764,1.00000,0.26000,0.00000,24.34061,2
2416,7.09940,6.89845,1.00000,0.26000,0.00000,23.32575,2
2417,7.09665,6.89926,1.00000,0.26000,0.00000,24.59742,2
2418,7.09697,6.90005,1.00000,0.26000,0.00000,24.75686,2
2419,7.09768,6.90083,1.00000,0.26000,0.00000,23.86875,2
2420,7.09627,6.90162,1.00000,0.26000,0.00000,24.45233,2
2421,7.09628,6.90240,1.00000,0.26000,0.00000,23.52531,2
2422,7.09409,6.90317,1.00000,0.26000,0.00000,23.52881,2
2423,7.09194,6.90394,1.00000,0.26000,0.00000,24.14486,2
2424,7.09130,6.90469,1.00000,0.26000,0.00000,23.75617,2
2425,7.08975,6.90544,1.00000,0.26000,0.00000,23.98785,2
2426,7.08878,6.90617,1.00000,0.26000,0.00000,23.11541,2
2427,7.08575,6.90690,1.00000,0.26000,0.00000,24.16155,2
2428,7.08527,6.90762,1.00000,0.26000,0.00000,23.52768,2
2429,7.08328,6.90833,1.00000,0.26000,0.00000,23.30356,2
2430,7.08080,6.90903,1.00000,0.26000,0.00000,24.10833,2
2431,7.08028,6.90972,1.00000,0.26000,0.00000,23.73047,2
2432,7.07887,6.91040,1.00000,0.26000,0.00000,23.87202,2
2433,7.07782,6.91107,1.00000,0.26000,0.00000,23.40660,2
2434,7.07568,6.91174,1.00000,0.26000,0.00000,24.46151,2
2435,7.07610,6.91240,1.00000,0.26000,0.00000,24.58585,2
2436,7.07681,6.91305,1.00000,0.26000,0.00000,24.13609,2
2437,7.07644,6.91371,1.00000,0.26000,0.00000,23.99726,2
2438,7.07576,6.91436,1.00000,0.26000,0.00000,23.22945,2
2439,7.07327,6.91500,1.00000,0.26000,0.00000,23.81114,2
2440,7.07220,6.91564,1.00000,0.26000,0.00000,24.14719,2
2441,7.07195,6.91626,1.00000,0.26000,0.00000,23.41657,2
2442,7.06998,6.91688,1.00000,0.26000,0.00000,23.54406,2
2443,7.06834,6.91750,1.00000,0.26000,0.00000,23.58660,2
2444,7.06683,6.91810,1.00000,0.26000,0.00000,23.53937,2
2445,7.06523,6.91870,1.00000,0.26000,0.00000,23.65639,2
2446,7.06394,6.91928,1.00000,0.26000,0.00000,23.81233,2
2447,7.06305,6.91986,1.00000,0.26000,0.00000,23.58695,2
2448,7.06163,6.92043,1.00000,0.26000,0.00000,23.89707,2
2449,7.06098,6.92100,1.00000,0.26000,0.00000,24.05683,2
2450,7.06073,6.92156,1.00000,0.26000,0.00000,23.55291,2
2451,7.05928,6.92211,1.00000,0.26000,0.00000,23.03324,2
2452,7.05662,6.92266,1.00000,0.26000,0.00000,23.63366,2
2453,7.05544,6.92320,1.00000,0.26000,0.00000,23.58133,2
2454,7.05415,6.92373,1.00000,0.26000,0.00000,23.25521,2
2455,7.05210,6.92425,1.00000,0.26000,0.00000,22.94159,2
2456,7.04935,6.92476,1.00000,0.26000,0.00000,22.96914,2
2457,7.04670,6.92526,1.00000,0.26000,0.00000,23.06955,2
2458,7.04433,6.92574,1.00000,0.26000,0.00000,23.39515,2
2459,7.04277,6.92622,1.00000,0.26000,0.00000,24.04485,2
2460,7.04278,6.92669,1.00000,0.26000,0.00000,23.23946,2
2461,7.04088,6.92715,1.00000,0.26000,0.00000,23.92106,2
2462,7.04064,6.92760,1.00000,0.26000,0.00000,23.84099,2
2463,7.04021,6.92806,1.00000,0.26000,0.00000,23.44714,2
2464,7.03885,6.92851,1.00000,0.26000,0.00000,23.53565,2
2465,7.03773,6.92895,1.00000,0.26000,0.00000,23.64217,2
2466,7.03689,6.92938,1.00000,0.26000,0.00000,24.15931,2
2467,7.03728,6.92981,1.00000,0.26000,0.00000,22.89857,2
2468,7.03468,6.93024,1.00000,0.26000,0.00000,23.43475,2
2469,7.03339,6.93066,1.00000,0.26000,0.00000,23.30065,2
2470,7.03181,6.93107,1.00000,0.26000,0.00000,22.66441,2
2471,7.02873,6.93147,1.00000,0.26000,0.00000,23.07443,2
2472,7.02668,6.93186,1.00000,0.26000,0.00000,22.70929,2
2473,7.02379,6.93224,1.00000,0.26000,0.00000,23.65047,2
2474,7.02318,6.93261,1.00000,0.26000,0.00000,23.88615,2
2475,7.02315,6.93297,1.00000,0.26000,0.00000,23.39103,2
2476,7.02194,6.93333,1.00000,0.26000,0.00000,23.07844,2
2477,7.02001,6.93369,1.00000,0.26000,0.00000,22.94115,2
2478,7.01777,6.93403,1.00000,0.26000,0.00000,22.67213,2
2479,7.01494,6.93437,1.00000,0.26000,0.00000,23.30231,2
2480,7.01364,6.93469,1.00000,0.26000,0.00000,23.31166,2
2481,7.01239,6.93500,1.00000,0.26000,0.00000,23.19491,2
2482,7.01088,6.93531,1.00000,0.26000,0.00000,23.60017,2
2483,7.01035,6.93562,1.00000,0.26000,0.00000,22.39348,2
2484,7.00697,6.93591,1.00000,0.26000,0.00000,22.94065,2
2485,7.00493,6.93620,1.00000,0.26000,0.00000,22.58758,2
2486,7.00209,6.93647,1.00000,0.26000,0.00000,23.02985,2
2487,7.00033,6.93674,1.00000,0.26000,0.00000,23.11903,2
2488,6.99882,6.93699,1.00000,0.26000,0.00000,23.98279,2
2489,6.99939,6.93724,1.00000,0.26000,0.00000,23.28794,2
2490,6.99829,6.93749,1.00000,0.26000,0.00000,23.51340,2
2491,6.99775,6.93773,1.00000,0.26000,0.00000,22.91908,2
2492,6.99581,6.93797,1.00000,0.26000,0.00000,23.17706,2
2493,6.99451,6.93820,1.00000,0.26000,0.00000,23.60326,2
2494,6.99424,6.93843,1.00000,0.26000,0.00000,22.48150,2
2495,6.99131,6.93865,1.00000,0.26000,0.00000,22.39088,2
2496,6.98820,6.93886,1.00000,0.26000,0.00000,22.86173,2
2497,6.98626,6.93906,1.00000,0.26000,0.00000,23.01677,2
2498,6.98471,6.93925,1.00000,0.26000,0.00000,23.18124,2
2499,6.98358,6.93943,1.00000,0.26000,0.00000,22.59269,2
2500,6.98107,6.93960,1.00000,0.26000,0.00000,22.62245,2
2501,6.97866,6.93977,1.00000,0.26000,0.00000,22.90700,2
2502,6.97696,6.93993,1.00000,0.26000,0.00000,22.81314,2
2503,6.97506,6.94007,1.00000,0.26000,0.00000,22.76220,2
2504,6.97307,6.94021,1.00000,0.26000,0.00000,22.71012,2
2505,6.97098,6.94035,1.00000,0.26000,0.00000,22.91250,2
2506,6.96941,6.94047,1.00000,0.26000,0.00000,22.65691,2
2507,6.96724,6.94058,1.00000,0.26000,0.00000,22.44955,2
2508,6.96462,6.94069,1.00000,0.26000,0.00000,22.27051,2
2509,6.96160,6.94079,1.00000,0.26000,0.00000,22.36721,2
2510,6.95885,6.94087,1.00000,0.26000,0.00000,21.79085,2
2511,6.95477,6.94094,1.00000,0.26000,0.00000,22.60671,2
2512,6.95269,6.94100,1.00000,0.26000,0.00000,22.05259,2
2513,6.94931,6.94104,1.00000,0.26000,0.00000,22.22741,2
2514,6.94640,6.94108,1.00000,0.26000,0.00000,22.54943,2
2515,6.94429,6.94110,1.00000,0.26000,0.00000,22.18740,2
2516,6.94135,6.94111,1.00000,0.26000,0.00000,22.68002,2
2517,6.93962,6.94111,1.00000,0.26000,0.00000,22.28996,2
2518,6.93698,6.94111,1.00000,0.26000,0.00000,22.37233,2
2519,6.93458,6.94109,1.00000,0.26000,0.00000,22.80583,2
2520,6.93324,6.94106,1.00000,0.26000,0.00000,22.47595,2
2521,6.93113,6.94103,1.00000,0.26000,0.00000,22.33094,2
2522,6.92870,6.94099,1.00000,0.26000,0.00000,22.59291,2
2523,6.92693,6.94094,1.00000,0.26000,0.00000,22.39757,2
2524,6.92472,6.94089,1.00000,0.26000,0.00000,22.93991,2
2525,6.92383,6.94082,1.00000,0.26000,0.00000,22.40448,2
2526,6.92167,6.94075,1.00000,0.26000,0.00000,22.90092,2
2527,6.92072,6.94068,1.00000,0.26000,0.00000,22.46241,2
2528,6.91875,6.94060,1.00000,0.26000,0.00000,22.25404,2
2529,6.91630,6.94051,1.00000,0.26000,0.00000,21.56764,2
2530,6.91224,6.94041,1.00000,0.26000,0.00000,22.51398,2
2531,6.91050,6.94030,1.00000,0.26000,0.00000,22.38726,2
2532,6.90847,6.94018,1.00000,0.26000,0.00000,21.98688,2
2533,6.90552,6.94006,1.00000,0.26000,0.00000,22.36977,2
2534,6.90351,6.93992,1.00000,0.26000,0.00000,22.34382,2
2535,6.90147,6.93977,1.00000,0.26000,0.00000,21.83040,2
2536,6.89823,6.93962,1.00000,0.26000,0.00000,22.21727,2
2537,6.89595,6.93945,1.00000,0.26000,0.00000,22.01573,2
2538,6.89323,6.93928,1.00000,0.26000,0.00000,23.04392,2
2539,6.89298,6.93909,1.00000,0.26000,0.00000,21.77139,2
2540,6.88971,6.93891,1.00000,0.26000,0.00000,22.88537,2
2541,6.88913,6.93871,1.00000,0.26000,0.00000,22.34508,2
2542,6.88727,6.93851,1.00000,0.26000,0.00000,22.46407,2
2543,6.88571,6.93831,1.00000,0.26000,0.00000,22.08955,2
2544,6.88328,6.93810,1.00000,0.26000,0.00000,21.85561,2
2545,6.88033,6.93788,1.00000,0.26000,0.00000,21.89783,2
2546,6.87751,6.93765,1.00000,0.26000,0.00000,22.25622,2
2547,6.87558,6.93741,1.00000,0.26000,0.00000,22.52897,2
2548,6.87432,6.93716,1.00000,0.26000,0.00000,22.39245,2
2549,6.87275,6.93691,1.00000,0.26000,0.00000,22.05858,2
2550,6.87040,6.93665,1.00000,0.26000,0.00000,22.39233,2
2551,6.86888,6.93639,1.00000,0.26000,0.00000,22.37810,2
2552,6.86734,6.93612,1.00000,0.26000,0.00000,22.33344,2
2553,6.86571,6.93584,1.00000,0.26000,0.00000,22.10104,2
2554,6.86355,6.93556,1.00000,0.26000,0.00000,22.60722,2
2555,6.86262,6.93528,1.00000,0.26000,0.00000,22.20701,2
2556,6.86074,6.93498,1.00000,0.26000,0.00000,22.13376,2
2557,6.85871,6.93469,1.00000,0.26000,0.00000,21.75398,2
2558,6.85580,6.93438,1.00000,0.26000,0.00000,22.23917,2
2559,6.85409,6.93407,1.00000,0.26000,0.00000,21.72273,2
2560,6.85116,6.93375,1.00000,0.26000,0.00000,21.83617,2
2561,6.84853,6.93342,1.00000,0.26000,0.00000,22.00551,2
2562,6.84634,6.93308,1.00000,0.26000,0.00000,22.01432,2
2563,6.84420,6.93273,1.00000,0.26000,0.00000,21.27150,2
2564,6.84031,6.93238,1.00000,0.26000,0.00000,21.94514,2
2565,6.83808,6.93201,1.00000,0.26000,0.00000,21.43310,2
2566,6.83465,6.93163,1.00000,0.26000,0.00000,21.39868,2
2567,6.83118,6.93125,1.00000,0.26000,0.00000,21.14307,2
2568,6.82714,6.93085,1.00000,0.26000,0.00000,21.61105,2
2569,6.82427,6.93043,1.00000,0.26000,0.00000,21.28057,2
2570,6.82064,6.93001,1.00000,0.26000,0.00000,21.43993,2
2571,6.81744,6.92957,1.00000,0.26000,0.00000,21.59752,2
2572,6.81465,6.92912,1.00000,0.26000,0.00000,21.45787,2
2573,6.81156,6.92866,1.00000,0.26000,0.00000,21.66243,2
2574,6.80899,6.92819,1.00000,0.26000,0.00000,21.57817,2
2575,6.80625,6.92772,1.00000,0.26000,0.00000,22.18740,2
2576,6.80499,6.92723,1.00000,0.26000,0.00000,21.90041,2
2577,6.80306,6.92674,1.00000,0.26000,0.00000,21.29119,2
2578,6.79970,6.92625,1.00000,0.26000,0.00000,21.50733,2
2579,6.79690,6.92574,1.00000,0.26000,0.00000,21.26954,2
2580,6.79356,6.92523,1.00000,0.26000,0.00000,21.31789,2
2581,6.79037,6.92470,1.00000,0.26000,0.00000,21.46142,2
2582,6.78756,6.92416,1.00000,0.26000,0.00000,21.21123,2
2583,6.78419,6.92362,1.00000,0.26000,0.00000,21.30149,2
2584,6.78107,6.92306,1.00000,0.26000,0.00000,21.48195,2
2585,6.77841,6.92249,1.00000,0.26000,0.00000,21.33565,2
2586,6.77544,6.92191,1.00000,0.26000,0.00000,21.75963,2
2587,6.77351,6.92133,1.00000,0.26000,0.00000,21.14381,2
2588,6.77013,6.92074,1.00000,0.26000,0.00000,21.11283,2
2589,6.76672,6.92013,1.00000,0.26000,0.00000,21.70425,2
2590,6.76475,6.91952,1.00000,0.26000,0.00000,21.19722,2
2591,6.76159,6.91890,1.00000,0.26000,0.00000,21.18492,2
2592,6.75845,6.91827,1.00000,0.26000,0.00000,20.88574,2
2593,6.75462,6.91763,1.00000,0.26000,0.00000,21.02273,2
2594,6.75116,6.91698,1.00000,0.26000,0.00000,21.40423,2
2595,6.74865,6.91632,1.00000,0.26000,0.00000,20.98466,2
2596,6.74517,6.91565,1.00000,0.26000,0.00000,21.67075,2
2597,6.74336,6.91497,1.00000,0.26000,0.00000,20.57495,2
2598,6.73896,6.91428,1.00000,0.26000,0.00000,20.59927,2
2599,6.73467,6.91358,1.00000,0.26000,0.00000,20.83596,2
2600,6.73098,6.91286,1.00000,0.26000,0.00000,21.10742,2
2601,6.72799,6.91213,1.00000,0.26000,0.00000,21.16428,2
2602,6.72516,6.91140,1.00000,0.26000,0.00000,21.33419,2
2603,6.72277,6.91065,1.00000,0.26000,0.00000,20.69906,2
2604,6.71889,6.90990,1.00000,0.26000,0.00000,20.29704,2
2605,6.71410,6.90914,1.00000,0.26000,0.00000,21.22585,2
2606,6.71157,6.90836,1.00000,0.26000,0.00000,20.96554,2
2607,6.70845,6.90757,1.00000,0.26000,0.00000,21.15936,2
2608,6.70582,6.90677,1.00000,0.26000,0.00000,20.88666,2
2609,6.70257,6.90597,1.00000,0.26000,0.00000,20.42612,2
2610,6.69825,6.90516,1.00000,0.26000,0.00000,19.98671,2
2611,6.69294,6.90433,1.00000,0.26000,0.00000,20.05833,2
2612,6.68786,6.90348,1.00000,0.26000,0.00000,21.16056,2
2613,6.68546,6.90262,1.00000,0.26000,0.00000,21.88986,2
2614,6.68482,6.90175,1.00000,0.26000,0.00000,20.95538,2
2615,6.68196,6.90088,1.00000,0.26000,0.00000,21.09657,2
2616,6.67946,6.90001,1.00000,0.26000,0.00000,20.55496,2
2617,6.67569,6.89913,1.00000,0.26000,0.00000,20.98896,2
2618,6.67300,6.89823,1.00000,0.26000,0.00000,21.22553,2
2619,6.67090,6.89733,1.00000,0.26000,0.00000,21.17543,2
2620,6.66869,6.89643,1.00000,0.26000,0.00000,21.09848,2
2621,6.66633,6.89552,1.00000,0.26000,0.00000,21.10565,2
2622,6.66400,6.89460,1.00000,0.26000,0.00000,20.53525,2
2623,6.66033,6.89368,1.00000,0.26000,0.00000,21.25843,2
2624,6.65842,6.89274,1.00000,0.26000,0.00000,20.90910,2
2625,6.65570,6.89181,1.00000,0.26000,0.00000,20.04530,2
2626,6.65095,6.89086,1.00000,0.26000,0.00000,21.04277,2
2627,6.64862,6.88990,1.00000,0.26000,0.00000,20.86044,2
2628,6.64588,6.88894,1.00000,0.26000,0.00000,20.51041,2
2629,6.64233,6.88796,1.00000,0.26000,0.00000,20.80635,2
2630,6.63953,6.88698,1.00000,0.26000,0.00000,19.97768,2
2631,6.63477,6.88599,1.00000,0.26000,0.00000,20.64752,2
2632,6.63167,6.88499,1.00000,0.26000,0.00000,20.34886,2
2633,6.62788,6.88397,1.00000,0.26000,0.00000,20.81362,2
2634,6.62524,6.88295,1.00000,0.26000,0.00000,20.48080,2
2635,6.62183,6.88192,1.00000,0.26000,0.00000,20.26754,2
2636,6.61795,6.88088,1.00000,0.26000,0.00000,20.20900,2
2637,6.61397,6.87983,1.00000,0.26000,0.00000,20.37313,2
2638,6.61042,6.87876,1.00000,0.26000,0.00000,20.77745,2
2639,6.60786,6.87769,1.00000,0.26000,0.00000,20.21340,2
2640,6.60399,6.87661,1.00000,0.26000,0.00000,20.42974,2
2641,6.60067,6.87552,1.00000,0.26000,0.00000,20.84905,2
2642,6.59839,6.87442,1.00000,0.26000,0.00000,20.68776,2
2643,6.59573,6.87332,1.00000,0.26000,0.00000,20.32087,2
2644,6.59223,6.87221,1.00000,0.26000,0.00000,20.37546,2
2645,6.58889,6.87109,1.00000,0.26000,0.00000,20.12470,2
2646,6.58498,6.86996,1.00000,0.26000,0.00000,19.80959,2
2647,6.58037,6.86882,1.00000,0.26000,0.00000,20.58931,2
2648,6.57766,6.86766,1.00000,0.26000,0.00000,19.53139,2
2649,6.57245,6.86650,1.00000,0.26000,0.00000,20.06621,2
2650,6.56858,6.86533,1.00000,0.26000,0.00000,19.83071,2
2651,6.56418,6.86414,1.00000,0.26000,0.00000,20.10178,2
2652,6.56047,6.86294,1.00000,0.26000,0.00000,20.29332,2
2653,6.55726,6.86173,1.00000,0.26000,0.00000,19.99897,2
2654,6.55337,6.86051,1.00000,0.26000,0.00000,20.39822,2
2655,6.55047,6.85928,1.00000,0.26000,0.00000,19.98368,2
2656,6.54661,6.85805,1.00000,0.26000,0.00000,20.71232,2
2657,6.54453,6.85680,1.00000,0.26000,0.00000,20.63432,2
2658,6.54227,6.85555,1.00000,0.26000,0.00000,20.47131,2
2659,6.53964,6.85430,1.00000,0.26000,0.00000,20.05365,2
2660,6.53603,6.85304,1.00000,0.26000,0.00000,19.95087,2
2661,6.53222,6.85177,1.00000,0.26000,0.00000,20.63870,2
2662,6.53008,6.85050,1.00000,0.26000,0.00000,20.24107,2
2663,6.52701,6.84921,1.00000,0.26000,0.00000,20.08167,2
2664,6.52358,6.84793,1.00000,0.26000,0.00000,20.22145,2
2665,6.52052,6.84663,1.00000,0.26000,0.00000,20.31211,2
2666,6.51770,6.84532,1.00000,0.26000,0.00000,20.93724,2
2667,6.51640,6.84401,1.00000,0.26000,0.00000,20.26236,2
2668,6.51349,6.84270,1.00000,0.26000,0.00000,20.42064,2
2669,6.51098,6.84139,1.00000,0.26000,0.00000,20.10924,2
2670,6.50775,6.84006,1.00000,0.26000,0.00000,19.89309,2
2671,6.50403,6.83873,1.00000,0.26000,0.00000,19.74665,2
2672,6.50000,6.83740,1.00000,0.26000,0.00000,19.67703,2
2673,6.49584,6.83605,1.00000,0.26000,0.00000,19.75227,2
2674,6.49190,6.83469,0.99868,0.26000,0.00000,20.33912,2
2675,6.48946,6.83331,0.99778,0.26000,0.00000,19.99728,2
2676,6.48627,6.83194,0.99638,0.26000,0.00000,19.72006,2
2677,6.48251,6.83056,0.99476,0.26000,0.00000,19.72853,2
2678,6.47890,6.82916,0.99325,0.26000,0.00000,20.11760,2
2679,6.47631,6.82776,0.99224,0.26000,0.00000,19.22224,2
2680,6.47166,6.82636,0.99013,0.26000,0.00000,19.91444,2
2681,6.46882,6.82494,0.98907,0.26000,0.00000,19.26567,2
2682,6.46450,6.82351,0.98714,0.26000,0.00000,20.19173,2
2683,6.46252,6.82208,0.98650,0.26000,0.00000,20.29984,2
2684,6.46084,6.82064,0.98582,0.26000,0.00000,19.87912,2
2685,6.45821,6.81920,0.98464,0.26000,0.00000,19.44865,2
2686,6.45462,6.81776,0.98305,0.26000,0.00000,19.35075,2
2687,6.45092,6.81630,0.98149,0.26000,0.00000,19.71635,2
2688,6.44819,6.81484,0.98042,0.26000,0.00000,19.65185,2
2689,6.44538,6.81338,0.97924,0.26000,0.00000,19.64196,2
2690,6.44263,6.81190,0.97809,0.26000,0.00000,19.66716,2
2691,6.44002,6.81043,0.97700,0.26000,0.00000,19.76469,2
2692,6.43771,6.80895,0.97605,0.26000,0.00000,19.82646,2
2693,6.43561,6.80746,0.97519,0.26000,0.00000,19.72152,2
2694,6.43332,6.80597,0.97421,0.26000,0.00000,19.34382,2
2695,6.43019,6.80448,0.97283,0.26000,0.00000,19.64127,2
2696,6.42786,6.80299,0.97191,0.26000,0.00000,19.61616,2
2697,6.42553,6.80148,0.97094,0.26000,0.00000,19.10031,2
2698,6.42204,6.79998,0.96938,0.26000,0.00000,19.73762,2
2699,6.42017,6.79847,0.96872,0.26000,0.00000,19.83999,2
2700,6.41858,6.79696,0.96808,0.26000,0.00000,19.63474,2
2701,6.41655,6.79544,0.96719,0.26000,0.00000,19.39677,2
2702,6.41400,6.79393,0.96608,0.26000,0.00000,19.17296,2
2703,6.41099,6.79241,0.96477,0.26000,0.00000,19.75711,2
2704,6.40946,6.79088,0.96425,0.26000,0.00000,18.82495,2
2705,6.40574,6.78936,0.96251,0.26000,0.00000,19.13753,2
2706,6.40288,6.78782,0.96138,0.26000,0.00000,19.14816,2
2707,6.40013,6.78628,0.96023,0.26000,0.00000,19.34010,2
2708,6.39791,6.78474,0.95934,0.26000,0.00000,20.04502,2
2709,6.39742,6.78319,0.95928,0.26000,0.00000,19.52711,2
2710,6.39569,6.78165,0.95845,0.26000,0.00000,19.06050,2
2711,6.39290,6.78010,0.95720,0.26000,0.00000,19.36694,2
2712,6.39093,6.77855,0.95643,0.26000,0.00000,19.05821,2
2713,6.38826,6.77700,0.95526,0.26000,0.00000,19.32277,2
2714,6.38630,6.77545,0.95449,0.26000,0.00000,19.36575,2
2715,6.38449,6.77389,0.95374,0.26000,0.00000,18.68173,2
2716,6.38110,6.77233,0.95219,0.26000,0.00000,19.20162,2
2717,6.37905,6.77077,0.95144,0.26000,0.00000,19.32939,2
2718,6.37735,6.76920,0.95075,0.26000,0.00000,18.98280,2
2719,6.37486,6.76763,0.94964,0.26000,0.00000,19.65486,2
2720,6.37405,6.76606,0.94944,0.26000,0.00000,18.50414,2
2721,6.37050,6.76450,0.94773,0.26000,0.00000,19.21689,2
2722,6.36876,6.76292,0.94714,0.26000,0.00000,18.74948,2
2723,6.36595,6.76134,0.94587,0.26000,0.00000,19.43812,2
2724,6.36485,6.75976,0.94555,0.26000,0.00000,18.90844,2
2725,6.36251,6.75818,0.94447,0.26000,0.00000,19.44812,2
2726,6.36152,6.75660,0.94416,0.26000,0.00000,19.27867,2
2727,6.36014,6.75502,0.94355,0.26000,0.00000,18.81102,2
2728,6.35768,6.75344,0.94243,0.26000,0.00000,19.23297,2
2729,6.35629,6.75186,0.94193,0.26000,0.00000,19.44923,2
2730,6.35545,6.75027,0.94162,0.26000,0.00000,18.81187,2
2731,6.35309,6.74869,0.94051,0.26000,0.00000,19.08831,2
2732,6.35146,6.74711,0.93988,0.26000,0.00000,19.21101,2
2733,6.35016,6.74553,0.93936,0.26000,0.00000,18.85526,2
2734,6.34804,6.74395,0.93841,0.26000,0.00000,19.37534,2
2735,6.34722,6.74236,0.93817,0.26000,0.00000,18.69177,2
2736,6.34477,6.74078,0.93701,0.26000,0.00000,19.13917,2
2737,6.34346,6.73920,0.93655,0.26000,0.00000,18.97624,2
2738,6.34179,6.73762,0.93582,0.26000,0.00000,19.21755,2
2739,6.34073,6.73603,0.93542,0.26000,0.00000,18.77648,2
2740,6.33864,6.73445,0.93446,0.26000,0.00000,19.09408,2
2741,6.33736,6.73287,0.93399,0.26000,0.00000,18.31807,2
2742,6.33426,6.73129,0.93254,0.26000,0.00000,18.48816,2
2743,6.33166,6.72970,0.93149,0.26000,0.00000,18.45231,2
2744,6.32905,6.72811,0.93039,0.26000,0.00000,18.20107,2
2745,6.32590,6.72651,0.92903,0.26000,0.00000,19.02964,2
2746,6.32482,6.72491,0.92874,0.26000,0.00000,19.01770,2
2747,6.32373,6.72331,0.92828,0.26000,0.00000,19.04595,2
2748,6.32272,6.72171,0.92786,0.26000,0.00000,19.00192,2
2749,6.32162,6.72011,0.92739,0.26000,0.00000,19.28900,2
2750,6.32123,6.71852,0.92729,0.26000,0.00000,18.71398,2
2751,6.31946,6.71693,0.92643,0.26000,0.00000,18.59626,2
2752,6.31746,6.71534,0.92557,0.26000,0.00000,18.81219,2
2753,6.31603,6.71375,0.92502,0.26000,0.00000,18.92174,2
2754,6.31488,6.71216,0.92456,0.26000,0.00000,18.90415,2
2755,6.31372,6.71057,0.92407,0.26000,0.00000,19.05157,2
2756,6.31293,6.70898,0.92377,0.26000,0.00000,18.38939,2
2757,6.31057,6.70740,0.92265,0.26000,0.00000,18.15398,2
2758,6.30771,6.70581,0.92141,0.26000,0.00000,18.26576,2
2759,6.30521,6.70422,0.92039,0.26000,0.00000,18.70062,2
2760,6.30381,6.70262,0.91989,0.26000,0.00000,18.27215,2
2761,6.30141,6.70103,0.91880,0.26000,0.00000,17.99153,2
2762,6.29842,6.69943,0.91750,0.26000,0.00000,18.69075,2
2763,6.29718,6.69782,0.91711,0.26000,0.00000,18.60814,2
2764,6.29575,6.69622,0.91650,0.26000,0.00000,17.82413,2
2765,6.29250,6.69462,0.91499,0.26000,0.00000,18.41021,2
2766,6.29074,6.69301,0.91437,0.26000,0.00000,18.39700,2
2767,6.28898,6.69140,0.91363,0.26000,0.00000,18.38220,2
2768,6.28723,6.68979,0.91290,0.26000,0.00000,18.59824,2
2769,6.28604,6.68818,0.91244,0.26000,0.00000,18.46991,2
2770,6.28456,6.68657,0.91180,0.26000,0.00000,18.44309,2
2771,6.28306,6.68497,0.91116,0.26000,0.00000,18.39792,2
2772,6.28148,6.68336,0.91049,0.26000,0.00000,18.42449,2
2773,6.28000,6.68175,0.90988,0.26000,0.00000,18.52285,2
2774,6.27878,6.68014,0.90939,0.26000,0.00000,18.39165,2
2775,6.27728,6.67854,0.90874,0.26000,0.00000,18.82859,2
2776,6.27685,6.67693,0.90864,0.26000,0.00000,17.86734,2
2777,6.27413,6.67533,0.90732,0.26000,0.00000,18.50240,2
2778,6.27300,6.67373,0.90697,0.26000,0.00000,18.57234,2
2779,6.27205,6.67212,0.90659,0.26000,0.00000,18.59898,2
2780,6.27119,6.67052,0.90623,0.26000,0.00000,17.62686,2
2781,6.26802,6.66893,0.90471,0.26000,0.00000,18.51413,2
2782,6.26706,6.66732,0.90449,0.26000,0.00000,18.64038,2
2783,6.26641,6.66572,0.90424,0.26000,0.00000,18.64003,2
2784,6.26576,6.66413,0.90397,0.26000,0.00000,17.76400,2
2785,6.26303,6.66253,0.90265,0.26000,0.00000,17.89575,2
2786,6.26069,6.66093,0.90171,0.26000,0.00000,18.33143,2
2787,6.25946,6.65933,0.90127,0.26000,0.00000,18.35465,2
2788,6.25830,6.65773,0.90079,0.26000,0.00000,18.57331,2
2789,6.25769,6.65614,0.90058,0.26000,0.00000,18.76572,2
2790,6.25753,6.65454,0.90055,0.26000,0.00000,18.16830,2
2791,6.25594,6.65295,0.89977,0.26000,0.00000,17.75135,2
2792,6.25339,6.65137,0.89862,0.26000,0.00000,18.34443,2
2793,6.25233,6.64977,0.89830,0.26000,0.00000,18.10168,2
2794,6.25071,6.64818,0.89757,0.26000,0.00000,18.36763,2
2795,6.24976,6.64659,0.89722,0.26000,0.00000,18.30489,2
2796,6.24868,6.64501,0.89676,0.26000,0.00000,18.28296,2
2797,6.24756,6.64342,0.89629,0.26000,0.00000,17.80861,2
2798,6.24533,6.64184,0.89526,0.26000,0.00000,18.50015,2
2799,6.24481,6.64025,0.89518,0.26000,0.00000,18.63210,2
2800,6.24461,6.63867,0.89512,0.26000,0.00000,17.85578,2
2801,6.24254,6.63709,0.89410,0.26000,0.00000,18.10641,2
2802,6.24113,6.63552,0.89356,0.26000,0.00000,17.91301,2
2803,6.23928,6.63394,0.89275,0.26000,0.00000,18.38813,2
2804,6.23862,6.63236,0.89257,0.26000,0.00000,18.02028,2
2805,6.23708,6.63078,0.89185,0.26000,0.00000,18.30524,2
2806,6.23625,6.62921,0.89156,0.26000,0.00000,18.03260,2
2807,6.23479,6.62764,0.89090,0.26000,0.00000,17.89894,2
2808,6.23304,6.62607,0.89014,0.26000,0.00000,17.60635,2
2809,6.23064,6.62449,0.88908,0.26000,0.00000,18.16617,2
2810,6.22965,6.62292,0.88877,0.26000,0.00000,18.33426,2
2811,6.22906,6.62135,0.88856,0.26000,0.00000,17.44832,2
2812,6.22636,6.61978,0.88726,0.26000,0.00000,18.29462,2
2813,6.22576,6.61820,0.88717,0.26000,0.00000,18.23839,2
2814,6.22503,6.61663,0.88685,0.26000,0.00000,18.27557,2
2815,6.22439,6.61507,0.88659,0.26000,0.00000,17.95443,2
2816,6.22299,6.61350,0.88594,0.26000,0.00000,18.13242,2
2817,6.22205,6.61194,0.88558,0.26000,0.00000,18.30564,2
2818,6.22153,6.61038,0.88540,0.26000,0.00000,17.97669,2
2819,6.22023,6.60883,0.88479,0.26000,0.00000,17.10593,2
2820,6.21689,6.60727,0.88322,0.26000,0.00000,18.22334,2
2821,6.21631,6.60571,0.88320,0.26000,0.00000,17.86505,2
2822,6.21487,6.60415,0.88253,0.26000,0.00000,18.45784,2
2823,6.21488,6.60260,0.88265,0.26000,0.00000,18.34187,2
2824,6.21458,6.60105,0.88250,0.26000,0.00000,17.94107,2
2825,6.21333,6.59950,0.88190,0.26000,0.00000,17.83726,2
2826,6.21186,6.59796,0.88127,0.26000,0.00000,18.28825,2
2827,6.21150,6.59641,0.88120,0.26000,0.00000,18.01997,2
2828,6.21050,6.59487,0.88073,0.26000,0.00000,18.88131,2
2829,6.21156,6.59333,0.88134,0.26000,0.00000,17.90631,2
2830,6.21024,6.59181,0.88059,0.26000,0.00000,17.80362,2
2831,6.20871,6.59028,0.87994,0.26000,0.00000,17.54954,2
2832,6.20662,6.58875,0.87901,0.26000,0.00000,17.44099,2
2833,6.20432,6.58723,0.87803,0.26000,0.00000,18.12195,2
2834,6.20371,6.58569,0.87791,0.26000,0.00000,18.03115,2
2835,6.20287,6.58417,0.87754,0.26000,0.00000,17.67302,2
2836,6.20120,6.58264,0.87677,0.26000,0.00000,18.22817,2
2837,6.20090,6.58111,0.87675,0.26000,0.00000,17.70244,2
2838,6.19933,6.57959,0.87599,0.26000,0.00000,17.78420,2
2839,6.19799,6.57807,0.87545,0.26000,0.00000,18.17617,2
2840,6.19762,6.57655,0.87537,0.26000,0.00000,17.89409,2
2841,6.19657,6.57504,0.87488,0.26000,0.00000,17.68421,2
2842,6.19504,6.57352,0.87420,0.26000,0.00000,18.19983,2
2843,6.19478,6.57201,0.87419,0.26000,0.00000,18.01641,2
2844,6.19407,6.57050,0.87385,0.26000,0.00000,17.64561,2
2845,6.19248,6.56899,0.87312,0.26000,0.00000,18.04090,2
2846,6.19188,6.56749,0.87294,0.26000,0.00000,17.89658,2
2847,6.19093,6.56599,0.87252,0.26000,0.00000,17.91017,2
2848,6.19003,6.56449,0.87214,0.26000,0.00000,17.56557,2
2849,6.18833,6.56299,0.87136,0.26000,0.00000,17.57025,2
2850,6.18668,6.56149,0.87068,0.26000,0.00000,17.48417,2
2851,6.18487,6.55999,0.86990,0.26000,0.00000,17.78916,2
2852,6.18383,6.55849,0.86953,0.26000,0.00000,18.47873,2
2853,6.18445,6.55699,0.86992,0.26000,0.00000,17.29842,2
2854,6.18221,6.55550,0.86875,0.26000,0.00000,17.40969,2
2855,6.18031,6.55401,0.86798,0.26000,0.00000,17.98556,2
2856,6.17983,6.55251,0.86789,0.26000,0.00000,17.73592,2
2857,6.17875,6.55102,0.86739,0.26000,0.00000,17.62502,2
2858,6.17742,6.54953,0.86681,0.26000,0.00000,18.01484,2
2859,6.17706,6.54804,0.86674,0.26000,0.00000,17.40045,2
2860,6.17522,6.54656,0.86585,0.26000,0.00000,17.87579,2
2861,6.17457,6.54508,0.86567,0.26000,0.00000,17.46154,2
2862,6.17294,6.54359,0.86490,0.26000,0.00000,17.34827,2
2863,6.17107,6.54211,0.86410,0.26000,0.00000,17.43400,2
2864,6.16946,6.54063,0.86345,0.26000,0.00000,16.95319,2
2865,6.16675,6.53914,0.86222,0.26000,0.00000,17.70227,2
2866,6.16589,6.53765,0.86201,0.26000,0.00000,18.16736,2
2867,6.16615,6.53617,0.86221,0.26000,0.00000,17.08696,2
2868,6.16381,6.53469,0.86101,0.26000,0.00000,17.32431,2
2869,6.16211,6.53320,0.86035,0.26000,0.00000,17.45183,2
2870,6.16075,6.53172,0.85981,0.26000,0.00000,17.92673,2
2871,6.16055,6.53023,0.85982,0.26000,0.00000,17.60265,2
2872,6.15957,6.52875,0.85934,0.26000,0.00000,18.32302,2
2873,6.16032,6.52728,0.85979,0.26000,0.00000,18.32405,2
2874,6.16102,6.52581,0.86008,0.26000,0.00000,17.33263,2
2875,6.15932,6.52435,0.85918,0.26000,0.00000,18.14010,2
2876,6.15960,6.52289,0.85946,0.26000,0.00000,17.55704,2
2877,6.15846,6.52144,0.85886,0.26000,0.00000,17.74767,2
2878,6.15780,6.51999,0.85862,0.26000,0.00000,17.90632,2
2879,6.15752,6.51854,0.85854,0.26000,0.00000,17.54337,2
2880,6.15637,6.51709,0.85854,0.26000,0.00000,17.36263,2
