t,u_raw,u_sat,u_rate,ref,psi,x,y
0,0,0,0,72,0,0,0
0.04,547.2,16,0.2,72,1.792e-05,0.12,3.753156e-08
0.08,223.19986,16,0.4,72,7.1584427e-05,0.24,1.8745763e-07
0.12,223.19954,16,0.6,72,0.00017872264,0.36,5.6177346e-07
0.16,223.19896,16,0.8,72,0.00035696946,0.48,1.3094085e-06
0.2,223.19809,16,1,72,0.00062386562,0.6,2.6160296e-06
0.24,223.19686,16,1.2,72,0.00099685834,0.72,4.7038449e-06
0.28,223.19523,16,1.4,72,0.0014933018,0.84,7.8314087e-06
0.32,223.19314,16,1.6,72,0.0021304575,0.96,1.2293428e-05
0.36,223.19053,16,1.8,72,0.002925495,1.08,1.8420571e-05
0.4,223.18735,16,2,72,0.0038954924,1.2,2.6579271e-05
0.44,223.18356,16,2.2,72,0.0050574364,1.32,3.7171541e-05
0.48,223.17909,16,2.4,72,0.0064282234,1.44,5.0634781e-05
0.52,223.1739,16,2.6,72,0.0080246596,1.56,6.7441589e-05
0.56,223.16794,16,2.8,72,0.0098634614,1.68,8.8099574e-05
0.6,223.16115,16,3,72,0.011961256,1.8,0.00011315117
0.64,223.15348,16,3.2,72,0.014334583,1.92,0.00014317345
0.68,223.14488,16,3.4,72,0.016999892,2.04,0.00017877794
0.72,223.13531,16,3.6,72,0.019973546,2.16,0.00022061044
0.76,223.1247,16,3.8,72,0.02327182,2.28,0.00026935082
0.8,223.11302,16,4,72,0.026910904,2.4,0.00032571288
0.84,223.1002,16,4.2,72,0.030906899,2.5199999,0.00039044414
0.88,223.08621,16,4.4,72,0.035275822,2.6399999,0.00046432564
0.92,223.07098,16,4.6,72,0.040033604,2.7599999,0.00054817182
0.96,223.05449,16,4.8,72,0.045196092,2.8799998,0.00064283028
1,223.03666,16,5,72,0.050779046,2.9999998,0.00074918166
1.04,223.01746,16,5.2,72,0.056798144,3.1199997,0.00086813939
1.08,222.99684,16,5.4,72,0.063268981,3.2399997,0.0010006496
1.12,222.97475,16,5.6,72,0.070207066,3.3599996,0.0011476909
1.16,222.95114,16,5.8,72,0.077627829,3.4799995,0.0013102742
1.2,222.92596,16,6,72,0.085546614,3.5999993,0.0014894425
1.24,222.89917,16,6.2,72,0.093978685,3.7199992,0.001686271
1.28,222.87072,16,6.4,72,0.10293923,3.839999,0.0019018662
1.32,222.84057,16,6.6,72,0.11244334,3.9599987,0.0021373669
1.36,222.80866,16,6.8,72,0.12250604,4.0799985,0.0023939427
1.4,222.77495,16,7,72,0.13314227,4.1999981,0.002672795
1.44,222.7394,16,7.2,72,0.1443669,4.3199978,0.002975156
1.48,222.70195,16,7.4,72,0.1561947,4.4399973,0.003302289
1.52,222.66257,16,7.6,72,0.16864039,4.5599968,0.0036554881
1.56,222.62121,16,7.8,72,0.18171857,4.6799962,0.004036078
1.6,222.57782,16,8,72,0.1954438,4.7999955,0.0044454137
1.64,222.53236,16,8.2,72,0.20983056,4.9199947,0.0048848808
1.68,222.48478,16,8.4,72,0.22489322,5.0399938,0.0053558949
1.72,222.43505,16,8.6,72,0.24064611,5.1599927,0.0058599014
1.76,222.38311,16,8.8,72,0.25710346,5.2799915,0.0063983759
1.8,222.32892,16,9,72,0.27427945,5.3999901,0.0069728232
1.84,222.27244,16,9.2,72,0.29218814,5.5199886,0.007584778
1.88,222.21363,16,9.4,72,0.31084357,5.6399868,0.008235804
1.92,222.15244,16,9.6,72,0.33025965,5.7599848,0.0089274944
1.96,222.08882,16,9.8,72,0.35045027,5.8799826,0.0096614711
2,222.02275,16,10,72,0.3714292,5.99998,0.010439385
2.04,221.95416,16,10.2,72,0.39321016,6.1199772,0.011262916
2.08,221.88303,16,10.4,72,0.4158068,6.2399741,0.012133772
2.12,221.80931,16,10.6,72,0.43923269,6.3599705,0.01305369
2.16,221.73296,16,10.8,72,0.46350131,6.4799666,0.014024434
2.2,221.65394,16,11,72,0.48862611,6.5999622,0.015047798
2.24,221.5722,16,11.2,72,0.51462042,6.7199574,0.016125602
2.28,221.4877,16,11.4,72,0.54149754,6.839952,0.017259695
2.32,221.40041,16,11.6,72,0.56927067,6.9599461,0.018451953
2.36,221.31028,16,11.8,72,0.59795296,7.0799396,0.01970428
2.4,221.21728,16,12,72,0.62755748,7.1999324,0.021018607
2.44,221.12135,16,12.2,72,0.65809723,7.3199245,0.022396892
2.48,221.02247,16,12.4,72,0.68958513,7.4399158,0.023841121
2.52,220.92059,16,12.6,72,0.72203407,7.5599063,0.025353306
2.56,220.81567,16,12.8,72,0.75545682,7.6798958,0.026935485
2.6,220.70768,16,13,72,0.78986611,7.7998844,0.028589724
2.64,220.59657,16,13.2,72,0.82527462,7.919872,0.030318116
2.68,220.48231,16,13.4,72,0.86169491,8.0398584,0.032122777
2.72,220.36485,16,13.6,72,0.89913952,8.1598436,0.034005853
2.76,220.24417,16,13.8,72,0.93762091,8.2798276,0.035969514
2.8,220.12021,16,14,72,0.97715147,8.3998101,0.038015956
2.84,219.99294,16,14.2,72,1.0177435,8.5197912,0.040147401
2.88,219.86233,16,14.4,72,1.0594093,8.6397707,0.042366097
2.92,219.72834,16,14.6,72,1.102161,8.7597485,0.044674315
2.96,219.59092,16,14.8,72,1.1460109,8.8797245,0.047074354
3,219.45004,16,15,72,1.1909708,8.9996985,0.049568538
3.04,219.30567,16,15.2,72,1.2370529,9.1196706,0.052159214
3.08,219.15777,16,15.4,72,1.284269,9.2396404,0.054848756
3.12,219.00629,16,15.6,72,1.3326311,9.359608,0.05763956
3.16,218.85121,16,15.8,72,1.3821509,9.4795731,0.06053405
3.2,218.69249,16,16,72,1.4328403,9.5995355,0.063534671
3.24,218.53009,16,16,72,1.4846928,9.7194952,0.066643856
3.28,218.36412,16,16,72,1.5377025,9.839452,0.069864026
3.32,218.19458,16,16,72,1.591863,9.9594057,0.073197587
3.36,218.0215,16,16,72,1.6471683,10.079356,0.076646933
3.4,217.8449,16,16,72,1.7036122,10.199303,0.080214444
3.44,217.6648,16,16,72,1.7611886,10.319246,0.083902488
3.48,217.48122,16,16,72,1.8198916,10.439186,0.08771342
3.52,217.29417,16,16,72,1.8797151,10.559121,0.09164958
3.56,217.10368,16,16,72,1.9406532,10.679052,0.095713297
3.6,216.90975,16,16,72,2.0026998,10.798979,0.099906888
3.64,216.71242,16,16,72,2.0658492,10.918901,0.10423265
3.68,216.5117,16,16,72,2.1300953,11.038818,0.10869289
3.72,216.3076,16,16,72,2.1954324,11.15873,0.11328987
3.76,216.10014,16,16,72,2.2618546,11.278637,0.11802585
3.8,215.88935,16,16,72,2.3293562,11.398538,0.1229031
3.84,215.67524,16,16,72,2.3979314,11.518432,0.12792385
3.88,215.45782,16,16,72,2.4675744,11.638321,0.13309033
3.92,215.23713,16,16,72,2.5382796,11.758203,0.13840475
3.96,215.01316,16,16,72,2.6100413,11.878079,0.14386932
4,214.78594,16,16,72,2.6828539,11.997947,0.14948622
4.04,214.5555,16,16,72,2.7567118,12.117809,0.15525764
4.08,214.32183,16,16,72,2.8316093,12.237662,0.16118573
4.12,214.08497,16,16,72,2.907541,12.357508,0.16727266
4.16,213.84493,16,16,72,2.9845013,12.477345,0.17352056
4.2,213.60172,16,16,72,3.0624847,12.597173,0.17993156
4.24,213.35537,16,16,72,3.1414859,12.716993,0.18650777
4.28,213.10589,16,16,72,3.2214993,12.836803,0.19325131
4.32,212.85329,16,16,72,3.3025196,12.956604,0.20016426
4.36,212.5976,16,16,72,3.3845413,13.076395,0.20724871
4.4,212.33882,16,16,72,3.4675593,13.196175,0.21450671
4.44,212.07699,16,16,72,3.551568,13.315945,0.22194034
4.48,211.8121,16,16,72,3.6365623,13.435703,0.22955162
4.52,211.54418,16,16,72,3.7225369,13.55545,0.2373426
4.56,211.27325,16,16,72,3.8094866,13.675185,0.2453153
4.6,210.99932,16,16,72,3.8974061,13.794907,0.25347171
4.64,210.7224,16,16,72,3.9862903,13.914617,0.26181384
4.68,210.44252,16,16,72,4.0761341,14.034313,0.27034368
4.72,210.15969,16,16,72,4.1669324,14.153996,0.27906319
4.76,209.87392,16,16,72,4.2586799,14.273665,0.28797434
4.8,209.58523,16,16,72,4.3513718,14.393319,0.29707907
4.84,209.29363,16,16,72,4.4450028,14.512958,0.30637933
4.88,208.99915,16,16,72,4.5395682,14.632582,0.31587703
4.92,208.70179,16,16,72,4.6350627,14.752189,0.3255741
4.96,208.40158,16,16,72,4.7314816,14.87178,0.33547244
5,208.09852,16,16,72,4.8288198,14.991354,0.34557392
5.04,207.79264,16,16,72,4.9270725,15.110911,0.35588045
5.08,207.48394,16,16,72,5.0262348,15.230449,0.36639387
5.12,207.17244,16,16,72,5.1263018,15.349969,0.37711605
5.16,206.85816,16,16,72,5.2272687,15.46947,0.38804884
5.2,206.54112,16,16,72,5.3291308,15.588952,0.39919406
5.24,206.22132,16,16,72,5.4318831,15.708413,0.41055353
5.28,205.89878,16,16,72,5.5355211,15.827853,0.42212907
5.32,205.57351,16,16,72,5.6400399,15.947272,0.43392248
5.36,205.24554,16,16,72,5.7454349,16.066669,0.44593553
5.4,204.91487,16,16,72,5.8517014,16.186044,0.45817001
5.44,204.58153,16,16,72,5.9588347,16.305396,0.47062768
5.48,204.24551,16,16,72,6.0668303,16.424724,0.48331029
5.52,203.90685,16,16,72,6.1756834,16.544027,0.49621958
5.56,203.56554,16,16,72,6.2853896,16.663306,0.50935728
5.6,203.22161,16,16,72,6.3959444,16.782559,0.52272511
5.64,202.87508,16,16,72,6.5073431,16.901786,0.53632478
5.68,202.52594,16,16,72,6.6195812,17.020986,0.55015798
5.72,202.17423,16,16,72,6.7326544,17.140158,0.56422639
5.76,201.81994,16,16,72,6.8465581,17.259303,0.57853168
5.8,201.4631,16,16,72,6.9612879,17.378418,0.59307553
5.84,201.10372,16,16,72,7.0768395,17.497504,0.60785957
5.88,200.74182,16,16,72,7.1932083,17.616559,0.62288544
5.92,200.37739,16,16,72,7.3103901,17.735584,0.63815478
5.96,200.01047,16,16,72,7.4283806,17.854577,0.6536692
6,199.64106,16,16,72,7.5471754,17.973537,0.66943029
6.04,199.26918,16,16,72,7.6667702,18.092465,0.68543966
6.08,198.89484,16,16,72,7.7871607,18.211358,0.70169889
6.12,198.51804,16,16,72,7.9083428,18.330217,0.71820954
6.16,198.13882,16,16,72,8.0303122,18.44904,0.73497318
6.2,197.75717,16,16,72,8.1530646,18.567827,0.75199135
6.24,197.37311,16,16,72,8.276596,18.686577,0.76926559
6.28,196.98666,16,16,72,8.4009022,18.80529,0.78679742
6.32,196.59783,16,16,72,8.525979,18.923964,0.80458836
6.36,196.20662,16,16,72,8.6518223,19.042598,0.82263991
6.4,195.81306,16,16,72,8.778428,19.161192,0.84095356
6.44,195.41715,16,16,72,8.9057922,19.279746,0.85953079
6.48,195.01891,16,16,72,9.0339106,19.398257,0.87837307
6.52,194.61834,16,16,72,9.1627793,19.516726,0.89748186
6.56,194.21547,16,16,72,9.2923944,19.635151,0.9168586
6.6,193.81031,16,16,72,9.4227517,19.753532,0.93650472
6.64,193.40286,16,16,72,9.5538475,19.871868,0.95642166
6.68,192.99314,16,16,72,9.6856776,19.990157,0.97661082
6.72,192.58116,16,16,72,9.8182383,20.1084,0.9970736
6.76,192.16694,16,16,72,9.9515255,20.226594,1.0178114
6.8,191.75048,16,16,72,10.085536,20.34474,1.0388256
6.84,191.33179,16,16,72,10.220264,20.462836,1.0601175
6.88,190.9109,16,16,72,10.355708,20.580881,1.0816886
6.92,190.48781,16,16,72,10.491863,20.698875,1.1035401
6.96,190.06253,16,16,72,10.628726,20.816816,1.1256734
7,189.63507,16,16,72,10.766292,20.934704,1.1480898
7.04,189.20545,16,16,72,10.904559,21.052537,1.1707906
7.08,188.77367,16,16,72,11.043521,21.170315,1.1937771
7.12,188.33975,16,16,72,11.183176,21.288036,1.2170507
7.16,187.90371,16,16,72,11.323519,21.4057,1.2406125
7.2,187.46554,16,16,72,11.464548,21.523306,1.2644639
7.24,187.02527,16,16,72,11.606258,21.640852,1.2886061
7.28,186.5829,16,16,72,11.748646,21.758338,1.3130404
7.32,186.13845,16,16,72,11.891708,21.875763,1.3377679
7.36,185.69192,16,16,72,12.035441,21.993125,1.3627899
7.4,185.24334,16,16,72,12.179841,22.110424,1.3881076
7.44,184.79269,16,16,72,12.324904,22.227658,1.4137222
7.48,184.34001,16,16,72,12.470627,22.344827,1.4396349
7.52,183.8853,16,16,72,12.617007,22.46193,1.4658468
7.56,183.42857,16,16,72,12.764039,22.578964,1.4923592
7.6,182.96983,16,16,72,12.911721,22.69593,1.5191731
7.64,182.5091,16,16,72,13.060049,22.812826,1.5462898
7.68,182.04637,16,16,72,13.20902,22.929651,1.5737103
7.72,181.58167,16,16,72,13.358629,23.046404,1.6014357
7.76,181.11501,16,16,72,13.508874,23.163084,1.6294672
7.8,180.64639,16,16,72,13.659752,23.27969,1.6578059
7.84,180.17582,16,16,72,13.811258,23.396221,1.6864528
7.88,179.70332,16,16,72,13.96339,23.512675,1.7154091
7.92,179.2289,16,16,72,14.116144,23.629051,1.7446756
7.96,178.75256,16,16,72,14.269517,23.745349,1.7742537
8,178.27432,16,16,72,14.423506,23.861566,1.8041441
8.04,177.79418,16,16,72,14.578107,23.977703,1.8343481
8.08,177.31216,16,16,72,14.733317,24.093758,1.8648665
8.12,176.82827,16,16,72,14.889133,24.209729,1.8957005
8.16,176.34252,16,16,72,15.045552,24.325615,1.9268509
8.2,175.85491,16,16,72,15.202569,24.441415,1.9583188
8.24,175.36545,16,16,72,15.360183,24.557129,1.9901051
8.28,174.87417,16,16,72,15.51839,24.672754,2.0222108
8.32,174.38106,16,16,72,15.677187,24.78829,2.0546369
8.36,173.88613,16,16,72,15.836571,24.903736,2.0873842
8.4,173.3894,16,16,72,15.996538,25.019089,2.1204537
8.44,172.89088,16,16,72,16.157085,25.134349,2.1538463
8.48,172.39057,16,16,72,16.31821,25.249515,2.1875629
8.52,171.88849,16,16,72,16.479909,25.364586,2.2216044
8.56,171.38463,16,16,72,16.64218,25.479559,2.2559717
8.6,170.87903,16,16,72,16.805018,25.594434,2.2906656
8.64,170.37167,16,16,72,16.968422,25.70921,2.3256869
8.68,169.86258,16,16,72,17.132388,25.823885,2.3610366
8.72,169.35175,16,16,72,17.296913,25.938459,2.3967154
8.76,168.83921,16,16,72,17.461994,26.052928,2.4327242
8.8,168.32496,16,16,72,17.627628,26.167294,2.4690637
8.84,167.809,16,16,72,17.793812,26.281553,2.5057348
8.88,167.29135,16,16,72,17.960544,26.395706,2.5427382
8.92,166.77202,16,16,72,18.12782,26.509749,2.5800748
8.96,166.25102,16,16,72,18.295637,26.623683,2.6177452
9,165.72835,16,16,72,18.463993,26.737506,2.6557502
9.04,165.20402,16,16,72,18.632885,26.851216,2.6940906
9.08,164.67804,16,16,72,18.80231,26.964813,2.7327671
9.12,164.15043,16,16,72,18.972264,27.078294,2.7717803
9.16,163.62118,16,16,72,19.142746,27.191658,2.8111311
9.2,163.09032,16,16,72,19.313752,27.304905,2.85082
9.24,162.55784,16,16,72,19.48528,27.418032,2.8908478
9.28,162.02376,16,16,72,19.657327,27.531039,2.931215
9.32,161.48808,16,16,72,19.829889,27.643923,2.9719225
9.36,160.95081,16,16,72,20.002965,27.756684,3.0129707
9.4,160.41197,16,16,72,20.176551,27.86932,3.0543604
9.44,159.87155,16,16,72,20.350645,27.98183,3.0960922
9.48,159.32958,16,16,72,20.525245,28.094212,3.1381666
9.52,158.78605,16,16,72,20.700346,28.206465,3.1805842
9.56,158.24097,16,16,72,20.875948,28.318588,3.2233457
9.6,157.69436,16,16,72,21.052046,28.430578,3.2664516
9.64,157.14621,16,16,72,21.228639,28.542436,3.3099025
9.68,156.59655,16,16,72,21.405723,28.654158,3.3536989
9.72,156.04538,16,16,72,21.583297,28.765744,3.3978413
9.76,155.4927,16,16,72,21.761357,28.877192,3.4423303
9.8,154.93852,16,16,72,21.939902,28.988501,3.4871663
9.84,154.38286,16,16,72,22.118927,29.09967,3.53235
9.88,153.82571,16,16,72,22.298432,29.210696,3.5778817
9.92,153.26709,16,16,72,22.478412,29.321579,3.6237619
9.96,152.70701,16,16,72,22.658867,29.432317,3.6699911
10,152.14547,16,16,72,22.839792,29.542908,3.7165698
10.04,151.58248,16,16,72,23.021186,29.653351,3.7634984
10.08,151.01805,16,16,72,23.203047,29.763645,3.8107773
10.12,150.45218,16,16,72,23.385371,29.873788,3.8584069
10.16,149.88489,16,16,72,23.568156,29.983778,3.9063877
10.2,149.31618,16,16,72,23.7514,30.093614,3.95472
10.24,148.74606,16,16,72,23.9351,30.203295,4.0034042
10.28,148.17454,16,16,72,24.119254,30.312819,4.0524406
10.32,147.60162,16,16,72,24.30386,30.422184,4.1018297
10.36,147.02731,16,16,72,24.488914,30.531389,4.1515718
10.4,146.45162,16,16,72,24.674416,30.640432,4.2016671
10.44,145.87456,16,16,72,24.860361,30.749312,4.2521161
10.48,145.29613,16,16,72,25.046749,30.858028,4.302919
10.52,144.71634,16,16,72,25.233576,30.966577,4.3540762
10.56,144.13519,16,16,72,25.42084,31.074958,4.4055878
10.6,143.55271,16,16,72,25.608539,31.183171,4.4574542
10.64,142.96888,16,16,72,25.79667,31.291212,4.5096757
10.68,142.38373,16,16,72,25.985232,31.399081,4.5622524
10.72,141.79725,16,16,72,26.174222,31.506776,4.6151847
10.76,141.20946,16,16,72,26.363637,31.614295,4.6684727
10.8,140.62036,16,16,72,26.553476,31.721637,4.7221166
10.84,140.02995,16,16,72,26.743736,31.8288,4.7761167
10.88,139.43825,16,16,72,26.934414,31.935783,4.8304731
10.92,138.84526,16,16,72,27.12551,32.042585,4.8851861
10.96,138.25099,16,16,72,27.31702,32.149202,4.9402557
11,137.65545,16,16,72,27.508942,32.255635,4.9956821
11.04,137.05863,16,16,72,27.701274,32.361881,5.0514656
11.08,136.46056,16,16,72,27.894013,32.467939,5.1076061
11.12,135.86123,16,16,72,28.087159,32.573807,5.1641038
11.16,135.26065,16,16,72,28.280708,32.679483,5.2209588
11.2,134.65883,16,16,72,28.474658,32.784966,5.2781712
11.24,134.05578,16,16,72,28.669008,32.890255,5.335741
11.28,133.4515,16,16,72,28.863755,32.995348,5.3936685
11.32,132.846,16,16,72,29.058896,33.100242,5.4519535
11.36,132.23928,16,16,72,29.254431,33.204937,5.5105961
11.4,131.63136,16,16,72,29.450356,33.309431,5.5695964
11.44,131.02223,16,16,72,29.64667,33.413722,5.6289544
11.48,130.41191,16,16,72,29.84337,33.517809,5.6886701
11.52,129.8004,16,16,72,30.040455,33.621689,5.7487435
11.56,129.18771,16,16,72,30.237922,33.725362,5.8091745
11.6,128.57384,16,16,72,30.43577,33.828826,5.8699631
11.64,127.9588,16,16,72,30.633997,33.932079,5.9311094
11.68,127.34259,16,16,72,30.832599,34.035119,5.9926132
11.72,126.72523,16,16,72,31.031576,34.137945,6.0544744
11.76,126.10672,16,16,72,31.230926,34.240555,6.116693
11.8,125.48706,16,16,72,31.430646,34.342948,6.179269
11.84,124.86626,16,16,72,31.630734,34.445121,6.2422021
11.88,124.24433,16,16,72,31.831189,34.547074,6.3054923
11.92,123.62127,16,16,72,32.032008,34.648804,6.3691395
11.96,122.99709,16,16,72,32.23319,34.75031,6.4331434
12,122.37179,16,16,72,32.434732,34.851591,6.497504
12.04,121.74539,16,16,72,32.636633,34.952644,6.5622212
12.08,121.11788,16,16,72,32.838891,35.053467,6.6272946
12.12,120.48928,16,16,72,33.041504,35.154061,6.6927242
12.16,119.85958,16,16,72,33.24447,35.254421,6.7585097
12.2,119.2288,16,16,72,33.447787,35.354548,6.8246509
12.24,118.59693,16,16,72,33.651453,35.454439,6.8911476
12.28,117.964,16,16,72,33.855467,35.554092,6.9579996
12.32,117.32999,16,16,72,34.059826,35.653507,7.0252066
12.36,116.69492,16,16,72,34.264529,35.75268,7.0927683
12.4,116.0588,16,16,72,34.469573,35.851611,7.1606845
12.44,115.42162,16,16,72,34.674958,35.950299,7.2289549
12.48,114.7834,16,16,72,34.880681,36.04874,7.2975793
12.52,114.14414,16,16,72,35.08674,36.146934,7.3665572
12.56,113.50384,16,16,72,35.293134,36.244879,7.4358883
12.6,112.86251,16,16,72,35.499861,36.342573,7.5055725
12.64,112.22016,16,16,72,35.706919,36.440014,7.5756092
12.68,111.57679,16,16,72,35.914306,36.537202,7.6459981
12.72,110.93241,16,16,72,36.12202,36.634133,7.716739
12.76,110.28702,16,16,72,36.330061,36.730807,7.7878313
12.8,109.64063,16,16,72,36.538425,36.827222,7.8592747
12.84,108.99324,16,16,72,36.747112,36.923376,7.9310688
12.88,108.34486,16,16,72,36.956119,37.019268,8.0032132
12.92,107.6955,16,16,72,37.165446,37.114895,8.0757074
12.96,107.04515,16,16,72,37.375089,37.210257,8.148551
13,106.39383,16,16,72,37.585048,37.305351,8.2217437
13.04,105.74153,16,16,72,37.795321,37.400175,8.2952848
13.08,105.08828,16,16,72,38.005906,37.494729,8.3691739
13.12,104.43406,16,16,72,38.216801,37.58901,8.4434105
13.16,103.77889,16,16,72,38.428006,37.683017,8.5179942
13.2,103.12276,16,16,72,38.639517,37.776747,8.5929244
13.24,102.4657,16,16,72,38.851334,37.870201,8.6682007
13.28,101.80769,16,16,72,39.063455,37.963374,8.7438223
13.32,101.14875,16,16,72,39.275878,38.056267,8.819789
13.36,100.48887,16,16,72,39.488602,38.148877,8.8960999
13.4,99.828076,16,16,72,39.701625,38.241203,8.9727547
13.44,99.166359,16,16,72,39.914945,38.333243,9.0497526
13.48,98.503728,16,16,72,40.128562,38.424995,9.1270932
13.52,97.840186,16,16,72,40.342472,38.516458,9.2047758
13.56,97.175738,16,16,72,40.556676,38.607629,9.2827998
13.6,96.510391,16,16,72,40.77117,38.698508,9.3611646
13.64,95.844147,16,16,72,40.985954,38.789092,9.4398694
13.68,95.177013,16,16,72,41.201027,38.879381,9.5189138
13.72,94.508993,16,16,72,41.416385,38.969371,9.598297
13.76,93.840091,16,16,72,41.632029,39.059063,9.6780183
13.8,93.170312,16,16,72,41.847956,39.148453,9.758077
13.84,92.499662,16,16,72,42.064166,39.23754,9.8384725
13.88,91.828144,16,16,72,42.280656,39.326323,9.919204
13.92,91.155764,16,16,72,42.497424,39.4148,10.000271
13.96,90.482525,16,16,72,42.714471,39.502969,10.081672
14,89.808433,16,16,72,42.931793,39.590829,10.163408
14.04,89.133492,16,16,72,43.14939,39.678378,10.245476
14.08,88.457706,16,16,72,43.36726,39.765614,10.327877
14.12,87.78108,16,16,72,43.585401,39.852536,10.410609
14.16,87.103619,16,16,72,43.803813,39.939141,10.493672
14.2,86.425327,16,16,72,44.022493,40.025429,10.577065
14.24,85.746208,16,16,72,44.241441,40.111398,10.660787
14.28,85.066268,16,16,72,44.460655,40.197046,10.744837
14.32,84.385509,16,16,72,44.680133,40.282371,10.829215
14.36,83.703937,16,16,72,44.899874,40.367372,10.913919
14.4,83.021555,16,16,72,45.119877,40.452047,10.998949
14.44,82.338369,16,16,72,45.34014,40.536395,11.084304
14.48,81.654383,16,16,72,45.560662,40.620413,11.169983
14.52,80.9696,16,16,72,45.781441,40.704101,11.255986
14.56,80.284025,16,16,72,46.002477,40.787456,11.34231
14.6,79.597662,16,16,72,46.223767,40.870477,11.428956
14.64,78.910516,16,16,72,46.445311,40.953163,11.515922
14.68,78.222591,16,16,72,46.667106,41.035511,11.603207
14.72,77.53389,16,16,72,46.889153,41.117521,11.690811
14.76,76.844418,16,16,72,47.111448,41.19919,11.778733
14.8,76.154179,16,16,72,47.333992,41.280517,11.866971
14.84,75.463177,16,16,72,47.556783,41.3615,11.955524
14.88,74.771417,16,16,72,47.779818,41.442137,12.044392
14.92,74.078902,16,16,72,48.003098,41.522428,12.133574
14.96,73.385636,16,16,72,48.226621,41.602371,12.223068
15,72.691623,16,16,72,48.450385,41.681963,12.312874
15.04,71.996867,16,16,72,48.67439,41.761203,12.40299
15.08,71.301373,16,16,72,48.898633,41.840091,12.493416
15.12,70.605144,16,16,72,49.123114,41.918623,12.58415
15.16,69.908184,16,16,72,49.347831,41.996799,12.675192
15.2,69.210497,16,16,72,49.572783,42.074616,12.766539
15.24,68.512086,16,16,72,49.79797,42.152075,12.858192
15.28,67.812957,16,16,72,50.023388,42.229172,12.950149
15.32,67.113111,16,16,72,50.249039,42.305906,13.042409
15.36,66.412555,16,16,72,50.474919,42.382276,13.13497
15.4,65.71129,16,16,72,50.701028,42.45828,13.227832
15.44,65.009321,16,16,72,50.927365,42.533916,13.320994
15.48,64.306652,16,16,72,51.153928,42.609184,13.414454
15.52,63.603287,16,16,72,51.380717,42.684081,13.508211
15.56,62.899228,16,16,72,51.60773,42.758606,13.602265
15.6,62.194481,16,16,72,51.834965,42.832758,13.696613
15.64,61.489047,16,16,72,52.062423,42.906534,13.791254
15.68,60.782932,16,16,72,52.2901,42.979934,13.886189
15.72,60.076139,16,16,72,52.517997,43.052955,13.981414
15.76,59.368671,16,16,72,52.746113,43.125597,14.076929
15.8,58.660532,16,16,72,52.974445,43.197857,14.172733
15.84,57.951726,16,16,72,53.202993,43.269735,14.268825
15.88,57.242256,16,16,72,53.431756,43.341229,14.365203
15.92,56.532126,16,16,72,53.660732,43.412337,14.461865
15.96,55.821338,16,16,72,53.88992,43.483057,14.558812
16,55.109898,16,16,72,54.11932,43.553389,14.65604
16.04,54.397808,16,16,72,54.34893,43.623331,14.75355
16.08,53.685071,16,16,72,54.578749,43.692881,14.85134
16.12,52.971691,16,16,72,54.808776,43.762038,14.949408
16.16,52.257672,16,16,72,55.03901,43.8308,15.047753
16.2,51.543017,16,16,72,55.269449,43.899166,15.146373
16.24,50.827729,16,16,72,55.500093,43.967135,15.245269
16.28,50.111812,16,16,72,55.730941,44.034704,15.344437
16.32,49.395269,16,16,72,55.961991,44.101873,15.443877
16.36,48.678104,16,16,72,56.193242,44.168641,15.543587
16.4,47.960319,16,16,72,56.424694,44.235004,15.643566
16.44,47.241918,16,16,72,56.656344,44.300964,15.743813
16.48,46.522904,16,16,72,56.888193,44.366517,15.844326
16.52,45.803282,16,16,72,57.120239,44.431662,15.945103
16.56,45.083052,16,16,72,57.352481,44.496398,16.046144
16.6,44.36222,16,16,72,57.584918,44.560724,16.147446
16.64,43.640789,16,16,72,57.817549,44.624638,16.249009
16.68,42.91876,16,16,72,58.050372,44.688139,16.350831
16.72,42.196139,16,16,72,58.283388,44.751225,16.45291
16.76,41.472927,16,16,72,58.516595,44.813895,16.555245
16.8,40.749128,16,16,72,58.749991,44.876148,16.657834
16.84,40.024745,16,16,72,58.983576,44.937982,16.760676
16.88,39.299782,16,16,72,59.217349,44.999396,16.86377
16.92,38.57424,16,16,72,59.451309,45.060389,16.967114
16.96,37.848125,16,16,72,59.685454,45.120958,17.070706
17,37.121437,16,16,72,59.919785,45.181104,17.174545
17.04,36.394181,16,16,72,60.154299,45.240824,17.278629
17.08,35.66636,16,16,72,60.388996,45.300117,17.382957
17.12,34.937976,16,16,72,60.623875,45.358981,17.487527
17.16,34.209033,16,16,72,60.858935,45.417417,17.592338
17.2,33.479533,16,16,72,61.094174,45.475421,17.697388
17.24,32.74948,16,16,72,61.329593,45.532994,17.802675
17.28,32.018876,16,16,72,61.56519,45.590133,17.908199
17.32,31.287725,16,16,72,61.800964,45.646837,18.013956
17.36,30.556029,16,16,72,62.036914,45.703106,18.119946
17.4,29.823791,16,16,72,62.273039,45.758937,18.226167
17.44,29.091014,16,16,72,62.509339,45.814329,18.332617
17.48,28.357702,16,16,72,62.745812,45.869282,18.439295
17.52,27.623856,16,16,72,62.982457,45.923793,18.546199
17.56,26.88948,16,16,72,63.219274,45.977863,18.653328
17.6,26.154576,16,16,72,63.456261,46.031488,18.760679
17.64,25.419148,16,16,72,63.693418,46.084669,18.868251
17.68,24.683197,16,16,72,63.930744,46.137404,18.976043
17.72,23.946728,16,16,72,64.168238,46.189692,19.084052
17.76,23.209742,16,16,72,64.405898,46.241531,19.192277
17.8,22.472243,16,16,72,64.643725,46.29292,19.300717
17.84,21.734233,16,16,72,64.881717,46.343859,19.409369
17.88,20.995715,16,16,72,65.119873,46.394345,19.518232
17.92,20.256691,16,16,72,65.358192,46.444379,19.627304
17.96,19.517165,16,16,72,65.596675,46.493958,19.736583
18,18.777139,16,16,72,65.835318,46.543081,19.846067
18.04,18.036615,16,16,72,66.074123,46.591747,19.955756
18.08,17.295597,16,16,72,66.313088,46.639956,20.065647
18.12,16.554087,16,16,72,66.552212,46.687706,20.175737
18.16,15.812087,15.812087,15.812087,72,66.791477,46.734995,20.286026
18.2,15.069728,15.069728,15.612087,72,67.030865,46.781823,20.396512
18.24,14.327073,14.327073,15.412087,72,67.270357,46.828189,20.507193
18.28,13.584178,13.584178,15.212087,72,67.509935,46.874092,20.618066
18.32,12.841101,12.841101,15.012087,72,67.74958,46.919531,20.729131
18.36,12.097898,12.097898,14.812087,72,67.989274,46.964504,20.840385
18.4,11.354625,11.354625,14.612087,72,68.229,47.009012,20.951825
18.44,10.611338,10.611338,14.412087,72,68.468738,47.053053,21.063452
18.48,9.8680927,9.8680927,14.212087,72,68.70847,47.096627,21.175261
18.52,9.1249446,9.1249446,14.012087,72,68.94818,47.139732,21.287252
18.56,8.3819486,8.3819486,13.812087,72,69.187849,47.182369,21.399422
18.6,7.6391594,7.6391594,13.612087,72,69.427459,47.224536,21.511769
18.64,6.8966316,6.8966316,13.412087,72,69.666993,47.266233,21.624292
18.68,6.1544191,6.1544191,13.212087,72,69.906433,47.30746,21.736988
18.72,5.412576,5.412576,13.012087,72,70.145762,47.348215,21.849855
18.76,4.6711558,4.6711558,12.812087,72,70.384963,47.388499,21.962891
18.8,3.9302117,3.9302117,12.612087,72,70.624018,47.428311,22.076095
18.84,3.1897969,3.1897969,12.412087,72,70.86291,47.46765,22.189463
18.88,2.449964,2.449964,12.212087,72,71.101622,47.506517,22.302994
18.92,1.7107655,1.7107655,12.012087,72,71.340138,47.544911,22.416686
18.96,0.9722536,0.9722536,11.812087,72,71.578439,47.582832,22.530537
19,0.2344801,0.2344801,11.612087,72,71.816511,47.620279,22.644545
19.04,-0.50250333,-0.50250333,11.412087,72,72.054335,47.657253,22.758707
19.08,-1.2386454,-1.2386454,11.212087,72,72.291895,47.693753,22.873021
19.12,-1.973895,-1.973895,11.012087,72,72.529175,47.72978,22.987485
19.16,-2.7082013,-2.7082013,10.812087,72,72.766158,47.765332,23.102098
19.2,-3.4415138,-3.4415138,10.612087,72,73.002828,47.800411,23.216856
19.24,-4.1737823,-4.1737823,10.412087,72,73.239169,47.835016,23.331758
19.28,-4.9049569,-4.9049569,10.212087,72,73.475164,47.869148,23.446802
19.32,-5.6349876,-5.6349876,10.012087,72,73.710798,47.902806,23.561985
19.36,-6.3638252,-6.3638252,9.8120868,72,73.946054,47.935992,23.677305
19.4,-7.0914205,-7.0914205,9.6120868,72,74.180917,47.968704,23.79276
19.44,-7.8177244,-7.8177244,9.4120868,72,74.41537,48.000943,23.908348
19.48,-8.5426884,-8.5426884,9.2120868,72,74.649399,48.03271,24.024067
19.52,-9.266264,-9.266264,9.0120868,72,74.882986,48.064005,24.139915
19.56,-9.9884031,-9.9884031,8.8120868,72,75.116118,48.094828,24.255888
19.6,-10.709058,-10.709058,8.6120868,72,75.348778,48.12518,24.371986
19.64,-11.42818,-11.42818,8.4120868,72,75.580951,48.155062,24.488206
19.68,-12.145724,-12.145724,8.2120868,72,75.812621,48.184473,24.604546
19.72,-12.86164,-12.86164,8.0120868,72,76.043773,48.213415,24.721004
19.76,-13.575884,-13.575884,7.8120868,72,76.274393,48.241887,24.837577
19.8,-14.288407,-14.288407,7.6120868,72,76.504465,48.269892,24.954264
19.84,-14.999164,-14.999164,7.4120868,72,76.733974,48.297428,25.071062
19.88,-15.708108,-15.708108,7.2120868,72,76.962905,48.324498,25.187968
19.92,-16.415194,-16,7.0120868,72,77.191243,48.351102,25.304982
19.96,-17.120375,-16,6.8120868,72,77.418974,48.37724,25.422101
20,-17.823608,-16,6.6120868,72,77.646083,48.402914,25.539322
20.04,-18.524845,-16,6.4120868,72,77.872555,48.428125,25.656644
20.08,-19.224043,-16,6.2120868,72,78.098375,48.452873,25.774065
20.12,-19.921157,-16,6.0120868,72,78.32353,48.477159,25.891581
20.16,-20.616142,-16,5.8120868,72,78.548005,48.500984,26.009192
20.2,-21.308954,-16,5.6120868,72,78.771786,48.524351,26.126895
20.24,-21.99955,-16,5.4120868,72,78.994858,48.547258,26.244689
20.28,-22.687885,-16,5.2120868,72,79.217208,48.569709,26.36257
20.32,-23.373915,-16,5.0120868,72,79.43882,48.591703,26.480537
20.36,-24.057599,-16,4.8120868,72,79.659682,48.613242,26.598588
20.4,-24.738892,-16,4.6120868,72,79.879779,48.634328,26.716721
20.44,-25.417752,-16,4.4120868,72,80.099098,48.654961,26.834934
20.48,-26.094136,-16,4.2120868,72,80.317624,48.675144,26.953225
20.52,-26.768003,-16,4.0120868,72,80.535344,48.694876,27.071591
20.56,-27.439309,-16,3.8120868,72,80.752245,48.714161,27.190031
20.6,-28.108013,-16,3.6120868,72,80.968313,48.732998,27.308543
20.64,-28.774073,-16,3.4120868,72,81.183533,48.751391,27.427126
20.68,-29.437448,-16,3.2120868,72,81.397894,48.769339,27.545776
20.72,-30.098096,-16,3.0120868,72,81.611382,48.786846,27.664492
20.76,-30.755977,-16,2.8120868,72,81.823983,48.803911,27.783272
20.8,-31.41105,-16,2.6120868,72,82.035684,48.820538,27.902115
20.84,-32.063274,-16,2.4120868,72,82.246472,48.836728,28.021018
20.88,-32.712609,-16,2.2120868,72,82.456334,48.852481,28.139979
20.92,-33.359014,-16,2.0120868,72,82.665257,48.867801,28.258997
20.96,-34.00245,-16,1.8120868,72,82.873228,48.882689,28.37807
21,-34.642878,-16,1.6120868,72,83.080235,48.897147,28.497196
21.04,-35.280256,-16,1.4120868,72,83.286264,48.911176,28.616373
21.08,-35.914547,-16,1.2120868,72,83.491302,48.924778,28.7356
21.12,-36.545711,-16,1.0120868,72,83.695338,48.937956,28.854874
21.16,-37.17371,-16,0.81208677,72,83.898359,48.950711,28.974194
21.2,-37.798504,-16,0.61208677,72,84.100351,48.963046,29.093558
21.24,-38.420055,-16,0.41208677,72,84.301303,48.974961,29.212965
21.28,-39.038325,-16,0.21208677,72,84.501203,48.98646,29.332413
21.32,-39.653276,-16,0.012086771,72,84.700037,48.997545,29.4519
21.36,-40.264869,-16,-0.18791323,72,84.897794,49.008217,29.571425
21.4,-40.873069,-16,-0.38791323,72,85.094462,49.018478,29.690985
21.44,-41.477836,-16,-0.58791323,72,85.290028,49.028332,29.81058
21.48,-42.079133,-16,-0.78791323,72,85.48448,49.037779,29.930207
21.52,-42.676924,-16,-0.98791323,72,85.677807,49.046823,30.049866
21.56,-43.271172,-16,-1.1879132,72,85.869996,49.055465,30.169554
21.6,-43.86184,-16,-1.3879132,72,86.061036,49.063708,30.289271
21.64,-44.448892,-16,-1.5879132,72,86.250915,49.071555,30.409014
21.68,-45.032291,-16,-1.7879132,72,86.439621,49.079007,30.528783
21.72,-45.612001,-16,-1.9879132,72,86.627142,49.086067,30.648575
21.76,-46.187987,-16,-2.1879132,72,86.813468,49.092737,30.768389
21.8,-46.760213,-16,-2.3879132,72,86.998585,49.099021,30.888225
21.84,-47.328642,-16,-2.5879132,72,87.182483,49.104919,31.00808
21.88,-47.893241,-16,-2.7879132,72,87.365151,49.110436,31.127953
21.92,-48.453973,-16,-2.9879132,72,87.546577,49.115573,31.247843
21.96,-49.010805,-16,-3.1879132,72,87.726749,49.120332,31.367748
22,-49.5637,-16,-3.3879132,72,87.905658,49.124718,31.487668
22.04,-50.112625,-16,-3.5879132,72,88.08329,49.128731,31.607601
22.08,-50.657545,-16,-3.7879132,72,88.259636,49.132376,31.727546
22.12,-51.198426,-16,-3.9879132,72,88.434684,49.135654,31.847501
22.16,-51.735234,-16,-4.1879132,72,88.608423,49.138568,31.967465
22.2,-52.267935,-16,-4.3879132,72,88.780842,49.141121,32.087438
22.24,-52.796496,-16,-4.5879132,72,88.95193,49.143316,32.207418
22.28,-53.320883,-16,-4.7879132,72,89.121678,49.145156,32.327404
22.32,-53.841062,-16,-4.9879132,72,89.290072,49.146643,32.447395
22.36,-54.357002,-16,-5.1879132,72,89.457104,49.14778,32.567389
22.4,-54.868667,-16,-5.3879132,72,89.622763,49.14857,32.687387
22.44,-55.376027,-16,-5.5879132,72,89.787037,49.149016,32.807386
22.48,-55.879048,-16,-5.7879132,72,89.949916,49.149121,32.927386
22.52,-56.377698,-16,-5.9879132,72,90.111391,49.148887,33.047386
22.56,-56.871945,-16,-6.1879132,72,90.271449,49.148319,33.167384
22.6,-57.361756,-16,-6.3879132,72,90.430082,49.147418,33.287381
22.64,-57.8471,-16,-6.5879132,72,90.587278,49.146188,33.407375
22.68,-58.327945,-16,-6.7879132,72,90.743028,49.144632,33.527365
22.72,-58.80426,-16,-6.9879132,72,90.897321,49.142753,33.64735
22.76,-59.276012,-16,-7.1879132,72,91.050147,49.140553,33.76733
22.8,-59.743172,-16,-7.3879132,72,91.201496,49.138037,33.887303
22.84,-60.205707,-16,-7.5879132,72,91.351358,49.135207,34.00727
22.88,-60.663587,-16,-7.7879132,72,91.499722,49.132066,34.127229
22.92,-61.116781,-16,-7.9879132,72,91.64658,49.128618,34.247179
22.96,-61.565259,-16,-8.1879132,72,91.791921,49.124866,34.367121
23,-62.00899,-16,-8.3879132,72,91.935735,49.120813,34.487052
23.04,-62.447944,-16,-8.5879132,72,92.078013,49.116461,34.606973
23.08,-62.882091,-16,-8.7879132,72,92.218745,49.111816,34.726883
23.12,-63.311401,-16,-8.9879132,72,92.35792,49.106879,34.846782
23.16,-63.735844,-16,-9.1879132,72,92.495531,49.101654,34.966668
23.2,-64.155391,-16,-9.3879132,72,92.631566,49.096144,35.086541
23.24,-64.570012,-16,-9.5879132,72,92.766016,49.090353,35.206402
23.28,-64.979677,-16,-9.7879132,72,92.898873,49.084284,35.326248
23.32,-65.384359,-16,-9.9879132,72,93.030126,49.077941,35.44608
23.36,-65.784027,-16,-10.187913,72,93.159766,49.071327,35.565898
23.4,-66.178654,-16,-10.387913,72,93.287784,49.064444,35.6857
23.44,-66.56821,-16,-10.587913,72,93.41417,49.057298,35.805487
23.48,-66.952666,-16,-10.787913,72,93.538916,49.049891,35.925258
23.52,-67.331995,-16,-10.987913,72,93.662012,49.042226,36.045013
23.56,-67.706168,-16,-11.187913,72,93.783449,49.034308,36.164752
23.6,-68.075158,-16,-11.387913,72,93.903218,49.02614,36.284474
23.64,-68.438936,-16,-11.587913,72,94.02131,49.017724,36.404178
23.68,-68.797474,-16,-11.787913,72,94.137716,49.009066,36.523865
23.72,-69.150746,-16,-11.987913,72,94.252427,49.000168,36.643535
23.76,-69.498722,-16,-12.187913,72,94.365434,48.991034,36.763187
23.8,-69.841377,-16,-12.387913,72,94.476728,48.981667,36.882821
23.84,-70.178683,-16,-12.587913,72,94.586301,48.972072,37.002437
23.88,-70.510613,-16,-12.787913,72,94.694144,48.962251,37.122034
23.92,-70.83714,-16,-12.987913,72,94.800248,48.95221,37.241613
23.96,-71.158238,-16,-13.187913,72,94.904605,48.94195,37.361174
24,-71.473879,-16,-13.387913,72,95.007205,48.931476,37.480716
24.04,-71.784038,-16,-13.587913,72,95.108041,48.920792,37.600239
24.08,-72.088687,-16,-13.787913,72,95.207103,48.909901,37.719744
24.12,-72.387801,-16,-13.987913,72,95.304384,48.898808,37.83923
24.16,-72.681355,-16,-14.187913,72,95.399875,48.887515,37.958698
24.2,-72.969321,-16,-14.387913,72,95.493567,48.876027,38.078146
24.24,-73.251674,-16,-14.587913,72,95.585453,48.864347,38.197577
24.28,-73.528389,-16,-14.787913,72,95.675523,48.85248,38.316988
24.32,-73.799439,-16,-14.987913,72,95.76377,48.840429,38.436382
24.36,-74.064801,-16,-15.187913,72,95.850186,48.828197,38.555757
24.4,-74.324448,-16,-15.387913,72,95.934762,48.81579,38.675114
24.44,-74.578355,-16,-15.587913,72,96.017491,48.80321,38.794452
24.48,-74.826498,-16,-15.787913,72,96.098363,48.790462,38.913773
24.52,-75.068852,-16,-15.987913,72,96.177372,48.777549,39.033077
24.56,-75.305392,-16,-16,72,96.254525,48.764475,39.152362
24.6,-75.536221,-16,-16,72,96.329834,48.751245,39.271631
24.64,-75.761374,-16,-16,72,96.403307,48.737862,39.390882
24.68,-75.980883,-16,-16,72,96.474955,48.72433,39.510117
24.72,-76.194777,-16,-16,72,96.544788,48.710652,39.629335
24.76,-76.403086,-16,-16,72,96.612814,48.696833,39.748536
24.8,-76.60584,-16,-16,72,96.679043,48.682876,39.867722
24.84,-76.803068,-16,-16,72,96.743486,48.668785,39.986892
24.88,-76.994801,-16,-16,72,96.806152,48.654564,40.106046
24.92,-77.181066,-16,-16,72,96.86705,48.640216,40.225185
24.96,-77.361894,-16,-16,72,96.926189,48.625745,40.344309
25,-77.537314,-16,-16,72,96.98358,48.611155,40.463419
25.04,-77.707353,-16,-16,72,97.03923,48.596449,40.582515
25.08,-77.872042,-16,-16,72,97.093151,48.581631,40.701596
25.12,-78.031408,-16,-16,72,97.14535,48.566705,40.820664
25.16,-78.18548,-16,-16,72,97.195837,48.551673,40.939719
25.2,-78.334286,-16,-16,72,97.244621,48.536541,41.058761
25.24,-78.477855,-16,-16,72,97.291712,48.52131,41.177791
25.28,-78.616213,-16,-16,72,97.337117,48.505985,41.296808
25.32,-78.74939,-16,-16,72,97.380847,48.49057,41.415814
25.36,-78.877412,-16,-16,72,97.422911,48.475067,41.534808
25.4,-79.000307,-16,-16,72,97.463316,48.45948,41.653792
25.44,-79.118102,-16,-16,72,97.502072,48.443812,41.772764
25.48,-79.230825,-16,-16,72,97.539188,48.428068,41.891727
25.52,-79.338503,-16,-16,72,97.574672,48.41225,42.01068
25.56,-79.441162,-16,-16,72,97.608533,48.396361,42.129623
25.6,-79.53883,-16,-16,72,97.640781,48.380406,42.248558
25.64,-79.631532,-16,-16,72,97.671422,48.364387,42.367484
25.68,-79.719296,-16,-16,72,97.700467,48.348307,42.486402
25.72,-79.802148,-16,-16,72,97.727923,48.332171,42.605312
25.76,-79.880114,-16,-16,72,97.753799,48.315981,42.724215
25.8,-79.95322,-16,-16,72,97.778104,48.299741,42.843111
25.84,-80.021491,-16,-16,72,97.800845,48.283453,42.962
25.88,-80.084955,-16,-16,72,97.822031,48.267121,43.080884
25.92,-80.143635,-16,-16,72,97.841671,48.250749,43.199762
25.96,-80.197559,-16,-16,72,97.859772,48.234339,43.318634
26,-80.246751,-16,-16,72,97.876344,48.217895,43.437502
26.04,-80.291236,-16,-16,72,97.891393,48.201419,43.556366
26.08,-80.33104,-16,-16,72,97.904928,48.184916,43.675225
26.12,-80.366188,-16,-16,72,97.916958,48.168387,43.794082
26.16,-80.396704,-16,-16,72,97.92749,48.151837,43.912935
26.2,-80.422613,-16,-16,72,97.936532,48.135268,44.031786
26.24,-80.443939,-16,-16,72,97.944092,48.118683,44.150634
26.28,-80.460708,-16,-16,72,97.950179,48.102086,44.269481
26.32,-80.472943,-16,-16,72,97.954799,48.085478,44.388326
26.36,-80.480669,-16,-16,72,97.957961,48.068865,44.50717
26.4,-80.483909,-16,-16,72,97.959673,48.052248,44.626014
26.44,-80.482688,-16,-16,72,97.959942,48.03563,44.744858
26.48,-80.477029,-16,-16,72,97.958776,48.019015,44.863702
26.52,-80.466957,-16,-16,72,97.956182,48.002405,44.982547
26.56,-80.452494,-16,-16,72,97.952169,47.985803,45.101393
26.6,-80.433663,-16,-16,72,97.946743,47.969213,45.220241
26.64,-80.410489,-16,-16,72,97.939913,47.952637,45.33909
26.68,-80.382995,-16,-16,72,97.931686,47.936078,45.457942
26.72,-80.351203,-16,-16,72,97.922069,47.919539,45.576797
26.76,-80.315136,-16,-16,72,97.911069,47.903022,45.695655
26.8,-80.274818,-16,-16,72,97.898695,47.886532,45.814517
26.84,-80.23027,-16,-16,72,97.884953,47.87007,45.933382
26.88,-80.181516,-16,-16,72,97.869851,47.853639,46.052252
26.92,-80.128578,-16,-16,72,97.853396,47.837242,46.171126
26.96,-80.071478,-16,-16,72,97.835595,47.820882,46.290006
27,-80.010238,-16,-16,72,97.816455,47.804562,46.408891
27.04,-79.944881,-16,-16,72,97.795984,47.788285,46.527782
27.08,-79.875428,-16,-16,72,97.774188,47.772053,46.646679
27.12,-79.801902,-16,-16,72,97.751075,47.755868,46.765583
27.16,-79.724323,-16,-16,72,97.726651,47.739735,46.884493
27.2,-79.642714,-16,-16,72,97.700925,47.723654,47.003411
27.24,-79.557096,-16,-16,72,97.673902,47.70763,47.122336
27.28,-79.467491,-16,-16,72,97.645589,47.691665,47.241269
27.32,-79.373919,-16,-16,72,97.615994,47.675761,47.360211
27.36,-79.276402,-16,-16,72,97.585123,47.659921,47.479161
27.4,-79.174961,-16,-16,72,97.552983,47.644148,47.59812
27.44,-79.069617,-16,-16,72,97.519581,47.628444,47.717088
27.48,-78.960391,-16,-16,72,97.484923,47.612812,47.836065
27.52,-78.847303,-16,-16,72,97.449017,47.597255,47.955052
27.56,-78.730374,-16,-16,72,97.411869,47.581775,48.07405
27.6,-78.609625,-16,-16,72,97.373485,47.566374,48.193057
27.64,-78.485075,-16,-16,72,97.333872,47.551056,48.312076
27.68,-78.356745,-16,-16,72,97.293037,47.535823,48.431105
27.72,-78.224656,-16,-16,72,97.250986,47.520677,48.550145
27.76,-78.088827,-16,-16,72,97.207726,47.505621,48.669197
27.8,-77.949278,-16,-16,72,97.163262,47.490657,48.78826
27.84,-77.80603,-16,-16,72,97.117603,47.475789,48.907336
27.88,-77.659101,-16,-16,72,97.070753,47.461017,49.026423
27.92,-77.508511,-16,-16,72,97.02272,47.446346,49.145523
27.96,-77.354281,-16,-16,72,96.973509,47.431776,49.264635
28,-77.196429,-16,-16,72,96.923127,47.417312,49.38376
28.04,-77.034975,-16,-16,72,96.87158,47.402955,49.502898
28.08,-76.869937,-16,-16,72,96.818875,47.388707,49.622049
28.12,-76.701336,-16,-16,72,96.765017,47.374571,49.741214
28.16,-76.52919,-16,-16,72,96.710012,47.36055,49.860392
28.2,-76.353518,-16,-16,72,96.653867,47.346645,49.979583
28.24,-76.174338,-16,-16,72,96.596589,47.33286,50.098789
28.28,-75.99167,-16,-16,72,96.538182,47.319196,50.218009
28.32,-75.805532,-16,-16,72,96.478653,47.305656,50.337242
28.36,-75.615943,-16,-16,72,96.418008,47.292242,50.45649
28.4,-75.42292,-16,-16,72,96.356252,47.278957,50.575753
28.44,-75.226483,-16,-16,72,96.293393,47.265803,50.695029
28.48,-75.026649,-16,-16,72,96.229435,47.252782,50.814321
28.52,-74.823437,-16,-16,72,96.164384,47.239896,50.933627
28.56,-74.616865,-16,-16,72,96.098247,47.227148,51.052948
28.6,-74.40695,-16,-16,72,96.031029,47.21454,51.172284
28.64,-74.193711,-16,-16,72,95.962736,47.202074,51.291634
28.68,-73.977164,-16,-16,72,95.893374,47.189753,51.411
28.72,-73.757329,-16,-16,72,95.822948,47.177578,51.530381
28.76,-73.534222,-16,-16,72,95.751464,47.165552,51.649777
28.8,-73.30786,-16,-16,72,95.678928,47.153678,51.769188
28.84,-73.078262,-16,-16,72,95.605344,47.141957,51.888614
28.88,-72.845444,-16,-16,72,95.53072,47.130391,52.008056
28.92,-72.609423,-16,-16,72,95.45506,47.118984,52.127512
28.96,-72.370217,-16,-16,72,95.37837,47.107736,52.246984
29,-72.127843,-16,-16,72,95.300656,47.09665,52.366471
29.04,-71.882317,-16,-16,72,95.221922,47.085728,52.485973
29.08,-71.633657,-16,-16,72,95.142175,47.074973,52.60549
29.12,-71.381878,-16,-16,72,95.061419,47.064386,52.725022
29.16,-71.126998,-16,-16,72,94.97966,47.05397,52.844569
29.2,-70.869034,-16,-16,72,94.896904,47.043726,52.964131
29.24,-70.608001,-16,-16,72,94.813156,47.033657,53.083708
29.28,-70.343916,-16,-16,72,94.728421,47.023765,53.203299
29.32,-70.076795,-16,-16,72,94.642704,47.014052,53.322905
29.36,-69.806655,-16,-16,72,94.55601,47.00452,53.442526
29.4,-69.533512,-16,-16,72,94.468346,46.995171,53.562162
29.44,-69.257381,-16,-16,72,94.379715,46.986008,53.681811
29.48,-68.978278,-16,-16,72,94.290123,46.977031,53.801475
29.52,-68.69622,-16,-16,72,94.199576,46.968243,53.921153
29.56,-68.411222,-16,-16,72,94.108078,46.959646,54.040844
29.6,-68.1233,-16,-16,72,94.015634,46.951243,54.16055
29.64,-67.83247,-16,-16,72,93.92225,46.943035,54.280269
29.68,-67.538746,-16,-16,72,93.82793,46.935023,54.400001
29.72,-67.242145,-16,-16,72,93.73268,46.927211,54.519746
29.76,-66.942681,-16,-16,72,93.636504,46.9196,54.639505
29.8,-66.64037,-16,-16,72,93.539407,46.912192,54.759276
29.84,-66.335228,-16,-16,72,93.441395,46.904989,54.87906
29.88,-66.027269,-16,-16,72,93.342472,46.897992,54.998855
29.92,-65.716508,-16,-16,72,93.242642,46.891204,55.118663
29.96,-65.40296,-16,-16,72,93.141912,46.884627,55.238483
30,-65.08664,-16,-16,72,93.040285,46.878263,55.358314
30.04,-64.767564,-16,-16,72,92.937767,46.872113,55.478156
30.08,-64.445745,-16,-16,72,92.834362,46.866179,55.598009
30.12,-64.121198,-16,-16,72,92.730074,46.860463,55.717873
30.16,-63.793938,-16,-16,72,92.62491,46.854967,55.837747
30.2,-63.463979,-16,-16,72,92.518872,46.849693,55.957631
30.24,-63.131335,-16,-16,72,92.411967,46.844643,56.077525
30.28,-62.796022,-16,-16,72,92.304198,46.839819,56.197428
30.32,-62.458053,-16,-16,72,92.19557,46.835221,56.31734
30.36,-62.117442,-16,-16,72,92.086088,46.830853,56.43726
30.4,-61.774203,-16,-16,72,91.975756,46.826716,56.557189
30.44,-61.428351,-16,-16,72,91.864579,46.822812,56.677126
30.48,-61.0799,-16,-16,72,91.752562,46.819142,56.797069
30.52,-60.728862,-16,-16,72,91.639708,46.815708,56.91702
30.56,-60.375253,-16,-16,72,91.526023,46.812512,57.036978
30.6,-60.019086,-16,-16,72,91.41151,46.809556,57.156941
30.64,-59.660373,-16,-16,72,91.296174,46.806842,57.276911
30.68,-59.29913,-16,-16,72,91.18002,46.804371,57.396885
30.72,-58.93537,-16,-16,72,91.063052,46.802144,57.516865
30.76,-58.569105,-16,-16,72,90.945274,46.800165,57.636848
30.8,-58.200349,-16,-16,72,90.826691,46.798433,57.756836
30.84,-57.829116,-16,-16,72,90.707306,46.796952,57.876827
30.88,-57.455419,-16,-16,72,90.587125,46.795722,57.99682
30.92,-57.07927,-16,-16,72,90.466151,46.794746,58.116816
30.96,-56.700684,-16,-16,72,90.344388,46.794025,58.236814
31,-56.319673,-16,-16,72,90.221842,46.79356,58.356813
31.04,-55.936249,-16,-16,72,90.098515,46.793354,58.476813
31.08,-55.550426,-16,-16,72,89.974412,46.793407,58.596813
31.12,-55.162217,-16,-16,72,89.849538,46.793722,58.716813
31.16,-54.771634,-16,-16,72,89.723896,46.794301,58.836811
31.2,-54.37869,-16,-16,72,89.597491,46.795144,58.956808
31.24,-53.983398,-16,-16,72,89.470326,46.796253,59.076803
31.28,-53.585769,-16,-16,72,89.342406,46.79763,59.196795
31.32,-53.185817,-16,-16,72,89.213734,46.799277,59.316784
31.36,-52.783555,-16,-16,72,89.084315,46.801195,59.436769
31.4,-52.378993,-16,-16,72,88.954153,46.803385,59.556749
31.44,-51.972145,-16,-16,72,88.823252,46.805849,59.676723
31.48,-51.563022,-16,-16,72,88.691614,46.808589,59.796692
31.52,-51.151637,-16,-16,72,88.559246,46.811607,59.916654
31.56,-50.738003,-16,-16,72,88.426149,46.814902,60.036609
31.6,-50.32213,-16,-16,72,88.292329,46.818478,60.156556
31.64,-49.904031,-16,-16,72,88.157789,46.822336,60.276494
31.68,-49.483717,-16,-16,72,88.022533,46.826477,60.396422
31.72,-49.061202,-16,-16,72,87.886565,46.830902,60.51634
31.76,-48.636495,-16,-16,72,87.749888,46.835614,60.636248
31.8,-48.209609,-16,-16,72,87.612507,46.840613,60.756144
31.84,-47.780556,-16,-16,72,87.474425,46.8459,60.876027
31.88,-47.349347,-16,-16,72,87.335646,46.851479,60.995897
31.92,-46.915994,-16,-16,72,87.196173,46.857349,61.115754
31.96,-46.480508,-16,-16,72,87.05601,46.863512,61.235595
32,-46.0429,-16,-16,72,86.915161,46.86997,61.355422
32.04,-45.603182,-16,-16,72,86.77363,46.876723,61.475231
32.08,-45.161365,-16,-16,72,86.631421,46.883774,61.595024
32.12,-44.71746,-16,-16,72,86.488536,46.891124,61.714799
32.16,-44.271478,-16,-16,72,86.344979,46.898774,61.834555
32.2,-43.823431,-16,-16,72,86.200755,46.906725,61.954291
32.24,-43.373329,-16,-16,72,86.055866,46.914979,62.074007
32.28,-42.921184,-16,-16,72,85.910316,46.923537,62.193701
32.32,-42.467006,-16,-16,72,85.764109,46.932401,62.313373
32.36,-42.010806,-16,-16,72,85.617248,46.941571,62.433022
32.4,-41.552595,-16,-16,72,85.469737,46.95105,62.552648
32.44,-41.092383,-16,-16,72,85.321579,46.960837,62.672248
32.48,-40.630182,-16,-16,72,85.172777,46.970935,62.791822
32.52,-40.166002,-16,-16,72,85.023336,46.981345,62.91137
32.56,-39.699853,-16,-16,72,84.873257,46.992068,63.03089
32.6,-39.231747,-16,-16,72,84.722546,47.003106,63.150381
32.64,-38.761692,-16,-16,72,84.571205,47.014459,63.269843
32.68,-38.289701,-16,-16,72,84.419238,47.026129,63.389274
32.72,-37.815782,-16,-16,72,84.266647,47.038117,63.508674
32.76,-37.339947,-16,-16,72,84.113436,47.050424,63.628041
32.8,-36.862206,-16,-16,72,83.95961,47.063051,63.747375
32.84,-36.382568,-16,-16,72,83.805169,47.076,63.866674
32.88,-35.901045,-16,-16,72,83.650119,47.089272,63.985938
32.92,-35.417645,-16,-16,72,83.494463,47.102868,64.105165
32.96,-34.932379,-16,-16,72,83.338203,47.116789,64.224355
33,-34.445257,-16,-16,72,83.181342,47.131037,64.343506
33.04,-33.956289,-16,-16,72,83.023885,47.145611,64.462618
33.08,-33.465485,-16,-16,72,82.865834,47.160514,64.581689
33.12,-32.972854,-16,-16,72,82.707192,47.175747,64.700718
33.16,-32.478407,-16,-16,72,82.547963,47.191311,64.819704
33.2,-31.982152,-16,-16,72,82.388149,47.207206,64.938647
33.24,-31.484099,-16,-16,72,82.227754,47.223434,65.057544
33.28,-30.984259,-16,-16,72,82.066781,47.239997,65.176396
33.32,-30.482641,-16,-16,72,81.905232,47.256894,65.2952
33.36,-29.979254,-16,-16,72,81.743112,47.274127,65.413956
33.4,-29.474107,-16,-16,72,81.580423,47.291698,65.532663
33.44,-28.96721,-16,-16,72,81.417168,47.309607,65.651319
33.48,-28.458573,-16,-16,72,81.25335,47.327854,65.769924
33.52,-27.948204,-16,-16,72,81.088972,47.346443,65.888475
33.56,-27.436112,-16,-16,72,80.924037,47.365372,66.006973
33.6,-26.922308,-16,-16,72,80.758548,47.384643,66.125415
33.64,-26.4068,-16,-16,72,80.592509,47.404258,66.243802
33.68,-25.889598,-16,-16,72,80.425921,47.424217,66.36213
33.72,-25.370709,-16,-16,72,80.258788,47.44452,66.4804
33.76,-24.850144,-16,-16,72,80.091113,47.46517,66.59861
33.8,-24.327911,-16,-16,72,79.922898,47.486167,66.716759
33.84,-23.804019,-16,-16,72,79.754147,47.507512,66.834845
33.88,-23.278476,-16,-16,72,79.584862,47.529205,66.952868
33.92,-22.751293,-16,-16,72,79.415047,47.551248,67.070826
33.96,-22.222477,-16,-16,72,79.244704,47.573642,67.188718
34,-21.692038,-16,-16,72,79.073836,47.596387,67.306543
34.04,-21.159983,-16,-16,72,78.902445,47.619485,67.424299
34.08,-20.626321,-16,-16,72,78.730535,47.642936,67.541985
34.12,-20.091062,-16,-16,72,78.558108,47.666741,67.6596
34.16,-19.554213,-16,-16,72,78.385167,47.6909,67.777143
34.2,-19.015783,-16,-16,72,78.211715,47.715416,67.894612
34.24,-18.475781,-16,-16,72,78.037754,47.740288,68.012006
34.28,-17.934215,-16,-16,72,77.863288,47.765517,68.129324
34.32,-17.391093,-16,-16,72,77.688318,47.791105,68.246564
34.36,-16.846423,-16,-16,72,77.512848,47.817051,68.363726
34.4,-16.300214,-16,-16,72,77.33688,47.843358,68.480807
34.44,-15.752474,-15.752474,-15.8,72,77.160435,47.870024,68.597806
34.48,-15.203347,-15.203347,-15.6,72,76.983534,47.897052,68.714723
34.52,-14.652897,-14.652897,-15.4,72,76.806196,47.924441,68.831555
34.56,-14.101185,-14.101185,-15.2,72,76.628441,47.952193,68.948302
34.6,-13.548275,-13.548275,-15,72,76.450291,47.980308,69.064962
34.64,-12.994227,-12.994227,-14.8,72,76.271765,48.008786,69.181534
34.68,-12.439105,-12.439105,-14.6,72,76.092883,48.037628,69.298017
34.72,-11.882968,-11.882968,-14.4,72,75.913665,48.066834,69.414408
34.76,-11.325878,-11.325878,-14.2,72,75.73413,48.096404,69.530708
34.8,-10.767896,-10.767896,-14,72,75.554298,48.12634,69.646914
34.84,-10.209082,-10.209082,-13.8,72,75.374189,48.156641,69.763025
34.88,-9.6494957,-9.6494957,-13.6,72,75.193822,48.187307,69.879041
34.92,-9.089197,-9.089197,-13.4,72,75.013216,48.218338,69.994959
34.96,-8.5282452,-8.5282452,-13.2,72,74.832391,48.249735,70.110779
35,-7.9666993,-7.9666993,-13,72,74.651366,48.281498,70.226499
35.04,-7.4046181,-7.4046181,-12.8,72,74.470159,48.313627,70.342118
35.08,-6.84206,-6.84206,-12.6,72,74.288789,48.346122,70.457634
35.12,-6.2790831,-6.2790831,-12.4,72,74.107276,48.378982,70.573047
35.16,-5.7157451,-5.7157451,-12.2,72,73.925637,48.412208,70.688356
35.2,-5.1521036,-5.1521036,-12,72,73.743893,48.4458,70.803558
35.24,-4.5882156,-4.5882156,-11.8,72,73.56206,48.479757,70.918653
35.28,-4.0241382,-4.0241382,-11.6,72,73.380158,48.51408,71.03364
35.32,-3.4599277,-3.4599277,-11.4,72,73.198204,48.548767,71.148518
35.36,-2.8956406,-2.8956406,-11.2,72,73.016217,48.583819,71.263284
35.4,-2.3313328,-2.3313328,-11,72,72.834215,48.619236,71.377939
35.44,-1.7670598,-1.7670598,-10.8,72,72.652217,48.655016,71.49248
35.48,-1.2028772,-1.2028772,-10.6,72,72.470239,48.69116,71.606907
35.52,-0.63883988,-0.63883988,-10.4,72,72.2883,48.727668,71.721219
35.56,-0.075002723,-0.075002723,-10.2,72,72.106417,48.764538,71.835415
35.6,0.48857982,0.48857982,-10,72,71.924608,48.80177,71.949493
35.64,1.0518535,1.0518535,-9.8,72,71.742891,48.839364,72.063452
35.68,1.6147645,1.6147645,-9.6,72,71.561283,48.877319,72.177291
35.72,2.1772592,2.1772592,-9.4,72,71.379801,48.915634,72.29101
35.76,2.7392842,2.7392842,-9.2,72,71.198463,48.954309,72.404607
35.8,3.3007865,3.3007865,-9,72,71.017286,48.993343,72.518081
35.84,3.8617133,3.8617133,-8.8,72,70.836286,49.032735,72.631431
35.88,4.4220122,4.4220122,-8.6,72,70.655481,49.072485,72.744656
35.92,4.9816309,4.9816309,-8.4,72,70.474888,49.112591,72.857756
35.96,5.5405174,5.5405174,-8.2,72,70.294523,49.153053,72.970728
36,6.0986203,6.0986203,-8,72,70.114403,49.19387,73.083573
36.04,6.6558881,6.6558881,-7.8,72,69.934545,49.235042,73.196289
36.08,7.2122696,7.2122696,-7.6,72,69.754966,49.276566,73.308876
36.12,7.7677141,7.7677141,-7.4,72,69.575681,49.318442,73.421332
36.16,8.322171,8.322171,-7.2,72,69.396707,49.36067,73.533657
36.2,8.8755901,8.8755901,-7,72,69.218061,49.403247,73.645849
36.24,9.4279212,9.4279212,-6.8,72,69.039758,49.446174,73.757909
36.28,9.9791148,9.9791148,-6.6,72,68.861814,49.489448,73.869834
36.32,10.529121,10.529121,-6.4,72,68.684246,49.533069,73.981625
36.36,11.077891,11.077891,-6.2,72,68.50707,49.577035,74.093281
36.4,11.625376,11.625376,-6,72,68.330301,49.621346,74.2048
36.44,12.171527,12.171527,-5.8,72,68.153955,49.665999,74.316183
36.48,12.716295,12.716295,-5.6,72,67.978048,49.710995,74.427427
36.52,13.259633,13.259633,-5.4,72,67.802595,49.756331,74.538534
36.56,13.801492,13.801492,-5.2,72,67.627612,49.802006,74.649501
36.6,14.341825,14.341825,-5,72,67.453115,49.848018,74.760329
36.64,14.880584,14.880584,-4.8,72,67.279118,49.894367,74.871017
36.68,15.417723,15.417723,-4.6,72,67.105636,49.941051,74.981564
36.72,15.953194,15.953194,-4.4,72,66.932686,49.988069,75.091969
36.76,16.48695,16,-4.2,72,66.760282,50.035418,75.202233
36.8,17.018946,16,-4,72,66.588438,50.083098,75.312354
36.84,17.549135,16,-3.8,72,66.417171,50.131107,75.422332
36.88,18.077471,16,-3.6,72,66.246495,50.179444,75.532166
36.92,18.603909,16,-3.4,72,66.076424,50.228106,75.641857
36.96,19.128402,16,-3.2,72,65.906974,50.277092,75.751403
37,19.650907,16,-3,72,65.738159,50.326401,75.860804
37.04,20.171377,16,-2.8,72,65.569993,50.376031,75.97006
37.08,20.689769,16,-2.6,72,65.402491,50.42598,76.07917
37.12,21.206038,16,-2.4,72,65.235667,50.476246,76.188135
37.16,21.720139,16,-2.2,72,65.069536,50.526828,76.296953
37.2,22.232028,16,-2,72,64.904112,50.577724,76.405625
37.24,22.741663,16,-1.8,72,64.739408,50.628933,76.514151
37.28,23.248998,16,-1.6,72,64.57544,50.680451,76.622529
37.32,23.753992,16,-1.4,72,64.412221,50.732279,76.73076
37.36,24.256601,16,-1.2,72,64.249765,50.784412,76.838843
37.4,24.756781,16,-1,72,64.088086,50.836851,76.946779
37.44,25.254492,16,-0.8,72,63.927197,50.889593,77.054568
37.48,25.749689,16,-0.6,72,63.767112,50.942635,77.162208
37.52,26.242331,16,-0.4,72,63.607846,50.995977,77.269701
37.56,26.732376,16,-0.2,72,63.449411,51.049615,77.377046
37.6,27.219783,16,1.6449431e-14,72,63.291821,51.103549,77.484243
37.64,27.70451,16,0.2,72,63.135089,51.157775,77.591292
37.68,28.186515,16,0.4,72,62.97923,51.212293,77.698193
37.72,28.665757,16,0.6,72,62.824255,51.2671,77.804946
37.76,29.142197,16,0.8,72,62.670178,51.322193,77.911551
37.8,29.615792,16,1,72,62.517013,51.377571,78.018009
37.84,30.086504,16,1.2,72,62.364772,51.433232,78.124319
37.88,30.554291,16,1.4,72,62.213469,51.489174,78.230482
37.92,31.019113,16,1.6,72,62.063115,51.545393,78.336498
37.96,31.480932,16,1.8,72,61.913725,51.601889,78.442366
38,31.939706,16,2,72,61.765311,51.65866,78.548088
38.04,32.395398,16,2.2,72,61.617886,51.715702,78.653664
38.08,32.847968,16,2.4,72,61.471462,51.773013,78.759094
38.12,33.297377,16,2.6,72,61.326052,51.830592,78.864377
38.16,33.743586,16,2.8,72,61.181668,51.888436,78.969516
38.2,34.186557,16,3,72,61.038323,51.946543,79.074509
38.24,34.626251,16,3.2,72,60.896029,52.004911,79.179358
38.28,35.062631,16,3.4,72,60.754799,52.063536,79.284062
38.32,35.495659,16,3.6,72,60.614645,52.122418,79.388623
38.36,35.925297,16,3.8,72,60.475578,52.181553,79.49304
38.4,36.351507,16,4,72,60.337612,52.24094,79.597315
38.44,36.774252,16,4.2,72,60.200758,52.300576,79.701448
38.48,37.193495,16,4.4,72,60.065028,52.360458,79.805439
38.52,37.6092,16,4.6,72,59.930434,52.420584,79.909289
38.56,38.021329,16,4.8,72,59.796987,52.480952,80.012999
38.6,38.429846,16,5,72,59.664701,52.541559,80.116569
38.64,38.834716,16,5.2,72,59.533586,52.602403,80.22
38.68,39.2359,16,5.4,72,59.403654,52.663481,80.323293
38.72,39.633365,16,5.6,72,59.274917,52.724791,80.426448
38.76,40.027074,16,5.8,72,59.147386,52.786331,80.529467
38.8,40.416991,16,6,72,59.021073,52.848098,80.63235
38.84,40.803082,16,6.2,72,58.895989,52.910089,80.735098
38.88,41.18531,16,6.4,72,58.772146,52.972302,80.837711
38.92,41.563642,16,6.6,72,58.649555,53.034735,80.940191
38.96,41.938042,16,6.8,72,58.528226,53.097384,81.042539
39,42.308476,16,7,72,58.408172,53.160248,81.144755
39.04,42.674909,16,7.2,72,58.289404,53.223323,81.246841
39.08,43.037308,16,7.4,72,58.171931,53.286608,81.348797
39.12,43.395637,16,7.6,72,58.055767,53.350099,81.450624
39.16,43.749864,16,7.8,72,57.94092,53.413794,81.552325
39.2,44.099955,16,8,72,57.827403,53.477691,81.653898
39.24,44.445876,16,8.2,72,57.715227,53.541786,81.755347
39.28,44.787593,16,8.4,72,57.604401,53.606078,81.856671
39.32,45.125074,16,8.6,72,57.494936,53.670563,81.957872
39.36,45.458286,16,8.8,72,57.386844,53.735238,82.058952
39.4,45.787196,16,9,72,57.280135,53.800102,82.159911
39.44,46.111771,16,9.2,72,57.17482,53.865152,82.26075
39.48,46.431979,16,9.4,72,57.070908,53.930384,82.361471
39.52,46.747788,16,9.6,72,56.968411,53.995796,82.462076
39.56,47.059165,16,9.8,72,56.867338,54.061385,82.562565
39.6,47.366079,16,10,72,56.7677,54.12715,82.662939
39.64,47.668498,16,10.2,72,56.669508,54.193086,82.763201
39.68,47.96639,16,10.4,72,56.572771,54.259191,82.863351
39.72,48.259724,16,10.6,72,56.4775,54.325463,82.963392
39.76,48.548469,16,10.8,72,56.383705,54.391898,83.063323
39.8,48.832593,16,11,72,56.291396,54.458494,83.163148
39.84,49.112066,16,11.2,72,56.200582,54.525249,83.262867
39.88,49.386857,16,11.4,72,56.111274,54.592159,83.362481
39.92,49.656935,16,11.6,72,56.023482,54.659221,83.461993
39.96,49.92227,16,11.8,72,55.937215,54.726433,83.561404
40,50.182832,16,12,72,55.852484,54.793792,83.660716
40.04,50.43859,16,12.2,72,55.769298,54.861295,83.759929
40.08,50.689515,16,12.4,72,55.687666,54.92894,83.859046
40.12,50.935577,16,12.6,72,55.607599,54.996723,83.958069
40.16,51.176746,16,12.8,72,55.529106,55.064641,84.056999
40.2,51.412993,16,13,72,55.452196,55.132692,84.155837
40.24,51.644288,16,13.2,72,55.376879,55.200874,84.254586
40.28,51.870603,16,13.4,72,55.303164,55.269182,84.353247
40.32,52.091908,16,13.6,72,55.231061,55.337614,84.451822
40.36,52.308175,16,13.8,72,55.160579,55.406167,84.550313
40.4,52.519375,16,14,72,55.091727,55.474839,84.648721
40.44,52.725478,16,14.2,72,55.024515,55.543626,84.747049
40.48,52.926458,16,14.4,72,54.958952,55.612526,84.845298
40.52,53.122286,16,14.6,72,54.895046,55.681535,84.94347
40.56,53.312933,16,14.8,72,54.832807,55.750651,85.041567
40.6,53.498372,16,15,72,54.772244,55.81987,85.139591
40.64,53.678575,16,15.2,72,54.713367,55.88919,85.237543
40.68,53.853514,16,15.4,72,54.656183,55.958608,85.335427
40.72,54.023162,16,15.6,72,54.600701,56.02812,85.433243
40.76,54.187491,16,15.8,72,54.546932,56.097725,85.530994
40.8,54.346475,16,16,72,54.494882,56.167418,85.628681
40.84,54.500086,16,16,72,54.444544,56.237197,85.726308
40.88,54.648434,16,16,72,54.395908,56.307058,85.823875
40.92,54.791546,16,16,72,54.348965,56.377,85.921385
40.96,54.929451,16,16,72,54.303706,56.447019,86.018839
41,55.062177,16,16,72,54.260122,56.517111,86.116241
41.04,55.18975,16,16,72,54.218204,56.587275,86.21359
41.08,55.312199,16,16,72,54.177943,56.657508,86.310891
41.12,55.42955,16,16,72,54.139331,56.727806,86.408144
41.16,55.541831,16,16,72,54.102358,56.798166,86.505352
41.2,55.64907,16,16,72,54.067015,56.868587,86.602517
41.24,55.751292,16,16,72,54.033295,56.939065,86.69964
41.28,55.848525,16,16,72,54.001189,57.009597,86.796723
41.32,55.940796,16,16,72,53.970687,57.080181,86.893769
41.36,56.02813,16,16,72,53.941781,57.150814,86.99078
41.4,56.110554,16,16,72,53.914463,57.221493,87.087756
41.44,56.188094,16,16,72,53.888725,57.292215,87.184701
41.48,56.260777,16,16,72,53.864557,57.362979,87.281616
41.52,56.328627,16,16,72,53.841952,57.433781,87.378503
41.56,56.391672,16,16,72,53.820901,57.504618,87.475364
41.6,56.449937,16,16,72,53.801396,57.575488,87.572201
41.64,56.503446,16,16,72,53.783428,57.646389,87.669016
41.68,56.552226,16,16,72,53.76699,57.717318,87.76581
41.72,56.596302,16,16,72,53.752073,57.788271,87.862586
41.76,56.635698,16,16,72,53.73867,57.859247,87.959346
41.8,56.67044,16,16,72,53.726771,57.930244,88.05609
41.84,56.700553,16,16,72,53.71637,58.001258,88.152822
41.88,56.726061,16,16,72,53.707457,58.072287,88.249542
41.92,56.746988,16,16,72,53.700026,58.143328,88.346254
41.96,56.76336,16,16,72,53.694068,58.21438,88.442958
42,56.775201,16,16,72,53.689575,58.285439,88.539656
42.04,56.782534,16,16,72,53.68654,58.356503,88.636351
42.08,56.785384,16,16,72,53.684955,58.42757,88.733044
42.12,56.783774,16,16,72,53.684811,58.498638,88.829736
42.16,56.777729,16,16,72,53.686103,58.569703,88.926431
42.2,56.767272,16,16,72,53.68882,58.640763,89.023128
42.24,56.752427,16,16,72,53.692957,58.711817,89.119831
42.28,56.733216,16,16,72,53.698506,58.782861,89.21654
42.32,56.709664,16,16,72,53.705458,58.853893,89.313258
42.36,56.681794,16,16,72,53.713807,58.924911,89.409987
42.4,56.649628,16,16,72,53.723545,58.995913,89.506728
42.44,56.613189,16,16,72,53.734665,59.066896,89.603482
42.48,56.5725,16,16,72,53.747159,59.137858,89.700252
42.52,56.527585,16,16,72,53.76102,59.208797,89.797039
42.56,56.478464,16,16,72,53.77624,59.27971,89.893845
42.6,56.425162,16,16,72,53.792814,59.350594,89.990671
42.64,56.367699,16,16,72,53.810732,59.421449,90.087519
42.68,56.306099,16,16,72,53.829988,59.492271,90.184392
42.72,56.240384,16,16,72,53.850575,59.563058,90.28129
42.76,56.170574,16,16,72,53.872486,59.633808,90.378214
42.8,56.096693,16,16,72,53.895714,59.704519,90.475168
42.84,56.018762,16,16,72,53.920252,59.775188,90.572152
42.88,55.936802,16,16,72,53.946092,59.845814,90.669167
42.92,55.850835,16,16,72,53.973228,59.916393,90.766216
42.96,55.760882,16,16,72,54.001653,59.986925,90.8633
43,55.666965,16,16,72,54.031359,60.057406,90.960421
43.04,55.569105,16,16,72,54.062341,60.127834,91.05758
43.08,55.467322,16,16,72,54.094592,60.198208,91.154778
43.12,55.361639,16,16,72,54.128104,60.268525,91.252018
43.16,55.252074,16,16,72,54.162871,60.338783,91.3493
43.2,55.13865,16,16,72,54.198886,60.40898,91.446626
43.24,55.021387,16,16,72,54.236142,60.479114,91.543998
43.28,54.900304,16,16,72,54.274634,60.549182,91.641417
43.32,54.775424,16,16,72,54.314353,60.619182,91.738885
43.36,54.646765,16,16,72,54.355295,60.689113,91.836402
43.4,54.514349,16,16,72,54.397452,60.758972,91.933971
43.44,54.378194,16,16,72,54.440817,60.828757,92.031593
43.48,54.238321,16,16,72,54.485385,60.898467,92.129269
43.52,54.094751,16,16,72,54.531149,60.968098,92.227001
43.56,53.947501,16,16,72,54.578102,61.037649,92.324789
43.6,53.796593,16,16,72,54.626239,61.107118,92.422637
43.64,53.642046,16,16,72,54.675552,61.176503,92.520544
43.68,53.483879,16,16,72,54.726036,61.245801,92.618512
43.72,53.322111,16,16,72,54.777684,61.315011,92.716542
43.76,53.156762,16,16,72,54.830491,61.384131,92.814636
43.8,52.98785,16,16,72,54.884449,61.453158,92.912795
43.84,52.815395,16,16,72,54.939553,61.522091,93.011021
43.88,52.639416,16,16,72,54.995797,61.590927,93.109314
43.92,52.459931,16,16,72,55.053175,61.659665,93.207676
43.96,52.276959,16,16,72,55.11168,61.728303,93.306108
44,52.090519,16,16,72,55.171307,61.796838,93.404612
44.04,51.900629,16,16,72,55.232049,61.865268,93.503188
44.08,51.707308,16,16,72,55.293901,61.933592,93.601838
44.12,51.510574,16,16,72,55.356857,62.001808,93.700563
44.16,51.310444,16,16,72,55.42091,62.069913,93.799365
44.2,51.106938,16,16,72,55.486056,62.137906,93.898243
44.24,50.900073,16,16,72,55.552287,62.205784,93.9972
44.28,50.689867,16,16,72,55.619599,62.273546,94.096237
44.32,50.476339,16,16,72,55.687986,62.34119,94.195355
44.36,50.259504,16,16,72,55.757441,62.408714,94.294554
44.4,50.039382,16,16,72,55.82796,62.476116,94.393837
44.44,49.81599,16,16,72,55.899536,62.543393,94.493203
44.48,49.589345,16,16,72,55.972164,62.610545,94.592655
44.52,49.359465,16,16,72,56.045838,62.677568,94.692194
44.56,49.126367,16,16,72,56.120553,62.744462,94.791819
44.6,48.890068,16,16,72,56.196303,62.811224,94.891533
44.64,48.650584,16,16,72,56.273083,62.877852,94.991336
44.68,48.407934,16,16,72,56.350887,62.944345,95.09123
44.72,48.162134,16,16,72,56.429709,63.0107,95.191215
44.76,47.913201,16,16,72,56.509545,63.076916,95.291292
44.8,47.661151,16,16,72,56.590388,63.14299,95.391463
44.84,47.406001,16,16,72,56.672234,63.208921,95.491728
44.88,47.147768,16,16,72,56.755077,63.274708,95.592088
44.92,46.886468,16,16,72,56.838912,63.340347,95.692544
44.96,46.622117,16,16,72,56.923733,63.405838,95.793097
45,46.354732,16,16,72,57.009535,63.471178,95.893749
45.04,46.084329,16,16,72,57.096314,63.536365,95.994499
45.08,45.810924,16,16,72,57.184063,63.601398,96.095349
45.12,45.534533,16,16,72,57.272778,63.666275,96.196299
45.16,45.255172,16,16,72,57.362453,63.730994,96.297351
45.2,44.972857,16,16,72,57.453084,63.795552,96.398505
45.24,44.687603,16,16,72,57.544665,63.859949,96.499763
45.28,44.399426,16,16,72,57.637191,63.924183,96.601124
45.32,44.108342,16,16,72,57.730657,63.988251,96.702589
45.36,43.814367,16,16,72,57.825058,64.052152,96.804161
45.4,43.517515,16,16,72,57.920389,64.115883,96.905838
45.44,43.217802,16,16,72,58.016646,64.179444,97.007622
45.48,42.915243,16,16,72,58.113823,64.242832,97.109514
45.52,42.609854,16,16,72,58.211915,64.306045,97.211514
45.56,42.30165,16,16,72,58.310917,64.369083,97.313624
45.6,41.990645,16,16,72,58.410825,64.431942,97.415843
45.64,41.676855,16,16,72,58.511634,64.494621,97.518172
45.68,41.360294,16,16,72,58.613339,64.557118,97.620613
45.72,41.040977,16,16,72,58.715935,64.619432,97.723165
45.76,40.718919,16,16,72,58.819417,64.68156,97.82583
45.8,40.394135,16,16,72,58.923782,64.743502,97.928608
45.84,40.066639,16,16,72,59.029023,64.805254,98.031499
45.88,39.736445,16,16,72,59.135136,64.866816,98.134505
45.92,39.403568,16,16,72,59.242117,64.928185,98.237625
45.96,39.068022,16,16,72,59.349961,64.98936,98.340861
46,38.729821,16,16,72,59.458664,65.050339,98.444212
46.04,38.388981,16,16,72,59.56822,65.111121,98.54768
46.08,38.045513,16,16,72,59.678626,65.171703,98.651265
46.12,37.699434,16,16,72,59.789876,65.232084,98.754967
46.16,37.350756,16,16,72,59.901967,65.292261,98.858788
46.2,36.999493,16,16,72,60.014894,65.352234,98.962726
46.24,36.64566,16,16,72,60.128652,65.412001,99.066784
46.28,36.28927,16,16,72,60.243236,65.471559,99.170961
46.32,35.930336,16,16,72,60.358643,65.530907,99.275257
46.36,35.568873,16,16,72,60.474869,65.590044,99.379674
46.4,35.204893,16,16,72,60.591908,65.648967,99.484211
46.44,34.83841,16,16,72,60.709756,65.707675,99.58887
46.48,34.469438,16,16,72,60.82841,65.766167,99.693649
46.52,34.097989,16,16,72,60.947864,65.824439,99.798551
46.56,33.724077,16,16,72,61.068115,65.882492,99.903574
46.6,33.347715,16,16,72,61.189158,65.940322,100.00872
46.64,32.968917,16,16,72,61.310989,65.997928,100.11399
46.68,32.587694,16,16,72,61.433604,66.05531,100.21938
46.72,32.20406,16,16,72,61.556999,66.112464,100.3249
46.76,31.818029,16,16,72,61.681169,66.169389,100.43053
46.8,31.429612,16,16,72,61.80611,66.226084,100.5363
46.84,31.038822,16,16,72,61.931819,66.282547,100.64218
46.88,30.645673,16,16,72,62.058291,66.338775,100.74819
46.92,30.250176,16,16,72,62.185522,66.394769,100.85433
46.96,29.852344,16,16,72,62.313508,66.450525,100.96059
47,29.45219,16,16,72,62.442244,66.506042,101.06698
47.04,29.049726,16,16,72,62.571728,66.561318,101.17349
47.08,28.644964,16,16,72,62.701955,66.616352,101.28012
47.12,28.237917,16,16,72,62.832921,66.671143,101.38688
47.16,27.828596,16,16,72,62.964623,66.725688,101.49377
47.2,27.417015,16,16,72,63.097055,66.779985,101.60078
47.24,27.003184,16,16,72,63.230215,66.834034,101.70792
47.28,26.587116,16,16,72,63.364098,66.887833,101.81519
47.32,26.168823,16,16,72,63.4987,66.941379,101.92258
47.36,25.748317,16,16,72,63.634019,66.994671,102.03009
47.4,25.32561,16,16,72,63.770049,67.047708,102.13774
47.44,24.900712,16,16,72,63.906787,67.100488,102.24551
47.48,24.473637,16,16,72,64.04423,67.153009,102.3534
47.52,24.044395,16,16,72,64.182373,67.20527,102.46143
47.56,23.612998,16,16,72,64.321213,67.257269,102.56957
47.6,23.179458,16,16,72,64.460746,67.309005,102.67785
47.64,22.743786,16,16,72,64.600969,67.360475,102.78625
47.68,22.305994,16,16,72,64.741877,67.411679,102.89478
47.72,21.866092,16,16,72,64.883468,67.462614,103.00343
47.76,21.424092,16,16,72,65.025737,67.513279,103.11221
47.8,20.980006,16,16,72,65.168681,67.563673,103.22112
47.84,20.533843,16,16,72,65.312296,67.613794,103.33015
47.88,20.085616,16,16,72,65.456578,67.66364,103.43931
47.92,19.635336,16,16,72,65.601525,67.713209,103.54859
47.96,19.183012,16,16,72,65.747132,67.762501,103.658
48,18.728657,16,16,72,65.893397,67.811514,103.76753
48.04,18.272281,16,16,72,66.040314,67.860245,103.87719
48.08,17.813895,16,16,72,66.187882,67.908693,103.98698
48.12,17.35351,16,16,72,66.336097,67.956858,104.09689
48.16,16.891135,16,16,72,66.484954,68.004737,104.20692
48.2,16.426783,16,16,72,66.634451,68.052328,104.31708
48.24,15.960463,15.960463,15.960463,72,66.784581,68.099631,104.42736
48.28,15.492212,15.492212,15.760463,72,66.935323,68.146643,104.53777
48.32,15.022163,15.022163,15.560463,72,67.086655,68.193364,104.6483
48.36,14.550378,14.550378,15.360463,72,67.238556,68.239791,104.75896
48.4,14.076924,14.076924,15.160463,72,67.391005,68.285924,104.86974
48.44,13.601865,13.601865,14.960463,72,67.543981,68.331761,104.98064
48.48,13.125264,13.125264,14.760463,72,67.697464,68.377301,105.09166
48.52,12.647186,12.647186,14.560463,72,67.851434,68.422542,105.20281
48.56,12.167694,12.167694,14.360463,72,68.005868,68.467483,105.31407
48.6,11.686852,11.686852,14.160463,72,68.160748,68.512124,105.42546
48.64,11.204721,11.204721,13.960463,72,68.316053,68.556462,105.53697
48.68,10.721365,10.721365,13.760463,72,68.471762,68.600497,105.6486
48.72,10.236845,10.236845,13.560463,72,68.627856,68.644228,105.76034
48.76,9.7512229,9.7512229,13.360463,72,68.784315,68.687654,105.87221
48.8,9.2645608,9.2645608,13.160463,72,68.941118,68.730773,105.9842
48.84,8.7769194,8.7769194,12.960463,72,69.098246,68.773585,106.0963
48.88,8.2883595,8.2883595,12.760463,72,69.25568,68.816089,106.20852
48.92,7.7989416,7.7989416,12.560463,72,69.413399,68.858284,106.32086
48.96,7.3087257,7.3087257,12.360463,72,69.571385,68.900168,106.43331
49,6.8177717,6.8177717,12.160463,72,69.729617,68.941742,106.54588
49.04,6.3261391,6.3261391,11.960463,72,69.888078,68.983005,106.65856
49.08,5.833887,5.833887,11.760463,72,70.046747,69.023955,106.77136
49.12,5.3410743,5.3410743,11.560463,72,70.205605,69.064593,106.88427
49.16,4.8477596,4.8477596,11.360463,72,70.364635,69.104917,106.99729
49.2,4.354001,4.354001,11.160463,72,70.523816,69.144927,107.11042
49.24,3.8598565,3.8598565,10.960463,72,70.68313,69.184622,107.22367
49.28,3.3653837,3.3653837,10.760463,72,70.842558,69.224002,107.33702
49.32,2.8706399,2.8706399,10.560463,72,71.002083,69.263066,107.45049
49.36,2.3756821,2.3756821,10.360463,72,71.161685,69.301813,107.56406
49.4,1.880567,1.880567,10.160463,72,71.321346,69.340245,107.67774
49.44,1.385351,1.385351,9.9604628,72,71.481048,69.378359,107.79152
49.48,0.89009021,0.89009021,9.7604628,72,71.640773,69.416156,107.90542
49.52,0.39484034,0.39484034,9.5604628,72,71.800503,69.453635,108.01941
49.56,-0.10034308,-0.10034308,9.3604628,72,71.96022,69.490796,108.13351
49.6,-0.59540483,-0.59540483,9.1604628,72,72.119905,69.527639,108.24772
49.64,-1.09029,-1.09029,8.9604628,72,72.279542,69.564164,108.36202
49.68,-1.5849441,-1.5849441,8.7604628,72,72.439112,69.60037,108.47643
49.72,-2.0793126,-2.0793126,8.5604628,72,72.598598,69.636258,108.59094
49.76,-2.5733416,-2.5733416,8.3604628,72,72.757983,69.671827,108.70555
49.8,-3.0669774,-3.0669774,8.1604628,72,72.917248,69.707077,108.82025
49.84,-3.5601664,-3.5601664,7.9604628,72,73.076378,69.742009,108.93506
49.88,-4.0528556,-4.0528556,7.7604628,72,73.235354,69.776622,109.04996
49.92,-4.544992,-4.544992,7.5604628,72,73.39416,69.810916,109.16495
49.96,-5.036523,-5.036523,7.3604628,72,73.552779,69.844892,109.28004
50,-5.5273963,-5.5273963,7.1604628,72,73.711193,69.87855,109.39522
50.04,-6.0175599,-6.0175599,6.9604628,72,73.869385,69.911889,109.5105
50.08,-6.506962,-6.506962,6.7604628,72,74.02734,69.94491,109.62587
50.12,-6.9955511,-6.9955511,6.5604628,72,74.18504,69.977614,109.74132
50.16,-7.4832759,-7.4832759,6.3604628,72,74.342469,70.010001,109.85687
50.2,-7.9700856,-7.9700856,6.1604628,72,74.499611,70.04207,109.97251
50.24,-8.4559295,-8.4559295,5.9604628,72,74.656448,70.073823,110.08823
50.28,-8.9407572,-8.9407572,5.7604628,72,74.812965,70.105259,110.20404
50.32,-9.4245184,-9.4245184,5.5604628,72,74.969146,70.13638,110.31993
50.36,-9.9071635,-9.9071635,5.3604628,72,75.124973,70.167185,110.43591
50.4,-10.388643,-10.388643,5.1604628,72,75.280433,70.197676,110.55197
50.44,-10.868907,-10.868907,4.9604628,72,75.435507,70.227852,110.66812
50.48,-11.347907,-11.347907,4.7604628,72,75.590181,70.257715,110.78434
50.52,-11.825593,-11.825593,4.5604628,72,75.744439,70.287265,110.90065
50.56,-12.301919,-12.301919,4.3604628,72,75.898264,70.316502,111.01703
50.6,-12.776834,-12.776834,4.1604628,72,76.051642,70.345428,111.13349
50.64,-13.250291,-13.250291,3.9604628,72,76.204557,70.374042,111.25003
50.68,-13.722243,-13.722243,3.7604628,72,76.356993,70.402347,111.36664
50.72,-14.192642,-14.192642,3.5604628,72,76.508935,70.430342,111.48333
50.76,-14.66144,-14.66144,3.3604628,72,76.660368,70.458029,111.6001
50.8,-15.12859,-15.12859,3.1604628,72,76.811277,70.485408,111.71693
50.84,-15.594047,-15.594047,2.9604628,72,76.961646,70.51248,111.83384
50.88,-16.057762,-16,2.7604628,72,77.11146,70.539247,111.95081
50.92,-16.519691,-16,2.5604628,72,77.260705,70.565709,112.06786
50.96,-16.979786,-16,2.3604628,72,77.409365,70.591867,112.18497
51,-17.438003,-16,2.1604628,72,77.557426,70.617722,112.30216
51.04,-17.894295,-16,1.9604628,72,77.704873,70.643276,112.4194
51.08,-18.348617,-16,1.7604628,72,77.851691,70.668529,112.53672
51.12,-18.800925,-16,1.5604628,72,77.997866,70.693483,112.65409
51.16,-19.251174,-16,1.3604628,72,78.143384,70.718138,112.77153
51.2,-19.699318,-16,1.1604628,72,78.288229,70.742497,112.88903
51.24,-20.145314,-16,0.96046278,72,78.432388,70.76656,113.0066
51.28,-20.589117,-16,0.76046278,72,78.575846,70.790328,113.12422
51.32,-21.030684,-16,0.56046278,72,78.718589,70.813804,113.2419
51.36,-21.469971,-16,0.36046278,72,78.860603,70.836987,113.35964
51.4,-21.906934,-16,0.16046278,72,79.001875,70.859881,113.47744
51.44,-22.341531,-16,-0.039537221,72,79.142389,70.882485,113.59529
51.48,-22.773719,-16,-0.23953722,72,79.282132,70.904802,113.71319
51.52,-23.203454,-16,-0.43953722,72,79.421091,70.926832,113.83115
51.56,-23.630695,-16,-0.63953722,72,79.559251,70.948579,113.94917
51.6,-24.055399,-16,-0.83953722,72,79.696599,70.970042,114.06723
51.64,-24.477524,-16,-1.0395372,72,79.833122,70.991224,114.18535
51.68,-24.897028,-16,-1.2395372,72,79.968805,71.012126,114.30351
51.72,-25.31387,-16,-1.4395372,72,80.103636,71.03275,114.42173
51.76,-25.728008,-16,-1.6395372,72,80.2376,71.053097,114.53999
51.8,-26.139402,-16,-1.8395372,72,80.370686,71.07317,114.6583
51.84,-26.54801,-16,-2.0395372,72,80.502879,71.09297,114.77666
51.88,-26.953791,-16,-2.2395372,72,80.634166,71.112499,114.89506
51.92,-27.356706,-16,-2.4395372,72,80.764534,71.131758,115.0135
51.96,-27.756713,-16,-2.6395372,72,80.893971,71.150749,115.13199
52,-28.153773,-16,-2.8395372,72,81.022462,71.169475,115.25052
52.04,-28.547847,-16,-3.0395372,72,81.149997,71.187936,115.36909
52.08,-28.938893,-16,-3.2395372,72,81.27656,71.206136,115.4877
52.12,-29.326874,-16,-3.4395372,72,81.402141,71.224076,115.60635
52.16,-29.711749,-16,-3.6395372,72,81.526726,71.241758,115.72504
52.2,-30.093481,-16,-3.8395372,72,81.650302,71.259184,115.84377
52.24,-30.472029,-16,-4.0395372,72,81.772857,71.276355,115.96254
52.28,-30.847355,-16,-4.2395372,72,81.894379,71.293275,116.08134
52.32,-31.219422,-16,-4.4395372,72,82.014855,71.309945,116.20017
52.36,-31.58819,-16,-4.6395372,72,82.134272,71.326367,116.31904
52.4,-31.953623,-16,-4.8395372,72,82.252619,71.342544,116.43795
52.44,-32.315681,-16,-5.0395372,72,82.369884,71.358477,116.55689
52.48,-32.674328,-16,-5.2395372,72,82.486053,71.374169,116.67586
52.52,-33.029527,-16,-5.4395372,72,82.601116,71.389623,116.79486
52.56,-33.381239,-16,-5.6395372,72,82.715059,71.404839,116.91389
52.6,-33.729429,-16,-5.8395372,72,82.827872,71.419821,117.03295
52.64,-34.074059,-16,-6.0395372,72,82.939541,71.434571,117.15204
52.68,-34.415093,-16,-6.2395372,72,83.050057,71.449091,117.27116
52.72,-34.752494,-16,-6.4395372,72,83.159405,71.463384,117.3903
52.76,-35.086226,-16,-6.6395372,72,83.267576,71.477452,117.50948
52.8,-35.416254,-16,-6.8395372,72,83.374557,71.491298,117.62867
52.84,-35.742541,-16,-7.0395372,72,83.480337,71.504923,117.7479
52.88,-36.065052,-16,-7.2395372,72,83.584903,71.518331,117.86715
52.92,-36.383751,-16,-7.4395372,72,83.688246,71.531523,117.98642
52.96,-36.698604,-16,-7.6395372,72,83.790353,71.544503,118.10572
53,-37.009575,-16,-7.8395372,72,83.891213,71.557273,118.22503
53.04,-37.316629,-16,-8.0395372,72,83.990814,71.569836,118.34437
53.08,-37.619732,-16,-8.2395372,72,84.089147,71.582193,118.46374
53.12,-37.918849,-16,-8.4395372,72,84.186198,71.594349,118.58312
53.16,-38.213946,-16,-8.6395372,72,84.281958,71.606305,118.70252
53.2,-38.504989,-16,-8.8395372,72,84.376415,71.618064,118.82194
53.24,-38.791943,-16,-9.0395372,72,84.469558,71.629629,118.94139
53.28,-39.074776,-16,-9.2395372,72,84.561377,71.641002,119.06085
53.32,-39.353453,-16,-9.4395372,72,84.65186,71.652187,119.18032
53.36,-39.627942,-16,-9.6395372,72,84.740997,71.663186,119.29982
53.4,-39.898208,-16,-9.8395372,72,84.828777,71.674002,119.41933
53.44,-40.16422,-16,-10.039537,72,84.91519,71.684638,119.53886
53.48,-40.425943,-16,-10.239537,72,85.000224,71.695096,119.6584
53.52,-40.683346,-16,-10.439537,72,85.083869,71.70538,119.77796
53.56,-40.936395,-16,-10.639537,72,85.166114,71.715492,119.89753
53.6,-41.185059,-16,-10.839537,72,85.24695,71.725435,120.01712
53.64,-41.429306,-16,-11.039537,72,85.326365,71.735213,120.13672
53.68,-41.669103,-16,-11.239537,72,85.40435,71.744828,120.25634
53.72,-41.904418,-16,-11.439537,72,85.480894,71.754283,120.37596
53.76,-42.13522,-16,-11.639537,72,85.555987,71.763581,120.4956
53.8,-42.361478,-16,-11.839537,72,85.629619,71.772725,120.61525
53.84,-42.58316,-16,-12.039537,72,85.701779,71.781719,120.73492
53.88,-42.800234,-16,-12.239537,72,85.772457,71.790565,120.85459
53.92,-43.012671,-16,-12.439537,72,85.841644,71.799267,120.97427
53.96,-43.220439,-16,-12.639537,72,85.90933,71.807827,121.09397
54,-43.423507,-16,-12.839537,72,85.975504,71.816249,121.21367
54.04,-43.621846,-16,-13.039537,72,86.040157,71.824536,121.33338
54.08,-43.815424,-16,-13.239537,72,86.103279,71.832691,121.45311
54.12,-44.004212,-16,-13.439537,72,86.16486,71.840717,121.57284
54.16,-44.188179,-16,-13.639537,72,86.22489,71.848618,121.69258
54.2,-44.367296,-16,-13.839537,72,86.28336,71.856396,121.81233
54.24,-44.541532,-16,-14.039537,72,86.340261,71.864056,121.93208
54.28,-44.71086,-16,-14.239537,72,86.395582,71.8716,122.05184
54.32,-44.875248,-16,-14.439537,72,86.449314,71.879032,122.17161
54.36,-45.034668,-16,-14.639537,72,86.501448,71.886355,122.29139
54.4,-45.189092,-16,-14.839537,72,86.551974,71.893572,122.41117
54.44,-45.338489,-16,-15.039537,72,86.600884,71.900687,122.53096
54.48,-45.482831,-16,-15.239537,72,86.648167,71.907703,122.65076
54.52,-45.62209,-16,-15.439537,72,86.693814,71.914624,122.77056
54.56,-45.756237,-16,-15.639537,72,86.737817,71.921452,122.89036
54.6,-45.885244,-16,-15.839537,72,86.780165,71.928192,123.01017
54.64,-46.009083,-16,-16,72,86.820855,71.934847,123.12999
54.68,-46.127752,-16,-16,72,86.859894,71.941421,123.24981
54.72,-46.241344,-16,-16,72,86.89729,71.947916,123.36963
54.76,-46.349886,-16,-16,72,86.933054,71.954336,123.48946
54.8,-46.453406,-16,-16,72,86.967194,71.960685,123.60929
54.84,-46.551929,-16,-16,72,86.999718,71.966966,123.72913
54.88,-46.645482,-16,-16,72,87.030634,71.973182,123.84897
54.92,-46.734092,-16,-16,72,87.059953,71.979337,123.96881
54.96,-46.817786,-16,-16,72,87.087681,71.985434,124.08865
55,-46.896589,-16,-16,72,87.113828,71.991476,124.2085
55.04,-46.970527,-16,-16,72,87.138402,71.997467,124.32835
55.08,-47.039627,-16,-16,72,87.161411,72.00341,124.4482
55.12,-47.103914,-16,-16,72,87.182864,72.009307,124.56806
55.16,-47.163415,-16,-16,72,87.202768,72.015164,124.68792
55.2,-47.218154,-16,-16,72,87.221133,72.020981,124.80778
55.24,-47.268156,-16,-16,72,87.237967,72.026764,124.92764
55.28,-47.313448,-16,-16,72,87.253277,72.032514,125.0475
55.32,-47.354054,-16,-16,72,87.267072,72.038236,125.16736
55.36,-47.39,-16,-16,72,87.27936,72.043932,125.28723
55.4,-47.421309,-16,-16,72,87.290148,72.049605,125.40709
55.44,-47.448008,-16,-16,72,87.299446,72.055259,125.52696
55.48,-47.47012,-16,-16,72,87.30726,72.060897,125.64683
55.52,-47.487669,-16,-16,72,87.313599,72.066521,125.76669
55.56,-47.500681,-16,-16,72,87.31847,72.072135,125.88656
55.6,-47.50918,-16,-16,72,87.321882,72.077742,126.00643
55.64,-47.513189,-16,-16,72,87.323842,72.083345,126.1263
55.68,-47.512732,-16,-16,72,87.324359,72.088947,126.24617
55.72,-47.507834,-16,-16,72,87.323438,72.094551,126.36604
55.76,-47.498518,-16,-16,72,87.321089,72.10016,126.48591
55.8,-47.484807,-16,-16,72,87.317319,72.105776,126.60578
55.84,-47.466725,-16,-16,72,87.312136,72.111403,126.72564
55.88,-47.444295,-16,-16,72,87.305546,72.117045,126.84551
55.92,-47.417541,-16,-16,72,87.297558,72.122703,126.96538
55.96,-47.386486,-16,-16,72,87.28818,72.12838,127.08524
56,-47.351152,-16,-16,72,87.277417,72.13408,127.20511
56.04,-47.311562,-16,-16,72,87.265278,72.139805,127.32497
56.08,-47.267739,-16,-16,72,87.251771,72.145559,127.44483
56.12,-47.219706,-16,-16,72,87.236902,72.151344,127.56469
56.16,-47.167484,-16,-16,72,87.220678,72.157163,127.68455
56.2,-47.111097,-16,-16,72,87.203108,72.163018,127.80441
56.24,-47.050567,-16,-16,72,87.184197,72.168913,127.92427
56.28,-46.985915,-16,-16,72,87.163954,72.174851,128.04412
56.32,-46.917164,-16,-16,72,87.142386,72.180833,128.16397
56.36,-46.844336,-16,-16,72,87.119498,72.186863,128.28382
56.4,-46.767452,-16,-16,72,87.095299,72.192944,128.40366
56.44,-46.686533,-16,-16,72,87.069796,72.199079,128.52351
56.48,-46.601602,-16,-16,72,87.042995,72.205269,128.64335
56.52,-46.51268,-16,-16,72,87.014903,72.211518,128.76318
56.56,-46.419788,-16,-16,72,86.985528,72.217829,128.88302
56.6,-46.322947,-16,-16,72,86.954876,72.224204,129.00285
56.64,-46.222179,-16,-16,72,86.922953,72.230645,129.12268
56.68,-46.117504,-16,-16,72,86.889767,72.237156,129.2425
56.72,-46.008943,-16,-16,72,86.855325,72.243739,129.36232
56.76,-45.896516,-16,-16,72,86.819633,72.250396,129.48213
56.8,-45.780246,-16,-16,72,86.782697,72.257131,129.60194
56.84,-45.660151,-16,-16,72,86.744525,72.263946,129.72175
56.88,-45.536252,-16,-16,72,86.705123,72.270843,129.84155
56.92,-45.40857,-16,-16,72,86.664497,72.277824,129.96135
56.96,-45.277125,-16,-16,72,86.622654,72.284894,130.08114
57,-45.141937,-16,-16,72,86.579601,72.292053,130.20093
57.04,-45.003026,-16,-16,72,86.535344,72.299305,130.32071
57.08,-44.860411,-16,-16,72,86.48989,72.306652,130.44048
57.12,-44.714113,-16,-16,72,86.443244,72.314097,130.56025
57.16,-44.564151,-16,-16,72,86.395414,72.321641,130.68001
57.2,-44.410544,-16,-16,72,86.346404,72.329288,130.79977
57.24,-44.253313,-16,-16,72,86.296223,72.33704,130.91952
57.28,-44.092476,-16,-16,72,86.244876,72.344899,131.03926
57.32,-43.928053,-16,-16,72,86.192369,72.352868,131.159
57.36,-43.760062,-16,-16,72,86.138708,72.360949,131.27872
57.4,-43.588523,-16,-16,72,86.0839,72.369144,131.39844
57.44,-43.413455,-16,-16,72,86.027951,72.377456,131.51816
57.48,-43.234877,-16,-16,72,85.970867,72.385888,131.63786
57.52,-43.052807,-16,-16,72,85.912653,72.394441,131.75755
57.56,-42.867263,-16,-16,72,85.853316,72.403119,131.87724
57.6,-42.678265,-16,-16,72,85.792862,72.411922,131.99692
57.64,-42.485831,-16,-16,72,85.731297,72.420854,132.11658
57.68,-42.289979,-16,-16,72,85.668627,72.429917,132.23624
57.72,-42.090727,-16,-16,72,85.604857,72.439113,132.35589
57.76,-41.888094,-16,-16,72,85.539994,72.448445,132.47552
57.8,-41.682098,-16,-16,72,85.474043,72.457914,132.59515
57.84,-41.472756,-16,-16,72,85.407011,72.467523,132.71476
57.88,-41.260086,-16,-16,72,85.338902,72.477275,132.83437
57.92,-41.044106,-16,-16,72,85.269723,72.487171,132.95396
57.96,-40.824834,-16,-16,72,85.199479,72.497213,133.07354
58,-40.602288,-16,-16,72,85.128176,72.507404,133.1931
58.04,-40.376484,-16,-16,72,85.05582,72.517746,133.31266
58.08,-40.14744,-16,-16,72,84.982416,72.528242,133.4322
58.12,-39.915174,-16,-16,72,84.90797,72.538893,133.55172
58.16,-39.679702,-16,-16,72,84.832488,72.549701,133.67124
58.2,-39.441042,-16,-16,72,84.755975,72.560668,133.79073
58.24,-39.199211,-16,-16,72,84.678436,72.571798,133.91022
58.28,-38.954225,-16,-16,72,84.599877,72.583091,134.02969
58.32,-38.706102,-16,-16,72,84.520303,72.59455,134.14914
58.36,-38.454857,-16,-16,72,84.43972,72.606177,134.26857
58.4,-38.200509,-16,-16,72,84.358133,72.617975,134.38799
58.44,-37.943073,-16,-16,72,84.275548,72.629944,134.50739
58.48,-37.682566,-16,-16,72,84.19197,72.642087,134.62678
58.52,-37.419004,-16,-16,72,84.107404,72.654407,134.74614
58.56,-37.152403,-16,-16,72,84.021855,72.666905,134.86549
58.6,-36.882781,-16,-16,72,83.935329,72.679583,134.98482
58.64,-36.610152,-16,-16,72,83.847831,72.692443,135.10413
58.68,-36.334533,-16,-16,72,83.759365,72.705488,135.22342
58.72,-36.05594,-16,-16,72,83.669938,72.718719,135.34268
58.76,-35.774388,-16,-16,72,83.579555,72.732138,135.46193
58.8,-35.489894,-16,-16,72,83.48822,72.745746,135.58116
58.84,-35.202473,-16,-16,72,83.395938,72.759547,135.70036
58.88,-34.912141,-16,-16,72,83.302715,72.773542,135.81954
58.92,-34.618913,-16,-16,72,83.208556,72.787733,135.9387
58.96,-34.322804,-16,-16,72,83.113465,72.802121,136.05783
59,-34.023831,-16,-16,72,83.017447,72.816709,136.17694
59.04,-33.722009,-16,-16,72,82.920508,72.831499,136.29603
59.08,-33.417351,-16,-16,72,82.822653,72.846492,136.41509
59.12,-33.109875,-16,-16,72,82.723886,72.86169,136.53412
59.16,-32.799594,-16,-16,72,82.624212,72.877095,136.65313
59.2,-32.486524,-16,-16,72,82.523636,72.892709,136.77211
59.24,-32.170679,-16,-16,72,82.422163,72.908534,136.89106
59.28,-31.852075,-16,-16,72,82.319797,72.924571,137.00999
59.32,-31.530726,-16,-16,72,82.216544,72.940823,137.12888
59.36,-31.206646,-16,-16,72,82.112408,72.95729,137.24774
59.4,-30.879851,-16,-16,72,82.007393,72.973976,137.36658
59.44,-30.550355,-16,-16,72,81.901505,72.990881,137.48538
59.48,-30.218171,-16,-16,72,81.794749,73.008007,137.60415
59.52,-29.883315,-16,-16,72,81.687128,73.025357,137.72289
59.56,-29.545801,-16,-16,72,81.578647,73.042931,137.8416
59.6,-29.205643,-16,-16,72,81.469311,73.060731,137.96027
59.64,-28.862855,-16,-16,72,81.359125,73.07876,138.07891
59.68,-28.517451,-16,-16,72,81.248093,73.097019,138.19751
59.72,-28.169445,-16,-16,72,81.13622,73.115509,138.31608
59.76,-27.81885,-16,-16,72,81.023509,73.134233,138.43461
59.8,-27.465682,-16,-16,72,80.909966,73.153191,138.5531
59.84,-27.109953,-16,-16,72,80.795595,73.172386,138.67156
59.88,-26.751677,-16,-16,72,80.680401,73.191819,138.78997
59.92,-26.390867,-16,-16,72,80.564387,73.211492,138.90835
59.96,-26.027538,-16,-16,72,80.447558,73.231406,139.02669
60,-25.661702,-16,-16,72,80.329919,73.251563,139.14498
60.04,-25.293373,-16,-16,72,80.211474,73.271964,139.26323
60.08,-24.922565,-16,-16,72,80.092227,73.292612,139.38144
60.12,-24.54929,-16,-16,72,79.972182,73.313507,139.49961
60.16,-24.173561,-16,-16,72,79.851343,73.334651,139.61773
60.2,-23.795393,-16,-16,72,79.729716,73.356046,139.73581
60.24,-23.414797,-16,-16,72,79.607304,73.377694,139.85384
60.28,-23.031787,-16,-16,72,79.484111,73.399594,139.97183
60.32,-22.646375,-16,-16,72,79.360141,73.421751,140.08976
60.36,-22.258575,-16,-16,72,79.235399,73.444164,140.20765
60.4,-21.868399,-16,-16,72,79.109889,73.466835,140.32549
60.44,-21.475859,-16,-16,72,78.983614,73.489766,140.44328
60.48,-21.080969,-16,-16,72,78.85658,73.512957,140.56102
60.52,-20.683741,-16,-16,72,78.728789,73.536412,140.6787
60.56,-20.284187,-16,-16,72,78.600246,73.56013,140.79634
60.6,-19.88232,-16,-16,72,78.470955,73.584114,140.91391
60.64,-19.478153,-16,-16,72,78.34092,73.608364,141.03144
60.68,-19.071696,-16,-16,72,78.210145,73.632883,141.14891
60.72,-18.662963,-16,-16,72,78.078634,73.657671,141.26632
60.76,-18.251966,-16,-16,72,77.946391,73.682731,141.38367
60.8,-17.838717,-16,-16,72,77.813419,73.708062,141.50097
60.84,-17.423228,-16,-16,72,77.679723,73.733667,141.61821
60.88,-17.00551,-16,-16,72,77.545307,73.759547,141.73538
60.92,-16.585576,-16,-16,72,77.410173,73.785704,141.8525
60.96,-16.163438,-16,-16,72,77.274327,73.812138,141.96955
61,-15.739107,-15.739107,-15.8,72,77.13779,73.838851,142.08654
61.04,-15.312731,-15.312731,-15.6,72,77.000583,73.865844,142.20346
61.08,-14.884376,-14.884376,-15.4,72,76.862728,73.893118,142.32032
61.12,-14.454109,-14.454109,-15.2,72,76.724246,73.920674,142.43711
61.16,-14.021996,-14.021996,-15,72,76.585159,73.948514,142.55384
61.2,-13.588102,-13.588102,-14.8,72,76.445488,73.976639,142.6705
61.24,-13.152491,-13.152491,-14.6,72,76.305253,74.005049,142.78709
61.28,-12.715229,-12.715229,-14.4,72,76.164476,74.033745,142.9036
61.32,-12.27638,-12.27638,-14.2,72,76.023178,74.062728,143.02005
61.36,-11.836008,-11.836008,-14,72,75.881379,74.092,143.13643
61.4,-11.394177,-11.394177,-13.8,72,75.739099,74.121561,143.25273
61.44,-10.950949,-10.950949,-13.6,72,75.59636,74.151411,143.36896
61.48,-10.506389,-10.506389,-13.4,72,75.453181,74.181551,143.48511
61.52,-10.060558,-10.060558,-13.2,72,75.309583,74.211983,143.60119
61.56,-9.6135192,-9.6135192,-13,72,75.165587,74.242706,143.71719
61.6,-9.1653343,-9.1653343,-12.8,72,75.021211,74.273721,143.83311
61.64,-8.7160651,-8.7160651,-12.6,72,74.876477,74.305029,143.94895
61.68,-8.2657729,-8.2657729,-12.4,72,74.731403,74.336631,144.06472
61.72,-7.8145186,-7.8145186,-12.2,72,74.58601,74.368526,144.1804
61.76,-7.362363,-7.362363,-12,72,74.440317,74.400715,144.296
61.8,-6.9093664,-6.9093664,-11.8,72,74.294344,74.433198,144.41152
61.84,-6.4555889,-6.4555889,-11.6,72,74.14811,74.465976,144.52696
61.88,-6.0010901,-6.0010901,-11.4,72,74.001635,74.49905,144.64231
61.92,-5.5459295,-5.5459295,-11.2,72,73.854937,74.532418,144.75758
61.96,-5.0901661,-5.0901661,-11,72,73.708036,74.566082,144.87276
62,-4.6338588,-4.6338588,-10.8,72,73.560951,74.600041,144.98786
62.04,-4.1770659,-4.1770659,-10.6,72,73.413701,74.634296,145.10286
62.08,-3.7198457,-3.7198457,-10.4,72,73.266304,74.668847,145.21778
62.12,-3.2622559,-3.2622559,-10.2,72,73.118779,74.703694,145.33261
62.16,-2.804354,-2.804354,-10,72,72.971145,74.738836,145.44735
62.2,-2.3461974,-2.3461974,-9.8,72,72.823421,74.774274,145.562
62.24,-1.8878428,-1.8878428,-9.6,72,72.675624,74.810008,145.67655
62.28,-1.429347,-1.429347,-9.4,72,72.527773,74.846037,145.79102
62.32,-0.9707661,-0.9707661,-9.2,72,72.379886,74.882362,145.90539
62.36,-0.51215626,-0.51215626,-9,72,72.231982,74.918982,146.01966
62.4,-0.053573134,-0.053573134,-8.8,72,72.084078,74.955896,146.13384
62.44,0.40492786,0.40492786,-8.6,72,71.936192,74.993105,146.24793
62.48,0.86329161,0.86329161,-8.4,72,71.788342,75.030609,146.36192
62.52,1.3214633,1.3214633,-8.2,72,71.640546,75.068406,146.47581
62.56,1.7793884,1.7793884,-8,72,71.492822,75.106497,146.5896
62.6,2.2370127,2.2370127,-7.8,72,71.345186,75.144881,146.7033
62.64,2.6942822,2.6942822,-7.6,72,71.197657,75.183557,146.8169
62.68,3.1511432,3.1511432,-7.4,72,71.050252,75.222526,146.93039
62.72,3.6075425,3.6075425,-7.2,72,70.902988,75.261786,147.04379
62.76,4.0634268,4.0634268,-7,72,70.755882,75.301337,147.15708
62.8,4.5187435,4.5187435,-6.8,72,70.608951,75.341179,147.27028
62.84,4.9734399,4.9734399,-6.6,72,70.462213,75.38131,147.38337
62.88,5.4274639,5.4274639,-6.4,72,70.315683,75.421731,147.49635
62.92,5.8807634,5.8807634,-6.2,72,70.16938,75.46244,147.60924
62.96,6.3332868,6.3332868,-6,72,70.023319,75.503436,147.72202
63,6.7849826,6.7849826,-5.8,72,69.877518,75.54472,147.83469
63.04,7.2357998,7.2357998,-5.6,72,69.731993,75.586289,147.94726
63.08,7.6856874,7.6856874,-5.4,72,69.586759,75.628144,148.05973
63.12,8.1345949,8.1345949,-5.2,72,69.441835,75.670283,148.17209
63.16,8.582472,8.582472,-5,72,69.297235,75.712705,148.28434
63.2,9.0292685,9.0292685,-4.8,72,69.152977,75.75541,148.39648
63.24,9.4749347,9.4749347,-4.6,72,69.009076,75.798396,148.50852
63.28,9.9194211,9.9194211,-4.4,72,68.865548,75.841663,148.62045
63.32,10.362678,10.362678,-4.2,72,68.722409,75.88521,148.73227
63.36,10.804658,10.804658,-4,72,68.579675,75.929035,148.84398
63.4,11.24531,11.24531,-3.8,72,68.437362,75.973137,148.95558
63.44,11.684587,11.684587,-3.6,72,68.295485,76.017515,149.06707
63.48,12.122441,12.122441,-3.4,72,68.154061,76.062169,149.17845
63.52,12.558823,12.558823,-3.2,72,68.013104,76.107096,149.28973
63.56,12.993686,12.993686,-3,72,67.87263,76.152296,149.40089
63.6,13.426982,13.426982,-2.8,72,67.732654,76.197767,149.51194
63.64,13.858664,13.858664,-2.6,72,67.593192,76.243509,149.62288
63.68,14.288686,14.288686,-2.4,72,67.454258,76.28952,149.73371
63.72,14.717,14.717,-2.2,72,67.315869,76.335798,149.84443
63.76,15.143561,15.143561,-2,72,67.178038,76.382342,149.95503
63.8,15.568321,15.568321,-1.8,72,67.040781,76.429151,150.06553
63.84,15.991235,15.991235,-1.6,72,66.904113,76.476224,150.17591
63.88,16.412257,16,-1.4,72,66.768048,76.523558,150.28618
63.92,16.831342,16,-1.2,72,66.632601,76.571153,150.39633
63.96,17.248445,16,-1,72,66.497788,76.619007,150.50638
64,17.66352,16,-0.8,72,66.363621,76.667119,150.61631
64.04,18.076524,16,-0.6,72,66.230116,76.715487,150.72613
64.08,18.48741,16,-0.4,72,66.097288,76.764109,150.83584
64.12,18.896135,16,-0.2,72,65.96515,76.812984,150.94544
64.16,19.302656,16,1.6449431e-14,72,65.833717,76.86211,151.05492
64.2,19.706928,16,0.2,72,65.703002,76.911486,151.16429
64.24,20.108907,16,0.4,72,65.573021,76.96111,151.27355
64.28,20.508551,16,0.6,72,65.443787,77.010981,151.3827
64.32,20.905816,16,0.8,72,65.315313,77.061095,151.49173
64.36,21.30066,16,1,72,65.187614,77.111453,151.60065
64.4,21.693039,16,1.2,72,65.060704,77.162052,151.70946
64.44,22.082912,16,1.4,72,64.934597,77.21289,151.81816
64.48,22.470236,16,1.6,72,64.809305,77.263966,151.92675
64.52,22.854969,16,1.8,72,64.684842,77.315278,152.03523
64.56,23.237069,16,2,72,64.561223,77.366824,152.14359
64.6,23.616496,16,2.2,72,64.43846,77.418601,152.25185
64.64,23.993207,16,2.4,72,64.316567,77.470609,152.35999
64.68,24.367162,16,2.6,72,64.195557,77.522845,152.46803
64.72,24.738319,16,2.8,72,64.075443,77.575308,152.57595
64.76,25.106639,16,3,72,63.956239,77.627995,152.68377
64.8,25.47208,16,3.2,72,63.837957,77.680904,152.79147
64.84,25.834603,16,3.4,72,63.72061,77.734034,152.89907
64.88,26.194168,16,3.6,72,63.604212,77.787382,153.00656
64.92,26.550734,16,3.8,72,63.488775,77.840947,153.11394
64.96,26.904262,16,4,72,63.374313,77.894726,153.22121
65,27.254713,16,4.2,72,63.260837,77.948718,153.32838
65.04,27.602048,16,4.4,72,63.14836,78.002919,153.43544
65.08,27.946228,16,4.6,72,63.036896,78.057329,153.5424
65.12,28.287214,16,4.8,72,62.926456,78.111945,153.64925
65.16,28.624967,16,5,72,62.817053,78.166765,153.756
65.2,28.959449,16,5.2,72,62.708699,78.221787,153.86264
65.24,29.290623,16,5.4,72,62.601408,78.277009,153.96918
65.28,29.618449,16,5.6,72,62.49519,78.332427,154.07561
65.32,29.942892,16,5.8,72,62.390058,78.388041,154.18195
65.36,30.263912,16,6,72,62.286025,78.443848,154.28818
65.4,30.581473,16,6.2,72,62.183102,78.499846,154.39432
65.44,30.895537,16,6.4,72,62.081301,78.556032,154.50035
65.48,31.206068,16,6.6,72,61.980635,78.612405,154.60628
65.52,31.51303,16,6.8,72,61.881115,78.668961,154.71212
65.56,31.816384,16,7,72,61.782753,78.725699,154.81786
65.6,32.116096,16,7.2,72,61.68556,78.782616,154.9235
65.64,32.412129,16,7.4,72,61.589549,78.83971,155.02905
65.68,32.704447,16,7.6,72,61.494731,78.896979,155.1345
65.72,32.993014,16,7.8,72,61.401118,78.95442,155.23986
65.76,33.277795,16,8,72,61.308721,79.012031,155.34513
65.8,33.558754,16,8.2,72,61.217551,79.069809,155.4503
65.84,33.835857,16,8.4,72,61.12762,79.127752,155.55539
65.88,34.109068,16,8.6,72,61.038939,79.185858,155.66038
65.92,34.378353,16,8.8,72,60.95152,79.244124,155.76529
65.96,34.643676,16,9,72,60.865373,79.302547,155.8701
66,34.905004,16,9.2,72,60.78051,79.361126,155.97483
66.04,35.162302,16,9.4,72,60.696942,79.419858,156.07948
66.08,35.415536,16,9.6,72,60.61468,79.478739,156.18404
66.12,35.664673,16,9.8,72,60.533734,79.537769,156.28852
66.16,35.909678,16,10,72,60.454117,79.596943,156.39291
66.2,36.150518,16,10.2,72,60.375837,79.65626,156.49723
66.24,36.38716,16,10.4,72,60.298908,79.715717,156.60146
66.28,36.619571,16,10.6,72,60.223338,79.775312,156.70562
66.32,36.847717,16,10.8,72,60.149139,79.835041,156.8097
66.36,37.071566,16,11,72,60.076321,79.894902,156.9137
66.4,37.291085,16,11.2,72,60.004895,79.954894,157.01763
66.44,37.506242,16,11.4,72,59.934872,80.015012,157.12148
66.48,37.717004,16,11.6,72,59.866261,80.075254,157.22527
66.52,37.923339,16,11.8,72,59.799074,80.135618,157.32898
66.56,38.125216,16,12,72,59.73332,80.196101,157.43262
66.6,38.322602,16,12.2,72,59.669009,80.256701,157.53619
66.64,38.515466,16,12.4,72,59.606153,80.317413,157.6397
66.68,38.703777,16,12.6,72,59.544762,80.378237,157.74315
66.72,38.887503,16,12.8,72,59.484844,80.439169,157.84653
66.76,39.066613,16,13,72,59.426411,80.500207,157.94984
66.8,39.241076,16,13.2,72,59.369472,80.561347,158.0531
66.84,39.410862,16,13.4,72,59.314037,80.622586,158.1563
66.88,39.57594,16,13.6,72,59.260117,80.683923,158.25944
66.92,39.736279,16,13.8,72,59.207721,80.745355,158.36252
66.96,39.891849,16,14,72,59.156858,80.806877,158.46555
67,40.042621,16,14.2,72,59.107539,80.868489,158.56852
67.04,40.188563,16,14.4,72,59.059774,80.930186,158.67145
67.08,40.329646,16,14.6,72,59.013571,80.991966,158.77432
67.12,40.465842,16,14.8,72,58.968941,81.053827,158.87715
67.16,40.597119,16,15,72,58.925893,81.115764,158.97993
67.2,40.723449,16,15.2,72,58.884436,81.177776,159.08267
67.24,40.844803,16,15.4,72,58.84458,81.239859,159.18536
67.28,40.961151,16,15.6,72,58.806335,81.302011,159.28801
67.32,41.072465,16,15.8,72,58.769709,81.364229,159.39062
67.36,41.178717,16,16,72,58.734713,81.426509,159.49319
67.4,41.279877,16,16,72,58.701336,81.488849,159.59573
67.44,41.376053,16,16,72,58.669571,81.551246,159.69823
67.48,41.467272,16,16,72,58.639409,81.613696,159.8007
67.52,41.55356,16,16,72,58.610842,81.676198,159.90314
67.56,41.634944,16,16,72,58.58386,81.738748,160.00555
67.6,41.71145,16,16,72,58.558456,81.801343,160.10793
67.64,41.783103,16,16,72,58.534621,81.863981,160.21028
67.68,41.849931,16,16,72,58.512347,81.926659,160.31261
67.72,41.911957,16,16,72,58.491625,81.989374,160.41492
67.76,41.969209,16,16,72,58.472448,82.052123,160.51721
67.8,42.021711,16,16,72,58.454806,82.114904,160.61947
67.84,42.069489,16,16,72,58.438692,82.177713,160.72172
67.88,42.112569,16,16,72,58.424097,82.240548,160.82396
67.92,42.150974,16,16,72,58.411014,82.303407,160.92618
67.96,42.18473,16,16,72,58.399434,82.366286,161.02838
68,42.213862,16,16,72,58.38935,82.429183,161.13058
68.04,42.238394,16,16,72,58.380753,82.492096,161.23276
68.08,42.258352,16,16,72,58.373636,82.555021,161.33494
68.12,42.273759,16,16,72,58.36799,82.617957,161.43711
68.16,42.284639,16,16,72,58.363807,82.6809,161.53928
68.2,42.291018,16,16,72,58.361081,82.743847,161.64145
68.24,42.292918,16,16,72,58.359803,82.806797,161.74361
68.28,42.290364,16,16,72,58.359965,82.869747,161.84577
68.32,42.283379,16,16,72,58.36156,82.932694,161.94794
68.36,42.271987,16,16,72,58.36458,82.995635,162.05011
68.4,42.256212,16,16,72,58.369017,83.058569,162.15228
68.44,42.236077,16,16,72,58.374865,83.121492,162.25446
68.48,42.211606,16,16,72,58.382115,83.184402,162.35665
68.52,42.18282,16,16,72,58.390759,83.247297,162.45884
68.56,42.149744,16,16,72,58.400792,83.310174,162.56105
68.6,42.1124,16,16,72,58.412204,83.373031,162.66327
68.64,42.070812,16,16,72,58.424989,83.435864,162.76551
68.68,42.025,16,16,72,58.43914,83.498673,162.86776
68.72,41.974989,16,16,72,58.454648,83.561454,162.97002
68.76,41.920801,16,16,72,58.471508,83.624204,163.07231
68.8,41.862457,16,16,72,58.489711,83.686922,163.17462
68.84,41.799981,16,16,72,58.509251,83.749606,163.27694
68.88,41.733393,16,16,72,58.53012,83.812252,163.37929
68.92,41.662717,16,16,72,58.552311,83.874858,163.48167
68.96,41.587973,16,16,72,58.575818,83.937423,163.58407
69,41.509184,16,16,72,58.600633,83.999943,163.68649
69.04,41.42637,16,16,72,58.626749,84.062416,163.78895
69.08,41.339555,16,16,72,58.65416,84.12484,163.89143
69.12,41.248758,16,16,72,58.682858,84.187213,163.99395
69.16,41.154001,16,16,72,58.712836,84.249533,164.0965
69.2,41.055305,16,16,72,58.744088,84.311796,164.19908
69.24,40.952692,16,16,72,58.776607,84.374001,164.3017
69.28,40.846182,16,16,72,58.810386,84.436146,164.40435
69.32,40.735795,16,16,72,58.845419,84.498228,164.50705
69.36,40.621554,16,16,72,58.881699,84.560244,164.60978
69.4,40.503477,16,16,72,58.919218,84.622194,164.71255
69.44,40.381586,16,16,72,58.957971,84.684074,164.81537
69.48,40.255901,16,16,72,58.997951,84.745882,164.91823
69.52,40.126442,16,16,72,59.039151,84.807616,165.02113
69.56,39.993229,16,16,72,59.081566,84.869274,165.12408
69.6,39.856283,16,16,72,59.125187,84.930854,165.22707
69.64,39.715622,16,16,72,59.17001,84.992353,165.33011
69.68,39.571268,16,16,72,59.216027,85.05377,165.43321
69.72,39.42324,16,16,72,59.263232,85.115101,165.53635
69.76,39.271557,16,16,72,59.311619,85.176345,165.63954
69.8,39.116238,16,16,72,59.361182,85.2375,165.74279
69.84,38.957304,16,16,72,59.411914,85.298564,165.84609
69.88,38.794774,16,16,72,59.463809,85.359533,165.94945
69.92,38.628666,16,16,72,59.51686,85.420408,166.05286
69.96,38.459,16,16,72,59.571063,85.481184,166.15633
70,38.285794,16,16,72,59.62641,85.54186,166.25986
70.04,38.109068,16,16,72,59.682895,85.602435,166.36345
70.08,37.928841,16,16,72,59.740513,85.662905,166.4671
70.12,37.745131,16,16,72,59.799257,85.723268,166.57082
70.16,37.557956,16,16,72,59.859121,85.783524,166.67459
70.2,37.367335,16,16,72,59.9201,85.843669,166.77843
70.24,37.173287,16,16,72,59.982187,85.903701,166.88233
70.28,36.975829,16,16,72,60.045376,85.963619,166.98631
70.32,36.774981,16,16,72,60.109662,86.023419,167.09034
70.36,36.57076,16,16,72,60.175039,86.083102,167.19445
70.4,36.363183,16,16,72,60.241501,86.142663,167.29862
70.44,36.15227,16,16,72,60.309042,86.202102,167.40287
70.48,35.938037,16,16,72,60.377656,86.261415,167.50719
70.52,35.720502,16,16,72,60.447338,86.320602,167.61157
70.56,35.499684,16,16,72,60.518082,86.37966,167.71603
70.6,35.275599,16,16,72,60.589882,86.438587,167.82057
70.64,35.048265,16,16,72,60.662733,86.497381,167.92518
70.68,34.8177,16,16,72,60.736629,86.55604,168.02987
70.72,34.58392,16,16,72,60.811564,86.614562,168.13463
70.76,34.346942,16,16,72,60.887533,86.672945,168.23947
70.8,34.106785,16,16,72,60.964531,86.731187,168.34439
70.84,33.863464,16,16,72,61.042552,86.789286,168.44938
70.88,33.616996,16,16,72,61.12159,86.847241,168.55446
70.92,33.367399,16,16,72,61.20164,86.905048,168.65962
70.96,33.114689,16,16,72,61.282697,86.962707,168.76486
71,32.858883,16,16,72,61.364755,87.020214,168.87018
71.04,32.599996,16,16,72,61.44781,87.07757,168.97559
71.08,32.338047,16,16,72,61.531854,87.13477,169.08108
71.12,32.07305,16,16,72,61.616885,87.191814,169.18665
71.16,31.805022,16,16,72,61.702895,87.248699,169.29231
71.2,31.53398,16,16,72,61.78988,87.305424,169.39806
71.24,31.259939,16,16,72,61.877835,87.361986,169.50389
71.28,30.982915,16,16,72,61.966754,87.418384,169.60981
71.32,30.702925,16,16,72,62.056633,87.474616,169.71582
71.36,30.419984,16,16,72,62.147466,87.53068,169.82192
71.4,30.134107,16,16,72,62.239248,87.586573,169.92811
71.44,29.845312,16,16,72,62.331974,87.642295,170.03439
71.48,29.553612,16,16,72,62.425639,87.697843,170.14076
71.52,29.259024,16,16,72,62.520239,87.753215,170.24722
71.56,28.961563,16,16,72,62.615767,87.80841,170.35377
71.6,28.661244,16,16,72,62.71222,87.863425,170.46042
71.64,28.358083,16,16,72,62.809591,87.918259,170.56716
71.68,28.052094,16,16,72,62.907877,87.97291,170.67399
71.72,27.743293,16,16,72,63.007073,88.027375,170.78092
71.76,27.431695,16,16,72,63.107173,88.081654,170.88794
71.8,27.117315,16,16,72,63.208172,88.135744,170.99506
71.84,26.800167,16,16,72,63.310067,88.189644,171.10227
71.88,26.480266,16,16,72,63.412852,88.243351,171.20958
71.92,26.157628,16,16,72,63.516522,88.296863,171.31699
71.96,25.832266,16,16,72,63.621073,88.35018,171.42449
72,25.504195,16,16,72,63.7265,88.403299,171.5321
72.04,25.17343,16,16,72,63.832798,88.456218,171.6398
72.08,24.839984,16,16,72,63.939963,88.508936,171.7476
72.12,24.503873,16,16,72,64.04799,88.56145,171.8555
72.16,24.16511,16,16,72,64.156874,88.613759,171.9635
72.2,23.82371,16,16,72,64.266611,88.665861,172.0716
72.24,23.479687,16,16,72,64.377197,88.717754,172.1798
72.28,23.133054,16,16,72,64.488627,88.769437,172.2881
72.32,22.783825,16,16,72,64.600895,88.820908,172.3965
72.36,22.432015,16,16,72,64.713999,88.872164,172.505
72.4,22.077638,16,16,72,64.827933,88.923205,172.6136
72.44,21.720706,16,16,72,64.942693,88.974027,172.72231
72.48,21.361233,16,16,72,65.058274,89.024631,172.83112
72.52,20.999234,16,16,72,65.174673,89.075013,172.94003
72.56,20.634721,16,16,72,65.291884,89.125173,173.04904
72.6,20.267708,16,16,72,65.409904,89.175108,173.15816
72.64,19.898208,16,16,72,65.528728,89.224816,173.26738
72.68,19.526235,16,16,72,65.648352,89.274296,173.3767
72.72,19.151801,16,16,72,65.768771,89.323547,173.48613
72.76,18.774921,16,16,72,65.889982,89.372566,173.59566
72.8,18.395606,16,16,72,66.01198,89.421351,173.7053
72.84,18.01387,16,16,72,66.134761,89.469902,173.81504
72.88,17.629725,16,16,72,66.258321,89.518215,173.92488
72.92,17.243186,16,16,72,66.382655,89.56629,174.03483
72.96,16.854263,16,16,72,66.50776,89.614125,174.14489
73,16.462971,16,16,72,66.633632,89.661719,174.25504
73.04,16.069322,16,16,72,66.760265,89.709068,174.36531
73.08,15.673328,15.673328,15.8,72,66.887639,89.756172,174.47568
73.12,15.275137,15.275137,15.6,72,67.015731,89.80303,174.58615
73.16,14.874819,14.874819,15.4,72,67.14452,89.849639,174.69673
73.2,14.472438,14.472438,15.2,72,67.273984,89.895998,174.80741
73.24,14.068062,14.068062,15,72,67.404101,89.942105,174.9182
73.28,13.661757,13.661757,14.8,72,67.534851,89.98796,175.02909
73.32,13.253588,13.253588,14.6,72,67.666212,90.03356,175.14009
73.36,12.843622,12.843622,14.4,72,67.798162,90.078904,175.25119
73.4,12.431924,12.431924,14.2,72,67.93068,90.123992,175.3624
73.44,12.018557,12.018557,14,72,68.063747,90.168821,175.47371
73.48,11.603587,11.603587,13.8,72,68.19734,90.21339,175.58513
73.52,11.187078,11.187078,13.6,72,68.331439,90.257698,175.69665
73.56,10.769093,10.769093,13.4,72,68.466023,90.301745,175.80827
73.6,10.349697,10.349697,13.2,72,68.601073,90.345528,175.92
73.64,9.9289508,9.9289508,13,72,68.736567,90.389047,176.03183
73.68,9.5069187,9.5069187,12.8,72,68.872485,90.4323,176.14377
73.72,9.0836628,9.0836628,12.6,72,69.008808,90.475287,176.2558
73.76,8.6592451,8.6592451,12.4,72,69.145514,90.518007,176.36794
73.8,8.2337274,8.2337274,12.2,72,69.282585,90.560458,176.48018
73.84,7.8071711,7.8071711,12,72,69.419999,90.602639,176.59252
73.88,7.3796373,7.3796373,11.8,72,69.557738,90.644551,176.70497
73.92,6.9511867,6.9511867,11.6,72,69.695782,90.686192,176.81751
73.96,6.5218798,6.5218798,11.4,72,69.834111,90.72756,176.93015
74,6.0917767,6.0917767,11.2,72,69.972705,90.768656,177.0429
74.04,5.6609373,5.6609373,11,72,70.111546,90.809479,177.15574
74.08,5.2294209,5.2294209,10.8,72,70.250615,90.850028,177.26868
74.12,4.7972868,4.7972868,10.6,72,70.389891,90.890302,177.38172
74.16,4.3645938,4.3645938,10.4,72,70.529357,90.930301,177.49486
74.2,3.9314004,3.9314004,10.2,72,70.668992,90.970024,177.60809
74.24,3.4977649,3.4977649,10,72,70.808779,91.009471,177.72143
74.28,3.0637451,3.0637451,9.8,72,70.948698,91.04864,177.83485
74.32,2.6293987,2.6293987,9.6,72,71.088731,91.087533,177.94837
74.36,2.194783,2.194783,9.4,72,71.22886,91.126148,178.06199
74.4,1.7599549,1.7599549,9.2,72,71.369066,91.164484,178.1757
74.44,1.3249711,1.3249711,9,72,71.50933,91.202542,178.28951
74.48,0.88988808,0.88988808,8.8,72,71.649635,91.240321,178.40341
74.52,0.45476182,0.45476182,8.6,72,71.789962,91.277821,178.5174
74.56,0.019648141,0.019648141,8.4,72,71.930293,91.315042,178.63148
74.6,-0.41539748,-0.41539748,8.2,72,72.07061,91.351984,178.74565
74.64,-0.85031984,-0.85031984,8,72,72.210896,91.388645,178.85991
74.68,-1.2850641,-1.2850641,7.8,72,72.351133,91.425027,178.97427
74.72,-1.7195755,-1.7195755,7.6,72,72.491302,91.461129,179.08871
74.76,-2.1537999,-2.1537999,7.4,72,72.631387,91.496952,179.20323
74.8,-2.5876833,-2.5876833,7.2,72,72.77137,91.532494,179.31785
74.84,-3.0211718,-3.0211718,7,72,72.911234,91.567756,179.43255
74.88,-3.4542121,-3.4542121,6.8,72,73.050961,91.602739,179.54734
74.92,-3.8867509,-3.8867509,6.6,72,73.190534,91.637441,179.66221
74.96,-4.3187354,-4.3187354,6.4,72,73.329936,91.671865,179.77717
75,-4.7501131,-4.7501131,6.2,72,73.469151,91.706008,179.89221
75.04,-5.1808315,-5.1808315,6,72,73.60816,91.739873,180.00733
75.08,-5.6108387,-5.6108387,5.8,72,73.746948,91.773459,180.12254
75.12,-6.0400829,-6.0400829,5.6,72,73.885497,91.806766,180.23782
75.16,-6.4685126,-6.4685126,5.4,72,74.023791,91.839794,180.35319
75.2,-6.8960766,-6.8960766,5.2,72,74.161814,91.872545,180.46863
75.24,-7.322724,-7.322724,5,72,74.299548,91.905018,180.58415
75.28,-7.7484041,-7.7484041,4.8,72,74.436978,91.937213,180.69975
75.32,-8.1730665,-8.1730665,4.6,72,74.574087,91.969133,180.81543
75.36,-8.5966611,-8.5966611,4.4,72,74.710859,92.000775,180.93118
75.4,-9.019138,-9.019138,4.2,72,74.847278,92.032142,181.04701
75.44,-9.4404477,-9.4404477,4,72,74.983328,92.063234,181.16291
75.48,-9.8605408,-9.8605408,3.8,72,75.118993,92.094052,181.27889
75.52,-10.279368,-10.279368,3.6,72,75.254256,92.124596,181.39494
75.56,-10.696881,-10.696881,3.4,72,75.389103,92.154866,181.51106
75.6,-11.113031,-11.113031,3.2,72,75.523518,92.184864,181.62725
75.64,-11.52777,-11.52777,3,72,75.657484,92.21459,181.74351
75.68,-11.941049,-11.941049,2.8,72,75.790987,92.244045,181.85983
75.72,-12.352822,-12.352822,2.6,72,75.924011,92.27323,181.97623
75.76,-12.763039,-12.763039,2.4,72,76.05654,92.302146,182.0927
75.8,-13.171655,-13.171655,2.2,72,76.188559,92.330793,182.20923
75.84,-13.578622,-13.578622,2,72,76.320054,92.359173,182.32582
75.88,-13.983894,-13.983894,1.8,72,76.451009,92.387286,182.44248
75.92,-14.387423,-14.387423,1.6,72,76.581408,92.415134,182.55921
75.96,-14.789164,-14.789164,1.4,72,76.711238,92.442717,182.67599
76,-15.189071,-15.189071,1.2,72,76.840483,92.470037,182.79284
76.04,-15.587097,-15.587097,1,72,76.969128,92.497094,182.90975
76.08,-15.983198,-15.983198,0.8,72,77.097158,92.523889,183.02672
76.12,-16.377328,-16,0.6,72,77.22456,92.550425,183.14375
76.16,-16.769441,-16,0.4,72,77.351317,92.576702,183.26084
76.2,-17.159494,-16,0.2,72,77.477417,92.602721,183.37798
76.24,-17.547442,-16,-1.6449431e-14,72,77.602844,92.628483,183.49519
76.28,-17.93324,-16,-0.2,72,77.727585,92.65399,183.61244
76.32,-18.316844,-16,-0.4,72,77.851624,92.679244,183.72976
76.36,-18.69821,-16,-0.6,72,77.974948,92.704244,183.84712
76.4,-19.077295,-16,-0.8,72,78.097542,92.728994,183.96454
76.44,-19.454056,-16,-1,72,78.219393,92.753494,184.08202
76.48,-19.828449,-16,-1.2,72,78.340487,92.777745,184.19954
76.52,-20.200431,-16,-1.4,72,78.460809,92.80175,184.31711
76.56,-20.569959,-16,-1.6,72,78.580347,92.825509,184.43474
76.6,-20.936992,-16,-1.8,72,78.699085,92.849024,184.55241
76.64,-21.301487,-16,-2,72,78.817011,92.872297,184.67013
76.68,-21.663401,-16,-2.2,72,78.934111,92.89533,184.7879
76.72,-22.022694,-16,-2.4,72,79.050371,92.918124,184.90572
76.76,-22.379323,-16,-2.6,72,79.165779,92.94068,185.02358
76.8,-22.733247,-16,-2.8,72,79.28032,92.963,185.14148
76.84,-23.084426,-16,-3,72,79.393981,92.985087,185.25943
76.88,-23.432817,-16,-3.2,72,79.506749,93.006941,185.37743
76.92,-23.778381,-16,-3.4,72,79.618612,93.028565,185.49546
76.96,-24.121077,-16,-3.6,72,79.729555,93.04996,185.61354
77,-24.460864,-16,-3.8,72,79.839566,93.071129,185.73166
77.04,-24.797704,-16,-4,72,79.948632,93.092073,185.84982
77.08,-25.131555,-16,-4.2,72,80.05674,93.112793,185.96801
77.12,-25.462378,-16,-4.4,72,80.163877,93.133293,186.08625
77.16,-25.790134,-16,-4.6,72,80.27003,93.153574,186.20452
77.2,-26.114784,-16,-4.8,72,80.375187,93.173637,186.32283
77.24,-26.436288,-16,-5,72,80.479336,93.193486,186.44118
77.28,-26.754609,-16,-5.2,72,80.582463,93.213121,186.55956
77.32,-27.069706,-16,-5.4,72,80.684556,93.232545,186.67798
77.36,-27.381543,-16,-5.6,72,80.785603,93.251761,186.79643
77.4,-27.69008,-16,-5.8,72,80.885591,93.27077,186.91492
77.44,-27.99528,-16,-6,72,80.984509,93.289574,187.03344
77.48,-28.297105,-16,-6.2,72,81.082343,93.308176,187.15199
77.52,-28.595518,-16,-6.4,72,81.179082,93.326577,187.27057
77.56,-28.890481,-16,-6.6,72,81.274714,93.344781,187.38918
77.6,-29.181957,-16,-6.8,72,81.369227,93.362789,187.50782
77.64,-29.469909,-16,-7,72,81.462608,93.380603,187.62649
77.68,-29.7543,-16,-7.2,72,81.554846,93.398227,187.74519
77.72,-30.035094,-16,-7.4,72,81.645929,93.415662,187.86391
77.76,-30.312254,-16,-7.6,72,81.735845,93.43291,187.98267
77.8,-30.585745,-16,-7.8,72,81.824583,93.449975,188.10145
77.84,-30.855529,-16,-8,72,81.912131,93.466858,188.22026
77.88,-31.121573,-16,-8.2,72,81.998478,93.483562,188.33909
77.92,-31.383839,-16,-8.4,72,82.083611,93.500089,188.45794
77.96,-31.642292,-16,-8.6,72,82.167519,93.516442,188.57682
78,-31.896898,-16,-8.8,72,82.250192,93.532624,188.69573
78.04,-32.14762,-16,-9,72,82.331617,93.548637,188.81465
78.08,-32.394425,-16,-9.2,72,82.411783,93.564483,188.9336
78.12,-32.637278,-16,-9.4,72,82.49068,93.580165,189.05257
78.16,-32.876144,-16,-9.6,72,82.568296,93.595687,189.17157
78.2,-33.110989,-16,-9.8,72,82.64462,93.61105,189.29058
78.24,-33.341779,-16,-10,72,82.719641,93.626256,189.40961
78.28,-33.568479,-16,-10.2,72,82.793347,93.64131,189.52866
78.32,-33.791057,-16,-10.4,72,82.865729,93.656214,189.64773
78.36,-34.009479,-16,-10.6,72,82.936775,93.670969,189.76682
78.4,-34.22371,-16,-10.8,72,83.006475,93.68558,189.88593
78.44,-34.433719,-16,-11,72,83.074817,93.700049,190.00506
78.48,-34.639471,-16,-11.2,72,83.141791,93.714379,190.1242
78.52,-34.840935,-16,-11.4,72,83.207386,93.728572,190.24335
78.56,-35.038076,-16,-11.6,72,83.271592,93.742631,190.36253
78.6,-35.230864,-16,-11.8,72,83.334399,93.75656,190.48172
78.64,-35.419266,-16,-12,72,83.395795,93.770361,190.60092
78.68,-35.603249,-16,-12.2,72,83.455771,93.784038,190.72014
78.72,-35.782781,-16,-12.4,72,83.514316,93.797592,190.83937
78.76,-35.957831,-16,-12.6,72,83.57142,93.811028,190.95862
78.8,-36.128367,-16,-12.8,72,83.627072,93.824348,191.07787
78.84,-36.294358,-16,-13,72,83.681262,93.837555,191.19715
78.88,-36.455771,-16,-13.2,72,83.733981,93.850653,191.31643
78.92,-36.612577,-16,-13.4,72,83.785218,93.863643,191.43572
78.96,-36.764744,-16,-13.6,72,83.834964,93.87653,191.55503
79,-36.912241,-16,-13.8,72,83.883207,93.889317,191.67435
79.04,-37.055037,-16,-14,72,83.929939,93.902006,191.79367
79.08,-37.193103,-16,-14.2,72,83.975149,93.914602,191.91301
79.12,-37.326408,-16,-14.4,72,84.018828,93.927106,192.03236
79.16,-37.454921,-16,-14.6,72,84.060966,93.939522,192.15171
79.2,-37.578613,-16,-14.8,72,84.101553,93.951854,192.27108
79.24,-37.697454,-16,-15,72,84.140579,93.964105,192.39045
79.28,-37.811414,-16,-15.2,72,84.178035,93.976277,192.50983
79.32,-37.920464,-16,-15.4,72,84.213912,93.988375,192.62922
79.36,-38.024573,-16,-15.6,72,84.2482,94.000401,192.74862
79.4,-38.123714,-16,-15.8,72,84.280889,94.012359,192.86802
79.44,-38.217857,-16,-16,72,84.31197,94.024253,192.98743
79.48,-38.306973,-16,-16,72,84.341452,94.036085,193.10684
79.52,-38.39117,-16,-16,72,84.369343,94.047859,193.22626
79.56,-38.470473,-16,-16,72,84.395652,94.059578,193.34569
79.6,-38.544909,-16,-16,72,84.420386,94.071245,193.46512
79.64,-38.614504,-16,-16,72,84.443556,94.082864,193.58456
79.68,-38.679284,-16,-16,72,84.465168,94.094438,193.704
79.72,-38.739274,-16,-16,72,84.485231,94.105971,193.82344
79.76,-38.7945,-16,-16,72,84.503753,94.117464,193.94289
79.8,-38.844987,-16,-16,72,84.520744,94.128923,194.06234
79.84,-38.890761,-16,-16,72,84.53621,94.140349,194.1818
79.88,-38.931846,-16,-16,72,84.550159,94.151746,194.30126
79.92,-38.968269,-16,-16,72,84.562601,94.163117,194.42072
79.96,-39.000053,-16,-16,72,84.573543,94.174465,194.54018
80,-39.027223,-16,-16,72,84.582993,94.185793,194.65964
