t,psi_ref,psi,psi_meas,x,y,cmd,delta
0,0.0042445316,0,0,0,0,0,0
0.05,0.0043129781,2.0858897e-08,0,0.16,5.8249028e-11,0.0086259561,0.00017970742
0.1,0.004382528,8.3151152e-08,0,0.32,2.9045085e-10,0.008765056,0.00035856885
0.15,0.0044531993,2.071768e-07,0,0.48,8.6899762e-10,0.0089063986,0.00053664863
0.2,0.00452501,4.129713e-07,0,0.64,2.022231e-09,0.00905002,0.00071401054
0.25,0.0045979785,7.2031523e-07,0,0.8,4.0337306e-09,0.009195957,0.00089071776
0.3,0.0046721234,1.1487438e-06,0,0.96,7.2416286e-09,0.0093442468,0.0010668329
0.35,0.0047474637,1.7175565e-06,0,1.12,1.2037951e-08,0.0094949274,0.0012424182
0.4,0.0048240186,2.4458257e-06,0,1.28,1.8867985e-08,0.0096480373,0.0014175353
0.45,0.0049018078,3.3524068e-06,0,1.44,2.8229671e-08,0.0098036156,0.0015922453
0.5,0.0049808511,4.4559462e-06,0,1.6,4.067302e-08,0.0099617022,0.001766609
0.55,0.0050611688,5.7748909e-06,0,1.76,5.6799558e-08,0.010122338,0.0019406867
0.6,0.0051427813,7.3274967e-06,0,1.92,7.7261789e-08,0.010285563,0.0021145383
0.65,0.0052257095,9.1318374e-06,0,2.08,1.0276269e-07,0.010451419,0.0022882233
0.7,0.0053099747,1.1205813e-05,0,2.24,1.3405522e-07,0.010619949,0.0024618009
0.75,0.0053955983,1.3567157e-05,0,2.4,1.7194187e-07,0.010791197,0.00263533
0.8,0.0054826023,1.6233447e-05,0,2.56,2.1727421e-07,0.010965205,0.002808869
0.85,0.005571009,1.9222111e-05,0,2.72,2.7095247e-07,0.011142018,0.0029824763
0.9,0.0056608408,2.2550436e-05,0,2.88,3.3392516e-07,0.011321682,0.0031562097
0.95,0.0057521208,2.6235577e-05,0,3.04,4.0718872e-07,0.011504242,0.0033301271
1,0.0058448724,3.0294563e-05,0,3.2,4.917871e-07,0.011689745,0.0035042858
1.05,0.0059391192,3.4744304e-05,0,3.36,5.888115e-07,0.011878238,0.0036787431
1.1,0.0060348852,3.9601603e-05,0,3.52,6.9940003e-07,0.01206977,0.0038535562
1.15,0.0061321951,4.488316e-05,0,3.68,8.2473746e-07,0.01226439,0.0040287819
1.2,0.0062310737,5.060558e-05,0,3.84,9.660549e-07,0.012462147,0.004204477
1.25,0.0063315462,5.6785381e-05,0,4,1.1246296e-06,0.012663092,0.0043806982
1.3,0.0064336383,6.3439001e-05,0,4.16,1.3017847e-06,0.012867277,0.0045575019
1.35,0.0065373762,7.0582805e-05,0,4.32,1.4988891e-06,0.013074752,0.0047349446
1.4,0.0066427863,7.8233094e-05,0,4.48,1.7173571e-06,0.013285573,0.0049130827
1.45,0.0067498956,8.6406109e-05,0,4.64,1.9586485e-06,0.013499791,0.0050919724
1.5,0.0068587314,9.5118041e-05,0,4.8,2.2242682e-06,0.013717463,0.0052716702
1.55,0.0069693216,0.00010438504,0,4.96,2.5157662e-06,0.013938643,0.0054522321
1.6,0.0070816944,0.0001142232,0,5.12,2.8347375e-06,0.014163389,0.0056337145
1.65,0.0071958785,0.00012464862,0,5.28,3.1828221e-06,0.014391757,0.0058161738
1.7,0.0073119032,0.00013567735,0,5.44,3.5617048e-06,0.014623806,0.0059996661
1.75,0.0074297981,0.00014732541,0,5.6,3.9731149e-06,0.014859596,0.006184248
1.8,0.0075495933,0.00015960885,0,5.76,4.4188269e-06,0.015099187,0.0063699759
1.85,0.0076713194,0.00017254369,0,5.92,4.9006598e-06,0.015342639,0.0065569063
1.9,0.0077950075,0.00018614595,0,6.08,5.4204774e-06,0.015590015,0.0067450961
1.95,0.0079206892,0.00020043167,0,6.24,5.9801882e-06,0.015841378,0.006934602
2,0.0080483966,0.0002154169,0,6.4,6.5817456e-06,0.016096793,0.007125481
2.05,0.0081781624,0.00023111772,0,6.56,7.2271481e-06,0.016356325,0.0073177902
2.1,0.0083100198,0.00024755024,0,6.72,7.9184387e-06,0.01662004,0.0075115871
2.15,0.0084440023,0.00026473059,0,6.88,8.657706e-06,0.016888005,0.0077069291
2.2,0.0085801443,0.00028267496,0,7.04,9.4470834e-06,0.017160289,0.0079038741
2.25,0.0087184804,0.00030139958,0,7.2,1.028875e-05,0.017436961,0.0081024801
2.3,0.0088590461,0.00032092074,0,7.36,1.118493e-05,0.017718092,0.0083028053
2.35,0.0090018773,0.00034125477,0,7.52,1.2137893e-05,0.018003755,0.0085049084
2.4,0.0091470104,0.0003624181,0,7.68,1.3149955e-05,0.018294021,0.0087088483
2.45,0.0092944825,0.00038442721,0,7.84,1.4223478e-05,0.018588965,0.008914684
2.5,0.0094443313,0.00040729867,0,8,1.5360871e-05,0.018888663,0.0091224753
2.55,0.009596595,0.00043104913,0,8.16,1.6564587e-05,0.01919319,0.0093322818
2.6,0.0097513126,0.00045569534,0,8.32,1.7837128e-05,0.019502625,0.009544164
2.65,0.0099085235,0.00048125414,0,8.48,1.9181043e-05,0.019817047,0.0097581824
2.7,0.010068268,0.00050774248,0,8.64,2.0598928e-05,0.020136536,0.0099743981
2.75,0.010230587,0.00053517742,0,8.8,2.2093425e-05,0.020461173,0.010192873
2.8,0.010395521,0.00056357613,0,8.96,2.3667227e-05,0.020791042,0.010413668
2.85,0.010563113,0.0005929559,2.0858897e-08,9.12,2.5323072e-05,0.021122847,0.010636776
2.9,0.010733406,0.00062333415,8.3151152e-08,9.28,2.7063749e-05,0.021456679,0.01086219
2.95,0.010906443,0.00065472839,2.071768e-07,9.44,2.8892096e-05,0.021792628,0.011089908
3,0.011082269,0.00068715623,4.129713e-07,9.6,3.0810998e-05,0.022130784,0.011319926
3.05,0.011260927,0.00072063543,7.2031523e-07,9.76,3.2823392e-05,0.022471239,0.011552245
3.1,0.011442464,0.00075518383,1.1487438e-06,9.92,3.4932263e-05,0.022814083,0.011786867
3.15,0.011626927,0.00079081938,1.7175565e-06,10.08,3.7140647e-05,0.023159409,0.012023795
3.2,0.011814362,0.00082756014,2.4458257e-06,10.24,3.9451631e-05,0.023507309,0.012263034
3.25,0.012004816,0.00086542429,3.3524068e-06,10.4,4.1868352e-05,0.023857875,0.012504594
3.3,0.01219834,0.00090443009,4.4559462e-06,10.56,4.4393997e-05,0.024211202,0.012748481
3.35,0.012394982,0.00094459595,5.7748909e-06,10.72,4.7031806e-05,0.024567382,0.012994708
3.4,0.012594791,0.00098594035,7.3274967e-06,10.88,4.9785071e-05,0.024926511,0.013243288
3.45,0.01279782,0.0010284819,9.1318374e-06,11.04,5.2657134e-05,0.025288683,0.013494233
3.5,0.013004121,0.0010722393,1.1205813e-05,11.2,5.5651391e-05,0.025653994,0.013747562
3.55,0.013213744,0.0011172314,1.3567157e-05,11.36,5.877129e-05,0.02602254,0.01400329
3.6,0.013426746,0.0011634771,1.6233447e-05,11.52,6.2020331e-05,0.026394418,0.014261439
3.65,0.013643178,0.0012109956,1.9222111e-05,11.68,6.5402069e-05,0.026769726,0.014522028
3.7,0.013863098,0.0012598058,2.2550436e-05,11.84,6.892011e-05,0.027148562,0.014785081
3.75,0.01408656,0.0013099272,2.6235577e-05,12,7.2578117e-05,0.027531026,0.015050622
3.8,0.014313622,0.0013613792,3.0294563e-05,12.16,7.6379805e-05,0.027917217,0.015318676
3.85,0.014544342,0.0014141812,3.4744304e-05,12.32,8.0328944e-05,0.028307237,0.015589271
3.9,0.014778779,0.001468353,3.9601603e-05,12.48,8.4429359e-05,0.028701186,0.015862436
3.95,0.015016992,0.0015239143,4.488316e-05,12.64,8.8684931e-05,0.029099168,0.016138201
4,0.015259042,0.001580885,5.060558e-05,12.8,9.3099594e-05,0.029501286,0.016416598
4.05,0.015504991,0.0016392851,5.6785381e-05,12.96,9.7677342e-05,0.029907644,0.016697662
4.1,0.015754902,0.0016991349,6.3439001e-05,13.12,0.00010242222,0.030318347,0.016981426
4.15,0.016008839,0.0017604546,7.0582805e-05,13.28,0.00010733834,0.030733503,0.017267928
4.2,0.016266865,0.0018232647,7.8233094e-05,13.44,0.00011242985,0.031153218,0.017557205
4.25,0.016529048,0.0018875858,8.6406109e-05,13.6,0.00011770099,0.0315776,0.017849296
4.3,0.016795453,0.0019534386,9.5118041e-05,13.76,0.00012315602,0.03200676,0.018144243
4.35,0.017066149,0.0020208441,0.00010438504,13.92,0.00012879928,0.032440808,0.018442088
4.4,0.017341204,0.0020898232,0.0001142232,14.08,0.00013463517,0.032879855,0.018742875
4.45,0.01762069,0.0021603972,0.00012464862,14.24,0.00014066813,0.033324015,0.019046649
4.5,0.017904676,0.0022325875,0.00013567735,14.4,0.00014690269,0.033773402,0.019353456
4.55,0.018193236,0.0023064156,0.00014732541,14.56,0.00015334342,0.034228131,0.019663345
4.6,0.018486443,0.0023819031,0.00015960885,14.72,0.00015999495,0.034688318,0.019976366
4.65,0.018784372,0.0024590721,0.00017254369,14.88,0.00016686197,0.035154083,0.020292568
4.7,0.019087098,0.0025379445,0.00018614595,15.04,0.00017394925,0.035625543,0.020612005
4.75,0.019394699,0.0026185427,0.00020043167,15.2,0.0001812616,0.03610282,0.02093473
4.8,0.019707253,0.0027008889,0.0002154169,15.36,0.00018880391,0.036586035,0.021260799
4.85,0.02002484,0.002785006,0.00023111772,15.52,0.00019658111,0.037075313,0.021590268
4.9,0.020347541,0.0028709167,0.00024755024,15.68,0.00020459822,0.037570778,0.021923196
4.95,0.020675437,0.002958644,0.00026473059,15.84,0.00021286032,0.038072556,0.022259641
5,0.021008613,0.0030482112,0.00028267496,16,0.00022137253,0.038580776,0.022599664
5.05,0.021347152,0.0031396418,0.00030139958,16.16,0.00023014006,0.039095567,0.022943329
5.1,0.021691143,0.0032329594,0.00032092074,16.32,0.00023916819,0.039617059,0.023290698
5.15,0.022040671,0.0033281879,0.00034125477,16.48,0.00024846224,0.040145387,0.023641838
5.2,0.022395826,0.0034253516,0.0003624181,16.64,0.00025802763,0.040680684,0.023996814
5.25,0.022756699,0.0035244747,0.00038442721,16.8,0.00026786982,0.041223086,0.024355694
5.3,0.023123381,0.0036255819,0.00040729867,16.96,0.00027799435,0.041772731,0.024718549
5.35,0.023495966,0.0037286981,0.00043104913,17.12,0.00028840684,0.042329759,0.025085449
5.4,0.023874548,0.0038338483,0.00045569534,17.28,0.00029911296,0.042894311,0.025456467
5.45,0.024259223,0.003941058,0.00048125414,17.44,0.00031011847,0.043466531,0.025831677
5.5,0.024650091,0.0040503529,0.00050774248,17.6,0.00032142919,0.044046563,0.026211154
5.55,0.025047249,0.0041617589,0.00053517742,17.76,0.00033305102,0.044634554,0.026594975
5.6,0.0254508,0.0042753021,0.00056357613,17.92,0.00034498991,0.045230654,0.026983218
5.65,0.025860846,0.0043910091,0.0005929559,18.08,0.00035725192,0.045835016,0.027375964
5.7,0.026277491,0.0045089067,0.00062333415,18.24,0.00036984317,0.046447793,0.027773294
5.75,0.02670084,0.004629022,0.00065472839,18.4,0.00038276983,0.047069146,0.02817529
5.8,0.027131003,0.0047513824,0.00068715623,18.56,0.0003960382,0.047699238,0.028582039
5.85,0.027568088,0.0048760156,0.00072063543,18.72,0.0004096546,0.048338233,0.028993627
5.9,0.028012206,0.0050029497,0.00075518383,18.88,0.00042362547,0.0489863,0.029410141
5.95,0.02846347,0.005132213,0.00079081938,19.04,0.00043795731,0.049643613,0.029831671
6,0.028921995,0.0052638344,0.00082756014,19.2,0.00045265671,0.050310348,0.030258311
6.05,0.029387897,0.0053978428,0.00086542429,19.36,0.00046773033,0.050986683,0.030690152
6.1,0.029861296,0.0055342677,0.00090443009,19.52,0.00048318492,0.051672802,0.03112729
6.15,0.03034231,0.0056731389,0.00094459595,19.68,0.00049902732,0.052368892,0.031569824
6.2,0.030831063,0.0058144865,0.00098594035,19.84,0.00051526443,0.053075142,0.032017851
6.25,0.031327679,0.005958341,0.0010284819,20,0.00053190325,0.053791746,0.032471474
6.3,0.031832283,0.0061047335,0.0010722393,20.16,0.00054895088,0.054518901,0.032930795
6.35,0.032345004,0.0062536953,0.0011172314,20.32,0.0005664145,0.055256808,0.03339592
6.4,0.032865971,0.006405258,0.0011634771,20.48,0.00058430135,0.056005672,0.033866957
6.45,0.033395319,0.0065594538,0.0012109956,20.64,0.0006026188,0.0567657,0.034344014
6.5,0.03393318,0.0067163153,0.0012598058,20.8,0.00062137429,0.057537105,0.034827203
6.55,0.034479691,0.0068758755,0.0013099272,20.96,0.00064057536,0.058320102,0.035316639
6.6,0.035034991,0.0070381679,0.0013613792,21.12,0.00066022963,0.05911491,0.035812436
6.65,0.035599221,0.0072032263,0.0014141812,21.28,0.00068034483,0.059921754,0.036314714
6.7,0.036172525,0.0073710852,0.001468353,21.44,0.00070092879,0.060740861,0.036823592
6.75,0.036755046,0.0075417793,0.0015239143,21.6,0.00072198941,0.06157246,0.037339193
6.8,0.037346934,0.0077153441,0.001580885,21.76,0.00074353471,0.062416789,0.037861643
6.85,0.037948339,0.0078918152,0.0016392851,21.92,0.00076557282,0.063274085,0.038391069
6.9,0.038559412,0.0080712292,0.0016991349,22.08,0.00078811194,0.064144591,0.038927601
6.95,0.039180309,0.0082536227,0.0017604546,22.24,0.0008111604,0.065028556,0.039471371
7,0.039811188,0.0084390331,0.0018232647,22.4,0.00083472663,0.06592623,0.040022513
7.05,0.040452208,0.0086274984,0.0018875858,22.56,0.00085881915,0.066837869,0.040581167
7.1,0.041103531,0.0088190571,0.0019534386,22.72,0.0008834466,0.067763733,0.04114747
7.15,0.041765324,0.009013748,0.0020208441,22.88,0.00090861774,0.068704086,0.041721566
7.2,0.042437752,0.0092116109,0.0020898232,23.04,0.00093434141,0.069659197,0.0423036
7.25,0.043120987,0.0094126859,0.0021603972,23.2,0.00096062658,0.070629338,0.04289372
7.3,0.043815202,0.0096170138,0.0022325875,23.36,0.00098748235,0.071614786,0.043492075
7.35,0.044520573,0.0098246359,0.0023064156,23.52,0.0010149179,0.072615824,0.04409882
7.4,0.045237278,0.010035594,0.0023819031,23.68,0.0010429426,0.073632737,0.04471411
7.45,0.045965498,0.010249932,0.0024590721,23.84,0.0010715658,0.074665817,0.045338104
7.5,0.046705418,0.010467691,0.0025379445,24,0.0011007971,0.07571536,0.045970963
7.55,0.047457226,0.010688917,0.0026185427,24.16,0.0011306462,0.076781665,0.046612853
7.6,0.048221111,0.010913653,0.0027008889,24.32,0.0011611228,0.077865039,0.04726394
7.65,0.048997266,0.011141946,0.002785006,24.48,0.001192237,0.078965791,0.047924396
7.7,0.049785888,0.01137384,0.0028709167,24.64,0.0012239988,0.080084236,0.048594392
7.75,0.050587176,0.011609384,0.002958644,24.8,0.0012564183,0.081220694,0.049274107
7.8,0.051401333,0.011848623,0.0030482112,24.96,0.0012895059,0.08237549,0.049963719
7.85,0.052228565,0.012091607,0.0031396418,25.12,0.001323272,0.083548955,0.050663411
7.9,0.05306908,0.012338385,0.0032329594,25.28,0.0013577273,0.084741424,0.05137337
7.95,0.053923092,0.012589006,0.0033281879,25.44,0.0013928824,0.085953238,0.052093784
8,0.054790815,0.012843521,0.0034253516,25.6,0.0014287483,0.087184742,0.052824846
8.05,0.055672468,0.01310198,0.0035244747,25.76,0.0014653359,0.088436289,0.053566751
8.1,0.056568276,0.013364438,0.0036255819,25.92,0.0015026565,0.089708235,0.054319698
8.15,0.057478462,0.013630945,0.0037286981,26.08,0.0015407213,0.091000942,0.055083891
8.2,0.058403258,0.013901556,0.0038338483,26.24,0.0015795417,0.092314779,0.055859534
8.25,0.059342897,0.014176327,0.003941058,26.4,0.0016191295,0.093650121,0.056646838
8.3,0.060297615,0.014455312,0.0040503529,26.56,0.0016594964,0.095007345,0.057446015
8.35,0.061267654,0.014738568,0.0041617589,26.72,0.0017006542,0.096386839,0.058257283
8.4,0.062253257,0.015026153,0.0042753021,26.88,0.0017426151,0.097788994,0.05908086
8.45,0.063254674,0.015318124,0.0043910091,27.04,0.0017853914,0.099214208,0.059916971
8.5,0.064272156,0.015614542,0.0045089067,27.2,0.0018289954,0.10066288,0.060765844
8.55,0.065305961,0.015915466,0.004629022,27.36,0.0018734398,0.10213543,0.061627711
8.6,0.066356348,0.016220959,0.0047513824,27.52,0.0019187373,0.10363227,0.062502806
8.65,0.067423582,0.016531081,0.0048760156,27.68,0.0019649008,0.10515382,0.063391369
8.7,0.068507931,0.016845898,0.0050029497,27.84,0.0020119434,0.10670051,0.064293642
8.75,0.069609669,0.017165472,0.005132213,28,0.0020598784,0.10827277,0.065209874
8.8,0.070729073,0.01748987,0.0052638344,28.16,0.0021087193,0.10987106,0.066140316
8.85,0.071866424,0.017819159,0.0053978428,28.32,0.0021584798,0.11149582,0.067085222
8.9,0.073022008,0.018153405,0.0055342677,28.48,0.0022091737,0.1131475,0.068044853
8.95,0.074196116,0.018492679,0.0056731389,28.64,0.002260815,0.11482657,0.069019472
9,0.075389042,0.018837049,0.0058144865,28.8,0.002313418,0.11653349,0.070009347
9.05,0.076601087,0.019186587,0.005958341,28.96,0.002366997,0.11826876,0.071014752
9.1,0.077832555,0.019541366,0.0061047335,29.12,0.0024215668,0.12003284,0.072035962
9.15,0.079083756,0.019901458,0.0062536953,29.28,0.0024771422,0.12182624,0.073073259
9.2,0.080355002,0.02026694,0.006405258,29.44,0.0025337381,0.12364946,0.07412693
9.25,0.081646613,0.020637887,0.0065594538,29.6,0.00259137,0.12550299,0.075197265
9.3,0.082958914,0.021014376,0.0067163153,29.76,0.0026500532,0.12738735,0.076284558
9.35,0.084292233,0.021396486,0.0068758755,29.92,0.0027098034,0.12930308,0.077389111
9.4,0.085646904,0.021784297,0.0070381679,30.08,0.0027706367,0.13125069,0.078511227
9.45,0.087023267,0.022177891,0.0072032263,30.24,0.002832569,0.13323073,0.079651217
9.5,0.088421666,0.022577351,0.0073710852,30.4,0.0028956169,0.13524374,0.080809394
9.55,0.089842453,0.02298276,0.0075417793,30.56,0.0029597969,0.13729028,0.081986079
9.6,0.091285982,0.023394204,0.0077153441,30.72,0.0030251258,0.13937092,0.083181597
9.65,0.092752614,0.023811771,0.0078918152,30.88,0.0030916208,0.14148621,0.084396276
9.7,0.094242718,0.024235549,0.0080712292,31.04,0.0031592992,0.14363675,0.085630453
9.75,0.095756664,0.024665628,0.0082536227,31.2,0.0032281787,0.14582312,0.086884467
9.8,0.097294832,0.025102099,0.0084390331,31.36,0.0032982769,0.14804592,0.088158664
9.85,0.098857606,0.025545057,0.0086274984,31.52,0.0033696122,0.15030576,0.089453395
9.9,0.10044538,0.025994595,0.0088190571,31.68,0.0034422028,0.15260325,0.090769017
9.95,0.10205854,0.02645081,0.009013748,31.84,0.0035160674,0.15493902,0.092105892
10,0.1036975,0.026913801,0.0092116109,32,0.0035912249,0.15731371,0.093464389
10.05,0.10536266,0.027383666,0.0094126859,32.16,0.0036676945,0.15972794,0.094844879
10.1,0.10705444,0.027860508,0.0096170138,32.319999,0.0037454957,0.16218239,0.096247744
10.15,0.10877326,0.02834443,0.0098246359,32.479999,0.0038246483,0.16467771,0.097673368
10.2,0.11051955,0.028835536,0.010035594,32.639999,0.0039051723,0.16721457,0.099122143
10.25,0.11229374,0.029333933,0.010249932,32.799999,0.0039870881,0.16979366,0.10059447
10.3,0.11409628,0.02983973,0.010467691,32.959999,0.0040704163,0.17241567,0.10209074
10.35,0.11592762,0.030353037,0.010688917,33.119999,0.004155178,0.1750813,0.10361138
10.4,0.1177882,0.030873967,0.010913653,33.279999,0.0042413944,0.17779128,0.10515679
10.45,0.1196785,0.031402634,0.011141946,33.439999,0.0043290871,0.18054631,0.10672741
10.5,0.12159897,0.031939154,0.01137384,33.599999,0.004418278,0.18334714,0.10832365
10.55,0.12355011,0.032483645,0.011609384,33.759999,0.0045089894,0.18619451,0.10994596
10.6,0.12553239,0.033036227,0.011848623,33.919999,0.004601244,0.18908918,0.11159478
10.65,0.1275463,0.033597023,0.012091607,34.079999,0.0046950646,0.19203191,0.11327055
10.7,0.12959235,0.034166157,0.012338385,34.239999,0.0047904745,0.19502349,0.11497374
10.75,0.13167103,0.034743756,0.012589006,34.399999,0.0048874973,0.19806471,0.1167048
10.8,0.13378287,0.035329948,0.012843521,34.559999,0.0049861572,0.20115636,0.11846421
10.85,0.1359284,0.035924864,0.01310198,34.719999,0.0050864783,0.20429926,0.12025244
10.9,0.13810813,0.036528637,0.013364438,34.879999,0.0051884855,0.20749424,0.12206998
10.95,0.1403226,0.037141403,0.013630945,35.039999,0.0052922039,0.21074214,0.12391731
11,0.14257238,0.037763298,0.013901556,35.199999,0.0053976589,0.2140438,0.12579495
11.05,0.144858,0.038394464,0.014176327,35.359999,0.0055048764,0.21740008,0.12770339
11.1,0.14718004,0.039035042,0.014455312,35.519999,0.0056138828,0.22081187,0.12964315
11.15,0.14953907,0.039685177,0.014738568,35.679999,0.0057247047,0.22428005,0.13161475
11.2,0.15193567,0.040345017,0.015026153,35.839999,0.0058373693,0.22780551,0.13361872
11.25,0.15437043,0.041014711,0.015318124,35.999999,0.0059519039,0.23138918,0.13565561
11.3,0.15684395,0.041694412,0.015614542,36.159999,0.0060683367,0.23503198,0.13772595
11.35,0.15935684,0.042384275,0.015915466,36.319999,0.0061866959,0.23873485,0.1398303
11.4,0.16190972,0.043084456,0.016220959,36.479999,0.0063070104,0.24249874,0.14196923
11.45,0.16450321,0.043795117,0.016531081,36.639999,0.0064293094,0.24632463,0.1441433
11.5,0.16713796,0.04451642,0.016845898,36.799999,0.0065536227,0.25021349,0.14635309
11.55,0.1698146,0.045248531,0.017165472,36.959999,0.0066799804,0.25416632,0.1485992
11.6,0.17253379,0.045991618,0.01748987,37.119998,0.0068084132,0.25818413,0.15088222
11.65,0.17529621,0.046745853,0.017819159,37.279998,0.0069389523,0.26226795,0.15320276
11.7,0.17810253,0.04751141,0.018153405,37.439998,0.0070716291,0.26641881,0.15556143
11.75,0.18095343,0.048288466,0.018492679,37.599998,0.007206476,0.27063777,0.15795885
11.8,0.18384961,0.049077202,0.018837049,37.759998,0.0073435253,0.2749259,0.16039566
11.85,0.18679179,0.0498778,0.019186587,37.919998,0.0074828104,0.27928428,0.16287251
11.9,0.18978067,0.050690447,0.019541366,38.079998,0.0076243648,0.28371402,0.16539004
11.95,0.19281699,0.051515332,0.019901458,38.239998,0.0077682228,0.28821623,0.16794892
12,0.19590149,0.052352649,0.02026694,38.399998,0.0079144189,0.29279204,0.17054982
12.05,0.19903492,0.053202592,0.020637887,38.559998,0.0080629886,0.2974426,0.17319342
12.1,0.20221804,0.054065361,0.021014376,38.719998,0.0082139675,0.30216908,0.17588041
12.15,0.20545163,0.054941158,0.021396486,38.879998,0.0083673921,0.30697266,0.1786115
12.2,0.20873648,0.055830189,0.021784297,39.039998,0.0085232994,0.31185453,0.1813874
12.25,0.21207337,0.056732665,0.022177891,39.199998,0.0086817269,0.31681591,0.18420882
12.3,0.21546313,0.057648796,0.022577351,39.359998,0.0088427126,0.32185803,0.18707652
12.35,0.21890657,0.058578801,0.02298276,39.519997,0.0090062955,0.32698215,0.18999122
12.4,0.22240452,0.059522898,0.023394204,39.679997,0.0091725147,0.33218953,0.19295368
12.45,0.22595784,0.060481312,0.023811771,39.839997,0.0093414104,0.33748146,0.19596468
12.5,0.22956739,0.061454269,0.024235549,39.999997,0.0095130231,0.34285923,0.19902498
12.55,0.23323402,0.062442002,0.024665628,40.159997,0.009687394,0.34832418,0.20213538
12.6,0.23695864,0.063444744,0.025102099,40.319997,0.0098645651,0.35387763,0.20529668
12.65,0.24074213,0.064462736,0.025545057,40.479997,0.010044579,0.35952096,0.20850968
12.7,0.24458542,0.065496219,0.025994595,40.639997,0.010227479,0.36525554,0.21177522
12.75,0.24848941,0.066545441,0.02645081,40.799997,0.010413309,0.37108276,0.21509413
12.8,0.25245506,0.067610653,0.026913801,40.959997,0.010602113,0.37700404,0.21846725
12.85,0.25648332,0.06869211,0.027383666,41.119996,0.010793938,0.38302083,0.22189545
12.9,0.26057514,0.069790071,0.027860508,41.279996,0.010988828,0.38913457,0.2253796
12.95,0.26473152,0.0709048,0.02834443,41.439996,0.011186832,0.39534675,0.22892058
13,0.26895344,0.072036565,0.028835536,41.599996,0.011387996,0.40165886,0.2325193
13.05,0.27324192,0.073185638,0.029333933,41.759996,0.011592369,0.40807242,0.23617665
13.1,0.27759798,0.074352296,0.02983973,41.919996,0.011799999,0.41458896,0.23989358
13.15,0.28202265,0.075536821,0.030353037,42.079996,0.012010938,0.42121006,0.243671
13.2,0.286517,0.076739499,0.030873967,42.239996,0.012225235,0.42793729,0.24750988
13.25,0.2910821,0.07796062,0.031402634,42.399995,0.012442942,0.43477225,0.25141118
13.3,0.29571902,0.079200481,0.031939154,42.559995,0.012664111,0.44171657,0.25537588
13.35,0.30042888,0.08045938,0.032483645,42.719995,0.012888796,0.4487719,0.25940496
13.4,0.30521278,0.081737624,0.033036227,42.879995,0.013117051,0.4559399,0.26349944
13.45,0.31007186,0.083035523,0.033597023,43.039995,0.01334893,0.46322228,0.26766033
13.5,0.31500727,0.084353392,0.034166157,43.199995,0.013584489,0.47062074,0.27188867
13.55,0.32002017,0.085691552,0.034743756,43.359994,0.013823785,0.47813703,0.27618551
13.6,0.32511176,0.087050328,0.035329948,43.519994,0.014066875,0.48577291,0.28055192
13.65,0.33028322,0.088430051,0.035924864,43.679994,0.014313818,0.49353016,0.28498897
13.7,0.33553578,0.089831057,0.036528637,43.839994,0.014564674,0.5014106,0.28949775
13.75,0.34087067,0.091253689,0.037141403,43.999994,0.014819502,0.50941605,0.29407938
13.8,0.34628914,0.092698293,0.037763298,44.159993,0.015078364,0.51754839,0.29873499
13.85,0.35179245,0.094165223,0.038394464,44.319993,0.015341323,0.52580948,0.3034657
13.9,0.35738191,0.095654836,0.039035042,44.479993,0.015608441,0.53420125,0.30827269
13.95,0.36305882,0.097167498,0.039685177,44.639993,0.015879784,0.54272562,0.31315713
14,0.36882449,0.098703579,0.040345017,44.799993,0.016155416,0.55138456,0.3181202
14.05,0.37468027,0.10026346,0.041014711,44.959992,0.016435405,0.56018005,0.32316312
14.1,0.38062753,0.10184751,0.041694412,45.119992,0.016719816,0.56911411,0.32828709
14.15,0.38666765,0.10345613,0.042384275,45.279992,0.01700872,0.57818877,0.33349338
14.2,0.39280202,0.10508971,0.043084456,45.439992,0.017302186,0.58740609,0.33878323
14.25,0.39903206,0.10674865,0.043795117,45.599991,0.017600284,0.59676817,0.34415791
14.3,0.40535922,0.10843336,0.04451642,45.759991,0.017903087,0.60627713,0.34961873
14.35,0.41178496,0.11014425,0.045248531,45.919991,0.018210668,0.61593511,0.35516699
14.4,0.41831075,0.11188174,0.045991618,46.07999,0.0185231,0.62574429,0.36080402
14.45,0.42493809,0.11364627,0.046745853,46.23999,0.01884046,0.63570686,0.36653116
14.5,0.43166851,0.11543826,0.04751141,46.39999,0.019162825,0.64582507,0.37234978
14.55,0.43850355,0.11725816,0.048288466,46.559989,0.019490271,0.65610116,0.37826127
14.6,0.44544477,0.11910641,0.049077202,46.719989,0.019822878,0.66653743,0.38426702
14.65,0.45249375,0.12098346,0.0498778,46.879989,0.020160728,0.67713619,0.39036846
14.7,0.4596521,0.12288979,0.050690447,47.039988,0.020503901,0.68789978,0.39656703
14.75,0.46692145,0.12482586,0.051515332,47.199988,0.02085248,0.69883059,0.40286419
14.8,0.47430345,0.12679214,0.052352649,47.359988,0.02120655,0.70993101,0.40926141
14.85,0.48179977,0.12878913,0.053202592,47.519987,0.021566197,0.72120348,0.41576021
14.9,0.4894121,0.13081731,0.054065361,47.679987,0.021931507,0.73265046,0.42236209
14.95,0.49714216,0.13287719,0.054941158,47.839986,0.02230257,0.74427444,0.4290686
15,0.5049917,0.13496927,0.055830189,47.999986,0.022679475,0.75607796,0.43588129
15.05,0.51296247,0.13709406,0.056732665,48.159985,0.023062314,0.76806357,0.44280175
15.1,0.52105625,0.13925209,0.057648796,48.319985,0.023451178,0.78023386,0.44983159
15.15,0.52927487,0.1414439,0.058578801,48.479984,0.023846164,0.79259143,0.45697242
15.2,0.53762015,0.14367003,0.059522898,48.639984,0.024247366,0.80513895,0.46422589
15.25,0.54609395,0.14593101,0.060481312,48.799983,0.024654882,0.8178791,0.47159366
15.3,0.55469816,0.14822741,0.061454269,48.959983,0.02506881,0.83081458,0.47907743
15.35,0.56343468,0.15055981,0.062442002,49.119982,0.025489252,0.84394815,0.48667891
15.4,0.57230544,0.15292876,0.063444744,49.279982,0.025916309,0.85728257,0.49439982
15.45,0.58131239,0.15533485,0.064462736,49.439981,0.026350085,0.87082067,0.50224192
15.5,0.59045753,0.15777869,0.065496219,49.599981,0.026790686,0.88456528,0.51020699
15.55,0.59974285,0.16026086,0.066545441,49.75998,0.027238218,0.89851928,0.51829683
15.6,0.60917039,0.16278198,0.067610653,49.919979,0.027692791,0.91268557,0.52651326
15.65,0.61874221,0.16534268,0.06869211,50.079979,0.028154514,0.92706711,0.53485813
15.7,0.62846038,0.16794357,0.069790071,50.239978,0.0286235,0.94166685,0.54333331
15.75,0.63832703,0.17058531,0.0709048,50.399977,0.029099863,0.95648782,0.5519407
15.8,0.64834428,0.17326855,0.072036565,50.559976,0.02958372,0.97153304,0.56068221
15.85,0.6585143,0.17599393,0.073185638,50.719976,0.030075187,0.9868056,0.56955978
15.9,0.66883928,0.17876214,0.074352296,50.879975,0.030574384,1.0023086,0.57857538
15.95,0.67932143,0.18157385,0.075536821,51.039974,0.031081433,1.0180452,0.587731
16,0.68996301,0.18442975,0.076739499,51.199973,0.031596457,1.0340186,0.59702866
16.05,0.70076627,0.18733055,0.07796062,51.359972,0.032119582,1.0502319,0.60647039
16.1,0.71173353,0.19027695,0.079200481,51.519972,0.032650934,1.0666885,0.61605827
16.15,0.7228671,0.19326968,0.08045938,51.679971,0.033190644,1.0833915,0.62579438
16.2,0.73416934,0.19630948,0.081737624,51.83997,0.033738842,1.1003444,0.63568084
16.25,0.74564264,0.19939709,0.083035523,51.999969,0.034295663,1.1175504,0.64571978
16.3,0.7572894,0.20253326,0.084353392,52.159968,0.034861241,1.135013,0.65591339
16.35,0.76911207,0.20571876,0.085691552,52.319967,0.035435715,1.1527355,0.66626385
16.4,0.7811131,0.20895438,0.087050328,52.479966,0.036019225,1.1707214,0.67677339
16.45,0.793295,0.2122409,0.088430051,52.639965,0.036611912,1.1889742,0.68744424
16.5,0.80566029,0.21557912,0.089831057,52.799963,0.037213921,1.2074974,0.69827868
16.55,0.81821153,0.21896987,0.091253689,52.959962,0.037825399,1.2262946,0.70927901
16.6,0.83095129,0.22241396,0.092698293,53.119961,0.038446494,1.2453693,0.72044756
16.65,0.8438822,0.22591225,0.094165223,53.27996,0.039077358,1.2647252,0.73178668
16.7,0.85700689,0.22946557,0.095654836,53.439959,0.039718145,1.2843659,0.74329874
16.75,0.87032803,0.2330748,0.097167498,53.599957,0.040369011,1.3042951,0.75498617
16.8,0.88384832,0.23674082,0.098703579,53.759956,0.041030114,1.3245165,0.76685138
16.85,0.8975705,0.24046451,0.10026346,53.919954,0.041701616,1.3450339,0.77889685
16.9,0.91149732,0.24424678,0.10184751,54.079953,0.04238368,1.3658511,0.79112507
16.95,0.92563157,0.24808855,0.10345613,54.239951,0.043076471,1.3869719,0.80353854
17,0.93997607,0.25199074,0.10508971,54.39995,0.04378016,1.4084,0.81613982
17.05,0.95453368,0.25595432,0.10674865,54.559948,0.044494917,1.4301396,0.82893148
17.1,0.96930726,0.25998022,0.10843336,54.719947,0.045220916,1.4521943,0.84191613
17.15,0.98429974,0.26406943,0.11014425,54.879945,0.045958334,1.4745682,0.85509638
17.2,0.99951404,0.26822294,0.11188174,55.039943,0.046707351,1.4972653,0.8684749
17.25,1.0149531,0.27244174,0.11364627,55.199941,0.047468149,1.5202896,0.88205437
17.3,1.03062,0.27672686,0.11543826,55.35994,0.048240914,1.5436451,0.89583751
17.35,1.0465177,0.28107932,0.11725816,55.519938,0.049025832,1.5673359,0.90982706
17.4,1.0626493,0.28550017,0.11910641,55.679936,0.049823096,1.591366,0.92402579
17.45,1.0790179,0.28999047,0.12098346,55.839934,0.050632898,1.6157397,0.9384365
17.5,1.0956266,0.29455131,0.12288979,55.999931,0.051455437,1.6404611,0.95306201
17.55,1.1124785,0.29918377,0.12482586,56.159929,0.052290912,1.6655343,0.96790518
17.6,1.1295768,0.30388897,0.12679214,56.319927,0.053139526,1.6909636,0.9829689
17.65,1.1469247,0.30866802,0.12878913,56.479925,0.054001486,1.7167533,0.99825607
17.7,1.1645256,0.31352207,0.13081731,56.639922,0.054877,1.7429075,1.0137696
17.75,1.1823825,0.31845228,0.13287719,56.79992,0.055766282,1.7694306,1.0295126
17.8,1.2004988,0.32345983,0.13496927,56.959917,0.056669548,1.7963269,1.0454879
17.85,1.218878,0.32854589,0.13709406,57.119915,0.057587016,1.8236007,1.0616986
17.9,1.2375232,0.33371169,0.13925209,57.279912,0.058518909,1.8512565,1.0781477
17.95,1.2564379,0.33895844,0.1414439,57.439909,0.059465454,1.8792986,1.0948383
18,1.2756255,0.34428739,0.14367003,57.599906,0.06042688,1.9077313,1.1117736
18.05,1.2950894,0.3496998,0.14593101,57.759903,0.06140342,1.9365592,1.1289566
18.1,1.3148331,0.35519695,0.14822741,57.9199,0.062395311,1.9657867,1.1463906
18.15,1.3348602,0.36078013,0.15055981,58.079897,0.063402792,1.9954183,1.1640787
18.2,1.355174,0.36645066,0.15292876,58.239894,0.064426109,2.0254583,1.1820241
18.25,1.3757782,0.37220988,0.15533485,58.39989,0.065465507,2.0559115,1.2002301
18.3,1.3966764,0.37805913,0.15777869,58.559887,0.06652124,2.0867821,1.2186999
18.35,1.4178721,0.38399978,0.16026086,58.719883,0.067593562,2.1180749,1.2374369
18.4,1.439369,0.39003323,0.16278198,58.87988,0.068682732,2.1497943,1.2564443
18.45,1.4611708,0.39616089,0.16534268,59.039876,0.069789013,2.181945,1.2757256
18.5,1.483281,0.40238418,0.16794357,59.199872,0.070912672,2.2145313,1.295284
18.55,1.5057035,0.40870455,0.17058531,59.359868,0.072053981,2.247558,1.3151231
18.6,1.5284419,0.41512348,0.17326855,59.519864,0.073213214,2.2810296,1.3352461
18.65,1.5515,0.42164245,0.17599393,59.679859,0.074390651,2.3149508,1.3556567
18.7,1.5748816,0.42826296,0.17876214,59.839855,0.075586576,2.349326,1.3763581
18.75,1.5985905,0.43498656,0.18157385,59.99985,0.076801276,2.3841599,1.397354
18.8,1.6226305,0.44181479,0.18442975,60.159845,0.078035043,2.419457,1.4186478
18.85,1.6470054,0.44874923,0.18733055,60.31984,0.079288175,2.4552221,1.4402431
18.9,1.6717191,0.45579146,0.19027695,60.479835,0.080560971,2.4914596,1.4621434
18.95,1.6967755,0.46294311,0.19326968,60.63983,0.081853738,2.5281742,1.4843524
19,1.7221784,0.47020581,0.19630948,60.799825,0.083166786,2.5653704,1.5068736
19.05,1.7479319,0.47758122,0.19939709,60.959819,0.084500429,2.6030528,1.5297107
19.1,1.7740399,0.48507102,0.20253326,61.119814,0.085854986,2.6412259,1.5528672
19.15,1.8005062,0.49267692,0.20571876,61.279808,0.087230783,2.6798944,1.576347
19.2,1.827335,0.50040064,0.20895438,61.439802,0.088628147,2.7190627,1.6001535
19.25,1.85453,0.50824393,0.2122409,61.599795,0.090047413,2.7587353,1.6242907
19.3,1.8820955,0.51620856,0.21557912,61.759789,0.09148892,2.7989168,1.648762
19.35,1.9100354,0.52429634,0.21896987,61.919782,0.092953011,2.8396116,1.6735714
19.4,1.9383537,0.53250908,0.22241396,62.079775,0.094440036,2.8808241,1.6987225
19.45,1.9670544,0.54084862,0.22591225,62.239768,0.095950348,2.9225589,1.7242191
19.5,1.9961417,0.54931683,0.22946557,62.399761,0.097484306,2.9648202,1.750065
19.55,2.0256195,0.55791561,0.2330748,62.559753,0.099042276,3.0076124,1.7762639
19.6,2.055492,0.56664687,0.23674082,62.719745,0.10062463,3.0509398,1.8028196
19.65,2.0857632,0.57551255,0.24046451,62.879737,0.10223173,3.0948068,1.829736
19.7,2.1164372,0.58451462,0.24424678,63.039729,0.10386398,3.1392175,1.8570169
19.75,2.1475181,0.59365508,0.24808855,63.19972,0.10552175,3.1841762,1.884666
19.8,2.17901,0.60293592,0.25199074,63.359711,0.10720543,3.2296869,1.9126873
19.85,2.210917,0.61235921,0.25595432,63.519702,0.10891543,3.2757538,1.9410845
19.9,2.2432431,0.62192701,0.25998022,63.679693,0.11065214,3.322381,1.9698615
19.95,2.2759926,0.63164141,0.26406943,63.839683,0.11241598,3.3695724,1.9990222
20,2.3091694,0.64150453,0.26822294,63.999673,0.11420736,3.4173319,2.0285703
20.05,2.3427776,0.65151852,0.27244174,64.159663,0.11602671,3.4656634,2.0585097
20.1,2.3768214,0.66168556,0.27672686,64.319652,0.11787444,3.5145706,2.0888443
20.15,2.4113048,0.67200784,0.28107932,64.479641,0.119751,3.5640574,2.1195779
20.2,2.446232,0.6824876,0.28550017,64.63963,0.12165682,3.6141273,2.1507144
20.25,2.4816069,0.69312708,0.28999047,64.799618,0.12359234,3.6647838,2.1822575
20.3,2.5174335,0.70392858,0.29455131,64.959606,0.12555803,3.7160305,2.2142111
20.35,2.5537161,0.71489439,0.29918377,65.119593,0.12755434,3.7678707,2.246579
20.4,2.5904585,0.72602687,0.30388897,65.279581,0.12958174,3.8203078,2.279365
20.45,2.6276647,0.73732838,0.30866802,65.439567,0.13164069,3.8733449,2.3125729
20.5,2.6653389,0.7488013,0.31352207,65.599554,0.13373168,3.9269851,2.3462065
20.55,2.7034848,0.76044807,0.31845228,65.75954,0.13585519,3.9812314,2.3802695
20.6,2.7421065,0.77227114,0.32345983,65.919525,0.13801171,4.0360867,2.4147657
20.65,2.7812079,0.78427298,0.32854589,66.07951,0.14020175,4.0915538,2.4496988
20.7,2.8207929,0.79645611,0.33371169,66.239495,0.1424258,4.1476353,2.4850725
20.75,2.8608654,0.80882306,0.33895844,66.399479,0.14468439,4.2043337,2.5208904
20.8,2.9014291,0.82137641,0.34428739,66.559462,0.14697802,4.2616514,2.5571563
20.85,2.9424879,0.83411875,0.3496998,66.719445,0.14930724,4.3195906,2.5938737
20.9,2.9840456,0.84705271,0.35519695,66.879428,0.15167257,4.3781536,2.6310462
20.95,3.0261059,0.86018094,0.36078013,67.03941,0.15407456,4.4373422,2.6686773
21,3.0686724,0.87350614,0.36645066,67.199391,0.15651375,4.4971583,2.7067707
21.05,3.1117489,0.88703101,0.37220988,67.359372,0.15899071,4.5576036,2.7453297
21.1,3.1553389,0.90075831,0.37805913,67.519352,0.161506,4.6186795,2.7843578
21.15,3.1994459,0.91469082,0.38399978,67.679332,0.16406019,4.6803875,2.8238584
21.2,3.2440736,0.92883134,0.39003323,67.839311,0.16665386,4.7427286,2.8638349
21.25,3.2892254,0.94318271,0.39616089,67.999289,0.16928761,4.805704,2.9042905
21.3,3.3349046,0.95774779,0.40238418,68.159267,0.17196202,4.8693143,2.9452285
21.35,3.3811146,0.9725295,0.40870455,68.319244,0.1746777,4.9335602,2.9866521
21.4,3.4278587,0.98753076,0.41512348,68.47922,0.17743527,4.9984423,3.0285644
21.45,3.4751401,1.0027545,0.42164245,68.639195,0.18023535,5.0639606,3.0709685
21.5,3.522962,1.0182038,0.42826296,68.79917,0.18307856,5.1301152,3.1138674
21.55,3.5713275,1.0338816,0.43498656,68.959144,0.18596555,5.196906,3.157264
21.6,3.6202395,1.049791,0.44181479,69.119117,0.18889695,5.2643325,3.2011613
21.65,3.6697012,1.065935,0.44874923,69.27909,0.19187343,5.3323942,3.2455619
21.7,3.7197152,1.0823169,0.45579146,69.439061,0.19489565,5.40109,3.2904688
21.75,3.7702845,1.0989397,0.46294311,69.599032,0.19796428,5.4704191,3.3358844
21.8,3.8214117,1.1158065,0.47020581,69.759001,0.20108,5.54038,3.3818114
21.85,3.8730995,1.1329208,0.47758122,69.91897,0.20424351,5.6109712,3.4282522
21.9,3.9253505,1.1502855,0.48507102,70.078938,0.2074555,5.6821908,3.4752093
21.95,3.978167,1.1679042,0.49267692,70.238905,0.21071668,5.7540367,3.5226849
22,4.0315514,1.1857799,0.50040064,70.39887,0.21402776,5.8265065,3.5706811
22.05,4.085506,1.2039162,0.50824393,70.558835,0.21738948,5.8995977,3.6192002
22.1,4.140033,1.2223163,0.51620856,70.718799,0.22080257,5.9733073,3.6682441
22.15,4.1951345,1.2409836,0.52429634,70.878761,0.22426778,6.0476321,3.7178147
22.2,4.2508123,1.2599216,0.53250908,71.038722,0.22778586,6.1225685,3.7679137
22.25,4.3070684,1.2791338,0.54084862,71.198682,0.23135758,6.1981129,3.8185429
22.3,4.3639045,1.2986235,0.54931683,71.358641,0.23498371,6.2742611,3.8697037
22.35,4.4213222,1.3183945,0.55791561,71.518599,0.23866504,6.3510086,3.9213975
22.4,4.4793231,1.3384501,0.56664687,71.678555,0.24240236,6.4283508,3.9736257
22.45,4.5379084,1.358794,0.57551255,71.83851,0.24619647,6.5062826,4.0263894
22.5,4.5970796,1.3794298,0.58451462,71.998464,0.25004819,6.5847986,4.0796896
22.55,4.6568377,1.4003611,0.59365508,72.158416,0.25395835,6.663893,4.1335272
22.6,4.7171837,1.4215916,0.60293592,72.318367,0.25792778,6.7435599,4.1879029
22.65,4.7781186,1.4431251,0.61235921,72.478316,0.26195732,6.8237927,4.2428172
22.7,4.8396431,1.4649652,0.62192701,72.638264,0.26604782,6.9045847,4.2982707
22.75,4.9017577,1.4871157,0.63164141,72.79821,0.27020017,6.9859287,4.3542636
22.8,4.964463,1.5095804,0.64150453,72.958155,0.27441522,7.0678173,4.410796
22.85,5.0277592,1.5323631,0.65151852,73.118097,0.27869388,7.1502426,4.4678678
22.9,5.0916467,1.5554677,0.66168556,73.278038,0.28303703,7.2331962,4.5254788
22.95,5.1561253,1.578898,0.67200784,73.437978,0.28744559,7.3166696,4.5836286
23,5.2211949,1.6026579,0.6824876,73.597915,0.29192047,7.4006537,4.6423166
23.05,5.2868554,1.6267514,0.69312708,73.757851,0.29646261,7.4851391,4.7015421
23.1,5.3531061,1.6511825,0.70392858,73.917784,0.30107294,7.5701159,4.761304
23.15,5.4199467,1.675955,0.71489439,74.077716,0.30575242,7.6555738,4.8216013
23.2,5.4873762,1.7010731,0.72602687,74.237645,0.31050202,7.7415023,4.8824326
23.25,5.5553938,1.7265408,0.73732838,74.397572,0.3153227,7.8278902,4.9437963
23.3,5.6239983,1.7523621,0.7488013,74.557498,0.32021545,7.9147261,5.0056907
23.35,5.6931886,1.7785411,0.76044807,74.717421,0.32518128,8.0019979,5.0681137
23.4,5.7629631,1.8050819,0.77227114,74.877341,0.33022118,8.0896934,5.1310633
23.45,5.8333203,1.8319887,0.78427298,75.037259,0.33533619,8.1777998,5.194537
23.5,5.9042584,1.8592656,0.79645611,75.197175,0.34052733,8.2663038,5.2585321
23.55,5.9757753,1.8869169,0.80882306,75.357088,0.34579564,8.3551917,5.3230459
23.6,6.047869,1.9149466,0.82137641,75.516999,0.35114219,8.4444494,5.3880751
23.65,6.1205371,1.9433591,0.83411875,75.676907,0.35656803,8.5340624,5.4536165
23.7,6.1937771,1.9721586,0.84705271,75.836812,0.36207425,8.6240155,5.5196665
23.75,6.2675863,2.0013493,0.86018094,75.996715,0.36766193,8.7142933,5.5862212
23.8,6.3419617,2.0309356,0.87350614,76.156614,0.37333219,8.8048799,5.6532766
23.85,6.4169004,2.0609218,0.88703101,76.316511,0.37908612,8.8957588,5.7208283
23.9,6.492399,2.0913121,0.90075831,76.476404,0.38492487,8.9869131,5.7888718
23.95,6.568454,2.122111,0.91469082,76.636294,0.39084957,9.0783255,5.857402
24,6.6450618,2.1533228,0.92883134,76.796181,0.39686137,9.1699782,5.926414
24.05,6.7222186,2.1849519,0.94318271,76.956065,0.40296142,9.2618528,5.9959023
24.1,6.7999202,2.2170026,0.95774779,77.115945,0.40915092,9.3539307,6.0658613
24.15,6.8781624,2.2494794,0.9725295,77.275822,0.41543104,9.4461925,6.1362848
24.2,6.9569407,2.2823867,0.98753076,77.435695,0.42180298,9.5386186,6.2071668
24.25,7.0362505,2.315729,1.0027545,77.595564,0.42826795,9.6311888,6.2785006
24.3,7.1160869,2.3495106,1.0182038,77.75543,0.43482718,9.7238824,6.3502794
24.35,7.1964449,2.3837361,1.0338816,77.915291,0.44148191,9.8166783,6.422496
24.4,7.2773193,2.4184099,1.049791,78.075149,0.44823338,9.9095549,6.4951431
24.45,7.3587044,2.4535365,1.065935,78.235002,0.45508285,10.00249,6.5682128
24.5,7.4405948,2.4891204,1.0823169,78.394851,0.4620316,10.095461,6.6416971
24.55,7.5229845,2.525166,1.0989397,78.554696,0.46908091,10.188446,6.7155877
24.6,7.6058674,2.5616779,1.1158065,78.714536,0.47623208,10.28142,6.7898759
24.65,7.6892374,2.5986606,1.1329208,78.874371,0.48348643,10.374359,6.8645526
24.7,7.7730879,2.6361186,1.1502855,79.034202,0.49084526,10.46724,6.9396086
24.75,7.8574123,2.6740564,1.1679042,79.194028,0.49830992,10.560037,7.0150342
24.8,7.9422037,2.7124785,1.1857799,79.353849,0.50588176,10.652725,7.0908194
24.85,8.0274552,2.7513894,1.2039162,79.513664,0.51356214,10.745278,7.166954
24.9,8.1131593,2.7907937,1.2223163,79.673474,0.52135243,10.837671,7.2434273
24.95,8.1993088,2.8306958,1.2409836,79.833279,0.529254,10.929876,7.3202283
25,8.2858959,2.8711003,1.2599216,79.993078,0.53726827,11.021866,7.3973457
25.05,8.3729128,2.9120116,1.2791338,80.152872,0.54539664,11.113614,7.474768
25.1,8.4603516,2.9534342,1.2986235,80.312659,0.55364054,11.205092,7.5524831
25.15,8.548204,2.9953727,1.3183945,80.472441,0.56200138,11.296272,7.6304787
25.2,8.6364617,3.0378315,1.3384501,80.632216,0.57048064,11.387124,7.7087421
25.25,8.725116,3.0808151,1.358794,80.791985,0.57907975,11.47762,7.7872604
25.3,8.8141583,3.124328,1.3794298,80.951747,0.5878002,11.56773,7.8660202
25.35,8.9035796,3.1683745,1.4003611,81.111502,0.59664346,11.657424,7.9450078
25.4,8.9933709,3.2129591,1.4215916,81.271251,0.60561103,11.746672,8.0242092
25.45,9.0835228,3.2580862,1.4431251,81.430992,0.61470442,11.835443,8.1036099
25.5,9.1740259,3.3037603,1.4649652,81.590726,0.62392515,11.923707,8.1831952
25.55,9.2648707,3.3499856,1.4871157,81.750453,0.63327474,12.01143,8.2629501
25.6,9.3560473,3.3967666,1.5095804,81.910172,0.64275475,12.098583,8.3428591
25.65,9.447546,3.4441076,1.5323631,82.069883,0.65236672,12.185133,8.4229065
25.7,9.5393565,3.4920128,1.5554677,82.229586,0.66211223,12.271047,8.5030761
25.75,9.6314688,3.5404866,1.578898,82.38928,0.67199284,12.356293,8.5833514
25.8,9.7238723,3.5895332,1.6026579,82.548966,0.68201015,12.440837,8.6637157
25.85,9.8165568,3.6391568,1.6267514,82.708644,0.69216576,12.524648,8.7441518
25.9,9.9095114,3.6893617,1.6511825,82.868312,0.70246129,12.60769,8.8246422
25.95,10.002725,3.7401519,1.675955,83.027971,0.71289834,12.68993,8.905169
26,10.096188,3.7915316,1.7010731,83.187621,0.72347857,12.771335,8.9857141
26.05,10.189888,3.8435049,1.7265408,83.347261,0.73420361,12.851869,9.066259
26.1,10.283815,3.8960759,1.7523621,83.506892,0.74507513,12.9315,9.1467849
26.15,10.377956,3.9492484,1.7785411,83.666512,0.75609478,13.01019,9.2272725
26.2,10.472302,4.0030266,1.8050819,83.826121,0.76726425,13.087907,9.3077024
26.25,10.56684,4.0574143,1.8319887,83.98572,0.77858522,13.164615,9.3880547
26.3,10.661558,4.1124155,1.8592656,84.145308,0.79005939,13.240278,9.4683094
26.35,10.756446,4.1680338,1.8869169,84.304885,0.80168847,13.314862,9.5484459
26.4,10.851492,4.2242731,1.9149466,84.46445,0.81347418,13.38833,9.6284435
26.45,10.946682,4.2811371,1.9433591,84.624004,0.82541825,13.460648,9.7082811
26.5,11.042007,4.3386296,1.9721586,84.783546,0.83752242,13.53178,9.7879373
26.55,11.137454,4.396754,2.0013493,84.943075,0.84978842,13.601689,9.8673905
26.6,11.23301,4.455514,2.0309356,85.102591,0.86221803,13.670341,9.9466186
26.65,11.328664,4.514913,2.0609218,85.262095,0.874813,13.737699,10.025599
26.7,11.424404,4.5749545,2.0913121,85.421585,0.88757511,13.803727,10.10431
26.75,11.520217,4.6356418,2.122111,85.581061,0.90050615,13.86839,10.182729
26.8,11.616091,4.6969782,2.1533228,85.740524,0.9136079,13.931652,10.260831
26.85,11.712015,4.7589671,2.1849519,85.899973,0.92688217,13.993477,10.338595
26.9,11.807975,4.8216114,2.2170026,86.059406,0.94033076,14.053829,10.415996
26.95,11.90396,4.8849144,2.2494794,86.218825,0.95395549,14.112673,10.49301
27,11.999958,4.948879,2.2823867,86.378229,0.96775819,14.169972,10.569613
27.05,12.095955,5.0135082,2.315729,86.537617,0.98174069,14.225691,10.645781
27.1,12.19194,5.0788047,2.3495106,86.696988,0.99590482,14.279796,10.72149
27.15,12.2879,5.1447715,2.3837361,86.856344,1.0102524,14.33225,10.796714
27.2,12.383823,5.2114111,2.4184099,87.015682,1.0247854,14.383019,10.871429
27.25,12.479698,5.2787262,2.4535365,87.175004,1.0395055,14.432068,10.945609
27.3,12.575511,5.3467193,2.4891204,87.334308,1.0544147,14.479361,11.019229
27.35,12.67125,5.4153928,2.525166,87.493594,1.0695148,14.524865,11.092263
27.4,12.766904,5.4847491,2.5616779,87.652861,1.0848078,14.568545,11.164685
27.45,12.86246,5.5547903,2.5986606,87.81211,1.1002954,14.610367,11.23647
27.5,12.957907,5.6255187,2.6361186,87.971339,1.1159796,14.650297,11.307592
27.55,13.053231,5.6969362,2.6740564,88.130549,1.1318622,14.688303,11.378023
27.6,13.148422,5.7690448,2.7124785,88.289738,1.1479452,14.72435,11.447738
27.65,13.243467,5.8418464,2.7513894,88.448907,1.1642305,14.758406,11.516711
27.7,13.338354,5.9153426,2.7907937,88.608056,1.1807199,14.790439,11.584913
27.75,13.433072,5.9895351,2.8306958,88.767182,1.1974154,14.820416,11.65232
27.8,13.52761,6.0644254,2.8711003,88.926287,1.2143189,14.848306,11.718903
27.85,13.621955,6.1400148,2.9120116,89.085369,1.2314322,14.874077,11.784635
27.9,13.716096,6.2163048,2.9534342,89.244428,1.2487574,14.897698,11.849491
27.95,13.810022,6.2932964,2.9953727,89.403464,1.2662963,14.91914,11.913442
28,13.903722,6.3709908,3.0378315,89.562476,1.2840508,14.938371,11.976461
28.05,13.997184,6.4493887,3.0808151,89.721463,1.3020229,14.955363,12.038522
28.1,14.090397,6.5284911,3.124328,89.880426,1.3202144,14.970086,12.099596
28.15,14.183351,6.6082986,3.1683745,90.039363,1.3386274,14.982512,12.159657
28.2,14.276035,6.6888118,3.2129591,90.198274,1.3572637,14.992613,12.218677
28.25,14.368438,6.770031,3.2580862,90.357158,1.3761252,15.000361,12.276628
28.3,14.46055,6.8519567,3.3037603,90.516015,1.3952139,15.00573,12.333485
28.35,14.552359,6.9345889,3.3499856,90.674845,1.4145317,15.008693,12.389218
28.4,14.643857,7.0179277,3.3967666,90.833646,1.4340805,15.009224,12.443802
28.45,14.735033,7.101973,3.4441076,90.992418,1.4538622,15.007298,12.497208
28.5,14.825877,7.1867245,3.4920128,91.151161,1.4738787,15.002892,12.54941
28.55,14.916379,7.2721818,3.5404866,91.309874,1.494132,14.99598,12.60038
28.6,15.00653,7.3583445,3.5895332,91.468557,1.5146239,14.986539,12.650091
28.65,15.096321,7.4452117,3.6391568,91.627208,1.5353564,14.974548,12.698518
28.7,15.185741,7.5327828,3.6893617,91.785827,1.5563314,14.959984,12.745631
28.75,15.274783,7.6210567,3.7401519,91.944414,1.5775507,14.942825,12.791406
28.8,15.363436,7.7100323,3.7915316,92.102967,1.5990162,14.923052,12.835816
28.85,15.451693,7.7997083,3.8435049,92.261487,1.6207299,14.900645,12.878833
28.9,15.539544,7.8900834,3.8960759,92.419972,1.6426936,14.875585,12.920432
28.95,15.626982,7.9811559,3.9492484,92.578423,1.6649092,14.847853,12.960587
29,15.713997,8.0729241,4.0030266,92.736837,1.6873785,14.817432,12.999271
29.05,15.800583,8.1653861,4.0574143,92.895215,1.7101035,14.784305,13.036459
29.1,15.886732,8.2585398,4.1124155,93.053556,1.7330859,14.748456,13.072126
29.15,15.972435,8.3523831,4.1680338,93.211859,1.7563276,14.70987,13.106245
29.2,16.057685,8.4469135,4.2242731,93.370123,1.7798305,14.668532,13.138793
29.25,16.142475,8.5421286,4.2811371,93.528348,1.8035964,14.62443,13.169744
29.3,16.226798,8.6380255,4.3386296,93.686533,1.827627,14.577549,13.199073
29.35,16.310647,8.7346014,4.396754,93.844678,1.8519243,14.527879,13.226756
29.4,16.394016,8.8318534,4.455514,94.002781,1.8764899,14.475408,13.25277
29.45,16.476897,8.9297781,4.514913,94.160841,1.9013257,14.420127,13.27709
29.5,16.559286,9.0283722,4.5749545,94.318859,1.9264335,14.362024,13.299693
29.55,16.641174,9.1276321,4.6356418,94.476833,1.951815,14.301093,13.320555
29.6,16.722558,9.2275542,4.6969782,94.634762,1.9774719,14.237325,13.339655
29.65,16.803431,9.3281344,4.7589671,94.792647,2.003406,14.170714,13.356968
29.7,16.883787,9.4293688,4.8216114,94.950485,2.0296191,14.101254,13.372474
29.75,16.963622,9.531253,4.8849144,95.108276,2.0561128,14.028939,13.386151
29.8,17.04293,9.6337827,4.948879,95.26602,2.0828888,13.953766,13.397976
29.85,17.121707,9.7369532,5.0135082,95.423715,2.1099488,13.875732,13.407929
29.9,17.199947,9.8407597,5.0788047,95.581361,2.1372945,13.794833,13.41599
29.95,17.277647,9.9451974,5.1447715,95.738956,2.1649275,13.71107,13.422137
30,17.354802,10.050261,5.2114111,95.896501,2.1928494,13.624441,13.426352
30.05,17.431408,10.155945,5.2787262,96.053994,2.2210619,13.534946,13.428614
30.1,17.507461,10.262244,5.3467193,96.211435,2.2495665,13.442588,13.428905
30.15,17.582957,10.369153,5.4153928,96.368822,2.2783648,13.347368,13.427207
30.2,17.657894,10.476665,5.4847491,96.526154,2.3074584,13.24929,13.4235
30.25,17.732268,10.584775,5.5547903,96.683432,2.3368488,13.148357,13.417768
30.3,17.806075,10.693476,5.6255187,96.840653,2.3665376,13.044575,13.409993
30.35,17.879312,10.802762,5.6969362,96.997818,2.3965262,12.93795,13.400159
30.4,17.951978,10.912626,5.7690448,97.154924,2.4268161,12.828489,13.388249
30.45,18.02407,11.023061,5.8418464,97.311972,2.4574087,12.716199,13.374248
30.5,18.095584,11.134061,5.9153426,97.468961,2.4883056,12.60109,13.358141
30.55,18.16652,11.245619,5.9895351,97.625889,2.519508,12.483171,13.339912
30.6,18.236875,11.357726,6.0644254,97.782756,2.5510175,12.362452,13.319548
30.65,18.306647,11.470376,6.1400148,97.93956,2.5828353,12.238946,13.297036
30.7,18.375835,11.58356,6.2163048,98.096301,2.6149628,12.112665,13.272361
30.75,18.444437,11.697271,6.2932964,98.252979,2.6474013,11.983621,13.245513
30.8,18.512452,11.811501,6.3709908,98.409591,2.6801521,11.851831,13.216478
30.85,18.579879,11.926242,6.4493887,98.566137,2.7132165,11.717308,13.185245
30.9,18.646716,12.041484,6.5284911,98.722617,2.7465956,11.580069,13.151804
30.95,18.712964,12.157221,6.6082986,98.879028,2.7802908,11.440131,13.116144
31,18.778622,12.273441,6.6888118,99.035371,2.8143032,11.297513,13.078256
31.05,18.843689,12.390138,6.770031,99.191645,2.848634,11.152232,13.03813
31.1,18.908165,12.507301,6.8519567,99.347848,2.8832842,11.004309,12.995759
31.15,18.972049,12.624921,6.9345889,99.503979,2.918255,10.853765,12.951134
31.2,19.035342,12.742989,7.0179277,99.660038,2.9535475,10.700621,12.904248
31.25,19.098044,12.861494,7.101973,99.816024,2.9891627,10.544899,12.855095
31.3,19.160156,12.980428,7.1867245,99.971936,3.0251016,10.386623,12.803669
31.35,19.221677,13.09978,7.2721818,100.12777,3.0613653,10.225817,12.749963
31.4,19.282609,13.219539,7.3583445,100.28353,3.0979545,10.062507,12.693975
31.45,19.342951,13.339696,7.4452117,100.43922,3.1348703,9.8967176,12.635699
31.5,19.402706,13.46024,7.5327828,100.59482,3.1721136,9.7284763,12.575131
31.55,19.461874,13.581159,7.6210567,100.75035,3.2096852,9.5578107,12.512271
31.6,19.520456,13.702444,7.7100323,100.90579,3.247586,9.3847493,12.447114
31.65,19.578453,13.824083,7.7997083,101.06116,3.2858166,9.2093213,12.37966
31.7,19.635867,13.946064,7.8900834,101.21644,3.324378,9.031557,12.309908
31.75,19.692699,14.068377,7.9811559,101.37164,3.3632707,8.8514873,12.237857
31.8,19.748951,14.19101,8.0729241,101.52676,3.4024956,8.669144,12.163509
31.85,19.804625,14.313951,8.1653861,101.68179,3.4420531,8.4845596,12.086864
31.9,19.859723,14.437187,8.2585398,101.83674,3.4819441,8.2977676,12.007925
31.95,19.914246,14.560708,8.3523831,101.9916,3.522169,8.1088021,11.926693
32,19.968196,14.684501,8.4469135,102.14638,3.5627284,7.9176979,11.843172
32.05,20.021577,14.808553,8.5421286,102.30106,3.6036228,7.7244909,11.757367
32.1,20.074389,14.932852,8.6380255,102.45566,3.6448527,7.5292173,11.66928
32.15,20.126635,15.057385,8.7346014,102.61016,3.6864185,7.3319143,11.578918
32.2,20.178319,15.182139,8.8318534,102.76458,3.7283207,7.13262,11.486287
32.25,20.229441,15.307102,8.9297781,102.9189,3.7705595,6.9313728,11.391393
32.3,20.280006,15.432259,9.0283722,103.07314,3.8131353,6.7282121,11.294243
32.35,20.330015,15.557599,9.1276321,103.22727,3.8560484,6.5231779,11.194846
32.4,20.379472,15.683108,9.2275542,103.38132,3.8992991,6.316311,11.09321
32.45,20.42838,15.808771,9.3281344,103.53526,3.9428875,6.1076527,10.989344
32.5,20.47674,15.934575,9.4293688,103.68912,3.9868138,5.8972452,10.883259
32.55,20.524557,16.060507,9.531253,103.84287,4.0310782,5.685131,10.774965
32.6,20.571833,16.186553,9.6337827,103.99653,4.0756807,5.4713535,10.664473
32.65,20.618572,16.312697,9.7369532,104.15009,4.1206214,5.2559568,10.551795
32.7,20.664777,16.438927,9.8407597,104.30355,4.1659003,5.0389854,10.436945
32.75,20.71045,16.565228,9.9451974,104.45691,4.2115174,4.8204845,10.319935
32.8,20.755597,16.691585,10.050261,104.61017,4.2574726,4.6004998,10.200781
32.85,20.800219,16.817983,10.155945,104.76332,4.3037657,4.3790778,10.079495
32.9,20.84432,16.944409,10.262244,104.91638,4.3503967,4.1562654,9.9560945
32.95,20.887904,17.070847,10.369153,105.06933,4.3973654,3.93211,9.8305948
33,20.930975,17.197283,10.476665,105.22217,4.4446714,3.7066597,9.7030128
33.05,20.973535,17.3237,10.584775,105.37492,4.4923146,3.479963,9.5733659
33.1,21.015589,17.450085,10.693476,105.52755,4.5402945,3.252069,9.4416723
33.15,21.057141,17.576422,10.802762,105.68008,4.5886109,3.0230272,9.3079505
33.2,21.098193,17.702695,10.912626,105.83251,4.6372634,2.7928876,9.17222
33.25,21.13875,17.82889,11.023061,105.98482,4.6862515,2.5617009,9.0345009
33.3,21.178816,17.95499,11.134061,106.13703,4.7355746,2.3295178,8.8948137
33.35,21.218394,18.080981,11.245619,106.28913,4.7852324,2.09639,8.7531799
33.4,21.257489,18.206846,11.357726,106.44112,4.8352241,1.8623691,8.6096213
33.45,21.296104,18.332569,11.470376,106.593,4.8855493,1.6275074,8.4641606
33.5,21.334243,18.458135,11.58356,106.74477,4.9362071,1.3918577,8.316821
33.55,21.371909,18.583529,11.697271,106.89642,4.987197,1.1554728,8.1676262
33.6,21.409108,18.708733,11.811501,107.04797,5.0385182,0.91840631,8.0166008
33.65,21.445843,18.833732,11.926242,107.1994,5.0901699,0.6807119,7.8637698
33.7,21.482118,18.958509,12.041484,107.35072,5.1421512,0.44244369,7.7091588
33.75,21.517937,19.08305,12.157221,107.50193,5.1944613,0.20365612,7.5527942
33.8,21.553304,19.207336,12.273441,107.65303,5.2470993,-0.035596073,7.3947027
33.85,21.588223,19.331353,12.390138,107.804,5.3000643,-0.27525785,7.2349119
33.9,21.622698,19.455084,12.507301,107.95487,5.3533551,-0.5152739,7.0734497
33.95,21.656734,19.578511,12.624921,108.10562,5.4069708,-0.75558862,6.9103447
34,21.690334,19.70162,12.742989,108.25625,5.4609103,-0.99614618,6.7456262
34.05,21.723502,19.824393,12.861494,108.40677,5.5151725,-1.2368905,6.5793237
34.1,21.756242,19.946815,12.980428,108.55717,5.5697561,-1.4777653,6.4114677
34.15,21.788559,20.068867,13.09978,108.70746,5.62466,-1.7187141,6.2420889
34.2,21.820457,20.190535,13.219539,108.85762,5.6798829,-1.9596801,6.0712187
34.25,21.85194,20.311801,13.339696,109.00768,5.7354235,-2.2006066,5.898889
34.3,21.883011,20.432649,13.46024,109.15761,5.7912805,-2.4414365,5.7251322
34.35,21.913676,20.553062,13.581159,109.30742,5.8474525,-2.6821126,5.5499813
34.4,21.943937,20.673024,13.702444,109.45712,5.903938,-2.9225777,5.3734697
34.45,21.9738,20.792517,13.824083,109.6067,5.9607355,-3.1627743,5.1956313
34.5,22.003267,20.911526,13.946064,109.75616,6.0178437,-3.4026449,5.0165005
34.55,22.032344,21.030034,14.068377,109.90551,6.0752609,-3.642132,4.8361123
34.6,22.061034,21.148024,14.19101,110.05473,6.1329854,-3.8811779,4.6545021
34.65,22.089342,21.265479,14.313951,110.20384,6.1910158,-4.1197249,4.4717057
34.7,22.117271,21.382384,14.437187,110.35282,6.2493503,-4.3577153,4.2877594
34.75,22.144825,21.49872,14.560708,110.50169,6.3079872,-4.5950913,4.1027
34.8,22.172009,21.614473,14.684501,110.65044,6.3669247,-4.8317953,3.9165647
34.85,22.198826,21.729625,14.808553,110.79907,6.426161,-5.0677693,3.7293911
34.9,22.225281,21.84416,14.932852,110.94758,6.4856943,-5.3029558,3.5412172
34.95,22.251377,21.958061,15.057385,111.09598,6.5455228,-5.537297,3.3520815
35,22.277119,22.071313,15.182139,111.24425,6.6056444,-5.7707354,3.1620228
35.05,22.302509,22.183898,15.307102,111.39241,6.6660573,-6.0032134,2.9710804
35.1,22.327553,22.295801,15.432259,111.54044,6.7267595,-6.2346736,2.7792939
35.15,22.352254,22.407004,15.557599,111.68836,6.7877488,-6.4650587,2.5867032
35.2,22.376616,22.517493,15.683108,111.83617,6.8490233,-6.6943113,2.3933487
35.25,22.400643,22.62725,15.808771,111.98385,6.9105808,-6.9223746,2.1992711
35.3,22.424338,22.73626,15.934575,112.13142,6.9724192,-7.1491915,2.0045115
35.35,22.447706,22.844507,16.060507,112.27887,7.0345362,-7.3747053,1.8091111
35.4,22.47075,22.951974,16.186553,112.4262,7.0969297,-7.5988595,1.6131118
35.45,22.493474,23.058646,16.312697,112.57342,7.1595974,-7.8215976,1.4165553
35.5,22.515882,23.164508,16.438927,112.72052,7.222537,-8.0428635,1.2194841
35.55,22.537978,23.269543,16.565228,112.8675,7.2857462,-8.2626013,1.0219406
35.6,22.559765,23.373735,16.691585,113.01437,7.3492225,-8.4807552,0.82396781
35.65,22.581246,23.47707,16.817983,113.16113,7.4129636,-8.69727,0.62560869
35.7,22.602426,23.579532,16.944409,113.30777,7.4769671,-8.9120904,0.42690663
35.75,22.623309,23.681106,17.070847,113.4543,7.5412304,-9.1251616,0.2279052
35.8,22.643897,23.781776,17.197283,113.60071,7.6057511,-9.3364291,0.02864824
35.85,22.664195,23.881527,17.3237,113.74701,7.6705266,-9.5458385,-0.17082023
35.9,22.684205,23.980345,17.450085,113.8932,7.7355543,-9.7533361,-0.37045598
35.95,22.703932,24.078214,17.576422,114.03928,7.8008316,-9.9588682,-0.57021457
36,22.723378,24.17512,17.702695,114.18525,7.866356,-10.162382,-0.77005139
36.05,22.742549,24.271048,17.82889,114.33111,7.9321246,-10.363824,-0.96992165
36.1,22.761445,24.365984,17.95499,114.47685,7.9981347,-10.563142,-1.1697804
36.15,22.780072,24.459913,18.080981,114.62249,8.0643838,-10.760285,-1.3695826
36.2,22.798433,24.552821,18.206846,114.76803,8.1308689,-10.9552,-1.5692829
36.25,22.816531,24.644695,18.332569,114.91345,8.1975873,-11.147836,-1.7688361
36.3,22.834368,24.73552,18.458135,115.05877,8.2645361,-11.338144,-1.9681967
36.35,22.85195,24.825282,18.583529,115.20399,8.3317125,-11.526071,-2.1673191
36.4,22.869278,24.913968,18.708733,115.3491,8.3991136,-11.71157,-2.3661577
36.45,22.886356,25.001565,18.833732,115.4941,8.4667365,-11.89459,-2.5646667
36.5,22.903187,25.088059,18.958509,115.63901,8.5345782,-12.075083,-2.7628003
36.55,22.919775,25.173437,19.08305,115.78381,8.6026358,-12.253,-2.9605128
36.6,22.936122,25.257686,19.207336,115.92852,8.6709062,-12.428294,-3.1577583
36.65,22.952232,25.340794,19.331353,116.07312,8.7393864,-12.600918,-3.3544908
36.7,22.968108,25.422747,19.455084,116.21763,8.8080734,-12.770825,-3.5506644
36.75,22.983753,25.503534,19.578511,116.36204,8.8769641,-12.937969,-3.7462333
36.8,22.999169,25.583142,19.70162,116.50635,8.9460554,-13.102304,-3.9411514
36.85,23.01436,25.66156,19.824393,116.65057,9.0153441,-13.263787,-4.135373
36.9,23.029329,25.738775,19.946815,116.7947,9.0848271,-13.422371,-4.3288521
36.95,23.044078,25.814775,20.068867,116.93873,9.1545012,-13.578015,-4.521543
37,23.058611,25.88955,20.190535,117.08267,9.2243633,-13.730674,-4.7133999
37.05,23.072931,25.963088,20.311801,117.22652,9.29441,-13.880307,-4.9043771
37.1,23.08704,26.035378,20.432649,117.37029,9.3646381,-14.026871,-5.0944291
37.15,23.100941,26.106409,20.553062,117.51396,9.4350445,-14.170326,-5.2835103
37.2,23.114637,26.176171,20.673024,117.65755,9.5056257,-14.310632,-5.4715753
37.25,23.12813,26.244653,20.792517,117.80106,9.5763785,-14.447749,-5.6585789
37.3,23.141424,26.311846,20.911526,117.94448,9.6472996,-14.581637,-5.844476
37.35,23.154521,26.377739,21.030034,118.08782,9.7183855,-14.712259,-6.0292214
37.4,23.167424,26.442322,21.148024,118.23109,9.789633,-14.839578,-6.2127705
37.45,23.180135,26.505586,21.265479,118.37427,9.8610386,-14.963555,-6.3950785
37.5,23.192657,26.567523,21.382384,118.51737,9.9325989,-15.084156,-6.576101
37.55,23.204993,26.628122,21.49872,118.6604,10.004311,-15.201345,-6.7557936
37.6,23.217145,26.687375,21.614473,118.80336,10.07617,-15.315088,-6.9341122
37.65,23.229115,26.745274,21.729625,118.94624,10.148174,-15.425351,-7.111013
37.7,23.240906,26.80181,21.84416,119.08905,10.220319,-15.5321,-7.2864523
37.75,23.252521,26.856975,21.958061,119.23179,10.292601,-15.635305,-7.4603868
37.8,23.263962,26.910762,22.071313,119.37447,10.365018,-15.734933,-7.6327732
37.85,23.275231,26.963163,22.183898,119.51708,10.437565,-15.830954,-7.8035686
37.9,23.286331,27.01417,22.295801,119.65962,10.510238,-15.923339,-7.9727305
37.95,23.297264,27.063777,22.407004,119.8021,10.583035,-16.012058,-8.1402165
38,23.308033,27.111978,22.517493,119.94452,10.655952,-16.097083,-8.3059845
38.05,23.318639,27.158764,22.62725,120.08688,10.728986,-16.178388,-8.4699929
38.1,23.329085,27.204131,22.73626,120.22918,10.802132,-16.255947,-8.6322003
38.15,23.339374,27.248073,22.844507,120.37142,10.875387,-16.329733,-8.7925656
38.2,23.349506,27.290583,22.951974,120.51361,10.948747,-16.399722,-8.951048
38.25,23.359486,27.331656,23.058646,120.65575,11.02221,-16.46589,-9.1076072
38.3,23.369314,27.371288,23.164508,120.79784,11.09577,-16.528215,-9.2622032
38.35,23.378993,27.409473,23.269543,120.93988,11.169426,-16.586676,-9.4147964
38.4,23.388525,27.446207,23.373735,121.08187,11.243172,-16.64125,-9.5653475
38.45,23.397911,27.481485,23.47707,121.22382,11.317006,-16.691918,-9.7138177
38.5,23.407155,27.515304,23.579532,121.36572,11.390924,-16.738661,-9.8601686
38.55,23.416258,27.54766,23.681106,121.50758,11.464922,-16.78146,-10.004362
38.6,23.425222,27.578549,23.781776,121.6494,11.538996,-16.820299,-10.146361
38.65,23.434049,27.607968,23.881527,121.79118,11.613143,-16.855161,-10.286128
38.7,23.442742,27.635915,23.980345,121.93293,11.687359,-16.88603,-10.423625
38.75,23.451301,27.662387,24.078214,122.07464,11.761641,-16.912892,-10.558819
38.8,23.459728,27.687381,24.17512,122.21632,11.835985,-16.935735,-10.691671
38.85,23.468027,27.710896,24.271048,122.35797,11.910386,-16.954544,-10.822147
38.9,23.476198,27.73293,24.365984,122.49959,11.984842,-16.969309,-10.950213
38.95,23.484243,27.753482,24.459913,122.64118,12.059349,-16.980019,-11.075834
39,23.492165,27.77255,24.552821,122.78275,12.133903,-16.986665,-11.198977
39.05,23.499964,27.790135,24.644695,122.92429,12.208501,-16.989237,-11.319607
39.1,23.507643,27.806234,24.73552,123.06582,12.283138,-16.987729,-11.437693
39.15,23.515203,27.820849,24.825282,123.20732,12.357811,-16.982133,-11.553202
39.2,23.522647,27.83398,24.913968,123.34881,12.432517,-16.972444,-11.666103
39.25,23.529975,27.845626,25.001565,123.49029,12.507252,-16.958657,-11.776364
39.3,23.537189,27.855789,25.088059,123.63175,12.582011,-16.940768,-11.883956
39.35,23.544292,27.864469,25.173437,123.7732,12.656792,-16.918775,-11.988848
39.4,23.551284,27.871669,25.257686,123.91464,12.731591,-16.892676,-12.091011
39.45,23.558168,27.877389,25.340794,124.05607,12.806404,-16.862471,-12.190417
39.5,23.564944,27.881632,25.422747,124.19749,12.881228,-16.828159,-12.287036
39.55,23.571615,27.8844,25.503534,124.33892,12.956058,-16.789743,-12.380843
39.6,23.578181,27.885696,25.583142,124.48034,13.030891,-16.747223,-12.471809
39.65,23.584645,27.885523,25.66156,124.62176,13.105725,-16.700605,-12.559909
39.7,23.591008,27.883883,25.738775,124.76318,13.180553,-16.649891,-12.645117
39.75,23.597271,27.88078,25.814775,124.90461,13.255375,-16.595088,-12.727408
39.8,23.603435,27.876219,25.88955,125.04604,13.330185,-16.536201,-12.806758
39.85,23.609503,27.870203,25.963088,125.18749,13.40498,-16.473239,-12.883143
39.9,23.615476,27.862737,26.035378,125.32894,13.479757,-16.406209,-12.95654
39.95,23.621354,27.853826,26.106409,125.4704,13.554512,-16.335121,-13.026927
40,23.62714,27.843474,26.176171,125.61188,13.629241,-16.259985,-13.094283
40.05,23.632834,27.831687,26.244653,125.75337,13.703941,-16.180813,-13.158585
40.1,23.638439,27.818472,26.311846,125.89488,13.778609,-16.097617,-13.219815
40.15,23.643954,27.803833,26.377739,126.0364,13.85324,-16.01041,-13.277952
40.2,23.649383,27.787777,26.442322,126.17795,13.927832,-15.919208,-13.332979
40.25,23.654725,27.77031,26.505586,126.31953,14.00238,-15.824025,-13.384875
40.3,23.659982,27.751441,26.567523,126.46112,14.076882,-15.724878,-13.433625
40.35,23.665155,27.731175,26.628122,126.60274,14.151334,-15.621784,-13.479212
40.4,23.670246,27.709521,26.687375,126.74439,14.225732,-15.514762,-13.521619
40.45,23.675256,27.686487,26.745274,126.88607,14.300073,-15.403831,-13.560832
40.5,23.680185,27.662079,26.80181,127.02779,14.374354,-15.289012,-13.596836
40.55,23.685036,27.636308,26.856975,127.16953,14.448571,-15.170326,-13.629617
40.6,23.689809,27.609181,26.910762,127.31131,14.522722,-15.047795,-13.659162
40.65,23.694505,27.580708,26.963163,127.45313,14.596801,-14.921443,-13.68546
40.7,23.699125,27.550898,27.01417,127.59499,14.670807,-14.791294,-13.708498
40.75,23.703671,27.519761,27.063777,127.73688,14.744736,-14.657373,-13.728266
40.8,23.708143,27.487306,27.111978,127.87882,14.818584,-14.519707,-13.744755
40.85,23.712543,27.453545,27.158764,128.0208,14.892349,-14.378323,-13.757954
40.9,23.716872,27.418486,27.204131,128.16283,14.966027,-14.23325,-13.767856
40.95,23.721131,27.382142,27.248073,128.3049,15.039614,-14.084515,-13.774453
41,23.72532,27.344523,27.290583,128.44702,15.113109,-13.93215,-13.777738
41.05,23.72944,27.305641,27.331656,128.5892,15.186507,-13.776185,-13.777706
41.1,23.733494,27.265507,27.371288,128.73142,15.259805,-13.616653,-13.774351
41.15,23.737481,27.224134,27.409473,128.87369,15.333,-13.453586,-13.767668
41.2,23.741403,27.181533,27.446207,129.01602,15.40609,-13.287018,-13.757655
41.25,23.74526,27.137717,27.481485,129.15841,15.479071,-13.116984,-13.744307
41.3,23.749054,27.092699,27.515304,129.30085,15.55194,-12.943519,-13.727624
41.35,23.752785,27.046492,27.54766,129.44336,15.624694,-12.76666,-13.707604
41.4,23.756454,26.999109,27.578549,129.58592,15.697331,-12.586445,-13.684247
41.45,23.760062,26.950563,27.607968,129.72854,15.769846,-12.402912,-13.657552
41.5,23.76361,26.90087,27.635915,129.87123,15.842238,-12.2161,-13.627522
41.55,23.767099,26.850042,27.662387,130.01398,15.914503,-12.026049,-13.594158
41.6,23.77053,26.798095,27.687381,130.1568,15.986639,-11.8328,-13.557463
41.65,23.773903,26.745042,27.710896,130.29968,16.058642,-11.636394,-13.517441
41.7,23.77722,26.690899,27.73293,130.44263,16.13051,-11.436876,-13.474096
41.75,23.78048,26.635681,27.753482,130.58565,16.202241,-11.234287,-13.427433
41.8,23.783686,26.579403,27.77255,130.72874,16.273831,-11.028672,-13.377459
41.85,23.786837,26.522081,27.790135,130.8719,16.345278,-10.820076,-13.32418
41.9,23.789934,26.463731,27.806234,131.01514,16.416579,-10.608546,-13.267604
41.95,23.792979,26.404369,27.820849,131.15844,16.487731,-10.394128,-13.20774
42,23.795971,26.344011,27.83398,131.30183,16.558733,-10.176869,-13.144597
42.05,23.798913,26.282674,27.845626,131.44529,16.629581,-9.9568177,-13.078185
42.1,23.801803,26.220375,27.855789,131.58882,16.700273,-9.7340233,-13.008515
42.15,23.804643,26.15713,27.864469,131.73244,16.770806,-9.5085354,-12.935599
42.2,23.807434,26.092958,27.871669,131.87613,16.841179,-9.2804045,-12.859449
42.25,23.810176,26.027875,27.877389,132.0199,16.911388,-9.049682,-12.780079
42.3,23.812871,25.9619,27.881632,132.16376,16.981432,-8.8164198,-12.697502
42.35,23.815518,25.89505,27.8844,132.30769,17.051308,-8.5806707,-12.611735
42.4,23.818118,25.827343,27.885696,132.45171,17.121014,-8.342488,-12.522792
42.45,23.820672,25.758797,27.885523,132.59581,17.190547,-8.1019258,-12.430691
42.5,23.823181,25.689432,27.883883,132.74,17.259906,-7.859039,-12.335448
42.55,23.825645,25.619266,27.88078,132.88427,17.329088,-7.6138828,-12.237082
42.6,23.828064,25.548318,27.876219,133.02862,17.398092,-7.3665134,-12.135612
42.65,23.83044,25.476607,27.870203,133.17306,17.466914,-7.1169876,-12.031057
42.7,23.832773,25.404152,27.862737,133.31759,17.535554,-6.8653626,-11.923439
42.75,23.835063,25.330973,27.853826,133.46221,17.60401,-6.6116963,-11.812777
42.8,23.837311,25.257089,27.843474,133.60691,17.672279,-6.3560475,-11.699096
42.85,23.839518,25.182521,27.831687,133.75171,17.740359,-6.098475,-11.582416
42.9,23.841684,25.107288,27.818472,133.89659,17.80825,-5.8390388,-11.462762
42.95,23.84381,25.03141,27.803833,134.04156,17.875948,-5.577799,-11.340159
43,23.845895,24.954908,27.787777,134.18662,17.943453,-5.3148164,-11.214631
43.05,23.847941,24.877803,27.77031,134.33178,18.010762,-5.0501524,-11.086204
43.1,23.849949,24.800114,27.751441,134.47702,18.077875,-4.7838688,-10.954906
43.15,23.851918,24.721863,27.731175,134.62236,18.144789,-4.516028,-10.820762
43.2,23.853849,24.64307,27.709521,134.76778,18.211503,-4.2466928,-10.683803
43.25,23.855742,24.563758,27.686487,134.9133,18.278016,-3.9759266,-10.544055
43.3,23.857599,24.483946,27.662079,135.05892,18.344326,-3.703793,-10.40155
43.35,23.859419,24.403656,27.636308,135.20462,18.410432,-3.4303564,-10.256317
43.4,23.861203,24.32291,27.609181,135.35042,18.476333,-3.1556813,-10.108387
43.45,23.862951,24.241728,27.580708,135.49631,18.542027,-2.8798329,-9.9577918
43.5,23.864664,24.160134,27.550898,135.6423,18.607513,-2.6028765,-9.8045644
43.55,23.866342,24.078148,27.519761,135.78837,18.67279,-2.3248781,-9.6487376
43.6,23.867985,23.995793,27.487306,135.93455,18.737857,-2.0459037,-9.4903452
43.65,23.869595,23.91309,27.453545,136.08081,18.802713,-1.7660201,-9.3294217
43.7,23.871171,23.830062,27.418486,136.22717,18.867358,-1.485294,-9.1660024
43.75,23.872713,23.74673,27.382142,136.37363,18.931789,-1.2037927,-9.000123
43.8,23.874223,23.663117,27.344523,136.52017,18.996006,-0.92158365,-8.8318201
43.85,23.8757,23.579246,27.305641,136.66681,19.060009,-0.63873475,-8.6611309
43.9,23.877145,23.495138,27.265507,136.81355,19.123796,-0.35531403,-8.488093
43.95,23.878558,23.410816,27.224134,136.96038,19.187367,-0.071389834,-8.312745
44,23.879939,23.326303,27.181533,137.1073,19.250722,0.21296926,-8.135126
44.05,23.881289,23.241621,27.137717,137.25432,19.31386,0.49769446,-7.9552756
44.1,23.882609,23.156793,27.092699,137.40142,19.376779,0.78271675,-7.773234
44.15,23.883897,23.071841,27.046492,137.54863,19.439481,1.0679669,-7.5890424
44.2,23.885156,22.986789,26.999109,137.69592,19.501964,1.3533756,-7.402742
44.25,23.886385,22.901659,26.950563,137.84331,19.564228,1.6388733,-7.214375
44.3,23.887583,22.816473,26.90087,137.99079,19.626273,1.9243904,-7.0239841
44.35,23.888753,22.731255,26.850042,138.13836,19.688099,2.2098569,-6.8316124
44.4,23.889893,22.646028,26.798095,138.28603,19.749704,2.4952031,-6.6373037
44.45,23.891005,22.560814,26.745042,138.43378,19.811091,2.7803589,-6.4411024
44.5,23.892088,22.475636,26.690899,138.58163,19.872257,3.0652542,-6.2430533
44.55,23.893142,22.390517,26.635681,138.72957,19.933204,3.349819,-6.0432018
44.6,23.894169,22.30548,26.579403,138.87759,19.993931,3.6339831,-5.8415938
44.65,23.895167,22.220548,26.522081,139.02571,20.054439,3.9176762,-5.6382757
44.7,23.896138,22.135743,26.463731,139.17392,20.114727,4.2008283,-5.4332943
44.75,23.897082,22.051089,26.404369,139.32222,20.174796,4.483369,-5.2266972
44.8,23.897998,21.966609,26.344011,139.4706,20.234647,4.7652284,-5.0185321
44.85,23.898887,21.882324,26.282674,139.61907,20.294279,5.0463361,-4.8088473
44.9,23.89975,21.798259,26.220375,139.76763,20.353694,5.3266223,-4.5976917
44.95,23.900586,21.714435,26.15713,139.91628,20.412891,5.6060169,-4.3851144
45,23.901396,21.630875,26.092958,140.06501,20.471871,5.8844501,-4.1711652
45.05,23.902179,21.547602,26.027875,140.21383,20.530634,6.1618521,-3.955894
45.1,23.902937,21.464639,25.9619,140.36273,20.589183,6.4381533,-3.7393513
45.15,23.903668,21.382008,25.89505,140.51172,20.647516,6.7132843,-3.5215881
45.2,23.904374,21.299731,25.827343,140.66079,20.705636,6.9871757,-3.3026555
45.25,23.905054,21.217831,25.758797,140.80994,20.763542,7.2597583,-3.0826052
45.3,23.905709,21.13633,25.689432,140.95918,20.821236,7.5309634,-2.8614892
45.35,23.906339,21.05525,25.619266,141.1085,20.878719,7.800722,-2.6393598
45.4,23.906944,20.974614,25.548318,141.25789,20.935992,8.0689659,-2.4162697
45.45,23.907523,20.894443,25.476607,141.40737,20.993055,8.3356268,-2.1922718
45.5,23.908078,20.81476,25.404152,141.55693,21.049911,8.6006367,-1.9674196
45.55,23.908608,20.735586,25.330973,141.70657,21.10656,8.8639279,-1.7417665
45.6,23.909113,20.656943,25.257089,141.85628,21.163003,9.1254331,-1.5153665
45.65,23.909594,20.578853,25.182521,142.00607,21.219243,9.3850852,-1.2882738
45.7,23.91005,20.501337,25.107288,142.15594,21.27528,9.6428175,-1.0605427
45.75,23.910482,20.424416,25.03141,142.30588,21.331115,9.8985637,-0.83222798
45.8,23.91089,20.348112,24.954908,142.45589,21.386751,10.152258,-0.60338453
45.85,23.911273,20.272446,24.877803,142.60598,21.442188,10.403834,-0.37406747
45.9,23.911632,20.197439,24.800114,142.75614,21.497429,10.653228,-0.14433216
45.95,23.911968,20.123112,24.721863,142.90638,21.552475,10.900373,0.085765866
46,23.912279,20.049485,24.64307,143.05668,21.607328,11.145207,0.31617088
46.05,23.912566,19.976578,24.563758,143.20705,21.66199,11.387664,0.546827
46.1,23.912829,19.904413,24.483946,143.3575,21.716462,11.627683,0.77767816
46.15,23.913069,19.83301,24.403656,143.508,21.770747,11.865198,1.0086682
46.2,23.913284,19.762387,24.32291,143.65858,21.824846,12.100149,1.2397407
46.25,23.913476,19.692566,24.241728,143.80922,21.878762,12.332474,1.4708393
46.3,23.913644,19.623566,24.160134,143.95993,21.932496,12.56211,1.7019074
46.35,23.913788,19.555407,24.078148,144.1107,21.986051,12.788997,1.9328885
46.4,23.913908,19.488107,23.995793,144.26154,22.039429,13.013075,2.1637257
46.45,23.914005,19.421686,23.91309,144.41243,22.092632,13.234284,2.3943623
46.5,23.914078,19.356162,23.830062,144.56339,22.145662,13.452565,2.6247416
46.55,23.914126,19.291555,23.74673,144.7144,22.198522,13.667859,2.8548065
46.6,23.914151,19.227883,23.663117,144.86548,22.251215,13.880109,3.0845003
46.65,23.914153,19.165164,23.579246,145.01661,22.303741,14.089257,3.3137661
46.7,23.91413,19.103416,23.495138,145.1678,22.356105,14.295247,3.5425469
46.75,23.914083,19.042658,23.410816,145.31904,22.408309,14.498023,3.770786
46.8,23.914012,18.982905,23.326303,145.47034,22.460355,14.697529,3.9984265
46.85,23.913918,18.924177,23.241621,145.62169,22.512245,14.893711,4.2254116
46.9,23.913799,18.86649,23.156793,145.7731,22.563983,15.086515,4.4516846
46.95,23.913656,18.809861,23.071841,145.92455,22.615572,15.275889,4.6771888
47,23.913488,18.754306,22.986789,146.07606,22.667014,15.461779,4.9018678
47.05,23.913297,18.699842,22.901659,146.22761,22.718311,15.644134,5.125665
47.1,23.91308,18.646486,22.816473,146.37921,22.769468,15.822903,5.3485241
47.15,23.91284,18.594252,22.731255,146.53086,22.820486,15.998037,5.570389
47.2,23.912575,18.543157,22.646028,146.68255,22.871369,16.169486,5.7912035
47.25,23.912285,18.493216,22.560814,146.83429,22.92212,16.337201,6.0109118
47.3,23.91197,18.444444,22.475636,146.98607,22.972742,16.501135,6.2294581
47.35,23.91163,18.396855,22.390517,147.1379,23.023237,16.661241,6.4467869
47.4,23.911265,18.350465,22.30548,147.28976,23.07361,16.817474,6.6628429
47.45,23.910875,18.305287,22.220548,147.44166,23.123862,16.969787,6.8775709
47.5,23.910459,18.261336,22.135743,147.5936,23.173999,17.118137,7.090916
47.55,23.910018,18.218625,22.051089,147.74558,23.224022,17.262481,7.3028236
47.6,23.909551,18.177167,21.966609,147.8976,23.273935,17.402776,7.5132393
47.65,23.909059,18.136976,21.882324,148.04965,23.323741,17.53898,7.7221089
47.7,23.90854,18.098064,21.798259,148.20173,23.373444,17.671053,7.9293786
47.75,23.907995,18.060443,21.714435,148.35385,23.423047,17.798956,8.1349948
47.8,23.907424,18.024127,21.630875,148.506,23.472554,17.922649,8.3389042
47.85,23.906826,17.989126,21.547602,148.65818,23.521968,18.042094,8.541054
47.9,23.906202,17.955452,21.464639,148.81038,23.571292,18.157255,8.7413916
47.95,23.90555,17.923116,21.382008,148.96262,23.620531,18.268097,8.9398646
48,23.904871,17.89213,21.299731,149.11488,23.669687,18.374583,9.1364212
48.05,23.904165,17.862504,21.217831,149.26717,23.718764,18.476681,9.3310099
48.1,23.903431,17.834247,21.13633,149.41948,23.767767,18.574356,9.5235797
48.15,23.902669,17.80737,21.05525,149.57181,23.816698,18.667579,9.7140796
48.2,23.901879,17.781883,20.974614,149.72417,23.865561,18.756316,9.9024596
48.25,23.90106,17.757794,20.894443,149.87655,23.91436,18.84054,10.08867
48.3,23.900213,17.735112,20.81476,150.02894,23.963098,18.92022,10.27266
48.35,23.899337,17.713847,20.735586,150.18136,24.01178,18.99533,10.454383
48.4,23.898432,17.694005,20.656943,150.33379,24.06041,19.065842,10.633788
48.45,23.897497,17.675596,20.578853,150.48624,24.10899,19.131731,10.810828
48.5,23.896532,17.658626,20.501337,150.6387,24.157525,19.192972,10.985456
48.55,23.895537,17.643103,20.424416,150.79117,24.206019,19.249542,11.157625
48.6,23.894512,17.629033,20.348112,150.94366,24.254476,19.301418,11.327287
48.65,23.893456,17.616423,20.272446,151.09615,24.302899,19.34858,11.494397
48.7,23.892369,17.605278,20.197439,151.24866,24.351292,19.391006,11.65891
48.75,23.891251,17.595606,20.123112,151.40117,24.399659,19.428678,11.82078
48.8,23.8901,17.58741,20.049485,151.55369,24.448005,19.461578,11.979964
48.85,23.888918,17.580696,19.976578,151.70622,24.496333,19.489689,12.136416
48.9,23.887703,17.575469,19.904413,151.85875,24.544647,19.512994,12.290095
48.95,23.886455,17.571732,19.83301,152.01129,24.592951,19.531481,12.440957
49,23.885174,17.56949,19.762387,152.16382,24.641249,19.545134,12.588961
49.05,23.883859,17.568745,19.692566,152.31636,24.689545,19.553942,12.734065
49.1,23.88251,17.569503,19.623566,152.4689,24.737843,19.557893,12.876228
49.15,23.881127,17.571764,19.555407,152.62143,24.786147,19.556978,13.01541
49.2,23.879709,17.575531,19.488107,152.77396,24.834461,19.551186,13.151572
49.25,23.878255,17.580807,19.421686,152.92649,24.882789,19.540512,13.284675
49.3,23.876766,17.587592,19.356162,153.07901,24.931135,19.524948,13.414681
49.35,23.87524,17.595889,19.291555,153.23152,24.979503,19.504488,13.541552
49.4,23.873678,17.605698,19.227883,153.38403,25.027897,19.479128,13.665251
49.45,23.872078,17.61702,19.165164,153.53652,25.076322,19.448866,13.785743
49.5,23.870441,17.629854,19.103416,153.68901,25.124781,19.413698,13.902992
49.55,23.868766,17.644201,19.042658,153.84148,25.173277,19.373625,14.016964
49.6,23.867052,17.660059,18.982905,153.99394,25.221816,19.328647,14.127624
49.65,23.865299,17.677428,18.924177,154.14639,25.270402,19.278765,14.234939
49.7,23.863506,17.696306,18.86649,154.29882,25.319037,19.223982,14.338878
49.75,23.861673,17.716692,18.809861,154.45123,25.367727,19.164302,14.439407
49.8,23.859799,17.738582,18.754306,154.60362,25.416475,19.09973,14.536497
49.85,23.857884,17.761976,18.699842,154.75599,25.465285,19.030273,14.630118
49.9,23.855927,17.786869,18.646486,154.90835,25.514161,18.955937,14.720239
49.95,23.853927,17.813259,18.594252,155.06068,25.563108,18.876731,14.806832
50,23.851885,17.841141,18.543157,155.21298,25.612128,18.792665,14.889871
50.05,23.849798,17.870512,18.493216,155.36526,25.661227,18.703751,14.969326
50.1,23.847668,17.901367,18.444444,155.51752,25.710408,18.609999,15.045174
50.15,23.845492,17.933702,18.396855,155.66974,25.759674,18.511424,15.117387
50.2,23.843271,17.96751,18.350465,155.82194,25.809031,18.40804,15.185943
50.25,23.841003,18.002786,18.305287,155.97411,25.858481,18.299862,15.250816
50.3,23.838688,18.039525,18.261336,156.12624,25.908029,18.186908,15.311984
50.35,23.836326,18.07772,18.218625,156.27834,25.957678,18.069194,15.369426
50.4,23.833916,18.117364,18.177167,156.43041,26.007432,17.946741,15.42312
50.45,23.831456,18.158449,18.136976,156.58244,26.057295,17.819569,15.473046
50.5,23.828947,18.20097,18.098064,156.73444,26.107271,17.687699,15.519185
50.55,23.826388,18.244917,18.060443,156.88639,26.157364,17.551153,15.561518
50.6,23.823777,18.290282,18.024127,157.03831,26.207577,17.409956,15.600027
50.65,23.821114,18.337057,17.989126,157.19018,26.257914,17.264131,15.634696
50.7,23.818398,18.385233,17.955452,157.34202,26.308379,17.113706,15.665508
50.75,23.815629,18.4348,17.923116,157.49381,26.358975,16.958707,15.69245
50.8,23.812805,18.485749,17.89213,157.64555,26.409706,16.799163,15.715507
50.85,23.809926,18.538069,17.862504,157.79725,26.460576,16.635102,15.734665
50.9,23.806992,18.59175,17.834247,157.9489,26.511587,16.466555,15.749913
50.95,23.804,18.646781,17.80737,158.1005,26.562745,16.293555,15.761238
51,23.80095,18.703151,17.781883,158.25205,26.614051,16.116132,15.768632
51.05,23.797842,18.760848,17.757794,158.40355,26.66551,15.934322,15.772084
51.1,23.794675,18.819861,17.735112,158.555,26.717125,15.748159,15.771585
51.15,23.791447,18.880177,17.713847,158.70639,26.768899,15.557679,15.767129
51.2,23.788157,18.941784,17.694005,158.85772,26.820837,15.362919,15.758708
51.25,23.784805,19.004668,17.675596,159.009,26.87294,15.163917,15.746317
51.3,23.78139,19.068817,17.658626,159.16022,26.925212,14.960712,15.72995
51.35,23.777911,19.134216,17.643103,159.31138,26.977657,14.753344,15.709604
51.4,23.774366,19.200853,17.629033,159.46248,27.030278,14.541855,15.685276
51.45,23.770756,19.268711,17.616423,159.61352,27.083078,14.326286,15.656963
51.5,23.767077,19.337777,17.605278,159.76449,27.13606,14.106681,15.624666
51.55,23.763331,19.408036,17.595606,159.9154,27.189227,13.883084,15.588383
51.6,23.759515,19.479472,17.58741,160.06624,27.242582,13.655541,15.548115
51.65,23.755629,19.55207,17.580696,160.21702,27.296128,13.424097,15.503865
51.7,23.75167,19.625814,17.575469,160.36772,27.349868,13.1888,15.455634
51.75,23.74764,19.700687,17.571732,160.51836,27.403805,12.949698,15.403427
51.8,23.743535,19.776673,17.56949,160.66892,27.457942,12.70684,15.347249
51.85,23.739355,19.853755,17.568745,160.81941,27.512281,12.460276,15.287103
51.9,23.735099,19.931916,17.569503,160.96983,27.566826,12.210057,15.222998
51.95,23.730766,20.011138,17.571764,161.12017,27.621578,11.956235,15.154941
52,23.726354,20.091403,17.575531,161.27043,27.676541,11.698863,15.082939
52.05,23.721863,20.172693,17.580807,161.42062,27.731718,11.437994,15.007003
52.1,23.71729,20.254991,17.587592,161.57072,27.787109,11.173684,14.927142
52.15,23.712634,20.338276,17.595889,161.72075,27.842719,10.905988,14.843368
52.2,23.707895,20.422531,17.605698,161.87069,27.89855,10.634961,14.755693
52.25,23.703071,20.507735,17.61702,162.02055,27.954603,10.360662,14.664129
52.3,23.698161,20.59387,17.629854,162.17032,28.010882,10.083148,14.568692
52.35,23.693163,20.680915,17.644201,162.32001,28.067388,9.8024783,14.469396
52.4,23.688076,20.76885,17.660059,162.46962,28.124124,9.5187123,14.366257
52.45,23.682898,20.857655,17.677428,162.61913,28.181091,9.2319105,14.259291
52.5,23.677628,20.94731,17.696306,162.76856,28.238293,8.9421342,14.148517
52.55,23.672265,21.037793,17.716692,162.91789,28.29573,8.6494452,14.033953
52.6,23.666807,21.129083,17.738582,163.06714,28.353405,8.3539065,13.915619
52.65,23.661253,21.221159,17.761976,163.21629,28.411321,8.0555813,13.793535
52.7,23.655601,21.314,17.786869,163.36534,28.469477,7.7545339,13.667722
52.75,23.649849,21.407583,17.813259,163.5143,28.527877,7.4508292,13.538204
52.8,23.643997,21.501887,17.841141,163.66317,28.586522,7.1445328,13.405002
52.85,23.638042,21.596888,17.870512,163.81194,28.645414,6.8357109,13.268142
52.9,23.631982,21.692565,17.901367,163.96061,28.704554,6.5244303,13.127648
52.95,23.625817,21.788895,17.933702,164.10917,28.763944,6.2107586,12.983546
53,23.619545,21.885855,17.96751,164.25764,28.823586,5.894764,12.835863
53.05,23.613163,21.983421,18.002786,164.40601,28.88348,5.5765153,12.684627
53.1,23.60667,22.08157,18.039525,164.55427,28.943628,5.2560817,12.529865
53.15,23.600064,22.18028,18.07772,164.70243,29.004032,4.9335332,12.371609
53.2,23.593345,22.279525,18.117364,164.85049,29.064692,4.6089403,12.209886
53.25,23.586509,22.379281,18.158449,164.99844,29.125609,4.2823739,12.04473
53.3,23.579555,22.479526,18.20097,165.14628,29.186786,3.9539057,11.876171
53.35,23.572481,22.580234,18.244917,165.29402,29.248222,3.6236077,11.704243
53.4,23.565285,22.681382,18.290282,165.44164,29.309919,3.2915524,11.528978
53.45,23.557966,22.782943,18.337057,165.58916,29.371878,2.9578127,11.350412
53.5,23.550521,22.884894,18.385233,165.73656,29.434099,2.6224621,11.16858
53.55,23.542948,22.98721,18.4348,165.88386,29.496583,2.2855746,10.983517
53.6,23.535247,23.089865,18.485749,166.03104,29.559331,1.9472243,10.795261
53.65,23.527413,23.192835,18.538069,166.17811,29.622343,1.6074859,10.603849
53.7,23.519446,23.296093,18.59175,166.32507,29.68562,1.2664345,10.40932
53.75,23.511344,23.399615,18.646781,166.47191,29.749163,0.92414557,10.211712
53.8,23.503103,23.503374,18.703151,166.61863,29.812972,0.58069477,10.011066
53.85,23.494723,23.607345,18.760848,166.76524,29.877046,0.23615819,9.8074219
53.9,23.486201,23.711503,18.819861,166.91174,29.941387,-0.10938779,9.6008217
53.95,23.477535,23.81582,18.880177,167.05811,30.005995,-0.45586653,9.3913073
54,23.468722,23.920272,18.941784,167.20437,30.070869,-0.80320111,9.1789217
54.05,23.459761,24.024831,19.004668,167.35051,30.136011,-1.1513144,8.9637085
54.1,23.450649,24.129472,19.068817,167.49653,30.201418,-1.5001289,8.7457119
54.15,23.441383,24.234168,19.134216,167.64243,30.267093,-1.8495672,8.5249769
54.2,23.431962,24.338893,19.200853,167.78821,30.333034,-2.1995515,8.3015492
54.25,23.422384,24.44362,19.268711,167.93387,30.399242,-2.5500037,8.0754752
54.3,23.412645,24.548323,19.337777,168.07941,30.465716,-2.900846,7.8468018
54.35,23.402743,24.652974,19.408036,168.22482,30.532455,-3.2519999,7.6155768
54.4,23.392676,24.757549,19.479472,168.37012,30.59946,-3.6033872,7.3818484
54.45,23.382441,24.862019,19.55207,168.51529,30.666729,-3.9549296,7.1456655
54.5,23.372036,24.966358,19.625814,168.66034,30.734263,-4.3065485,6.9070777
54.55,23.361459,25.070539,19.700687,168.80526,30.802061,-4.6581655,6.6661351
54.6,23.350706,25.174536,19.776673,168.95007,30.870121,-5.009702,6.4228885
54.65,23.339775,25.278321,19.853755,169.09474,30.938443,-5.3610794,6.1773892
54.7,23.328664,25.381867,19.931916,169.2393,31.007027,-5.7122193,5.929689
54.75,23.317369,25.485149,20.011138,169.38373,31.075872,-6.0630431,5.6798404
54.8,23.305889,25.588138,20.091403,169.52804,31.144975,-6.4134724,5.4278964
54.85,23.294219,25.690808,20.172693,169.67222,31.214338,-6.7634288,5.1739105
54.9,23.282358,25.793132,20.254991,169.81628,31.283958,-7.112834,4.9179366
54.95,23.270303,25.895084,20.338276,169.96022,31.353833,-7.4616099,4.6600294
55,23.258051,25.996636,20.422531,170.10403,31.423964,-7.8096784,4.4002438
55.05,23.245599,26.097762,20.507735,170.24772,31.494349,-8.1569616,4.1386354
55.1,23.232944,26.198434,20.59387,170.39128,31.564986,-8.5033819,3.87526
55.15,23.220083,26.298627,20.680915,170.53472,31.635874,-8.8488617,3.6101742
55.2,23.207013,26.398314,20.76885,170.67803,31.707011,-9.1933237,3.3434346
55.25,23.193732,26.497467,20.857655,170.82123,31.778397,-9.5366908,3.0750987
55.3,23.180235,26.59606,20.94731,170.9643,31.850028,-9.8788862,2.805224
55.35,23.166521,26.694068,21.037793,171.10724,31.921905,-10.219833,2.5338686
55.4,23.152586,26.791462,21.129083,171.25007,31.994024,-10.559456,2.261091
55.45,23.138427,26.888218,21.221159,171.39277,32.066384,-10.897678,1.98695
55.5,23.12404,26.984309,21.314,171.53535,32.138983,-11.234425,1.7115047
55.55,23.109423,27.079708,21.407583,171.67781,32.21182,-11.569619,1.4348146
55.6,23.094572,27.174389,21.501887,171.82015,32.284892,-11.903188,1.1569396
55.65,23.079484,27.268327,21.596888,171.96237,32.358197,-12.235056,0.87793964
55.7,23.064156,27.361496,21.692565,172.10447,32.431734,-12.565149,0.5978753
55.75,23.048584,27.45387,21.788895,172.24645,32.505499,-12.893394,0.3168072
55.8,23.032766,27.545423,21.885855,172.38831,32.579492,-13.219716,0.034796292
55.85,23.016697,27.63613,21.983421,172.53006,32.653708,-13.544044,-0.24809622
55.9,23.000374,27.725965,22.08157,172.67169,32.728147,-13.866306,-0.53180892
55.95,22.983794,27.814903,22.18028,172.8132,32.802806,-14.186428,-0.81628015
56,22.966954,27.902919,22.279525,172.9546,32.877682,-14.504341,-1.1014481
56.05,22.94985,27.989989,22.379281,173.09589,32.952773,-14.819973,-1.3872507
56.1,22.932477,28.076087,22.479526,173.23706,33.028076,-15.133254,-1.6736258
56.15,22.914834,28.161188,22.580234,173.37812,33.103588,-15.444115,-1.9605109
56.2,22.896916,28.245269,22.681382,173.51907,33.179308,-15.752486,-2.2478438
56.25,22.87872,28.328305,22.782943,173.65991,33.255232,-16.058299,-2.5355616
56.3,22.860241,28.410271,22.884894,173.80064,33.331357,-16.361487,-2.8236017
56.35,22.841477,28.491145,22.98721,173.94126,33.40768,-16.661982,-3.1119013
56.4,22.822424,28.570902,23.089865,174.08177,33.4842,-16.959717,-3.4003975
56.45,22.803077,28.649518,23.192835,174.22218,33.560912,-17.254627,-3.6890272
56.5,22.783434,28.726971,23.296093,174.36249,33.637814,-17.546647,-3.9777277
56.55,22.76349,28.803237,23.399615,174.5027,33.714902,-17.835713,-4.2664357
56.6,22.743242,28.878293,23.503374,174.6428,33.792174,-18.121759,-4.5550883
56.65,22.722686,28.952118,23.607345,174.7828,33.869627,-18.404725,-4.8436224
56.7,22.701817,29.024687,23.711503,174.92271,33.947257,-18.684547,-5.1319749
56.75,22.680633,29.095979,23.81582,175.06252,34.02506,-18.961163,-5.420083
56.8,22.65913,29.165972,23.920272,175.20223,34.103035,-19.234514,-5.7078837
56.85,22.637302,29.234645,24.024831,175.34185,34.181177,-19.50454,-5.995314
56.9,22.615148,29.301974,24.129472,175.48138,34.259483,-19.771181,-6.2823113
56.95,22.592661,29.367941,24.234168,175.62082,34.33795,-20.03438,-6.5688127
57,22.56984,29.432523,24.338893,175.76017,34.416573,-20.294078,-6.8547557
57.05,22.54668,29.495699,24.44362,175.89943,34.495351,-20.550219,-7.1400779
57.1,22.523176,29.557449,24.548323,176.03861,34.574278,-20.802749,-7.4247168
57.15,22.499325,29.617754,24.652974,176.1777,34.653352,-21.051611,-7.7086105
57.2,22.475123,29.676592,24.757549,176.31672,34.732568,-21.296753,-7.9916968
57.25,22.450566,29.733945,24.862019,176.45565,34.811924,-21.53812,-8.2739139
57.3,22.425649,29.789792,24.966358,176.59451,34.891415,-21.775662,-8.5552003
57.35,22.40037,29.844116,25.070539,176.73329,34.971038,-22.009327,-8.8354946
57.4,22.374724,29.896896,25.174536,176.872,35.050788,-22.239065,-9.1147357
57.45,22.348706,29.948115,25.278321,177.01063,35.130663,-22.464826,-9.3928626
57.5,22.322314,29.997754,25.381867,177.1492,35.210658,-22.686563,-9.6698147
57.55,22.295542,30.045796,25.485149,177.2877,35.290768,-22.904229,-9.9455316
57.6,22.268387,30.092222,25.588138,177.42614,35.370991,-23.117776,-10.219953
57.65,22.240845,30.137016,25.690808,177.56451,35.451322,-23.32716,-10.49302
57.7,22.212912,30.180161,25.793132,177.70282,35.531758,-23.532337,-10.764673
57.75,22.184583,30.221639,25.895084,177.84107,35.612293,-23.733262,-11.034852
57.8,22.155856,30.261435,25.996636,177.97927,35.692924,-23.929895,-11.303498
57.85,22.126725,30.299533,26.097762,178.11742,35.773648,-24,-11.568009
57.9,22.097188,30.335918,26.198434,178.25551,35.854459,-24,-11.827009
57.95,22.067239,30.370576,26.298627,178.39355,35.935353,-24,-12.080613
58,22.036875,30.403494,26.398314,178.53155,36.016327,-24,-12.328933
58.05,22.006093,30.434658,26.497467,178.6695,36.097376,-24,-12.57208
58.1,21.974888,30.464058,26.59606,178.80741,36.178496,-24,-12.810162
58.15,21.943256,30.49168,26.694068,178.94529,36.259682,-24,-13.043284
58.2,21.911194,30.517516,26.791462,179.08312,36.34093,-24,-13.271549
58.25,21.878698,30.541555,26.888218,179.22092,36.422236,-24,-13.495058
58.3,21.845764,30.563787,26.984309,179.35869,36.503596,-24,-13.713911
58.35,21.812388,30.584204,27.079708,179.49644,36.585004,-24,-13.928204
58.4,21.778566,30.602798,27.174389,179.63415,36.666458,-24,-14.138034
58.45,21.744296,30.619561,27.268327,179.77184,36.747951,-24,-14.343491
58.5,21.709572,30.634486,27.361496,179.90951,36.829481,-24,-14.544668
58.55,21.674393,30.647566,27.45387,180.04716,36.911042,-24,-14.741655
58.6,21.638753,30.658797,27.545423,180.1848,36.99263,-24,-14.934537
58.65,21.60265,30.668171,27.63613,180.32242,37.07424,-24,-15.123401
58.7,21.56608,30.675686,27.725965,180.46003,37.155869,-24,-15.30833
58.75,21.52904,30.681335,27.814903,180.59763,37.237511,-24,-15.489406
58.8,21.491527,30.685115,27.902919,180.73523,37.319162,-24,-15.66671
58.85,21.453536,30.687023,27.989989,180.87283,37.400817,-24,-15.84032
58.9,21.415066,30.687055,28.076087,181.01042,37.482473,-24,-16.010314
58.95,21.376112,30.68521,28.161188,181.14802,37.564125,-24,-16.176766
59,21.336673,30.681485,28.245269,181.28562,37.645767,-24,-16.33975
59.05,21.296744,30.675877,28.328305,181.42323,37.727396,-24,-16.499338
59.1,21.256323,30.668387,28.410271,181.56085,37.809007,-24,-16.655602
59.15,21.215408,30.659012,28.491145,181.69849,37.890595,-24,-16.80861
59.2,21.173994,30.647753,28.570902,181.83614,37.972157,-24,-16.958431
59.25,21.13208,30.634608,28.649518,181.97381,38.053686,-24,-17.10513
59.3,21.089664,30.61958,28.726971,182.1115,38.13518,-24,-17.248773
59.35,21.046742,30.602666,28.803237,182.24921,38.216633,-24,-17.389424
59.4,21.003312,30.58387,28.878293,182.38696,38.298041,-24,-17.527144
59.45,20.959373,30.563191,28.952118,182.52473,38.379399,-24,-17.661995
59.5,20.914921,30.540631,29.024687,182.66253,38.460703,-24,-17.794037
59.55,20.869955,30.516193,29.095979,182.80037,38.541948,-24,-17.923328
59.6,20.824472,30.489878,29.165972,182.93824,38.62313,-24,-18.049925
59.65,20.778472,30.461688,29.234645,183.07616,38.704244,-24,-18.173885
59.7,20.731952,30.431626,29.301974,183.21411,38.785285,-24,-18.295263
59.75,20.68491,30.399695,29.367941,183.35212,38.86625,-24,-18.414111
59.8,20.637346,30.365899,29.432523,183.49017,38.947133,-24,-18.530484
59.85,20.589258,30.33024,29.495699,183.62827,39.027931,-24,-18.644432
59.9,20.540644,30.292723,29.557449,183.76642,39.108638,-24,-18.756007
59.95,20.491503,30.25335,29.617754,183.90463,39.189249,-24,-18.865256
60,20.441836,30.212128,29.676592,184.0429,39.269762,-24,-18.97223
60.05,20.39164,30.169059,29.733945,184.18122,39.35017,-24,-19.076975
60.1,20.340915,30.124148,29.789792,184.31962,39.43047,-24,-19.179538
60.15,20.289661,30.0774,29.844116,184.45807,39.510658,-24,-19.279965
60.2,20.237877,30.028821,29.896896,184.59659,39.590727,-24,-19.378299
60.25,20.185563,29.978415,29.948115,184.73519,39.670675,-24,-19.474584
60.3,20.13272,29.926187,29.997754,184.87386,39.750496,-24,-19.568864
60.35,20.079346,29.872144,30.045796,185.0126,39.830187,-24,-19.661179
60.4,20.025443,29.816291,30.092222,185.15142,39.909742,-24,-19.751571
60.45,19.971012,29.758633,30.137016,185.29032,39.989158,-24,-19.84008
60.5,19.916051,29.699178,30.180161,185.4293,40.068429,-24,-19.926745
60.55,19.860564,29.63793,30.221639,185.56837,40.147552,-24,-20.011605
60.6,19.804549,29.574897,30.261435,185.70752,40.226522,-24,-20.094696
60.65,19.74801,29.510085,30.299533,185.84676,40.305334,-24,-20.176057
60.7,19.690946,29.4435,30.335918,185.9861,40.383985,-24,-20.255722
60.75,19.63336,29.37515,30.370576,186.12553,40.462469,-24,-20.333728
60.8,19.575253,29.305041,30.403494,186.26505,40.540782,-24,-20.410109
60.85,19.516628,29.23318,30.434658,186.40467,40.618921,-24,-20.484898
60.9,19.457486,29.159575,30.464058,186.5444,40.69688,-24,-20.558129
60.95,19.397829,29.084232,30.49168,186.68422,40.774655,-24,-20.629835
61,19.337661,29.00716,30.517516,186.82415,40.852242,-24,-20.700047
61.05,19.276984,28.928365,30.541555,186.96419,40.929636,-24,-20.768796
61.1,19.215801,28.847855,30.563787,187.10433,41.006834,-24,-20.836113
61.15,19.154114,28.765637,30.584204,187.24459,41.08383,-24,-20.902027
61.2,19.091929,28.68172,30.602798,187.38495,41.160621,-24,-20.966568
61.25,19.029247,28.596111,30.619561,187.52544,41.237203,-24,-21.029764
61.3,18.966072,28.508819,30.634486,187.66604,41.31357,-24,-21.091644
61.35,18.90241,28.419851,30.647566,187.80675,41.389718,-24,-21.152235
61.4,18.838263,28.329215,30.658797,187.94759,41.465644,-24,-21.211564
61.45,18.773637,28.23692,30.668171,188.08855,41.541343,-24,-21.269656
61.5,18.708536,28.142973,30.675686,188.22963,41.616811,-24,-21.326538
61.55,18.642964,28.047383,30.681335,188.37084,41.692043,-24,-21.382235
61.6,18.576927,27.950158,30.685115,188.51218,41.767036,-24,-21.436772
61.65,18.51043,27.851308,30.687023,188.65365,41.841784,-24,-21.490173
61.7,18.443479,27.750839,30.687055,188.79524,41.916285,-24,-21.542461
61.75,18.376079,27.648761,30.68521,188.93697,41.990533,-24,-21.593659
61.8,18.308236,27.545082,30.681485,189.07884,42.064524,-24,-21.643791
61.85,18.239956,27.439811,30.675877,189.22084,42.138255,-23.974666,-21.692351
61.9,18.171246,27.332957,30.668387,189.36297,42.21172,-23.795797,-21.736173
61.95,18.102112,27.224529,30.659012,189.50525,42.284917,-23.613856,-21.775292
62,18.032561,27.114538,30.647753,189.64766,42.35784,-23.42889,-21.809742
62.05,17.9626,27.002994,30.634608,189.79022,42.430486,-23.240941,-21.839558
62.1,17.892236,26.889909,30.61958,189.93292,42.502851,-23.050055,-21.864777
62.15,17.821477,26.775292,30.602666,190.07577,42.574929,-22.856271,-21.885433
62.2,17.750329,26.659157,30.58387,190.21876,42.646719,-22.65963,-21.901562
62.25,17.678802,26.541515,30.563191,190.36189,42.718214,-22.460172,-21.9132
62.3,17.606902,26.42238,30.540631,190.50518,42.789412,-22.257932,-21.920382
62.35,17.534638,26.301763,30.516193,190.64862,42.860307,-22.052949,-21.923144
62.4,17.462019,26.179679,30.489878,190.7922,42.930897,-21.845256,-21.921521
62.45,17.389053,26.056141,30.461688,190.93594,43.001178,-21.634887,-21.915549
62.5,17.315749,25.931164,30.431626,191.07983,43.071144,-21.421874,-21.905264
62.55,17.242115,25.804761,30.399695,191.22388,43.140793,-21.206248,-21.890702
62.6,17.168162,25.676949,30.365899,191.36808,43.210121,-20.98804,-21.871896
62.65,17.093897,25.547741,30.33024,191.51243,43.279123,-20.767278,-21.848883
62.7,17.019332,25.417155,30.292723,191.65695,43.347796,-20.543989,-21.821698
62.75,16.944475,25.285205,30.25335,191.80162,43.416136,-20.318201,-21.790375
62.8,16.869336,25.151908,30.212128,191.94645,43.484139,-20.089937,-21.754949
62.85,16.793926,25.017281,30.169059,192.09144,43.551801,-19.859223,-21.715455
62.9,16.718254,24.88134,30.124148,192.23658,43.61912,-19.626081,-21.671926
62.95,16.642331,24.744103,30.0774,192.38189,43.68609,-19.390534,-21.624397
63,16.566167,24.605587,30.028821,192.52737,43.752709,-19.152603,-21.572902
63.05,16.489772,24.465811,29.978415,192.673,43.818974,-18.912308,-21.517473
63.1,16.413159,24.324792,29.926187,192.81879,43.884879,-18.669667,-21.458143
63.15,16.336336,24.182548,29.872144,192.96475,43.950422,-18.4247,-21.394947
63.2,16.259316,24.039099,29.816291,193.11088,44.0156,-18.177423,-21.327915
63.25,16.18211,23.894464,29.758633,193.25716,44.080408,-17.927853,-21.25708
63.3,16.104728,23.748661,29.699178,193.40361,44.144844,-17.676005,-21.182474
63.35,16.027182,23.601711,29.63793,193.55023,44.208905,-17.421894,-21.104129
63.4,15.949484,23.453632,29.574897,193.69701,44.272586,-17.165533,-21.022075
63.45,15.871645,23.304446,29.510085,193.84396,44.335884,-16.906937,-20.936343
63.5,15.793676,23.154171,29.4435,193.99107,44.398797,-16.646116,-20.846963
63.55,15.715589,23.00283,29.37515,194.13835,44.461322,-16.383083,-20.753966
63.6,15.637397,22.850442,29.305041,194.28579,44.523454,-16.117849,-20.65738
63.65,15.55911,22.697029,29.23318,194.4334,44.585191,-15.850423,-20.557235
63.7,15.480741,22.542611,29.159575,194.58118,44.646531,-15.580815,-20.45356
63.75,15.402301,22.38721,29.084232,194.72912,44.707469,-15.309034,-20.346382
63.8,15.323803,22.230848,29.00716,194.87722,44.768003,-15.035087,-20.23573
63.85,15.245259,22.073547,28.928365,195.0255,44.82813,-14.758983,-20.121631
63.9,15.16668,21.915328,28.847855,195.17393,44.887848,-14.480729,-20.004112
63.95,15.088079,21.756214,28.765637,195.32254,44.947154,-14.20033,-19.8832
64,15.009468,21.596227,28.68172,195.47131,45.006044,-13.917793,-19.758921
64.05,14.930858,21.43539,28.596111,195.62024,45.064516,-13.633123,-19.6313
64.1,14.852263,21.273726,28.508819,195.76934,45.122568,-13.346326,-19.500363
64.15,14.773693,21.111257,28.419851,195.9186,45.180197,-13.057405,-19.366135
64.2,14.695161,20.948007,28.329215,196.06802,45.2374,-12.766364,-19.22864
64.25,14.61668,20.783999,28.23692,196.21761,45.294175,-12.473208,-19.087901
64.3,14.538261,20.619257,28.142973,196.36736,45.35052,-12.17794,-18.943944
64.35,14.459916,20.453803,28.047383,196.51727,45.406433,-11.880561,-18.79679
64.4,14.381656,20.287663,27.950158,196.66735,45.46191,-11.581076,-18.646463
64.45,14.303495,20.120859,27.851308,196.81758,45.51695,-11.279486,-18.492984
64.5,14.225444,19.953417,27.750839,196.96798,45.571551,-10.975793,-18.336376
64.55,14.147514,19.785359,27.648761,197.11853,45.625711,-10.669998,-18.17666
64.6,14.069717,19.616712,27.545082,197.26925,45.679427,-10.362104,-18.013856
64.65,13.992064,19.447498,27.439811,197.42012,45.732698,-10.052121,-17.847987
64.7,13.914569,19.277743,27.332957,197.57115,45.785521,-9.7401199,-17.679073
64.75,13.837241,19.107472,27.224529,197.72233,45.837896,-9.4261715,-17.507138
64.8,13.760092,18.936709,27.114538,197.87367,45.88982,-9.1103461,-17.332204
64.85,13.683133,18.76548,27.002994,198.02517,45.941291,-8.7927141,-17.154298
64.9,13.606375,18.59381,26.889909,198.17681,45.992308,-8.4733454,-16.973445
64.95,13.52983,18.421723,26.775292,198.32862,46.04287,-8.15231,-16.789672
65,13.453509,18.249246,26.659157,198.48057,46.092974,-7.8296774,-16.603005
65.05,13.377421,18.076404,26.541515,198.63267,46.142619,-7.5055172,-16.413474
65.1,13.301578,17.903222,26.42238,198.78492,46.191805,-7.1798987,-16.221108
65.15,13.22599,17.729726,26.301763,198.93732,46.240529,-6.852891,-16.025937
65.2,13.150668,17.555943,26.179679,199.08987,46.288791,-6.5245633,-15.827991
65.25,13.075621,17.381897,26.056141,199.24257,46.33659,-6.1949842,-15.627304
65.3,13.00086,17.207614,25.931164,199.3954,46.383923,-5.8642226,-15.423906
65.35,12.926394,17.033122,25.804761,199.54839,46.430791,-5.5323469,-15.217832
65.4,12.852233,16.858445,25.676949,199.70151,46.477192,-5.1994258,-15.009115
65.45,12.778387,16.68361,25.547741,199.85477,46.523126,-4.8655273,-14.797791
65.5,12.704865,16.508643,25.417155,200.00818,46.568592,-4.5307199,-14.583893
65.55,12.631676,16.333571,25.285205,200.16172,46.613588,-4.1950716,-14.367459
65.6,12.55883,16.15842,25.151908,200.3154,46.658116,-3.8586503,-14.148526
65.65,12.486334,15.983217,25.017281,200.46921,46.702172,-3.521524,-13.92713
65.7,12.414198,15.807987,24.88134,200.62316,46.745759,-3.1837606,-13.70331
65.75,12.34243,15.632757,24.744103,200.77725,46.788874,-2.8454278,-13.477104
65.8,12.271038,15.457554,24.605587,200.93146,46.831518,-2.5065932,-13.248552
65.85,12.200031,15.282404,24.465811,201.0858,46.87369,-2.1673245,-13.017693
65.9,12.129415,15.107334,24.324792,201.24027,46.915391,-1.8276893,-12.784568
65.95,12.0592,14.932371,24.182548,201.39487,46.956619,-1.4877551,-12.549217
66,11.989391,14.757541,24.039099,201.54959,46.997376,-1.1475892,-12.311684
66.05,11.919997,14.582871,23.894464,201.70443,47.037661,-0.80725931,-12.072008
66.1,11.851024,14.408387,23.748661,201.8594,47.077474,-0.46683266,-11.830234
66.15,11.78248,14.234116,23.601711,202.01449,47.116815,-0.12637668,-11.586403
66.2,11.71437,14.060085,23.453632,202.1697,47.155686,0.21404126,-11.340561
66.25,11.646701,13.88632,23.304446,202.32502,47.194085,0.55435378,-11.09275
66.3,11.57948,13.712848,23.154171,202.48046,47.232014,0.89449355,-10.843016
66.35,11.512711,13.539695,23.00283,202.63601,47.269473,1.2343932,-10.591403
66.4,11.446402,13.366889,22.850442,202.79168,47.306463,1.5739854,-10.337957
66.45,11.380557,13.194455,22.697029,202.94745,47.342984,1.9132027,-10.082725
66.5,11.315182,13.02242,22.542611,203.10334,47.379037,2.2519777,-9.8257519
66.55,11.250282,12.850811,22.38721,203.25933,47.414623,2.5902431,-9.5670853
66.6,11.185861,12.679654,22.230848,203.41543,47.449743,2.9279315,-9.3067725
66.65,11.121925,12.508975,22.073547,203.57163,47.484398,3.2649752,-9.0448611
66.7,11.058478,12.338801,21.915328,203.72794,47.518589,3.6013069,-8.7813992
66.75,10.995524,12.169157,21.756214,203.88434,47.552316,3.936859,-8.5164355
66.8,10.933066,12.000071,21.596227,204.04084,47.585582,4.2715639,-8.2500189
66.85,10.87111,11.831568,21.43539,204.19745,47.618388,4.605354,-7.9821986
66.9,10.809658,11.663674,21.273726,204.35414,47.650735,4.9381616,-7.7130244
66.95,10.748714,11.496416,21.111257,204.51093,47.682624,5.269919,-7.4425464
67,10.688282,11.329818,20.948007,204.66781,47.714057,5.6005585,-7.1708151
67.05,10.628363,11.163907,20.783999,204.82479,47.745035,5.9300122,-6.8978812
67.1,10.568961,10.998709,20.619257,204.98185,47.775561,6.2582122,-6.6237959
67.15,10.510078,10.834249,20.453803,205.13899,47.805636,6.5850905,-6.3486108
67.2,10.451717,10.670552,20.287663,205.29623,47.835262,6.9105793,-6.0723776
67.25,10.39388,10.507645,20.120859,205.45354,47.864441,7.2346103,-5.7951487
67.3,10.33657,10.345551,19.953417,205.61094,47.893174,7.5571156,-5.5169766
67.35,10.279786,10.184297,19.785359,205.76842,47.921465,7.8780268,-5.237914
67.4,10.223533,10.023907,19.616712,205.92598,47.949314,8.1972758,-4.9580142
67.45,10.16781,9.8644065,19.447498,206.08361,47.976725,8.5147942,-4.6773307
67.5,10.112619,9.7058196,19.277743,206.24132,48.003699,8.8305137,-4.3959173
67.55,10.057961,9.5481711,19.107472,206.39911,48.03024,9.1443659,-4.113828
67.6,10.003837,9.3914856,18.936709,206.55696,48.056348,9.4562825,-3.8311174
67.65,9.9502473,9.2357872,18.76548,206.71489,48.082028,9.7661952,-3.5478401
67.7,9.8971931,9.0811002,18.59381,206.87288,48.107281,10.074036,-3.264051
67.75,9.8446745,8.9274484,18.421723,207.03095,48.13211,10.379736,-2.9798054
67.8,9.7926916,8.7748556,18.249246,207.18907,48.156519,10.683228,-2.6951589
67.85,9.7412445,8.6233456,18.076404,207.34726,48.180509,10.984444,-2.4101671
67.9,9.690333,8.4729417,17.903222,207.50552,48.204084,11.283317,-2.1248862
67.95,9.639957,8.3236671,17.729726,207.66383,48.227246,11.579778,-1.8393724
68,9.5901158,8.1755451,17.555943,207.82221,48.249999,11.873761,-1.5536821
68.05,9.540809,8.0285984,17.381897,207.98064,48.272346,12.165198,-1.2678721
68.1,9.4920359,7.8828497,17.207614,208.13913,48.29429,12.454023,-0.98199928
68.15,9.4437955,7.7383216,17.033122,208.29767,48.315833,12.74017,-0.69612076
68.2,9.3960869,7.5950362,16.858445,208.45627,48.336981,13.023572,-0.41029384
68.25,9.3489088,7.4530158,16.68361,208.61491,48.357735,13.304163,-0.12457598
68.3,9.3022602,7.312282,16.508643,208.77361,48.378099,13.581879,0.16097515
68.35,9.2561395,7.1728567,16.333571,208.93236,48.398077,13.856653,0.44630178
68.4,9.2105452,7.034761,16.15842,209.09116,48.417673,14.128422,0.73134595
68.45,9.1654757,6.8980164,15.983217,209.25,48.436889,14.397122,1.0160496
68.5,9.1209292,6.7626435,15.807987,209.40888,48.45573,14.662688,1.3003546
68.55,9.0769038,6.6286633,15.632757,209.56781,48.4742,14.925057,1.5842025
68.6,9.0333976,6.4960961,15.457554,209.72679,48.492301,15.184167,1.8675351
68.65,8.9904085,6.364962,15.282404,209.8858,48.510039,15.439955,2.1502939
68.7,8.9479342,6.2352812,15.107334,210.04485,48.527417,15.69236,2.4324202
68.75,8.9059726,6.1070732,14.932371,210.20395,48.544439,15.94132,2.7138557
68.8,8.8645211,5.9803576,14.757541,210.36308,48.561109,16.186776,2.9945415
68.85,8.8235773,5.8551533,14.582871,210.52224,48.577431,16.428666,3.2744191
68.9,8.7831387,5.7314795,14.408387,210.68144,48.59341,16.666932,3.5534298
68.95,8.7432025,5.6093546,14.234116,210.84068,48.609049,16.901514,3.8315149
69,8.7037661,5.4887969,14.060085,210.99994,48.624353,17.132356,4.1086157
69.05,8.6648266,5.3698247,13.88632,211.15924,48.639327,17.359399,4.3846737
69.1,8.6263811,5.2524555,13.712848,211.31857,48.653974,17.582587,4.6596302
69.15,8.5884267,5.1367069,13.539695,211.47793,48.668299,17.801863,4.9334267
69.2,8.5509604,5.022596,13.366889,211.63731,48.682307,18.017173,5.2060048
69.25,8.5139789,4.9101398,13.194455,211.79672,48.696001,18.228462,5.477306
69.3,8.4774793,4.7993547,13.02242,211.95616,48.709388,18.435677,5.7472721
69.35,8.4414581,4.690257,12.850811,212.11563,48.722471,18.638763,6.0158448
69.4,8.4059123,4.5828627,12.679654,212.27512,48.735255,18.83767,6.2829662
69.45,8.3708384,4.4771873,12.508975,212.43463,48.747745,19.032346,6.5485782
69.5,8.336233,4.3732463,12.338801,212.59416,48.759946,19.22274,6.8126233
69.55,8.3020927,4.2710545,12.169157,212.75372,48.771862,19.408802,7.0750437
69.6,8.2684141,4.1706266,12.000071,212.91329,48.783498,19.590484,7.335782
69.65,8.2351936,4.0719769,11.831568,213.07289,48.79486,19.767739,7.5947811
69.7,8.2024277,3.9751194,11.663674,213.2325,48.805951,19.940518,7.851984
69.75,8.1701127,3.8800678,11.496416,213.39214,48.816778,20.108775,8.1073338
69.8,8.1382451,3.7868352,11.329818,213.55179,48.827345,20.272467,8.3607741
69.85,8.1068211,3.6954348,11.163907,213.71146,48.837658,20.431547,8.6122485
69.9,8.0758372,3.605879,10.998709,213.87114,48.847721,20.585974,8.8617011
69.95,8.0452895,3.5181801,10.834249,214.03084,48.857539,20.735704,9.1090762
70,8.0151743,3.43235,10.670552,214.19055,48.867118,20.880696,9.3543183
70.05,7.9854879,3.3484002,10.507645,214.35028,48.876464,21.020911,9.5973723
70.1,7.9562264,3.2663419,10.345551,214.51002,48.88558,21.156308,9.8381834
70.15,7.9273862,3.1861859,10.184297,214.66977,48.894473,21.286849,10.076697
70.2,7.8989633,3.1079426,10.023907,214.82953,48.903148,21.412498,10.31286
70.25,7.870954,3.031622,9.8644065,214.98931,48.91161,21.533217,10.546617
70.3,7.8433543,2.9572339,9.7058196,215.1491,48.919864,21.648971,10.777916
70.35,7.8161605,2.8847876,9.5481711,215.30889,48.927916,21.759728,11.006704
70.4,7.7893688,2.8142919,9.3914856,215.4687,48.935772,21.865452,11.232928
70.45,7.7629751,2.7457554,9.2357872,215.62852,48.943437,21.966114,11.456536
70.5,7.7369757,2.6791863,9.0811002,215.78834,48.950916,22.061681,11.677476
70.55,7.7113668,2.6145922,8.9274484,215.94818,48.958215,22.152124,11.895698
70.6,7.6861443,2.5519807,8.7748556,216.10802,48.965339,22.237415,12.111151
70.65,7.6613046,2.4913586,8.6233456,216.26787,48.972294,22.317527,12.323784
70.7,7.6368437,2.4327326,8.4729417,216.42772,48.979085,22.392432,12.533547
70.75,7.6127578,2.3761089,8.3236671,216.58758,48.985719,22.462106,12.740392
70.8,7.5890429,2.3214931,8.1755451,216.74745,48.9922,22.526525,12.94427
70.85,7.5656954,2.2688908,8.0285984,216.90733,48.998534,22.585667,13.145132
70.9,7.5427114,2.2183069,7.8828497,217.06721,49.004727,22.639509,13.342932
70.95,7.5200869,2.169746,7.7383216,217.22709,49.010785,22.688033,13.537621
71,7.4978184,2.1232121,7.5950362,217.38698,49.016713,22.731217,13.729155
71.05,7.4759018,2.0787092,7.4530158,217.54688,49.022516,22.769045,13.917486
71.1,7.4543336,2.0362406,7.312282,217.70678,49.028201,22.8015,14.102569
71.15,7.4331098,1.9958091,7.1728567,217.86668,49.033773,22.828567,14.284361
71.2,7.4122269,1.9574174,7.034761,218.02659,49.039239,22.850231,14.462817
71.25,7.3916809,1.9210675,6.8980164,218.1865,49.044602,22.866479,14.637893
71.3,7.3714683,1.8867611,6.7626435,218.34641,49.04987,22.877301,14.809547
71.35,7.3515854,1.8544995,6.6286633,218.50633,49.055048,22.882685,14.977738
71.4,7.3320285,1.8242835,6.4960961,218.66625,49.060141,22.882622,15.142423
71.45,7.3127939,1.7961136,6.364962,218.82617,49.065156,22.877105,15.303562
71.5,7.2938781,1.7699899,6.2352812,218.98609,49.070098,22.866128,15.461115
71.55,7.2752774,1.7459118,6.1070732,219.14602,49.074973,22.849684,15.615044
71.6,7.2569883,1.7238787,5.9803576,219.30594,49.079786,22.82777,15.765309
71.65,7.2390072,1.7038892,5.8551533,219.46587,49.084544,22.800383,15.911873
71.7,7.2213306,1.6859416,5.7314795,219.6258,49.089251,22.767522,16.054699
71.75,7.2039551,1.6700339,5.6093546,219.78574,49.093914,22.729187,16.193751
71.8,7.1868772,1.6561636,5.4887969,219.94567,49.098538,22.685379,16.328993
71.85,7.1700934,1.6443277,5.3698247,220.1056,49.103129,22.636102,16.460391
71.9,7.1536004,1.6345229,5.2524555,220.26554,49.107693,22.581357,16.587911
71.95,7.1373947,1.6267454,5.1367069,220.42547,49.112235,22.521152,16.711521
72,7.121473,1.6209909,5.022596,220.58541,49.116761,22.455493,16.831187
72.05,7.1058321,1.6172548,4.9101398,220.74535,49.121277,22.384386,16.946878
72.1,7.0904686,1.6155321,4.7993547,220.90528,49.125788,22.307843,17.058565
72.15,7.0753793,1.6158173,4.690257,221.06522,49.130299,22.225872,17.166217
72.2,7.060561,1.6181045,4.5828627,221.22515,49.134817,22.138487,17.269806
72.25,7.0460104,1.6223873,4.4771873,221.38509,49.139347,22.045699,17.369304
72.3,7.0317245,1.6286591,4.3732463,221.54503,49.143895,21.947525,17.464684
72.35,7.0177002,1.6369126,4.2710545,221.70496,49.148465,21.843979,17.555919
72.4,7.0039342,1.6471402,4.1706266,221.86489,49.153064,21.735078,17.642985
72.45,6.9904237,1.659334,4.0719769,222.02483,49.157698,21.620842,17.725857
72.5,6.9771655,1.6734855,3.9751194,222.18476,49.16237,21.50129,17.804512
72.55,6.9641567,1.6895859,3.8800678,222.34469,49.167088,21.376443,17.878927
72.6,6.9513944,1.7076259,3.7868352,222.50462,49.171856,21.246324,17.949081
72.65,6.9388755,1.7275959,3.6954348,222.66455,49.176679,21.110956,18.014953
72.7,6.9265974,1.7494857,3.605879,222.82447,49.181564,20.970365,18.076524
72.75,6.914557,1.7732849,3.5181801,222.98439,49.186515,20.824577,18.133776
72.8,6.9027517,1.7989826,3.43235,223.14432,49.191538,20.673619,18.186689
72.85,6.8911786,1.8265674,3.3484002,223.30423,49.196638,20.517521,18.235248
72.9,6.879835,1.8560276,3.2663419,223.46415,49.20182,20.356313,18.279437
72.95,6.8687182,1.8873512,3.1861859,223.62406,49.207089,20.190027,18.319241
73,6.8578255,1.9205255,3.1079426,223.78397,49.212452,20.018695,18.354646
73.05,6.8471544,1.9555376,3.031622,223.94388,49.217911,19.842352,18.38564
73.1,6.8367021,1.9923743,2.9572339,224.10378,49.223474,19.661033,18.412211
73.15,6.8264663,2.0310218,2.8847876,224.26368,49.229145,19.474775,18.434347
73.2,6.8164442,2.071466,2.8142919,224.42358,49.234928,19.283616,18.452041
73.25,6.8066335,2.1136923,2.7457554,224.58347,49.240829,19.087595,18.465281
73.3,6.7970317,2.157686,2.6791863,224.74336,49.246853,18.886753,18.474062
73.35,6.7876364,2.2034317,2.6145922,224.90324,49.253005,18.681132,18.478376
73.4,6.7784452,2.2509137,2.5519807,225.06311,49.259289,18.470774,18.478217
73.45,6.7694557,2.300116,2.4913586,225.22299,49.26571,18.255724,18.473582
73.5,6.7606657,2.3510222,2.4327326,225.38285,49.272274,18.036027,18.464466
73.55,6.7520729,2.4036155,2.3761089,225.54271,49.278984,17.81173,18.450868
73.6,6.7436751,2.4578787,2.3214931,225.70256,49.285845,17.582881,18.432785
73.65,6.73547,2.5137944,2.2688908,225.86241,49.292863,17.349529,18.410217
73.7,6.7274555,2.5713446,2.2183069,226.02225,49.300041,17.111725,18.383165
73.75,6.7196294,2.630511,2.169746,226.18208,49.307384,16.869519,18.351631
73.8,6.7119897,2.691275,2.1232121,226.3419,49.314897,16.622964,18.315617
73.85,6.7045343,2.7536178,2.0787092,226.50172,49.322584,16.372115,18.275127
73.9,6.6972612,2.8175199,2.0362406,226.66152,49.330448,16.117025,18.230167
73.95,6.6901683,2.8829618,1.9958091,226.82132,49.338496,15.857752,18.180741
74,6.6832538,2.9499233,1.9574174,226.98111,49.34673,15.594352,18.126858
74.05,6.6765156,3.0183842,1.9210675,227.14089,49.355155,15.326884,18.068525
74.1,6.669952,3.0883238,1.8867611,227.30066,49.363775,15.055406,18.005752
74.15,6.6635611,3.1597211,1.8544995,227.46041,49.372594,14.77998,17.938549
74.2,6.657341,3.2325548,1.8242835,227.62016,49.381616,14.500668,17.866926
74.25,6.6512899,3.3068032,1.7961136,227.77989,49.390846,14.217531,17.790897
74.3,6.6454061,3.3824443,1.7699899,227.93961,49.400286,13.930633,17.710475
74.35,6.6396879,3.4594559,1.7459118,228.09932,49.40994,13.640039,17.625674
74.4,6.6341336,3.5378154,1.7238787,228.25902,49.419814,13.345815,17.53651
74.45,6.6287415,3.6174998,1.7038892,228.4187,49.429909,13.048028,17.443
74.5,6.6235101,3.6984861,1.6859416,228.57836,49.44023,12.746745,17.345162
74.55,6.6184377,3.7807507,1.6700339,228.73802,49.45078,12.442035,17.243013
74.6,6.6135227,3.8642699,1.6561636,228.89765,49.461563,12.133968,17.136575
74.65,6.6087637,3.9490196,1.6443277,229.05727,49.472582,11.822614,17.025867
74.7,6.6041591,4.0349755,1.6345229,229.21688,49.48384,11.508045,16.910913
74.75,6.5997075,4.1221129,1.6267454,229.37646,49.495342,11.190333,16.791734
74.8,6.5954075,4.2104071,1.6209909,229.53603,49.507089,10.869552,16.668355
74.85,6.5912576,4.2998328,1.6172548,229.69558,49.519085,10.545776,16.540801
74.9,6.5872565,4.3903647,1.6155321,229.85511,49.531333,10.21908,16.409099
74.95,6.5834029,4.4819771,1.6158173,230.01462,49.543836,9.8895402,16.273275
75,6.5796954,4.5746442,1.6181045,230.17411,49.556597,9.5572333,16.133357
75.05,6.5761328,4.6683399,1.6223873,230.33358,49.56962,9.222237,15.989375
75.1,6.5727138,4.7630377,1.6286591,230.49303,49.582905,8.8846297,15.84136
75.15,6.5694371,4.858711,1.6369126,230.65245,49.596457,8.5444907,15.689342
75.2,6.5663018,4.9553331,1.6471402,230.81186,49.610278,8.2018999,15.533353
75.25,6.5633064,5.0528769,1.659334,230.97123,49.62437,7.856938,15.373428
75.3,6.56045,5.1513152,1.6734855,231.13059,49.638735,7.5096867,15.2096
75.35,6.5577314,5.2506206,1.6895859,231.28992,49.653377,7.160228,15.041905
75.4,6.5551496,5.3507653,1.7076259,231.44922,49.668298,6.8086448,14.870379
75.45,6.5527035,5.4517215,1.7275959,231.6085,49.683499,6.4550207,14.695059
75.5,6.5503921,5.5534612,1.7494857,231.76774,49.698983,6.0994398,14.515983
75.55,6.5482144,5.6559562,1.7732849,231.92697,49.714752,5.7419871,14.333192
75.6,6.5461694,5.7591781,1.7989826,232.08616,49.730807,5.3827479,14.146724
75.65,6.5442563,5.8630983,1.8265674,232.24532,49.747152,5.0218083,13.956622
75.7,6.5424741,5.9676882,1.8560276,232.40445,49.763786,4.659255,13.762927
75.75,6.5408219,6.0729188,1.8873512,232.56356,49.780713,4.2951752,13.565682
75.8,6.5392989,6.1787611,1.9205255,232.72263,49.797934,3.9296565,13.364931
75.85,6.5379042,6.285186,1.9555376,232.88166,49.815451,3.5627871,13.16072
75.9,6.5366372,6.3921642,1.9923743,233.04067,49.833264,3.1946559,12.953094
75.95,6.5354969,6.4996662,2.0310218,233.19964,49.851376,2.825352,12.742099
76,6.5344826,6.6076625,2.071466,233.35858,49.869787,2.4549652,12.527784
76.05,6.5335937,6.7161234,2.1136923,233.51748,49.888499,2.0835853,12.310196
76.1,6.5328294,6.8250191,2.157686,233.67635,49.907513,1.7113031,12.089386
76.15,6.5321891,6.9343197,2.2034317,233.83518,49.92683,1.3382094,11.865403
76.2,6.5316721,7.0439954,2.2509137,233.99397,49.946451,0.96439533,11.638299
76.25,6.5312777,7.1540159,2.300116,234.15272,49.966377,0.58995267,11.408125
76.3,6.5310055,7.2643512,2.3510222,234.31144,49.986608,0.21497328,11.174934
76.35,6.5308548,7.3749711,2.4036155,234.47012,50.007146,-0.16045057,10.93878
76.4,6.5308251,7.4858452,2.4578787,234.62875,50.027991,-0.53622638,10.699718
76.45,6.5309158,7.5969432,2.5137944,234.78735,50.049144,-0.91226136,10.457802
76.5,6.5311264,7.7082348,2.5713446,234.9459,50.070605,-1.2884625,10.213088
76.55,6.5314566,7.8196893,2.630511,235.10441,50.092373,-1.6647365,9.965633
76.6,6.5319057,7.9312765,2.691275,235.26288,50.114451,-2.0409901,9.715495
76.65,6.5324735,8.0429656,2.7536178,235.42131,50.136838,-2.4171295,9.462732
76.7,6.5331594,8.1547263,2.8175199,235.57969,50.159533,-2.7930611,9.207403
76.75,6.5339631,8.2665279,2.8829618,235.73803,50.182538,-3.1686909,8.9495677
76.8,6.5348842,8.3783398,2.9499233,235.89632,50.205851,-3.543925,8.6892866
76.85,6.5359225,8.4901315,3.0183842,236.05457,50.229473,-3.9186694,8.4266209
76.9,6.5370774,8.6018724,3.0883238,236.21277,50.253404,-4.2928299,8.1616323
76.95,6.5383489,8.7135319,3.1597211,236.37092,50.277643,-4.6663123,7.8943834
77,6.5397365,8.8250795,3.2325548,236.52903,50.30219,-5.0390226,7.6249375
77.05,6.5412401,8.9364847,3.3068032,236.68709,50.327044,-5.4108665,7.3533582
77.1,6.5428594,9.0477169,3.3824443,236.84509,50.352206,-5.7817499,7.0797102
77.15,6.5445941,9.1587457,3.4594559,237.00305,50.377673,-6.1515788,6.8040583
77.2,6.5464441,9.2695408,3.5378154,237.16097,50.403446,-6.5202592,6.5264684
77.25,6.5484093,9.3800717,3.6174998,237.31883,50.429523,-6.8876972,6.2470066
77.3,6.5504893,9.4903081,3.6984861,237.47664,50.455904,-7.2537991,5.9657398
77.35,6.5526842,9.60022,3.7807507,237.6344,50.482587,-7.6184712,5.6827354
77.4,6.5549938,9.709777,3.8642699,237.7921,50.509573,-7.9816202,5.3980613
77.45,6.557418,9.8189491,3.9490196,237.94976,50.536858,-8.3431527,5.111786
77.5,6.5599568,9.9277065,4.0349755,238.10736,50.564443,-8.7029758,4.8239785
77.55,6.56261,10.036019,4.1221129,238.26492,50.592326,-9.0609967,4.5347082
77.6,6.5653776,10.143857,4.2104071,238.42241,50.620505,-9.4171228,4.244045
77.65,6.5682596,10.251191,4.2998328,238.57986,50.648979,-9.771262,3.9520595
77.7,6.5712561,10.357992,4.3903647,238.73725,50.677747,-10.123322,3.6588223
77.75,6.5743669,10.464229,4.4819771,238.89459,50.706806,-10.473212,3.364405
77.8,6.5775922,10.569874,4.5746442,239.05188,50.736156,-10.82084,3.068879
77.85,6.580932,10.674898,4.6683399,239.20911,50.765794,-11.166116,2.7723166
77.9,6.5843864,10.779271,4.7630377,239.36628,50.795718,-11.508949,2.4747903
77.95,6.5879554,10.882964,4.858711,239.52341,50.825926,-11.849248,2.1763728
78,6.5916392,10.98595,4.9553331,239.68047,50.856417,-12.186925,1.8771374
78.05,6.5954378,11.0882,5.0528769,239.83749,50.887189,-12.521891,1.5771577
78.1,6.5993514,11.189684,5.1513152,239.99445,50.918238,-12.854056,1.2765074
78.15,6.6033802,11.290376,5.2506206,240.15135,50.949563,-13.183332,0.97526073
78.2,6.6075243,11.390247,5.3507653,240.3082,50.981161,-13.509633,0.67349212
78.25,6.6117839,11.489269,5.4517215,240.46499,51.013031,-13.832871,0.37127623
78.3,6.6161592,11.587415,5.5534612,240.62173,51.045169,-14.152959,0.068687998
78.35,6.6206503,11.684658,5.6559562,240.77842,51.077573,-14.469812,-0.23419741
78.4,6.6252576,11.78097,5.7591781,240.93505,51.11024,-14.783344,-0.53730465
78.45,6.6299813,11.876324,5.8630983,241.09162,51.143168,-15.093472,-0.84055814
78.5,6.6348216,11.970694,5.9676882,241.24814,51.176354,-15.400111,-1.1438822
78.55,6.6397787,12.064054,6.0729188,241.40461,51.209795,-15.703178,-1.4472008
78.6,6.6448531,12.156377,6.1787611,241.56102,51.243488,-16.00259,-1.7504381
78.65,6.6500449,12.247638,6.285186,241.71738,51.27743,-16.298267,-2.0535179
78.7,6.6553545,12.33781,6.3921642,241.87368,51.311618,-16.590126,-2.3563639
78.75,6.6607822,12.426868,6.4996662,242.02993,51.346049,-16.878087,-2.6588998
78.8,6.6663283,12.514787,6.6076625,242.18613,51.380719,-17.162072,-2.9610492
78.85,6.6719932,12.601543,6.7161234,242.34228,51.415626,-17.442002,-3.2627357
78.9,6.6777773,12.68711,6.8250191,242.49837,51.450767,-17.717798,-3.5638828
78.95,6.6836809,12.771465,6.9343197,242.65441,51.486137,-17.989384,-3.8644141
79,6.6897044,12.854584,7.0439954,242.8104,51.521733,-18.256684,-4.1642531
79.05,6.6958482,12.936442,7.1540159,242.96634,51.557552,-18.519624,-4.4633233
79.1,6.7021127,13.017017,7.2643512,243.12223,51.593591,-18.778128,-4.7615484
79.15,6.7084984,13.096285,7.3749711,243.27807,51.629845,-19.032123,-5.058852
79.2,6.7150056,13.174223,7.4858452,243.43386,51.666311,-19.281537,-5.355158
79.25,6.7216347,13.25081,7.5969432,243.5896,51.702985,-19.5263,-5.6503901
79.3,6.7283864,13.326023,7.7082348,243.74529,51.739864,-19.76634,-5.9444724
79.35,6.7352609,13.399841,7.8196893,243.90094,51.776943,-20.001588,-6.2373289
79.4,6.7422589,13.472242,7.9312765,244.05653,51.814219,-20.231976,-6.5288841
79.45,6.7493806,13.543205,8.0429656,244.21208,51.851688,-20.457437,-6.8190623
79.5,6.7566268,13.612709,8.1547263,244.36759,51.889345,-20.677905,-7.1077882
79.55,6.7639977,13.680734,8.2665279,244.52305,51.927187,-20.893314,-7.3949866
79.6,6.771494,13.747261,8.3783398,244.67847,51.965209,-21.103602,-7.6805828
79.65,6.7791162,13.812269,8.4901315,244.83384,52.003408,-21.308704,-7.964502
79.7,6.7868647,13.875739,8.6018724,244.98917,52.041778,-21.508559,-8.2466698
79.75,6.7947401,13.937653,8.7135319,245.14446,52.080317,-21.703108,-8.5270123
79.8,6.8027429,13.997992,8.8250795,245.29971,52.119019,-21.892289,-8.8054555
79.85,6.8108738,14.056738,8.9364847,245.45492,52.15788,-22.076047,-9.0819262
79.9,6.8191331,14.113874,9.0477169,245.61009,52.196896,-22.254323,-9.3563511
79.95,6.8275216,14.169382,9.1587457,245.76522,52.236062,-22.427061,-9.6286576
80,6.8360396,14.223245,9.2695408,245.92031,52.275374,-22.594208,-9.8987732
80.05,6.8446879,14.275447,9.3800717,246.07537,52.314828,-22.755711,-10.166626
80.1,6.8534669,14.325973,9.4903081,246.2304,52.354418,-22.911517,-10.432145
80.15,6.8623773,14.374805,9.60022,246.38539,52.39414,-23.061576,-10.695258
80.2,6.8714196,14.421931,9.709777,246.54035,52.43399,-23.205838,-10.955895
80.25,6.8805943,14.467333,9.8189491,246.69527,52.473962,-23.344256,-11.213986
80.3,6.8899022,14.510999,9.9277065,246.85017,52.514053,-23.476783,-11.469461
80.35,6.8993437,14.552915,10.036019,247.00504,52.554257,-23.603373,-11.722251
80.4,6.9089196,14.593067,10.143857,247.15987,52.594569,-23.723984,-11.972287
80.45,6.9186302,14.631442,10.251191,247.31469,52.634985,-23.838571,-12.219501
80.5,6.9284763,14.668027,10.357992,247.46947,52.6755,-23.947095,-12.463826
80.55,6.9384585,14.702812,10.464229,247.62423,52.716109,-24,-12.704163
80.6,6.9485773,14.735784,10.569874,247.77897,52.756807,-24,-12.939493
80.65,6.9588334,14.766932,10.674898,247.93369,52.797589,-24,-13.16992
80.7,6.9692273,14.796248,10.779271,248.08838,52.83845,-24,-13.395547
80.75,6.9797596,14.823722,10.882964,248.24305,52.879385,-24,-13.616473
80.8,6.990431,14.849345,10.98595,248.39771,52.92039,-24,-13.832796
80.85,7.001242,14.873108,11.0882,248.55235,52.961459,-24,-14.044613
80.9,7.0121933,14.895006,11.189684,248.70697,53.002586,-24,-14.252017
80.95,7.0232854,14.91503,11.290376,248.86158,53.043768,-24,-14.4551
81,7.0345188,14.933174,11.390247,249.01618,53.084999,-24,-14.653952
81.05,7.0458944,14.949433,11.489269,249.17076,53.126274,-24,-14.848661
81.1,7.0574124,14.963801,11.587415,249.32534,53.167587,-24,-15.039314
81.15,7.0690737,14.976273,11.684658,249.4799,53.208934,-24,-15.225995
81.2,7.0808787,14.986846,11.78097,249.63446,53.25031,-24,-15.408787
81.25,7.0928281,14.995515,11.876324,249.78901,53.291709,-24,-15.58777
81.3,7.1049223,15.002276,11.970694,249.94356,53.333126,-24,-15.763025
81.35,7.117162,15.007128,12.064054,250.0981,53.374556,-24,-15.934629
81.4,7.1295477,15.010068,12.156377,250.25264,53.415994,-24,-16.102657
81.45,7.1420799,15.011093,12.247638,250.40718,53.457435,-24,-16.267185
81.5,7.1547592,15.010202,12.33781,250.56172,53.498874,-24,-16.428286
81.55,7.1675862,15.007394,12.426868,250.71627,53.540305,-24,-16.58603
81.6,7.1805613,15.002668,12.514787,250.87081,53.581723,-24,-16.740487
81.65,7.1936851,14.996023,12.601543,251.02536,53.623123,-24,-16.891727
81.7,7.2069581,14.98746,12.68711,251.17992,53.664501,-24,-17.039816
81.75,7.2203808,14.976979,12.771465,251.33449,53.705849,-24,-17.18482
81.8,7.2339536,14.96458,12.854584,251.48906,53.747165,-24,-17.326803
81.85,7.2476771,14.950264,12.936442,251.64364,53.788442,-24,-17.465828
81.9,7.2615517,14.934034,13.017017,251.79824,53.829675,-24,-17.601957
81.95,7.2755779,14.915889,13.096285,251.95285,53.870859,-24,-17.735249
82,7.2897561,14.895833,13.174223,252.10747,53.911989,-24,-17.865765
82.05,7.3040867,14.873868,13.25081,252.26211,53.95306,-24,-17.993561
82.1,7.3185702,14.849995,13.326023,252.41677,53.994066,-24,-18.118696
82.15,7.333207,14.824219,13.399841,252.57144,54.035003,-23.944093,-18.240058
82.2,7.3479974,14.796542,13.472242,252.72614,54.075865,-23.83261,-18.356569
82.25,7.3629418,14.766968,13.543205,252.88085,54.116647,-23.714577,-18.468195
82.3,7.3780406,14.735503,13.612709,253.03559,54.157344,-23.590011,-18.574899
82.35,7.3932941,14.702151,13.680734,253.19035,54.197951,-23.458927,-18.67665
82.4,7.4087026,14.666917,13.747261,253.34514,54.238463,-23.321344,-18.773414
82.45,7.4242665,14.629808,13.812269,253.49995,54.278875,-23.177283,-18.865161
82.5,7.439986,14.590831,13.875739,253.65479,54.319181,-23.026763,-18.951861
82.55,7.4558614,14.549993,13.937653,253.80966,54.359377,-22.86981,-19.033485
82.6,7.471893,14.507301,13.997992,253.96456,54.399457,-22.706446,-19.110005
82.65,7.488081,14.462764,14.056738,254.11948,54.439418,-22.536699,-19.181395
82.7,7.5044256,14.41639,14.113874,254.27445,54.479252,-22.360598,-19.247628
82.75,7.5209269,14.368189,14.169382,254.42944,54.518957,-22.17817,-19.308681
82.8,7.5375853,14.318171,14.223245,254.58447,54.558526,-21.989449,-19.364531
82.85,7.5544007,14.266346,14.275447,254.73954,54.597954,-21.794467,-19.415154
82.9,7.5713734,14.212725,14.325973,254.89464,54.637238,-21.593257,-19.460531
82.95,7.5885034,14.157319,14.374805,255.04978,54.676372,-21.385858,-19.500642
83,7.6057908,14.100141,14.421931,255.20496,54.71535,-21.172305,-19.535469
83.05,7.6232357,14.041202,14.467333,255.36018,54.75417,-20.95264,-19.564993
83.1,7.6408381,13.980515,14.510999,255.51544,54.792824,-20.726902,-19.589199
83.15,7.658598,13.918095,14.552915,255.67074,54.83131,-20.495134,-19.608073
83.2,7.6765154,13.853954,14.593067,255.82609,54.869622,-20.257381,-19.6216
83.25,7.6945902,13.788107,14.631442,255.98148,54.907755,-20.013688,-19.629769
83.3,7.7128224,13.72057,14.668027,256.13691,54.945705,-19.764102,-19.632567
83.35,7.7312119,13.651357,14.702812,256.29239,54.983467,-19.508692,-19.629987
83.4,7.7497585,13.580484,14.735784,256.44792,55.021036,-19.247546,-19.622019
83.45,7.7684621,13.507969,14.766932,256.60349,55.058409,-18.98075,-19.608659
83.5,7.7873226,13.433827,14.796248,256.75911,55.095581,-18.708388,-19.589904
83.55,7.8063396,13.358075,14.823722,256.91479,55.132547,-18.430544,-19.56575
83.6,7.8255129,13.280733,14.849345,257.07051,55.169302,-18.1473,-19.536199
83.65,7.8448423,13.201818,14.873108,257.22628,55.205843,-17.858736,-19.501252
83.7,7.8643275,13.121348,14.895006,257.3821,55.242166,-17.564932,-19.460912
83.75,7.8839682,13.039344,14.91503,257.53798,55.278265,-17.265965,-19.415184
83.8,7.9037639,12.955823,14.933174,257.6939,55.314137,-16.961911,-19.364074
83.85,7.9237142,12.870808,14.949433,257.84988,55.349777,-16.652847,-19.30759
83.9,7.9438188,12.784318,14.963801,258.00592,55.385182,-16.338845,-19.245742
83.95,7.9640772,12.696374,14.976273,258.162,55.420348,-16.019979,-19.178538
84,7.9844889,12.606997,14.986846,258.31815,55.45527,-15.69632,-19.105992
84.05,8.0050533,12.51621,14.995515,258.47434,55.489944,-15.367938,-19.028116
84.1,8.0257699,12.424034,15.002276,258.6306,55.524368,-15.034903,-18.944924
84.15,8.0466381,12.330493,15.007128,258.78691,55.558536,-14.697281,-18.856431
84.2,8.0676573,12.235609,15.010068,258.94327,55.592445,-14.355142,-18.762654
84.25,8.0888267,12.139406,15.011093,259.09969,55.626091,-14.008549,-18.663611
84.3,8.1101457,12.041908,15.010202,259.25617,55.659472,-13.657568,-18.559318
84.35,8.1316136,11.943139,15.007394,259.41271,55.692582,-13.302262,-18.449796
84.4,8.1532295,11.843124,15.002668,259.5693,55.725419,-12.942695,-18.335065
84.45,8.1749926,11.741887,14.996023,259.72596,55.75798,-12.578928,-18.215145
84.5,8.1969022,11.639454,14.98746,259.88267,55.79026,-12.211021,-18.090059
84.55,8.2189573,11.535852,14.976979,260.03943,55.822257,-11.839034,-17.95983
84.6,8.241157,11.431105,14.96458,260.19626,55.853968,-11.463027,-17.82448
84.65,8.2635004,11.325241,14.950264,260.35314,55.885388,-11.083057,-17.684033
84.7,8.2859864,11.218287,14.934034,260.51009,55.916516,-10.69918,-17.538515
84.75,8.308614,11.110269,14.915889,260.66709,55.947347,-10.311454,-17.387952
84.8,8.3313821,11.001215,14.895833,260.82415,55.97788,-9.9199336,-17.232368
84.85,8.3542897,10.891154,14.873868,260.98127,56.008111,-9.5246728,-17.071791
84.9,8.3773355,10.780113,14.849995,261.13844,56.038038,-9.1257254,-16.906248
84.95,8.4005185,10.668121,14.824219,261.29568,56.067657,-8.7231662,-16.735767
85,8.4238373,10.555207,14.796542,261.45297,56.096966,-8.3170904,-16.560378
85.05,8.4472907,10.441399,14.766968,261.61032,56.125963,-7.9075943,-16.380112
85.1,8.4708775,10.326728,14.735503,261.76773,56.154645,-7.4947753,-16.195001
85.15,8.4945962,10.211223,14.702151,261.92519,56.183009,-7.0787318,-16.005078
85.2,8.5184455,10.094915,14.666917,262.08272,56.211054,-6.659563,-15.81038
85.25,8.542424,9.9778323,14.629808,262.2403,56.238776,-6.2373692,-15.610942
85.3,8.5665302,9.8600071,14.590831,262.39793,56.266175,-5.8122517,-15.406803
85.35,8.5907627,9.7414699,14.549993,262.55563,56.293248,-5.3843126,-15.198001
85.4,8.6151199,9.6222517,14.507301,262.71338,56.319992,-4.9536549,-14.984577
85.45,8.6396002,9.502384,14.462764,262.87118,56.346406,-4.5203825,-14.766573
85.5,8.6642021,9.3818984,14.41639,263.02904,56.372488,-4.0846001,-14.544032
85.55,8.6889239,9.2608268,14.368189,263.18695,56.398237,-3.6464133,-14.316998
85.6,8.7137639,9.1392012,14.318171,263.34492,56.42365,-3.2059284,-14.085518
85.65,8.7387204,9.0170541,14.266346,263.50295,56.448727,-2.7632525,-13.849637
85.7,8.7637917,8.8944179,14.212725,263.66102,56.473465,-2.3184936,-13.609405
85.75,8.788976,8.7713253,14.157319,263.81915,56.497864,-1.8717603,-13.364871
85.8,8.8142714,8.6478094,14.100141,263.97733,56.521921,-1.4231619,-13.116085
85.85,8.8396761,8.5239033,14.041202,264.13556,56.545637,-0.97280832,-12.8631
85.9,8.8651881,8.3996403,13.980515,264.29385,56.569009,-0.52081029,-12.605969
85.95,8.8908057,8.2750539,13.918095,264.45218,56.592037,-0.067279075,-12.344746
86,8.9165267,8.1501779,13.853954,264.61057,56.61472,0.38767345,-12.079488
86.05,8.9423493,8.0250459,13.788107,264.769,56.637057,0.84393481,-11.81025
86.1,8.9682713,7.8996921,13.72057,264.92748,56.659047,1.301392,-11.53709
86.15,8.9942907,7.7741505,13.651357,265.08601,56.68069,1.7599315,-11.260069
86.2,9.0204054,7.6484554,13.580484,265.24459,56.701985,2.2194392,-10.979246
86.25,9.0466133,7.5226413,13.507969,265.40321,56.722932,2.6798008,-10.694683
86.3,9.0729122,7.3967427,13.433827,265.56188,56.743531,3.1409014,-10.406441
86.35,9.0992999,7.2707941,13.358075,265.72059,56.76378,3.6026257,-10.114586
86.4,9.1257742,7.1448303,13.280733,265.87935,56.78368,4.0648583,-9.8191807
86.45,9.1523329,7.0188862,13.201818,266.03815,56.803232,4.5274833,-9.5202918
86.5,9.1789736,6.8929966,13.121348,266.19699,56.822434,4.9903847,-9.2179861
86.55,9.205694,6.7671966,13.039344,266.35588,56.841288,5.4534461,-8.9123312
86.6,9.2324919,6.6415212,12.955823,266.51481,56.859793,5.916551,-8.6033962
86.65,9.2593648,6.5160055,12.870808,266.67377,56.87795,6.3795828,-8.2912508
86.7,9.2863104,6.3906847,12.784318,266.83278,56.895759,6.8424246,-7.9759659
86.75,9.3133261,6.265594,12.696374,266.99182,56.913221,7.3049597,-7.6576133
86.8,9.3404097,6.1407687,12.606997,267.1509,56.930337,7.7670711,-7.3362657
86.85,9.3675586,6.0162439,12.51621,267.31002,56.947106,8.2286417,-7.0119968
86.9,9.3947703,5.8920551,12.424034,267.46918,56.963531,8.6895545,-6.6848811
86.95,9.4220423,5.7682375,12.330493,267.62837,56.979612,9.1496925,-6.3549942
87,9.4493721,5.6448264,12.235609,267.78759,56.99535,9.6089388,-6.0224122
87.05,9.4767571,5.521857,12.139406,267.94685,57.010746,10.067176,-5.6872125
87.1,9.5041948,5.3993646,12.041908,268.10614,57.025801,10.524288,-5.3494729
87.15,9.5316825,5.2773845,11.943139,268.26546,57.040518,10.980158,-5.0092722
87.2,9.5592177,5.1559519,11.843124,268.42481,57.054897,11.434669,-4.6666901
87.25,9.5867977,5.0351018,11.741887,268.5842,57.068939,11.887704,-4.3218069
87.3,9.6144199,4.9148693,11.639454,268.74361,57.082647,12.339148,-3.9747037
87.35,9.6420815,4.7952896,11.535852,268.90305,57.096022,12.788884,-3.6254622
87.4,9.66978,4.6763975,11.431105,269.06251,57.109067,13.236797,-3.2741652
87.45,9.6975127,4.5582279,11.325241,269.22201,57.121783,13.68277,-2.9208957
87.5,9.7252768,4.4408156,11.218287,269.38153,57.134171,14.126688,-2.5657377
87.55,9.7530696,4.3241953,11.110269,269.54107,57.146235,14.568436,-2.2087758
87.6,9.7808884,4.2084014,11.001215,269.70064,57.157977,15.007899,-1.850095
87.65,9.8087306,4.0934685,10.891154,269.86023,57.169398,15.444963,-1.4897813
87.7,9.8365932,3.9794309,10.780113,270.01985,57.180502,15.879513,-1.127921
87.75,9.8644737,3.8663227,10.668121,270.17948,57.19129,16.311435,-0.76460111
87.8,9.8923692,3.754178,10.555207,270.33914,57.201767,16.740616,-0.39990909
87.85,9.920277,3.6430307,10.441399,270.49882,57.211933,17.166942,-0.033933013
87.9,9.9481944,3.5329144,10.326728,270.65851,57.221792,17.590302,0.33323854
87.95,9.9761185,3.4238627,10.211223,270.81823,57.231348,18.010581,0.70151651
88,10.004047,3.315909,10.094915,270.97796,57.240603,18.427669,1.0708114
88.05,10.031976,3.2090864,9.9778323,271.13771,57.249559,18.841455,1.4410331
88.1,10.059904,3.1034279,9.8600071,271.29747,57.258222,19.251827,1.8120913
88.15,10.087827,2.9989663,9.7414699,271.45725,57.266592,19.658675,2.1838951
88.2,10.115744,2.8957341,9.6222517,271.61705,57.274675,20.06189,2.5563533
88.25,10.143651,2.7937637,9.502384,271.77686,57.282474,20.461364,2.9293744
88.3,10.171545,2.693087,9.3818984,271.93668,57.289992,20.856987,3.3028663
88.35,10.199423,2.593736,9.2608268,272.09652,57.297232,21.248653,3.6767369
88.4,10.227284,2.4957423,9.1392012,272.25637,57.3042,21.636254,4.0508935
88.45,10.255124,2.3991372,9.0170541,272.41623,57.310897,22.019685,4.4252433
88.5,10.282941,2.3039517,8.8944179,272.5761,57.317329,22.398841,4.7996933
88.55,10.310731,2.2102167,8.7713253,272.73598,57.3235,22.773616,5.17415
88.6,10.338492,2.1179626,8.6478094,272.89587,57.329413,23.143909,5.54852
88.65,10.366222,2.0272196,8.5239033,273.05577,57.335073,23.509615,5.9227095
88.7,10.393917,1.9380177,8.3996403,273.21568,57.340484,23.870634,6.2966246
88.75,10.421576,1.850386,8.2750539,273.37559,57.34565,24,6.6654449
88.8,10.449195,1.7643522,8.1501779,273.53552,57.350576,24,7.0265814
88.85,10.476771,1.6799433,8.0250459,273.69545,57.355267,24,7.3801943
88.9,10.504303,1.5971848,7.8996921,273.85539,57.359727,24,7.7264403
88.95,10.531787,1.5161013,7.7741505,274.01533,57.36396,24,8.0654728
89,10.559222,1.4367166,7.6484554,274.17528,57.367972,24,8.3974421
89.05,10.586603,1.3590531,7.5226413,274.33524,57.371766,24,8.7224954
89.1,10.61393,1.2831324,7.3967427,274.4952,57.375349,24,9.0407767
89.15,10.641199,1.208975,7.2707941,274.65516,57.378725,24,9.3524272
89.2,10.668407,1.1366008,7.1448303,274.81513,57.381899,24,9.657585
89.25,10.695554,1.0660285,7.0188862,274.9751,57.384876,24,9.9563853
89.3,10.722635,0.99727581,6.8929966,275.13508,57.38766,24,10.248961
89.35,10.749648,0.93035988,6.7671966,275.29506,57.390258,24,10.535441
89.4,10.776592,0.86529685,6.6415212,275.45504,57.392675,24,10.815952
89.45,10.803463,0.80210204,6.5160055,275.61502,57.394914,24,11.09062
89.5,10.83026,0.74078999,6.3906847,275.77501,57.396983,24,11.359565
89.55,10.85698,0.68137445,6.265594,275.935,57.398886,24,11.622908
89.6,10.883621,0.62386843,6.1407687,276.09499,57.400628,24,11.880764
89.65,10.91018,0.56828418,6.0162439,276.25498,57.402215,24,12.133248
89.7,10.936655,0.51463323,5.8920551,276.41497,57.403652,24,12.380472
89.75,10.963045,0.46292643,5.7682375,276.57497,57.404945,24,12.622545
89.8,10.989346,0.41317393,5.6448264,276.73496,57.406098,24,12.859576
89.85,11.015558,0.36538521,5.521857,276.89496,57.407119,24,13.091668
89.9,11.041677,0.31956913,5.3993646,277.05496,57.408011,24,13.318925
89.95,11.067702,0.27573389,5.2773845,277.21496,57.408781,24,13.541447
90,11.09363,0.2338871,5.1559519,277.37496,57.409434,24,13.759334
90.05,11.11946,0.19403578,5.0351018,277.53495,57.409976,24,13.972681
90.1,11.14519,0.15618634,4.9148693,277.69495,57.410412,24,14.181583
90.15,11.170817,0.12034467,4.7952896,277.85495,57.410748,24,14.386134
90.2,11.19634,0.086516081,4.6763975,278.01495,57.41099,24,14.586423
90.25,11.221757,0.054705362,4.5582279,278.17495,57.411143,24,14.782539
90.3,11.247066,0.024916786,4.4408156,278.33495,57.411212,24,14.974569
90.35,11.272266,-0.0028458751,4.3241953,278.49495,57.411204,24,15.162599
90.4,11.297354,-0.028579341,4.2084014,278.65495,57.411125,24,15.346712
90.45,11.322329,-0.052280804,4.0934685,278.81495,57.410979,24,15.526988
90.5,11.347189,-0.073947918,3.9794309,278.97495,57.410772,24,15.70351
90.55,11.371933,-0.093578785,3.8663227,279.13495,57.410511,24,15.876353
90.6,11.396559,-0.11117194,3.754178,279.29495,57.4102,24,16.045596
90.65,11.421065,-0.12672634,3.6430307,279.45495,57.409846,24,16.211312
90.7,11.44545,-0.14024137,3.5329144,279.61495,57.409455,24,16.373577
90.75,11.469713,-0.15171677,3.4238627,279.77495,57.409031,24,16.532461
90.8,11.493851,-0.16115271,3.315909,279.93495,57.408581,24,16.688034
90.85,11.517865,-0.16854972,3.2090864,280.09495,57.40811,24,16.840367
90.9,11.541751,-0.17390868,3.1034279,280.25495,57.407625,24,16.989526
90.95,11.565509,-0.17723085,2.9989663,280.41495,57.40713,24,17.135578
91,11.589138,-0.1785178,2.8957341,280.57495,57.406631,24,17.278586
91.05,11.612636,-0.17777146,2.7937637,280.73495,57.406135,24,17.418616
91.1,11.636003,-0.17499406,2.693087,280.89495,57.405646,24,17.555728
91.15,11.659236,-0.17018816,2.593736,281.05495,57.405171,24,17.689984
91.2,11.682335,-0.16335661,2.4957423,281.21495,57.404715,24,17.821442
91.25,11.705299,-0.15450256,2.3991372,281.37494,57.404283,24,17.950162
91.3,11.728127,-0.14362942,2.3039517,281.53494,57.403882,24,18.076201
91.35,11.750817,-0.13074092,2.2102167,281.69494,57.403517,24,18.199613
91.4,11.773369,-0.11584101,2.1179626,281.85494,57.403194,24,18.320454
91.45,11.795782,-0.098933916,2.0272196,282.01494,57.402917,24,18.438778
91.5,11.818055,-0.080024118,1.9380177,282.17494,57.402694,24,18.554637
91.55,11.840186,-0.059116326,1.850386,282.33494,57.402529,24,18.668082
91.6,11.862177,-0.036215487,1.7643522,282.49494,57.402428,24,18.779164
91.65,11.884024,-0.01132677,1.6799433,282.65494,57.402396,24,18.887931
91.7,11.905728,0.015544437,1.5971848,282.81494,57.40244,24,18.994433
91.75,11.927289,0.044392537,1.5161013,282.97494,57.402563,24,19.098715
91.8,11.948704,0.075211733,1.4367166,283.13494,57.402774,24,19.200825
91.85,11.969974,0.10799603,1.3590531,283.29494,57.403075,24,19.300808
91.9,11.991099,0.14273924,1.2831324,283.45494,57.403474,24,19.398708
91.95,12.012077,0.17943501,1.208975,283.61494,57.403975,24,19.494568
92,12.032908,0.2180768,1.1366008,283.77494,57.404584,24,19.588431
92.05,12.053591,0.2586579,1.0660285,283.93494,57.405306,24,19.680339
92.1,12.074127,0.30117143,0.99727581,284.09494,57.406147,24,19.770332
92.15,12.094514,0.34561038,0.93035988,284.25493,57.407112,24,19.85845
92.2,12.114753,0.39196757,0.86529685,284.41493,57.408207,24,19.944732
92.25,12.134843,0.44023567,0.80210204,284.57492,57.409436,24,20.029217
92.3,12.154783,0.49040723,0.74078999,284.73492,57.410806,24,20.111942
92.35,12.174574,0.54247465,0.68137445,284.89491,57.41232,24,20.192943
92.4,12.194215,0.59643022,0.62386843,285.0549,57.413986,24,20.272257
92.45,12.213706,0.65226608,0.56828418,285.21489,57.415807,24,20.349918
92.5,12.233047,0.70997428,0.51463323,285.37488,57.41779,24,20.425961
92.55,12.252237,0.76954674,0.46292643,285.53487,57.419939,24,20.500421
92.6,12.271277,0.83097528,0.41317393,285.69485,57.422259,24,20.573328
92.65,12.290166,0.89425161,0.36538521,285.85483,57.424756,24,20.644717
92.7,12.308905,0.95936735,0.31956913,286.01481,57.427435,24,20.714619
92.75,12.327493,1.026314,0.27573389,286.17478,57.430301,24,20.783065
92.8,12.34593,1.095083,0.2338871,286.33475,57.433359,24,20.850084
92.85,12.364217,1.1656658,0.19403578,286.49472,57.436614,24,20.915707
92.9,12.382353,1.2380535,0.15618634,286.65468,57.440071,24,20.979963
92.95,12.400339,1.3122374,0.12034467,286.81464,57.443735,24,21.042881
93,12.418174,1.3882085,0.086516081,286.97459,57.447611,24,21.104487
93.05,12.43586,1.465958,0.054705362,287.13454,57.451705,24,21.164811
93.1,12.453395,1.5454767,0.024916786,287.29448,57.45602,24,21.223877
93.15,12.470781,1.6267557,-0.0028458751,287.45442,57.460562,24,21.281713
93.2,12.488017,1.7097857,-0.028579341,287.61435,57.465336,24,21.338344
93.25,12.505103,1.7945576,-0.052280804,287.77427,57.470347,24,21.393795
93.3,12.522041,1.8810621,-0.073947918,287.93418,57.475599,24,21.448091
93.35,12.53883,1.9692899,-0.093578785,288.09409,57.481097,24,21.501256
93.4,12.555471,2.0592317,-0.11117194,288.25398,57.486846,24,21.553313
93.45,12.571963,2.1508781,-0.12672634,288.41387,57.492851,24,21.604286
93.5,12.588308,2.2442197,-0.14024137,288.57375,57.499116,24,21.654196
93.55,12.604506,2.3392469,-0.15171677,288.73362,57.505647,24,21.703067
93.6,12.620557,2.4359504,-0.16115271,288.89347,57.512447,24,21.75092
93.65,12.636461,2.5343205,-0.16854972,289.05331,57.519522,24,21.797776
93.7,12.652219,2.6343478,-0.17390868,289.21314,57.526876,24,21.843656
93.75,12.667832,2.7360226,-0.17723085,289.37296,57.534514,24,21.888579
93.8,12.6833,2.8393353,-0.1785178,289.53277,57.542439,24,21.932567
93.85,12.698623,2.9442764,-0.17777146,289.69255,57.550658,24,21.975639
93.9,12.713803,3.0508361,-0.17499406,289.85233,57.559173,24,22.017813
93.95,12.728839,3.1590048,-0.17018816,290.01209,57.56799,24,22.059109
94,12.743732,3.2687728,-0.16335661,290.17182,57.577114,24,22.099544
94.05,12.758483,3.3801305,-0.15450256,290.33155,57.586547,24,22.139137
94.1,12.773092,3.4930682,-0.14362942,290.49125,57.596296,24,22.177905
94.15,12.78756,3.6075755,-0.13074092,290.65093,57.606363,23.774442,22.211166
94.2,12.801888,3.7236416,-0.11584101,290.81059,57.616754,23.451473,22.237006
94.25,12.816077,3.8412545,-0.098933916,290.97023,57.627473,23.124886,22.255503
94.3,12.830126,3.9604019,-0.080024118,291.12985,57.638524,22.794732,22.266737
94.35,12.844036,4.0810705,-0.059116326,291.28945,57.649911,22.461059,22.270785
94.4,12.857809,4.2032463,-0.036215487,291.44902,57.661638,22.123915,22.267726
94.45,12.871445,4.3269148,-0.01132677,291.60856,57.673709,21.78335,22.257634
94.5,12.884945,4.4520605,0.015544437,291.76808,57.686129,21.439408,22.240588
94.55,12.898309,4.5786676,0.044392537,291.92757,57.698902,21.092137,22.216662
94.6,12.911539,4.7067195,0.075211733,292.08703,57.712031,20.741582,22.185931
94.65,12.924634,4.8361988,0.10799603,292.24646,57.72552,20.387788,22.14847
94.7,12.937596,4.9670877,0.14273924,292.40586,57.739373,20.030799,22.104352
94.75,12.950425,5.0993678,0.17943501,292.56522,57.753594,19.670658,22.05365
94.8,12.963123,5.23302,0.2180768,292.72456,57.768187,19.307407,21.996436
94.85,12.97569,5.3680246,0.2586579,292.88386,57.783156,18.941089,21.932783
94.9,12.988127,5.5043615,0.30117143,293.04312,57.798503,18.571745,21.862762
94.95,13.000434,5.6420098,0.34561038,293.20234,57.814233,18.199416,21.786442
95,13.012613,5.7809484,0.39196757,293.36153,57.830349,17.824141,21.703894
95.05,13.024664,5.9211553,0.44023567,293.52068,57.846855,17.44596,21.615187
95.1,13.036588,6.0626083,0.49040723,293.67978,57.863753,17.064913,21.52039
95.15,13.048387,6.2052845,0.54247465,293.83884,57.881048,16.681036,21.41957
95.2,13.06006,6.3491607,0.59643022,293.99786,57.898742,16.294369,21.312795
95.25,13.071609,6.4942129,0.65226608,294.15683,57.916838,15.904947,21.200131
95.3,13.083034,6.640417,0.70997428,294.31576,57.93534,15.512808,21.081645
95.35,13.094337,6.7877483,0.76954674,294.47464,57.954251,15.117987,20.957402
95.4,13.105518,6.9361816,0.83097528,294.63347,57.973573,14.720519,20.827467
95.45,13.116578,7.0856914,0.89425161,294.79225,57.99331,14.32044,20.691904
95.5,13.127519,7.2362515,0.95936735,294.95097,58.013464,13.917784,20.550777
95.55,13.13834,7.3878358,1.026314,295.10964,58.034037,13.512585,20.404148
95.6,13.149043,7.5404173,1.095083,295.26826,58.055033,13.104875,20.25208
95.65,13.159629,7.6939689,1.1656658,295.42682,58.076454,12.694688,20.094634
95.7,13.170098,7.848463,1.2380535,295.58532,58.098303,12.282056,19.931872
95.75,13.180452,8.0038717,1.3122374,295.74376,58.120581,11.867011,19.763854
95.8,13.190692,8.1601667,1.3882085,295.90214,58.143292,11.449584,19.59064
95.85,13.200818,8.3173195,1.465958,296.06046,58.166437,11.029806,19.412289
95.9,13.210831,8.475301,1.5454767,296.21871,58.190018,10.607708,19.228861
95.95,13.220732,8.634082,1.6267557,296.3769,58.214038,10.183319,19.040412
96,13.230522,8.793633,1.7097857,296.53502,58.238498,9.7566681,18.847001
96.05,13.240202,8.9539239,1.7945576,296.69307,58.2634,9.3277855,18.648684
96.1,13.249773,9.1149247,1.8810621,296.85105,58.288747,8.8966995,18.445517
96.15,13.259236,9.2766049,1.9692899,297.00896,58.314539,8.4634383,18.237557
96.2,13.268591,9.4389336,2.0592317,297.16679,58.340778,8.0280296,18.024859
96.25,13.27784,9.6018799,2.1508781,297.32455,58.367467,7.5905009,17.807476
96.3,13.286984,9.7654125,2.2442197,297.48223,58.394605,7.1508792,17.585464
96.35,13.296023,9.9294999,2.3392469,297.63983,58.422195,6.7091909,17.358875
96.4,13.304959,10.09411,2.4359504,297.79736,58.450237,6.2654624,17.127762
96.45,13.313791,10.259212,2.5343205,297.9548,58.478734,5.8197195,16.892178
96.5,13.322522,10.424772,2.6343478,298.11216,58.507685,5.3719877,16.652174
96.55,13.331152,10.590758,2.7360226,298.26943,58.537091,4.9222919,16.407801
96.6,13.339682,10.757138,2.8393353,298.42662,58.566955,4.4706569,16.159111
96.65,13.348113,10.923878,2.9442764,298.58372,58.597276,4.0171072,15.906152
96.7,13.356446,11.090947,3.0508361,298.74073,58.628054,3.5616666,15.648976
96.75,13.364681,11.258309,3.1590048,298.89765,58.659292,3.104359,15.387629
96.8,13.37282,11.425933,3.2687728,299.05448,58.690988,2.6452075,15.122162
96.85,13.380863,11.593784,3.3801305,299.21122,58.723143,2.1842352,14.852622
96.9,13.388812,11.761828,3.4930682,299.36786,58.755758,1.7214647,14.579056
96.95,13.396667,11.930032,3.6075755,299.5244,58.788833,1.2570068,14.301514
97,13.40443,12.098362,3.7236416,299.68085,58.822367,0.79100849,14.020045
97.05,13.4121,12.266782,3.8412545,299.8372,58.856362,0.32361564,13.734703
97.1,13.41968,12.43526,3.9604019,299.99344,58.890815,-0.14502687,13.445542
97.15,13.427169,12.60376,4.0810705,300.14959,58.925729,-0.61477521,13.152618
97.2,13.434569,12.772248,4.2032463,300.30563,58.961101,-1.0854867,12.855991
97.25,13.441881,12.940689,4.3269148,300.46156,58.996932,-1.5570195,12.55572
97.3,13.449105,13.109048,4.4520605,300.6174,59.03322,-2.0292332,12.251867
97.35,13.456242,13.27729,4.5786676,300.77312,59.069967,-2.5019881,11.944495
97.4,13.463294,13.44538,4.7067195,300.92873,59.10717,-2.9751457,11.633669
97.45,13.47026,13.613284,4.8361988,301.08424,59.144828,-3.4485686,11.319456
97.5,13.477143,13.780965,4.9670877,301.23963,59.182942,-3.9221203,11.001923
97.55,13.483942,13.948389,5.0993678,301.39491,59.22151,-4.3956654,10.68114
97.6,13.490659,14.11552,5.23302,301.55008,59.26053,-4.8690695,10.357177
97.65,13.497295,14.282323,5.3680246,301.70514,59.300002,-5.3421994,10.030107
97.7,13.503849,14.448763,5.5043615,301.86008,59.339924,-5.8149228,9.700002
97.75,13.510324,14.614804,5.6420098,302.0149,59.380296,-6.2871082,9.3669372
97.8,13.51672,14.780411,5.7809484,302.16961,59.421114,-6.7586256,9.030988
97.85,13.523037,14.945548,5.9211553,302.32419,59.462378,-7.2293457,8.692231
97.9,13.529278,15.11018,6.0626083,302.47866,59.504086,-7.6991402,8.3507441
97.95,13.535441,15.274271,6.2052845,302.63301,59.546237,-8.1678818,8.0066061
98,13.541529,15.437786,6.3491607,302.78724,59.588827,-8.6354445,7.6598967
98.05,13.547542,15.60069,6.4942129,302.94134,59.631856,-9.1017028,7.3106967
98.1,13.55348,15.762947,6.640417,303.09533,59.675322,-9.5665326,6.9590877
98.15,13.559345,15.924522,6.7877483,303.24919,59.719221,-10.029811,6.6051524
98.2,13.565138,16.08538,6.9361816,303.40292,59.763552,-10.491415,6.2489739
98.25,13.570859,16.245485,7.0856914,303.55653,59.808313,-10.951223,5.8906364
98.3,13.576509,16.404802,7.2362515,303.71002,59.8535,-11.409116,5.5302249
98.35,13.582088,16.563297,7.3878358,303.86338,59.899112,-11.864974,5.167825
98.4,13.587598,16.720935,7.5404173,304.01662,59.945146,-12.318678,4.8035228
98.45,13.593039,16.87768,7.6939689,304.16972,59.991598,-12.770111,4.4374054
98.5,13.598412,17.033497,7.848463,304.3227,60.038467,-13.219157,4.0695604
98.55,13.603718,17.188354,8.0038717,304.47556,60.08575,-13.665699,3.7000758
98.6,13.608958,17.342213,8.1601667,304.62829,60.133442,-14.109624,3.3290404
98.65,13.614132,17.495043,8.3173195,304.78088,60.181542,-14.550818,2.9565434
98.7,13.61924,17.646807,8.475301,304.93336,60.230046,-14.989167,2.5826744
98.75,13.624285,17.797473,8.634082,305.0857,60.27895,-15.42456,2.2075237
98.8,13.629266,17.947006,8.793633,305.23791,60.328252,-15.856885,1.8311818
98.85,13.634184,18.095372,8.9539239,305.39,60.377948,-16.286034,1.4537398
98.9,13.63904,18.242539,9.1149247,305.54196,60.428034,-16.711896,1.0752891
98.95,13.643834,18.388472,9.2766049,305.69379,60.478508,-17.134364,0.69592131
99,13.648568,18.53314,9.4389336,305.84549,60.529364,-17.55333,0.31572857
99.05,13.653241,18.676508,9.6018799,305.99707,60.5806,-17.968688,-0.06519677
99.1,13.657855,18.818544,9.7654125,306.14851,60.632212,-18.380331,-0.44676207
99.15,13.662411,18.959215,9.9294999,306.29983,60.684195,-18.788156,-0.82887444
99.2,13.666909,19.09849,10.09411,306.45103,60.736546,-19.192058,-1.2114408
99.25,13.671349,19.236337,10.259212,306.60209,60.78926,-19.591935,-1.5943677
99.3,13.675732,19.372723,10.424772,306.75303,60.842334,-19.987683,-1.9775618
99.35,13.68006,19.507617,10.590758,306.90385,60.895763,-20.379203,-2.3609293
99.4,13.684332,19.640988,10.757138,307.05454,60.949543,-20.766393,-2.7443765
99.45,13.688549,19.772806,10.923878,307.20511,61.00367,-21.149154,-3.1278093
99.5,13.692712,19.903039,11.090947,307.35555,61.058139,-21.527387,-3.5111339
99.55,13.696822,20.031657,11.258309,307.50587,61.112945,-21.900994,-3.8942559
99.6,13.700879,20.158631,11.425933,307.65607,61.168084,-22.269877,-4.2770814
99.65,13.704884,20.283929,11.593784,307.80615,61.223552,-22.633942,-4.659516
99.7,13.708837,20.407524,11.761828,307.9561,61.279343,-22.993091,-5.0414655
99.75,13.712739,20.529386,11.930032,308.10594,61.335453,-23.347231,-5.4228356
99.8,13.716591,20.649487,12.098362,308.25566,61.391877,-23.696267,-5.8035321
99.85,13.720393,20.767797,12.266782,308.40527,61.44861,-24,-6.1826252
99.9,13.724146,20.88429,12.43526,308.55476,61.505647,-24,-6.5538205
99.95,13.727851,20.998941,12.60376,308.70413,61.562983,-24,-6.9172825
100,13.731507,21.111723,12.772248,308.85339,61.620613,-24,-7.2731725
100.05,13.735116,21.222614,12.940689,309.00254,61.678532,-24,-7.6216481
100.1,13.738678,21.33159,13.109048,309.15158,61.736735,-24,-7.9628637
100.15,13.742193,21.438631,13.27729,309.30051,61.795215,-24,-8.2969707
100.2,13.745663,21.543714,13.44538,309.44933,61.853969,-24,-8.6241172
100.25,13.749088,21.646822,13.613284,309.59805,61.912991,-24,-8.9444481
100.3,13.752468,21.747934,13.780965,309.74666,61.972274,-24,-9.2581054
100.35,13.755804,21.847032,13.948389,309.89517,62.031815,-24,-9.5652282
100.4,13.759097,21.944101,14.11552,310.04357,62.091607,-24,-9.8659526
100.45,13.762346,22.039124,14.282323,310.19188,62.151646,-24,-10.160412
100.5,13.765553,22.132086,14.448763,310.34009,62.211925,-24,-10.448737
100.55,13.768718,22.222972,14.614804,310.48821,62.272439,-24,-10.731055
100.6,13.771842,22.311769,14.780411,310.63623,62.333182,-24,-11.007491
100.65,13.774924,22.398465,14.945548,310.78416,62.394149,-24,-11.278168
100.7,13.777966,22.483046,15.11018,310.932,62.455335,-24,-11.543206
100.75,13.780968,22.565502,15.274271,311.07975,62.516733,-24,-11.802723
100.8,13.783931,22.645822,15.437786,311.22741,62.578339,-24,-12.056833
100.85,13.786855,22.723997,15.60069,311.37499,62.640145,-24,-12.305649
100.9,13.78974,22.800018,15.762947,311.52249,62.702148,-24,-12.549281
100.95,13.792587,22.873875,15.924522,311.66991,62.76434,-24,-12.787838
101,13.795396,22.945561,16.08538,311.81725,62.826717,-24,-13.021425
101.05,13.798169,23.01507,16.245485,311.96451,62.889273,-24,-13.250145
101.1,13.800905,23.082394,16.404802,312.1117,62.952002,-24,-13.4741
101.15,13.803605,23.147527,16.563297,312.25882,63.014898,-24,-13.69339
101.2,13.806269,23.210464,16.720935,312.40587,63.077955,-24,-13.908111
101.25,13.808898,23.271201,16.87768,312.55286,63.141169,-24,-14.118359
101.3,13.811492,23.329733,17.033497,312.69978,63.204532,-24,-14.324226
101.35,13.814051,23.386056,17.188354,312.84663,63.26804,-24,-14.525805
101.4,13.816577,23.440167,17.342213,312.99343,63.331687,-24,-14.723184
101.45,13.819069,23.492064,17.495043,313.14017,63.395466,-24,-14.916451
101.5,13.821528,23.541744,17.646807,313.28685,63.459373,-24,-15.105691
101.55,13.823955,23.589206,17.797473,313.43348,63.523401,-24,-15.290989
101.6,13.826349,23.634448,17.947006,313.58006,63.587545,-24,-15.472427
101.65,13.828711,23.67747,18.095372,313.72659,63.651799,-24,-15.650085
101.7,13.831042,23.718271,18.242539,313.87308,63.716158,-24,-15.824042
101.75,13.833342,23.75685,18.388472,314.01952,63.780615,-24,-15.994374
101.8,13.835611,23.79321,18.53314,314.16592,63.845165,-24,-16.161158
101.85,13.83785,23.82735,18.676508,314.31228,63.909802,-24,-16.324467
101.9,13.840059,23.859272,18.818544,314.45861,63.97452,-24,-16.484374
101.95,13.842239,23.888978,18.959215,314.6049,64.039315,-24,-16.64095
102,13.844389,23.916469,19.09849,314.75116,64.10418,-24,-16.794263
102.05,13.846511,23.941747,19.236337,314.8974,64.169109,-24,-16.944383
102.1,13.848605,23.964817,19.372723,315.0436,64.234097,-24,-17.091375
102.15,13.85067,23.985679,19.507617,315.18979,64.299138,-24,-17.235304
102.2,13.852708,24.004339,19.640988,315.33595,64.364227,-24,-17.376236
102.25,13.854718,24.020799,19.772806,315.48209,64.429358,-24,-17.514231
102.3,13.856702,24.035063,19.903039,315.62822,64.494525,-24,-17.649351
102.35,13.858658,24.047136,20.031657,315.77433,64.559724,-24,-17.781656
102.4,13.860589,24.057023,20.158631,315.92044,64.624947,-24,-17.911205
102.45,13.862494,24.064727,20.283929,316.06653,64.69019,-24,-18.038055
102.5,13.864373,24.070255,20.407524,316.21262,64.755447,-24,-18.162262
102.55,13.866227,24.07361,20.529386,316.3587,64.820712,-24,-18.283881
102.6,13.868056,24.0748,20.649487,316.50478,64.885981,-24,-18.402967
102.65,13.86986,24.07383,20.767797,316.65087,64.951247,-24,-18.519572
102.7,13.87164,24.070705,20.88429,316.79695,65.016505,-24,-18.633748
102.75,13.873397,24.065433,20.998941,316.94305,65.08175,-24,-18.745545
102.8,13.875129,24.058019,21.111723,317.08915,65.146976,-24,-18.855012
102.85,13.876838,24.04847,21.222614,317.23526,65.212177,-24,-18.9622
102.9,13.878525,24.036794,21.33159,317.38139,65.277349,-24,-19.067154
102.95,13.880188,24.022997,21.438631,317.52753,65.342486,-24,-19.169921
103,13.881829,24.007086,21.543714,317.67369,65.407582,-24,-19.270548
103.05,13.883448,23.989068,21.646822,317.81987,65.472632,-24,-19.369078
103.1,13.885045,23.968953,21.747934,317.96607,65.53763,-24,-19.465556
103.15,13.88662,23.946746,21.847032,318.1123,65.602572,-24,-19.560023
103.2,13.888174,23.922457,21.944101,318.25855,65.667452,-24,-19.652523
103.25,13.889708,23.896093,22.039124,318.40484,65.732265,-24,-19.743095
103.3,13.89122,23.867663,22.132086,318.55115,65.797005,-24,-19.831781
103.35,13.892712,23.837174,22.222972,318.69751,65.861667,-24,-19.918619
103.4,13.894184,23.804636,22.311769,318.84389,65.926246,-24,-20.003648
103.45,13.895636,23.770057,22.398465,318.99032,65.990737,-24,-20.086905
103.5,13.897068,23.733445,22.483046,319.13679,66.055134,-24,-20.168428
103.55,13.898481,23.69481,22.565502,319.2833,66.119433,-24,-20.248252
103.6,13.899874,23.654161,22.645822,319.42986,66.183627,-24,-20.326414
103.65,13.901249,23.611507,22.723997,319.57646,66.247712,-24,-20.402947
103.7,13.902605,23.566856,22.800018,319.72312,66.311683,-24,-20.477885
103.75,13.903943,23.520219,22.873875,319.86983,66.375535,-24,-20.551263
103.8,13.905262,23.471605,22.945561,320.01659,66.439262,-24,-20.623111
103.85,13.906564,23.421022,23.01507,320.1634,66.50286,-24,-20.693463
103.9,13.907848,23.368481,23.082394,320.31028,66.566322,-24,-20.762349
103.95,13.909114,23.313992,23.147527,320.45722,66.629646,-24,-20.8298
104,13.910364,23.257564,23.210464,320.60421,66.692824,-24,-20.895846
104.05,13.911596,23.199206,23.271201,320.75128,66.755853,-24,-20.960516
104.1,13.912812,23.13893,23.329733,320.89841,66.818727,-24,-21.023839
104.15,13.914011,23.076744,23.386056,321.0456,66.881441,-24,-21.085842
104.2,13.915193,23.012659,23.440167,321.19287,66.94399,-24,-21.146554
104.25,13.91636,22.946684,23.492064,321.34021,67.00637,-24,-21.206
104.3,13.917511,22.878831,23.541744,321.48762,67.068576,-24,-21.264209
104.35,13.918646,22.809108,23.589206,321.63511,67.130602,-24,-21.321204
104.4,13.919766,22.737527,23.634448,321.78268,67.192443,-24,-21.377013
104.45,13.92087,22.664098,23.67747,321.93032,67.254096,-24,-21.431658
104.5,13.921959,22.58883,23.718271,322.07805,67.315554,-24,-21.485165
104.55,13.923034,22.511734,23.75685,322.22585,67.376814,-24,-21.537558
104.6,13.924094,22.432821,23.79321,322.37375,67.43787,-24,-21.588859
104.65,13.925139,22.352101,23.82735,322.52172,67.498717,-24,-21.639091
104.7,13.92617,22.269584,23.859272,322.66979,67.559352,-24,-21.688276
104.75,13.927187,22.185281,23.888978,322.81794,67.619768,-24,-21.736437
104.8,13.92819,22.099202,23.916469,322.96619,67.679962,-24,-21.783595
104.85,13.92918,22.011357,23.941747,323.11453,67.739928,-24,-21.82977
104.9,13.930156,21.921759,23.964817,323.26296,67.799663,-23.760388,-21.869991
104.95,13.931118,21.830418,23.985679,323.41149,67.859161,-23.447148,-21.902849
105,13.932068,21.737348,24.004339,323.56011,67.918417,-23.130063,-21.928416
105.05,13.933004,21.642561,24.020799,323.70883,67.977427,-22.809189,-21.946765
105.1,13.933928,21.546072,24.035063,323.85765,68.036187,-22.484583,-21.95797
105.15,13.934839,21.447895,24.047136,324.00657,68.094692,-22.156298,-21.962101
105.2,13.935737,21.348046,24.057023,324.15559,68.152937,-21.82439,-21.959232
105.25,13.936624,21.246541,24.064727,324.30471,68.210918,-21.48891,-21.949434
105.3,13.937498,21.143396,24.070255,324.45394,68.268631,-21.149911,-21.932777
105.35,13.93836,21.038629,24.07361,324.60328,68.32607,-20.807445,-21.909333
105.4,13.93921,20.932258,24.0748,324.75272,68.383233,-20.46156,-21.879171
105.45,13.940049,20.824302,24.07383,324.90227,68.440113,-20.112307,-21.842361
105.5,13.940877,20.714779,24.070705,325.05192,68.496708,-19.759734,-21.798973
105.55,13.941692,20.60371,24.065433,325.20169,68.553012,-19.40389,-21.749076
105.6,13.942497,20.491114,24.058019,325.35156,68.609022,-19.04482,-21.692737
105.65,13.943291,20.377013,24.04847,325.50155,68.664733,-18.682571,-21.630025
105.7,13.944074,20.261428,24.036794,325.65165,68.720142,-18.317189,-21.561008
105.75,13.944846,20.144381,24.022997,325.80186,68.775244,-17.948718,-21.485752
105.8,13.945607,20.025895,24.007086,325.95219,68.830035,-17.577202,-21.404324
105.85,13.946359,19.905993,23.989068,326.10263,68.884512,-17.202684,-21.316789
105.9,13.947099,19.784698,23.968953,326.25319,68.93867,-16.825207,-21.223215
105.95,13.94783,19.662034,23.946746,326.40386,68.992505,-16.444812,-21.123665
106,13.948551,19.538025,23.922457,326.55464,69.046014,-16.06154,-21.018204
106.05,13.949261,19.412697,23.896093,326.70555,69.099193,-15.675432,-20.906896
106.1,13.949962,19.286075,23.867663,326.85657,69.152039,-15.286528,-20.789805
106.15,13.950654,19.158185,23.837174,327.00771,69.204547,-14.894866,-20.666994
106.2,13.951335,19.029052,23.804636,327.15896,69.256715,-14.500484,-20.538525
106.25,13.952008,18.898704,23.770057,327.31034,69.308538,-14.103422,-20.40446
106.3,13.952671,18.767168,23.733445,327.46183,69.360014,-13.703715,-20.264861
106.35,13.953325,18.634471,23.69481,327.61344,69.411139,-13.3014,-20.119789
106.4,13.95397,18.500641,23.654161,327.76518,69.461909,-12.896513,-19.969304
106.45,13.954607,18.365706,23.611507,327.91703,69.512322,-12.48909,-19.813467
106.5,13.955234,18.229694,23.566856,328.069,69.562374,-12.079165,-19.652335
106.55,13.955853,18.092636,23.520219,328.22108,69.612063,-11.666773,-19.485969
106.6,13.956463,17.954559,23.471605,328.37329,69.661385,-11.251947,-19.314427
106.65,13.957065,17.815493,23.421022,328.52562,69.710338,-10.834721,-19.137767
106.7,13.957659,17.675469,23.368481,328.67807,69.758918,-10.415126,-18.956045
106.75,13.958245,17.534517,23.313992,328.83063,69.807122,-9.9931951,-18.769319
106.8,13.958822,17.392667,23.257564,328.98332,69.854949,-9.5689598,-18.577645
106.85,13.959392,17.24995,23.199206,329.13612,69.902396,-9.1424511,-18.381078
106.9,13.959953,17.106397,23.13893,329.28904,69.949459,-8.7136995,-18.179675
106.95,13.960507,16.962039,23.076744,329.44208,69.996138,-8.282735,-17.973488
107,13.961054,16.816909,23.012659,329.59524,70.042428,-7.8495872,-17.762574
107.05,13.961593,16.671038,22.946684,329.74851,70.088328,-7.4142853,-17.546984
107.1,13.962124,16.524458,22.878831,329.90191,70.133836,-6.9768579,-17.326773
107.15,13.962648,16.377202,22.809108,330.05541,70.17895,-6.5373332,-17.101993
107.2,13.963165,16.229302,22.737527,330.20904,70.223667,-6.0957389,-16.872696
107.25,13.963675,16.080791,22.664098,330.36278,70.267986,-5.6521024,-16.638934
107.3,13.964177,15.931703,22.58883,330.51663,70.311904,-5.2064505,-16.400757
107.35,13.964673,15.78207,22.511734,330.6706,70.355421,-4.7588098,-16.158217
107.4,13.965162,15.631926,22.432821,330.82468,70.398534,-4.3092062,-15.911362
107.45,13.965644,15.481306,22.352101,330.97888,70.441242,-3.8576655,-15.660244
107.5,13.96612,15.330242,22.269584,331.13318,70.483543,-3.4042128,-15.40491
107.55,13.966589,15.178769,22.185281,331.2876,70.525436,-2.948873,-15.145409
107.6,13.967052,15.026921,22.099202,331.44213,70.56692,-2.4916707,-14.881789
107.65,13.967508,14.874732,22.011357,331.59677,70.607993,-2.0326299,-14.614099
107.7,13.967958,14.722238,21.921759,331.75152,70.648654,-1.5718681,-14.342385
107.75,13.968401,14.569472,21.830418,331.90637,70.688902,-1.1095298,-14.066701
107.8,13.968839,14.41647,21.737348,332.06133,70.728737,-0.6457586,-13.787098
107.85,13.969271,14.263267,21.642561,332.2164,70.768158,-0.18069687,-13.503631
107.9,13.969696,14.109897,21.546072,332.37157,70.807163,0.2855138,-13.216357
107.95,13.970116,13.956397,21.447895,332.52685,70.845752,0.75273281,-12.925335
108,13.97053,13.802801,21.348046,332.68223,70.883925,1.2208205,-12.630623
108.05,13.970938,13.649146,21.246541,332.83771,70.921681,1.6896383,-12.332284
108.1,13.971341,13.495465,21.143396,332.99329,70.95902,2.1590484,-12.030382
108.15,13.971738,13.341796,21.038629,333.14898,70.995942,2.6289141,-11.72498
108.2,13.972129,13.188174,20.932258,333.30476,71.032446,3.0990997,-11.416145
108.25,13.972515,13.034635,20.824302,333.46063,71.068532,3.5694703,-11.103944
108.3,13.972896,12.881214,20.714779,333.61661,71.104201,4.0398921,-10.788448
108.35,13.973272,12.727948,20.60371,333.77268,71.139453,4.5102322,-10.469725
108.4,13.973642,12.574873,20.491114,333.92884,71.174287,4.9803587,-10.147848
108.45,13.974007,12.422024,20.377013,334.08509,71.208705,5.4501406,-9.8228904
108.5,13.974367,12.269437,20.261428,334.24144,71.242706,5.919448,-9.494925
108.55,13.974723,12.11715,20.144381,334.39787,71.276292,6.3881517,-9.1640276
108.6,13.975073,11.965197,20.025895,334.5544,71.309463,6.8561238,-8.8302744
108.65,13.975418,11.813615,19.905993,334.71101,71.34222,7.323237,-8.4937429
108.7,13.975759,11.66244,19.784698,334.8677,71.374563,7.7893652,-8.1545115
108.75,13.976095,11.511708,19.662034,335.02449,71.406494,8.2543831,-7.8126595
108.8,13.976426,11.361455,19.538025,335.18135,71.438013,8.7181665,-7.4682673
108.85,13.976753,11.211716,19.412697,335.3383,71.469123,9.1805919,-7.1214161
108.9,13.977075,11.062529,19.286075,335.49532,71.499824,9.641537,-6.7721879
108.95,13.977393,10.913929,19.158185,335.65243,71.530117,10.10088,-6.4206656
109,13.977707,10.765951,19.029052,335.80961,71.560005,10.558501,-6.066933
109.05,13.978016,10.618631,18.898704,335.96687,71.589488,11.01428,-5.7110744
109.1,13.978321,10.472005,18.767168,336.12421,71.618569,11.468098,-5.353175
109.15,13.978621,10.326109,18.634471,336.28162,71.647249,11.919838,-4.9933205
109.2,13.978918,10.180978,18.500641,336.4391,71.67553,12.369382,-4.6315975
109.25,13.97921,10.036648,18.365706,336.59665,71.703415,12.816616,-4.2680931
109.3,13.979498,9.8931528,18.229694,336.75427,71.730905,13.261422,-3.9028949
109.35,13.979782,9.7505287,18.092636,336.91196,71.758002,13.703689,-3.536091
109.4,13.980063,9.6088103,17.954559,337.06971,71.784709,14.143302,-3.1677704
109.45,13.980339,9.4680324,17.815493,337.22753,71.811029,14.580148,-2.7980221
109.5,13.980612,9.3282298,17.675469,337.38542,71.836963,15.014118,-2.4269358
109.55,13.980881,9.189437,17.534517,337.54336,71.862515,15.445099,-2.0546018
109.6,13.981146,9.0516882,17.392667,337.70137,71.887687,15.872982,-1.6811104
109.65,13.981407,8.9150177,17.24995,337.85944,71.912482,16.29766,-1.3065527
109.7,13.981665,8.7794594,17.106397,338.01756,71.936903,16.719022,-0.9310199
109.75,13.98192,8.6450471,16.962039,338.17575,71.960953,17.136964,-0.55460358
109.8,13.98217,8.5118143,16.816909,338.33398,71.984636,17.551377,-0.17739565
109.85,13.982418,8.3797943,16.671038,338.49228,72.007953,17.962158,0.20051171
109.9,13.982662,8.2490204,16.524458,338.65062,72.030909,18.369201,0.57902607
109.95,13.982902,8.1195252,16.377202,338.80902,72.053507,18.772403,0.95805476
110,13.983139,7.9913415,16.229302,338.96746,72.075751,19.171661,1.3375049
110.05,13.983373,7.8645016,16.080791,339.12596,72.097644,19.566874,1.7172834
110.1,13.983604,7.7390376,15.931703,339.2845,72.11919,19.957939,2.0972971
110.15,13.983831,7.6149814,15.78207,339.44309,72.140392,20.344757,2.4774525
110.2,13.984056,7.4923646,15.631926,339.60172,72.161255,20.727229,2.8576562
110.25,13.984277,7.3712184,15.481306,339.7604,72.181783,21.105255,3.2378145
110.3,13.984495,7.2515737,15.330242,339.91912,72.201979,21.478738,3.6178337
110.35,13.98471,7.1334614,15.178769,340.07788,72.221848,21.84758,3.9976201
110.4,13.984922,7.0169116,15.026921,340.23668,72.241394,22.211687,4.3770798
110.45,13.985132,6.9019545,14.874732,340.39553,72.260621,22.570961,4.756119
110.5,13.985338,6.7886198,14.722238,340.5544,72.279534,22.925309,5.1346438
110.55,13.985541,6.6769369,14.569472,340.71332,72.298138,23.274637,5.5125603
110.6,13.985742,6.5669348,14.41647,340.87227,72.316436,23.618851,5.8897747
110.65,13.98594,6.4586422,14.263267,341.03125,72.334434,23.957861,6.2661932
110.7,13.986135,6.3520867,14.109897,341.19027,72.352136,24,6.6356475
110.75,13.986328,6.2472947,13.956397,341.34932,72.369547,24,6.9974048
110.8,13.986517,6.1442917,13.802801,341.5084,72.386672,24,7.3516256
110.85,13.986704,6.043102,13.649146,341.66751,72.403516,24,7.6984667
110.9,13.986889,5.9437487,13.495465,341.82665,72.420085,24,8.038082
110.95,13.987071,5.8462542,13.341796,341.98582,72.436382,24,8.3706219
111,13.98725,5.7506394,13.188174,342.14501,72.452414,24,8.696234
111.05,13.987427,5.6569248,13.034635,342.30424,72.468186,24,9.0150624
111.1,13.987602,5.5651295,12.881214,342.46348,72.483702,24,9.3272486
111.15,13.987774,5.475272,12.727948,342.62275,72.498969,24,9.632931
111.2,13.987944,5.3873696,12.574873,342.78204,72.513991,24,9.9322449
111.25,13.988111,5.3014389,12.422024,342.94136,72.528774,24,10.225323
111.3,13.988276,5.2174956,12.269437,343.1007,72.543324,24,10.512296
111.35,13.988439,5.1355546,12.11715,343.26006,72.557646,24,10.793289
111.4,13.988599,5.05563,11.965197,343.41943,72.571746,24,11.068429
111.45,13.988758,4.9777349,11.813615,343.57883,72.585629,24,11.337837
111.5,13.988914,4.901882,11.66244,343.73824,72.599301,24,11.601632
111.55,13.989068,4.8280829,11.511708,343.89768,72.612767,24,11.859931
111.6,13.989219,4.7563488,11.361455,344.05713,72.626034,24,12.112849
111.65,13.989369,4.6866897,11.211716,344.21659,72.639107,24,12.360498
111.7,13.989517,4.6191155,11.062529,344.37607,72.651992,24,12.602988
111.75,13.989662,4.5536351,10.913929,344.53557,72.664695,24,12.840426
111.8,13.989806,4.4902567,10.765951,344.69507,72.677221,24,13.072917
111.85,13.989947,4.4289879,10.618631,344.8546,72.689577,24,13.300564
111.9,13.990087,4.3698359,10.472005,345.01413,72.701768,24,13.523469
111.95,13.990224,4.3128071,10.326109,345.17368,72.7138,24,13.74173
112,13.99036,4.2579073,10.180978,345.33324,72.72568,24,13.955444
112.05,13.990494,4.2051418,10.036648,345.49281,72.737412,24,14.164706
112.1,13.990626,4.1545153,9.8931528,345.65239,72.749004,24,14.369608
112.15,13.990756,4.106032,9.7505287,345.81198,72.76046,24,14.570241
112.2,13.990885,4.0596956,9.6088103,345.97157,72.771787,24,14.766694
112.25,13.991011,4.0155092,9.4680324,346.13118,72.782992,24,14.959055
112.3,13.991136,3.9734755,9.3282298,346.2908,72.794079,24,15.147408
112.35,13.991259,3.9335968,9.189437,346.45042,72.805055,24,15.331837
112.4,13.991381,3.8958746,9.0516882,346.61005,72.815926,24,15.512424
112.45,13.9915,3.8603103,8.9150177,346.76969,72.826698,24,15.689248
112.5,13.991618,3.8269047,8.7794594,346.92933,72.837376,24,15.862389
112.55,13.991735,3.7956582,8.6450471,347.08898,72.847968,24,16.031922
112.6,13.991849,3.7665709,8.5118143,347.24863,72.858479,24,16.197924
112.65,13.991963,3.7396422,8.3797943,347.40829,72.868914,24,16.360467
112.7,13.992074,3.7148714,8.2490204,347.56796,72.879281,24,16.519624
112.75,13.992184,3.6922573,8.1195252,347.72762,72.889585,24,16.675465
112.8,13.992293,3.6717984,7.9913415,347.8873,72.899831,24,16.82806
112.85,13.9924,3.6534928,7.8645016,348.04697,72.910027,24,16.977475
112.9,13.992505,3.6373382,7.7390376,348.20665,72.920177,24,17.123778
112.95,13.99261,3.623332,7.6149814,348.36633,72.930289,24,17.267032
113,13.992712,3.6114714,7.4923646,348.52601,72.940367,24,17.407303
113.05,13.992813,3.6017531,7.3712184,348.68569,72.950419,24,17.544651
113.1,13.992913,3.5941736,7.2515737,348.84538,72.960449,24,17.679137
113.15,13.993012,3.5887292,7.1334614,349.00507,72.970464,24,17.810822
113.2,13.993109,3.5854156,7.0169116,349.16475,72.98047,24,17.939763
113.25,13.993205,3.5842285,6.9019545,349.32444,72.990472,24,18.066018
113.3,13.993299,3.5851634,6.7886198,349.48413,73.000478,24,18.189642
113.35,13.993392,3.5882153,6.6769369,349.64381,73.010491,24,18.310692
113.4,13.993484,3.593379,6.5669348,349.8035,73.020519,24,18.429219
113.45,13.993574,3.6006492,6.4586422,349.96318,73.030567,24,18.545277
113.5,13.993664,3.6100202,6.3520867,350.12287,73.040642,24,18.658917
113.55,13.993752,3.6214863,6.2472947,350.28255,73.050748,24,18.770189
113.6,13.993838,3.6350413,6.1442917,350.44222,73.060892,24,18.879144
113.65,13.993924,3.650679,6.043102,350.6019,73.07108,24,18.985828
113.7,13.994008,3.6683929,5.9437487,350.76157,73.081317,24,19.09029
113.75,13.994092,3.6881764,5.8462542,350.92124,73.091609,24,19.192576
113.8,13.994174,3.7100225,5.7506394,351.08091,73.101963,24,19.29273
113.85,13.994255,3.7339243,5.6569248,351.24057,73.112382,24,19.390799
113.9,13.994334,3.7598746,5.5651295,351.40022,73.122874,24,19.486824
113.95,13.994413,3.787866,5.475272,351.55987,73.133444,24,19.580848
114,13.994491,3.8178909,5.3873696,351.71952,73.144098,24,19.672914
114.05,13.994567,3.8499416,5.3014389,351.87916,73.154841,24,19.763061
114.1,13.994643,3.8840104,5.2174956,352.03879,73.165679,24,19.851331
114.15,13.994717,3.9200891,5.1355546,352.19841,73.176617,24,19.937762
114.2,13.994791,3.9581698,5.05563,352.35803,73.187662,24,20.022392
114.25,13.994863,3.9982441,4.9777349,352.51764,73.198818,24,20.105258
114.3,13.994934,4.0403036,4.901882,352.67724,73.210091,24,20.186399
114.35,13.995005,4.08434,4.8280829,352.83684,73.221487,24,20.265849
114.4,13.995074,4.1303444,4.7563488,352.99642,73.233011,24,20.343644
114.45,13.995143,4.1783083,4.6866897,353.156,73.244669,24,20.419818
114.5,13.99521,4.2282227,4.6191155,353.31556,73.256466,24,20.494405
114.55,13.995277,4.2800787,4.5536351,353.47512,73.268407,24,20.567438
114.6,13.995342,4.3338674,4.4902567,353.63466,73.280498,24,20.63895
114.65,13.995407,4.3895795,4.4289879,353.79419,73.292744,24,20.708972
114.7,13.995471,4.4472058,4.3698359,353.95371,73.30515,24,20.777535
114.75,13.995534,4.5067371,4.3128071,354.11321,73.317722,24,20.844669
114.8,13.995596,4.568164,4.2579073,354.2727,73.330466,24,20.910406
114.85,13.995657,4.631477,4.2051418,354.43218,73.343385,24,20.974772
114.9,13.995717,4.6966665,4.1545153,354.59164,73.356486,24,21.037798
114.95,13.995777,4.7637231,4.106032,354.75109,73.369773,24,21.09951
115,13.995835,4.8326371,4.0596956,354.91052,73.383253,24,21.159937
