minute,air_C,product_C,compressor_duty,door_heat,load_heat,ambient_C,mode
0,5.15000,5.05000,0.00000,0.00000,0.00000,17.34653,3
1,5.17795,5.05040,0.00000,0.00000,0.00000,17.35821,3
2,5.20557,5.05091,0.14055,0.00000,0.00000,17.31631,2
3,5.22148,5.05153,0.09635,0.00000,0.00000,17.64079,2
4,5.24149,5.05221,0.10730,0.00000,0.00000,17.88073,2
5,5.26094,5.05297,0.11784,0.00000,0.00000,17.49539,2
6,5.27839,5.05380,0.12761,0.00000,0.00000,17.33685,2
7,5.29445,5.05470,0.13703,0.00000,0.00000,17.40034,2
8,5.30970,5.05566,0.14632,0.00000,0.00000,17.35132,2
9,5.32390,5.05667,0.15530,0.00000,0.00000,18.11247,2
10,5.33903,5.05774,0.16496,0.00000,0.00000,17.59831,2
11,5.35196,5.05887,0.17361,0.00000,0.00000,17.46586,2
12,5.36373,5.06004,0.18198,0.00000,0.00000,16.88946,2
13,5.37331,5.06125,0.18946,0.00000,0.00000,17.42904,2
14,5.38347,5.06250,0.19751,0.00000,0.00000,18.00473,2
15,5.39423,5.06378,0.20591,0.00000,0.00000,17.68224,2
16,5.40342,5.06511,0.21359,0.00000,0.00000,17.03920,2
17,5.41036,5.06646,0.22036,0.00000,0.00000,18.11846,2
18,5.41925,5.06784,0.22835,0.00000,0.00000,18.12664,2
19,5.42742,5.06924,0.23592,0.00000,0.00000,17.47927,2
20,5.43335,5.07067,0.24250,0.00000,0.00000,16.95972,2
21,5.43745,5.07212,0.24841,0.00000,0.00000,17.13496,2
22,5.44146,5.07359,0.25446,0.00000,0.00000,17.55352,2
23,5.44594,5.07506,0.26080,0.00000,0.00000,17.03676,2
24,5.44864,5.07654,0.26625,0.00000,0.00000,17.51972,2
25,5.45204,5.07803,0.27222,0.00000,0.00000,17.22940,2
26,5.45424,5.07952,0.27756,0.00000,0.00000,17.68495,2
27,5.45708,5.08102,0.28335,0.00000,0.00000,17.37596,2
28,5.45870,5.08253,0.28851,0.00000,0.00000,17.68631,2
29,5.46065,5.08403,0.29394,0.00000,0.00000,17.39180,2
30,5.46144,5.08554,0.29879,0.00000,0.00000,17.62209,2
31,5.46241,5.08704,0.30382,0.00000,0.00000,17.13742,2
32,5.46182,5.08854,0.30807,0.00000,0.00000,17.55230,2
33,5.46190,5.09004,0.31278,0.00000,0.00000,16.85340,2
34,5.45996,5.09152,0.31642,0.00000,0.00000,17.34937,2
35,5.45895,5.09300,0.32067,0.00000,0.00000,17.55321,2
36,5.45812,5.09446,0.32492,0.00000,0.00000,17.20193,2
37,5.45613,5.09592,0.32858,0.00000,0.00000,17.48404,2
38,5.45457,5.09736,0.33252,0.00000,0.00000,17.92379,2
39,5.45377,5.09879,0.33679,0.00000,0.00000,17.17500,2
40,5.45088,5.10021,0.33994,0.00000,0.00000,17.51895,2
41,5.44860,5.10161,0.34355,0.00000,0.00000,17.83680,2
42,5.44685,5.10300,0.34734,0.00000,0.00000,17.98089,2
43,5.44516,5.10437,0.35110,0.00000,0.00000,17.17815,2
44,5.44131,5.10574,0.35376,0.00000,0.00000,17.37312,2
45,5.43777,5.10708,0.35671,0.00000,0.00000,17.53887,2
46,5.43445,5.10840,0.35972,0.00000,0.00000,17.44132,2
47,5.43071,5.10971,0.36246,0.00000,0.00000,17.05998,2
48,5.42592,5.11099,0.36467,0.00000,0.00000,17.31241,2
49,5.42162,5.11225,0.36716,0.00000,0.00000,17.95636,2
50,5.41873,5.11349,0.37028,0.00000,0.00000,17.24347,2
51,5.41395,5.11471,0.37230,0.00000,0.00000,17.35649,2
52,5.40934,5.11590,0.37452,0.00000,0.00000,17.34897,2
53,5.40462,5.11708,0.37662,0.00000,0.00000,17.58513,2
54,5.40037,5.11823,0.37892,0.00000,0.00000,16.71207,2
55,5.39392,5.11936,0.38004,0.00000,0.00000,17.49400,2
56,5.38934,5.12046,0.38221,0.00000,0.00000,16.97812,2
57,5.38343,5.12153,0.38351,0.00000,0.00000,17.96371,2
58,5.37986,5.12258,0.38603,0.00000,0.00000,18.10502,2
59,5.37648,5.12361,0.38843,0.00000,0.00000,17.11372,2
60,5.37060,5.12462,0.38952,0.00000,0.00000,17.78656,2
61,5.36633,5.12560,0.39156,0.00000,0.00000,17.58344,2
62,5.36147,5.12657,0.39314,0.00000,0.00000,17.10604,2
63,5.35543,5.12751,0.39412,0.00000,0.00000,17.79767,2
64,5.35105,5.12842,0.39597,0.00000,0.00000,17.24972,2
65,5.34528,5.12931,0.39695,0.00000,0.00000,16.99752,2
66,5.33892,5.13017,0.39768,0.00000,0.00000,17.50465,2
67,5.33381,5.13101,0.39902,0.00000,0.00000,17.61373,2
68,5.32892,5.13182,0.40032,0.00000,0.00000,17.25156,2
69,5.32314,5.13261,0.40111,0.00000,0.00000,17.46954,2
70,5.31790,5.13337,0.40219,0.00000,0.00000,17.04759,2
71,5.31164,5.13411,0.40266,0.00000,0.00000,17.61345,2
72,5.30679,5.13482,0.40385,0.00000,0.00000,17.97107,2
73,5.30277,5.13550,0.40529,0.00000,0.00000,18.02327,2
74,5.29881,5.13617,0.40667,0.00000,0.00000,17.54048,2
75,5.29366,5.13682,0.40739,0.00000,0.00000,17.99264,2
76,5.28960,5.13745,0.40871,0.00000,0.00000,17.44553,2
77,5.28419,5.13806,0.40923,0.00000,0.00000,17.38507,2
78,5.27867,5.13864,0.40975,0.00000,0.00000,17.53236,2
79,5.27355,5.13920,0.41041,0.00000,0.00000,17.01873,2
80,5.26722,5.13974,0.41039,0.00000,0.00000,17.22869,2
81,5.26148,5.14025,0.41070,0.00000,0.00000,18.31466,2
82,5.25839,5.14074,0.41223,0.00000,0.00000,17.20582,2
83,5.25258,5.14121,0.41215,0.00000,0.00000,17.37697,2
84,5.24726,5.14165,0.41249,0.00000,0.00000,17.16708,2
85,5.24150,5.14208,0.41250,0.00000,0.00000,17.69096,2
86,5.23706,5.14247,0.41316,0.00000,0.00000,16.88767,2
87,5.23072,5.14285,0.41271,0.00000,0.00000,17.07430,2
88,5.22494,5.14320,0.41264,0.00000,0.00000,17.48261,2
89,5.22023,5.14353,0.41299,0.00000,0.00000,17.88575,2
90,5.21651,5.14384,0.41372,0.00000,0.00000,18.11702,2
91,5.21334,5.14413,0.41459,0.00000,0.00000,17.43142,2
92,5.20851,5.14440,0.41457,0.00000,0.00000,17.72548,2
93,5.20445,5.14466,0.41501,0.00000,0.00000,18.13041,2
94,5.20138,5.14490,0.41584,0.00000,0.00000,17.38449,2
95,5.19650,5.14513,0.12694,0.00000,0.00000,17.66382,3
96,5.21547,5.14533,0.47482,0.00000,0.00000,16.98002,2
97,5.20474,5.14561,0.41808,0.00000,0.00000,17.51119,2
98,5.19995,5.14585,0.12960,0.00000,0.00000,17.13721,3
99,5.21741,5.14606,0.47701,0.00000,0.00000,17.25407,2
100,5.20714,5.14635,0.42065,0.00000,0.00000,17.61492,2
101,5.20236,5.14659,0.42116,0.00000,0.00000,17.79253,2
102,5.19804,5.14682,0.13256,0.00000,0.00000,17.24944,3
103,5.21557,5.14702,0.47980,0.00000,0.00000,16.98916,2
104,5.20448,5.14730,0.42301,0.00000,0.00000,17.62879,2
105,5.19960,5.14752,0.13453,0.00000,0.00000,16.91604,3
106,5.21616,5.14773,0.48147,0.00000,0.00000,17.06803,2
107,5.20512,5.14801,0.42479,0.00000,0.00000,17.46921,2
108,5.19972,5.14823,0.13604,0.00000,0.00000,17.26151,3
109,5.21699,5.14844,0.48339,0.00000,0.00000,17.93085,2
110,5.20785,5.14871,0.42760,0.00000,0.00000,17.40596,2
111,5.20204,5.14895,0.42751,0.00000,0.00000,17.38381,2
112,5.19627,5.14916,0.13841,0.00000,0.00000,17.36012,3
113,5.21364,5.14935,0.48554,0.00000,0.00000,17.55406,2
114,5.20348,5.14961,0.42920,0.00000,0.00000,17.38473,2
115,5.19757,5.14982,0.14028,0.00000,0.00000,17.06771,3
116,5.21409,5.15002,0.48711,0.00000,0.00000,17.31976,2
117,5.20324,5.15027,0.43051,0.00000,0.00000,17.47111,2
118,5.19744,5.15048,0.14171,0.00000,0.00000,17.49668,3
119,5.21487,5.15067,0.48897,0.00000,0.00000,17.81523,2
120,5.20506,5.15093,0.43282,0.00000,0.00000,17.56333,2
121,5.19927,5.15114,0.14382,0.00000,0.00000,17.58961,3
122,5.21674,5.15134,0.49125,0.00000,0.00000,17.79697,2
123,5.20668,5.15160,0.43499,0.00000,0.00000,17.77402,2
124,5.20121,5.15182,0.43513,0.00000,0.00000,17.48856,2
125,5.19512,5.15202,0.14592,0.00000,0.00000,17.64951,3
126,5.21263,5.15219,0.49305,0.00000,0.00000,17.42893,2
127,5.20161,5.15243,0.43626,0.00000,0.00000,17.98811,2
128,5.19662,5.15263,0.14794,0.00000,0.00000,17.92166,3
129,5.21461,5.15280,0.49534,0.00000,0.00000,17.93821,2
130,5.20460,5.15305,0.43904,0.00000,0.00000,17.39456,2
131,5.19794,5.15326,0.14972,0.00000,0.00000,17.69069,3
132,5.21522,5.15344,0.49702,0.00000,0.00000,18.03245,2
133,5.20531,5.15368,0.44083,0.00000,0.00000,17.36992,2
134,5.19844,5.15389,0.15137,0.00000,0.00000,17.69349,3
135,5.21560,5.15407,0.49866,0.00000,0.00000,17.86567,2
136,5.20516,5.15431,0.44223,0.00000,0.00000,17.89317,2
137,5.19944,5.15452,0.15330,0.00000,0.00000,17.38506,3
138,5.21570,5.15470,0.50014,0.00000,0.00000,17.65554,2
139,5.20464,5.15494,0.44347,0.00000,0.00000,17.98491,2
140,5.19905,5.15514,0.15468,0.00000,0.00000,17.83342,3
141,5.21628,5.15532,0.50196,0.00000,0.00000,18.16757,2
142,5.20630,5.15556,0.44575,0.00000,0.00000,17.35311,2
143,5.19901,5.15576,0.15605,0.00000,0.00000,17.71612,3
144,5.21586,5.15594,0.50327,0.00000,0.00000,17.83173,2
145,5.20498,5.15617,0.44664,0.00000,0.00000,17.30652,2
146,5.19753,5.15637,0.15704,0.00000,0.00000,17.87817,3
147,5.21472,5.15653,0.50431,0.00000,0.00000,17.78733,2
148,5.20367,5.15677,0.44756,0.00000,0.00000,18.00797,2
149,5.19785,5.15696,0.15874,0.00000,0.00000,17.46079,3
150,5.21390,5.15712,0.50535,0.00000,0.00000,17.74527,2
151,5.20269,5.15735,0.44860,0.00000,0.00000,17.88879,2
152,5.19652,5.15753,0.15971,0.00000,0.00000,17.69969,3
153,5.21308,5.15768,0.50649,0.00000,0.00000,17.30704,2
154,5.20076,5.15790,0.44913,0.00000,0.00000,17.69392,2
155,5.19411,5.15808,0.16027,0.00000,0.00000,17.72196,3
156,5.21072,5.15822,0.50691,0.00000,0.00000,17.92515,2
157,5.19987,5.15843,0.16127,0.00000,0.00000,18.47150,3
158,5.21812,5.15860,0.50955,0.00000,0.00000,18.50160,2
159,5.20833,5.15883,0.45338,0.00000,0.00000,17.38515,2
160,5.20052,5.15903,0.45234,0.00000,0.00000,17.96728,2
161,5.19428,5.15920,0.16330,0.00000,0.00000,18.35564,3
162,5.21217,5.15934,0.51056,0.00000,0.00000,17.60514,2
163,5.20026,5.15955,0.45329,0.00000,0.00000,17.92745,2
164,5.19385,5.15971,0.16454,0.00000,0.00000,17.92532,3
165,5.21063,5.15985,0.51121,0.00000,0.00000,18.16735,2
166,5.20003,5.16005,0.45468,0.00000,0.00000,17.52584,2
167,5.19257,5.16021,0.16539,0.00000,0.00000,17.81158,3
168,5.20903,5.16034,0.51188,0.00000,0.00000,17.79791,2
169,5.19753,5.16054,0.16609,0.00000,0.00000,17.60086,3
170,5.21337,5.16068,0.51302,0.00000,0.00000,17.91987,2
171,5.20201,5.16090,0.45621,0.00000,0.00000,17.82945,2
172,5.19513,5.16106,0.16709,0.00000,0.00000,17.75493,3
173,5.21130,5.16120,0.51360,0.00000,0.00000,17.72928,2
174,5.19947,5.16140,0.16755,0.00000,0.00000,17.99854,3
175,5.21613,5.16155,0.51508,0.00000,0.00000,18.04575,2
176,5.20487,5.16177,0.45828,0.00000,0.00000,18.10427,2
177,5.19845,5.16194,0.16915,0.00000,0.00000,18.57630,3
178,5.21638,5.16209,0.51679,0.00000,0.00000,18.40645,2
179,5.20585,5.16230,0.46025,0.00000,0.00000,17.96107,2
180,5.19893,5.16248,0.17078,0.00000,0.00000,17.94667,3
181,5.21522,5.16262,0.51769,0.00000,0.00000,17.83678,2
182,5.20328,5.16283,0.46057,0.00000,0.00000,18.46386,2
183,5.19757,5.16299,0.17189,0.00000,0.00000,17.38396,3
184,5.21246,5.16313,0.51789,0.00000,0.00000,18.08199,2
185,5.20113,5.16333,0.46116,0.00000,0.00000,17.80716,2
186,5.19385,5.16348,0.17192,0.00000,0.00000,18.15296,3
187,5.21062,5.16360,0.51866,0.00000,0.00000,18.70600,2
188,5.20074,5.16379,0.46249,0.00000,0.00000,18.68082,2
189,5.19544,5.16394,0.17400,0.00000,0.00000,17.74253,3
190,5.21105,5.16406,0.52014,0.00000,0.00000,17.63974,2
191,5.19852,5.16425,0.17385,0.00000,0.00000,18.86049,3
192,5.21677,5.16439,0.52215,0.00000,0.00000,18.16176,2
193,5.20525,5.16460,0.46510,0.00000,0.00000,18.49972,2
194,5.19925,5.16476,0.17613,0.00000,0.00000,18.11655,3
195,5.21554,5.16490,0.52300,0.00000,0.00000,18.47151,2
196,5.20471,5.16510,0.46643,0.00000,0.00000,18.29976,2
197,5.19815,5.16526,0.17721,0.00000,0.00000,18.95644,3
198,5.21637,5.16539,0.52499,0.00000,0.00000,18.02480,2
199,5.20431,5.16560,0.46767,0.00000,0.00000,17.96018,2
200,5.19685,5.16575,0.17819,0.00000,0.00000,17.66401,3
201,5.21194,5.16588,0.52437,0.00000,0.00000,17.74779,2
202,5.19934,5.16606,0.17803,0.00000,0.00000,18.29503,3
203,5.21591,5.16619,0.52557,0.00000,0.00000,17.88739,2
204,5.20350,5.16639,0.46819,0.00000,0.00000,18.01880,2
205,5.19615,5.16654,0.17886,0.00000,0.00000,18.50210,3
206,5.21320,5.16666,0.52594,0.00000,0.00000,17.94350,2
207,5.20093,5.16684,0.46857,0.00000,0.00000,17.98072,2
208,5.19350,5.16698,0.17937,0.00000,0.00000,18.86490,3
209,5.21142,5.16709,0.52666,0.00000,0.00000,18.35236,2
210,5.20009,5.16726,0.46968,0.00000,0.00000,18.17776,2
211,5.19306,5.16740,0.18062,0.00000,0.00000,17.95550,3
212,5.20872,5.16750,0.52672,0.00000,0.00000,18.03293,2
213,5.19666,5.16766,0.18079,0.00000,0.00000,17.53911,3
214,5.21127,5.16778,0.52708,0.00000,0.00000,18.72704,2
215,5.20081,5.16795,0.47079,0.00000,0.00000,18.26047,2
216,5.19389,5.16808,0.18166,0.00000,0.00000,18.79270,3
217,5.21145,5.16819,0.52877,0.00000,0.00000,18.48010,2
218,5.20027,5.16836,0.47189,0.00000,0.00000,18.16126,2
219,5.19303,5.16849,0.18273,0.00000,0.00000,18.36016,3
220,5.20950,5.16859,0.52924,0.00000,0.00000,18.53269,2
221,5.19844,5.16875,0.18361,0.00000,0.00000,18.81488,3
222,5.21585,5.16887,0.53137,0.00000,0.00000,18.85569,2
223,5.20530,5.16906,0.47486,0.00000,0.00000,18.40602,2
224,5.19835,5.16920,0.18541,0.00000,0.00000,18.73352,3
225,5.21543,5.16932,0.53266,0.00000,0.00000,18.49885,2
226,5.20394,5.16950,0.47571,0.00000,0.00000,18.65075,2
227,5.19752,5.16964,0.18666,0.00000,0.00000,18.59637,3
228,5.21419,5.16975,0.53359,0.00000,0.00000,18.74328,2
229,5.20323,5.16993,0.47692,0.00000,0.00000,18.87136,2
230,5.19726,5.17006,0.18806,0.00000,0.00000,18.07158,3
231,5.21257,5.17017,0.53426,0.00000,0.00000,18.48857,2
232,5.20098,5.17034,0.47737,0.00000,0.00000,19.43182,2
233,5.19634,5.17046,0.18928,0.00000,0.00000,18.93183,3
234,5.21362,5.17057,0.53627,0.00000,0.00000,18.73231,2
235,5.20244,5.17074,0.47944,0.00000,0.00000,19.00824,2
236,5.19661,5.17087,0.19071,0.00000,0.00000,18.85281,3
237,5.21359,5.17097,0.53768,0.00000,0.00000,18.83773,2
238,5.20255,5.17114,0.48093,0.00000,0.00000,18.58398,2
239,5.19559,5.17127,0.19172,0.00000,0.00000,19.54503,3
240,5.21416,5.17136,0.53948,0.00000,0.00000,18.44689,2
241,5.20204,5.17153,0.48207,0.00000,0.00000,18.36834,2
242,5.19449,5.17166,0.19273,0.00000,0.00000,18.52338,3
243,5.21056,5.17175,0.53919,0.00000,0.00000,18.62407,2
244,5.19894,5.17190,0.19329,0.00000,0.00000,18.87740,3
245,5.21575,5.17201,0.54083,0.00000,0.00000,18.54754,2
246,5.20375,5.17219,0.48365,0.00000,0.00000,18.80457,2
247,5.19710,5.17231,0.19455,0.00000,0.00000,18.41736,3
248,5.21274,5.17241,0.54095,0.00000,0.00000,18.58397,2
249,5.20086,5.17257,0.48389,0.00000,0.00000,18.57649,2
250,5.19369,5.17269,0.19477,0.00000,0.00000,18.94024,3
251,5.21061,5.17277,0.54156,0.00000,0.00000,18.96975,2
252,5.19964,5.17292,0.19585,0.00000,0.00000,18.56748,3
253,5.21550,5.17303,0.54293,0.00000,0.00000,19.40217,2
254,5.20539,5.17320,0.48676,0.00000,0.00000,19.39372,2
255,5.19988,5.17333,0.19788,0.00000,0.00000,19.65065,3
256,5.21816,5.17343,0.54575,0.00000,0.00000,18.64502,2
257,5.20599,5.17361,0.48838,0.00000,0.00000,18.83667,2
258,5.19902,5.17374,0.19901,0.00000,0.00000,19.28282,3
259,5.21636,5.17384,0.54645,0.00000,0.00000,19.01284,2
260,5.20503,5.17401,0.48956,0.00000,0.00000,18.77249,2
261,5.19783,5.17414,0.20010,0.00000,0.00000,19.21537,3
262,5.21494,5.17423,0.54734,0.00000,0.00000,19.04257,2
263,5.20363,5.17439,0.49047,0.00000,0.00000,19.50614,2
264,5.19813,5.17451,0.20181,0.00000,0.00000,19.06749,3
265,5.21475,5.17461,0.54870,0.00000,0.00000,18.98269,2
266,5.20320,5.17477,0.49174,0.00000,0.00000,19.14049,2
267,5.19673,5.17488,0.20272,0.00000,0.00000,18.58931,3
268,5.21217,5.17497,0.54898,0.00000,0.00000,19.08679,2
269,5.20088,5.17512,0.49222,0.00000,0.00000,19.68717,2
270,5.19571,5.17522,0.20389,0.00000,0.00000,19.06974,3
271,5.21221,5.17530,0.55049,0.00000,0.00000,19.23922,2
272,5.20117,5.17545,0.49377,0.00000,0.00000,19.12457,2
273,5.19454,5.17555,0.20478,0.00000,0.00000,18.98117,3
274,5.21078,5.17563,0.55126,0.00000,0.00000,19.76594,2
275,5.20095,5.17577,0.49516,0.00000,0.00000,19.72186,2
276,5.19563,5.17587,0.20665,0.00000,0.00000,18.91056,3
277,5.21154,5.17595,0.55295,0.00000,0.00000,18.97712,2
278,5.19970,5.17609,0.20689,0.00000,0.00000,19.12121,3
279,5.21603,5.17618,0.55428,0.00000,0.00000,19.33311,2
280,5.20487,5.17634,0.49755,0.00000,0.00000,18.97069,2
281,5.19753,5.17646,0.20802,0.00000,0.00000,18.90817,3
282,5.21330,5.17654,0.55459,0.00000,0.00000,19.48481,2
283,5.20252,5.17669,0.49806,0.00000,0.00000,19.24864,2
284,5.19584,5.17679,0.20894,0.00000,0.00000,19.32553,3
285,5.21255,5.17687,0.55578,0.00000,0.00000,19.42432,2
286,5.20154,5.17701,0.49906,0.00000,0.00000,18.82012,2
287,5.19378,5.17711,0.20957,0.00000,0.00000,19.27416,3
288,5.21035,5.17718,0.55625,0.00000,0.00000,19.23110,2
289,5.19888,5.17731,0.21038,0.00000,0.00000,19.98122,3
290,5.21701,5.17740,0.55856,0.00000,0.00000,19.90673,2
291,5.20687,5.17755,0.50221,0.00000,0.00000,19.42045,2
292,5.20021,5.17767,0.50177,0.00000,0.00000,19.85636,2
293,5.19472,5.17776,0.21298,0.00000,0.00000,19.79462,3
294,5.21226,5.17783,0.56003,0.00000,0.00000,19.44996,2
295,5.20098,5.17797,0.50311,0.00000,0.00000,19.67306,2
296,5.19494,5.17806,0.21441,0.00000,0.00000,19.40250,3
297,5.21143,5.17813,0.56100,0.00000,0.00000,19.54092,2
298,5.20031,5.17826,0.50424,0.00000,0.00000,19.22262,2
299,5.19312,5.17835,0.21508,0.00000,0.00000,19.78128,3
300,5.21048,5.17841,0.56205,0.00000,0.00000,19.27666,2
301,5.19866,5.17854,0.21596,0.00000,0.00000,19.10994,3
302,5.21429,5.17862,0.56291,0.00000,0.00000,19.50535,2
303,5.20289,5.17876,0.50610,0.00000,0.00000,19.47969,2
304,5.19614,5.17886,0.21697,0.00000,0.00000,20.10436,3
305,5.21409,5.17892,0.56446,0.00000,0.00000,20.16926,2
306,5.20416,5.17907,0.50819,0.00000,0.00000,19.48335,2
307,5.19722,5.17917,0.21879,0.00000,0.00000,19.04959,3
308,5.21251,5.17924,0.56504,0.00000,0.00000,20.03400,2
309,5.20223,5.17937,0.50881,0.00000,0.00000,19.63535,2
310,5.19564,5.17946,0.21971,0.00000,0.00000,19.77880,3
311,5.21261,5.17953,0.56664,0.00000,0.00000,19.91915,2
312,5.20194,5.17966,0.51008,0.00000,0.00000,19.37810,2
313,5.19464,5.17975,0.22073,0.00000,0.00000,19.59362,3
314,5.21110,5.17981,0.56738,0.00000,0.00000,20.28478,2
315,5.20126,5.17993,0.51126,0.00000,0.00000,19.84366,2
316,5.19499,5.18002,0.22232,0.00000,0.00000,19.57565,3
317,5.21128,5.18008,0.56884,0.00000,0.00000,19.63572,2
318,5.19978,5.18020,0.22292,0.00000,0.00000,19.80301,3
319,5.21651,5.18028,0.57048,0.00000,0.00000,19.97900,2
320,5.20562,5.18043,0.51386,0.00000,0.00000,19.80394,2
321,5.19900,5.18053,0.22456,0.00000,0.00000,19.76144,3
322,5.21550,5.18060,0.57156,0.00000,0.00000,19.11240,2
323,5.20249,5.18074,0.51388,0.00000,0.00000,19.97511,2
324,5.19631,5.18083,0.22516,0.00000,0.00000,19.71172,3
325,5.21269,5.18089,0.57182,0.00000,0.00000,19.52482,2
326,5.20068,5.18102,0.51463,0.00000,0.00000,20.39201,2
327,5.19546,5.18110,0.22636,0.00000,0.00000,20.43759,3
328,5.21349,5.18115,0.57370,0.00000,0.00000,20.22102,2
329,5.20298,5.18128,0.51713,0.00000,0.00000,19.98451,2
330,5.19656,5.18137,0.22807,0.00000,0.00000,19.41235,3
331,5.21200,5.18143,0.57431,0.00000,0.00000,19.75461,2
332,5.20035,5.18155,0.51737,0.00000,0.00000,19.77610,2
333,5.19346,5.18163,0.22838,0.00000,0.00000,20.05058,3
334,5.21043,5.18167,0.57516,0.00000,0.00000,20.37040,2
335,5.20020,5.18179,0.51879,0.00000,0.00000,19.49834,2
336,5.19254,5.18186,0.22937,0.00000,0.00000,20.23364,3
337,5.20989,5.18191,0.57632,0.00000,0.00000,19.64602,2
338,5.19785,5.18202,0.23018,0.00000,0.00000,20.31426,3
339,5.21526,5.18208,0.57796,0.00000,0.00000,19.79013,2
340,5.20336,5.18221,0.52078,0.00000,0.00000,20.26045,2
341,5.19732,5.18230,0.23196,0.00000,0.00000,20.67141,3
342,5.21544,5.18236,0.57957,0.00000,0.00000,19.89750,2
343,5.20367,5.18249,0.52239,0.00000,0.00000,20.87161,2
344,5.19896,5.18258,0.23409,0.00000,0.00000,19.80762,3
345,5.21483,5.18264,0.58062,0.00000,0.00000,19.76920,2
346,5.20269,5.18277,0.52342,0.00000,0.00000,20.22667,2
347,5.19637,5.18285,0.23455,0.00000,0.00000,19.93212,3
348,5.21254,5.18290,0.58113,0.00000,0.00000,20.55523,2
349,5.20226,5.18302,0.52482,0.00000,0.00000,20.29079,2
350,5.19599,5.18310,0.23586,0.00000,0.00000,20.64321,3
351,5.21376,5.18315,0.58320,0.00000,0.00000,20.40692,2
352,5.20295,5.18327,0.52651,0.00000,0.00000,20.23620,2
353,5.19641,5.18335,0.23742,0.00000,0.00000,20.33074,3
354,5.21330,5.18340,0.58438,0.00000,0.00000,20.92718,2
355,5.20364,5.18352,0.52833,0.00000,0.00000,20.40437,2
356,5.19735,5.18360,0.23921,0.00000,0.00000,20.21773,3
357,5.21383,5.18366,0.58602,0.00000,0.00000,20.74081,2
358,5.20359,5.18378,0.52972,0.00000,0.00000,20.12524,2
359,5.19652,5.18386,0.24032,0.00000,0.00000,20.02790,3
360,5.21247,5.18391,0.58686,0.00000,0.00000,20.52313,2
361,5.20166,5.18402,0.53031,0.00000,0.00000,20.47857,2
362,5.19542,5.18409,0.24143,0.00000,0.00000,19.98340,3
363,5.21119,5.18414,0.58773,0.00000,0.00000,20.23040,2
364,5.19964,5.18425,0.24183,0.00000,0.00000,20.72157,3
365,5.21708,5.18431,0.58974,0.00000,0.00000,19.98812,2
366,5.20472,5.18444,0.53234,0.00000,0.00000,20.83057,2
367,5.19912,5.18452,0.24364,0.00000,0.00000,20.36306,3
368,5.21557,5.18458,0.59054,0.00000,0.00000,20.61365,2
369,5.20465,5.18470,0.53392,0.00000,0.00000,20.70822,2
370,5.19863,5.18478,0.24494,0.00000,0.00000,20.70234,3
371,5.21580,5.18484,0.59219,0.00000,0.00000,20.35545,2
372,5.20414,5.18496,0.53514,0.00000,0.00000,20.42355,2
373,5.19735,5.18504,0.24594,0.00000,0.00000,21.00063,3
374,5.21517,5.18509,0.59346,0.00000,0.00000,21.20798,2
375,5.20545,5.18521,0.53732,0.00000,0.00000,20.57500,2
376,5.19884,5.18529,0.24794,0.00000,0.00000,20.87185,3
377,5.21617,5.18534,0.59534,0.00000,0.00000,20.80406,2
378,5.20532,5.18547,0.53869,0.00000,0.00000,21.09408,2
379,5.19984,5.18555,0.24988,0.00000,0.00000,20.81583,3
380,5.21688,5.18560,0.59713,0.00000,0.00000,20.91775,2
381,5.20615,5.18573,0.54057,0.00000,0.00000,20.43139,2
382,5.19893,5.18581,0.25097,0.00000,0.00000,20.78138,3
383,5.21581,5.18586,0.59819,0.00000,0.00000,20.63098,2
384,5.20433,5.18598,0.54126,0.00000,0.00000,21.96138,2
385,5.20073,5.18606,0.54242,0.00000,0.00000,21.10342,2
386,5.19504,5.18612,0.25327,0.00000,0.00000,20.96018,3
387,5.21222,5.18615,0.60019,0.00000,0.00000,20.75537,2
388,5.20093,5.18626,0.54329,0.00000,0.00000,20.94507,2
389,5.19479,5.18631,0.25455,0.00000,0.00000,21.06348,3
390,5.21212,5.18635,0.60156,0.00000,0.00000,20.52033,2
391,5.20016,5.18645,0.54431,0.00000,0.00000,20.98475,2
392,5.19405,5.18651,0.25569,0.00000,0.00000,21.40056,3
393,5.21210,5.18654,0.60299,0.00000,0.00000,21.51170,2
394,5.20239,5.18664,0.54682,0.00000,0.00000,21.09231,2
395,5.19631,5.18670,0.25787,0.00000,0.00000,21.21014,3
396,5.21370,5.18674,0.60504,0.00000,0.00000,21.35311,2
397,5.20343,5.18685,0.54865,0.00000,0.00000,21.20814,2
398,5.19747,5.18691,0.25972,0.00000,0.00000,21.46295,3
399,5.21530,5.18696,0.60720,0.00000,0.00000,21.13706,2
400,5.20433,5.18707,0.55044,0.00000,0.00000,21.26426,2
401,5.19834,5.18714,0.26150,0.00000,0.00000,21.28165,3
402,5.21560,5.18718,0.60876,0.00000,0.00000,20.64243,2
403,5.20332,5.18730,0.55140,0.00000,0.00000,20.70924,2
404,5.19595,5.18736,0.26205,0.00000,0.00000,21.23501,3
405,5.21308,5.18740,0.60916,0.00000,0.00000,21.27484,2
406,5.20231,5.18750,0.55254,0.00000,0.00000,21.28910,2
407,5.19625,5.18756,0.55239,0.00000,0.00000,21.48566,2
408,5.19075,5.18759,0.55209,0.00000,0.00000,21.26556,2
409,5.18482,5.18761,0.55147,0.00000,0.00000,21.09063,2
410,5.17860,5.18759,0.55068,0.00000,0.00000,21.82045,2
411,5.17427,5.18756,0.55080,0.00000,0.00000,21.06365,2
412,5.16818,5.18750,0.54985,0.00000,0.00000,21.73904,2
413,5.16386,5.18743,0.54985,0.00000,0.00000,21.01553,2
414,5.15787,5.18733,0.54884,0.00000,0.00000,22.27922,2
415,5.15505,5.18722,0.54949,0.00000,0.00000,20.69330,2
416,5.14843,5.18709,0.54796,0.00000,0.00000,21.81792,2
417,5.14471,5.18693,0.54811,0.00000,0.00000,21.37232,2
418,5.13995,5.18676,0.54748,0.00000,0.00000,21.77077,2
419,5.13626,5.18658,0.54741,0.00000,0.00000,21.01534,2
420,5.13082,5.18637,0.54635,0.00000,0.00000,21.34022,2
421,5.12631,5.18615,0.54584,0.00000,0.00000,21.82734,2
422,5.12306,5.18591,0.54584,0.00000,0.00000,21.19184,2
423,5.11833,5.18566,0.54496,0.00000,0.00000,21.19701,2
424,5.11375,5.18539,0.54423,0.00000,0.00000,22.15476,2
425,5.11157,5.18511,0.54465,0.00000,0.00000,21.42083,2
426,5.10762,5.18481,0.54397,0.00000,0.00000,21.47227,2
427,5.10391,5.18450,0.54350,0.00000,0.00000,21.60034,2
428,5.10058,5.18418,0.54317,0.00000,0.00000,22.03673,2
429,5.09836,5.18385,0.54333,0.00000,0.00000,21.86951,2
430,5.09576,5.18350,0.54319,0.00000,0.00000,21.53367,2
431,5.09239,5.18315,0.54268,0.00000,0.00000,21.65135,2
432,5.08939,5.18279,0.54237,0.00000,0.00000,21.62057,2
433,5.08638,5.18242,0.54200,0.00000,0.00000,21.53748,2
434,5.08323,5.18203,0.54153,0.00000,0.00000,21.36557,2
435,5.07975,5.18164,0.54087,0.00000,0.00000,21.09472,2
436,5.07572,5.18123,0.53993,0.00000,0.00000,20.98502,2
437,5.07155,5.18081,0.53893,0.00000,0.00000,22.02096,2
438,5.06998,5.18037,0.53919,0.00000,0.00000,22.06559,2
439,5.06851,5.17993,0.53928,0.00000,0.00000,22.13941,2
440,5.06722,5.17948,0.53944,0.00000,0.00000,21.98296,2
441,5.06556,5.17903,0.53939,0.00000,0.00000,21.98490,2
442,5.06393,5.17858,0.53936,0.00000,0.00000,22.37631,2
443,5.06325,5.17812,0.53979,0.00000,0.00000,22.11157,2
444,5.06190,5.17766,0.53980,0.00000,0.00000,21.83972,2
445,5.05993,5.17720,0.53954,0.00000,0.00000,21.67557,2
446,5.05760,5.17673,0.53913,0.00000,0.00000,21.42779,2
447,5.05474,5.17625,0.53847,0.00000,0.00000,21.41464,2
448,5.05193,5.17577,0.53784,0.00000,0.00000,22.44665,2
449,5.05167,5.17527,0.53845,0.00000,0.00000,22.14959,2
450,5.05065,5.17478,0.53848,0.00000,0.00000,22.01594,2
451,5.04931,5.17428,0.53840,0.00000,0.00000,22.04444,2
452,5.04806,5.17378,0.53837,0.00000,0.00000,22.18094,2
453,5.04715,5.17328,0.53850,0.00000,0.00000,21.58314,2
454,5.04481,5.17277,0.53787,0.00000,0.00000,22.18076,2
455,5.04397,5.17226,0.53809,0.00000,0.00000,21.73812,2
456,5.04207,5.17175,0.53764,0.00000,0.00000,21.89672,2
457,5.04060,5.17123,0.53748,0.00000,0.00000,21.88428,2
458,5.03912,5.17071,0.53727,0.00000,0.00000,21.96815,2
459,5.03788,5.17018,0.53715,1.00000,0.00000,22.09837,2
460,5.07697,5.16965,0.55718,1.00000,0.00000,22.54693,2
461,5.11499,5.16928,0.57383,1.00000,0.00000,22.33382,2
462,5.15067,5.16906,0.58978,1.00000,0.00000,22.59032,2
463,5.18522,5.16899,0.60570,1.00000,0.00000,22.03224,2
464,5.21669,5.16906,0.62053,1.00000,0.00000,22.08370,2
465,5.24669,5.16925,0.63518,1.00000,0.00000,21.94636,2
466,5.27480,5.16956,0.64930,1.00000,0.00000,22.28488,2
467,5.30221,5.16998,0.66351,1.00000,0.00000,21.80517,2
468,5.32699,5.17051,0.67672,1.00000,0.00000,22.80097,2
469,5.35275,5.17113,0.69089,1.00000,1.05000,23.43167,2
470,5.41005,5.17837,0.72101,1.00000,1.05000,22.22585,2
471,5.46139,5.18581,0.74619,0.00000,1.05000,22.60669,2
472,5.47102,5.19342,0.75152,0.00000,1.05000,22.49394,2
473,5.47991,5.20104,0.75990,0.00000,1.05000,22.39341,2
474,5.48786,5.20866,0.76796,0.00000,1.05000,22.30754,2
475,5.49493,5.21629,0.77574,0.00000,1.05000,22.37758,2
476,5.50154,5.22391,0.78343,0.00000,1.05000,22.52908,2
477,5.50789,5.23154,1.00000,0.00000,1.05000,22.91763,1
478,5.49784,5.23915,1.00000,0.00000,1.05000,22.62476,1
479,5.48731,5.24670,1.00000,0.00000,1.05000,22.40071,1
480,5.47646,5.25417,1.00000,0.00000,1.05000,23.10806,1
481,5.46753,5.26157,1.00000,0.00000,1.05000,22.83650,1
482,5.45814,5.26890,1.00000,0.00000,1.05000,22.32081,1
483,5.44773,5.27617,1.00000,0.00000,1.05000,22.14879,1
484,5.43713,5.28336,1.00000,0.00000,1.05000,22.20622,1
485,5.42689,5.29049,1.00000,0.00000,1.05000,22.53861,1
486,5.41765,5.29754,1.00000,0.00000,1.05000,21.98032,1
487,5.40728,5.30454,1.00000,0.00000,1.05000,23.53554,1
488,5.40082,5.31146,1.00000,0.00000,1.05000,22.56713,1
489,5.39222,5.31832,1.00000,0.00000,1.05000,22.94855,1
490,5.38472,5.32513,1.00000,0.00000,1.05000,23.08581,1
491,5.37772,5.33188,1.00000,0.00000,1.05000,22.81587,1
492,5.37024,5.33857,1.00000,0.00000,1.05000,22.87251,1
493,5.36307,5.34521,1.00000,0.00000,1.05000,22.55551,1
494,5.35531,5.35179,1.00000,0.00000,1.05000,22.33975,1
495,5.34721,5.35831,1.00000,0.00000,1.05000,22.71512,1
496,5.34018,5.36478,1.00000,0.00000,1.05000,22.97369,1
497,5.33393,5.37119,1.00000,1.00000,1.05000,22.75425,1
498,5.36732,5.37755,1.00000,1.00000,1.05000,22.87221,1
499,5.40061,5.38402,1.00000,1.00000,1.05000,22.79982,1
500,5.43335,5.39060,1.00000,1.00000,1.05000,23.06064,1
501,5.46636,5.39728,1.00000,1.00000,1.05000,22.53478,1
502,5.49775,5.40406,1.00000,1.00000,1.05000,22.65697,1
503,5.52908,5.41095,1.00000,1.00000,1.05000,22.82626,1
504,5.56048,5.41793,0.76318,1.00000,1.05000,22.88221,2
505,5.61062,5.42501,0.84335,1.00000,1.05000,22.88664,2
506,5.65377,5.43226,0.86702,1.00000,1.05000,22.58961,2
507,5.69382,5.43966,0.89013,1.00000,1.05000,22.85504,2
508,5.73221,5.44719,0.91306,1.00000,1.05000,22.86577,2
509,5.76836,5.45484,0.93538,0.00000,1.05000,23.23290,2
510,5.76321,5.46260,0.93760,0.00000,1.05000,23.18618,2
511,5.75791,5.47031,0.94300,0.00000,1.05000,22.58988,2
512,5.75092,5.47797,0.94750,0.00000,1.05000,23.41027,2
513,5.74570,5.48558,0.95296,0.00000,1.05000,22.75628,2
514,5.73864,5.49313,0.95730,0.00000,1.05000,23.62530,2
515,5.73347,5.50062,0.96267,0.00000,1.05000,22.78841,2
516,5.72604,5.50806,0.96670,0.00000,1.05000,23.37296,2
517,5.71985,5.51544,0.97146,0.00000,1.05000,23.20941,2
518,5.71305,5.52277,0.97576,0.00000,1.05000,23.83911,2
519,5.70758,5.53004,0.98070,0.00000,1.05000,22.78118,2
520,5.69934,5.53726,0.98409,0.00000,1.05000,23.30721,2
521,5.69228,5.54442,0.98821,0.00000,1.05000,23.96562,2
522,5.68662,5.55152,0.98793,0.00000,1.05000,23.21548,2
523,5.67936,5.55857,0.98475,0.00000,1.05000,22.68538,2
524,5.67125,5.56556,0.98128,0.00000,1.05000,23.61400,2
525,5.66582,5.57250,0.97921,0.00000,1.05000,23.67605,2
526,5.66085,5.57938,0.97716,0.00000,1.05000,23.00588,2
527,5.65459,5.58622,0.97443,0.00000,1.05000,23.36750,2
528,5.64957,5.59300,0.97242,0.00000,1.05000,23.76100,2
529,5.64578,5.59974,0.97093,0.00000,1.05000,23.44345,2
530,5.64148,5.60643,0.96908,0.00000,1.05000,23.20895,2
531,5.63690,5.61308,0.96713,1.00000,1.05000,23.21971,2
532,5.67264,5.61969,0.98537,1.00000,1.05000,23.51822,2
533,5.70722,5.62641,0.99980,1.00000,1.05000,23.39223,2
534,5.73997,5.63324,1.00000,1.00000,1.05000,23.16451,2
535,5.77179,5.64018,1.00000,1.00000,1.05000,23.33115,2
536,5.80367,5.64721,1.00000,1.00000,1.05000,22.88441,2
537,5.83414,5.65435,1.00000,1.00000,1.05000,22.70693,2
538,5.86386,5.66158,1.00000,1.00000,1.05000,23.41774,2
539,5.89495,5.66890,1.00000,1.00000,1.05000,23.44566,2
540,5.92578,5.67631,1.00000,1.00000,1.05000,23.90889,2
541,5.95739,5.68382,1.00000,1.00000,1.05000,23.90785,2
542,5.98866,5.69142,1.00000,1.00000,1.05000,23.57469,2
543,6.01880,5.69912,1.00000,0.00000,1.05000,23.25954,2
544,6.00787,5.70691,1.00000,0.00000,1.05000,23.34828,2
545,5.99739,5.71463,1.00000,0.00000,1.05000,24.28250,2
546,5.98935,5.72227,1.00000,0.00000,1.05000,23.78454,2
547,5.98032,5.72984,1.00000,0.00000,1.05000,23.12798,2
548,5.96992,5.73736,1.00000,0.00000,1.05000,23.94848,2
549,5.96170,5.74480,1.00000,0.00000,1.05000,23.18815,2
550,5.95186,5.75217,1.00000,0.00000,1.05000,24.07257,2
551,5.94433,5.75948,1.00000,0.00000,1.05000,23.20948,2
552,5.93493,5.76673,1.00000,0.00000,1.05000,23.58186,2
553,5.92662,5.77392,1.00000,0.00000,1.05000,23.75092,2
554,5.91890,5.78104,1.00000,0.00000,1.05000,24.29248,2
555,5.91264,5.78810,1.00000,0.00000,1.05000,23.44399,2
556,5.90453,5.79511,1.00000,0.00000,1.05000,24.39719,2
557,5.89887,5.80205,1.00000,0.00000,1.05000,24.08620,2
558,5.89262,5.80895,1.00000,0.00000,1.05000,24.33352,2
559,5.88712,5.81580,1.00000,0.00000,1.05000,23.16372,2
560,5.87898,5.82259,1.00000,0.00000,1.05000,24.20957,2
561,5.87351,5.82933,1.00000,0.00000,1.05000,23.86110,2
562,5.86736,5.83601,1.00000,0.00000,1.05000,23.77518,2
563,5.86116,5.84265,1.00000,0.00000,1.05000,24.00020,2
564,5.85564,5.84923,1.00000,0.00000,1.05000,23.75114,2
565,5.84968,5.85577,1.00000,0.00000,1.05000,23.60734,2
566,5.84353,5.86225,1.00000,0.00000,1.05000,24.85116,2
567,5.84049,5.86869,1.00000,0.00000,1.05000,23.68969,2
568,5.83479,5.87509,1.00000,0.00000,1.05000,23.61341,2
569,5.82906,5.88144,1.00000,0.00000,1.05000,24.71626,2
570,5.82610,5.88774,1.00000,0.00000,1.05000,23.28357,2
571,5.81983,5.89400,1.00000,0.00000,1.05000,23.86727,2
572,5.81511,5.90021,1.00000,0.00000,1.05000,23.77995,2
573,5.81031,5.90638,1.00000,0.00000,1.05000,23.78503,2
574,5.80565,5.91251,1.00000,0.00000,1.05000,23.59110,2
575,5.80066,5.91859,1.00000,0.00000,1.05000,23.58473,2
576,5.79578,5.92463,1.00000,0.00000,1.05000,24.19383,2
577,5.79249,5.93062,1.00000,0.00000,1.05000,23.89451,2
578,5.78859,5.93658,1.00000,0.00000,1.05000,23.80910,2
579,5.78460,5.94250,1.00000,0.00000,1.05000,24.41956,2
580,5.78219,5.94838,1.00000,0.00000,1.05000,24.27897,2
581,5.77954,5.95422,1.00000,0.00000,1.05000,24.11261,2
582,5.77658,5.96003,1.00000,0.00000,1.05000,24.71264,2
583,5.77516,5.96581,1.00000,0.00000,1.05000,24.25480,2
584,5.77274,5.97156,1.00000,0.00000,1.05000,24.39587,2
585,5.77074,5.97727,1.00000,0.00000,1.05000,24.17015,2
586,5.76829,5.98296,1.00000,0.00000,1.05000,23.57095,2
587,5.76451,5.98861,1.00000,0.00000,1.05000,23.64863,2
588,5.76103,5.99422,1.00000,0.00000,1.05000,24.57838,2
589,5.75987,5.99980,1.00000,0.00000,1.05000,24.47556,2
590,5.75854,6.00535,1.00000,0.00000,1.05000,24.44669,2
591,5.75721,6.01087,1.00000,0.00000,1.05000,24.53411,2
592,5.75618,6.01637,1.00000,0.00000,1.05000,24.24276,2
593,5.75452,6.02184,1.00000,0.00000,1.05000,24.13139,2
594,5.75268,6.02728,1.00000,0.00000,1.05000,23.86249,2
595,5.75029,6.03269,1.00000,0.00000,1.05000,24.07535,2
596,5.74849,6.03807,1.00000,0.00000,1.05000,23.77267,2
597,5.74605,6.04342,1.00000,0.00000,1.05000,23.79079,2
598,5.74374,6.04874,1.00000,0.00000,1.05000,24.26477,2
599,5.74266,6.05403,1.00000,0.00000,1.05000,24.27698,2
600,5.74167,6.05930,1.00000,0.00000,1.05000,24.78474,2
601,5.74196,6.06453,1.00000,0.00000,1.05000,23.75630,2
602,5.73986,6.06975,1.00000,0.00000,1.05000,23.70616,2
603,5.73772,6.07494,1.00000,0.00000,1.05000,24.72933,2
604,5.73811,6.08011,1.00000,0.00000,1.05000,24.32589,2
605,5.73758,6.08525,1.00000,0.00000,1.05000,24.24794,2
606,5.73693,6.09037,1.00000,0.00000,1.05000,24.29096,2
607,5.73645,6.09546,1.00000,0.00000,1.05000,24.17171,2
608,5.73575,6.10054,1.00000,0.00000,1.05000,24.58441,2
609,5.73609,6.10559,1.00000,0.00000,1.05000,24.43184,2
610,5.73612,6.11062,1.00000,0.00000,1.05000,24.19750,2
611,5.73565,6.11563,1.00000,0.00000,1.05000,24.05301,2
612,5.73489,6.12062,1.00000,0.00000,1.05000,24.62840,2
613,5.73557,6.12559,1.00000,0.00000,1.05000,24.36995,2
614,5.73567,6.13054,1.00000,0.00000,1.05000,24.93985,2
615,5.73719,6.13547,1.00000,0.00000,1.05000,24.46130,2
616,5.73760,6.14039,1.00000,0.00000,1.05000,24.33501,2
617,5.73776,6.14529,1.00000,0.00000,1.05000,24.59779,2
618,5.73859,6.15017,1.00000,0.00000,1.05000,23.93482,2
619,5.73789,6.15503,1.00000,0.00000,1.05000,24.87426,2
620,5.73949,6.15987,1.00000,0.00000,1.05000,23.94484,2
621,5.73890,6.16470,1.00000,0.00000,1.05000,24.61121,2
622,5.73996,6.16951,1.00000,0.00000,1.05000,24.85070,2
623,5.74164,6.17430,1.00000,0.00000,1.05000,24.65470,2
624,5.74287,6.17908,1.00000,0.00000,1.05000,24.44667,2
625,5.74364,6.18384,1.00000,0.00000,1.05000,24.28356,2
626,5.74407,6.18859,1.00000,0.00000,1.05000,24.07403,2
627,5.74405,6.19332,1.00000,0.00000,1.05000,24.64327,2
628,5.74543,6.19804,1.00000,0.00000,1.05000,24.74706,2
629,5.74709,6.20274,1.00000,0.00000,1.05000,24.41494,2
630,5.74799,6.20742,1.00000,0.00000,1.05000,24.14599,2
631,5.74829,6.21210,1.00000,0.00000,1.05000,24.18963,2
632,5.74874,6.21675,1.00000,0.00000,1.05000,24.04871,2
633,5.74890,6.22139,1.00000,0.00000,1.05000,24.60001,2
634,5.75041,6.22601,1.00000,0.00000,1.05000,24.40463,2
635,5.75150,6.23062,1.00000,0.00000,1.05000,24.77517,2
636,5.75350,6.23521,1.00000,0.00000,1.05000,25.60305,2
637,5.75750,6.23979,1.00000,0.00000,1.05000,24.20616,2
638,5.75817,6.24437,1.00000,0.00000,1.05000,24.77126,2
639,5.76022,6.24894,1.00000,0.00000,1.05000,24.47481,2
640,5.76159,6.25349,1.00000,0.00000,1.05000,24.31790,2
641,5.76262,6.25804,1.00000,0.00000,1.05000,25.34326,2
642,5.76612,6.26256,1.00000,0.00000,1.05000,24.45803,2
643,5.76753,6.26709,1.00000,0.00000,1.05000,24.28252,2
644,5.76854,6.27160,1.00000,0.00000,1.05000,24.89825,2
645,5.77105,6.27610,1.00000,0.00000,1.05000,25.07337,2
646,5.77400,6.28059,1.00000,0.00000,1.05000,24.63309,2
647,5.77591,6.28507,1.00000,0.00000,1.05000,24.94956,2
648,5.77860,6.28954,1.00000,0.00000,1.05000,25.12334,2
649,5.78171,6.29401,1.00000,0.00000,1.05000,24.65688,2
650,5.78372,6.29847,1.00000,0.00000,0.00000,25.16652,2
651,5.75546,6.29641,1.00000,0.00000,0.00000,25.14828,2
652,5.72752,6.29425,1.00000,0.00000,0.00000,24.77477,2
653,5.69903,6.29198,0.99131,0.00000,0.00000,25.40376,2
654,5.67308,6.28961,0.98062,0.00000,0.00000,25.32263,2
655,5.64812,6.28714,0.97021,0.00000,0.00000,25.16742,2
656,5.62392,6.28459,0.96011,0.00000,0.00000,25.55697,2
657,5.60175,6.28195,0.95096,0.00000,0.00000,24.77949,2
658,5.57873,6.27922,0.94123,0.00000,0.00000,25.30302,2
659,5.55801,6.27642,0.93271,0.00000,0.00000,24.98348,2
660,5.53745,6.27355,0.92409,0.00000,0.00000,25.07019,2
661,5.51803,6.27060,0.91602,0.00000,0.00000,25.30657,2
662,5.50005,6.26759,0.90858,0.00000,0.00000,25.41819,2
663,5.48313,6.26452,0.90156,0.00000,0.00000,25.05944,2
664,5.46611,6.26140,0.89440,0.00000,0.00000,24.79182,2
665,5.44921,6.25822,0.88732,0.00000,0.00000,24.52794,2
666,5.43245,6.25498,0.88029,0.00000,0.00000,25.30792,2
667,5.41829,6.25169,0.87455,0.00000,0.00000,25.90471,2
668,5.40616,6.24836,0.86962,0.00000,0.00000,25.13151,2
669,5.39271,6.24499,0.86386,0.00000,0.00000,25.61193,2
670,5.38101,6.24158,0.85909,0.00000,0.00000,25.12048,2
671,5.36863,6.23814,0.85384,0.00000,0.00000,25.39652,2
672,5.35746,6.23466,0.84924,0.00000,0.00000,25.35404,2
673,5.34667,6.23115,0.84474,0.00000,0.00000,24.51120,2
674,5.33433,6.22761,0.83943,0.00000,0.00000,24.44028,2
675,5.32238,6.22404,0.83444,0.00000,0.00000,25.35839,2
676,5.31313,6.22043,0.83077,0.00000,0.00000,25.00681,2
677,5.30342,6.21680,0.82666,0.00000,0.00000,24.86684,2
678,5.29379,6.21315,0.82262,0.00000,0.00000,25.29276,2
679,5.28559,6.20947,0.81929,0.00000,0.00000,25.27125,2
680,5.27768,6.20578,0.81599,0.00000,0.00000,24.68487,2
681,5.26869,6.20206,0.81213,0.00000,0.00000,25.37983,2
682,5.26175,6.19833,0.80938,0.00000,0.00000,25.20033,2
683,5.25465,6.19459,0.80639,0.00000,0.00000,24.81352,2
684,5.24693,6.19083,0.80309,0.00000,0.00000,25.29157,2
685,5.24067,6.18705,0.80058,0.00000,0.00000,25.35834,2
686,5.23481,6.18326,0.79815,0.00000,0.00000,24.90853,2
687,5.22811,6.17947,0.79527,0.00000,0.00000,25.18058,2
688,5.22233,6.17566,0.79292,0.00000,0.00000,25.00799,2
689,5.21637,6.17185,0.79040,0.00000,0.00000,24.77551,2
690,5.21009,6.16803,0.78774,0.00000,0.00000,24.32557,2
691,5.20300,6.16420,0.78469,0.00000,0.00000,25.17607,2
692,5.19823,6.16035,0.78287,0.00000,0.00000,25.22847,2
693,5.19374,6.15650,0.78101,0.00000,0.00000,25.09639,2
694,5.18912,6.15265,0.77906,0.00000,0.00000,25.90057,2
695,5.18658,6.14880,0.77816,0.00000,0.00000,25.17855,2
696,5.18238,6.14495,0.77627,0.00000,0.00000,25.62496,2
697,5.17942,6.14110,0.77512,0.00000,0.00000,24.77698,2
698,5.17452,6.13725,0.77291,0.00000,0.00000,25.13141,2
699,5.17067,6.13340,0.77137,0.00000,0.00000,25.12639,2
700,5.16694,6.12955,0.76982,0.00000,0.00000,25.47343,2
701,5.16417,6.12570,0.76873,0.00000,0.00000,25.43097,2
702,5.16137,6.12186,0.76755,0.00000,0.00000,24.98023,2
703,5.15760,6.11801,0.76589,0.00000,0.00000,24.96113,2
704,5.15392,6.11417,0.76435,0.00000,0.00000,26.03867,2
705,5.15293,6.11033,0.76415,0.00000,0.00000,24.83766,2
706,5.14907,6.10650,0.76230,0.00000,0.00000,25.57416,2
707,5.14713,6.10267,0.76164,0.00000,0.00000,25.24752,2
708,5.14444,6.09885,0.76045,0.00000,0.00000,25.26453,2
709,5.14188,6.09503,0.75939,0.00000,0.00000,25.26085,2
710,5.13940,6.09122,0.75835,0.00000,0.00000,25.46227,2
711,5.13746,6.08741,0.75758,0.00000,0.00000,24.79327,2
712,5.13398,6.08361,0.75599,0.00000,0.00000,25.79594,2
713,5.13302,6.07981,0.75579,0.00000,0.00000,25.79408,2
714,5.13204,6.07603,0.75538,0.00000,0.00000,24.62277,2
715,5.12828,6.07225,0.75357,0.00000,0.00000,25.40034,2
716,5.12652,6.06847,0.75300,0.00000,0.00000,25.17969,2
717,5.12426,6.06471,0.75201,0.00000,0.00000,25.53193,2
718,5.12291,6.06094,0.75152,0.00000,0.00000,25.29045,2
719,5.12101,6.05719,0.75067,0.00000,0.00000,24.98512,2
720,5.11842,6.05345,0.74953,0.00000,0.00000,24.96355,2
721,5.11587,6.04971,0.74846,0.00000,0.00000,25.84869,2
722,5.11551,6.04597,0.74849,0.00000,0.00000,25.90784,2
723,5.11525,6.04225,0.74839,0.00000,0.00000,25.55678,2
724,5.11413,6.03854,0.74784,0.00000,0.00000,24.89802,2
725,5.11145,6.03484,0.74660,0.00000,0.00000,26.13780,2
726,5.11182,6.03115,0.74700,0.00000,0.00000,25.87199,2
727,5.11149,6.02747,0.74680,0.00000,0.00000,25.79602,2
728,5.11095,6.02381,0.74656,0.00000,0.00000,25.40449,2
729,5.10946,6.02016,0.74586,0.00000,0.00000,25.74228,2
730,5.10882,6.01652,0.74565,0.00000,0.00000,25.13924,2
731,5.10673,6.01288,0.74466,0.00000,0.00000,25.33704,2
732,5.10517,6.00926,0.74405,0.00000,0.00000,25.25151,2
733,5.10344,6.00564,0.74331,0.00000,0.00000,25.35501,2
734,5.10200,6.00204,0.74273,0.00000,0.00000,25.87693,2
735,5.10183,5.99843,0.74275,0.00000,0.00000,25.39316,2
736,5.10047,5.99485,0.74209,0.00000,0.00000,25.55068,2
737,5.09951,5.99127,0.74172,0.00000,0.00000,24.34580,2
738,5.09569,5.98770,0.73989,0.00000,0.00000,25.41808,2
739,5.09458,5.98414,0.73964,0.00000,0.00000,25.35297,2
740,5.09332,5.98058,0.73909,0.00000,0.00000,25.16356,2
741,5.09162,5.97703,0.73834,0.00000,0.00000,25.11825,2
742,5.08986,5.97349,0.73760,0.00000,0.00000,25.15264,2
743,5.08822,5.96995,0.73692,0.00000,0.00000,25.70640,2
744,5.08795,5.96643,0.73691,0.00000,0.00000,25.40837,2
745,5.08692,5.96291,0.73643,0.00000,0.00000,25.55404,2
746,5.08626,5.95941,0.73618,0.00000,0.00000,25.00054,2
747,5.08427,5.95592,0.73524,0.00000,0.00000,25.50386,2
748,5.08355,5.95243,0.73503,0.00000,0.00000,25.64743,2
749,5.08315,5.94895,0.73489,0.00000,0.00000,25.88077,2
750,5.08329,5.94549,0.73499,0.00000,0.00000,25.81196,2
751,5.08321,5.94204,0.73494,0.00000,0.00000,25.27408,2
752,5.08183,5.93861,0.73426,0.00000,0.00000,25.41367,2
753,5.08081,5.93518,0.73386,0.00000,0.00000,24.64791,2
754,5.07798,5.93176,0.73252,0.00000,0.00000,25.68680,2
755,5.07772,5.92835,0.73262,0.00000,0.00000,25.72191,2
756,5.07751,5.92494,0.73254,0.00000,0.00000,26.39743,2
757,5.07888,5.92155,0.73324,0.00000,0.00000,26.45891,2
758,5.08029,5.91818,0.73383,0.00000,0.00000,25.25194,2
759,5.07871,5.91483,0.73293,0.00000,0.00000,25.75949,2
760,5.07841,5.91149,0.73291,0.00000,0.00000,25.50462,2
761,5.07746,5.90815,0.73246,0.00000,0.00000,25.28489,2
762,5.07601,5.90483,0.73181,0.00000,0.00000,25.57284,2
763,5.07528,5.90152,0.73156,0.00000,0.00000,25.33579,2
764,5.07397,5.89821,0.73096,0.00000,0.00000,25.47672,2
765,5.07303,5.89491,0.73060,0.00000,0.00000,25.92856,2
766,5.07317,5.89163,0.73074,0.00000,0.00000,25.40019,2
767,5.07201,5.88835,0.73015,0.00000,0.00000,25.88917,2
768,5.07203,5.88509,0.73026,0.00000,0.00000,25.50378,2
769,5.07110,5.88184,0.72979,0.00000,0.00000,25.76193,2
770,5.07079,5.87859,0.72971,0.00000,0.00000,25.14040,2
771,5.06898,5.87536,0.72883,0.00000,0.00000,25.36489,2
772,5.06776,5.87214,0.72836,0.00000,0.00000,25.25318,2
773,5.06630,5.86892,0.72773,0.00000,0.00000,25.67730,2
774,5.06588,5.86571,0.72763,0.00000,0.00000,25.31449,2
775,5.06457,5.86251,0.72702,0.00000,0.00000,25.14435,2
776,5.06289,5.85932,0.72628,0.00000,0.00000,24.80674,2
777,5.06046,5.85613,0.72520,0.00000,0.00000,25.90389,2
778,5.06072,5.85295,0.72552,0.00000,0.00000,25.11785,2
779,5.05904,5.84978,0.72466,0.00000,0.00000,25.99147,2
780,5.05950,5.84662,0.72503,0.00000,0.00000,25.32639,2
781,5.05831,5.84347,0.72439,0.00000,0.00000,25.60892,2
782,5.05782,5.84033,0.72425,0.00000,0.00000,25.71203,2
783,5.05756,5.83720,0.72416,0.00000,0.00000,25.40005,2
784,5.05654,5.83408,0.72367,0.00000,0.00000,25.94771,2
785,5.05684,5.83097,0.72390,0.00000,0.00000,25.69605,2
786,5.05648,5.82787,0.72369,0.00000,0.00000,25.42108,2
787,5.05546,5.82479,0.72321,0.00000,0.00000,26.12394,2
788,5.05613,5.82171,0.72363,0.00000,0.00000,25.32193,2
789,5.05481,5.81865,0.72292,0.00000,0.00000,25.73971,2
790,5.05453,5.81559,0.72288,0.00000,0.00000,25.08725,2
791,5.05267,5.81255,0.72197,0.00000,0.00000,25.68106,2
792,5.05229,5.80951,0.72193,0.00000,0.00000,25.13331,2
793,5.05057,5.80648,0.72110,0.00000,0.00000,25.64017,2
794,5.05013,5.80346,0.72102,0.00000,0.00000,25.54235,2
795,5.04942,5.80044,0.72070,0.00000,0.00000,26.45678,2
796,5.05090,5.79744,0.72150,0.00000,0.00000,25.37527,2
797,5.04969,5.79445,0.72077,0.00000,0.00000,25.26646,2
798,5.04826,5.79147,0.72015,0.00000,0.00000,25.14183,2
799,5.04656,5.78850,0.71942,0.00000,0.00000,26.25668,2
800,5.04757,5.78553,0.72006,0.00000,0.00000,25.29685,2
801,5.04620,5.78258,0.71930,0.00000,0.00000,26.13649,2
802,5.04688,5.77964,0.71974,0.00000,0.00000,25.84499,2
803,5.04678,5.77670,0.71964,0.00000,0.00000,25.43306,2
804,5.04568,5.77378,0.71910,0.00000,0.00000,25.29485,2
805,5.04428,5.77087,0.71849,0.00000,0.00000,25.50419,2
806,5.04342,5.76797,0.71817,0.00000,0.00000,25.18264,2
807,5.04179,5.76507,0.71742,0.00000,0.00000,25.48074,2
808,5.04092,5.76217,0.71712,0.00000,0.00000,25.20152,2
809,5.03939,5.75929,0.71642,0.00000,0.00000,25.13035,2
810,5.03774,5.75641,0.71572,0.00000,0.00000,25.00188,2
811,5.03583,5.75354,0.71489,0.00000,0.00000,25.41135,2
812,5.03495,5.75066,0.71461,0.00000,0.00000,25.54215,2
813,5.03439,5.74780,0.71440,0.00000,0.00000,25.42901,2
814,5.03355,5.74495,0.71402,0.00000,0.00000,24.75348,2
815,5.03111,5.74210,0.71287,0.00000,0.00000,25.24125,2
816,5.02993,5.73926,0.71248,0.00000,0.00000,25.23668,2
817,5.02875,5.73642,0.71198,0.00000,0.00000,25.39646,2
818,5.02798,5.73359,0.71169,0.00000,0.00000,25.12757,2
819,5.02657,5.73077,0.71105,0.00000,0.00000,25.29171,2
820,5.02559,5.72795,0.71067,0.00000,0.00000,24.77672,2
821,5.02340,5.72514,0.70965,0.00000,0.00000,25.77644,2
822,5.02367,5.72233,0.70996,0.00000,0.00000,25.64958,2
823,5.02357,5.71954,0.70989,0.00000,0.00000,25.83825,2
824,5.02391,5.71676,0.71007,0.00000,0.00000,25.49390,2
825,5.02337,5.71398,0.70977,0.00000,0.00000,25.50349,2
826,5.02286,5.71122,0.70956,0.00000,0.00000,25.61627,2
827,5.02261,5.70847,0.70947,0.00000,0.00000,25.50870,2
828,5.02208,5.70573,0.70923,0.00000,0.00000,25.63170,2
829,5.02184,5.70299,0.70915,0.00000,0.00000,25.23698,2
830,5.02065,5.70027,0.70858,0.00000,0.00000,25.08716,2
831,5.01912,5.69755,0.70791,0.00000,0.00000,25.21142,2
832,5.01794,5.69483,0.70744,0.00000,0.00000,25.51350,2
833,5.01750,5.69213,0.70732,0.00000,0.00000,25.75501,2
834,5.01763,5.68943,0.70741,0.00000,0.00000,25.10944,2
835,5.01617,5.68674,0.70668,0.00000,0.00000,25.56050,2
836,5.01584,5.68406,0.70663,0.00000,0.00000,25.21664,2
837,5.01467,5.68139,0.70607,0.00000,0.00000,25.18344,2
838,5.01345,5.67872,0.70555,0.00000,0.00000,25.16850,2
839,5.01223,5.67606,0.70504,0.00000,0.00000,25.87355,2
840,5.01271,5.67340,0.70538,0.00000,0.00000,25.45733,2
841,5.01214,5.67076,0.70505,0.00000,0.00000,25.17375,2
842,5.01090,5.66813,0.70448,0.00000,0.00000,25.43810,2
843,5.01032,5.66550,0.70429,0.00000,0.00000,25.32881,2
844,5.00948,5.66288,0.70391,0.00000,0.00000,25.20445,2
845,5.00835,5.66026,0.70342,0.00000,0.00000,25.74906,2
846,5.00854,5.65765,0.70360,0.00000,0.00000,24.82317,2
847,5.00649,5.65506,0.70256,0.00000,0.00000,25.29334,2
848,5.00564,5.65246,0.70230,0.00000,0.00000,25.26651,2
849,5.00472,5.64988,0.70191,0.00000,0.00000,25.44074,2
850,5.00424,5.64730,0.70174,0.00000,0.00000,25.44344,2
851,5.00376,5.64472,0.70154,0.00000,0.00000,24.82072,2
852,5.00178,5.64216,0.70059,0.00000,0.00000,25.36200,2
853,5.00117,5.63960,0.70044,0.00000,0.00000,25.29708,2
854,5.00040,5.63704,0.70011,0.00000,0.00000,25.65777,2
855,5.00050,5.63450,0.70022,0.00000,0.00000,24.99677,2
856,4.99898,5.63196,0.69945,0.00000,0.00000,24.79287,2
857,4.99703,5.62943,0.69859,0.00000,0.00000,25.62403,2
858,4.99713,5.62690,0.69876,0.00000,0.00000,25.27008,2
859,4.99634,5.62438,0.69833,0.00000,0.00000,24.88229,2
860,4.99465,5.62187,0.69751,0.00000,0.00000,25.13500,2
861,4.99362,5.61936,0.69708,0.00000,0.00000,25.30880,2
862,4.99303,5.61686,0.69680,0.00000,0.00000,25.37772,2
863,4.99260,5.61436,0.69656,0.00000,0.00000,24.76776,2
864,4.99071,5.61187,0.69558,0.00000,0.00000,25.62683,2
865,4.99095,5.60939,0.69576,0.00000,0.00000,25.05453,2
866,4.98978,5.60692,0.69507,0.00000,0.00000,25.14346,2
867,4.98887,5.60445,0.69460,0.00000,0.00000,25.87536,2
868,4.98973,5.60199,0.69499,0.00000,0.00000,24.87334,2
869,4.98812,5.59954,0.69402,0.00000,0.00000,25.11140,2
870,4.98716,5.59709,0.69355,0.00000,0.00000,24.98490,2
871,4.98592,5.59465,0.69287,0.00000,0.00000,25.75627,2
872,4.98656,5.59222,0.69315,0.00000,0.00000,25.08896,2
873,4.98555,5.58979,0.69246,0.00000,0.00000,25.34884,2
874,4.98521,5.58738,0.69223,0.00000,0.00000,25.46446,2
875,4.98514,5.58497,0.69207,0.00000,0.00000,25.08711,2
876,4.98415,5.58257,0.69144,0.00000,0.00000,25.24347,2
877,4.98358,5.58017,0.69107,0.00000,0.00000,25.03461,2
878,4.98252,5.57779,0.69042,0.00000,0.00000,25.64336,2
879,4.98295,5.57541,0.69055,0.00000,0.00000,25.45930,2
880,4.98290,5.57304,0.69032,0.00000,0.00000,24.54103,2
881,4.98065,5.57068,0.68903,0.00000,0.00000,25.07999,2
882,4.97980,5.56832,0.68859,0.00000,0.00000,24.94657,2
883,4.97865,5.56596,0.68788,0.00000,0.00000,24.78279,2
884,4.97716,5.56361,0.68701,0.00000,0.00000,25.03371,2
885,4.97632,5.56127,0.68648,0.00000,0.00000,25.03286,2
886,4.97552,5.55893,0.68591,0.00000,0.00000,25.71751,2
887,4.97637,5.55659,0.68616,0.00000,0.00000,24.69719,2
888,4.97474,5.55427,0.68504,0.00000,0.00000,25.32444,2
889,4.97469,5.55196,0.68489,0.00000,0.00000,24.64001,2
890,4.97299,5.54965,0.68379,0.00000,0.00000,25.11831,2
891,4.97252,5.54734,0.68342,0.00000,0.00000,25.55067,2
892,4.97309,5.54504,0.68347,0.00000,0.00000,24.65028,2
893,4.97148,5.54275,0.68235,0.00000,0.00000,25.39009,2
894,4.97172,5.54047,0.68231,0.00000,0.00000,24.74254,2
895,4.97039,5.53819,0.68135,0.00000,0.00000,25.33248,2
896,4.97053,5.53592,0.68123,0.00000,0.00000,24.80918,2
897,4.96942,5.53366,0.68036,0.00000,0.00000,25.11598,2
898,4.96909,5.53140,0.67998,0.00000,0.00000,24.93044,2
899,4.96833,5.52915,0.67932,0.26000,0.00000,25.30285,2
900,4.97890,5.52691,0.68435,0.26000,0.00000,25.41857,2
901,4.98917,5.52472,0.68843,0.26000,0.00000,24.91891,2
902,4.99777,5.52258,0.69180,0.26000,0.00000,24.95133,2
903,5.00604,5.52048,0.69522,0.26000,0.00000,25.40427,2
904,5.01498,5.51842,0.69909,0.26000,0.00000,24.99370,2
905,5.02249,5.51641,0.70228,0.26000,0.00000,25.09217,2
906,5.02986,5.51443,0.70559,0.26000,0.00000,25.10814,2
907,5.03689,5.51249,0.70881,0.26000,0.00000,25.54689,2
908,5.04459,5.51059,0.71247,0.26000,0.00000,25.51852,2
909,5.05180,5.50872,0.71591,0.26000,0.00000,23.92718,2
910,5.05484,5.50690,0.71737,0.26000,0.00000,24.78040,2
911,5.05973,5.50509,0.72012,0.26000,0.00000,24.68362,2
912,5.06408,5.50331,0.72250,0.26000,0.00000,25.12965,2
913,5.06923,5.50155,0.72537,0.26000,0.00000,24.78372,2
914,5.07324,5.49982,0.72765,0.26000,0.00000,24.91262,2
915,5.07730,5.49811,0.73009,0.26000,0.00000,24.23924,2
916,5.07949,5.49643,0.73164,0.26000,0.00000,24.18247,2
917,5.08138,5.49476,0.73320,0.26000,0.00000,24.93732,2
918,5.08489,5.49311,0.73562,0.26000,0.00000,24.42251,2
919,5.08692,5.49148,0.73667,0.26000,0.00000,25.07599,2
920,5.09038,5.48986,0.73823,0.26000,0.00000,24.75447,2
921,5.09288,5.48826,0.73921,0.26000,0.00000,24.31363,2
922,5.09420,5.48668,0.73967,0.26000,0.00000,25.43892,2
923,5.09814,5.48511,0.74153,0.26000,0.00000,24.22183,2
924,5.09895,5.48356,0.74163,0.26000,0.00000,24.04815,2
925,5.09932,5.48202,0.74174,0.26000,0.00000,24.47443,2
926,5.10067,5.48049,0.74239,0.26000,0.00000,24.33570,2
927,5.10161,5.47897,0.74275,0.26000,0.00000,24.85994,2
928,5.10373,5.47746,0.74374,0.26000,0.00000,24.77795,2
929,5.10554,5.47597,0.74447,0.26000,0.00000,25.53681,2
930,5.10905,5.47449,0.74608,0.26000,0.00000,24.57309,2
931,5.11008,5.47303,0.74632,0.26000,0.00000,24.72694,2
932,5.11143,5.47157,0.74691,0.26000,0.00000,25.09001,2
933,5.11356,5.47013,0.74786,0.26000,0.00000,24.91818,2
934,5.11516,5.46871,0.74849,0.26000,0.00000,24.66894,2
935,5.11608,5.46729,0.74883,0.26000,0.00000,24.54081,2
936,5.11664,5.46589,0.74903,0.26000,0.00000,24.37720,2
937,5.11677,5.46449,0.74905,0.26000,0.00000,23.89424,2
938,5.11573,5.46310,0.74853,0.26000,0.00000,24.62221,2
939,5.11647,5.46171,0.74898,0.26000,0.00000,24.73930,2
940,5.11743,5.46033,0.74940,0.26000,0.00000,25.05982,2
941,5.11909,5.45896,0.75015,0.26000,0.00000,24.52309,2
942,5.11937,5.45760,0.75016,0.26000,0.00000,23.99837,2
943,5.11838,5.45625,0.74964,0.26000,0.00000,24.18718,2
944,5.11788,5.45489,0.74947,0.26000,0.00000,24.26752,2
945,5.11758,5.45355,0.74936,0.26000,0.00000,24.75291,2
946,5.11844,5.45220,0.74981,0.26000,0.00000,25.16973,2
947,5.12022,5.45087,0.75064,0.26000,0.00000,24.91522,2
948,5.12130,5.44954,0.75103,0.26000,0.00000,24.71906,2
949,5.12184,5.44823,0.75122,0.26000,0.00000,24.60749,2
950,5.12209,5.44693,0.75130,0.26000,0.00000,24.81416,2
951,5.12280,5.44563,0.75163,0.26000,0.00000,24.91358,2
952,5.12370,5.44434,0.75203,0.26000,0.00000,24.05478,2
953,5.12250,5.44305,0.75135,0.26000,0.00000,24.48719,2
954,5.12238,5.44177,0.75139,0.26000,0.00000,24.39511,2
955,5.12203,5.44049,0.75122,0.26000,0.00000,24.11433,2
956,5.12101,5.43922,0.75074,0.26000,0.00000,23.84553,2
957,5.11939,5.43795,0.75002,0.26000,0.00000,23.82555,2
958,5.11779,5.43667,0.74934,0.26000,0.00000,23.78695,2
959,5.11616,5.43540,0.74866,0.26000,0.00000,24.12519,2
960,5.11540,5.43412,0.74841,0.26000,0.00000,24.67452,2
961,5.11596,5.43284,0.74875,0.26000,0.00000,24.96064,2
962,5.11715,5.43158,0.74930,0.26000,0.00000,24.68383,2
963,5.11761,5.43032,0.74943,0.26000,0.00000,24.53973,2
964,5.11770,5.42907,0.74944,0.26000,0.00000,24.09903,2
965,5.11672,5.42782,0.74895,0.26000,0.00000,23.73858,2
966,5.11493,5.42658,0.74813,0.26000,0.00000,23.55058,2
967,5.11276,5.42533,0.74719,0.26000,0.00000,23.72864,2
968,5.11111,5.42408,0.74653,0.26000,0.00000,25.26583,2
969,5.11317,5.42283,0.74770,0.26000,0.00000,24.21462,2
970,5.11260,5.42159,0.74725,0.26000,0.00000,23.82805,2
971,5.11114,5.42036,0.74656,0.26000,0.00000,24.26618,2
972,5.11078,5.41912,0.74650,0.26000,0.00000,23.85983,2
973,5.10946,5.41789,0.74587,0.26000,0.00000,24.83107,2
974,5.11050,5.41665,0.74649,0.26000,0.00000,23.84289,2
975,5.10911,5.41543,0.74571,0.26000,0.00000,24.57784,2
976,5.10953,5.41420,0.74604,0.26000,0.00000,23.87289,2
977,5.10824,5.41298,0.74536,0.26000,0.00000,24.07752,2
978,5.10748,5.41176,0.74508,0.26000,0.00000,23.98318,2
979,5.10653,5.41055,0.74466,0.26000,0.00000,24.02733,2
980,5.10571,5.40933,0.74433,0.26000,0.00000,23.96735,2
981,5.10477,5.40812,0.74393,0.26000,0.00000,24.27318,2
982,5.10459,5.40690,0.74391,0.26000,0.00000,23.54440,2
983,5.10267,5.40569,0.74297,0.26000,0.00000,24.23581,2
984,5.10248,5.40448,0.74303,0.26000,0.00000,24.42082,2
985,5.10272,5.40327,0.74316,0.26000,0.00000,24.07854,2
986,5.10211,5.40207,0.74284,0.26000,0.00000,23.86691,2
987,5.10102,5.40087,0.74234,0.26000,0.00000,23.82393,2
988,5.09987,5.39967,0.74186,0.26000,0.00000,23.52777,2
989,5.09806,5.39847,0.74104,0.26000,0.00000,24.20571,2
990,5.09794,5.39727,0.74112,0.26000,0.00000,23.65843,2
991,5.09649,5.39607,0.74041,0.26000,0.00000,24.52944,2
992,5.09718,5.39488,0.74087,0.26000,0.00000,23.82781,2
993,5.09615,5.39368,0.74030,0.26000,0.00000,24.60832,2
994,5.09701,5.39249,0.74082,0.26000,0.00000,23.49107,2
995,5.09516,5.39131,0.73982,0.26000,0.00000,24.34934,2
996,5.09543,5.39013,0.74010,0.26000,0.00000,23.81946,2
997,5.09441,5.38895,0.73957,0.26000,0.00000,24.00071,2
998,5.09386,5.38777,0.73938,0.26000,0.00000,23.97623,2
999,5.09326,5.38660,0.73912,0.26000,0.00000,23.86498,2
1000,5.09242,5.38542,0.73875,0.26000,0.00000,23.84626,2
1001,5.09155,5.38425,0.73838,0.26000,0.00000,23.38019,2
1002,5.08961,5.38308,0.73748,0.26000,0.00000,23.57696,2
1003,5.08822,5.38191,0.73694,0.26000,0.00000,24.14412,2
1004,5.08823,5.38073,0.73706,0.26000,0.00000,23.55957,2
1005,5.08682,5.37956,0.73635,0.26000,0.00000,24.08470,2
1006,5.08673,5.37839,0.73642,0.26000,0.00000,23.10593,2
1007,5.08429,5.37722,0.73521,0.26000,0.00000,24.35557,2
1008,5.08494,5.37605,0.73573,0.26000,0.00000,23.90943,2
1009,5.08446,5.37489,0.73544,0.26000,0.00000,23.72669,2
1010,5.08357,5.37373,0.73503,0.26000,0.00000,23.89148,2
1011,5.08310,5.37256,0.73487,0.26000,0.00000,23.37172,2
1012,5.08141,5.37141,0.73405,0.26000,0.00000,23.96893,2
1013,5.08120,5.37025,0.73409,0.26000,0.00000,23.46820,2
1014,5.07980,5.36909,0.73340,0.26000,0.00000,23.40221,2
1015,5.07829,5.36793,0.73276,0.26000,0.00000,22.81528,2
1016,5.07545,5.36677,0.73146,0.26000,0.00000,23.86924,2
1017,5.07525,5.36561,0.73159,0.26000,0.00000,23.48315,2
1018,5.07411,5.36445,0.73103,0.26000,0.00000,23.57958,2
1019,5.07324,5.36329,0.73069,0.26000,0.00000,24.01768,2
1020,5.07344,5.36213,0.73086,0.26000,0.00000,23.62502,2
1021,5.07268,5.36097,0.73047,0.26000,0.00000,24.23058,2
1022,5.07339,5.35982,0.73088,0.26000,0.00000,23.64408,2
1023,5.07265,5.35867,0.73045,0.26000,0.00000,23.16195,2
1024,5.07079,5.35753,0.72958,0.26000,0.00000,23.52606,2
1025,5.06989,5.35638,0.72928,0.26000,0.00000,24.00839,2
1026,5.07015,5.35524,0.72948,0.26000,0.00000,23.65519,2
1027,5.06954,5.35410,0.72916,0.26000,0.00000,23.15908,2
1028,5.06777,5.35296,0.72832,0.26000,0.00000,23.24270,2
1029,5.06628,5.35182,0.72772,0.26000,0.00000,23.77071,2
1030,5.06610,5.35067,0.72775,0.26000,0.00000,23.42475,2
1031,5.06508,5.34954,0.72725,0.26000,0.00000,23.47342,2
1032,5.06422,5.34840,0.72691,0.26000,0.00000,23.56658,2
1033,5.06361,5.34726,0.72667,0.26000,0.00000,23.54150,2
1034,5.06296,5.34613,0.72639,0.26000,0.00000,23.33107,2
1035,5.06182,5.34499,0.72587,0.26000,0.00000,23.51806,2
1036,5.06117,5.34386,0.72564,0.26000,0.00000,23.00697,2
1037,5.05932,5.34273,0.72477,0.26000,0.00000,23.52635,2
1038,5.05879,5.34160,0.72465,0.26000,0.00000,23.16389,2
1039,5.05740,5.34047,0.72400,0.26000,0.00000,23.56233,2
1040,5.05702,5.33933,0.72392,0.26000,0.00000,22.85575,2
1041,5.05495,5.33820,0.72291,0.26000,0.00000,23.19121,2
1042,5.05378,5.33707,0.72249,0.26000,0.00000,23.26832,2
1043,5.05282,5.33594,0.72211,0.26000,0.00000,23.16993,2
1044,5.05167,5.33481,0.72161,0.26000,0.00000,23.15584,2
1045,5.05052,5.33367,0.72113,0.26000,0.00000,23.75090,2
1046,5.05083,5.33254,0.72138,0.26000,0.00000,23.42390,2
1047,5.05033,5.33141,0.72110,0.26000,0.00000,23.45308,2
1048,5.04992,5.33029,0.72093,0.26000,0.00000,23.31987,2
1049,5.04919,5.32917,0.72060,0.26000,0.00000,21.76575,2
1050,5.04479,5.32805,0.71846,0.26000,0.00000,22.95315,2
1051,5.04343,5.32692,0.71813,0.26000,0.00000,22.81611,2
1052,5.04177,5.32578,0.71741,0.26000,0.00000,22.98729,2
1053,5.04059,5.32465,0.71696,0.26000,0.00000,22.87353,2
1054,5.03919,5.32351,0.71635,0.26000,0.00000,23.05160,2
1055,5.03825,5.32237,0.71599,0.26000,0.00000,23.11012,2
1056,5.03749,5.32124,0.71569,0.26000,0.00000,22.53203,2
1057,5.03537,5.32010,0.71469,0.26000,0.00000,22.88517,2
1058,5.03419,5.31896,0.71427,0.26000,0.00000,23.03761,2
1059,5.03341,5.31782,0.71397,0.26000,0.00000,22.91653,2
1060,5.03237,5.31668,0.71351,0.26000,0.00000,23.70809,2
1061,5.03324,5.31555,0.71403,0.26000,0.00000,22.69903,2
1062,5.03165,5.31442,0.71317,0.26000,0.00000,22.77016,2
1063,5.03030,5.31329,0.71262,0.26000,0.00000,23.21107,2
1064,5.03006,5.31216,0.71260,0.26000,0.00000,23.25829,2
1065,5.02992,5.31103,0.71255,0.26000,0.00000,22.79700,2
1066,5.02867,5.30990,0.71194,0.26000,0.00000,22.36320,2
1067,5.02644,5.30878,0.71093,0.26000,0.00000,22.18683,2
1068,5.02390,5.30765,0.70983,0.26000,0.00000,22.70202,2
1069,5.02269,5.30651,0.70943,0.26000,0.00000,22.94131,2
1070,5.02208,5.30538,0.70922,0.26000,0.00000,22.81768,2
1071,5.02119,5.30424,0.70883,0.26000,0.00000,23.43753,2
1072,5.02181,5.30311,0.70921,0.26000,0.00000,22.49904,2
1073,5.02014,5.30199,0.70833,0.26000,0.00000,22.61779,2
1074,5.01884,5.30086,0.70781,0.26000,0.00000,22.67509,2
1075,5.01772,5.29973,0.70735,0.26000,0.00000,22.52333,2
1076,5.01628,5.29860,0.70672,0.26000,0.00000,23.14675,2
1077,5.01638,5.29747,0.70689,0.26000,0.00000,21.78410,2
1078,5.01320,5.29635,0.70529,0.26000,0.00000,23.26064,2
1079,5.01370,5.29522,0.70580,0.26000,0.00000,22.34918,2
1080,5.01197,5.29409,0.70489,0.26000,0.00000,22.78150,2
1081,5.01136,5.29296,0.70472,0.26000,0.00000,22.80570,2
1082,5.01081,5.29184,0.70450,0.26000,0.00000,22.88954,2
1083,5.01047,5.29071,0.70437,0.26000,0.00000,23.12847,2
1084,5.01071,5.28959,0.70452,0.26000,0.00000,22.71108,2
1085,5.00992,5.28848,0.70410,0.26000,0.00000,22.60237,2
1086,5.00891,5.28736,0.70366,0.26000,0.00000,22.02206,2
1087,5.00655,5.28625,0.70256,0.26000,0.00000,22.43470,2
1088,5.00528,5.28513,0.70212,0.26000,0.00000,23.17259,2
1089,5.00581,5.28401,0.70248,0.26000,0.00000,22.20152,2
1090,5.00397,5.28290,0.70152,0.26000,0.00000,22.43070,2
1091,5.00278,5.28178,0.70107,0.26000,0.00000,22.39012,2
1092,5.00152,5.28067,0.70054,0.26000,0.00000,22.42460,2
1093,5.00040,5.27955,0.70008,0.26000,0.00000,22.15948,2
1094,4.99868,5.27843,0.69931,0.26000,0.00000,22.36793,2
1095,4.99753,5.27731,0.69886,0.26000,0.00000,22.75341,2
1096,4.99734,5.27619,0.69883,0.26000,0.00000,22.63464,2
1097,4.99686,5.27508,0.69858,0.26000,0.00000,21.94378,2
1098,4.99475,5.27397,0.69753,0.26000,0.00000,22.28237,2
1099,4.99354,5.27285,0.69704,0.26000,0.00000,22.62992,2
1100,4.99320,5.27173,0.69691,0.26000,0.00000,22.05411,2
1101,4.99150,5.27062,0.69601,0.26000,0.00000,22.67477,2
1102,4.99136,5.26950,0.69599,0.26000,0.00000,21.64320,2
1103,4.98875,5.26839,0.69461,0.26000,0.00000,22.64668,2
1104,4.98866,5.26727,0.69467,0.26000,0.00000,21.88917,2
1105,4.98675,5.26616,0.69361,0.26000,0.00000,22.70589,2
1106,4.98689,5.26504,0.69369,0.26000,0.00000,21.56266,2
1107,4.98429,5.26392,0.69225,0.26000,0.00000,21.89881,2
1108,4.98262,5.26281,0.69147,0.26000,0.00000,22.24400,2
1109,4.98184,5.26169,0.69104,0.26000,0.00000,21.41158,2
1110,4.97912,5.26057,0.68956,0.26000,0.00000,22.05777,2
1111,4.97808,5.25944,0.68905,0.26000,0.00000,22.24541,2
1112,4.97753,5.25832,0.68863,0.26000,0.00000,21.94684,2
1113,4.97629,5.25719,0.68784,0.26000,0.00000,21.72206,2
1114,4.97459,5.25607,0.68685,0.26000,0.00000,21.72428,2
1115,4.97298,5.25494,0.68592,0.26000,0.00000,22.21456,2
1116,4.97262,5.25381,0.68560,0.26000,0.00000,21.57927,2
1117,4.97077,5.25269,0.68443,0.26000,0.00000,21.55829,2
1118,4.96897,5.25156,0.68339,0.26000,0.00000,21.98020,2
1119,4.96828,5.25043,0.68288,0.26000,0.00000,21.88570,2
1120,4.96739,5.24930,0.68217,0.26000,0.00000,21.69664,2
1121,4.96612,5.24818,0.68128,0.26000,0.00000,20.90745,2
1122,4.96303,5.24705,0.67950,0.26000,0.00000,21.68011,2
1123,4.96196,5.24591,0.67884,0.26000,0.00000,21.17460,2
1124,4.95974,5.24478,0.67744,0.26000,0.00000,20.98109,2
1125,4.95719,5.24364,0.67594,0.26000,0.00000,22.06930,2
1126,4.95738,5.24249,0.67580,0.26000,0.00000,21.63467,2
1127,4.95652,5.24135,0.67494,0.26000,0.00000,21.26464,2
1128,4.95485,5.24021,0.67373,0.26000,0.00000,20.95453,2
1129,4.95255,5.23907,0.67226,0.26000,0.00000,22.50687,2
1130,4.95407,5.23792,0.67274,0.26000,0.00000,22.02067,2
1131,4.95438,5.23679,0.67231,0.26000,0.00000,21.47112,2
1132,4.95339,5.23566,0.67133,0.26000,0.00000,21.74520,2
1133,4.95313,5.23453,0.67082,0.26000,0.00000,21.59947,2
1134,4.95256,5.23340,0.67008,0.26000,0.00000,22.00514,2
1135,4.95300,5.23228,0.66988,0.26000,0.00000,20.93545,2
1136,4.95090,5.23116,0.66832,0.26000,0.00000,22.18529,2
1137,4.95192,5.23004,0.66851,0.26000,0.00000,21.42647,2
1138,4.95108,5.22893,0.66753,0.26000,0.00000,21.03322,2
1139,4.94939,5.22782,0.66626,0.26000,0.00000,21.70993,2
1140,4.94943,5.22670,0.66590,0.26000,0.00000,21.56924,2
1141,4.94914,5.22559,0.66525,0.26000,0.00000,21.03491,2
1142,4.94762,5.22449,0.66401,0.26000,0.00000,21.51823,2
1143,4.94736,5.22338,0.66348,0.26000,0.00000,21.41206,2
1144,4.94689,5.22228,0.66273,0.26000,0.00000,21.68376,2
1145,4.94711,5.22118,0.66235,0.26000,0.00000,21.07987,2
1146,4.94591,5.22008,0.66121,0.26000,0.00000,21.57768,2
1147,4.94600,5.21898,0.66080,0.26000,0.00000,22.26519,2
1148,4.94774,5.21789,0.66113,0.26000,0.00000,20.82946,2
1149,4.94600,5.21681,0.65959,0.26000,0.00000,20.94405,2
1150,4.94466,5.21573,0.65853,0.26000,0.00000,20.42669,2
1151,4.94219,5.21464,0.65684,0.26000,0.00000,20.88480,2
1152,4.94096,5.21355,0.65585,0.26000,0.00000,21.25413,2
1153,4.94070,5.21246,0.65523,0.26000,0.00000,21.44596,2
1154,4.94093,5.21138,0.65477,0.26000,0.00000,21.31526,2
1155,4.94088,5.21029,0.65413,0.26000,0.00000,21.23488,2
1156,4.94067,5.20922,0.65344,0.26000,0.00000,20.03398,2
1157,4.93765,5.20814,0.65136,0.26000,0.00000,20.26616,2
1158,4.93538,5.20706,0.64984,0.26000,0.00000,20.58326,2
1159,4.93400,5.20597,0.64869,0.26000,0.00000,20.95191,2
1160,4.93360,5.20488,0.64794,0.26000,0.00000,21.47311,2
1161,4.93449,5.20380,0.64775,0.26000,0.00000,21.12518,2
1162,4.93455,5.20272,0.64705,0.26000,0.00000,21.32005,2
1163,4.93511,5.20165,0.64667,0.26000,0.00000,21.31870,2
1164,4.93569,5.20058,0.64627,0.26000,0.00000,20.66969,2
1165,4.93473,5.19952,0.64510,0.26000,0.00000,21.15909,2
1166,4.93502,5.19846,0.64467,0.26000,0.00000,20.70764,2
1167,4.93427,5.19741,0.64362,0.26000,0.00000,20.99571,2
1168,4.93428,5.19636,0.64303,0.26000,0.00000,20.96463,2
1169,4.93425,5.19531,0.64236,0.26000,0.00000,20.76687,2
1170,4.93380,5.19427,0.64148,0.26000,0.00000,21.17665,2
1171,4.93439,5.19322,0.64114,0.26000,0.00000,21.25795,2
1172,4.93517,5.19219,0.64083,0.26000,0.00000,20.85147,2
1173,4.93500,5.19116,0.64003,0.26000,0.00000,21.31069,2
1174,4.93597,5.19014,0.63988,0.26000,0.00000,21.10918,2
1175,4.93645,5.18912,0.63941,0.26000,0.00000,21.18273,2
1176,4.93712,5.18811,0.63907,0.26000,0.00000,20.48172,2
1177,4.93614,5.18710,0.63789,0.26000,0.00000,21.10108,2
1178,4.93672,5.18610,0.63763,0.26000,0.00000,20.78970,2
1179,4.93657,5.18510,0.63687,0.26000,0.00000,20.64761,2
1180,4.93613,5.18411,0.63603,0.26000,0.00000,20.86697,2
1181,4.93627,5.18312,0.63550,0.26000,0.00000,20.46890,2
1182,4.93550,5.18213,0.63446,0.26000,0.00000,20.98378,2
1183,4.93603,5.18114,0.63414,0.26000,0.00000,20.62043,2
1184,4.93571,5.18016,0.63330,0.26000,0.00000,21.08392,2
1185,4.93655,5.17919,0.63310,0.26000,0.00000,20.96495,2
1186,4.93710,5.17821,0.63268,0.26000,0.00000,20.65107,2
1187,4.93692,5.17725,0.63191,0.26000,0.00000,20.54216,2
1188,4.93654,5.17629,0.63111,0.26000,0.00000,20.45712,2
1189,4.93601,5.17533,0.63024,0.26000,0.00000,20.63978,2
1190,4.93598,5.17437,0.62963,0.26000,0.00000,20.83640,2
1191,4.93646,5.17342,0.62923,0.26000,0.00000,20.87009,2
1192,4.93703,5.17247,0.62884,0.26000,0.00000,20.77867,2
1193,4.93740,5.17153,0.62835,0.26000,0.00000,20.68978,2
1194,4.93759,5.17059,0.62779,0.26000,0.00000,20.87204,2
1195,4.93824,5.16966,0.62747,0.26000,0.00000,21.04889,2
1196,4.93931,5.16874,0.62734,0.26000,0.00000,20.38886,2
1197,4.93880,5.16782,0.62639,0.26000,0.00000,19.94588,2
1198,4.93731,5.16690,0.62508,0.26000,0.00000,20.55010,2
1199,4.93737,5.16598,0.62460,0.26000,0.00000,20.32912,2
1200,4.93694,5.16507,0.62375,0.26000,0.00000,20.68310,2
1201,4.93741,5.16416,0.62339,0.26000,0.00000,21.04484,2
1202,4.93875,5.16325,0.62340,0.26000,0.00000,20.09540,2
1203,4.93781,5.16235,0.62221,0.26000,0.00000,20.60021,2
1204,4.93816,5.16145,1.00000,0.26000,0.00000,20.57639,1
1205,4.90823,5.16056,1.00000,0.26000,0.00000,20.29313,1
1206,4.87800,5.15955,1.00000,0.26000,0.00000,20.19808,1
1207,4.84794,5.15842,1.00000,0.26000,0.00000,20.01073,1
1208,4.81781,5.15718,1.00000,0.26000,0.00000,20.06157,1
1209,4.78820,5.15582,1.00000,1.26000,0.00000,20.01403,1
1210,4.79884,5.15435,1.00000,1.26000,0.00000,20.47280,1
1211,4.81043,5.15293,1.00000,1.26000,0.00000,20.44393,1
1212,4.82177,5.15156,1.00000,1.26000,0.00000,20.30394,1
1213,4.83262,5.15024,1.00000,1.26000,0.00000,20.48701,1
1214,4.84374,5.14897,1.00000,1.26000,0.00000,20.58088,1
1215,4.85493,5.14775,1.00000,1.26000,0.00000,20.09554,1
1216,4.86480,5.14658,1.00000,1.26000,0.00000,20.44678,1
1217,4.87536,5.14545,0.54428,1.26000,0.00000,20.51128,2
1218,4.92239,5.14437,0.61770,1.26000,0.00000,20.52906,2
1219,4.96294,5.14349,0.63344,1.26000,0.72000,21.16234,2
1220,5.02480,5.14723,0.66075,1.26000,0.72000,20.33631,2
1221,5.08173,5.15120,0.68451,0.26000,0.72000,20.56674,2
1222,5.09659,5.15539,0.68821,0.26000,0.72000,20.69673,2
1223,5.11131,5.15962,0.69535,0.26000,0.72000,19.76659,2
1224,5.12311,5.16389,0.70118,0.26000,0.72000,20.10366,2
1225,5.13512,5.16819,0.70748,0.26000,0.72000,19.33552,2
1226,5.14469,5.17252,0.71265,0.26000,0.72000,19.54858,2
1227,5.15428,5.17687,0.71812,0.26000,0.72000,20.18284,2
1228,5.16486,5.18125,0.72419,0.26000,0.72000,19.61540,2
1229,5.17351,5.18564,0.72932,0.26000,0.72000,19.78943,2
1230,5.18209,5.19006,0.73465,0.26000,0.72000,19.82084,2
1231,5.19026,5.19449,0.73987,0.26000,0.72000,19.73169,2
1232,5.19774,5.19894,0.74486,0.26000,0.72000,19.93522,2
1233,5.20525,5.20340,0.75000,0.26000,0.72000,20.20031,2
1234,5.21294,5.20787,0.75529,0.26000,0.72000,19.49951,2
1235,5.21847,5.21235,0.75957,0.26000,0.72000,20.19157,2
1236,5.22529,5.21684,0.76472,0.26000,0.72000,20.13087,2
1237,5.23151,5.22134,0.76954,0.26000,0.72000,19.39729,2
1238,5.23557,5.22584,0.77338,0.26000,0.72000,19.98559,2
1239,5.24071,5.23035,0.77799,0.26000,0.72000,20.02292,2
1240,5.24555,5.23485,0.78241,0.26000,0.72000,19.37597,2
1241,5.24849,5.23936,0.78594,0.26000,0.72000,19.33224,2
1242,5.25105,5.24386,0.78947,0.26000,0.72000,19.76141,2
1243,5.25436,5.24835,0.79343,0.26000,0.72000,19.83144,2
1244,5.25753,5.25284,0.79729,0.26000,0.72000,19.16198,2
1245,5.25880,5.25732,0.80025,0.26000,0.72000,20.15642,2
1246,5.26223,5.26179,0.80446,0.26000,0.72000,19.49009,2
1247,5.26375,5.26626,0.80756,0.26000,0.72000,19.52001,2
1248,5.26511,5.27071,0.81076,0.26000,0.72000,19.90431,2
1249,5.26717,5.27516,0.81237,0.26000,0.72000,19.38255,2
1250,5.26787,5.27959,0.81256,0.26000,0.72000,19.71275,2
1251,5.26939,5.28400,0.81326,0.26000,0.72000,20.01596,2
1252,5.27160,5.28841,0.81425,0.26000,0.72000,19.86951,2
1253,5.27340,5.29281,0.81497,0.26000,0.72000,20.31360,2
1254,5.27622,5.29719,0.81624,1.26000,0.72000,19.62938,2
1255,5.31732,5.30157,0.83656,1.26000,0.72000,19.54765,2
1256,5.35611,5.30610,0.85267,1.26000,0.72000,20.36265,2
1257,5.39508,5.31076,0.86905,1.26000,0.72000,19.41974,2
1258,5.43003,5.31557,0.88341,1.26000,0.72000,19.45805,2
1259,5.46352,5.32049,0.89736,1.26000,0.72000,19.65904,2
1260,5.49597,5.32552,0.91090,1.26000,0.72000,18.89251,2
1261,5.52514,5.33067,0.92289,1.26000,0.72000,20.36411,2
1262,5.55653,5.33591,0.93625,1.26000,0.72000,19.00852,2
1263,5.58326,5.34126,0.94711,1.26000,0.72000,19.71240,2
1264,5.61050,5.34669,0.95859,1.26000,0.72000,19.66855,2
1265,5.63642,5.35221,0.96937,1.26000,0.72000,19.35485,2
1266,5.66044,5.35781,0.97931,0.26000,0.72000,19.15259,2
1267,5.64293,5.36348,0.96863,0.26000,0.72000,19.14713,2
1268,5.62656,5.36907,0.96184,0.26000,0.72000,19.64595,2
1269,5.61219,5.37456,0.95597,0.26000,0.72000,19.61635,2
1270,5.59847,5.37997,0.95026,0.26000,0.72000,19.19766,2
1271,5.58446,5.38531,0.94435,0.26000,0.72000,19.01747,2
1272,5.57073,5.39057,0.93861,0.26000,0.72000,19.52808,2
1273,5.55891,5.39576,0.93380,0.26000,0.72000,19.48353,2
1274,5.54759,5.40087,0.92908,0.26000,0.72000,19.78152,2
1275,5.53756,5.40592,0.92497,0.26000,0.72000,19.19756,2
1276,5.52665,5.41092,0.92032,0.26000,0.72000,19.07210,2
1277,5.51602,5.41584,0.91588,0.26000,0.72000,19.03469,2
1278,5.50585,5.42071,0.91164,0.26000,0.72000,19.29714,2
1279,5.49683,5.42551,0.90795,0.26000,0.72000,19.33427,2
1280,5.48836,5.43026,0.90444,0.26000,0.72000,18.79469,2
1281,5.47906,5.43496,0.90046,0.26000,0.72000,19.65886,2
1282,5.47230,5.43960,0.89783,0.26000,0.72000,19.08606,2
1283,5.46454,5.44419,0.89448,0.26000,0.72000,19.06631,2
1284,5.45714,5.44874,0.89141,0.26000,0.72000,19.83772,2
1285,5.45198,5.45324,0.88942,0.26000,0.72000,18.86864,2
1286,5.44478,5.45769,0.88623,0.26000,0.72000,19.60726,2
1287,5.43974,5.46211,0.88429,0.26000,0.72000,19.05275,2
1288,5.43366,5.46648,0.88165,0.26000,0.72000,19.33088,2
1289,5.42857,5.47081,0.87959,0.26000,0.72000,18.77246,2
1290,5.42243,5.47511,0.87693,0.26000,0.72000,19.24258,2
1291,5.41775,5.47936,0.87508,0.26000,0.72000,18.44675,2
1292,5.41144,5.48358,0.87230,0.26000,0.72000,19.56848,2
1293,5.40815,5.48776,0.87116,0.26000,0.72000,19.17931,2
1294,5.40411,5.49190,0.86940,0.26000,0.72000,18.97998,2
1295,5.39983,5.49601,0.86759,0.26000,0.72000,19.42002,2
1296,5.39685,5.50009,0.86644,0.26000,0.72000,19.34117,2
1297,5.39386,5.50414,0.86518,0.26000,0.72000,19.23496,2
1298,5.39080,5.50817,0.86389,0.26000,0.72000,18.82278,2
1299,5.38695,5.51216,0.86221,0.26000,0.72000,19.84846,2
1300,5.38576,5.51612,0.86193,0.26000,0.72000,18.76106,2
1301,5.38207,5.52007,0.86017,0.26000,0.72000,19.07633,2
1302,5.37936,5.52398,0.85912,0.26000,0.72000,19.27482,2
1303,5.37729,5.52786,0.85830,0.26000,0.72000,18.86513,2
1304,5.37438,5.53173,0.85701,0.26000,0.72000,19.11833,2
1305,5.37225,5.53556,0.85617,0.26000,0.72000,18.74177,2
1306,5.36936,5.53937,0.85490,0.26000,0.72000,18.27391,2
1307,5.36554,5.54316,0.85322,0.26000,0.72000,19.08215,2
1308,5.36388,5.54691,0.85269,0.26000,0.72000,19.27574,2
1309,5.36277,5.55064,0.85228,0.26000,0.72000,19.38326,2
1310,5.36202,5.55435,0.85199,0.26000,0.72000,18.65111,2
1311,5.35959,5.55805,0.85083,0.26000,0.72000,18.89165,2
1312,5.35790,5.56172,0.85018,0.26000,0.72000,18.99699,2
1313,5.35657,5.56537,0.84965,0.26000,0.72000,19.26068,2
1314,5.35597,5.56900,0.84946,0.26000,0.72000,18.37141,2
1315,5.35332,5.57261,0.84818,0.26000,0.72000,18.78593,2
1316,5.35183,5.57619,0.84765,0.26000,0.72000,18.24450,2
1317,5.34916,5.57976,0.84643,0.26000,0.72000,18.54855,2
1318,5.34738,5.58330,0.84576,0.26000,0.72000,18.27379,2
1319,5.34506,5.58682,0.84474,0.26000,0.72000,18.57379,2
1320,5.36928,5.59032,0.85704,0.26000,0.72000,18.44029,2
1321,5.39230,5.59390,0.86661,0.26000,0.72000,18.76661,2
1322,5.41535,5.59756,0.87629,0.26000,0.72000,18.93096,2
1323,5.43805,5.60129,0.88579,0.26000,0.72000,18.52305,2
1324,5.45904,5.60510,0.89448,0.26000,0.72000,18.41267,2
1325,5.47910,5.60898,0.90283,0.26000,0.72000,18.80113,2
1326,5.49945,5.61293,0.91140,0.26000,0.72000,18.49984,2
1327,5.51844,5.61694,0.91926,0.26000,0.72000,18.90071,2
1328,5.53777,5.62101,0.92741,0.26000,0.72000,18.52291,2
1329,5.55560,5.62514,0.93478,0.26000,0.72000,19.44470,2
1330,5.57506,5.62933,0.94308,0.26000,0.72000,18.22494,2
1331,5.59099,5.63357,0.94949,0.26000,0.72000,17.96680,2
1332,5.60582,5.63787,0.95563,0.26000,0.72000,18.37380,2
1333,5.62117,5.64220,0.96212,0.26000,0.72000,18.26708,2
1334,5.63579,5.64658,0.96820,0.26000,0.72000,18.78209,2
1335,5.65118,5.65100,0.97473,0.26000,0.72000,18.66126,2
1336,5.66581,5.65547,0.98081,0.26000,0.72000,18.45907,2
1337,5.67951,5.65997,0.98649,0.26000,0.72000,18.45664,2
1338,5.69279,5.66451,0.99203,0.26000,0.72000,18.42181,2
1339,5.70558,5.66909,0.99737,0.26000,0.72000,18.39811,2
1340,5.71794,5.67370,1.00000,0.26000,0.72000,18.10993,2
1341,5.72936,5.67834,1.00000,0.26000,0.72000,17.69529,2
1342,5.73970,5.68301,1.00000,0.26000,0.72000,18.48231,2
1343,5.75182,5.68770,1.00000,0.26000,0.72000,18.46997,2
1344,5.76381,5.69242,1.00000,0.26000,0.72000,18.23071,2
1345,5.77511,5.69717,1.00000,0.26000,0.72000,18.46302,2
1346,5.78688,5.70195,1.00000,0.26000,0.72000,17.87179,2
1347,5.79713,5.70675,1.00000,0.26000,0.72000,17.85153,2
1348,5.80724,5.71158,1.00000,0.26000,0.72000,18.12865,2
1349,5.81794,5.71642,1.00000,0.26000,0.72000,18.34417,2
1350,5.82906,5.72129,1.00000,0.26000,0.72000,18.25166,2
1351,5.83987,5.72619,1.00000,0.26000,0.72000,18.02748,2
1352,5.85005,5.73111,1.00000,0.26000,0.72000,18.33404,2
1353,5.86088,5.73605,1.00000,0.26000,0.72000,18.66726,2
1354,5.87242,5.74101,1.00000,0.26000,0.72000,18.69294,2
1355,5.88391,5.74600,1.00000,0.26000,0.72000,18.17819,2
1356,5.89409,5.75102,1.00000,0.26000,0.72000,18.40521,2
1357,5.90472,5.75605,1.00000,0.26000,0.72000,18.28927,2
1358,5.91499,5.76111,1.00000,0.26000,0.72000,19.07033,2
1359,5.92704,5.76619,1.00000,0.26000,0.72000,18.33961,2
1360,5.93725,5.77130,1.00000,0.26000,0.72000,17.76092,2
1361,5.94599,5.77642,1.00000,0.26000,0.72000,18.07640,2
1362,5.95543,5.78157,1.00000,0.26000,0.72000,18.25850,2
1363,5.96524,5.78673,1.00000,0.26000,0.72000,18.55788,2
1364,5.97568,5.79190,1.00000,0.26000,0.72000,18.07786,2
1365,5.98489,5.79710,1.00000,0.26000,0.72000,18.98620,2
1366,5.99621,5.80232,1.00000,0.26000,0.72000,18.90423,2
1367,6.00723,5.80756,1.00000,0.26000,0.72000,18.75845,2
1368,6.01782,5.81282,1.00000,0.26000,0.72000,18.47305,2
1369,6.02765,5.81811,1.00000,0.26000,0.72000,18.40808,2
1370,6.03725,5.82341,1.00000,0.26000,0.72000,18.11256,2
1371,6.04608,5.82873,1.00000,0.26000,0.72000,18.03550,2
1372,6.05466,5.83406,1.00000,0.26000,0.72000,17.92722,2
1373,6.06293,5.83941,1.00000,0.26000,0.72000,18.38442,2
1374,6.07224,5.84476,1.00000,0.26000,0.72000,18.84068,2
1375,6.08257,5.85014,1.00000,0.26000,0.72000,17.91300,2
1376,6.09061,5.85553,1.00000,0.26000,0.72000,18.04700,2
1377,6.09892,5.86094,1.00000,0.26000,0.72000,18.29618,2
1378,6.10777,5.86635,1.00000,0.26000,0.72000,17.86825,2
1379,6.11555,5.87178,1.00000,0.26000,0.72000,18.45539,2
1380,6.12468,5.87722,1.00000,0.26000,0.00000,18.75483,2
1381,6.11286,5.87821,1.00000,0.26000,0.00000,17.33108,2
1382,6.09782,5.87915,1.00000,0.26000,0.00000,18.71149,2
1383,6.08628,5.88002,1.00000,0.26000,0.00000,17.58914,2
1384,6.07223,5.88085,1.00000,0.26000,0.00000,17.86374,2
1385,6.05902,5.88161,1.00000,0.26000,0.00000,17.67450,2
1386,6.04555,5.88232,1.00000,0.26000,0.00000,17.82309,2
1387,6.03262,5.88298,1.00000,0.26000,0.00000,18.39921,2
1388,6.02123,5.88358,1.00000,0.26000,0.00000,17.78238,2
1389,6.00854,5.88413,1.00000,0.26000,0.00000,17.76915,2
1390,5.99599,5.88462,1.00000,0.26000,0.00000,18.28240,2
1391,5.98483,5.88507,1.00000,0.26000,0.00000,18.17221,2
1392,5.97357,5.88547,1.00000,0.26000,0.00000,17.58043,2
1393,5.96104,5.88582,1.00000,0.26000,0.00000,18.26293,2
1394,5.95032,5.88612,1.00000,0.26000,0.00000,17.17450,2
1395,5.93714,5.88638,1.00000,0.26000,0.00000,18.09660,2
1396,5.92634,5.88658,1.00000,0.26000,0.00000,18.18422,2
1397,5.91589,5.88674,1.00000,0.26000,0.00000,17.72635,2
1398,5.90450,5.88686,1.00000,0.26000,0.00000,18.40259,2
1399,5.89486,5.88693,1.00000,0.26000,0.00000,18.54531,2
1400,5.88570,5.88696,1.00000,0.26000,0.00000,17.15664,2
1401,5.87335,5.88695,1.00000,0.26000,0.00000,17.79670,2
1402,5.86268,5.88690,1.00000,0.26000,0.00000,18.02614,2
1403,5.85271,5.88680,1.00000,0.26000,0.00000,17.73877,2
1404,5.84218,5.88667,1.00000,0.26000,0.00000,17.63704,2
1405,5.83154,5.88649,1.00000,0.26000,0.00000,17.72307,2
1406,5.82126,5.88627,1.00000,0.26000,0.00000,17.49048,2
1407,5.81055,5.88601,1.00000,0.26000,0.00000,17.61433,2
1408,5.80027,5.88571,1.00000,0.26000,0.00000,18.25523,2
1409,5.79165,5.88537,1.00000,0.26000,0.00000,17.73555,2
1410,5.78191,5.88499,1.00000,0.26000,0.00000,17.74869,2
1411,5.77232,5.88458,1.00000,0.26000,0.00000,18.05146,2
1412,5.76358,5.88413,1.00000,0.26000,0.00000,18.74824,2
1413,5.75661,5.88365,1.00000,0.26000,0.00000,18.40203,2
1414,5.74889,5.88314,1.00000,0.26000,0.00000,17.72426,2
1415,5.73967,5.88260,1.00000,0.26000,0.00000,17.98161,2
1416,5.73117,5.88203,1.00000,0.26000,0.00000,18.27865,2
1417,5.72348,5.88143,1.00000,0.26000,0.00000,17.63051,2
1418,5.71435,5.88080,0.99930,0.26000,0.00000,17.75852,2
1419,5.70567,5.88013,0.99569,0.26000,0.00000,17.55535,2
1420,5.69679,5.87943,0.99194,0.26000,0.00000,17.56336,2
1421,5.68823,5.87870,0.98837,0.26000,0.00000,17.94705,2
1422,5.68087,5.87794,0.98537,0.26000,0.00000,18.20759,2
1423,5.67436,5.87715,0.98271,0.26000,0.00000,17.26122,2
1424,5.66581,5.87634,0.97896,0.26000,0.00000,17.54174,2
1425,5.65822,5.87550,0.97584,0.26000,0.00000,17.80787,2
1426,5.65151,5.87463,0.97310,0.26000,0.00000,18.07954,2
1427,5.64566,5.87374,0.97071,0.26000,0.00000,17.88630,2
1428,5.63953,5.87282,0.96811,0.26000,0.00000,18.04101,2
1429,5.63398,5.87189,0.96583,0.26000,0.00000,17.43179,2
1430,5.62715,5.87094,0.96286,0.26000,0.00000,17.77353,2
1431,5.62136,5.86996,0.96051,0.26000,0.00000,17.85839,2
1432,5.61596,5.86897,0.95827,0.26000,0.00000,17.86529,2
1433,5.61074,5.86796,0.95609,0.26000,0.00000,17.02241,2
1434,5.60369,5.86693,0.95298,0.26000,0.00000,17.48946,2
1435,5.59798,5.86588,0.95069,0.26000,0.00000,16.92650,2
1436,5.59111,5.86480,0.94772,0.26000,0.00000,17.91916,2
1437,5.58683,5.86371,0.94613,0.26000,0.00000,17.47282,2
1438,5.58161,5.86260,0.94386,0.26000,0.00000,18.05642,2
1439,5.57795,5.86148,0.94245,0.26000,0.00000,16.99948,2
1440,5.57188,5.86034,0.93971,0.26000,0.00000,18.07499,2
1441,5.56858,5.85919,0.93854,0.26000,0.00000,18.04103,2
1442,5.56528,5.85803,0.93715,0.26000,0.00000,17.92465,2
1443,5.56181,5.85686,0.93568,0.26000,0.00000,17.29444,2
1444,5.55694,5.85568,0.93353,0.26000,0.00000,17.87351,2
1445,5.55361,5.85448,0.93225,0.26000,0.00000,17.51149,2
1446,5.54951,5.85328,0.93047,0.26000,0.00000,17.28398,2
1447,5.54500,5.85206,0.92854,0.26000,0.00000,17.69272,2
1448,5.54161,5.85083,0.92720,0.26000,0.00000,17.61547,2
1449,5.53813,5.84960,0.92573,0.26000,0.00000,17.68574,2
1450,5.53492,5.84835,0.92441,0.26000,0.00000,17.59918,2
1451,5.53160,5.84710,0.92301,0.26000,0.00000,17.64142,2
1452,5.52848,5.84584,0.92171,0.26000,0.00000,17.65669,2
1453,5.52549,5.84457,0.92047,0.26000,0.00000,17.74159,2
1454,5.52279,5.84329,0.91935,0.26000,0.00000,17.56054,2
1455,5.51973,5.84201,0.91804,0.26000,0.00000,17.74122,2
1456,5.51720,5.84072,0.91702,0.26000,0.00000,17.44756,2
1457,5.51404,5.83942,0.91564,0.26000,0.00000,17.70325,2
1458,5.51158,5.83812,0.91467,0.26000,0.00000,17.07729,2
1459,5.50770,5.83682,0.91292,0.26000,0.00000,17.58780,2
1460,5.50516,5.83550,0.91196,0.26000,0.00000,17.65785,2
1461,5.50285,5.83418,0.91101,0.26000,0.00000,17.20456,2
1462,5.49953,5.83285,0.90954,0.26000,0.00000,17.28210,2
1463,5.49649,5.83152,0.90828,0.26000,0.00000,17.62291,2
1464,5.49435,5.83018,0.90746,0.26000,0.00000,17.19720,2
1465,5.49126,5.82884,0.90608,0.26000,0.00000,17.97735,2
1466,5.49011,5.82749,0.90576,0.26000,0.00000,17.13042,2
1467,5.48697,5.82614,0.90428,0.26000,0.00000,16.93247,2
1468,5.48346,5.82478,0.90277,0.26000,0.00000,17.68113,2
1469,5.48183,5.82342,0.90224,0.26000,0.00000,17.30580,2
1470,5.47935,5.82205,0.90113,0.26000,0.00000,17.44397,2
1471,5.47726,5.82068,0.90028,0.26000,0.00000,17.47367,2
1472,5.47530,5.81930,0.89947,0.26000,0.00000,17.95369,2
1473,5.47454,5.81793,0.89925,0.26000,0.00000,17.54138,2
1474,5.47280,5.81655,0.89844,0.26000,0.00000,17.32342,2
1475,5.47059,5.81518,0.89747,0.26000,0.00000,17.83611,2
1476,5.46966,5.81380,0.89718,0.26000,0.00000,17.61233,2
1477,5.46821,5.81243,0.89653,0.26000,0.00000,17.63152,2
1478,5.46685,5.81105,0.89597,0.26000,0.00000,17.18744,2
1479,5.46446,5.80967,0.89488,0.26000,0.00000,18.11563,2
1480,5.46434,5.80829,0.89502,0.26000,0.00000,16.75795,2
1481,5.46098,5.80691,0.89334,0.26000,0.00000,17.18238,2
1482,5.45874,5.80553,0.89249,0.26000,0.00000,17.63230,2
1483,5.45762,5.80414,0.89211,0.26000,0.00000,17.36511,2
1484,5.45589,5.80276,0.89134,0.26000,0.00000,17.95242,2
1485,5.45561,5.80137,0.89133,0.26000,0.00000,17.30304,2
1486,5.45376,5.79999,0.89043,0.26000,0.00000,17.15610,2
1487,5.45162,5.79860,0.88951,0.26000,0.00000,17.12461,2
1488,5.44947,5.79721,0.88860,0.26000,0.00000,17.66620,2
1489,5.44866,5.79582,0.88837,0.26000,0.00000,17.19091,2
1490,5.44673,5.79443,0.88747,0.26000,0.00000,17.66795,2
1491,5.44599,5.79304,0.88726,0.26000,0.00000,16.84258,2
1492,5.44329,5.79166,0.88596,0.26000,0.00000,17.62369,2
1493,5.44253,5.79026,0.88580,0.26000,0.00000,17.53911,2
1494,5.44158,5.78887,0.88539,0.26000,0.00000,17.50697,2
1495,5.44056,5.78748,0.88496,0.26000,0.00000,18.01524,2
1496,5.44078,5.78609,0.88514,0.26000,0.00000,17.27797,2
1497,5.43921,5.78471,0.88434,0.26000,0.00000,18.25851,2
1498,5.44003,5.78333,0.88488,0.26000,0.00000,16.88636,2
1499,5.43752,5.78196,0.49356,0.26000,0.00000,17.55833,2
1500,5.45604,5.78058,0.56200,0.26000,0.00000,17.84459,2
1501,5.47159,5.77928,0.56505,0.26000,0.00000,17.61880,2
1502,5.48623,5.77805,0.56804,0.26000,0.00000,17.15645,2
1503,5.49942,5.77688,0.57052,0.26000,0.00000,17.53718,2
1504,5.51320,5.77577,0.57355,0.26000,0.00000,17.76618,2
1505,5.52718,5.77472,0.57677,0.26000,0.00000,18.10962,2
1506,5.54162,5.77373,0.58035,0.26000,0.00000,17.21742,2
1507,5.55355,5.77281,0.58278,0.26000,0.00000,17.80396,2
1508,5.56660,5.77193,0.58608,0.26000,0.00000,17.19535,2
1509,5.57785,5.77111,0.58853,0.26000,0.00000,17.89930,2
1510,5.59050,5.77033,0.59193,0.26000,0.00000,17.64519,2
1511,5.60219,5.76961,0.59487,0.26000,0.00000,17.93000,2
1512,5.61426,5.76894,0.59819,0.26000,0.00000,17.31422,2
1513,5.62453,5.76833,0.60070,0.26000,0.00000,17.09099,2
1514,5.63400,5.76775,0.60306,0.26000,0.00000,17.57005,2
1515,5.64436,5.76722,0.60602,0.26000,0.00000,17.44344,2
1516,5.65413,5.76672,0.60872,0.26000,0.00000,17.73764,2
1517,5.66433,5.76627,0.61178,0.26000,0.00000,17.11049,2
1518,5.67275,5.76587,0.61402,0.26000,0.00000,17.56622,2
1519,5.68202,5.76549,0.61691,0.26000,0.00000,17.55461,2
1520,5.69100,5.76516,0.61968,0.26000,0.00000,16.97199,2
1521,5.69833,5.76486,0.62173,0.26000,0.00000,18.01119,2
1522,5.70793,5.76460,0.62513,0.26000,0.00000,17.56356,2
1523,5.71617,5.76437,0.62776,0.26000,0.00000,17.15482,2
1524,5.72319,5.76418,0.62997,0.26000,0.00000,16.97251,2
1525,5.72957,5.76401,0.63203,0.26000,0.00000,17.13852,2
1526,5.73616,5.76388,0.63431,0.26000,0.00000,18.31928,2
1527,5.74536,5.76377,0.63795,0.26000,0.00000,17.35573,2
1528,5.75196,5.76369,0.64017,0.26000,0.00000,17.39185,2
1529,5.75845,5.76364,0.64260,0.26000,0.00000,17.47791,2
1530,5.76494,5.76362,0.64511,0.26000,0.00000,17.40623,2
1531,5.77104,5.76363,0.64750,0.26000,0.00000,17.68106,2
1532,5.77760,5.76366,0.65020,0.26000,0.00000,17.52931,2
1533,5.78358,5.76371,0.65264,0.26000,0.00000,17.45665,2
1534,5.78919,5.76379,0.65500,0.26000,0.00000,17.78255,2
1535,5.79538,5.76390,0.65774,0.26000,0.00000,16.58451,2
1536,5.79850,5.76402,0.65896,0.26000,0.00000,16.40621,2
1537,5.80110,5.76416,0.66019,0.26000,0.00000,18.12681,2
1538,5.80770,5.76431,0.66349,0.26000,0.00000,18.06049,2
1539,5.81389,5.76448,0.66634,0.26000,0.00000,17.42361,2
1540,5.81835,5.76468,0.66841,0.26000,0.00000,17.28609,2
1541,5.82231,5.76489,0.67042,0.26000,0.00000,17.20598,2
1542,5.82594,5.76512,0.67234,0.26000,0.00000,17.22726,2
1543,5.82948,5.76537,0.67428,0.26000,0.00000,17.42005,2
1544,5.83333,5.76562,0.67642,0.26000,0.00000,17.52489,2
1545,5.83728,5.76589,0.67862,0.26000,0.00000,17.66695,2
1546,5.84141,5.76618,0.68094,0.26000,0.00000,17.31516,2
1547,5.84454,5.76648,0.68279,0.26000,0.00000,17.58963,2
1548,5.84819,5.76679,0.68501,0.26000,0.00000,17.81319,2
1549,5.85222,5.76712,0.68741,0.26000,0.00000,17.31929,2
1550,5.85490,5.76746,0.68915,0.26000,0.00000,18.16693,2
1551,5.85948,5.76781,0.69198,0.26000,0.00000,17.66211,2
1552,5.86266,5.76817,0.69400,0.26000,0.00000,17.96945,2
1553,5.86644,5.76855,0.69646,0.26000,0.00000,17.45239,2
1554,5.86882,5.76894,0.69821,0.26000,0.00000,18.01495,2
1555,5.87242,5.76934,0.70071,0.26000,0.00000,17.50471,2
1556,5.87464,5.76976,0.70245,0.26000,0.00000,17.95619,2
1557,5.87782,5.77018,0.70481,0.26000,0.00000,17.92719,2
1558,5.88078,5.77061,0.70702,0.26000,0.00000,17.31465,2
1559,5.88214,5.77105,0.70847,0.26000,0.00000,18.19321,2
1560,5.88551,5.77149,0.71106,0.26000,0.00000,17.92220,2
1561,5.88806,5.77195,0.71312,0.26000,0.00000,17.34568,2
1562,5.88910,5.77241,0.71452,0.26000,0.00000,17.99537,2
1563,5.89162,5.77288,0.71679,0.26000,0.00000,17.47391,2
1564,5.89275,5.77335,0.71827,0.26000,0.00000,17.79600,2
1565,5.89457,5.77383,0.72022,0.26000,0.00000,17.97643,2
1566,5.89670,5.77431,0.72228,0.26000,0.00000,18.31412,2
1567,5.89951,5.77480,0.72468,0.26000,0.00000,18.29429,2
1568,5.90212,5.77530,0.72696,0.26000,0.00000,17.41089,2
1569,5.90249,5.77581,0.72816,0.26000,0.00000,17.08757,2
1570,5.90203,5.77632,0.72912,0.26000,0.00000,17.90104,2
1571,5.90347,5.77682,0.73110,0.26000,0.00000,18.38300,2
1572,5.90594,5.77733,0.73345,0.26000,0.00000,17.70383,2
1573,5.90665,5.77784,0.73487,0.26000,0.00000,18.36136,2
1574,5.90886,5.77836,0.73718,0.26000,0.00000,17.62382,2
1575,5.90917,5.77888,0.73845,0.26000,0.00000,17.50046,2
1576,5.90912,5.77940,0.73969,0.26000,0.00000,17.60291,2
1577,5.90927,5.77992,0.74106,0.26000,0.00000,17.46054,2
1578,5.90901,5.78043,0.74221,0.26000,0.00000,17.53359,2
1579,5.90887,5.78095,0.74346,0.26000,0.00000,17.34709,2
1580,5.90824,5.78146,0.74444,0.26000,0.00000,17.78817,2
1581,5.90862,5.78197,0.74596,0.26000,0.00000,18.07632,2
1582,5.90962,5.78247,0.74772,0.26000,0.00000,18.25603,2
1583,5.91095,5.78298,0.74960,0.26000,0.00000,17.57888,2
1584,5.91056,5.78349,0.75061,0.26000,0.00000,17.70280,2
1585,5.91042,5.78400,0.75187,0.26000,0.00000,18.25838,2
1586,5.91155,5.78451,0.75376,0.26000,0.00000,18.20138,2
1587,5.91245,5.78502,0.75543,0.26000,0.00000,17.91036,2
1588,5.91256,5.78553,0.75568,0.26000,0.00000,17.19313,2
1589,5.91096,5.78603,0.75487,0.26000,0.00000,17.63215,2
1590,5.91046,5.78653,0.75476,0.26000,0.00000,17.71502,2
1591,5.91019,5.78703,0.75466,0.26000,0.00000,17.10190,2
1592,5.90846,5.78752,0.75382,0.26000,0.00000,17.73696,2
1593,5.90832,5.78801,0.75388,0.26000,0.00000,17.94957,2
1594,5.90869,5.78849,0.75408,0.26000,0.00000,17.52942,2
1595,5.90805,5.78897,0.75373,0.26000,0.00000,17.82344,2
1596,5.90814,5.78945,0.75383,0.26000,0.00000,17.65656,2
1597,5.90784,5.78992,0.75367,0.26000,0.00000,16.93647,2
1598,5.90583,5.79039,0.75269,0.26000,0.00000,17.79608,2
1599,5.90595,5.79085,0.75291,0.26000,0.00000,18.22465,2
1600,5.90709,5.79131,0.75347,0.26000,0.00000,17.77596,2
1601,5.90712,5.79178,0.75339,0.26000,0.00000,18.34352,2
1602,5.90850,5.79224,0.75408,0.26000,0.00000,18.58444,2
1603,5.91042,5.79270,0.75493,0.26000,0.00000,17.45067,2
1604,5.90957,5.79317,0.75435,0.26000,0.00000,18.49382,2
1605,5.91125,5.79364,0.75526,0.26000,0.00000,18.41119,2
1606,5.91268,5.79411,0.75584,0.26000,0.00000,17.56016,2
1607,5.91203,5.79458,0.75540,0.26000,0.00000,17.53228,2
1608,5.91135,5.79505,0.75511,0.26000,0.00000,17.82990,2
1609,5.91141,5.79552,0.75520,0.26000,0.00000,18.24146,2
1610,5.91245,5.79598,0.75571,0.26000,0.00000,18.28575,2
1611,5.91356,5.79645,0.75619,0.26000,0.00000,17.70944,2
1612,5.91327,5.79692,0.75595,0.26000,0.00000,18.00768,2
1613,5.91370,5.79738,0.75619,0.26000,0.00000,17.47457,2
1614,5.91286,5.79785,0.75573,0.26000,0.00000,17.91720,2
1615,5.91311,5.79831,0.75592,0.26000,0.00000,17.84001,2
1616,5.91316,5.79877,0.75593,0.26000,0.00000,18.51577,2
1617,5.91483,5.79922,0.75676,0.26000,0.00000,17.48633,2
1618,5.91399,5.79969,0.75621,0.26000,0.00000,17.87999,2
1619,5.91413,5.80014,0.75635,0.26000,0.00000,18.29286,2
1620,5.91525,5.80060,0.75689,0.26000,0.00000,18.03593,2
1621,5.91572,5.80106,0.75704,0.26000,0.00000,17.82044,2
1622,5.91567,5.80152,0.75698,0.26000,0.00000,17.79909,2
1623,5.91558,5.80197,0.75693,0.26000,0.00000,17.68210,2
1624,5.91521,5.80243,0.75676,0.26000,0.00000,17.89520,2
1625,5.91538,5.80288,0.75687,0.26000,0.00000,18.01726,2
1626,5.91583,5.80333,0.75708,0.26000,0.00000,18.32006,2
1627,5.91699,5.80378,0.75763,0.26000,0.00000,17.81679,2
1628,5.91691,5.80423,0.75750,0.26000,0.00000,18.23120,2
1629,5.91783,5.80468,0.75796,0.26000,0.00000,18.43692,2
1630,5.91922,5.80514,0.75858,0.26000,0.00000,17.72869,2
1631,5.91887,5.80559,0.75830,0.26000,0.00000,18.32804,2
1632,5.91997,5.80605,0.75888,0.26000,0.00000,18.00869,2
1633,5.92027,5.80650,0.75894,0.26000,0.00000,18.24550,2
1634,5.92114,5.80696,0.75935,0.26000,0.00000,18.08495,2
1635,5.92160,5.80741,0.75951,0.26000,0.00000,18.09558,2
1636,5.92207,5.80787,0.75971,0.26000,0.00000,18.48349,2
1637,5.92346,5.80833,0.76036,0.26000,0.00000,18.20565,2
1638,5.92413,5.80879,0.76059,0.26000,0.00000,18.36054,2
1639,5.92516,5.80925,0.76105,0.26000,0.00000,18.59159,2
1640,5.92671,5.80971,0.76174,0.26000,0.00000,18.55460,2
1641,5.92813,5.81018,0.76233,0.26000,0.00000,18.40729,2
1642,5.92915,5.81065,0.76272,0.26000,0.00000,18.15584,2
1643,5.92954,5.81113,0.76284,0.26000,0.00000,18.22414,2
1644,5.93009,5.81160,0.76308,0.26000,0.00000,18.58877,2
1645,5.93149,5.81207,0.76374,0.26000,0.00000,18.38824,2
1646,5.93237,5.81255,0.76407,0.26000,0.00000,18.23402,2
1647,5.93286,5.81303,0.76424,0.26000,0.00000,18.14666,2
1648,5.93313,5.81351,0.76434,0.26000,0.00000,18.13468,2
1649,5.93337,5.81399,0.76443,0.26000,0.00000,18.11768,2
1650,5.93357,5.81447,0.76451,0.26000,0.00000,18.33316,2
1651,5.93428,5.81494,0.76485,0.26000,0.00000,18.31538,2
1652,5.93492,5.81542,0.76512,0.26000,0.00000,18.48762,2
1653,5.93596,5.81590,0.76559,0.26000,0.00000,17.75351,2
1654,5.93522,5.81638,0.76513,0.26000,0.00000,18.51341,2
1655,5.93632,5.81685,0.76574,0.26000,0.00000,18.11826,2
1656,5.93645,5.81733,0.76572,0.26000,0.00000,18.79727,2
1657,5.93820,5.81781,0.76658,0.26000,0.00000,18.40298,2
1658,5.93894,5.81829,0.76682,0.26000,0.00000,19.33876,2
1659,5.94190,5.81877,0.76824,0.26000,0.00000,18.18726,2
1660,5.94201,5.81926,0.76806,0.26000,0.00000,18.69375,2
1661,5.94335,5.81975,0.76871,0.26000,0.00000,18.58337,2
1662,5.94437,5.82025,0.76912,0.26000,0.00000,18.63504,2
1663,5.94549,5.82075,0.76959,0.26000,0.00000,18.07130,2
1664,5.94523,5.82124,0.76938,0.26000,0.00000,18.22170,2
1665,5.94535,5.82174,0.76946,0.26000,0.00000,19.00048,2
1666,5.94733,5.82224,0.77044,0.26000,0.00000,18.95128,2
1667,5.94912,5.82274,0.77117,0.26000,0.00000,18.59465,2
1668,5.95000,5.82324,0.77147,0.26000,0.00000,18.76777,2
1669,5.95128,5.82375,0.77204,0.26000,0.00000,18.43549,2
1670,5.95172,5.82426,0.77216,0.26000,0.00000,18.64790,2
1671,5.95267,5.82477,0.77260,0.26000,0.00000,18.37834,2
1672,5.95294,5.82528,0.77266,0.26000,0.00000,18.69793,2
1673,5.95397,5.82579,0.77315,0.26000,0.00000,18.80470,2
1674,5.95523,5.82630,0.77370,0.26000,0.00000,19.21454,2
1675,5.95742,5.82682,0.77469,0.26000,0.00000,17.87829,2
1676,5.95636,5.82734,0.77399,0.26000,0.00000,18.90746,2
1677,5.95780,5.82786,0.77479,0.26000,0.00000,18.70011,2
1678,5.95870,5.82838,0.77513,0.26000,0.00000,19.07548,2
1679,5.96047,5.82890,0.77594,0.26000,0.00000,18.27787,2
1680,5.96028,5.82942,0.77570,0.26000,0.00000,18.42993,2
1681,5.96047,5.82995,0.77581,0.26000,0.00000,19.20450,2
1682,5.96251,5.83047,0.77682,0.26000,0.00000,18.57443,2
1683,5.96297,5.83100,0.77688,0.26000,0.00000,19.02881,2
1684,5.96451,5.83153,0.77762,0.26000,0.00000,18.51370,2
1685,5.96477,5.83206,0.77763,0.26000,0.00000,18.89406,2
1686,5.96595,5.83259,0.77819,0.26000,0.00000,18.49754,2
1687,5.96613,5.83312,0.77819,0.26000,0.00000,19.06533,2
1688,5.96768,5.83365,0.77895,0.26000,0.00000,19.17170,2
1689,5.96942,5.83419,0.77970,0.26000,0.00000,18.15043,2
1690,5.96868,5.83473,0.77919,0.26000,0.00000,19.11449,2
1691,5.97028,5.83527,0.78005,0.26000,0.00000,19.03447,2
1692,5.97163,5.83581,0.78059,0.26000,0.00000,18.86993,2
1693,5.97254,5.83635,0.78094,0.26000,0.00000,18.95155,2
1694,5.97363,5.83690,0.78141,0.26000,0.00000,19.10173,2
1695,5.97504,5.83744,0.78203,0.26000,0.00000,18.80001,2
1696,5.97570,5.83799,0.78224,0.26000,0.00000,18.72867,2
1697,5.97616,5.83854,0.78243,0.26000,0.00000,19.32787,2
1698,5.97805,5.83909,0.78333,0.26000,0.00000,18.73513,2
1699,5.97846,5.83965,0.78339,0.26000,0.00000,19.08069,2
1700,5.97969,5.84021,0.78397,0.26000,0.00000,19.31337,2
1701,5.98144,5.84076,0.78474,0.26000,0.00000,18.62486,2
1702,5.98149,5.84133,0.78463,0.26000,0.00000,18.78391,2
1703,5.98193,5.84189,0.78485,0.26000,0.00000,18.67425,2
1704,5.98210,5.84245,0.78489,0.26000,0.00000,18.93932,2
1705,5.98290,5.84301,0.78528,0.26000,0.00000,18.79908,2
1706,5.98334,5.84356,0.78544,0.26000,0.00000,19.16535,2
1707,5.98465,5.84412,0.78606,0.26000,0.00000,18.65415,2
1708,5.98470,5.84469,0.78598,0.26000,0.00000,19.96798,2
1709,5.98789,5.84525,0.78757,0.26000,0.00000,19.31108,2
1710,5.98940,5.84582,0.78807,0.26000,0.00000,18.97262,2
1711,5.99006,5.84639,0.78828,0.26000,0.00000,18.46491,2
1712,5.98950,5.84697,0.78795,0.26000,0.00000,19.36347,2
1713,5.99111,5.84754,0.78880,0.26000,0.00000,18.82666,2
1714,5.99139,5.84811,0.78881,0.26000,0.00000,19.35390,2
1715,5.99292,5.84868,0.78955,0.26000,0.00000,19.77556,2
1716,5.99541,5.84926,0.79067,0.26000,0.00000,18.79043,2
1717,5.99547,5.84984,0.79050,0.26000,0.00000,17.87226,2
1718,5.99335,5.85043,0.78944,0.26000,0.00000,18.87311,2
1719,5.99371,5.85100,0.78979,0.26000,0.00000,18.98894,2
1720,5.99433,5.85157,0.79007,0.26000,0.00000,18.62488,2
1721,5.99406,5.85214,0.78988,0.26000,0.00000,19.50739,2
1722,5.99591,5.85271,0.79083,0.26000,0.00000,18.85393,2
1723,5.99615,5.85328,0.79080,0.26000,0.00000,19.45084,2
1724,5.99781,5.85385,0.79161,0.26000,0.00000,19.91460,2
1725,6.00051,5.85443,0.79283,0.26000,0.00000,18.48581,2
1726,5.99973,5.85501,0.79222,0.26000,0.00000,19.86461,2
1727,6.00227,5.85559,0.79356,0.26000,0.00000,19.68518,2
1728,6.00429,5.85618,0.79437,0.26000,0.00000,19.63924,2
1729,6.00615,5.85677,0.79513,0.26000,0.00000,19.43607,2
1730,6.00746,5.85737,0.79564,0.26000,0.00000,18.69695,2
1731,6.00698,5.85797,0.79529,0.26000,0.00000,19.81295,2
1732,6.00918,5.85856,0.79643,0.26000,0.00000,19.65191,2
1733,6.01093,5.85917,0.79713,0.26000,0.00000,19.22986,2
1734,6.01161,5.85977,0.79733,0.26000,0.00000,19.07613,2
1735,6.01192,5.86038,0.79743,0.26000,0.00000,19.23705,2
1736,6.01261,5.86099,0.79775,0.26000,0.00000,19.12384,2
1737,6.01301,5.86159,0.79790,0.26000,0.00000,20.37310,2
1738,6.01638,5.86220,0.79955,0.26000,0.00000,19.13497,2
1739,6.01668,5.86282,0.79943,0.26000,0.00000,19.59092,2
1740,6.01808,5.86343,0.80010,0.26000,0.00000,19.80822,2
1741,6.01994,5.86405,0.80093,0.26000,0.00000,19.18513,2
1742,6.02027,5.86467,0.80094,0.26000,0.00000,19.68453,2
1743,6.02179,5.86530,0.80167,0.26000,0.00000,19.43571,2
1744,6.02266,5.86592,0.80199,0.26000,0.00000,18.81960,2
1745,6.02205,5.86655,0.80161,0.26000,0.00000,19.10754,2
1746,6.02215,5.86717,0.80171,0.26000,0.00000,19.14117,2
1747,6.02234,5.86779,0.80180,0.26000,0.00000,19.36125,2
1748,6.02305,5.86841,0.80214,0.26000,0.00000,20.19933,2
1749,6.02574,5.86903,0.80342,0.26000,0.00000,19.23559,2
1750,6.02603,5.86966,0.80336,0.26000,0.00000,19.90961,2
1751,6.02794,5.87028,0.80429,0.26000,0.00000,19.49804,2
1752,6.02881,5.87091,0.80457,0.26000,0.00000,20.30203,2
1753,6.03157,5.87154,0.80588,0.26000,0.00000,19.88695,2
1754,6.03325,5.87218,0.80650,0.26000,0.00000,19.87234,2
1755,6.03485,5.87283,0.80716,0.26000,0.00000,19.61355,2
1756,6.03578,5.87348,0.80750,0.26000,0.00000,19.62813,2
1757,6.03673,5.87412,0.80790,0.26000,0.00000,20.53068,2
1758,6.03980,5.87477,0.80936,0.26000,0.00000,20.22946,2
1759,6.04204,5.87544,0.81024,0.26000,0.00000,19.82366,2
1760,6.04326,5.87610,0.81067,0.26000,0.00000,19.53947,2
1761,6.04377,5.87677,0.81082,0.26000,0.00000,20.11811,2
1762,6.04564,5.87744,0.81172,0.26000,0.00000,19.75761,2
1763,6.04660,5.87811,0.81205,0.26000,0.00000,19.45952,2
1764,6.04683,5.87878,0.81209,0.26000,0.00000,19.82888,2
1765,6.04794,5.87946,0.81262,0.26000,0.00000,19.71800,2
1766,6.04875,5.88013,0.81294,0.26000,0.00000,19.56461,2
1767,6.04917,5.88081,0.81309,0.26000,0.00000,19.67051,2
1768,6.04985,5.88148,0.81339,0.26000,0.00000,20.06581,2
1769,6.05144,5.88215,0.81413,0.26000,0.00000,19.59155,2
1770,6.05186,5.88283,0.81421,0.26000,0.00000,19.87560,2
1771,6.05295,5.88351,0.81473,0.26000,0.00000,19.88939,2
1772,6.05404,5.88418,0.81519,0.26000,0.00000,19.93202,2
1773,6.05521,5.88486,0.81568,0.26000,0.00000,19.73967,2
1774,6.05588,5.88554,0.81592,0.26000,0.00000,20.28450,2
1775,6.05784,5.88623,0.81685,0.26000,0.00000,20.29361,2
1776,6.05975,5.88691,0.81765,0.26000,0.00000,20.63372,2
1777,6.06241,5.88760,0.81883,0.26000,0.00000,19.88204,2
1778,6.06320,5.88830,0.81901,0.26000,0.00000,19.60091,2
1779,6.06331,5.88900,0.81900,0.26000,0.00000,19.79014,2
1780,6.06388,5.88970,0.81927,0.26000,0.00000,19.99081,2
1781,6.06491,5.89040,0.81974,0.26000,0.00000,20.36618,2
1782,6.06680,5.89109,0.82061,0.26000,0.00000,20.51074,2
1783,6.06898,5.89180,0.82155,0.26000,0.00000,20.51313,2
1784,6.07110,5.89251,0.82243,0.26000,0.00000,19.99893,2
1785,6.07193,5.89322,0.82268,0.26000,0.00000,19.75487,2
1786,6.07216,5.89393,0.82272,0.26000,0.00000,20.79365,2
1787,6.07486,5.89465,0.82406,0.26000,0.00000,19.82873,2
1788,6.07518,5.89537,0.82400,0.26000,0.00000,20.43327,2
1789,6.07694,5.89609,0.82486,0.26000,0.00000,20.94648,2
1790,6.07987,5.89681,0.82618,0.26000,0.00000,20.41104,2
1791,6.08142,5.89754,0.82672,0.26000,0.00000,20.19611,2
1792,6.08242,5.89828,0.82710,0.26000,0.00000,20.26189,2
1793,6.08356,5.89902,0.82758,0.26000,0.00000,20.75873,2
1794,6.08584,5.89975,0.82864,0.26000,0.00000,21.10043,2
1795,6.08887,5.90050,0.82997,0.26000,0.00000,21.11896,2
1796,6.09184,5.90125,0.83121,0.26000,0.00000,20.46189,2
1797,6.09316,5.90201,0.83163,0.26000,0.00000,20.50736,2
1798,6.09455,5.90278,0.83222,0.26000,0.00000,20.56693,2
1799,6.09604,5.90355,0.83286,0.26000,0.00000,20.56627,2
1800,6.09750,5.90432,0.83346,0.26000,0.00000,20.23215,2
1801,6.09811,5.90509,0.83366,0.26000,0.00000,19.83530,2
1802,6.09777,5.90586,0.83344,0.26000,0.00000,20.04907,2
1803,6.09796,5.90663,0.83356,0.26000,0.00000,20.40785,2
1804,6.09901,5.90739,0.83407,0.26000,0.00000,20.28465,2
1805,6.09973,5.90816,0.83435,0.26000,0.00000,20.46382,2
1806,6.10087,5.90893,0.83485,0.26000,0.00000,20.33625,2
1807,6.10167,5.90969,0.83516,0.26000,0.00000,20.41865,2
1808,6.10264,5.91046,0.83559,0.26000,0.00000,20.67005,2
1809,6.10419,5.91123,0.83629,0.26000,0.00000,20.57525,2
1810,6.10547,5.91200,0.83680,0.26000,0.00000,21.36517,2
1811,6.10860,5.91278,0.83826,0.26000,0.00000,20.54831,2
1812,6.10967,5.91356,0.83855,0.26000,0.00000,21.02643,2
1813,6.11186,5.91434,0.83956,0.26000,0.00000,20.99137,2
1814,6.11390,5.91513,0.84040,0.26000,0.00000,20.41838,2
1815,6.11451,5.91593,0.84055,0.26000,0.00000,20.28298,2
1816,6.11480,5.91672,0.84064,0.26000,0.00000,20.46440,2
1817,6.11552,5.91752,0.84097,0.26000,0.00000,21.16580,2
1818,6.11789,5.91831,0.84210,0.26000,0.00000,20.60692,2
1819,6.11885,5.91911,0.84239,0.26000,0.00000,21.46685,2
1820,6.12183,5.91991,0.84381,0.26000,0.00000,20.91619,2
1821,6.12341,5.92071,0.84436,0.26000,0.00000,21.31641,2
1822,6.12590,5.92152,0.84548,0.26000,0.00000,20.86541,2
1823,6.12724,5.92234,0.84595,0.26000,0.00000,20.99451,2
1824,6.12885,5.92316,0.84665,0.26000,0.00000,21.67569,2
1825,6.13204,5.92398,0.84811,0.26000,0.00000,20.26687,2
1826,6.13176,5.92482,0.84772,0.26000,0.00000,20.57787,2
1827,6.13226,5.92564,0.84799,0.26000,0.00000,21.17729,2
1828,6.13418,5.92647,0.84891,0.26000,0.00000,21.25154,2
1829,6.13621,5.92730,0.84977,0.26000,0.00000,20.98150,2
1830,6.13754,5.92814,0.85027,0.26000,0.00000,20.82107,2
1831,6.13845,5.92897,0.85062,0.26000,0.00000,20.64274,2
1832,6.13891,5.92981,0.85078,0.26000,0.00000,21.22471,2
1833,6.14076,5.93065,0.85167,0.26000,0.00000,21.46201,2
1834,6.14311,5.93149,0.85270,0.26000,0.00000,21.35270,2
1835,6.14513,5.93234,0.85352,0.26000,0.00000,20.83889,2
1836,6.14587,5.93319,0.85372,0.26000,0.00000,21.18442,2
1837,6.14742,5.93404,0.85444,0.26000,0.00000,21.19870,2
1838,6.14896,5.93489,0.85508,0.26000,0.00000,20.97172,2
1839,6.14991,5.93575,0.85544,0.26000,0.00000,21.38634,2
1840,6.15183,5.93660,0.85632,0.26000,0.00000,20.47390,2
1841,6.15152,5.93746,0.85601,0.26000,0.00000,21.17428,2
1842,6.15290,5.93832,0.85673,0.26000,0.00000,20.94578,2
1843,6.15370,5.93918,0.85702,0.26000,0.00000,21.39612,2
1844,6.15555,5.94004,0.85788,0.26000,0.00000,22.23155,2
1845,6.15933,5.94090,0.85962,0.26000,0.00000,21.22859,2
1846,6.16060,5.94177,0.85995,0.26000,0.00000,21.26262,2
1847,6.16192,5.94265,0.86051,0.26000,0.00000,21.42295,2
1848,6.16359,5.94353,0.86124,0.26000,0.00000,21.24160,2
1849,6.16478,5.94441,0.86170,0.26000,0.00000,21.09030,2
1850,6.16558,5.94529,0.86201,0.26000,0.00000,20.70250,2
1851,6.16545,5.94617,0.86188,0.26000,0.00000,21.50707,2
1852,6.16724,5.94705,0.86278,0.26000,0.00000,21.29230,2
1853,6.16847,5.94793,0.86325,0.26000,0.00000,21.70286,2
1854,6.17064,5.94881,0.86424,0.26000,0.00000,21.89094,2
1855,6.17319,5.94970,0.86534,0.26000,0.00000,21.41862,2
1856,6.17454,5.95059,0.86581,0.26000,0.00000,20.82902,2
1857,6.17445,5.95149,0.86566,0.26000,0.00000,21.61113,2
1858,6.17624,5.95238,0.86657,0.26000,0.00000,22.36470,2
1859,6.17977,5.95327,0.86819,0.26000,0.00000,21.56194,2
1860,6.18127,5.95418,0.86865,0.26000,0.00000,21.48477,2
1861,6.18256,5.95509,0.86918,0.26000,0.00000,21.23505,2
1862,6.18321,5.95600,0.86940,0.26000,0.00000,21.46577,2
1863,6.18441,5.95691,0.86995,0.26000,0.00000,21.50996,2
1864,6.18567,5.95782,0.87048,0.26000,0.00000,22.27440,2
1865,6.18873,5.95873,0.87191,0.26000,0.00000,21.52023,2
1866,6.18989,5.95965,0.87224,0.26000,0.00000,22.05634,2
1867,6.19230,5.96057,0.87336,0.26000,0.00000,21.42079,2
1868,6.19312,5.96150,0.87358,0.26000,0.00000,21.57489,2
1869,6.19429,5.96242,0.87410,0.26000,0.00000,22.08159,2
1870,6.19665,5.96335,0.87518,0.26000,0.00000,21.29645,2
1871,6.19705,5.96428,0.87519,0.26000,0.00000,22.18500,2
1872,6.19958,5.96521,0.87643,0.26000,0.00000,21.44701,2
1873,6.20026,5.96615,0.87657,0.26000,0.00000,21.53023,2
1874,6.20114,5.96709,0.87695,0.26000,0.00000,21.88839,2
1875,6.20285,5.96802,0.87773,0.26000,0.00000,22.17225,2
1876,6.20519,5.96896,0.87876,0.26000,0.00000,22.26970,2
1877,6.20768,5.96991,0.87983,0.26000,0.00000,22.00190,2
1878,6.20946,5.97086,0.88052,0.26000,0.00000,21.98966,2
1879,6.21117,5.97181,0.88123,0.26000,0.00000,21.81501,2
1880,6.21241,5.97277,0.88171,0.26000,0.00000,22.19918,2
1881,6.21453,5.97373,0.88267,0.26000,0.00000,22.42493,2
1882,6.21713,5.97469,0.88380,0.26000,0.00000,22.11757,2
1883,6.21892,5.97566,0.88449,0.26000,0.00000,22.40122,2
1884,6.22133,5.97664,0.88555,0.26000,0.00000,21.80934,2
1885,6.22226,5.97761,0.88583,0.26000,0.00000,21.94694,2
1886,6.22351,5.97859,0.88637,0.26000,0.00000,22.34331,2
1887,6.22566,5.97957,0.88735,0.26000,0.00000,21.98389,2
1888,6.22689,5.98056,0.88779,0.26000,0.00000,22.92733,2
1889,6.23035,5.98154,0.88942,0.26000,0.00000,22.27540,2
1890,6.23213,5.98254,0.89004,0.26000,0.00000,21.59438,2
1891,6.23225,5.98354,0.88995,0.26000,0.00000,22.09039,2
1892,6.23356,5.98453,0.89060,0.26000,0.00000,21.98500,2
1893,6.23458,5.98553,0.89101,0.26000,0.00000,21.28774,2
1894,6.23392,5.98652,0.89059,0.26000,0.00000,21.92713,2
1895,6.23482,5.98751,0.89110,0.26000,0.00000,22.70669,2
1896,6.23756,5.98850,0.89239,0.26000,0.00000,22.59721,2
1897,6.23994,5.98950,0.89336,0.26000,0.00000,22.79999,2
1898,6.24273,5.99050,0.89457,0.26000,0.00000,22.85695,2
1899,6.24558,5.99151,0.89577,0.26000,0.00000,21.78501,2
1900,6.24578,5.99252,0.89565,0.26000,0.00000,22.56813,2
1901,6.24787,5.99354,0.89667,0.26000,0.00000,22.36787,2
1902,6.24941,5.99456,0.89728,0.26000,0.00000,21.94814,2
1903,6.24992,5.99557,0.89740,0.26000,0.00000,22.28861,2
1904,6.25123,5.99659,0.89802,0.26000,0.00000,22.40581,2
1905,6.25278,5.99761,0.89869,0.26000,0.00000,22.56153,2
1906,6.25466,5.99863,0.89951,0.26000,0.00000,22.03793,2
1907,6.25524,5.99966,0.89965,0.26000,0.00000,21.44006,2
1908,6.25440,6.00068,0.89918,0.26000,0.00000,22.37068,2
1909,6.25581,6.00169,0.89995,0.26000,0.00000,22.04108,2
1910,6.25640,6.00271,0.90013,0.26000,0.00000,22.40956,2
1911,6.25785,6.00372,0.90081,0.26000,0.00000,22.11870,2
1912,6.25857,6.00474,0.90106,0.26000,0.00000,22.78034,2
1913,6.26086,6.00576,0.90214,0.26000,0.00000,22.39779,2
1914,6.26216,6.00678,0.90261,0.26000,0.00000,22.61008,2
1915,6.26394,6.00780,0.90340,0.26000,0.00000,22.96063,2
1916,6.26650,6.00882,0.90454,0.26000,0.00000,22.42051,2
1917,6.26770,6.00985,0.90493,0.26000,0.00000,23.00817,2
1918,6.27027,6.01088,0.90612,0.26000,0.00000,22.39205,2
1919,6.27129,6.01192,0.90642,0.26000,0.00000,23.07644,2
1920,6.27392,6.01296,0.90766,0.26000,0.00000,22.52522,2
1921,6.27516,6.01400,0.90807,0.26000,0.00000,22.38270,2
1922,6.27603,6.01505,0.90840,0.26000,0.00000,22.98908,2
1923,6.27833,6.01609,0.90948,0.26000,0.00000,22.29432,2
1924,6.27891,6.01714,0.90959,0.26000,0.00000,22.38875,2
1925,6.27970,6.01819,0.90994,0.26000,0.00000,22.70443,2
1926,6.28123,6.01923,0.91064,0.26000,0.00000,22.86263,2
1927,6.28310,6.02028,0.91145,0.26000,0.00000,22.86580,2
1928,6.28491,6.02133,0.91221,0.26000,0.00000,22.32070,2
1929,6.28538,6.02239,0.91230,0.26000,0.00000,22.92028,2
1930,6.28728,6.02344,0.91321,0.26000,0.00000,22.73734,2
1931,6.28869,6.02449,0.91376,0.26000,0.00000,22.81741,2
1932,6.29025,6.02555,0.91443,0.26000,0.00000,22.81532,2
1933,6.29176,6.02661,0.91506,0.26000,0.00000,22.59541,2
1934,6.29271,6.02767,0.91541,0.26000,0.00000,22.80481,2
1935,6.29414,6.02873,0.91605,0.26000,0.00000,22.68177,2
1936,6.29523,6.02979,0.91649,0.26000,0.00000,22.86910,2
1937,6.29675,6.03085,0.91716,0.26000,0.00000,23.65290,2
1938,6.30010,6.03192,0.91871,0.26000,0.00000,22.77644,2
1939,6.30124,6.03299,0.91901,0.26000,0.00000,22.83148,2
1940,6.30250,6.03406,0.91955,0.26000,0.00000,22.90841,2
1941,6.30391,6.03514,0.92016,0.26000,0.00000,23.44343,2
1942,6.30656,6.03621,0.92137,0.26000,0.00000,23.13459,2
1943,6.30839,6.03729,0.92207,0.26000,0.00000,22.82528,2
1944,6.30943,6.03838,0.92245,0.26000,0.00000,22.94409,2
1945,6.31074,6.03946,0.92301,0.26000,0.00000,22.88246,2
1946,6.31187,6.04055,0.92347,0.26000,0.00000,23.02219,2
1947,6.31330,6.04163,0.92410,0.26000,0.00000,22.50315,2
1948,6.31346,6.04272,0.92406,0.26000,0.00000,23.10197,2
1949,6.31505,6.04380,0.92485,0.26000,0.00000,23.14289,2
1950,6.31670,6.04489,0.92555,0.26000,0.00000,22.89223,2
1951,6.31770,6.04597,0.92592,0.26000,0.00000,23.11119,2
1952,6.31921,6.04706,0.92659,0.26000,0.00000,23.54383,2
1953,6.32170,6.04815,0.92771,0.26000,0.00000,22.67909,2
1954,6.32206,6.04924,0.92769,0.26000,0.00000,23.26004,2
1955,6.32381,6.05034,0.92854,0.26000,0.00000,23.72474,2
1956,6.32661,6.05143,0.92980,0.26000,0.00000,22.68852,2
1957,6.32686,6.05253,0.92970,0.26000,0.00000,22.95674,2
1958,6.32776,6.05363,0.93013,0.26000,0.00000,22.90691,2
1959,6.32852,6.05472,0.93044,0.26000,0.00000,23.36121,2
1960,6.33035,6.05582,0.93129,0.26000,0.00000,23.27550,2
1961,6.33192,6.05692,0.93193,0.26000,0.00000,22.42291,2
1962,6.33142,6.05802,0.93156,0.26000,0.00000,23.01530,2
1963,6.33236,6.05911,0.93207,0.26000,0.00000,23.42845,2
1964,6.33427,6.06020,0.93294,0.26000,0.00000,23.53710,2
1965,6.33637,6.06130,0.93385,0.26000,0.00000,23.07339,2
1966,6.33732,6.06240,0.93415,0.26000,0.00000,23.36295,2
1967,6.33893,6.06350,0.93488,0.26000,0.00000,23.19002,2
1968,6.34009,6.06460,0.93533,0.26000,0.00000,23.62107,2
1969,6.34225,6.06570,0.93632,0.26000,0.00000,23.40432,2
1970,6.34382,6.06681,0.93693,0.26000,0.00000,22.95850,2
1971,6.34430,6.06792,0.93704,0.26000,0.00000,23.26450,2
1972,6.34550,6.06902,0.93761,0.26000,0.00000,22.71204,2
1973,6.34536,6.07013,0.93744,0.26000,0.00000,23.04242,2
1974,6.34603,6.07123,0.93778,0.26000,0.00000,23.22486,2
1975,6.34711,6.07233,0.93827,0.26000,0.00000,23.36263,2
1976,6.34850,6.07343,0.93888,0.26000,0.00000,23.97227,2
1977,6.35131,6.07453,0.94017,0.26000,0.00000,22.92208,2
1978,6.35152,6.07564,0.94005,0.26000,0.00000,23.90709,2
1979,6.35409,6.07674,0.94132,0.26000,0.00000,23.39124,2
1980,6.35535,6.07785,0.94175,0.26000,0.00000,24.03437,2
1981,6.35812,6.07896,0.94303,0.26000,0.00000,23.87293,2
1982,6.36041,6.08008,0.94396,0.26000,0.00000,23.92471,2
1983,6.36276,6.08120,0.94495,0.26000,0.00000,23.41382,2
1984,6.36383,6.08232,0.94529,0.26000,0.00000,23.15415,2
1985,6.36426,6.08345,0.94542,0.26000,0.00000,23.54547,2
1986,6.36562,6.08457,0.94607,0.26000,0.00000,22.91952,2
1987,6.36546,6.08570,0.94588,0.26000,0.00000,23.95625,2
1988,6.36778,6.08682,0.94706,0.26000,0.00000,22.96262,2
1989,6.36767,6.08794,0.94681,1.26000,0.00000,23.15661,2
1990,6.40804,6.08906,0.96701,1.26000,0.00000,23.38976,2
1991,6.44744,6.09033,0.98348,1.26000,0.00000,24.08510,2
1992,6.48717,6.09176,1.00000,1.26000,0.00000,23.12226,2
1993,6.52328,6.09334,1.00000,1.26000,0.00000,23.55513,2
1994,6.55996,6.09506,1.00000,1.26000,0.00000,23.75482,2
1995,6.59665,6.09692,1.00000,1.26000,0.00000,24.15167,2
1996,6.63381,6.09892,1.00000,1.26000,0.00000,23.95887,2
1997,6.67005,6.10106,1.00000,1.26000,0.00000,23.62397,2
1998,6.70503,6.10334,1.00000,1.26000,0.00000,23.59342,2
1999,6.73950,6.10575,1.00000,1.26000,0.00000,23.75692,2
2000,6.77393,6.10828,1.00000,1.26000,0.00000,23.98388,2
2001,6.80847,6.11094,1.00000,0.26000,0.00000,24.19268,2
2002,6.80308,6.11373,1.00000,0.26000,0.00000,23.96072,2
2003,6.79724,6.11649,1.00000,0.26000,0.00000,23.88642,2
2004,6.79133,6.11921,1.00000,0.26000,0.00000,23.74150,2
2005,6.78518,6.12190,1.00000,0.26000,0.00000,24.52197,2
2006,6.78100,6.12456,1.00000,0.26000,0.00000,23.70897,2
2007,6.77497,6.12718,1.00000,0.26000,0.00000,23.44590,2
2008,6.76842,6.12977,1.00000,0.26000,0.00000,23.84830,2
2009,6.76295,6.13233,1.00000,0.26000,0.00000,24.34019,2
2010,6.75874,6.13485,1.00000,0.26000,0.00000,23.84806,2
2011,6.75345,6.13734,1.00000,0.26000,0.00000,23.59648,2
2012,6.74766,6.13981,1.00000,0.26000,0.00000,24.69953,2
2013,6.74459,6.14224,1.00000,0.26000,0.00000,24.59275,2
2014,6.74134,6.14465,1.00000,0.26000,0.00000,23.94013,2
2015,6.73660,6.14704,1.00000,0.26000,0.00000,22.87663,2
2016,6.72942,6.14939,1.00000,0.26000,0.00000,24.15305,2
2017,6.72540,6.15171,1.00000,0.26000,0.00000,24.13396,2
2018,6.72142,6.15401,1.00000,0.26000,0.00000,23.98622,2
2019,6.71716,6.15628,1.00000,0.26000,0.00000,24.17738,2
2020,6.71343,6.15852,1.00000,0.26000,0.00000,23.16881,2
2021,6.70738,6.16074,1.00000,0.26000,0.00000,23.98860,2
2022,6.70338,6.16293,1.00000,0.26000,0.00000,23.92493,2
2023,6.69931,6.16509,1.00000,0.26000,0.00000,23.89593,2
2024,6.69525,6.16723,1.00000,0.26000,0.00000,24.01023,2
2025,6.69154,6.16934,1.00000,0.26000,0.00000,23.92601,2
2026,6.68770,6.17143,1.00000,0.26000,0.00000,24.45169,2
2027,6.68518,6.17349,1.00000,0.26000,0.00000,24.72287,2
2028,6.68336,6.17554,1.00000,0.26000,0.00000,23.91493,2
2029,6.67967,6.17757,1.00000,0.26000,0.00000,24.71227,2
2030,6.67795,6.17958,1.00000,0.26000,0.00000,24.45828,2
2031,6.67567,6.18157,1.00000,0.26000,0.00000,24.29753,2
2032,6.67305,6.18355,1.00000,0.26000,0.00000,24.42242,2
2033,6.67079,6.18551,1.00000,0.26000,0.00000,24.09951,2
2034,6.66781,6.18745,1.00000,0.26000,0.00000,24.52105,2
2035,6.66590,6.18937,1.00000,0.26000,0.00000,24.03274,2
2036,6.66287,6.19128,1.00000,0.26000,0.00000,24.08628,2
2037,6.66003,6.19316,1.00000,0.26000,0.00000,24.34747,2
2038,6.65787,6.19503,1.00000,0.26000,0.00000,24.12838,2
2039,6.65523,6.19688,1.00000,0.26000,0.00000,24.01804,2
2040,6.65239,6.19872,1.00000,0.26000,0.00000,24.45449,2
2041,6.65065,6.20053,1.00000,0.26000,0.00000,25.45864,2
2042,6.65133,6.20233,1.00000,0.26000,0.00000,23.85593,2
2043,6.64822,6.20413,1.00000,0.26000,0.00000,24.58722,2
2044,6.64690,6.20590,1.00000,1.26000,0.00000,24.78324,2
2045,6.68609,6.20767,1.00000,1.26000,0.00000,24.02889,2
2046,6.72298,6.20958,1.00000,1.26000,0.00000,24.26431,2
2047,6.75997,6.21163,1.00000,1.26000,0.00000,24.22654,2
2048,6.79639,6.21383,1.00000,1.26000,0.00000,23.75451,2
2049,6.83124,6.21616,1.00000,1.26000,0.00000,24.42756,2
2050,6.86725,6.21862,1.00000,1.26000,0.00000,24.37026,2
2051,6.90267,6.22121,1.00000,1.26000,0.00000,24.22775,2
2052,6.93732,6.22394,1.00000,1.26000,0.00000,24.23039,2
2053,6.97153,6.22679,1.00000,1.26000,0.00000,25.09889,2
2054,7.00740,6.22977,1.00000,1.26000,0.00000,24.64084,2
2055,7.04173,6.23288,1.00000,1.26000,0.00000,25.11760,2
2056,7.07678,6.23612,1.00000,0.26000,0.00000,24.40889,2
2057,7.06971,6.23948,1.00000,0.26000,0.00000,25.01053,2
2058,7.06420,6.24280,1.00000,0.26000,0.00000,24.29809,2
2059,7.05710,6.24609,1.00000,0.26000,0.00000,24.41594,2
2060,7.05042,6.24933,1.00000,0.26000,0.00000,23.79455,2
2061,7.04238,6.25253,1.00000,0.26000,0.00000,24.38091,2
2062,7.03588,6.25569,1.00000,0.26000,0.00000,24.17979,2
2063,7.02901,6.25881,1.00000,0.26000,0.00000,25.29764,2
2064,7.02494,6.26190,1.00000,0.26000,0.00000,24.98047,2
2065,7.02020,6.26495,1.00000,0.26000,0.00000,24.78024,2
2066,7.01507,6.26797,1.00000,0.26000,0.00000,24.66623,2
2067,7.00978,6.27096,1.00000,0.26000,0.00000,25.18772,2
2068,7.00583,6.27391,1.00000,0.26000,0.00000,25.06019,2
2069,7.00166,6.27684,1.00000,0.26000,0.00000,24.90655,2
2070,6.99721,6.27974,1.00000,0.26000,0.00000,24.57703,2
2071,6.99207,6.28261,1.00000,0.26000,0.00000,25.24961,2
2072,6.98863,6.28545,1.00000,0.26000,0.00000,24.93324,2
2073,6.98451,6.28826,1.00000,0.26000,0.00000,24.70884,2
2074,6.97994,6.29104,1.00000,0.26000,0.00000,24.83202,2
2075,6.97576,6.29380,1.00000,0.26000,0.00000,24.48733,2
2076,6.97084,6.29653,1.00000,0.26000,0.00000,25.01063,2
2077,6.96727,6.29923,1.00000,0.26000,0.00000,24.65480,2
2078,6.96292,6.30190,1.00000,0.26000,0.00000,24.95785,4
2079,6.95938,6.30454,1.00000,0.26000,0.00000,24.60453,4
2080,6.95507,6.30716,1.00000,0.26000,0.00000,24.37484,4
2081,6.95030,6.30975,1.00000,0.26000,0.00000,25.00579,4
2082,6.94713,6.31231,1.00000,0.26000,0.00000,23.78625,4
2083,6.94112,6.31485,1.00000,0.26000,0.00000,24.62173,4
2084,6.93721,6.31736,1.00000,0.26000,0.00000,24.42953,4
2085,6.93292,6.31984,1.00000,0.26000,0.00000,25.11472,4
2086,6.93035,6.32229,1.00000,0.26000,0.00000,24.93318,4
2087,6.92741,6.32472,1.00000,0.26000,0.00000,25.03758,4
2088,6.92477,6.32713,1.00000,0.26000,0.00000,24.30124,4
2089,6.92045,6.32952,1.00000,0.26000,0.00000,25.33777,4
2090,6.91868,6.33189,1.00000,0.26000,0.00000,25.17163,4
2091,6.91656,6.33424,1.00000,0.26000,0.00000,24.44898,4
2092,6.91277,6.33656,1.00000,0.26000,0.00000,25.32805,4
2093,6.91116,6.33887,1.00000,0.26000,0.00000,24.55927,4
2094,6.90775,6.34116,1.00000,0.26000,0.00000,25.43157,4
2095,6.90650,6.34342,1.00000,0.26000,0.00000,25.17375,4
2096,6.90467,6.34568,1.00000,0.26000,0.00000,24.45518,4
2097,6.90118,6.34791,1.00000,0.26000,0.00000,24.85658,4
2098,6.89872,6.35013,1.00000,0.26000,0.00000,24.81398,4
2099,6.89621,6.35232,1.00000,0.26000,0.00000,25.73431,4
2100,6.89595,6.35450,1.00000,0.26000,0.00000,25.26035,4
2101,6.89459,6.35666,1.00000,0.26000,0.00000,24.96406,4
2102,6.89257,6.35881,1.00000,0.26000,0.00000,25.04175,4
2103,6.89078,6.36095,1.00000,0.26000,0.00000,24.97942,4
2104,6.88889,6.36307,1.00000,0.26000,0.00000,25.02283,4
2105,6.88715,6.36517,1.00000,0.26000,0.00000,25.21769,4
2106,6.88592,6.36726,1.00000,0.26000,0.00000,24.37057,4
2107,6.88271,6.36933,1.00000,0.26000,0.00000,25.51004,4
2108,6.88228,6.37139,1.00000,0.26000,0.00000,25.17781,4
2109,6.88109,6.37343,1.00000,1.26000,0.00000,24.52150,4
2110,6.91837,6.37546,1.00000,1.26000,0.00000,25.13292,4
2111,6.95664,6.37763,1.00000,1.26000,0.00000,25.32116,4
2112,6.99487,6.37995,1.00000,1.26000,0.00000,24.93015,4
2113,7.03169,6.38241,1.00000,1.26000,0.00000,24.68692,4
2114,7.06747,6.38501,1.00000,1.26000,0.00000,24.75448,4
2115,7.10296,6.38774,1.00000,1.26000,0.00000,24.82096,4
2116,7.13818,6.39060,1.00000,1.26000,0.00000,25.10748,4
2117,7.17363,6.39359,1.00000,1.26000,0.00000,25.36569,4
2118,7.20927,6.39671,1.00000,1.26000,0.00000,25.39553,4
2119,7.24454,6.39996,1.00000,1.26000,0.00000,25.31533,4
2120,7.27918,6.40334,1.00000,1.26000,0.00000,25.61773,4
2121,7.31413,6.40684,1.00000,0.26000,0.00000,25.24269,4
2122,7.30775,6.41047,1.00000,0.26000,0.00000,25.52698,4
2123,7.30218,6.41406,1.00000,0.26000,0.00000,24.59328,4
2124,7.29449,6.41761,1.00000,0.26000,0.00000,26.02880,4
2125,7.29037,6.42112,1.00000,0.26000,0.00000,25.29086,4
2126,7.28458,6.42459,1.00000,0.26000,0.00000,25.13153,4
2127,7.27852,6.42803,1.00000,0.26000,0.00000,24.49231,4
2128,7.27106,6.43144,1.00000,0.26000,0.00000,25.65971,4
2129,7.26652,6.43480,1.00000,0.26000,0.00000,25.61194,4
2130,7.26196,6.43812,1.00000,0.26000,0.00000,24.92841,4
2131,7.25587,6.44142,1.00000,0.26000,0.00000,24.68195,4
2132,7.24930,6.44468,1.00000,0.26000,0.00000,25.64066,4
2133,7.24515,6.44789,1.00000,0.26000,0.00000,24.68370,4
2134,7.23880,6.45108,1.00000,0.26000,0.00000,25.39634,4
2135,7.23427,6.45423,1.00000,0.26000,0.00000,25.54102,4
2136,7.23018,6.45735,1.00000,0.26000,0.00000,26.37690,4
2137,7.22817,6.46045,1.00000,0.26000,0.00000,24.81913,4
2138,7.22251,6.46352,1.00000,0.26000,0.00000,25.78588,4
2139,7.21926,6.46655,1.00000,0.26000,0.00000,25.25138,4
2140,7.21481,6.46956,1.00000,0.26000,0.00000,24.95337,4
2141,7.20974,6.47254,1.00000,0.26000,0.00000,24.62320,4
2142,7.20399,6.47549,1.00000,0.26000,0.00000,25.18722,4
2143,7.19969,6.47841,1.00000,0.26000,0.00000,25.20774,4
2144,7.19552,6.48129,1.00000,0.26000,0.00000,25.61750,4
2145,7.19242,6.48415,1.00000,0.26000,0.00000,25.52972,4
2146,7.18918,6.48698,1.00000,0.26000,0.00000,25.02322,4
2147,7.18481,6.48979,1.00000,0.26000,0.00000,25.28453,4
2148,7.18115,6.49257,1.00000,0.26000,0.00000,25.45967,4
2149,7.17799,6.49532,1.00000,0.26000,0.00000,25.42669,4
2150,7.17482,6.49806,1.00000,0.26000,0.00000,25.86181,4
2151,7.17276,6.50076,1.00000,0.26000,0.00000,25.49479,4
2152,7.16987,6.50345,1.00000,0.26000,0.00000,25.10999,4
2153,7.16615,6.50612,1.00000,0.26000,0.00000,25.64139,4
2154,7.16376,6.50876,1.00000,0.26000,0.00000,25.14029,4
2155,7.16024,6.51138,1.00000,0.26000,0.00000,25.41248,4
2156,7.15745,6.51397,1.00000,0.26000,0.00000,25.62903,4
2157,7.15523,6.51655,1.00000,0.26000,0.00000,25.21769,4
2158,7.15210,6.51910,1.00000,0.26000,0.00000,25.47050,4
2159,7.14963,6.52163,1.00000,0.26000,0.00000,25.01933,4
2160,7.14615,6.52414,1.00000,0.26000,0.00000,25.63890,4
2161,7.14422,6.52663,1.00000,0.26000,0.00000,25.34092,4
2162,7.14163,6.52910,1.00000,0.26000,0.00000,25.30392,4
2163,7.13902,6.53155,1.00000,0.26000,0.00000,25.23029,4
2164,7.13629,6.53398,1.00000,0.26000,0.00000,25.00028,4
2165,7.13308,6.53639,1.00000,0.26000,0.00000,25.78028,4
2166,7.13179,6.53878,1.00000,0.26000,0.00000,25.05557,4
2167,7.12882,6.54115,1.00000,0.26000,0.00000,25.10285,4
2168,7.12603,6.54350,1.00000,0.26000,0.00000,25.30804,4
2169,7.12379,6.54583,1.00000,0.26000,0.00000,25.52445,4
2170,7.12211,6.54814,1.00000,0.26000,0.00000,25.70080,4
2171,7.12091,6.55044,1.00000,0.26000,0.00000,25.56573,4
2172,7.11943,6.55272,1.00000,0.26000,0.00000,25.84520,4
2173,7.11865,6.55499,1.00000,0.26000,0.00000,25.24435,4
2174,7.11648,6.55724,1.00000,0.26000,0.00000,26.01939,4
2175,7.11621,6.55948,1.00000,0.26000,0.00000,25.17014,4
2176,7.11394,6.56171,1.00000,0.26000,0.00000,24.85728,4
2177,7.11099,6.56392,1.00000,0.26000,0.00000,25.67204,4
2178,7.11003,6.56610,1.00000,0.26000,0.00000,25.39254,4
2179,7.10845,6.56828,1.00000,0.26000,0.00000,24.69759,4
2180,7.10526,6.57044,1.00000,0.26000,0.00000,25.17621,4
2181,7.10327,6.57258,1.00000,0.26000,0.00000,25.22750,4
2182,7.10146,6.57470,1.00000,0.26000,0.00000,24.70879,4
2183,7.09845,6.57681,1.00000,0.26000,0.00000,25.96352,4
2184,7.09850,6.57890,1.00000,0.26000,0.00000,25.49982,4
2185,7.09746,6.58097,1.00000,0.26000,0.00000,25.61232,4
2186,7.09673,6.58304,1.00000,0.26000,0.00000,25.53388,4
2187,7.09585,6.58510,1.00000,0.26000,0.00000,25.34562,4
2188,7.09455,6.58714,1.00000,0.26000,0.00000,25.63449,4
2189,7.09398,6.58917,1.00000,0.26000,0.00000,24.99602,4
2190,7.09191,6.59119,1.00000,0.26000,0.00000,25.18326,4
2191,7.09034,6.59319,1.00000,0.26000,0.00000,25.54017,4
2192,7.08967,6.59518,1.00000,0.26000,0.00000,25.48443,4
2193,7.08889,6.59716,1.00000,0.26000,0.00000,25.03770,4
2194,7.08708,6.59912,1.00000,0.26000,0.00000,25.45666,4
2195,7.08631,6.60108,1.00000,0.26000,0.00000,25.56396,4
2196,7.08583,6.60302,1.00000,0.26000,0.00000,25.46349,4
2197,7.08514,6.60495,1.00000,0.26000,0.00000,25.82072,4
2198,7.08533,6.60687,1.00000,0.26000,0.00000,25.88173,4
2199,7.08568,6.60878,1.00000,0.26000,0.00000,25.86686,4
2200,7.08602,6.61069,1.00000,0.26000,0.00000,25.00127,4
2201,7.08431,6.61259,1.00000,0.26000,0.00000,25.24369,4
2202,7.08322,6.61448,1.00000,0.26000,0.00000,25.80161,4
2203,7.08349,6.61635,1.00000,0.26000,0.00000,25.81542,4
2204,7.08381,6.61822,1.00000,0.26000,0.00000,25.74230,4
2205,7.08397,6.62008,1.00000,0.26000,0.00000,25.49623,4
2206,7.08357,6.62194,1.00000,0.26000,0.00000,25.96710,4
2207,7.08431,6.62379,1.00000,0.26000,0.00000,25.32800,4
2208,7.08355,6.62563,1.00000,0.26000,0.00000,25.69474,4
2209,7.08368,6.62746,1.00000,0.26000,0.00000,26.28675,4
2210,7.08524,6.62928,1.00000,0.26000,0.00000,25.77995,4
2211,7.08560,6.63111,1.00000,0.26000,0.00000,25.61340,4
2212,7.08557,6.63293,1.00000,0.26000,0.00000,25.51063,4
2213,7.08532,6.63474,1.00000,0.26000,0.00000,25.27407,4
2214,7.08453,6.63654,1.00000,0.26000,0.00000,25.32999,4
2215,7.08390,6.63833,1.00000,0.26000,0.00000,25.50532,4
2216,7.08372,6.64011,1.00000,0.26000,0.00000,25.34652,4
2217,7.08318,6.64189,1.00000,0.26000,0.00000,25.80203,4
2218,7.08375,6.64365,1.00000,0.26000,0.00000,25.86786,4
2219,7.08449,6.64541,1.00000,0.26000,0.00000,25.23870,4
2220,7.08374,6.64717,1.00000,0.26000,0.00000,25.01163,4
2221,7.08248,6.64892,1.00000,0.26000,0.00000,25.42129,4
2222,7.08224,6.65065,1.00000,0.26000,0.00000,25.65967,4
2223,7.08258,6.65238,1.00000,0.26000,0.00000,25.31618,4
2224,7.08211,6.65410,1.00000,0.26000,0.00000,25.10876,4
2225,7.08118,6.65581,1.00000,0.26000,0.00000,25.07346,4
2226,7.08020,6.65751,1.00000,0.26000,0.00000,25.91618,4
2227,7.08125,6.65920,1.00000,0.26000,0.00000,24.57210,4
2228,7.07911,6.66089,1.00000,0.26000,0.00000,25.68404,4
2229,7.07966,6.66256,1.00000,0.26000,0.00000,25.30973,4
2230,7.07933,6.66423,1.00000,0.26000,0.00000,25.42776,4
2231,7.07931,6.66589,1.00000,0.26000,0.00000,25.76363,4
2232,7.08010,6.66755,1.00000,0.26000,0.00000,25.57410,4
2233,7.08045,6.66920,1.00000,0.26000,0.00000,25.33698,4
2234,7.08025,6.67084,1.00000,0.26000,0.00000,24.79497,4
2235,7.07877,6.67248,1.00000,0.26000,0.00000,25.49822,4
2236,7.07901,6.67410,1.00000,0.26000,0.00000,24.96679,4
2237,7.07800,6.67572,1.00000,0.26000,0.00000,26.17201,4
2238,7.07989,6.67733,1.00000,0.26000,0.00000,25.63279,4
2239,7.08049,6.67894,1.00000,0.26000,0.00000,25.51148,4
2240,7.08081,6.68055,1.00000,0.26000,0.00000,25.50250,4
2241,7.08112,6.68215,1.00000,0.26000,0.00000,25.51674,4
2242,7.08148,6.68375,1.00000,0.26000,0.00000,24.90918,4
2243,7.08040,6.68534,1.00000,0.26000,0.00000,25.53667,4
2244,7.08085,6.68692,1.00000,0.26000,0.00000,25.53404,4
2245,7.08130,6.68849,1.00000,0.26000,0.00000,25.57721,4
2246,7.08187,6.69006,1.00000,0.26000,0.00000,25.47773,4
2247,7.08221,6.69163,1.00000,0.26000,0.00000,25.43420,4
2248,7.08246,6.69319,1.00000,0.26000,0.00000,25.38787,4
2249,7.08262,6.69475,1.00000,0.26000,0.00000,25.31240,4
2250,7.08260,6.69630,1.00000,0.26000,0.00000,25.06951,4
2251,7.08203,6.69785,1.00000,0.26000,0.00000,25.80811,4
2252,7.08324,6.69938,1.00000,0.26000,0.00000,25.27316,4
2253,7.08318,6.70092,1.00000,0.26000,0.00000,25.74247,4
2254,7.08425,6.70245,1.00000,0.26000,0.00000,25.15857,4
2255,7.08393,6.70398,1.00000,0.26000,0.00000,25.32197,4
2256,7.08403,6.70549,1.00000,0.26000,0.00000,25.16942,4
2257,7.08377,6.70701,1.00000,0.26000,0.00000,25.25360,4
2258,7.08374,6.70852,1.00000,0.26000,0.00000,25.66007,4
2259,7.08469,6.71002,1.00000,0.26000,0.00000,25.42278,4
2260,7.08508,6.71152,1.00000,0.26000,0.00000,25.38327,4
2261,7.08539,6.71301,1.00000,0.26000,0.00000,25.23866,4
2262,7.08536,6.71450,1.00000,0.26000,0.00000,25.18094,4
2263,7.08521,6.71598,1.00000,0.26000,0.00000,24.98504,4
2264,7.08462,6.71746,1.00000,0.26000,0.00000,25.67506,4
2265,7.08569,6.71893,1.00000,0.26000,0.00000,26.05508,4
2266,7.08767,6.72040,1.00000,0.26000,0.00000,25.66453,4
2267,7.08871,6.72186,1.00000,0.26000,0.00000,25.64566,4
2268,7.08970,6.72333,1.00000,0.26000,0.00000,25.69996,4
2269,7.09083,6.72480,1.00000,0.26000,0.00000,25.47991,4
2270,7.09144,6.72626,1.00000,0.26000,0.00000,25.46167,4
2271,7.09201,6.72772,1.00000,0.26000,0.00000,25.32259,4
2272,7.09225,6.72918,1.00000,0.26000,0.00000,25.30228,4
2273,7.09246,6.73063,1.00000,0.26000,0.00000,25.49216,4
2274,7.09314,6.73208,1.00000,0.26000,0.00000,25.43477,4
2275,7.09369,6.73352,1.00000,0.26000,0.00000,25.63402,4
2276,7.09471,6.73496,1.00000,0.26000,0.00000,24.77689,4
2277,7.09370,6.73640,1.00000,0.26000,0.00000,25.87532,4
2278,7.09534,6.73783,1.00000,0.26000,0.00000,25.50421,4
2279,7.09608,6.73926,1.00000,0.26000,0.00000,26.07607,4
2280,7.09820,6.74069,1.00000,0.26000,0.00000,25.71524,4
2281,7.09944,6.74212,1.00000,0.26000,0.00000,25.82910,4
2282,7.10095,6.74355,1.00000,0.26000,0.00000,25.16748,4
2283,7.10088,6.74498,1.00000,0.26000,0.00000,25.62132,4
2284,7.10191,6.74640,1.00000,0.26000,0.00000,25.53517,4
2285,7.10273,6.74782,1.00000,0.26000,0.00000,25.11341,4
2286,7.10256,6.74924,1.00000,0.26000,0.00000,25.15603,4
2287,7.10250,6.75066,1.00000,0.26000,0.00000,24.98486,4
2288,7.10205,6.75206,1.00000,0.26000,0.00000,24.93861,4
2289,7.10152,6.75346,1.00000,0.26000,0.00000,25.04834,4
2290,7.10126,6.75486,1.00000,0.26000,0.00000,26.00736,4
2291,7.10331,6.75624,1.00000,0.26000,0.00000,25.92705,4
2292,7.10516,6.75763,1.00000,0.26000,0.00000,25.19807,4
2293,7.10526,6.75902,1.00000,0.26000,0.00000,25.57088,4
2294,7.10626,6.76041,1.00000,0.26000,0.00000,25.04258,4
2295,7.10601,6.76179,1.00000,0.26000,0.00000,25.19917,4
2296,7.10614,6.76317,1.00000,0.26000,0.00000,25.20204,4
2297,7.10630,6.76454,1.00000,0.26000,0.00000,25.79580,4
2298,7.10789,6.76590,1.00000,0.26000,0.00000,25.20910,4
2299,7.10807,6.76727,1.00000,0.26000,0.00000,24.83243,4
2300,7.10736,6.76864,1.00000,0.26000,0.00000,25.26844,4
2301,7.10772,6.76999,1.00000,0.26000,0.00000,24.40046,4
2302,7.10602,6.77134,1.00000,0.26000,0.00000,25.17234,4
2303,7.10620,6.77268,1.00000,0.26000,0.00000,25.56519,4
2304,7.10733,6.77401,1.00000,0.26000,0.00000,25.51225,4
2305,7.10833,6.77535,1.00000,0.26000,0.00000,24.98042,4
2306,7.10806,6.77668,1.00000,0.26000,0.00000,24.83954,4
2307,7.10747,6.77801,1.00000,0.26000,0.00000,25.41158,4
2308,7.10827,6.77932,1.00000,0.26000,0.00000,25.36150,4
2309,7.10896,6.78064,1.00000,0.26000,0.00000,25.21142,4
2310,7.10929,6.78195,1.00000,0.26000,0.00000,25.20074,4
2311,7.10961,6.78326,1.00000,0.26000,0.00000,24.79265,4
2312,7.10896,6.78457,1.00000,0.26000,0.00000,25.46515,4
2313,7.10994,6.78586,1.00000,0.26000,0.00000,25.42183,4
2314,7.11082,6.78716,1.00000,0.26000,0.00000,25.45076,4
2315,7.11177,6.78846,1.00000,0.26000,0.00000,25.15415,4
2316,7.11201,6.78975,1.00000,0.26000,0.00000,25.76269,4
2317,7.11372,6.79104,1.00000,0.26000,0.00000,25.41466,4
2318,7.11458,6.79233,1.00000,0.26000,0.00000,24.75700,4
2319,7.11388,6.79362,1.00000,0.26000,0.00000,24.75489,4
2320,7.11321,6.79490,1.00000,0.26000,0.00000,25.18239,4
2321,7.11357,6.79617,1.00000,0.26000,0.00000,25.23385,4
2322,7.11406,6.79744,1.00000,0.26000,0.00000,25.12869,4
2323,7.11431,6.79871,1.00000,0.26000,0.00000,25.23612,4
2324,7.11483,6.79997,1.00000,0.26000,0.00000,24.58459,4
2325,7.11380,6.80123,1.00000,0.26000,0.00000,25.32702,4
2326,7.11457,6.80248,1.00000,0.26000,0.00000,25.22413,4
2327,7.11509,6.80373,1.00000,0.26000,0.00000,25.06684,4
2328,7.11525,6.80497,1.00000,0.26000,0.00000,25.52060,4
2329,7.11650,6.80621,1.00000,0.26000,0.00000,25.30718,4
2330,7.11724,6.80746,1.00000,0.26000,0.00000,25.27077,4
2331,7.11790,6.80870,1.00000,0.26000,0.00000,24.78840,4
2332,7.11741,6.80993,1.00000,0.26000,0.00000,25.39249,4
2333,7.11838,6.81116,1.00000,0.26000,0.00000,24.90417,4
2334,7.11818,6.81239,1.00000,0.26000,0.00000,24.55208,4
2335,7.11717,6.81361,1.00000,0.26000,0.00000,25.03436,4
2336,7.11733,6.81483,1.00000,0.26000,0.00000,24.86483,4
2337,7.11710,6.81604,1.00000,0.26000,0.00000,25.24869,4
2338,7.11780,6.81724,1.00000,0.26000,0.00000,24.64766,4
2339,7.11707,6.81844,1.00000,0.26000,0.00000,24.94972,4
2340,7.11708,6.81964,1.00000,0.26000,0.00000,25.31274,4
2341,7.11797,6.82083,1.00000,0.26000,0.00000,25.13130,4
2342,7.11843,6.82202,1.00000,0.26000,0.00000,24.91944,4
2343,7.11839,6.82320,1.00000,0.26000,0.00000,25.39506,4
2344,7.11950,6.82438,1.00000,0.26000,0.00000,24.67932,4
2345,7.11890,6.82556,1.00000,0.26000,0.00000,23.99506,4
2346,7.11669,6.82674,1.00000,0.26000,0.00000,24.95950,4
2347,7.11682,6.82790,1.00000,0.26000,0.00000,25.65832,4
2348,7.11863,6.82905,1.00000,0.26000,0.00000,24.77154,4
2349,7.11831,6.83021,1.00000,0.26000,0.00000,24.68570,4
2350,7.11781,6.83136,1.00000,0.26000,0.00000,24.68804,4
2351,7.11733,6.83251,1.00000,0.26000,0.00000,25.10868,4
2352,7.11787,6.83365,1.00000,0.26000,0.00000,24.62297,4
2353,7.11726,6.83479,1.00000,0.26000,0.00000,24.49382,4
2354,7.11636,6.83592,1.00000,0.26000,0.00000,24.55885,4
2355,7.11564,6.83704,1.00000,0.26000,0.00000,24.97931,4
2356,7.11595,6.83815,1.00000,0.26000,0.00000,24.45496,4
2357,7.11501,6.83926,1.00000,0.26000,0.00000,24.15377,4
2358,7.11338,6.84037,1.00000,0.26000,0.00000,24.58262,4
2359,7.11281,6.84146,1.00000,0.26000,0.00000,24.71092,4
2360,7.11256,6.84254,1.00000,0.26000,0.00000,24.97175,4
2361,7.11295,6.84362,1.00000,0.26000,0.00000,25.08702,4
2362,7.11361,6.84470,1.00000,0.26000,0.00000,24.47983,4
2363,7.11284,6.84578,1.00000,0.26000,0.00000,25.13107,4
2364,7.11364,6.84684,1.00000,0.26000,0.00000,24.71630,4
2365,7.11345,6.84791,1.00000,0.26000,0.00000,25.16296,4
2366,7.11434,6.84897,1.00000,0.26000,0.00000,24.50286,4
2367,7.11365,6.85004,1.00000,0.26000,0.00000,25.08439,4
2368,7.11438,6.85109,1.00000,0.26000,0.00000,24.29509,4
2369,7.11322,6.85214,1.00000,0.26000,0.00000,24.51271,4
2370,7.11261,6.85319,1.00000,0.26000,0.00000,25.36249,4
2371,7.11404,6.85423,1.00000,0.26000,0.00000,24.83232,4
2372,7.11420,6.85526,1.00000,0.26000,0.00000,24.83561,4
2373,7.11438,6.85630,1.00000,0.26000,0.00000,24.68258,4
2374,7.11421,6.85733,1.00000,0.26000,0.00000,24.96878,4
2375,7.11473,6.85836,1.00000,0.26000,0.00000,24.26983,4
2376,7.11358,6.85939,1.00000,0.26000,0.00000,25.13366,4
2377,7.11453,6.86040,1.00000,0.26000,0.00000,24.03334,4
2378,7.11285,6.86142,1.00000,0.26000,0.00000,24.69001,4
2379,7.11276,6.86242,1.00000,0.26000,0.00000,24.62786,4
2380,7.11255,6.86343,1.00000,0.26000,0.00000,24.66449,4
2381,7.11243,6.86442,1.00000,0.26000,0.00000,24.35649,4
2382,7.11159,6.86541,1.00000,0.26000,0.00000,24.21177,4
2383,7.11043,6.86640,1.00000,0.26000,0.00000,24.70058,4
2384,7.11046,6.86738,1.00000,0.26000,0.00000,24.90492,4
2385,7.11098,6.86835,1.00000,0.26000,0.00000,24.86028,4
2386,7.11141,6.86932,1.00000,0.26000,0.00000,24.24447,4
2387,7.11037,6.87029,1.00000,0.26000,0.00000,24.83008,4
2388,7.11075,6.87125,1.00000,0.26000,0.00000,24.60035,4
2389,7.11059,6.87220,1.00000,0.26000,0.00000,24.18159,4
2390,7.10944,6.87316,1.00000,0.26000,0.00000,24.94562,4
2391,7.11014,6.87410,1.00000,0.26000,0.00000,24.77393,4
2392,7.11043,6.87505,1.00000,0.26000,0.00000,24.91250,4
2393,7.11106,6.87599,1.00000,0.26000,0.00000,24.44695,4
2394,7.11058,6.87693,1.00000,0.26000,0.00000,23.78504,4
2395,7.10854,6.87786,1.00000,0.26000,0.00000,24.50483,4
2396,7.10825,6.87879,1.00000,0.26000,0.00000,23.86589,4
2397,7.10646,6.87970,1.00000,0.26000,0.00000,23.94771,4
2398,7.10489,6.88061,1.00000,0.26000,0.00000,24.18338,4
2399,7.10392,6.88151,1.00000,0.26000,0.00000,23.55220,4
2400,7.10146,6.88240,1.00000,0.26000,0.00000,24.88549,4
2401,7.10222,6.88327,1.00000,0.26000,0.00000,24.69550,4
2402,7.10253,6.88415,1.00000,0.26000,0.00000,24.56135,4
2403,7.10253,6.88502,1.00000,0.26000,0.00000,25.08689,4
2404,7.10378,6.88589,1.00000,0.26000,0.00000,24.77779,4
2405,7.10430,6.88677,1.00000,0.26000,0.00000,23.79470,4
2406,7.10247,6.88764,1.00000,0.26000,0.00000,24.18343,4
2407,7.10160,6.88849,1.00000,0.26000,0.00000,23.91541,4
2408,7.10012,6.88935,1.00000,0.26000,0.00000,24.58222,4
2409,7.10025,6.89019,1.00000,0.26000,0.00000,24.08699,4
2410,7.09921,6.89103,1.00000,0.26000,0.00000,24.54386,4
2411,7.09929,6.89186,1.00000,0.26000,0.00000,24.43405,4
2412,7.09911,6.89269,1.00000,0.26000,0.00000,24.38224,4
2413,7.09881,6.89352,1.00000,0.26000,0.00000,23.44970,4
2414,7.09631,6.89434,1.00000,0.26000,0.00000,25.02606,4
2415,7.09761,6.89515,1.00000,0.26000,0.00000,24.34061,4
2416,7.09726,6.89596,1.00000,0.26000,0.00000,23.32575,4
2417,7.09451,6.89676,1.00000,0.26000,0.00000,24.59742,4
2418,7.09484,6.89755,1.00000,0.26000,0.00000,24.75686,4
2419,7.09554,6.89834,1.00000,0.26000,0.00000,23.86875,4
2420,7.09414,6.89913,1.00000,0.26000,0.00000,24.45233,4
2421,7.09415,6.89991,1.00000,0.26000,0.00000,23.52531,4
2422,7.09196,6.90069,1.00000,0.26000,0.00000,23.52881,4
2423,7.08981,6.90145,1.00000,0.26000,0.00000,24.14486,4
2424,7.08917,6.90221,1.00000,0.26000,0.00000,23.75617,4
2425,7.08762,6.90296,1.00000,0.26000,0.00000,23.98785,4
2426,7.08665,6.90369,1.00000,0.26000,0.00000,23.11541,4
2427,7.08363,6.90443,1.00000,0.26000,0.00000,24.16155,4
2428,7.08314,6.90514,1.00000,0.26000,0.00000,23.52768,4
2429,7.08116,6.90585,1.00000,0.26000,0.00000,23.30356,4
2430,7.07868,6.90656,1.00000,0.26000,0.00000,24.10833,4
2431,7.07816,6.90724,1.00000,0.26000,0.00000,23.73047,4
2432,7.07675,6.90793,1.00000,0.26000,0.00000,23.87202,4
2433,7.07570,6.90860,1.00000,0.26000,0.00000,23.40660,4
2434,7.07357,6.90927,1.00000,0.26000,0.00000,24.46151,4
2435,7.07398,6.90993,1.00000,0.26000,0.00000,24.58585,4
2436,7.07469,6.91058,1.00000,0.26000,0.00000,24.13609,4
2437,7.07433,6.91124,1.00000,0.26000,0.00000,23.99726,4
2438,7.07365,6.91189,1.00000,0.26000,0.00000,23.22945,4
2439,7.07116,6.91254,1.00000,0.26000,0.00000,23.81114,4
2440,7.07009,6.91318,1.00000,0.26000,0.00000,24.14719,4
2441,7.06985,6.91380,1.00000,0.26000,0.00000,23.41657,4
2442,7.06787,6.91443,1.00000,0.26000,0.00000,23.54406,4
2443,7.06623,6.91504,1.00000,0.26000,0.00000,23.58660,4
2444,7.06472,6.91565,1.00000,0.26000,0.00000,23.53937,4
2445,7.06313,6.91624,1.00000,0.26000,0.00000,23.65639,4
2446,7.06184,6.91683,1.00000,0.26000,0.00000,23.81233,4
2447,7.06095,6.91741,1.00000,0.26000,0.00000,23.58695,4
2448,7.05953,6.91798,1.00000,0.26000,0.00000,23.89707,4
2449,7.05888,6.91855,1.00000,0.26000,0.00000,24.05683,4
2450,7.05863,6.91911,1.00000,0.26000,0.00000,23.55291,4
2451,7.05719,6.91967,1.00000,0.26000,0.00000,23.03324,4
2452,7.05453,6.92022,1.00000,0.26000,0.00000,23.63366,4
2453,7.05334,6.92076,1.00000,0.26000,0.00000,23.58133,4
2454,7.05206,6.92129,1.00000,0.26000,0.00000,23.25521,4
2455,7.05001,6.92181,1.00000,0.26000,0.00000,22.94159,4
2456,7.04726,6.92232,1.00000,0.26000,0.00000,22.96914,4
2457,7.04461,6.92282,1.00000,0.26000,0.00000,23.06955,4
2458,7.04224,6.92331,1.00000,0.26000,0.00000,23.39515,4
2459,7.04068,6.92379,1.00000,0.26000,0.00000,24.04485,4
2460,7.04070,6.92425,1.00000,0.26000,0.00000,23.23946,4
2461,7.03880,6.92472,1.00000,0.26000,0.00000,23.92106,4
2462,7.03856,6.92518,1.00000,0.26000,0.00000,23.84099,4
2463,7.03813,6.92563,1.00000,0.26000,0.00000,23.44714,4
2464,7.03678,6.92608,1.00000,0.26000,0.00000,23.53565,4
2465,7.03565,6.92652,1.00000,0.26000,0.00000,23.64217,4
2466,7.03481,6.92696,1.00000,0.26000,0.00000,24.15931,4
2467,7.03521,6.92739,1.00000,0.26000,0.00000,22.89857,4
2468,7.03261,6.92782,1.00000,0.26000,0.00000,23.43475,4
2469,7.03132,6.92824,1.00000,0.26000,0.00000,23.30065,4
2470,7.02974,6.92865,1.00000,0.26000,0.00000,22.66441,4
2471,7.02666,6.92906,1.00000,0.26000,0.00000,23.07443,4
2472,7.02461,6.92945,1.00000,0.26000,0.00000,22.70929,4
2473,7.02172,6.92983,1.00000,0.26000,0.00000,23.65047,4
2474,7.02111,6.93020,1.00000,0.26000,0.00000,23.88615,4
2475,7.02108,6.93056,1.00000,0.26000,0.00000,23.39103,4
2476,7.01987,6.93092,1.00000,0.26000,0.00000,23.07844,4
2477,7.01794,6.93128,1.00000,0.26000,0.00000,22.94115,4
2478,7.01571,6.93162,1.00000,0.26000,0.00000,22.67213,4
2479,7.01287,6.93196,1.00000,0.26000,0.00000,23.30231,4
2480,7.01158,6.93228,1.00000,0.26000,0.00000,23.31166,4
2481,7.01033,6.93260,1.00000,0.26000,0.00000,23.19491,4
2482,7.00882,6.93291,1.00000,0.26000,0.00000,23.60017,4
2483,7.00830,6.93322,1.00000,0.26000,0.00000,22.39348,4
2484,7.00491,6.93352,1.00000,0.26000,0.00000,22.94065,4
2485,7.00288,6.93380,1.00000,0.26000,0.00000,22.58758,4
2486,7.00003,6.93408,1.00000,0.26000,0.00000,23.02985,4
2487,6.99828,6.93434,1.00000,0.26000,0.00000,23.11903,4
2488,6.99677,6.93460,1.00000,0.26000,0.00000,23.98279,4
2489,6.99734,6.93485,1.00000,0.26000,0.00000,23.28794,4
2490,6.99624,6.93510,1.00000,0.26000,0.00000,23.51340,4
2491,6.99571,6.93534,1.00000,0.26000,0.00000,22.91908,4
2492,6.99376,6.93558,1.00000,0.26000,0.00000,23.17706,4
2493,6.99246,6.93581,1.00000,0.26000,0.00000,23.60326,4
2494,6.99220,6.93604,1.00000,0.26000,0.00000,22.48150,4
2495,6.98926,6.93627,1.00000,0.26000,0.00000,22.39088,4
2496,6.98616,6.93648,1.00000,0.26000,0.00000,22.86173,4
2497,6.98422,6.93668,1.00000,0.26000,0.00000,23.01677,4
2498,6.98267,6.93687,1.00000,0.26000,0.00000,23.18124,4
2499,6.98154,6.93705,1.00000,0.26000,0.00000,22.59269,4
2500,6.97903,6.93723,1.00000,0.26000,0.00000,22.62245,4
2501,6.97662,6.93739,1.00000,0.26000,0.00000,22.90700,4
2502,6.97493,6.93755,1.00000,0.26000,0.00000,22.81314,4
2503,6.97303,6.93770,1.00000,0.26000,0.00000,22.76220,4
2504,6.97104,6.93784,1.00000,0.26000,0.00000,22.71012,4
2505,6.96895,6.93798,1.00000,0.26000,0.00000,22.91250,4
2506,6.96738,6.93810,1.00000,0.26000,0.00000,22.65691,4
2507,6.96521,6.93822,1.00000,0.26000,0.00000,22.44955,4
2508,6.96259,6.93832,1.00000,0.26000,0.00000,22.27051,4
2509,6.95957,6.93842,1.00000,0.26000,0.00000,22.36721,4
2510,6.95683,6.93851,1.00000,0.26000,0.00000,21.79085,4
2511,6.95275,6.93858,1.00000,0.26000,0.00000,22.60671,4
2512,6.95066,6.93864,1.00000,0.26000,0.00000,22.05259,4
2513,6.94729,6.93868,1.00000,0.26000,0.00000,22.22741,4
2514,6.94438,6.93872,1.00000,0.26000,0.00000,22.54943,4
2515,6.94227,6.93874,1.00000,0.26000,0.00000,22.18740,4
2516,6.93933,6.93876,1.00000,0.26000,0.00000,22.68002,4
2517,6.93760,6.93876,1.00000,0.26000,0.00000,22.28996,4
2518,6.93497,6.93875,1.00000,0.26000,0.00000,22.37233,4
2519,6.93256,6.93874,1.00000,0.26000,0.00000,22.80583,4
2520,6.93122,6.93871,1.00000,0.26000,0.00000,22.47595,4
2521,6.92912,6.93868,1.00000,0.26000,0.00000,22.33094,4
2522,6.92669,6.93864,1.00000,0.26000,0.00000,22.59291,4
2523,6.92492,6.93860,1.00000,0.26000,0.00000,22.39757,4
2524,6.92271,6.93854,1.00000,0.26000,0.00000,22.93991,4
2525,6.92182,6.93848,1.00000,0.26000,0.00000,22.40448,4
2526,6.91966,6.93841,1.00000,0.26000,0.00000,22.90092,4
2527,6.91872,6.93834,1.00000,0.26000,0.00000,22.46241,4
2528,6.91674,6.93826,1.00000,0.26000,0.00000,22.25404,4
2529,6.91429,6.93817,1.00000,0.26000,0.00000,21.56764,4
2530,6.91024,6.93808,1.00000,0.26000,0.00000,22.51398,4
2531,6.90849,6.93797,1.00000,0.26000,0.00000,22.38726,4
2532,6.90647,6.93785,1.00000,0.26000,0.00000,21.98688,4
2533,6.90352,6.93772,1.00000,0.26000,0.00000,22.36977,4
2534,6.90151,6.93759,1.00000,0.26000,0.00000,22.34382,4
2535,6.89947,6.93744,1.00000,0.26000,0.00000,21.83040,4
2536,6.89623,6.93729,1.00000,0.26000,0.00000,22.21727,4
2537,6.89396,6.93713,1.00000,0.26000,0.00000,22.01573,4
2538,6.89123,6.93695,1.00000,0.26000,0.00000,23.04392,4
2539,6.89099,6.93677,1.00000,0.26000,0.00000,21.77139,4
2540,6.88772,6.93659,1.00000,0.26000,0.00000,22.88537,4
2541,6.88714,6.93639,1.00000,0.26000,0.00000,22.34508,4
2542,6.88528,6.93619,1.00000,0.26000,0.00000,22.46407,4
2543,6.88372,6.93599,1.00000,0.26000,0.00000,22.08955,4
2544,6.88129,6.93578,1.00000,0.26000,0.00000,21.85561,4
2545,6.87834,6.93556,1.00000,0.26000,0.00000,21.89783,4
2546,6.87552,6.93533,1.00000,0.26000,0.00000,22.25622,4
2547,6.87359,6.93510,1.00000,0.26000,0.00000,22.52897,4
2548,6.87234,6.93485,1.00000,0.26000,0.00000,22.39245,4
2549,6.87077,6.93460,1.00000,0.26000,0.00000,22.05858,4
2550,6.86842,6.93434,1.00000,0.26000,0.00000,22.39233,4
2551,6.86690,6.93408,1.00000,0.26000,0.00000,22.37810,4
2552,6.86536,6.93381,1.00000,0.26000,0.00000,22.33344,4
2553,6.86374,6.93354,1.00000,0.26000,0.00000,22.10104,4
2554,6.86157,6.93326,1.00000,0.26000,0.00000,22.60722,4
2555,6.86064,6.93297,1.00000,0.26000,0.00000,22.20701,4
2556,6.85877,6.93268,1.00000,0.26000,0.00000,22.13376,4
2557,6.85674,6.93239,1.00000,0.26000,0.00000,21.75398,4
2558,6.85383,6.93208,1.00000,0.26000,0.00000,22.23917,4
2559,6.85212,6.93177,1.00000,0.26000,0.00000,21.72273,4
2560,6.84919,6.93145,1.00000,0.26000,0.00000,21.83617,4
2561,6.84656,6.93112,1.00000,0.26000,0.00000,22.00551,4
2562,6.84438,6.93079,1.00000,0.26000,0.00000,22.01432,4
2563,6.84223,6.93044,1.00000,0.26000,0.00000,21.27150,4
2564,6.83835,6.93009,1.00000,0.26000,0.00000,21.94514,4
2565,6.83611,6.92972,1.00000,0.26000,0.00000,21.43310,4
2566,6.83269,6.92935,1.00000,0.26000,0.00000,21.39868,4
2567,6.82922,6.92896,1.00000,0.26000,0.00000,21.14307,4
2568,6.82518,6.92856,1.00000,0.26000,0.00000,21.61105,4
2569,6.82231,6.92815,1.00000,0.26000,0.00000,21.28057,4
2570,6.81869,6.92772,1.00000,0.26000,0.00000,21.43993,4
2571,6.81548,6.92729,1.00000,0.26000,0.00000,21.59752,4
2572,6.81269,6.92684,1.00000,0.26000,0.00000,21.45787,4
2573,6.80960,6.92638,1.00000,0.26000,0.00000,21.66243,4
2574,6.80704,6.92592,1.00000,0.26000,0.00000,21.57817,4
2575,6.80430,6.92544,1.00000,0.26000,0.00000,22.18740,4
2576,6.80304,6.92496,1.00000,0.26000,0.00000,21.90041,4
2577,6.80111,6.92447,1.00000,0.26000,0.00000,21.29119,4
2578,6.79775,6.92397,1.00000,0.26000,0.00000,21.50733,4
2579,6.79495,6.92347,1.00000,0.26000,0.00000,21.26954,4
2580,6.79161,6.92296,1.00000,0.26000,0.00000,21.31789,4
2581,6.78842,6.92243,1.00000,0.26000,0.00000,21.46142,4
2582,6.78562,6.92189,1.00000,0.26000,0.00000,21.21123,4
2583,6.78224,6.92135,1.00000,0.26000,0.00000,21.30149,4
2584,6.77913,6.92079,1.00000,0.26000,0.00000,21.48195,4
2585,6.77647,6.92023,1.00000,0.26000,0.00000,21.33565,4
2586,6.77350,6.91965,1.00000,0.26000,0.00000,21.75963,4
2587,6.77157,6.91907,1.00000,0.26000,0.00000,21.14381,4
2588,6.76819,6.91848,1.00000,0.26000,0.00000,21.11283,4
2589,6.76478,6.91788,1.00000,0.26000,0.00000,21.70425,4
2590,6.76281,6.91726,1.00000,0.26000,0.00000,21.19722,4
2591,6.75966,6.91665,1.00000,0.26000,0.00000,21.18492,4
2592,6.75651,6.91602,1.00000,0.26000,0.00000,20.88574,4
2593,6.75269,6.91538,1.00000,0.26000,0.00000,21.02273,4
2594,6.74923,6.91473,1.00000,0.26000,0.00000,21.40423,4
2595,6.74672,6.91407,1.00000,0.26000,0.00000,20.98466,4
2596,6.74324,6.91340,1.00000,0.26000,0.00000,21.67075,4
2597,6.74143,6.91272,1.00000,0.26000,0.00000,20.57495,4
2598,6.73703,6.91203,1.00000,0.26000,0.00000,20.59927,4
2599,6.73274,6.91133,1.00000,0.26000,0.00000,20.83596,4
2600,6.72906,6.91062,1.00000,0.26000,0.00000,21.10742,4
2601,6.72607,6.90989,1.00000,0.26000,0.00000,21.16428,4
2602,6.72324,6.90916,1.00000,0.26000,0.00000,21.33419,4
2603,6.72085,6.90841,1.00000,0.26000,0.00000,20.69906,4
2604,6.71697,6.90766,1.00000,0.26000,0.00000,20.29704,4
2605,6.71218,6.90690,1.00000,0.26000,0.00000,21.22585,4
2606,6.70965,6.90612,1.00000,0.26000,0.00000,20.96554,4
2607,6.70653,6.90533,1.00000,0.26000,0.00000,21.15936,4
2608,6.70390,6.90454,1.00000,0.26000,0.00000,20.88666,4
2609,6.70065,6.90374,1.00000,0.26000,0.00000,20.42612,4
2610,6.69634,6.90292,1.00000,0.26000,0.00000,19.98671,4
2611,6.69103,6.90210,1.00000,0.26000,0.00000,20.05833,4
2612,6.68595,6.90125,1.00000,0.26000,0.00000,21.16056,4
2613,6.68355,6.90039,1.00000,0.26000,0.00000,21.88986,4
2614,6.68291,6.89952,1.00000,0.26000,0.00000,20.95538,4
2615,6.68005,6.89866,1.00000,0.26000,0.00000,21.09657,4
2616,6.67755,6.89778,1.00000,0.26000,0.00000,20.55496,4
2617,6.67379,6.89690,1.00000,0.26000,0.00000,20.98896,4
2618,6.67110,6.89601,1.00000,0.26000,0.00000,21.22553,4
2619,6.66899,6.89511,1.00000,0.26000,0.00000,21.17543,4
2620,6.66679,6.89421,1.00000,0.26000,0.00000,21.09848,4
2621,6.66442,6.89330,1.00000,0.26000,0.00000,21.10565,4
2622,6.66210,6.89238,1.00000,0.26000,0.00000,20.53525,4
2623,6.65843,6.89146,1.00000,0.26000,0.00000,21.25843,4
2624,6.65653,6.89053,1.00000,0.26000,0.00000,20.90910,4
2625,6.65380,6.88959,1.00000,0.26000,0.00000,20.04530,4
2626,6.64905,6.88865,1.00000,0.26000,0.00000,21.04277,4
2627,6.64673,6.88769,1.00000,0.26000,0.00000,20.86044,4
2628,6.64399,6.88673,1.00000,0.26000,0.00000,20.51041,4
2629,6.64044,6.88576,1.00000,0.26000,0.00000,20.80635,4
2630,6.63764,6.88477,1.00000,0.26000,0.00000,19.97768,4
2631,6.63288,6.88379,1.00000,0.26000,0.00000,20.64752,4
2632,6.62978,6.88278,1.00000,0.26000,0.00000,20.34886,4
2633,6.62599,6.88177,1.00000,0.26000,0.00000,20.81362,4
2634,6.62335,6.88075,1.00000,0.26000,0.00000,20.48080,4
2635,6.61995,6.87972,1.00000,0.26000,0.00000,20.26754,4
2636,6.61606,6.87868,1.00000,0.26000,0.00000,20.20900,4
2637,6.61208,6.87763,1.00000,0.26000,0.00000,20.37313,4
2638,6.60853,6.87657,1.00000,0.26000,0.00000,20.77745,4
2639,6.60598,6.87549,1.00000,0.26000,0.00000,20.21340,4
2640,6.60211,6.87442,1.00000,0.26000,0.00000,20.42974,4
2641,6.59879,6.87333,1.00000,0.26000,0.00000,20.84905,4
2642,6.59651,6.87223,1.00000,0.26000,0.00000,20.68776,4
2643,6.59385,6.87113,1.00000,0.26000,0.00000,20.32087,4
2644,6.59035,6.87002,1.00000,0.26000,0.00000,20.37546,4
2645,6.58701,6.86890,1.00000,0.26000,0.00000,20.12470,4
2646,6.58311,6.86777,1.00000,0.26000,0.00000,19.80959,4
2647,6.57849,6.86663,1.00000,0.26000,0.00000,20.58931,4
2648,6.57579,6.86548,1.00000,0.26000,0.00000,19.53139,4
2649,6.57058,6.86432,1.00000,0.26000,0.00000,20.06621,4
2650,6.56671,6.86315,1.00000,0.26000,0.00000,19.83071,4
2651,6.56231,6.86196,1.00000,0.26000,0.00000,20.10178,4
2652,6.55860,6.86076,1.00000,0.26000,0.00000,20.29332,4
2653,6.55539,6.85955,1.00000,0.26000,0.00000,19.99897,4
2654,6.55150,6.85834,1.00000,0.26000,0.00000,20.39822,4
2655,6.54861,6.85711,1.00000,0.26000,0.00000,19.98368,4
2656,6.54475,6.85587,1.00000,0.26000,0.00000,20.71232,4
2657,6.54266,6.85463,1.00000,0.26000,0.00000,20.63432,4
2658,6.54041,6.85338,1.00000,0.26000,0.00000,20.47131,4
2659,6.53778,6.85213,1.00000,0.26000,0.00000,20.05365,4
2660,6.53417,6.85087,1.00000,0.26000,0.00000,19.95087,4
2661,6.53036,6.84961,1.00000,0.26000,0.00000,20.63870,4
2662,6.52822,6.84833,1.00000,0.26000,0.00000,20.24107,4
2663,6.52515,6.84705,1.00000,0.26000,0.00000,20.08167,4
2664,6.52173,6.84576,1.00000,0.26000,0.00000,20.22145,4
2665,6.51867,6.84446,1.00000,0.26000,0.00000,20.31211,4
2666,6.51585,6.84316,1.00000,0.26000,0.00000,20.93724,4
2667,6.51455,6.84185,1.00000,0.26000,0.00000,20.26236,4
2668,6.51164,6.84054,1.00000,0.26000,0.00000,20.42064,4
2669,6.50913,6.83923,1.00000,0.26000,0.00000,20.10924,4
2670,6.50590,6.83791,1.00000,0.26000,0.00000,19.89309,4
2671,6.50218,6.83658,1.00000,0.26000,0.00000,19.74665,4
2672,6.49815,6.83524,1.00000,0.26000,0.00000,19.67703,4
2673,6.49399,6.83389,1.00000,0.26000,0.00000,19.75227,4
2674,6.49005,6.83253,1.00000,0.26000,0.00000,20.33912,4
2675,6.48755,6.83116,1.00000,0.26000,0.00000,19.99728,4
2676,6.48425,6.82979,1.00000,0.26000,0.00000,19.72006,4
2677,6.48032,6.82841,1.00000,0.26000,0.00000,19.72853,4
2678,6.47645,6.82701,1.00000,0.26000,0.00000,20.11760,4
2679,6.47354,6.82561,1.00000,0.26000,0.00000,19.22224,4
2680,6.46852,6.82420,1.00000,0.26000,0.00000,19.91444,4
2681,6.46520,6.82278,1.00000,0.26000,0.00000,19.26567,4
2682,6.46036,6.82135,1.00000,0.26000,0.00000,20.19173,4
2683,6.45778,6.81991,1.00000,0.26000,0.00000,20.29984,4
2684,6.45547,6.81846,1.00000,0.26000,0.00000,19.87912,4
2685,6.45218,6.81701,1.00000,0.26000,0.00000,19.44865,4
2686,6.44789,6.81555,1.00000,0.26000,0.00000,19.35075,4
2687,6.44341,6.81408,1.00000,0.26000,0.00000,19.71635,4
2688,6.43984,6.81259,1.00000,0.26000,0.00000,19.65185,4
2689,6.43615,6.81110,1.00000,0.26000,0.00000,19.64196,4
2690,6.43246,6.80960,1.00000,0.26000,0.00000,19.66716,4
2691,6.42888,6.80809,1.00000,0.26000,0.00000,19.76469,4
2692,6.42555,6.80658,1.00000,0.26000,0.00000,19.82646,4
2693,6.42240,6.80505,1.00000,0.26000,0.00000,19.72152,4
2694,6.41902,6.80352,1.00000,0.26000,0.00000,19.34382,4
2695,6.41477,6.80198,1.00000,0.26000,0.00000,19.64127,4
2696,6.41127,6.80044,1.00000,0.26000,0.00000,19.61616,4
2697,6.40775,6.79888,1.00000,0.26000,0.00000,19.10031,4
2698,6.40302,6.79731,1.00000,0.26000,0.00000,19.73762,4
2699,6.39985,6.79574,1.00000,0.26000,0.00000,19.83999,4
2700,6.39696,6.79415,1.00000,0.26000,0.00000,19.63474,4
2701,6.39359,6.79257,1.00000,0.26000,0.00000,19.39677,4
2702,6.38969,6.79097,1.00000,0.26000,0.00000,19.17296,4
2703,6.38529,6.78936,1.00000,0.26000,0.00000,19.75711,4
2704,6.38232,6.78775,1.00000,0.26000,0.00000,18.82495,4
2705,6.37715,6.78613,1.00000,0.26000,0.00000,19.13753,4
2706,6.37278,6.78449,1.00000,0.26000,0.00000,19.14816,4
2707,6.36847,6.78284,1.00000,0.26000,0.00000,19.34010,4
2708,6.36466,6.78119,1.00000,0.26000,0.00000,20.04502,4
2709,6.36256,6.77952,1.00000,0.26000,0.00000,19.52711,4
2710,6.35923,6.77785,1.00000,0.26000,0.00000,19.06050,4
2711,6.35482,6.77618,1.00000,0.26000,0.00000,19.36694,4
2712,6.35119,6.77449,1.00000,0.26000,0.00000,19.05821,4
2713,6.34684,6.77280,1.00000,0.26000,0.00000,19.32277,4
2714,6.34317,6.77109,1.00000,0.26000,0.00000,19.36575,4
2715,6.33962,6.76938,1.00000,0.26000,0.00000,18.68173,4
2716,6.33448,6.76766,1.00000,0.26000,0.00000,19.20162,4
2717,6.33063,6.76593,1.00000,0.26000,0.00000,19.32939,4
2718,6.32711,6.76419,1.00000,0.26000,0.00000,18.98280,4
2719,6.32279,6.76244,1.00000,0.26000,0.00000,19.65486,4
2720,6.32011,6.76068,1.00000,0.26000,0.00000,18.50414,4
2721,6.31471,6.75892,1.00000,0.26000,0.00000,19.21689,4
2722,6.31106,6.75714,1.00000,0.26000,0.00000,18.74948,4
2723,6.30632,6.75536,1.00000,0.26000,0.00000,19.43812,4
2724,6.30327,6.75356,1.00000,0.26000,0.00000,18.90844,4
2725,6.29898,6.75176,1.00000,0.26000,0.00000,19.44812,4
2726,6.29601,6.74995,1.00000,0.26000,0.00000,19.27867,4
2727,6.29265,6.74814,1.00000,0.26000,0.00000,18.81102,4
2728,6.28821,6.74631,1.00000,0.26000,0.00000,19.23297,4
2729,6.28481,6.74448,1.00000,0.26000,0.00000,19.44923,4
2730,6.28195,6.74264,1.00000,0.26000,0.00000,18.81187,4
2731,6.27759,6.74080,1.00000,0.26000,0.00000,19.08831,4
2732,6.27393,6.73895,1.00000,0.26000,0.00000,19.21101,4
2733,6.27058,6.73709,1.00000,0.26000,0.00000,18.85526,4
2734,6.26642,6.73522,1.00000,0.26000,0.00000,19.37534,4
2735,6.26352,6.73335,1.00000,0.26000,0.00000,18.69177,4
2736,6.25902,6.73147,1.00000,0.26000,0.00000,19.13917,4
2737,6.25562,6.72958,1.00000,0.26000,0.00000,18.97624,4
2738,6.25186,6.72768,1.00000,0.26000,0.00000,19.21755,4
2739,6.24871,6.72578,1.00000,0.26000,0.00000,18.77648,4
2740,6.24452,6.72387,1.00000,0.26000,0.00000,19.09408,4
2741,6.24112,6.72195,1.00000,0.26000,0.00000,18.31807,4
2742,6.23590,6.72003,1.00000,0.26000,0.00000,18.48816,4
2743,6.23114,6.71809,1.00000,0.26000,0.00000,18.45231,4
2744,6.22633,6.71614,1.00000,0.26000,0.00000,18.20107,4
2745,6.22097,6.71418,1.00000,0.26000,0.00000,19.02964,4
2746,6.21762,6.71221,1.00000,0.26000,0.00000,19.01770,4
2747,6.21428,6.71023,1.00000,0.26000,0.00000,19.04595,4
2748,6.21102,6.70825,1.00000,0.26000,0.00000,19.00192,4
2749,6.20768,6.70626,1.00000,0.26000,0.00000,19.28900,4
2750,6.20504,6.70427,1.00000,0.26000,0.00000,18.71398,4
2751,6.20105,6.70227,1.00000,0.26000,0.00000,18.59626,4
2752,6.19681,6.70026,1.00000,0.26000,0.00000,18.81219,4
2753,6.19312,6.69825,1.00000,0.26000,0.00000,18.92174,4
2754,6.18972,6.69623,1.00000,0.26000,0.00000,18.90415,4
2755,6.18630,6.69420,1.00000,0.26000,0.00000,19.05157,4
2756,6.18325,6.69217,1.00000,0.26000,0.00000,18.38939,4
2757,6.17864,6.69014,1.00000,0.26000,0.00000,18.15398,4
2758,6.17352,6.68809,1.00000,0.26000,0.00000,18.26576,4
2759,6.16870,6.68603,1.00000,0.26000,0.00000,18.70062,4
2760,6.16496,6.68396,1.00000,0.26000,0.00000,18.27215,4
2761,6.16023,6.68189,1.00000,0.26000,0.00000,17.99153,4
2762,6.15487,6.67980,1.00000,0.26000,0.00000,18.69075,4
2763,6.15122,6.67770,1.00000,0.26000,0.00000,18.60814,4
2764,6.14740,6.67560,1.00000,0.26000,0.00000,17.82413,4
2765,6.14175,6.67348,1.00000,0.26000,0.00000,18.41021,4
2766,6.13754,6.67136,1.00000,0.26000,0.00000,18.39700,4
2767,6.13333,6.66922,1.00000,0.26000,0.00000,18.38220,4
2768,6.12912,6.66708,1.00000,0.26000,0.00000,18.59824,4
2769,6.12545,6.66492,1.00000,0.26000,0.00000,18.46991,4
2770,6.12151,6.66277,1.00000,0.26000,0.00000,18.44309,4
2771,6.11753,6.66060,1.00000,0.26000,0.00000,18.39792,4
2772,6.11347,6.65843,1.00000,0.26000,0.00000,18.42449,4
2773,6.10951,6.65625,1.00000,0.26000,0.00000,18.52285,4
2774,6.10580,6.65406,1.00000,0.26000,0.00000,18.39165,4
2775,6.10182,6.65187,1.00000,0.26000,0.00000,18.82859,4
2776,6.09890,6.64967,1.00000,0.26000,0.00000,17.86734,4
2777,6.09370,6.64747,1.00000,0.26000,0.00000,18.50240,4
2778,6.09007,6.64525,1.00000,0.26000,0.00000,18.57234,4
2779,6.08662,6.64303,1.00000,0.26000,0.00000,18.59898,4
2780,6.08326,6.64081,1.00000,0.26000,0.00000,17.62686,4
2781,6.07761,6.63857,1.00000,0.26000,0.00000,18.51413,4
2782,6.07411,6.63633,1.00000,0.26000,0.00000,18.64038,4
2783,6.07094,6.63408,1.00000,0.26000,0.00000,18.64003,4
2784,6.06779,6.63183,1.00000,0.26000,0.00000,17.76400,4
2785,6.06257,6.62957,1.00000,0.26000,0.00000,17.89575,4
2786,6.05771,6.62731,1.00000,0.26000,0.00000,18.33143,4
2787,6.05392,6.62503,1.00000,0.26000,0.00000,18.35465,4
2788,6.05022,6.62274,1.00000,0.26000,0.00000,18.57331,4
2789,6.04706,6.62045,1.00000,0.26000,0.00000,18.76572,4
2790,6.04437,6.61816,1.00000,0.26000,0.00000,18.16830,4
2791,6.04028,6.61586,1.00000,0.26000,0.00000,17.75135,4
2792,6.03522,6.61356,1.00000,0.26000,0.00000,18.34443,4
2793,6.03161,6.61125,1.00000,0.26000,0.00000,18.10168,4
2794,6.02745,6.60893,1.00000,0.26000,0.00000,18.36763,4
2795,6.02395,6.60660,1.00000,0.26000,0.00000,18.30489,4
2796,6.02032,6.60427,1.00000,0.26000,0.00000,18.28296,4
2797,6.01667,6.60194,1.00000,0.26000,0.00000,17.80861,4
2798,6.01191,6.59960,1.00000,0.26000,0.00000,18.50015,4
2799,6.00883,6.59725,1.00000,0.26000,0.00000,18.63210,4
2800,6.00608,6.59489,1.00000,0.26000,0.00000,17.85578,4
2801,6.00149,6.59254,1.00000,0.26000,0.00000,18.10641,4
2802,5.99754,6.59017,1.00000,0.26000,0.00000,17.91301,4
2803,5.99315,6.58780,1.00000,0.26000,0.00000,18.38813,4
2804,5.98993,6.58542,1.00000,0.26000,0.00000,18.02028,4
2805,5.98584,6.58304,1.00000,0.26000,0.00000,18.30524,4
2806,5.98247,6.58065,1.00000,0.26000,0.00000,18.03260,4
2807,5.97846,6.57826,1.00000,0.26000,0.00000,17.89894,4
2808,5.97416,6.57586,1.00000,0.26000,0.00000,17.60635,4
2809,5.96920,6.57345,1.00000,0.26000,0.00000,18.16617,4
2810,5.96560,6.57104,1.00000,0.26000,0.00000,18.33426,4
2811,5.96243,6.56861,1.00000,0.26000,0.00000,17.44832,4
2812,5.95717,6.56619,1.00000,0.26000,0.00000,18.29462,4
2813,5.95397,6.56375,1.00000,0.26000,0.00000,18.23839,4
2814,5.95064,6.56131,1.00000,0.26000,0.00000,18.27557,4
2815,5.94742,6.55887,1.00000,0.26000,0.00000,17.95443,4
2816,5.94346,6.55643,1.00000,0.26000,0.00000,18.13242,4
2817,5.93994,6.55397,1.00000,0.26000,0.00000,18.30564,4
2818,5.93686,6.55152,1.00000,0.26000,0.00000,17.97669,4
2819,5.93301,6.54906,1.00000,0.26000,0.00000,17.10593,4
2820,5.92711,6.54660,1.00000,0.26000,0.00000,18.22334,4
2821,5.92392,6.54412,1.00000,0.26000,0.00000,17.86505,4
2822,5.91989,6.54164,1.00000,0.26000,0.00000,18.45784,4
2823,5.91730,6.53915,1.00000,0.26000,0.00000,18.34187,4
2824,5.91444,6.53666,1.00000,0.26000,0.00000,17.94107,4
2825,5.91064,6.53417,1.00000,0.26000,0.00000,17.83726,4
2826,5.90661,6.53168,1.00000,0.26000,0.00000,18.28825,4
2827,5.90369,6.52918,1.00000,0.26000,0.00000,18.01997,4
2828,5.90013,6.52668,1.00000,0.26000,0.00000,18.88131,4
2829,5.89865,6.52417,1.00000,0.26000,0.00000,17.90631,4
2830,5.89484,6.52167,1.00000,0.26000,0.00000,17.80362,4
2831,5.89081,6.51916,1.00000,0.26000,0.00000,17.54954,4
2832,5.88620,6.51665,1.00000,0.26000,0.00000,17.44099,4
2833,5.88136,6.51413,1.00000,0.26000,0.00000,18.12195,4
2834,5.87818,6.51160,1.00000,0.26000,0.00000,18.03115,4
2835,5.87480,6.50906,1.00000,0.26000,0.00000,17.67302,4
2836,5.87059,6.50652,1.00000,0.26000,0.00000,18.22817,4
2837,5.86772,6.50398,1.00000,0.26000,0.00000,17.70244,4
2838,5.86362,6.50144,1.00000,0.26000,0.00000,17.78420,4
2839,5.85973,6.49888,1.00000,0.26000,0.00000,18.17617,4
2840,5.85681,6.49633,1.00000,0.26000,0.00000,17.89409,4
2841,5.85322,6.49377,1.00000,0.26000,0.00000,17.68421,4
2842,5.84915,6.49121,1.00000,0.26000,0.00000,18.19983,4
2843,5.84633,6.48864,1.00000,0.26000,0.00000,18.01641,4
2844,5.84309,6.48607,1.00000,0.26000,0.00000,17.64561,4
2845,5.83898,6.48350,1.00000,0.26000,0.00000,18.04090,4
2846,5.83584,6.48092,1.00000,0.26000,0.00000,17.89658,4
2847,5.83237,6.47834,1.00000,0.26000,0.00000,17.91017,4
2848,5.82895,6.47576,1.00000,0.26000,0.00000,17.56557,4
2849,5.82472,6.47317,1.00000,0.26000,0.00000,17.57025,4
2850,5.82053,6.47057,1.00000,0.26000,0.00000,17.48417,4
2851,5.81617,6.46797,1.00000,0.26000,0.00000,17.78916,4
2852,5.81256,6.46537,1.00000,0.26000,0.00000,18.47873,4
2853,5.81062,6.46276,1.00000,0.26000,0.00000,17.29842,4
2854,5.80586,6.46015,1.00000,0.26000,0.00000,17.40969,4
2855,5.80140,6.45753,1.00000,0.26000,0.00000,17.98556,4
2856,5.79834,6.45491,1.00000,0.26000,0.00000,17.73592,4
2857,5.79470,6.45228,1.00000,0.26000,0.00000,17.62502,4
2858,5.79081,6.44965,1.00000,0.26000,0.00000,18.01484,4
2859,5.78788,6.44701,1.00000,0.26000,0.00000,17.40045,4
2860,5.78349,6.44438,1.00000,0.26000,0.00000,17.87579,4
2861,5.78027,6.44173,1.00000,0.26000,0.00000,17.46154,4
2862,5.77607,6.43909,1.00000,0.26000,0.00000,17.34827,4
2863,5.77163,6.43644,1.00000,0.26000,0.00000,17.43400,4
2864,5.76742,6.43378,1.00000,0.26000,0.00000,16.95319,4
2865,5.76210,6.43111,1.00000,0.26000,0.00000,17.70227,4
2866,5.75860,6.42844,1.00000,0.26000,0.00000,18.16736,4
2867,5.75622,6.42576,1.00000,0.26000,0.00000,17.08696,4
2868,5.75128,6.42308,1.00000,0.26000,0.00000,17.32431,4
2869,5.74694,6.42039,1.00000,0.26000,0.00000,17.45183,4
2870,5.74293,6.41770,1.00000,0.26000,0.00000,17.92673,4
2871,5.74007,6.41500,1.00000,0.26000,0.00000,17.60265,4
2872,5.73645,6.41230,1.00000,0.26000,0.00000,18.32302,4
2873,5.73456,6.40959,1.00000,0.26000,0.00000,18.32405,4
2874,5.73268,6.40689,1.00000,0.26000,0.00000,17.33263,4
2875,5.72842,6.40420,1.00000,0.26000,0.00000,18.14010,4
2876,5.72612,6.40149,1.00000,0.26000,0.00000,17.55704,4
2877,5.72243,6.39879,1.00000,0.26000,0.00000,17.74767,4
2878,5.71921,6.39609,1.00000,0.26000,0.00000,17.90632,4
2879,5.71639,6.39338,1.00000,0.26000,0.00000,17.54337,4
2880,5.71271,6.39067,1.00000,0.26000,0.00000,17.36263,4
