minute,air_C,product_C,compressor_duty,door_heat,load_heat,ambient_C,mode
0,5.15000,5.05000,0.08400,0.00000,0.00000,17.34653,2
1,5.17123,5.05040,0.08554,0.00000,0.00000,17.35821,2
2,5.19209,5.05088,0.09741,0.00000,0.00000,17.31631,2
3,5.21163,5.05145,0.10879,0.00000,0.00000,17.64079,2
4,5.23078,5.05209,0.12028,0.00000,0.00000,17.88073,2
5,5.24933,5.05280,0.13168,0.00000,0.00000,17.49539,2
6,5.26582,5.05359,0.14217,0.00000,0.00000,17.33685,2
7,5.28088,5.05444,0.15221,0.00000,0.00000,17.40034,2
8,5.29510,5.05534,0.16205,0.00000,0.00000,17.35132,2
9,5.30823,5.05630,0.17152,0.00000,0.00000,18.11247,2
10,5.32226,5.05731,0.18171,0.00000,0.00000,17.59831,2
11,5.33407,5.05837,0.19075,0.00000,0.00000,17.46586,2
12,5.34470,5.05947,0.19943,0.00000,0.00000,16.88946,2
13,5.35313,5.06061,0.20710,0.00000,0.00000,17.42904,2
14,5.36214,5.06178,0.21535,0.00000,0.00000,18.00473,2
15,5.37175,5.06299,0.22399,0.00000,0.00000,17.68224,2
16,5.37978,5.06422,0.23181,0.00000,0.00000,17.03920,2
17,5.38557,5.06548,0.23859,0.00000,0.00000,18.11846,2
18,5.39332,5.06676,0.24671,0.00000,0.00000,18.12664,2
19,5.40035,5.06807,0.25435,0.00000,0.00000,17.47927,2
20,5.40515,5.06940,0.26088,0.00000,0.00000,16.95972,2
21,5.40814,5.07074,0.26663,0.00000,0.00000,17.13496,2
22,5.41106,5.07209,0.27251,0.00000,0.00000,17.55352,2
23,5.41449,5.07345,0.27872,0.00000,0.00000,17.03676,2
24,5.41616,5.07481,0.28394,0.00000,0.00000,17.51972,2
25,5.41855,5.07618,0.28972,0.00000,0.00000,17.22940,2
26,5.41977,5.07755,0.29482,0.00000,0.00000,17.68495,2
27,5.42167,5.07892,0.30040,0.00000,0.00000,17.37596,2
28,5.42237,5.08029,0.30528,0.00000,0.00000,17.68631,2
29,5.42343,5.08165,0.31047,0.00000,0.00000,17.39180,2
30,5.42338,5.08302,0.31501,0.00000,0.00000,17.62209,2
31,5.42352,5.08438,0.31975,0.00000,0.00000,17.13742,2
32,5.42214,5.08574,0.32363,0.00000,0.00000,17.55230,2
33,5.42148,5.08709,0.32801,0.00000,0.00000,16.85340,2
34,5.41882,5.08842,0.33121,0.00000,0.00000,17.34937,2
35,5.41714,5.08974,0.33509,0.00000,0.00000,17.55321,2
36,5.41567,5.09105,0.33899,0.00000,0.00000,17.20193,2
37,5.41308,5.09235,0.34223,0.00000,0.00000,17.48404,2
38,5.41096,5.09364,0.34579,0.00000,0.00000,17.92379,2
39,5.40964,5.09491,0.34974,0.00000,0.00000,17.17500,2
40,5.40625,5.09616,0.35246,0.00000,0.00000,17.51895,2
41,5.40353,5.09740,0.35567,0.00000,0.00000,17.83680,2
42,5.40135,5.09863,0.35911,0.00000,0.00000,17.98089,2
43,5.39928,5.09984,0.36254,0.00000,0.00000,17.17815,2
44,5.39507,5.10104,0.36474,0.00000,0.00000,17.37312,2
45,5.39121,5.10221,0.36726,0.00000,0.00000,17.53887,2
46,5.38761,5.10337,0.36986,0.00000,0.00000,17.44132,2
47,5.38363,5.10451,0.37218,0.00000,0.00000,17.05998,2
48,5.37863,5.10562,0.37391,0.00000,0.00000,17.31241,2
49,5.37416,5.10672,0.37598,0.00000,0.00000,17.95636,2
50,5.37113,5.10778,0.37876,0.00000,0.00000,17.24347,2
51,5.36624,5.10884,0.38034,0.00000,0.00000,17.35649,2
52,5.36156,5.10987,0.38214,0.00000,0.00000,17.34897,2
53,5.35679,5.11087,0.38382,0.00000,0.00000,17.58513,2
54,5.35253,5.11186,0.38574,0.00000,0.00000,16.71207,2
55,5.34610,5.11282,0.38636,0.00000,0.00000,17.49400,2
56,5.34158,5.11375,0.38815,0.00000,0.00000,16.97812,2
57,5.33576,5.11467,0.38901,0.00000,0.00000,17.96371,2
58,5.33230,5.11555,0.39123,0.00000,0.00000,18.10502,2
59,5.32906,5.11642,0.39335,0.00000,0.00000,17.11372,2
60,5.32334,5.11727,0.39402,0.00000,0.00000,17.78656,2
61,5.31925,5.11809,0.39575,0.00000,0.00000,17.58344,2
62,5.31460,5.11890,0.39698,0.00000,0.00000,17.10604,2
63,5.30879,5.11968,0.39756,0.00000,0.00000,17.79767,2
64,5.30467,5.12044,0.39911,0.00000,0.00000,17.24972,2
65,5.29918,5.12117,0.39972,0.00000,0.00000,16.99752,2
66,5.29312,5.12188,0.40006,0.00000,0.00000,17.50465,2
67,5.28833,5.12257,0.40108,0.00000,0.00000,17.61373,2
68,5.28378,5.12323,0.40210,0.00000,0.00000,17.25156,2
69,5.27837,5.12387,0.40255,0.00000,0.00000,17.46954,2
70,5.27351,5.12449,0.40332,0.00000,0.00000,17.04759,2
71,5.26766,5.12509,0.40344,0.00000,0.00000,17.61345,2
72,5.26323,5.12566,0.40437,0.00000,0.00000,17.97107,2
73,5.25964,5.12621,0.40561,0.00000,0.00000,18.02327,2
74,5.25613,5.12674,0.40679,0.00000,0.00000,17.54048,2
75,5.25143,5.12726,0.40726,0.00000,0.00000,17.99264,2
76,5.24783,5.12776,0.40839,0.00000,0.00000,17.44553,2
77,5.24290,5.12824,0.40864,0.00000,0.00000,17.38507,2
78,5.23787,5.12870,0.40889,0.00000,0.00000,17.53236,2
79,5.23325,5.12913,0.40932,0.00000,0.00000,17.01873,2
80,5.22743,5.12955,0.40900,0.00000,0.00000,17.22869,2
81,5.22222,5.12994,0.40905,0.00000,0.00000,18.31466,2
82,5.21967,5.13031,0.41048,0.00000,0.00000,17.20582,2
83,5.21440,5.13067,0.41015,0.00000,0.00000,17.37697,2
84,5.20963,5.13100,0.41026,0.00000,0.00000,17.16708,2
85,5.20443,5.13132,0.41003,0.00000,0.00000,17.69096,2
86,5.20056,5.13161,0.41053,0.00000,0.00000,16.88767,2
87,5.19480,5.13189,0.40982,0.00000,0.00000,17.07430,2
88,5.18961,5.13214,0.40952,0.00000,0.00000,17.48261,2
89,5.18549,5.13237,0.40971,0.00000,0.00000,17.88575,2
90,5.18238,5.13258,0.41034,0.00000,0.00000,18.11702,2
91,5.17981,5.13278,0.41115,0.00000,0.00000,17.43142,2
92,5.17557,5.13297,0.41097,0.00000,0.00000,17.72548,2
93,5.17211,5.13314,0.41130,0.00000,0.00000,18.13041,2
94,5.16964,5.13329,0.41208,0.00000,0.00000,17.38449,2
95,5.16536,5.13344,0.41175,0.00000,0.00000,17.66382,2
96,5.16183,5.13357,0.41194,0.00000,0.00000,16.98002,2
97,5.15671,5.13368,0.41113,0.00000,0.00000,17.51119,2
98,5.15298,5.13377,0.41118,0.00000,0.00000,17.13721,2
99,5.14841,5.13385,0.41060,0.00000,0.00000,17.25407,2
100,5.14423,5.13391,0.41025,0.00000,0.00000,17.61492,2
101,5.14099,5.13395,0.41036,0.00000,0.00000,17.79253,2
102,5.13821,5.13398,0.41061,0.00000,0.00000,17.24944,2
103,5.13415,5.13399,0.41008,0.00000,0.00000,16.98916,2
104,5.12957,5.13399,0.40932,0.00000,0.00000,17.62879,2
105,5.12663,5.13398,0.40946,0.00000,0.00000,16.91604,2
106,5.12202,5.13395,0.40851,0.00000,0.00000,17.06803,2
107,5.11791,5.13390,0.40792,0.00000,0.00000,17.46921,2
108,5.11486,5.13383,0.40784,0.00000,0.00000,17.26151,2
109,5.11136,5.13376,0.40739,0.00000,0.00000,17.93085,2
110,5.10954,5.13367,0.40787,0.00000,0.00000,17.40596,2
111,5.10645,5.13357,0.40749,0.00000,0.00000,17.38381,2
112,5.10338,5.13346,0.40719,0.00000,0.00000,17.36012,2
113,5.10031,5.13334,0.40685,0.00000,0.00000,17.55406,2
114,5.09777,5.13321,0.40678,0.00000,0.00000,17.38473,2
115,5.09487,5.13307,0.40643,0.00000,0.00000,17.06771,2
116,5.09128,5.13292,0.40570,0.00000,0.00000,17.31976,2
117,5.08839,5.13275,0.40537,0.00000,0.00000,17.47111,2
118,5.08592,5.13257,0.40520,0.00000,0.00000,17.49668,2
119,5.08357,5.13239,0.40502,0.00000,0.00000,17.81523,2
120,5.08201,5.13219,0.40525,0.00000,0.00000,17.56333,2
121,5.07985,5.13199,0.40507,0.00000,0.00000,17.58961,2
122,5.07780,5.13178,0.40497,0.00000,0.00000,17.79697,2
123,5.07627,5.13157,0.40514,0.00000,0.00000,17.77402,2
124,5.07469,5.13134,0.40521,0.00000,0.00000,17.48856,2
125,5.07245,5.13112,0.40491,0.00000,0.00000,17.64951,2
126,5.07064,5.13088,0.40487,0.00000,0.00000,17.42893,2
127,5.06833,5.13064,0.40450,0.00000,0.00000,17.98811,2
128,5.06741,5.13039,0.40492,0.00000,0.00000,17.92166,2
129,5.06630,5.13014,0.40511,0.00000,0.00000,17.93821,2
130,5.06524,5.12989,0.40533,0.00000,0.00000,17.39456,2
131,5.06287,5.12963,0.40481,0.00000,0.00000,17.69069,2
132,5.06127,5.12936,0.40480,0.00000,0.00000,18.03245,2
133,5.06051,5.12909,0.40518,0.00000,0.00000,17.36992,2
134,5.05815,5.12881,0.40458,0.00000,0.00000,17.69349,2
135,5.05664,5.12853,0.40456,0.00000,0.00000,17.86567,2
136,5.05555,5.12824,0.40470,0.00000,0.00000,17.89317,2
137,5.05453,5.12795,0.40482,0.00000,0.00000,17.38506,2
138,5.05230,5.12766,0.40426,0.00000,0.00000,17.65554,2
139,5.05079,5.12736,0.40416,0.00000,0.00000,17.98491,2
140,5.05009,5.12705,0.40445,0.00000,0.00000,17.83342,2
141,5.04900,5.12674,0.40445,0.00000,0.00000,18.16757,2
142,5.04873,5.12643,0.40492,0.00000,0.00000,17.35311,2
143,5.04647,5.12612,0.40422,0.00000,0.00000,17.71612,2
144,5.04517,5.12580,0.40418,0.00000,0.00000,17.83173,2
145,5.04415,5.12548,0.40421,0.00000,0.00000,17.30652,2
146,5.04190,5.12516,0.40351,0.00000,0.00000,17.87817,2
147,5.04108,5.12482,0.40370,0.00000,0.00000,17.78733,2
148,5.04005,5.12449,0.40363,0.00000,0.00000,18.00797,2
149,5.03955,5.12415,0.40388,0.00000,0.00000,17.46079,2
150,5.03773,5.12381,0.40334,0.00000,0.00000,17.74527,2
151,5.03666,5.12347,0.40330,0.00000,0.00000,17.88879,2
152,5.03594,5.12312,0.40338,0.00000,0.00000,17.69969,2
153,5.03477,5.12277,0.40318,0.00000,0.00000,17.30704,2
154,5.03269,5.12242,0.40249,0.00000,0.00000,17.69392,2
155,5.03161,5.12206,0.40241,0.00000,0.00000,17.72196,2
156,5.03062,5.12170,0.40229,0.00000,0.00000,17.92515,2
157,5.03012,5.12133,0.40243,0.00000,0.00000,18.47150,2
158,5.03092,5.12097,0.40325,0.00000,0.00000,18.50160,2
159,5.03172,5.12061,0.40397,0.00000,0.00000,17.38515,2
160,5.02978,5.12025,0.40317,0.00000,0.00000,17.96728,2
161,5.02931,5.11989,0.40339,0.00000,0.00000,18.35564,2
162,5.02975,5.11953,0.40400,0.00000,0.00000,17.60514,2
163,5.02835,5.11917,0.40351,0.00000,0.00000,17.92745,2
164,5.02777,5.11881,0.40360,0.00000,0.00000,17.92532,2
165,5.02718,5.11844,0.40363,0.00000,0.00000,18.16735,2
166,5.02717,5.11808,0.40396,0.00000,0.00000,17.52584,2
167,5.02560,5.11771,0.40339,0.00000,0.00000,17.81158,2
168,5.02477,5.11735,0.40333,0.00000,0.00000,17.79791,2
169,5.02392,5.11697,0.40319,0.00000,0.00000,17.60086,2
170,5.02262,5.11660,0.40280,0.00000,0.00000,17.91987,2
171,5.02213,5.11623,0.40287,0.00000,0.00000,17.82945,2
172,5.02142,5.11585,0.40276,0.00000,0.00000,17.75493,2
173,5.02054,5.11547,0.40256,0.00000,0.00000,17.72928,2
174,5.01963,5.11509,0.40234,0.00000,0.00000,17.99854,2
175,5.01938,5.11471,0.40249,0.00000,0.00000,18.04575,2
176,5.01923,5.11433,0.40264,0.00000,0.00000,18.10427,2
177,5.01921,5.11395,0.40285,0.00000,0.00000,18.57630,2
178,5.02029,5.11357,0.40367,0.00000,0.00000,18.40645,2
179,5.02088,5.11320,0.40414,0.00000,0.00000,17.96107,2
180,5.02036,5.11283,0.40403,0.00000,0.00000,17.94667,2
181,5.01982,5.11246,0.40399,0.00000,0.00000,17.83678,2
182,5.01903,5.11209,0.40381,0.00000,0.00000,18.46386,2
183,5.01974,5.11172,0.40449,0.00000,0.00000,17.38396,2
184,5.01782,5.11135,0.40357,0.00000,0.00000,18.08199,2
185,5.01766,5.11097,0.40383,0.00000,0.00000,17.80716,2
186,5.01682,5.11060,0.40356,0.00000,0.00000,18.15296,2
187,5.01683,5.11022,0.40382,0.00000,0.00000,18.70600,2
188,5.01813,5.10985,0.40474,0.00000,0.00000,18.68082,2
189,5.01928,5.10948,0.40547,0.00000,0.00000,17.74253,2
190,5.01812,5.10912,0.40494,0.00000,0.00000,17.63974,2
191,5.01676,5.10876,0.40448,0.00000,0.00000,18.86049,2
192,5.01836,5.10839,0.40567,0.00000,0.00000,18.16176,2
193,5.01818,5.10803,0.40564,0.00000,0.00000,18.49972,2
194,5.01881,5.10767,0.40620,0.00000,0.00000,18.11655,2
195,5.01846,5.10732,0.40617,0.00000,0.00000,18.47151,2
196,5.01897,5.10696,0.40668,0.00000,0.00000,18.29976,2
197,5.01901,5.10661,0.40687,0.00000,0.00000,18.95644,2
198,5.02060,5.10626,0.40797,0.00000,0.00000,18.02480,2
199,5.01985,5.10592,0.40765,0.00000,0.00000,17.96018,2
200,5.01899,5.10557,0.40744,0.00000,0.00000,17.66401,2
201,5.01744,5.10523,0.40685,0.00000,0.00000,17.74779,2
202,5.01616,5.10487,0.40645,0.00000,0.00000,18.29503,2
203,5.01622,5.10452,0.40677,0.00000,0.00000,17.88739,2
204,5.01528,5.10417,0.40642,0.00000,0.00000,18.01880,2
205,5.01470,5.10381,0.40633,0.00000,0.00000,18.50210,2
206,5.01527,5.10345,0.40686,0.00000,0.00000,17.94350,2
207,5.01446,5.10310,0.40653,0.00000,0.00000,17.98072,2
208,5.01378,5.10275,0.40637,0.00000,0.00000,18.86490,2
209,5.01521,5.10239,0.40738,0.00000,0.00000,18.35236,2
210,5.01533,5.10204,0.40750,0.00000,0.00000,18.17776,2
211,5.01501,5.10170,0.40748,0.00000,0.00000,17.95550,2
212,5.01416,5.10135,0.40719,0.00000,0.00000,18.03293,2
213,5.01353,5.10100,0.40706,0.00000,0.00000,17.53911,2
214,5.01174,5.10065,0.40626,0.00000,0.00000,18.72704,2
215,5.01286,5.10029,0.40716,0.00000,0.00000,18.26047,2
216,5.01278,5.09994,0.40717,0.00000,0.00000,18.79270,2
217,5.01396,5.09960,0.40798,0.00000,0.00000,18.48010,2
218,5.01432,5.09925,0.40824,0.00000,0.00000,18.16126,2
219,5.01388,5.09891,0.40812,0.00000,0.00000,18.36016,2
220,5.01394,5.09857,0.40834,0.00000,0.00000,18.53269,2
221,5.01438,5.09824,0.40873,0.00000,0.00000,18.81488,2
222,5.01545,5.09790,0.40946,0.00000,0.00000,18.85569,2
223,5.01654,5.09757,0.41015,0.00000,0.00000,18.40602,2
224,5.01649,5.09725,0.41022,0.00000,0.00000,18.73352,2
225,5.01721,5.09692,0.41081,0.00000,0.00000,18.49885,2
226,5.01731,5.09660,0.41099,0.00000,0.00000,18.65075,2
227,5.01775,5.09629,0.41143,0.00000,0.00000,18.59637,2
228,5.01802,5.09597,0.41174,0.00000,0.00000,18.74328,2
229,5.01861,5.09566,0.41224,0.00000,0.00000,18.87136,2
230,5.01945,5.09535,0.41287,0.00000,0.00000,18.07158,2
231,5.01832,5.09505,0.41239,0.00000,0.00000,18.48857,2
232,5.01824,5.09474,0.41263,0.00000,0.00000,19.43182,2
233,5.02038,5.09444,0.41404,0.00000,0.00000,18.93183,2
234,5.02118,5.09414,0.41454,0.00000,0.00000,18.73231,2
235,5.02146,5.09385,0.41486,0.00000,0.00000,19.00824,2
236,5.02236,5.09356,0.41558,0.00000,0.00000,18.85281,2
237,5.02281,5.09327,0.41601,0.00000,0.00000,18.83773,2
238,5.02319,5.09299,0.41644,0.00000,0.00000,18.58398,2
239,5.02292,5.09271,0.41651,0.00000,0.00000,19.54503,2
240,5.02494,5.09243,0.41791,0.00000,0.00000,18.44689,2
241,5.02420,5.09216,0.41761,0.00000,0.00000,18.36834,2
242,5.02330,5.09189,0.41743,0.00000,0.00000,18.52338,2
243,5.02279,5.09162,0.41748,0.00000,0.00000,18.62407,2
244,5.02253,5.09134,0.41762,0.00000,0.00000,18.87740,2
245,5.02285,5.09107,0.41807,0.00000,0.00000,18.54754,2
246,5.02235,5.09079,0.41801,0.00000,0.00000,18.80457,2
247,5.02247,5.09052,0.41837,0.00000,0.00000,18.41736,2
248,5.02163,5.09025,0.41814,0.00000,0.00000,18.58397,2
249,5.02122,5.08997,0.41821,0.00000,0.00000,18.57649,2
250,5.02078,5.08970,0.41823,0.00000,0.00000,18.94024,2
251,5.02121,5.08942,0.41874,0.00000,0.00000,18.96975,2
252,5.02167,5.08915,0.41919,0.00000,0.00000,18.56748,2
253,5.02112,5.08888,0.41908,0.00000,0.00000,19.40217,2
254,5.02257,5.08861,0.42017,0.00000,0.00000,19.39372,2
255,5.02389,5.08834,0.42104,0.00000,0.00000,19.65065,2
256,5.02573,5.08809,0.42223,0.00000,0.00000,18.64502,2
257,5.02506,5.08784,0.42199,0.00000,0.00000,18.83667,2
258,5.02487,5.08759,0.42221,0.00000,0.00000,19.28282,2
259,5.02572,5.08734,0.42298,0.00000,0.00000,19.01284,2
260,5.02585,5.08709,0.42327,0.00000,0.00000,18.77249,2
261,5.02539,5.08684,0.42328,0.00000,0.00000,19.21537,2
262,5.02598,5.08660,0.42393,0.00000,0.00000,19.04257,2
263,5.02609,5.08636,0.42423,0.00000,0.00000,19.50614,2
264,5.02729,5.08611,0.42518,0.00000,0.00000,19.06749,2
265,5.02734,5.08588,0.42541,0.00000,0.00000,18.98269,2
266,5.02717,5.08565,0.42562,0.00000,0.00000,19.14049,2
267,5.02736,5.08541,0.42603,0.00000,0.00000,18.58931,2
268,5.02620,5.08518,0.42567,0.00000,0.00000,19.08679,2
269,5.02626,5.08494,0.42609,0.00000,0.00000,19.68717,2
270,5.02772,5.08471,0.42719,0.00000,0.00000,19.06974,2
271,5.02760,5.08448,0.42731,0.00000,0.00000,19.23922,2
272,5.02787,5.08425,0.42777,0.00000,0.00000,19.12457,2
273,5.02783,5.08403,0.42803,0.00000,0.00000,18.98117,2
274,5.02742,5.08380,0.42811,0.00000,0.00000,19.76594,2
275,5.02887,5.08358,0.42926,0.00000,0.00000,19.72186,2
276,5.03011,5.08336,0.43016,0.00000,0.00000,18.91056,2
277,5.02932,5.08315,0.42995,0.00000,0.00000,18.97712,2
278,5.02872,5.08293,0.43000,0.00000,0.00000,19.12121,2
279,5.02846,5.08271,0.43022,0.00000,0.00000,19.33311,2
280,5.02870,5.08250,0.43068,0.00000,0.00000,18.97069,2
281,5.02802,5.08228,0.43060,0.00000,0.00000,18.90817,2
282,5.02721,5.08206,0.43051,0.00000,0.00000,19.48481,2
283,5.02779,5.08184,0.43120,0.00000,0.00000,19.24864,2
284,5.02774,5.08163,0.43143,0.00000,0.00000,19.32553,2
285,5.02785,5.08141,0.43180,0.00000,0.00000,19.42432,2
286,5.02817,5.08120,0.43227,0.00000,0.00000,18.82012,2
287,5.02700,5.08099,0.43191,0.00000,0.00000,19.27416,2
288,5.02696,5.08077,0.43227,0.00000,0.00000,19.23110,2
289,5.02678,5.08056,0.43247,0.00000,0.00000,19.98122,2
290,5.02837,5.08034,0.43367,0.00000,0.00000,19.90673,2
291,5.02967,5.08013,0.43458,0.00000,0.00000,19.42045,2
292,5.02972,5.07993,0.43483,0.00000,0.00000,19.85636,2
293,5.03078,5.07973,0.43575,0.00000,0.00000,19.79462,2
294,5.03160,5.07953,0.43646,0.00000,0.00000,19.44996,2
295,5.03153,5.07934,0.43671,0.00000,0.00000,19.67306,2
296,5.03198,5.07915,0.43731,0.00000,0.00000,19.40250,2
297,5.03172,5.07896,0.43748,0.00000,0.00000,19.54092,2
298,5.03178,5.07877,0.43788,0.00000,0.00000,19.22262,2
299,5.03105,5.07859,0.43782,0.00000,0.00000,19.78128,2
300,5.03166,5.07840,0.43856,0.00000,0.00000,19.27666,2
301,5.03100,5.07821,0.43849,0.00000,0.00000,19.10994,2
302,5.02995,5.07802,0.43830,0.00000,0.00000,19.50535,2
303,5.02988,5.07783,0.43867,0.00000,0.00000,19.47969,2
304,5.02971,5.07764,0.43891,0.00000,0.00000,20.10436,2
305,5.03101,5.07744,0.43998,0.00000,0.00000,20.16926,2
306,5.03236,5.07726,0.44097,0.00000,0.00000,19.48335,2
307,5.03198,5.07708,0.44101,0.00000,0.00000,19.04959,2
308,5.03056,5.07690,0.44060,0.00000,0.00000,20.03400,2
309,5.03154,5.07671,0.44159,0.00000,0.00000,19.63535,2
310,5.03148,5.07653,0.44183,0.00000,0.00000,19.77880,2
311,5.03173,5.07635,0.44232,0.00000,0.00000,19.91915,2
312,5.03228,5.07617,0.44295,0.00000,0.00000,19.37810,2
313,5.03148,5.07600,0.44282,0.00000,0.00000,19.59362,2
314,5.03121,5.07582,0.44308,0.00000,0.00000,20.28478,2
315,5.03256,5.07564,0.44420,0.00000,0.00000,19.84366,2
316,5.03276,5.07547,0.44456,0.00000,0.00000,19.57565,2
317,5.03228,5.07530,0.44464,0.00000,0.00000,19.63572,2
318,5.03195,5.07513,0.44485,0.00000,0.00000,19.80301,2
319,5.03200,5.07495,0.44525,0.00000,0.00000,19.97900,2
320,5.03244,5.07478,0.44584,0.00000,0.00000,19.80394,2
321,5.03240,5.07461,0.44614,0.00000,0.00000,19.76144,2
322,5.03224,5.07444,0.44641,0.00000,0.00000,19.11240,2
323,5.03051,5.07427,0.44581,0.00000,0.00000,19.97511,2
324,5.03090,5.07410,0.44651,0.00000,0.00000,19.71172,2
325,5.03060,5.07393,0.44665,0.00000,0.00000,19.52482,2
326,5.02985,5.07375,0.44659,0.00000,0.00000,20.39201,2
327,5.03118,5.07358,0.44772,0.00000,0.00000,20.43759,2
328,5.03250,5.07341,0.44870,0.00000,0.00000,20.22102,2
329,5.03322,5.07324,0.44935,0.00000,0.00000,19.98451,2
330,5.03330,5.07308,0.44970,0.00000,0.00000,19.41235,2
331,5.03199,5.07292,0.44933,0.00000,0.00000,19.75461,2
332,5.03155,5.07276,0.44954,0.00000,0.00000,19.77610,2
333,5.03114,5.07260,0.44969,0.00000,0.00000,20.05058,2
334,5.03137,5.07243,0.45020,0.00000,0.00000,20.37040,2
335,5.03232,5.07227,0.45106,0.00000,0.00000,19.49834,2
336,5.03112,5.07211,0.45066,0.00000,0.00000,20.23364,2
337,5.03171,5.07194,0.45143,0.00000,0.00000,19.64602,2
338,5.03082,5.07178,0.45124,0.00000,0.00000,20.31426,2
339,5.03156,5.07162,0.45206,0.00000,0.00000,19.79013,2
340,5.03097,5.07146,0.45202,0.00000,0.00000,20.26045,2
341,5.03151,5.07130,0.45271,0.00000,0.00000,20.67141,2
342,5.03296,5.07114,0.45382,0.00000,0.00000,19.89750,2
343,5.03246,5.07098,0.45379,0.00000,0.00000,20.87161,2
344,5.03429,5.07083,0.45521,0.00000,0.00000,19.80762,2
345,5.03345,5.07068,0.45497,0.00000,0.00000,19.76920,2
346,5.03254,5.07053,0.45490,0.00000,0.00000,20.22667,2
347,5.03274,5.07038,0.45544,0.00000,0.00000,19.93212,2
348,5.03219,5.07023,0.45547,0.00000,0.00000,20.55523,2
349,5.03312,5.07008,0.45640,0.00000,0.00000,20.29079,2
350,5.03334,5.06993,0.45681,0.00000,0.00000,20.64321,2
351,5.03436,5.06979,0.45773,0.00000,0.00000,20.40692,2
352,5.03473,5.06964,0.45823,0.00000,0.00000,20.23620,2
353,5.03464,5.06950,0.45854,0.00000,0.00000,20.33074,2
354,5.03476,5.06936,0.45899,0.00000,0.00000,20.92718,2
355,5.03625,5.06923,0.46020,0.00000,0.00000,20.40437,2
356,5.03639,5.06909,0.46055,0.00000,0.00000,20.21773,2
357,5.03604,5.06896,0.46075,0.00000,0.00000,20.74081,2
358,5.03693,5.06883,0.46167,0.00000,0.00000,20.12524,2
359,5.03627,5.06870,0.46164,0.00000,0.00000,20.02790,2
360,5.03539,5.06857,0.46159,0.00000,0.00000,20.52313,2
361,5.03570,5.06844,0.46223,0.00000,0.00000,20.47857,2
362,5.03584,5.06831,0.46268,0.00000,0.00000,19.98340,2
363,5.03477,5.06818,0.46246,0.00000,0.00000,20.23040,2
364,5.03432,5.06805,0.46267,0.00000,0.00000,20.72157,2
365,5.03502,5.06791,0.46348,0.00000,0.00000,19.98812,2
366,5.03390,5.06778,0.46318,0.00000,0.00000,20.83057,2
367,5.03483,5.06765,0.46416,0.00000,0.00000,20.36306,2
368,5.03455,5.06751,0.46432,0.00000,0.00000,20.61365,2
369,5.03485,5.06738,0.46489,0.00000,0.00000,20.70822,2
370,5.03533,5.06725,0.46552,0.00000,0.00000,20.70234,2
371,5.03574,5.06712,0.46610,0.00000,0.00000,20.35545,2
372,5.03527,5.06700,0.46619,0.00000,0.00000,20.42355,2
373,5.03496,5.06687,0.46644,0.00000,0.00000,21.00063,2
374,5.03600,5.06674,0.46744,0.00000,0.00000,21.20798,2
375,5.03745,5.06662,0.46856,0.00000,0.00000,20.57500,2
376,5.03727,5.06650,0.46876,0.00000,0.00000,20.87185,2
377,5.03779,5.06639,0.46947,0.00000,0.00000,20.80406,2
378,5.03808,5.06627,0.47001,0.00000,0.00000,21.09408,2
379,5.03902,5.06616,0.47093,0.00000,0.00000,20.81583,2
380,5.03920,5.06605,0.47139,0.00000,0.00000,20.91775,2
381,5.03959,5.06594,0.47202,0.00000,0.00000,20.43139,2
382,5.03876,5.06584,0.47196,0.00000,0.00000,20.78138,2
383,5.03878,5.06573,0.47246,0.00000,0.00000,20.63098,2
384,5.03840,5.06562,0.47268,0.00000,0.00000,21.96138,2
385,5.04118,5.06551,0.47468,0.00000,0.00000,21.10342,2
386,5.04171,5.06542,0.47521,0.00000,0.00000,20.96018,2
387,5.04185,5.06532,0.47571,0.00000,0.00000,20.75537,2
388,5.04146,5.06523,0.47594,0.00000,0.00000,20.94507,2
389,5.04151,5.06513,0.47645,0.00000,0.00000,21.06348,2
390,5.04180,5.06504,0.47707,0.00000,0.00000,20.52033,2
391,5.04074,5.06495,0.47691,0.00000,0.00000,20.98475,2
392,5.04081,5.06485,0.47749,0.00000,0.00000,21.40056,2
393,5.04183,5.06475,0.47850,0.00000,0.00000,21.51170,2
394,5.04301,5.06466,0.47954,0.00000,0.00000,21.09231,2
395,5.04309,5.06457,0.47996,0.00000,0.00000,21.21014,2
396,5.04342,5.06449,0.48062,0.00000,0.00000,21.35311,2
397,5.04404,5.06440,0.48141,0.00000,0.00000,21.20814,2
398,5.04423,5.06432,0.48195,0.00000,0.00000,21.46295,2
399,5.04498,5.06424,0.48765,0.00000,0.00000,21.13706,2
400,5.04450,5.06417,0.49261,0.00000,0.00000,21.26426,2
401,5.04392,5.06409,0.49761,0.00000,0.00000,21.28165,2
402,5.04299,5.06401,0.50242,0.00000,0.00000,20.64243,2
403,5.04017,5.06392,0.50619,0.00000,0.00000,20.70924,2
404,5.03724,5.06383,0.51002,0.00000,0.00000,21.23501,2
405,5.03529,5.06372,0.51437,0.00000,0.00000,21.27484,2
406,5.03312,5.06361,0.51850,0.00000,0.00000,21.28910,2
407,5.03067,5.06348,0.52247,0.00000,0.00000,21.48566,2
408,5.02841,5.06335,0.52653,0.00000,0.00000,21.26556,2
409,5.02533,5.06321,0.53293,0.00000,0.00000,21.09063,2
410,5.02136,5.06306,0.53887,0.00000,0.00000,21.82045,2
411,5.01870,5.06290,0.54077,0.00000,0.00000,21.06365,2
412,5.01412,5.06272,0.54146,0.00000,0.00000,21.73904,2
413,5.01115,5.06252,0.54315,0.00000,0.00000,21.01553,2
414,5.00636,5.06232,0.54367,0.00000,0.00000,22.27922,2
415,5.00460,5.06209,0.54597,0.00000,0.00000,20.69330,2
416,4.99891,5.06187,0.54581,0.00000,0.00000,21.81792,2
417,4.99597,5.06161,0.54744,0.00000,0.00000,21.37232,2
418,4.99188,5.06135,0.54818,0.00000,0.00000,21.77077,2
419,4.98873,5.06107,0.54948,0.00000,0.00000,21.01534,2
420,4.98372,5.06078,0.54981,0.00000,0.00000,21.34022,2
421,4.97951,5.06048,0.55077,0.00000,0.00000,21.82734,2
422,4.97645,5.06015,0.55208,0.00000,0.00000,21.19184,2
423,4.97180,5.05982,0.55246,0.00000,0.00000,21.19701,2
424,4.96719,5.05946,0.55295,0.00000,0.00000,22.15476,2
425,4.96488,5.05910,0.55457,0.00000,0.00000,21.42083,2
426,4.96072,5.05872,0.55497,0.00000,0.00000,21.47227,2
427,4.95670,5.05833,0.55581,0.00000,0.00000,21.60034,2
428,4.95297,5.05792,0.55656,0.00000,0.00000,22.03673,2
429,4.95026,5.05750,0.55782,0.00000,0.00000,21.86951,2
430,4.94708,5.05707,0.55876,0.00000,0.00000,21.53367,2
431,4.94307,5.05663,0.55924,0.00000,0.00000,21.65135,2
432,4.93935,5.05618,0.55989,0.00000,0.00000,21.62057,2
433,4.93554,5.05571,0.56039,0.00000,0.00000,21.53748,2
434,4.93155,5.05523,0.56072,0.00000,0.00000,21.36557,2
435,4.92716,5.05473,0.56090,0.00000,0.00000,21.09472,2
436,4.92217,5.05422,0.56081,0.00000,0.00000,20.98502,2
437,4.91699,5.05370,0.56539,0.00000,0.00000,22.02096,2
438,4.91396,5.05315,0.57098,0.00000,0.00000,22.06559,2
439,4.91064,5.05259,0.57617,0.00000,0.00000,22.13941,2
440,4.90711,5.05202,0.58127,0.00000,0.00000,21.98296,2
441,4.90284,5.05144,0.58587,0.00000,0.00000,21.98490,2
442,4.89825,5.05085,0.59033,0.00000,0.00000,22.37631,2
443,4.89430,5.05024,0.59508,0.00000,0.00000,22.11157,2
444,4.88938,5.04962,0.59924,0.00000,0.00000,21.83972,2
445,4.88354,5.04898,0.60296,0.00000,0.00000,21.67557,2
446,4.87708,5.04831,0.60633,0.00000,0.00000,21.42779,2
447,4.86985,5.04763,0.60932,0.00000,0.00000,21.41464,2
448,4.86243,5.04692,0.61219,0.00000,0.00000,22.44665,2
449,4.85732,5.04618,1.00000,0.00000,0.00000,22.14959,1
450,4.82055,5.04542,0.95422,0.00000,0.00000,22.01594,1
451,4.78760,5.04452,0.94791,0.00000,0.00000,22.04444,1
452,4.75564,5.04350,0.94164,0.00000,0.00000,22.18094,1
453,4.72493,5.04235,0.93549,0.00000,0.00000,21.58314,1
454,4.69368,5.04108,0.92886,0.00000,0.00000,22.18076,1
455,4.66478,5.03969,0.92300,0.00000,0.00000,21.73812,1
456,4.63567,5.03819,0.91669,0.00000,0.00000,21.89672,1
457,4.60781,5.03658,0.91072,0.00000,0.00000,21.88428,1
458,4.58074,5.03486,0.90490,0.00000,0.00000,21.96815,1
459,4.55469,5.03304,0.89908,1.00000,0.00000,22.09837,1
460,4.56973,5.03113,0.91119,1.00000,0.00000,22.54693,1
461,4.58465,5.02929,0.92014,1.00000,0.00000,22.33382,1
462,4.59814,5.02751,0.92836,1.00000,0.00000,22.59032,1
463,4.61137,5.02579,0.93658,1.00000,0.00000,22.03224,1
464,4.62243,5.02413,0.94399,1.00000,0.00000,22.08370,1
465,4.63285,5.02253,0.95135,1.00000,0.00000,21.94636,1
466,4.64220,5.02097,0.95818,1.00000,0.00000,22.28488,1
467,4.65167,5.01945,0.96527,1.00000,0.00000,21.80517,1
468,4.65929,5.01798,0.97157,1.00000,0.00000,22.80097,1
469,4.66866,5.01655,0.98749,1.00000,1.05000,23.43167,1
470,4.70961,5.02166,1.00000,1.00000,1.05000,22.22585,1
471,4.74621,5.02693,1.00000,0.00000,1.05000,22.60669,1
472,4.74329,5.03231,1.00000,0.00000,1.05000,22.49394,1
473,4.74019,5.03767,1.00000,0.00000,1.05000,22.39341,1
474,4.73696,5.04299,1.00000,0.00000,1.05000,22.30754,1
475,4.73362,5.04827,1.00000,0.00000,1.05000,22.37758,1
476,4.73055,5.05352,1.00000,0.00000,1.05000,22.52908,1
477,4.72793,5.05874,1.00000,0.00000,1.05000,22.91763,1
478,4.72634,5.06393,1.00000,0.00000,1.05000,22.62476,1
479,4.72412,5.06909,1.00000,0.00000,1.05000,22.40071,1
480,4.72146,5.07422,1.00000,0.00000,1.05000,23.10806,1
481,4.72057,5.07932,1.00000,0.00000,1.05000,22.83650,1
482,4.71910,5.08439,1.00000,0.00000,1.05000,22.32081,1
483,4.71648,5.08944,1.00000,0.00000,1.05000,22.14879,1
484,4.71354,5.09446,1.00000,0.00000,1.05000,22.20622,1
485,4.71083,5.09945,1.00000,0.00000,1.05000,22.53861,1
486,4.70900,5.10440,1.00000,0.00000,1.05000,21.98032,1
487,4.70592,5.10933,1.00000,0.00000,1.05000,23.53554,1
488,4.70664,5.11423,1.00000,0.00000,1.05000,22.56713,1
489,4.70510,5.11911,1.00000,0.00000,1.05000,22.94855,1
490,4.70453,5.12396,1.00000,0.00000,1.05000,23.08581,1
491,4.70436,5.12879,1.00000,0.00000,1.05000,22.81587,1
492,4.70359,5.13360,1.00000,0.00000,1.05000,22.87251,1
493,4.70303,5.13839,1.00000,0.00000,1.05000,22.55551,1
494,4.70176,5.14316,1.00000,0.00000,1.05000,22.33975,1
495,4.70006,5.14791,1.00000,0.00000,1.05000,22.71512,1
496,4.69932,5.15263,1.00000,0.00000,1.05000,22.97369,1
497,4.69926,5.15732,1.00000,1.00000,1.05000,22.75425,1
498,4.73872,5.16200,1.00000,1.00000,1.05000,22.87221,1
499,4.77800,5.16682,1.00000,1.00000,1.05000,22.79982,1
500,4.81663,5.17177,1.00000,1.00000,1.05000,23.06064,1
501,4.85543,5.17686,1.00000,1.00000,1.05000,22.53478,1
502,4.89252,5.18209,1.00000,1.00000,1.05000,22.65697,1
503,4.92946,5.18744,1.00000,1.00000,1.05000,22.82626,1
504,4.96638,5.19292,1.00000,1.00000,1.05000,22.88221,1
505,5.00300,5.19852,1.00000,1.00000,1.05000,22.88664,1
506,5.03920,5.20425,1.00000,1.00000,1.05000,22.58961,1
507,5.07428,5.21010,1.00000,1.00000,1.05000,22.85504,1
508,5.10960,5.21606,1.00000,1.00000,1.05000,22.86577,1
509,5.14453,5.22215,1.00000,0.00000,1.05000,23.23290,1
510,5.13994,5.22835,1.00000,0.00000,1.05000,23.18618,1
511,5.13537,5.23450,1.00000,0.00000,1.05000,22.58988,1
512,5.12951,5.24062,1.00000,0.00000,1.05000,23.41027,1
513,5.12574,5.24668,1.00000,0.00000,1.05000,22.75628,1
514,5.12053,5.25271,1.00000,0.00000,1.05000,23.62530,1
515,5.11753,5.25869,1.00000,0.00000,1.05000,22.78841,1
516,5.11263,5.26464,1.00000,0.00000,1.05000,23.37296,1
517,5.10926,5.27054,1.00000,0.00000,1.05000,23.20941,1
518,5.10561,5.27640,1.00000,0.00000,1.05000,23.83911,1
519,5.10357,5.28223,1.00000,0.00000,1.05000,22.78118,1
520,5.09910,5.28803,1.00000,0.00000,1.05000,23.30721,1
521,5.09601,5.29378,1.00000,0.00000,1.05000,23.96562,1
522,5.09459,5.29950,1.00000,0.00000,1.05000,23.21548,1
523,5.09146,5.30519,1.00000,0.00000,1.05000,22.68538,1
524,5.08717,5.31084,1.00000,0.00000,1.05000,23.61400,1
525,5.08522,5.31646,1.00000,0.00000,1.05000,23.67605,1
526,5.08349,5.32204,1.00000,0.00000,1.05000,23.00588,1
527,5.08026,5.32760,1.00000,0.00000,1.05000,23.36750,1
528,5.07799,5.33312,1.00000,0.00000,1.05000,23.76100,1
529,5.07674,5.33861,1.00000,0.00000,1.05000,23.44345,1
530,5.07482,5.34407,1.00000,0.00000,1.05000,23.20895,1
531,5.07242,5.34951,1.00000,1.00000,1.05000,23.21971,1
532,5.11014,5.35491,1.00000,1.00000,1.05000,23.51822,1
533,5.14813,5.36044,1.00000,1.00000,1.05000,23.39223,1
534,5.18538,5.36610,1.00000,1.00000,1.05000,23.16451,1
535,5.22165,5.37189,0.81919,1.00000,1.05000,23.33115,2
536,5.27237,5.37780,0.89578,1.00000,1.05000,22.88441,2
537,5.31528,5.38388,0.91411,1.00000,1.05000,22.70693,2
538,5.35581,5.39012,0.94066,1.00000,1.05000,23.41774,2
539,5.39543,5.39649,0.95943,1.00000,1.05000,23.44566,2
540,5.43317,5.40300,0.98643,1.00000,1.05000,23.90889,2
541,5.46942,5.40963,1.00000,1.00000,1.05000,23.90785,2
542,5.50417,5.41638,1.00000,1.00000,1.05000,23.57469,2
543,5.53774,5.42324,1.00000,0.00000,1.05000,23.25954,2
544,5.53019,5.43021,1.00000,0.00000,1.05000,23.34828,2
545,5.52302,5.43712,1.00000,0.00000,1.05000,24.28250,2
546,5.51826,5.44397,1.00000,0.00000,1.05000,23.78454,2
547,5.51244,5.45078,0.99629,0.00000,1.05000,23.12798,2
548,5.50551,5.45753,1.00000,0.00000,1.05000,23.94848,2
549,5.50040,5.46424,0.99774,0.00000,1.05000,23.18815,2
550,5.49380,5.47089,1.00000,0.00000,1.05000,24.07257,2
551,5.48929,5.47749,0.99856,0.00000,1.05000,23.20948,2
552,5.48296,5.48405,1.00000,0.00000,1.05000,23.58186,2
553,5.47757,5.49055,1.00000,0.00000,1.05000,23.75092,2
554,5.47272,5.49701,1.00000,0.00000,1.05000,24.29248,2
555,5.46929,5.50343,0.99973,0.00000,1.05000,23.44399,2
556,5.46398,5.50980,1.00000,0.00000,1.05000,24.39719,2
557,5.46106,5.51613,1.00000,0.00000,1.05000,24.08620,2
558,5.45750,5.52242,1.00000,0.00000,1.05000,24.33352,2
559,5.45465,5.52867,0.99256,0.00000,1.05000,23.16372,2
560,5.44971,5.53488,1.00000,0.00000,1.05000,24.20957,2
561,5.44681,5.54105,1.00000,0.00000,1.05000,23.86110,2
562,5.44317,5.54718,1.00000,0.00000,1.05000,23.77518,2
563,5.43945,5.55328,1.00000,0.00000,1.05000,24.00020,2
564,5.43638,5.55933,1.00000,0.00000,1.05000,23.75114,2
565,5.43282,5.56535,0.99660,0.00000,1.05000,23.60734,2
566,5.42931,5.57133,1.00000,0.00000,1.05000,24.85116,2
567,5.42860,5.57727,1.00000,0.00000,1.05000,23.68969,2
568,5.42519,5.58319,0.99805,0.00000,1.05000,23.61341,2
569,5.42187,5.58906,1.00000,0.00000,1.05000,24.71626,2
570,5.42113,5.59491,0.99444,0.00000,1.05000,23.28357,2
571,5.41749,5.60072,1.00000,0.00000,1.05000,23.86727,2
572,5.41491,5.60650,1.00000,0.00000,1.05000,23.77995,2
573,5.41222,5.61224,1.00000,0.00000,1.05000,23.78503,2
574,5.40964,5.61795,0.99999,0.00000,1.05000,23.59110,2
575,5.40669,5.62363,1.00000,0.00000,1.05000,23.58473,2
576,5.40383,5.62927,1.00000,0.00000,1.05000,24.19383,2
577,5.40252,5.63488,1.00000,0.00000,1.05000,23.89451,2
578,5.40057,5.64046,1.00000,0.00000,1.05000,23.80910,2
579,5.39851,5.64601,1.00000,0.00000,1.05000,24.41956,2
580,5.39799,5.65153,1.00000,0.00000,1.05000,24.27897,2
581,5.39720,5.65703,1.00000,0.00000,1.05000,24.11261,2
582,5.39608,5.66250,1.00000,0.00000,1.05000,24.71264,2
583,5.39647,5.66794,1.00000,0.00000,1.05000,24.25480,2
584,5.39582,5.67336,1.00000,0.00000,1.05000,24.39587,2
585,5.39558,5.67876,1.00000,0.00000,1.05000,24.17015,2
586,5.39486,5.68414,0.99843,0.00000,1.05000,23.57095,2
587,5.39290,5.68949,1.00000,0.00000,1.05000,23.64863,2
588,5.39109,5.69482,1.00000,0.00000,1.05000,24.57838,2
589,5.39158,5.70011,1.00000,0.00000,1.05000,24.47556,2
590,5.39187,5.70539,1.00000,0.00000,1.05000,24.44669,2
591,5.39215,5.71064,1.00000,0.00000,1.05000,24.53411,2
592,5.39269,5.71588,1.00000,0.00000,1.05000,24.24276,2
593,5.39258,5.72110,1.00000,0.00000,1.05000,24.13139,2
594,5.39227,5.72629,0.99441,0.00000,1.05000,23.86249,2
595,5.39182,5.73147,1.00000,0.00000,1.05000,24.07535,2
596,5.39150,5.73662,0.99136,0.00000,1.05000,23.77267,2
597,5.39120,5.74175,0.99323,0.00000,1.05000,23.79079,2
598,5.39086,5.74686,1.00000,0.00000,1.05000,24.26477,2
599,5.39117,5.75194,1.00000,0.00000,1.05000,24.27698,2
600,5.39156,5.75701,1.00000,0.00000,1.05000,24.78474,2
601,5.39321,5.76206,0.98723,0.00000,1.05000,23.75630,2
602,5.39346,5.76709,0.98802,0.00000,1.05000,23.70616,2
603,5.39358,5.77211,1.00000,0.00000,1.05000,24.72933,2
604,5.39523,5.77710,1.00000,0.00000,1.05000,24.32589,2
605,5.39596,5.78209,0.99619,0.00000,1.05000,24.24794,2
606,5.39684,5.78705,0.99919,0.00000,1.05000,24.29096,2
607,5.39764,5.79200,0.99899,0.00000,1.05000,24.17171,2
608,5.39820,5.79693,1.00000,0.00000,1.05000,24.58441,2
609,5.39972,5.80185,1.00000,0.00000,1.05000,24.43184,2
610,5.40090,5.80675,0.99743,0.00000,1.05000,24.19750,2
611,5.40177,5.81164,0.99672,0.00000,1.05000,24.05301,2
612,5.40240,5.81651,1.00000,0.00000,1.05000,24.62840,2
613,5.40418,5.82136,1.00000,0.00000,1.05000,24.36995,2
614,5.40537,5.82620,1.00000,0.00000,1.05000,24.93985,2
615,5.40795,5.83103,1.00000,0.00000,1.05000,24.46130,2
616,5.40942,5.83585,0.99670,0.00000,1.05000,24.33501,2
617,5.41088,5.84065,1.00000,0.00000,1.05000,24.59779,2
618,5.41273,5.84544,0.98936,0.00000,1.05000,23.93482,2
619,5.41389,5.85022,1.00000,0.00000,1.05000,24.87426,2
620,5.41646,5.85499,0.99048,0.00000,1.05000,23.94484,2
621,5.41761,5.85974,1.00000,0.00000,1.05000,24.61121,2
622,5.41961,5.86448,1.00000,0.00000,1.05000,24.85070,2
623,5.42221,5.86921,1.00000,0.00000,1.05000,24.65470,2
624,5.42436,5.87394,0.99797,0.00000,1.05000,24.44667,2
625,5.42620,5.87865,0.99755,0.00000,1.05000,24.28356,2
626,5.42771,5.88335,0.99602,0.00000,1.05000,24.07403,2
627,5.42888,5.88803,1.00000,0.00000,1.05000,24.64327,2
628,5.43112,5.89271,1.00000,0.00000,1.05000,24.74706,2
629,5.43363,5.89737,1.00000,0.00000,1.05000,24.41494,2
630,5.43536,5.90203,0.99476,0.00000,1.05000,24.14599,2
631,5.43690,5.90667,0.99849,0.00000,1.05000,24.18963,2
632,5.43828,5.91130,0.99847,0.00000,1.05000,24.04871,2
633,5.43935,5.91592,1.00000,0.00000,1.05000,24.60001,2
634,5.44166,5.92052,1.00000,0.00000,1.05000,24.40463,2
635,5.44351,5.92512,1.00000,0.00000,1.05000,24.77517,2
636,5.44627,5.92970,1.00000,0.00000,1.05000,25.60305,2
637,5.45102,5.93428,0.99919,0.00000,1.05000,24.20616,2
638,5.45249,5.93885,1.00000,0.00000,1.05000,24.77126,2
639,5.45528,5.94342,1.00000,0.00000,1.05000,24.47481,2
640,5.45737,5.94798,1.00000,0.00000,1.05000,24.31790,2
641,5.45911,5.95252,1.00000,0.00000,1.05000,25.34326,2
642,5.46331,5.95706,1.00000,0.00000,1.05000,24.45803,2
643,5.46540,5.96159,0.99597,0.00000,1.05000,24.28252,2
644,5.46742,5.96612,1.00000,0.00000,1.05000,24.89825,2
645,5.47061,5.97064,1.00000,0.00000,1.05000,25.07337,2
646,5.47422,5.97515,1.00000,0.00000,1.05000,24.63309,2
647,5.47678,5.97965,1.00000,0.00000,1.05000,24.94956,2
648,5.48011,5.98415,1.00000,0.00000,1.05000,25.12334,2
649,5.48386,5.98864,1.00000,0.00000,1.05000,24.65688,2
650,5.48649,5.99313,1.00000,0.00000,0.00000,25.16652,2
651,5.45886,5.99111,0.99367,0.00000,0.00000,25.14828,2
652,5.43203,5.98898,0.97400,0.00000,0.00000,24.77477,2
653,5.40622,5.98675,0.97445,0.00000,0.00000,25.40376,2
654,5.38218,5.98443,0.96130,0.00000,0.00000,25.32263,2
655,5.35930,5.98202,0.94732,0.00000,0.00000,25.16742,2
656,5.33745,5.97953,0.94470,0.00000,0.00000,25.55697,2
657,5.31699,5.97696,0.91944,0.00000,0.00000,24.77949,2
658,5.29695,5.97432,0.92041,0.00000,0.00000,25.30302,2
659,5.27831,5.97161,0.90513,0.00000,0.00000,24.98348,2
660,5.26036,5.96884,0.89830,0.00000,0.00000,25.07019,2
661,5.24336,5.96600,0.89508,0.00000,0.00000,25.30657,2
662,5.22738,5.96311,0.88982,0.00000,0.00000,25.41819,2
663,5.21226,5.96017,0.87549,0.00000,0.00000,25.05944,2
664,5.19761,5.95718,0.86311,0.00000,0.00000,24.79182,2
665,5.18347,5.95414,0.85132,0.00000,0.00000,24.52794,2
666,5.16980,5.95106,0.86062,0.00000,0.00000,25.30792,2
667,5.15739,5.94793,0.86679,0.00000,0.00000,25.90471,2
668,5.14604,5.94477,0.84587,0.00000,0.00000,25.13151,2
669,5.13463,5.94158,0.85011,0.00000,0.00000,25.61193,2
670,5.12415,5.93835,0.83524,0.00000,0.00000,25.12048,2
671,5.11379,5.93509,0.83584,0.00000,0.00000,25.39652,2
672,5.10414,5.93181,0.83039,0.00000,0.00000,25.35404,2
673,5.09492,5.92850,0.80914,0.00000,0.00000,24.51120,2
674,5.08548,5.92516,0.80341,0.00000,0.00000,24.44028,2
675,5.07642,5.92180,0.81761,0.00000,0.00000,25.35839,2
676,5.06849,5.91842,0.80690,0.00000,0.00000,25.00681,2
677,5.06065,5.91502,0.80023,0.00000,0.00000,24.86684,2
678,5.05307,5.91160,0.80523,0.00000,0.00000,25.29276,2
679,5.04618,5.90817,0.80155,0.00000,0.00000,25.27125,2
680,5.03958,5.90472,0.78666,0.00000,0.00000,24.68487,2
681,5.03282,5.90126,0.79738,0.00000,0.00000,25.37983,2
682,5.02692,5.89779,0.79099,0.00000,0.00000,25.20033,2
683,5.02114,5.89430,0.78057,0.00000,0.00000,24.81352,2
684,5.01531,5.89081,0.78743,0.00000,0.00000,25.29157,2
685,5.01010,5.88731,0.78637,0.00000,0.00000,25.35834,2
686,5.00518,5.88380,0.77497,0.00000,0.00000,24.90853,2
687,5.00012,5.88029,0.77807,0.00000,0.00000,25.18058,2
688,4.99549,5.87677,0.77251,0.00000,0.00000,25.00799,2
689,4.99092,5.87324,0.76577,0.00000,0.00000,24.77551,2
690,4.98635,5.86971,0.75466,0.00000,0.00000,24.32557,2
691,4.98163,5.86618,0.76940,0.00000,0.00000,25.17607,2
692,4.97777,5.86264,0.76851,0.00000,0.00000,25.22847,2
693,4.97412,5.85910,0.76379,0.00000,0.00000,25.09639,2
694,4.97055,5.85556,0.77798,0.00000,0.00000,25.90057,2
695,4.96777,5.85202,0.76191,0.00000,0.00000,25.17855,2
696,4.96454,5.84848,0.76911,0.00000,0.00000,25.62496,2
697,4.96182,5.84495,0.75064,0.00000,0.00000,24.77698,2
698,4.95854,5.84141,0.75577,0.00000,0.00000,25.13141,2
699,4.95571,5.83788,0.75400,0.00000,0.00000,25.12639,2
700,4.95300,5.83435,0.75923,0.00000,0.00000,25.47343,2
701,4.95070,5.83083,0.75676,0.00000,0.00000,25.43097,2
702,4.94849,5.82731,0.74617,0.00000,0.00000,24.98023,2
703,4.94604,5.82379,0.74409,0.00000,0.00000,24.96113,2
704,4.94371,5.82028,0.76403,0.00000,0.00000,26.03867,2
705,4.94234,5.81678,0.73879,0.00000,0.00000,24.83766,2
706,4.94012,5.81328,0.75184,0.00000,0.00000,25.57416,2
707,4.93859,5.80979,0.74403,0.00000,0.00000,25.24752,2
708,4.93689,5.80630,0.74291,0.00000,0.00000,25.26453,2
709,4.93531,5.80282,0.74148,0.00000,0.00000,25.26085,2
710,4.93381,5.79935,0.74406,0.00000,0.00000,25.46227,2
711,4.93257,5.79589,0.72936,0.00000,0.00000,24.79327,2
712,4.93089,5.79244,0.74791,0.00000,0.00000,25.79594,2
713,4.93010,5.78899,0.74679,0.00000,0.00000,25.79408,2
714,4.92937,5.78556,0.72216,0.00000,0.00000,24.62277,2
715,4.92780,5.78213,0.73620,0.00000,0.00000,25.40034,2
716,4.92693,5.77871,0.73053,0.00000,0.00000,25.17969,2
717,4.92597,5.77531,0.73643,0.00000,0.00000,25.53193,2
718,4.92535,5.77191,0.73044,0.00000,0.00000,25.29045,2
719,4.92460,5.76852,0.72327,0.00000,0.00000,24.98512,2
720,4.92367,5.76515,0.72161,0.00000,0.00000,24.96355,2
721,4.92281,5.76178,0.73817,0.00000,0.00000,25.84869,2
722,4.92270,5.75843,0.73849,0.00000,0.00000,25.90784,2
723,4.92267,5.75508,0.73052,0.00000,0.00000,25.55678,2
724,4.92240,5.75175,0.71642,0.00000,0.00000,24.89802,2
725,4.92166,5.74844,0.74010,0.00000,0.00000,26.13780,2
726,4.92196,5.74513,0.73403,0.00000,0.00000,25.87199,2
727,4.92206,5.74184,0.73173,0.00000,0.00000,25.79602,2
728,4.92213,5.73856,0.72299,0.00000,0.00000,25.40449,2
729,4.92194,5.73529,0.72883,0.00000,0.00000,25.74228,2
730,4.92204,5.73204,0.71587,0.00000,0.00000,25.13924,2
731,4.92171,5.72880,0.71887,0.00000,0.00000,25.33704,2
732,4.92158,5.72557,0.71622,0.00000,0.00000,25.25151,2
733,4.92143,5.72235,0.71742,0.00000,0.00000,25.35501,2
734,4.92139,5.71915,0.72702,0.00000,0.00000,25.87693,2
735,4.92180,5.71596,0.71681,0.00000,0.00000,25.39316,2
736,4.92183,5.71278,0.71908,0.00000,0.00000,25.55068,2
737,4.92202,5.70962,0.69417,0.00000,0.00000,24.34580,2
738,4.92129,5.70647,0.71448,0.00000,0.00000,25.41808,2
739,4.92147,5.70333,0.71261,0.00000,0.00000,25.35297,2
740,4.92160,5.70020,0.70801,0.00000,0.00000,25.16356,2
741,4.92162,5.69709,0.70641,0.00000,0.00000,25.11825,2
742,4.92162,5.69398,0.70636,0.00000,0.00000,25.15264,2
743,4.92168,5.69089,0.71665,0.00000,0.00000,25.70640,2
744,4.92220,5.68782,0.71004,0.00000,0.00000,25.40837,2
745,4.92249,5.68475,0.71224,0.00000,0.00000,25.55404,2
746,4.92292,5.68171,0.70047,0.00000,0.00000,25.00054,2
747,4.92293,5.67867,0.70975,0.00000,0.00000,25.50386,2
748,4.92337,5.67565,0.71196,0.00000,0.00000,25.64743,2
749,4.92393,5.67264,0.71598,0.00000,0.00000,25.88077,2
750,4.92469,5.66964,0.71399,0.00000,0.00000,25.81196,2
751,4.92540,5.66666,0.70267,0.00000,0.00000,25.27408,2
752,4.92569,5.66370,0.70480,0.00000,0.00000,25.41367,2
753,4.92611,5.66075,0.68888,0.00000,0.00000,24.64791,2
754,4.92594,5.65781,0.70873,0.00000,0.00000,25.68680,2
755,4.92663,5.65488,0.70894,0.00000,0.00000,25.72191,2
756,4.92734,5.65197,0.72191,0.00000,0.00000,26.39743,2
757,4.92859,5.64907,0.72280,0.00000,0.00000,26.45891,2
758,4.92986,5.64619,0.69826,0.00000,0.00000,25.25194,2
759,4.93017,5.64332,0.70772,0.00000,0.00000,25.75949,2
760,4.93090,5.64047,0.70207,0.00000,0.00000,25.50462,2
761,4.93143,5.63763,0.69720,0.00000,0.00000,25.28489,2
762,4.93179,5.63481,0.70243,0.00000,0.00000,25.57284,2
763,4.93238,5.63199,0.69728,0.00000,0.00000,25.33579,2
764,4.93278,5.62920,0.69956,0.00000,0.00000,25.47672,2
765,4.93330,5.62641,0.70812,0.00000,0.00000,25.92856,2
766,4.93417,5.62364,0.69722,0.00000,0.00000,25.40019,2
767,4.93462,5.62088,0.70647,0.00000,0.00000,25.88917,2
768,4.93545,5.61813,0.69843,0.00000,0.00000,25.50378,2
769,4.93597,5.61540,0.70306,0.00000,0.00000,25.76193,2
770,4.93670,5.61269,0.69018,0.00000,0.00000,25.14040,2
771,4.93693,5.60998,0.69406,0.00000,0.00000,25.36489,2
772,4.93736,5.60729,0.69137,0.00000,0.00000,25.25318,2
773,4.93771,5.60461,0.69941,0.00000,0.00000,25.67730,2
774,4.93838,5.60194,0.69172,0.00000,0.00000,25.31449,2
775,4.93877,5.59929,0.68785,0.00000,0.00000,25.14435,2
776,4.93903,5.59665,0.68055,0.00000,0.00000,24.80674,2
777,4.93904,5.59402,0.70187,0.00000,0.00000,25.90389,2
778,4.93993,5.59140,0.68585,0.00000,0.00000,25.11785,2
779,4.94018,5.58879,0.70286,0.00000,0.00000,25.99147,2
780,4.94112,5.58620,0.68932,0.00000,0.00000,25.32639,2
781,4.94153,5.58362,0.69445,0.00000,0.00000,25.60892,2
782,4.94216,5.58105,0.69616,0.00000,0.00000,25.71203,2
783,4.94286,5.57849,0.68956,0.00000,0.00000,25.40005,2
784,4.94331,5.57595,0.70005,0.00000,0.00000,25.94771,2
785,4.94420,5.57342,0.69481,0.00000,0.00000,25.69605,2
786,4.94486,5.57090,0.68885,0.00000,0.00000,25.42108,2
787,4.94531,5.56840,0.70248,0.00000,0.00000,26.12394,2
788,4.94631,5.56591,0.68621,0.00000,0.00000,25.32193,2
789,4.94666,5.56343,0.69412,0.00000,0.00000,25.73971,2
790,4.94734,5.56096,0.68078,0.00000,0.00000,25.08725,2
791,4.94750,5.55851,0.69207,0.00000,0.00000,25.68106,2
792,4.94814,5.55606,0.68083,0.00000,0.00000,25.13331,2
793,4.94835,5.55363,0.69048,0.00000,0.00000,25.64017,2
794,4.94895,5.55121,0.68829,0.00000,0.00000,25.54235,2
795,4.94947,5.54880,0.70616,0.00000,0.00000,26.45678,2
796,4.95070,5.54640,0.68433,0.00000,0.00000,25.37527,2
797,4.95106,5.54402,0.68176,0.00000,0.00000,25.26646,2
798,4.95133,5.54165,0.67886,0.00000,0.00000,25.14183,2
799,4.95151,5.53929,0.70065,0.00000,0.00000,26.25668,2
800,4.95257,5.53694,0.68131,0.00000,0.00000,25.29685,2
801,4.95286,5.53460,0.69766,0.00000,0.00000,26.13649,2
802,4.95381,5.53227,0.69169,0.00000,0.00000,25.84499,2
803,4.95450,5.52996,0.68307,0.00000,0.00000,25.43306,2
804,4.95487,5.52765,0.67999,0.00000,0.00000,25.29485,2
805,4.95512,5.52536,0.68375,0.00000,0.00000,25.50419,2
806,4.95555,5.52308,0.67698,0.00000,0.00000,25.18264,2
807,4.95572,5.52081,0.68263,0.00000,0.00000,25.48074,2
808,4.95612,5.51855,0.67667,0.00000,0.00000,25.20152,2
809,4.95630,5.51630,0.67482,0.00000,0.00000,25.13035,2
810,4.95644,5.51406,0.67180,0.00000,0.00000,25.00188,2
811,4.95648,5.51183,0.67966,0.00000,0.00000,25.41135,2
812,4.95685,5.50961,0.68194,0.00000,0.00000,25.54215,2
813,4.95731,5.50740,0.67940,0.00000,0.00000,25.42901,2
814,4.95768,5.50520,0.66560,0.00000,0.00000,24.75348,2
815,4.95752,5.50301,0.67482,0.00000,0.00000,25.24125,2
816,4.95776,5.50083,0.67441,0.00000,0.00000,25.23668,2
817,4.95799,5.49866,0.67722,0.00000,0.00000,25.39646,2
818,4.95835,5.49649,0.67160,0.00000,0.00000,25.12757,2
819,4.95850,5.49434,0.67454,0.00000,0.00000,25.29171,2
820,4.95877,5.49220,0.66379,0.00000,0.00000,24.77672,2
821,4.95865,5.49006,0.68330,0.00000,0.00000,25.77644,2
822,4.95933,5.48794,0.68055,0.00000,0.00000,25.64958,2
823,4.95989,5.48582,0.68399,0.00000,0.00000,25.83825,2
824,4.96060,5.48372,0.67688,0.00000,0.00000,25.49390,2
825,4.96103,5.48163,0.67674,0.00000,0.00000,25.50349,2
826,4.96146,5.47954,0.67881,0.00000,0.00000,25.61627,2
827,4.96196,5.47747,0.67632,0.00000,0.00000,25.50870,2
828,4.96238,5.47541,0.67853,0.00000,0.00000,25.63170,2
829,4.96289,5.47336,0.67030,0.00000,0.00000,25.23698,2
830,4.96308,5.47132,0.66694,0.00000,0.00000,25.08716,2
831,4.96317,5.46928,0.66913,0.00000,0.00000,25.21142,2
832,4.96335,5.46726,0.67477,0.00000,0.00000,25.51350,2
833,4.96377,5.46524,0.67940,0.00000,0.00000,25.75501,2
834,4.96437,5.46324,0.66621,0.00000,0.00000,25.10944,2
835,4.96446,5.46124,0.67488,0.00000,0.00000,25.56050,2
836,4.96491,5.45925,0.66773,0.00000,0.00000,25.21664,2
837,4.96508,5.45728,0.66672,0.00000,0.00000,25.18344,2
838,4.96524,5.45531,0.66607,0.00000,0.00000,25.16850,2
839,4.96538,5.45335,0.68113,0.00000,0.00000,25.87355,2
840,4.96598,5.45140,0.67391,0.00000,0.00000,25.45733,2
841,4.96613,5.44945,0.66906,0.00000,0.00000,25.17375,2
842,4.96597,5.44752,0.67508,0.00000,0.00000,25.43810,2
843,4.96594,5.44559,0.67376,0.00000,0.00000,25.32881,2
844,4.96574,5.44368,0.67198,0.00000,0.00000,25.20445,2
845,4.96536,5.44176,0.68353,0.00000,0.00000,25.74906,2
846,4.96534,5.43986,0.66579,0.00000,0.00000,24.82317,2
847,4.96452,5.43796,0.67572,0.00000,0.00000,25.29334,2
848,4.96401,5.43607,0.67586,0.00000,0.00000,25.26651,2
849,4.96341,5.43418,0.67967,0.00000,0.00000,25.44074,2
850,4.96291,5.43230,0.68023,0.00000,0.00000,25.44344,2
851,4.96235,5.43042,0.66821,0.00000,0.00000,24.82072,2
852,4.96127,5.42855,0.67936,0.00000,0.00000,25.36200,2
853,4.96057,5.42668,0.67848,0.00000,0.00000,25.29708,2
854,4.95978,5.42481,0.68605,0.00000,0.00000,25.65777,2
855,4.95923,5.42295,0.67315,0.00000,0.00000,24.99677,2
856,4.95813,5.42110,0.66916,0.00000,0.00000,24.79287,2
857,4.95685,5.41925,0.68597,0.00000,0.00000,25.62403,2
858,4.95621,5.41740,0.67920,0.00000,0.00000,25.27008,2
859,4.95525,5.41555,0.67169,0.00000,0.00000,24.88229,2
860,4.95396,5.41371,0.67683,0.00000,0.00000,25.13500,2
861,4.95287,5.41187,0.68040,0.00000,0.00000,25.30880,2
862,4.95189,5.41003,0.68207,0.00000,0.00000,25.37772,2
863,4.95094,5.40820,0.66994,0.00000,0.00000,24.76776,2
864,4.94949,5.40637,0.68697,0.00000,0.00000,25.62683,2
865,4.94874,5.40455,0.67571,0.00000,0.00000,25.05453,2
866,4.94750,5.40272,0.67742,0.00000,0.00000,25.14346,2
867,4.94634,5.40090,0.69213,0.00000,0.00000,25.87536,2
868,4.94575,5.39908,0.67231,0.00000,0.00000,24.87334,2
869,4.94433,5.39727,0.67710,0.00000,0.00000,25.11140,2
870,4.94311,5.39546,0.67454,0.00000,0.00000,24.98490,2
871,4.94178,5.39365,0.68990,0.00000,0.00000,25.75627,2
872,4.94106,5.39184,0.67674,0.00000,0.00000,25.08896,2
873,4.93979,5.39004,0.68186,0.00000,0.00000,25.34884,2
874,4.93873,5.38824,0.68415,0.00000,0.00000,25.46446,2
875,4.93775,5.38644,0.67655,0.00000,0.00000,25.08711,2
876,4.93648,5.38464,0.67949,0.00000,0.00000,25.24347,2
877,4.93534,5.38285,0.67509,0.00000,0.00000,25.03461,2
878,4.93405,5.38106,0.68710,0.00000,0.00000,25.64336,2
879,4.93325,5.37927,0.68344,0.00000,0.00000,25.45930,2
880,4.93230,5.37749,0.66505,0.00000,0.00000,24.54103,2
881,4.93062,5.37571,0.67547,0.00000,0.00000,25.07999,2
882,4.92939,5.37393,0.67255,0.00000,0.00000,24.94657,2
883,4.92808,5.37215,0.66897,0.00000,0.00000,24.78279,2
884,4.92666,5.37037,0.67367,0.00000,0.00000,25.03371,2
885,4.92547,5.36860,0.67349,0.00000,0.00000,25.03286,2
886,4.92428,5.36683,0.68707,0.00000,0.00000,25.71751,2
887,4.92363,5.36506,0.66667,0.00000,0.00000,24.69719,2
888,4.92218,5.36329,0.67886,0.00000,0.00000,25.32444,2
889,4.92124,5.36153,0.66503,0.00000,0.00000,24.64001,2
890,4.91977,5.35977,0.67427,0.00000,0.00000,25.11831,2
891,4.91870,5.35801,0.68276,0.00000,0.00000,25.55067,2
892,4.91798,5.35625,0.66453,0.00000,0.00000,24.65028,2
893,4.91657,5.35449,0.67891,0.00000,0.00000,25.39009,2
894,4.91576,5.35274,0.66578,0.00000,0.00000,24.74254,2
895,4.91445,5.35100,0.67713,0.00000,0.00000,25.33248,2
896,4.91364,5.34925,0.66636,0.00000,0.00000,24.80918,2
897,4.91244,5.34751,0.67202,0.00000,0.00000,25.11598,2
898,4.91151,5.34577,0.66794,0.00000,0.00000,24.93044,2
899,4.91046,5.34403,0.67501,0.26000,0.00000,25.30285,2
900,4.92012,5.34230,0.68173,0.26000,0.00000,25.41857,2
901,4.92938,5.34061,0.67519,0.26000,0.00000,24.91891,2
902,4.93783,5.33896,0.67901,0.26000,0.00000,24.95133,2
903,4.94592,5.33736,0.69117,0.26000,0.00000,25.40427,2
904,4.95399,5.33579,0.68601,0.26000,0.00000,24.99370,2
905,4.96138,5.33426,0.69074,0.26000,0.00000,25.09217,2
906,4.96850,5.33277,0.69377,0.26000,0.00000,25.10814,2
907,4.97531,5.33132,0.70521,0.26000,0.00000,25.54689,2
908,4.98214,5.32989,0.70760,0.26000,0.00000,25.51852,2
909,4.98861,5.32850,0.67843,0.26000,0.00000,23.92718,2
910,4.99352,5.32714,0.69758,0.26000,0.00000,24.78040,2
911,4.99885,5.32581,0.69808,0.26000,0.00000,24.68362,2
912,5.00383,5.32450,0.70921,0.26000,0.00000,25.12965,2
913,5.00890,5.32322,0.70472,0.26000,0.00000,24.78372,2
914,5.01342,5.32196,0.70936,0.26000,0.00000,24.91262,2
915,5.01780,5.32072,0.69808,0.26000,0.00000,24.23924,2
916,5.02141,5.31951,0.69875,0.26000,0.00000,24.18247,2
917,5.02478,5.31832,0.71565,0.26000,0.00000,24.93732,2
918,5.02853,5.31715,0.70730,0.26000,0.00000,24.42251,2
919,5.03166,5.31599,0.72206,0.26000,0.00000,25.07599,2
920,5.03511,5.31485,0.71747,0.26000,0.00000,24.75447,2
921,5.03810,5.31374,0.71036,0.26000,0.00000,24.31363,2
922,5.04056,5.31263,0.73429,0.26000,0.00000,25.43892,2
923,5.04374,5.31154,0.71177,0.26000,0.00000,24.22183,2
924,5.04577,5.31047,0.70970,0.26000,0.00000,24.04815,2
925,5.04752,5.30941,0.71955,0.26000,0.00000,24.47443,2
926,5.04946,5.30837,0.71814,0.26000,0.00000,24.33570,2
927,5.05114,5.30733,0.72986,0.26000,0.00000,24.85994,2
928,5.05310,5.30631,0.72952,0.26000,0.00000,24.77795,2
929,5.05485,5.30529,0.74601,0.26000,0.00000,25.53681,2
930,5.05706,5.30429,0.72811,0.26000,0.00000,24.57309,2
931,5.05837,5.30330,0.73236,0.26000,0.00000,24.72694,2
932,5.05967,5.30232,0.74074,0.26000,0.00000,25.09001,2
933,5.06114,5.30135,0.73859,0.26000,0.00000,24.91818,2
934,5.06234,5.30039,0.73459,0.26000,0.00000,24.66894,2
935,5.06324,5.29944,0.73307,0.26000,0.00000,24.54081,2
936,5.06394,5.29849,0.73068,0.26000,0.00000,24.37720,2
937,5.06442,5.29756,0.72188,0.26000,0.00000,23.89424,2
938,5.06444,5.29662,0.73713,0.26000,0.00000,24.62221,2
939,5.06496,5.29570,0.74034,0.26000,0.00000,24.73930,2
940,5.06548,5.29477,0.74756,0.26000,0.00000,25.05982,2
941,5.06617,5.29386,0.73761,0.26000,0.00000,24.52309,2
942,5.06637,5.29294,0.72773,0.26000,0.00000,23.99837,2
943,5.06609,5.29204,0.73209,0.26000,0.00000,24.18718,2
944,5.06590,5.29113,0.73423,0.26000,0.00000,24.26752,2
945,5.06573,5.29023,0.74455,0.26000,0.00000,24.75291,2
946,5.06588,5.28934,0.75343,0.26000,0.00000,25.16973,2
947,5.06630,5.28844,0.74914,0.26000,0.00000,24.91522,2
948,5.06644,5.28755,0.74582,0.26000,0.00000,24.71906,2
949,5.06637,5.28667,0.74410,0.26000,0.00000,24.60749,2
950,5.06617,5.28579,0.74873,0.26000,0.00000,24.81416,2
951,5.06607,5.28491,0.75116,0.26000,0.00000,24.91358,2
952,5.06602,5.28403,0.73453,0.26000,0.00000,24.05478,2
953,5.06523,5.28316,0.74337,0.26000,0.00000,24.48719,2
954,5.06478,5.28229,0.74186,0.26000,0.00000,24.39511,2
955,5.06422,5.28142,0.73641,0.26000,0.00000,24.11433,2
956,5.06342,5.28055,0.73130,0.26000,0.00000,23.84553,2
957,5.06240,5.27968,0.73102,0.26000,0.00000,23.82555,2
958,5.06135,5.27881,0.73039,0.26000,0.00000,23.78695,2
959,5.06027,5.27794,0.73735,0.26000,0.00000,24.12519,2
960,5.05944,5.27707,0.74853,0.26000,0.00000,24.67452,2
961,5.05902,5.27620,0.75467,0.26000,0.00000,24.96064,2
962,5.05880,5.27533,0.74946,0.26000,0.00000,24.68383,2
963,5.05832,5.27447,0.74671,0.26000,0.00000,24.53973,2
964,5.05772,5.27360,0.73807,0.26000,0.00000,24.09903,2
965,5.05675,5.27274,0.73099,0.26000,0.00000,23.73858,2
966,5.05550,5.27188,0.72721,0.26000,0.00000,23.55058,2
967,5.05411,5.27101,0.73064,0.26000,0.00000,23.72864,2
968,5.05288,5.27014,0.76132,0.26000,0.00000,25.26583,2
969,5.05287,5.26927,0.74071,0.26000,0.00000,24.21462,2
970,5.05198,5.26841,0.73293,0.26000,0.00000,23.82805,2
971,5.05081,5.26754,0.74161,0.26000,0.00000,24.26618,2
972,5.04999,5.26667,0.73356,0.26000,0.00000,23.85983,2
973,5.04884,5.26581,0.75290,0.26000,0.00000,24.83107,2
974,5.04847,5.26494,0.73330,0.26000,0.00000,23.84289,2
975,5.04731,5.26407,0.74786,0.26000,0.00000,24.57784,2
976,5.04673,5.26321,0.73378,0.26000,0.00000,23.87289,2
977,5.04561,5.26234,0.73774,0.26000,0.00000,24.07752,2
978,5.04466,5.26147,0.73576,0.26000,0.00000,23.98318,2
979,5.04365,5.26061,0.73657,0.26000,0.00000,24.02733,2
980,5.04268,5.25974,0.73519,0.26000,0.00000,23.96735,2
981,5.04168,5.25887,0.74116,0.26000,0.00000,24.27318,2
982,5.04094,5.25800,0.72653,0.26000,0.00000,23.54440,2
983,5.03963,5.25713,0.74007,0.26000,0.00000,24.23581,2
984,5.03890,5.25626,0.74372,0.26000,0.00000,24.42082,2
985,5.03831,5.25539,0.73691,0.26000,0.00000,24.07854,2
986,5.03745,5.25453,0.73256,0.26000,0.00000,23.86691,2
987,5.03644,5.25366,0.73154,0.26000,0.00000,23.82393,2
988,5.03541,5.25279,0.72543,0.26000,0.00000,23.52777,2
989,5.03416,5.25192,0.73846,0.26000,0.00000,24.20571,2
990,5.03350,5.25105,0.72741,0.26000,0.00000,23.65843,2
991,5.03242,5.25018,0.74450,0.26000,0.00000,24.52944,2
992,5.03205,5.24931,0.73043,0.26000,0.00000,23.82781,2
993,5.03112,5.24844,0.74575,0.26000,0.00000,24.60832,2
994,5.03084,5.24757,0.72339,0.26000,0.00000,23.49107,2
995,5.02968,5.24670,0.74020,0.26000,0.00000,24.34934,2
996,5.02922,5.24583,0.72945,0.26000,0.00000,23.81946,2
997,5.02836,5.24497,0.73279,0.26000,0.00000,24.00071,2
998,5.02766,5.24410,0.73213,0.26000,0.00000,23.97623,2
999,5.02696,5.24324,0.72969,0.26000,0.00000,23.86498,2
1000,5.02618,5.24237,0.72921,0.26000,0.00000,23.84626,2
1001,5.02541,5.24151,0.71960,0.26000,0.00000,23.38019,2
1002,5.02429,5.24064,0.72315,0.26000,0.00000,23.57696,2
1003,5.02336,5.23978,0.73427,0.26000,0.00000,24.14412,2
1004,5.02290,5.23891,0.72249,0.26000,0.00000,23.55957,2
1005,5.02198,5.23805,0.73264,0.26000,0.00000,24.08470,2
1006,5.02151,5.23718,0.71282,0.26000,0.00000,23.10593,2
1007,5.02028,5.23632,0.73724,0.26000,0.00000,24.35557,2
1008,5.02009,5.23545,0.72825,0.26000,0.00000,23.90943,2
1009,5.01955,5.23459,0.72436,0.26000,0.00000,23.72669,2
1010,5.01888,5.23373,0.72738,0.26000,0.00000,23.89148,2
1011,5.01836,5.23287,0.71688,0.26000,0.00000,23.37172,2
1012,5.01744,5.23202,0.72840,0.26000,0.00000,23.96893,2
1013,5.01702,5.23116,0.71818,0.26000,0.00000,23.46820,2
1014,5.01622,5.23030,0.71650,0.26000,0.00000,23.40221,2
1015,5.01541,5.22944,0.70809,0.26000,0.00000,22.81528,2
1016,5.01387,5.22859,0.72491,0.26000,0.00000,23.86924,2
1017,5.01350,5.22773,0.71690,0.26000,0.00000,23.48315,2
1018,5.01285,5.22687,0.71860,0.26000,0.00000,23.57958,2
1019,5.01230,5.22602,0.72703,0.26000,0.00000,24.01768,2
1020,5.01211,5.22516,0.71904,0.26000,0.00000,23.62502,2
1021,5.01162,5.22431,0.73089,0.26000,0.00000,24.23058,2
1022,5.01162,5.22346,0.71909,0.26000,0.00000,23.64408,2
1023,5.01116,5.22261,0.70923,0.26000,0.00000,23.16195,2
1024,5.01033,5.22177,0.71613,0.26000,0.00000,23.52606,2
1025,5.00982,5.22092,0.72552,0.26000,0.00000,24.00839,2
1026,5.00971,5.22008,0.71820,0.26000,0.00000,23.65519,2
1027,5.00934,5.21923,0.70797,0.26000,0.00000,23.15908,2
1028,5.00860,5.21839,0.70936,0.26000,0.00000,23.24270,2
1029,5.00794,5.21756,0.71953,0.26000,0.00000,23.77071,2
1030,5.00773,5.21672,0.71240,0.26000,0.00000,23.42475,2
1031,5.00726,5.21588,0.71304,0.26000,0.00000,23.47342,2
1032,5.00685,5.21505,0.71461,0.26000,0.00000,23.56658,2
1033,5.00654,5.21421,0.71379,0.26000,0.00000,23.54150,2
1034,5.00622,5.21338,0.70930,0.26000,0.00000,23.33107,2
1035,5.00576,5.21255,0.71278,0.26000,0.00000,23.51806,2
1036,5.00546,5.21173,0.70234,0.26000,0.00000,23.00697,2
1037,5.00478,5.21090,0.71224,0.26000,0.00000,23.52635,2
1038,5.00454,5.21008,0.70475,0.26000,0.00000,23.16389,2
1039,5.00403,5.20926,0.71241,0.26000,0.00000,23.56233,2
1040,5.00385,5.20843,0.70089,0.26000,0.00000,22.85575,2
1041,5.00291,5.20762,0.70422,0.26000,0.00000,23.19121,2
1042,5.00250,5.20680,0.70537,0.26000,0.00000,23.26832,2
1043,5.00218,5.20598,0.70318,0.26000,0.00000,23.16993,2
1044,5.00180,5.20516,0.70251,0.26000,0.00000,23.15584,2
1045,5.00143,5.20435,0.71418,0.26000,0.00000,23.75090,2
1046,5.00155,5.20354,0.70737,0.26000,0.00000,23.42390,2
1047,5.00141,5.20273,0.70763,0.26000,0.00000,23.45308,2
1048,5.00133,5.20193,0.70473,0.26000,0.00000,23.31987,2
1049,5.00114,5.20112,0.69792,0.26000,0.00000,21.76575,2
1050,4.99780,5.20032,0.69613,0.26000,0.00000,22.95315,2
1051,4.99746,5.19951,0.69606,0.26000,0.00000,22.81611,2
1052,4.99680,5.19871,0.69554,0.26000,0.00000,22.98729,2
1053,4.99658,5.19790,0.69522,0.26000,0.00000,22.87353,2
1054,4.99612,5.19709,0.69577,0.26000,0.00000,23.05160,2
1055,4.99603,5.19629,0.69674,0.26000,0.00000,23.11012,2
1056,4.99600,5.19549,0.69422,0.26000,0.00000,22.53203,2
1057,4.99478,5.19469,0.69333,0.26000,0.00000,22.88517,2
1058,4.99448,5.19389,0.69380,0.26000,0.00000,23.03761,2
1059,4.99450,5.19309,0.69283,0.26000,0.00000,22.91653,2
1060,4.99431,5.19230,0.70661,0.26000,0.00000,23.70809,2
1061,4.99489,5.19151,0.69224,0.26000,0.00000,22.69903,2
1062,4.99420,5.19072,0.69158,0.26000,0.00000,22.77016,2
1063,4.99373,5.18993,0.69525,0.26000,0.00000,23.21107,2
1064,4.99402,5.18915,0.69594,0.26000,0.00000,23.25829,2
1065,4.99435,5.18837,0.69067,0.26000,0.00000,22.79700,2
1066,4.99399,5.18759,0.69018,0.26000,0.00000,22.36320,2
1067,4.99264,5.18682,0.68920,0.26000,0.00000,22.18683,2
1068,4.99095,5.18604,0.68807,0.26000,0.00000,22.70202,2
1069,4.99060,5.18526,0.68787,0.26000,0.00000,22.94131,2
1070,4.99082,5.18448,0.68776,0.26000,0.00000,22.81768,2
1071,4.99075,5.18371,0.69612,0.26000,0.00000,23.43753,2
1072,4.99148,5.18294,0.68739,0.26000,0.00000,22.49904,2
1073,4.99065,5.18217,0.68662,0.26000,0.00000,22.61779,2
1074,4.99018,5.18140,0.68621,0.26000,0.00000,22.67509,2
1075,4.98986,5.18064,0.68567,0.26000,0.00000,22.52333,2
1076,4.98923,5.17988,0.68810,0.26000,0.00000,23.14675,2
1077,4.98989,5.17911,0.68517,0.26000,0.00000,21.78410,2
1078,4.98752,5.17836,0.68877,0.26000,0.00000,23.26064,2
1079,4.98840,5.17759,0.68383,0.26000,0.00000,22.34918,2
1080,4.98748,5.17684,0.68299,0.26000,0.00000,22.78150,2
1081,4.98767,5.17608,0.68286,0.26000,0.00000,22.80570,2
1082,4.98791,5.17533,0.68284,0.26000,0.00000,22.88954,2
1083,4.98834,5.17458,0.68550,0.26000,0.00000,23.12847,2
1084,4.98912,5.17383,0.68320,0.26000,0.00000,22.71108,2
1085,4.98906,5.17309,0.68299,0.26000,0.00000,22.60237,2
1086,4.98876,5.17236,0.68271,0.26000,0.00000,22.02206,2
1087,4.98710,5.17162,0.68167,0.26000,0.00000,22.43470,2
1088,4.98651,5.17088,0.68479,0.26000,0.00000,23.17259,2
1089,4.98743,5.17015,0.68175,0.26000,0.00000,22.20152,2
1090,4.98626,5.16941,0.68089,0.26000,0.00000,22.43070,2
1091,4.98572,5.16868,0.68052,0.26000,0.00000,22.39012,2
1092,4.98510,5.16795,0.68007,0.26000,0.00000,22.42460,2
1093,4.98461,5.16722,0.67967,0.26000,0.00000,22.15948,2
1094,4.98351,5.16649,0.67893,0.26000,0.00000,22.36793,2
1095,4.98298,5.16576,0.67854,0.26000,0.00000,22.75341,2
1096,4.98339,5.16503,0.67862,0.26000,0.00000,22.63464,2
1097,4.98350,5.16430,0.67847,0.26000,0.00000,21.94378,2
1098,4.98197,5.16358,0.67742,0.26000,0.00000,22.28237,2
1099,4.98134,5.16285,0.67700,0.26000,0.00000,22.62992,2
1100,4.98158,5.16212,0.67697,0.26000,0.00000,22.05411,2
1101,4.98043,5.16140,0.67611,0.26000,0.00000,22.67477,2
1102,4.98084,5.16068,0.67621,0.26000,0.00000,21.64320,2
1103,4.97877,5.15996,0.67481,0.26000,0.00000,22.64668,2
1104,4.97922,5.15923,0.67499,0.26000,0.00000,21.88917,2
1105,4.97784,5.15851,0.67396,0.26000,0.00000,22.70589,2
1106,4.97850,5.15779,0.67419,0.26000,0.00000,21.56266,2
1107,4.97640,5.15707,0.67273,0.26000,0.00000,21.89881,2
1108,4.97523,5.15635,0.67198,0.26000,0.00000,22.24400,2
1109,4.97496,5.15563,0.67165,0.26000,0.00000,21.41158,2
1110,4.97273,5.15490,0.67015,0.26000,0.00000,22.05777,2
1111,4.97217,5.15417,0.66972,0.26000,0.00000,22.24541,2
1112,4.97210,5.15345,0.66941,0.26000,0.00000,21.94684,2
1113,4.97133,5.15272,0.66868,0.26000,0.00000,21.72206,2
1114,4.97009,5.15200,0.66773,0.26000,0.00000,21.72428,2
1115,4.96894,5.15127,0.66686,0.26000,0.00000,22.21456,2
1116,4.96904,5.15054,0.66666,0.26000,0.00000,21.57927,2
1117,4.96763,5.14981,0.66552,0.26000,0.00000,21.55829,2
1118,4.96627,5.14908,0.66452,0.26000,0.00000,21.98020,2
1119,4.96600,5.14835,0.66411,0.26000,0.00000,21.88570,2
1120,4.96554,5.14762,0.66350,0.26000,0.00000,21.69664,2
1121,4.96467,5.14690,0.66267,0.26000,0.00000,20.90745,2
1122,4.96200,5.14617,0.66085,0.26000,0.00000,21.68011,2
1123,4.96134,5.14543,0.66028,0.26000,0.00000,21.17460,2
1124,4.95952,5.14469,0.65889,0.26000,0.00000,20.98109,2
1125,4.95737,5.14395,0.65738,0.26000,0.00000,22.06930,2
1126,4.95795,5.14321,0.65741,0.26000,0.00000,21.63467,2
1127,4.95748,5.14247,0.65664,0.26000,0.00000,21.26464,2
1128,4.95618,5.14173,0.65548,0.26000,0.00000,20.95453,2
1129,4.95425,5.14098,0.65402,0.26000,0.00000,22.50687,2
1130,4.95615,5.14024,0.65474,0.26000,0.00000,22.02067,2
1131,4.95680,5.13950,0.65447,0.26000,0.00000,21.47112,2
1132,4.95615,5.13877,0.65358,0.26000,0.00000,21.74520,2
1133,4.95622,5.13804,0.65319,0.26000,0.00000,21.59947,2
1134,4.95597,5.13731,0.65256,0.26000,0.00000,22.00514,2
1135,4.95673,5.13659,0.65252,0.26000,0.00000,20.93545,2
1136,4.95493,5.13587,0.65098,0.26000,0.00000,22.18529,2
1137,4.95624,5.13514,0.65136,0.26000,0.00000,21.42647,2
1138,4.95569,5.13443,0.65046,0.26000,0.00000,21.03322,2
1139,4.95428,5.13371,0.64923,0.26000,0.00000,21.70993,2
1140,4.95458,5.13299,0.64901,0.26000,0.00000,21.56924,2
1141,4.95456,5.13228,0.64847,0.26000,0.00000,21.03491,2
1142,4.95330,5.13157,0.64727,0.26000,0.00000,21.51823,2
1143,4.95330,5.13086,0.64686,0.26000,0.00000,21.41206,2
1144,4.95307,5.13015,0.64621,0.26000,0.00000,21.68376,2
1145,4.95353,5.12944,0.64597,0.26000,0.00000,21.07987,2
1146,4.95256,5.12873,0.64488,0.26000,0.00000,21.57768,2
1147,4.95287,5.12803,0.64461,0.26000,0.00000,22.26519,2
1148,4.95482,5.12733,0.64516,0.26000,0.00000,20.82946,2
1149,4.95328,5.12664,0.64845,0.26000,0.00000,20.94405,2
1150,4.95176,5.12595,0.65201,0.26000,0.00000,20.42669,2
1151,4.94874,5.12525,0.65470,0.26000,0.00000,20.88480,2
1152,4.94663,5.12454,0.65800,0.26000,0.00000,21.25413,2
1153,4.94515,5.12383,0.66155,0.26000,0.00000,21.44596,2
1154,4.94385,5.12312,0.66514,0.26000,0.00000,21.31526,2
1155,4.94197,5.12240,0.66837,0.26000,0.00000,21.23488,2
1156,4.93965,5.12168,0.67139,0.26000,0.00000,20.03398,2
1157,4.93426,5.12095,0.67269,0.26000,0.00000,20.26616,2
1158,4.92938,5.12020,0.67446,0.26000,0.00000,20.58326,2
1159,4.92517,5.11944,0.67846,0.26000,0.00000,20.95191,2
1160,4.92156,5.11866,0.68270,0.26000,0.00000,21.47311,2
1161,4.91890,5.11787,0.68258,0.26000,0.00000,21.12518,2
1162,4.91544,5.11708,0.68191,0.26000,0.00000,21.32005,2
1163,4.91254,5.11627,0.68157,0.26000,0.00000,21.31870,2
1164,4.90969,5.11546,0.68119,0.26000,0.00000,20.66969,2
1165,4.90535,5.11463,0.67994,0.26000,0.00000,21.15909,2
1166,4.90233,5.11380,0.67950,0.26000,0.00000,20.70764,2
1167,4.89830,5.11295,0.67835,0.26000,0.00000,20.99571,2
1168,4.89509,5.11209,0.67771,0.26000,0.00000,20.96463,2
1169,4.89190,5.11122,0.67696,0.26000,0.00000,20.76687,2
1170,4.88832,5.11035,0.67597,0.26000,0.00000,21.17665,2
1171,4.88584,5.10946,0.67558,0.26000,0.00000,21.25795,2
1172,4.88360,5.10856,0.67522,0.26000,0.00000,20.85147,2
1173,4.88045,5.10766,0.67429,0.26000,0.00000,21.31069,2
1174,4.87850,5.10676,0.67408,0.26000,0.00000,21.10918,2
1175,4.87610,5.10584,0.67350,0.26000,0.00000,21.18273,2
1176,4.87394,5.10492,0.67307,0.26000,0.00000,20.48172,2
1177,4.87016,5.10400,0.67168,0.26000,0.00000,21.10108,2
1178,4.86802,5.10306,0.67130,0.26000,0.00000,20.78970,2
1179,4.86518,5.10212,0.67037,0.26000,0.00000,20.64761,2
1180,4.86210,5.10118,0.66934,0.26000,0.00000,20.86697,2
1181,4.85966,5.10022,0.66864,0.26000,0.00000,20.46890,2
1182,4.85635,5.09926,0.66738,0.26000,0.00000,20.98378,2
1183,4.85439,5.09829,0.66692,0.26000,0.00000,20.62043,2
1184,4.85163,5.09731,0.66587,0.26000,0.00000,21.08392,2
1185,4.85008,5.09633,0.66553,0.26000,0.00000,20.96495,2
1186,4.84828,5.09534,0.66495,0.26000,0.00000,20.65107,2
1187,4.84580,5.09435,0.66397,0.26000,0.00000,20.54216,2
1188,4.84315,5.09336,0.66294,0.26000,0.00000,20.45712,2
1189,4.84041,5.09236,0.66184,0.26000,0.00000,20.63978,2
1190,4.83822,5.09135,0.66102,0.26000,0.00000,20.83640,2
1191,4.83658,5.09034,0.66044,0.26000,0.00000,20.87009,2
1192,4.83508,5.08932,0.65987,0.26000,0.00000,20.77867,2
1193,4.83342,5.08831,0.65919,0.26000,0.00000,20.68978,2
1194,4.83161,5.08729,0.66322,0.26000,0.00000,20.87204,2
1195,4.82992,5.08626,0.66731,0.26000,0.00000,21.04889,2
1196,4.82834,5.08524,0.67144,0.26000,0.00000,20.38886,2
1197,4.82486,5.08421,0.67447,0.26000,0.00000,19.94588,2
1198,4.82013,5.08317,1.00000,0.26000,0.00000,20.55010,1
1199,4.79084,5.08212,1.00000,0.26000,0.00000,20.32912,1
1200,4.76140,5.08096,1.00000,0.26000,0.00000,20.68310,1
1201,4.73318,5.07968,1.00000,0.26000,0.00000,21.04484,1
1202,4.70619,5.07829,1.00000,0.26000,0.00000,20.09540,1
1203,4.67727,5.07680,1.00000,0.26000,0.00000,20.60021,1
1204,4.64993,5.07521,0.99388,0.26000,0.00000,20.57639,1
1205,4.62336,5.07351,0.99233,0.26000,0.00000,20.29313,1
1206,4.59657,5.07170,0.98551,0.26000,0.00000,20.19808,1
1207,4.57044,5.06980,0.97877,0.26000,0.00000,20.01073,1
1208,4.54473,5.06781,0.97193,0.26000,0.00000,20.06157,1
1209,4.52001,5.06571,0.96533,1.26000,0.00000,20.01403,1
1210,4.53600,5.06353,0.97638,1.26000,0.00000,20.47280,1
1211,4.55197,5.06142,0.98433,1.26000,0.00000,20.44393,1
1212,4.56700,5.05938,0.99194,1.26000,0.00000,20.30394,1
1213,4.58087,5.05741,0.99913,1.26000,0.00000,20.48701,1
1214,4.59439,5.05551,1.00000,1.26000,0.00000,20.58088,1
1215,4.60786,5.05366,1.00000,1.26000,0.00000,20.09554,1
1216,4.61999,5.05188,1.00000,1.26000,0.00000,20.44678,1
1217,4.63276,5.05015,1.00000,1.26000,0.00000,20.51128,1
1218,4.64551,5.04848,1.00000,1.26000,0.00000,20.52906,1
1219,4.65810,5.04687,1.00000,1.26000,0.72000,21.16234,1
1220,4.69363,5.04978,1.00000,1.26000,0.72000,20.33631,1
1221,4.72674,5.05282,1.00000,0.26000,0.72000,20.56674,1
1222,4.72000,5.05598,1.00000,0.26000,0.72000,20.69673,1
1223,4.71369,5.05910,1.00000,0.26000,0.72000,19.76659,1
1224,4.70529,5.06218,1.00000,0.26000,0.72000,20.10366,1
1225,4.69783,5.06522,1.00000,0.26000,0.72000,19.33552,1
1226,4.68867,5.06821,1.00000,0.26000,0.72000,19.54858,1
1227,4.68018,5.07116,1.00000,0.26000,0.72000,20.18284,1
1228,4.67334,5.07406,1.00000,0.26000,0.72000,19.61540,1
1229,4.66527,5.07692,1.00000,0.26000,0.72000,19.78943,1
1230,4.65776,5.07974,1.00000,0.26000,0.72000,19.82084,1
1231,4.65045,5.08251,1.00000,0.26000,0.72000,19.73169,1
1232,4.64305,5.08525,1.00000,0.26000,0.72000,19.93522,1
1233,4.63627,5.08794,1.00000,0.26000,0.72000,20.20031,1
1234,4.63023,5.09060,0.99814,0.26000,0.72000,19.49951,1
1235,4.62279,5.09322,0.99863,0.26000,0.72000,20.19157,1
1236,4.61708,5.09581,1.00000,0.26000,0.72000,20.13087,1
1237,4.61122,5.09836,0.99731,0.26000,0.72000,19.39729,1
1238,4.60394,5.10087,0.99767,0.26000,0.72000,19.98559,1
1239,4.59815,5.10335,0.99891,0.26000,0.72000,20.02292,1
1240,4.59245,5.10579,1.00000,0.26000,0.72000,19.37597,1
1241,4.58523,5.10820,0.99642,0.26000,0.72000,19.33224,1
1242,4.57831,5.11057,0.99681,0.26000,0.72000,19.76141,1
1243,4.57250,5.11291,0.99772,0.26000,0.72000,19.83144,1
1244,4.56689,5.11521,0.99859,0.26000,0.72000,19.16198,1
1245,4.55971,5.11748,0.99851,0.26000,0.72000,20.15642,1
1246,4.55503,5.11971,0.99987,0.26000,0.72000,19.49009,1
1247,4.54874,5.12192,1.00000,0.26000,0.72000,19.52001,1
1248,4.54261,5.12409,0.99715,0.26000,0.72000,19.90431,1
1249,4.53774,5.12623,0.99813,0.26000,0.72000,19.38255,1
1250,4.53163,5.12834,0.99826,0.26000,0.72000,19.71275,1
1251,4.52640,5.13042,0.99892,0.26000,0.72000,20.01596,1
1252,4.52193,5.13246,0.99987,0.26000,0.72000,19.86951,1
1253,4.51712,5.13449,1.00000,0.26000,0.72000,20.31360,1
1254,4.51344,5.13648,0.99885,1.26000,0.72000,19.62938,1
1255,4.54830,5.13845,1.00000,1.26000,0.72000,19.54765,1
1256,4.58242,5.14056,1.00000,1.26000,0.72000,20.36265,1
1257,4.61806,5.14279,1.00000,1.26000,0.72000,19.41974,1
1258,4.65101,5.14515,0.63151,1.26000,0.72000,19.45805,2
1259,4.71311,5.14764,0.71502,1.26000,0.72000,19.65904,2
1260,4.76822,5.15037,0.73295,1.26000,0.72000,18.89251,2
1261,4.81937,5.15330,0.74984,1.26000,0.72000,20.36411,2
1262,4.87202,5.15643,0.76844,1.26000,0.72000,19.00852,2
1263,4.91929,5.15976,0.78450,1.26000,0.72000,19.71240,2
1264,4.96637,5.16326,0.80139,1.26000,0.72000,19.66855,2
1265,5.01140,5.16693,0.81767,1.26000,0.72000,19.35485,2
1266,5.05383,5.17078,0.83316,0.26000,0.72000,19.15259,2
1267,5.05402,5.17477,0.83046,0.26000,0.72000,19.14713,2
1268,5.05445,5.17875,0.83128,0.26000,0.72000,19.64595,2
1269,5.05604,5.18272,0.83273,0.26000,0.72000,19.61635,2
1270,5.05747,5.18668,0.83402,0.26000,0.72000,19.19766,2
1271,5.05782,5.19062,0.83474,0.26000,0.72000,19.01747,2
1272,5.05772,5.19456,0.83529,0.26000,0.72000,19.52808,2
1273,5.05884,5.19847,0.83656,0.26000,0.72000,19.48353,2
1274,5.05977,5.20238,0.83764,0.26000,0.72000,19.78152,2
1275,5.06136,5.20627,0.83911,0.26000,0.72000,19.19756,2
1276,5.06147,5.21016,0.83972,0.26000,0.72000,19.07210,2
1277,5.06126,5.21403,0.84027,0.26000,0.72000,19.03469,2
1278,5.06097,5.21788,0.84080,0.26000,0.72000,19.29714,2
1279,5.06131,5.22172,0.84168,0.26000,0.72000,19.33427,2
1280,5.06170,5.22554,0.84255,0.26000,0.72000,18.79469,2
1281,5.06078,5.22935,0.84268,0.26000,0.72000,19.65886,2
1282,5.06195,5.23314,0.84408,0.26000,0.72000,19.08606,2
1283,5.06168,5.23692,0.84451,0.26000,0.72000,19.06631,2
1284,5.06136,5.24068,0.84504,0.26000,0.72000,19.83772,2
1285,5.06289,5.24443,0.84660,0.26000,0.72000,18.86864,2
1286,5.06201,5.24816,0.84667,0.26000,0.72000,19.60726,2
1287,5.06293,5.25188,0.84794,0.26000,0.72000,19.05275,2
1288,5.06246,5.25559,0.84829,0.26000,0.72000,19.33088,2
1289,5.06267,5.25928,0.84913,0.26000,0.72000,18.77246,2
1290,5.06152,5.26296,0.84916,0.26000,0.72000,19.24258,2
1291,5.06154,5.26662,0.84994,0.26000,0.72000,18.44675,2
1292,5.05964,5.27026,0.84956,0.26000,0.72000,19.56848,2
1293,5.06051,5.27388,0.85085,0.26000,0.72000,19.17931,2
1294,5.06038,5.27749,0.85137,0.26000,0.72000,18.97998,2
1295,5.05977,5.28109,0.85171,0.26000,0.72000,19.42002,2
1296,5.06023,5.28467,0.85267,0.26000,0.72000,19.34117,2
1297,5.06046,5.28823,0.85342,0.26000,0.72000,19.23496,2
1298,5.06041,5.29179,0.85404,0.26000,0.72000,18.82278,2
1299,5.05937,5.29533,0.85413,0.26000,0.72000,19.84846,2
1300,5.06081,5.29885,0.85568,0.26000,0.72000,18.76106,2
1301,5.05957,5.30236,0.85553,0.26000,0.72000,19.07633,2
1302,5.05914,5.30585,0.85604,0.26000,0.72000,19.27482,2
1303,5.05918,5.30933,0.85675,0.26000,0.72000,18.86513,2
1304,5.05823,5.31279,0.85687,0.26000,0.72000,19.11833,2
1305,5.05793,5.31624,0.85741,0.26000,0.72000,18.74177,2
1306,5.05672,5.31967,0.85740,0.26000,0.72000,18.27391,2
1307,5.05446,5.32308,0.85685,0.26000,0.72000,19.08215,2
1308,5.05423,5.32647,0.85751,0.26000,0.72000,19.27574,2
1309,5.05445,5.32984,0.85824,0.26000,0.72000,19.38326,2
1310,5.05490,5.33321,0.85908,0.26000,0.72000,18.65111,2
1311,5.05357,5.33656,0.85890,0.26000,0.72000,18.89165,2
1312,5.05288,5.33989,0.85921,0.26000,0.72000,18.99699,2
1313,5.05246,5.34321,0.85961,0.26000,0.72000,19.26068,2
1314,5.05268,5.34651,0.86035,0.26000,0.72000,18.37141,2
1315,5.05076,5.34980,0.85983,0.26000,0.72000,18.78593,2
1316,5.04993,5.35306,0.86008,0.26000,0.72000,18.24450,2
1317,5.04783,5.35631,0.85952,0.26000,0.72000,18.54855,2
1318,5.04657,5.35954,0.85951,0.26000,0.72000,18.27379,2
1319,5.04470,5.36276,0.85908,0.26000,0.72000,18.57379,2
1320,5.06976,5.36595,0.87181,0.26000,0.72000,18.44029,2
1321,5.09357,5.36923,0.88196,0.26000,0.72000,18.76661,2
1322,5.11738,5.37259,0.89247,0.26000,0.72000,18.93096,2
1323,5.14078,5.37603,0.90302,0.26000,0.72000,18.52305,2
1324,5.16241,5.37956,0.91286,0.26000,0.72000,18.41267,2
1325,5.18304,5.38315,0.92253,0.26000,0.72000,18.80113,2
1326,5.20388,5.38681,0.93262,0.26000,0.72000,18.49984,2
1327,5.22327,5.39055,0.94211,0.26000,0.72000,18.90071,2
1328,5.24292,5.39434,0.95207,0.26000,0.72000,18.52291,2
1329,5.26096,5.39820,0.96133,0.26000,0.72000,19.44470,2
1330,5.28054,5.40211,0.97178,0.26000,0.72000,18.22494,2
1331,5.29648,5.40609,0.98028,0.26000,0.72000,17.96680,2
1332,5.31122,5.41012,0.98858,0.26000,0.72000,18.37380,2
1333,5.32636,5.41419,0.99736,0.26000,0.72000,18.26708,2
1334,5.34066,5.41830,1.00000,0.26000,0.72000,18.78209,2
1335,5.35591,5.42245,1.00000,0.26000,0.72000,18.66126,2
1336,5.37071,5.42665,1.00000,0.26000,0.72000,18.45907,2
1337,5.38488,5.43089,1.00000,0.26000,0.72000,18.45664,2
1338,5.39891,5.43517,1.00000,0.26000,0.72000,18.42181,2
1339,5.41271,5.43949,1.00000,0.26000,0.72000,18.39811,2
1340,5.42632,5.44385,1.00000,0.26000,0.72000,18.10993,2
1341,5.43910,5.44824,1.00000,0.26000,0.72000,17.69529,2
1342,5.45079,5.45267,1.00000,0.26000,0.72000,18.48231,2
1343,5.46423,5.45712,1.00000,0.26000,0.72000,18.46997,2
1344,5.47752,5.46162,1.00000,0.26000,0.72000,18.23071,2
1345,5.49011,5.46614,1.00000,0.26000,0.72000,18.46302,2
1346,5.50314,5.47070,1.00000,0.26000,0.72000,17.87179,2
1347,5.51464,5.47530,1.00000,0.26000,0.72000,17.85153,2
1348,5.52598,5.47992,1.00000,0.26000,0.72000,18.12865,2
1349,5.53789,5.48457,1.00000,0.26000,0.72000,18.34417,2
1350,5.55020,5.48924,1.00000,0.26000,0.72000,18.25166,2
1351,5.56218,5.49395,1.00000,0.26000,0.72000,18.02748,2
1352,5.57352,5.49869,1.00000,0.26000,0.72000,18.33404,2
1353,5.58549,5.50345,1.00000,0.26000,0.72000,18.66726,2
1354,5.59814,5.50824,1.00000,0.26000,0.72000,18.69294,2
1355,5.61074,5.51307,1.00000,0.26000,0.72000,18.17819,2
1356,5.62200,5.51792,1.00000,0.26000,0.72000,18.40521,2
1357,5.63371,5.52280,1.00000,0.26000,0.72000,18.28927,2
1358,5.64504,5.52771,1.00000,0.26000,0.72000,19.07033,2
1359,5.65813,5.53264,1.00000,0.26000,0.72000,18.33961,2
1360,5.66936,5.53761,1.00000,0.26000,0.72000,17.76092,2
1361,5.67911,5.54260,1.00000,0.26000,0.72000,18.07640,2
1362,5.68955,5.54761,1.00000,0.26000,0.72000,18.25850,2
1363,5.70033,5.55264,1.00000,0.26000,0.72000,18.55788,2
1364,5.71174,5.55770,1.00000,0.26000,0.72000,18.07786,2
1365,5.72191,5.56278,1.00000,0.26000,0.72000,18.98620,2
1366,5.73416,5.56788,1.00000,0.26000,0.72000,18.90423,2
1367,5.74611,5.57301,1.00000,0.26000,0.72000,18.75845,2
1368,5.75761,5.57816,1.00000,0.26000,0.72000,18.47305,2
1369,5.76833,5.58335,1.00000,0.26000,0.72000,18.40808,2
1370,5.77882,5.58855,1.00000,0.26000,0.72000,18.11256,2
1371,5.78851,5.59377,1.00000,0.26000,0.72000,18.03550,2
1372,5.79796,5.59902,1.00000,0.26000,0.72000,17.92722,2
1373,5.80707,5.60428,1.00000,0.26000,0.72000,18.38442,2
1374,5.81722,5.60955,1.00000,0.26000,0.72000,18.84068,2
1375,5.82837,5.61485,1.00000,0.26000,0.72000,17.91300,2
1376,5.83722,5.62017,1.00000,0.26000,0.72000,18.04700,2
1377,5.84633,5.62550,1.00000,0.26000,0.72000,18.29618,2
1378,5.85597,5.63085,1.00000,0.26000,0.72000,17.86825,2
1379,5.86453,5.63621,1.00000,0.26000,0.72000,18.45539,2
1380,5.87442,5.64159,1.00000,0.26000,0.00000,18.75483,2
1381,5.86336,5.64252,1.00000,0.26000,0.00000,17.33108,2
1382,5.84906,5.64340,1.00000,0.26000,0.00000,18.71149,2
1383,5.83825,5.64422,1.00000,0.26000,0.00000,17.58914,2
1384,5.82492,5.64500,1.00000,0.26000,0.00000,17.86374,2
1385,5.81243,5.64572,1.00000,0.26000,0.00000,17.67450,2
1386,5.79966,5.64639,1.00000,0.26000,0.00000,17.82309,2
1387,5.78742,5.64700,1.00000,0.26000,0.00000,18.39921,2
1388,5.77672,5.64756,1.00000,0.26000,0.00000,17.78238,2
1389,5.76471,5.64808,1.00000,0.26000,0.00000,17.76915,2
1390,5.75282,5.64854,1.00000,0.26000,0.00000,18.28240,2
1391,5.74232,5.64896,1.00000,0.26000,0.00000,18.17221,2
1392,5.73170,5.64934,1.00000,0.26000,0.00000,17.58043,2
1393,5.71981,5.64966,1.00000,0.26000,0.00000,18.26293,2
1394,5.70972,5.64995,1.00000,0.26000,0.00000,17.17450,2
1395,5.69716,5.65018,1.00000,0.26000,0.00000,18.09660,2
1396,5.68698,5.65037,1.00000,0.26000,0.00000,18.18422,2
1397,5.67713,5.65052,1.00000,0.26000,0.00000,17.72635,2
1398,5.66633,5.65063,1.00000,0.26000,0.00000,18.40259,2
1399,5.65729,5.65069,1.00000,0.26000,0.00000,18.54531,2
1400,5.64870,5.65071,1.00000,0.26000,0.00000,17.15664,2
1401,5.63692,5.65071,1.00000,0.26000,0.00000,17.79670,2
1402,5.62682,5.65065,1.00000,0.26000,0.00000,18.02614,2
1403,5.61741,5.65056,1.00000,0.26000,0.00000,17.73877,2
1404,5.60743,5.65042,1.00000,0.26000,0.00000,17.63704,2
1405,5.59734,5.65025,1.00000,0.26000,0.00000,17.72307,2
1406,5.58758,5.65004,1.00000,0.26000,0.00000,17.49048,2
1407,5.57740,5.64979,1.00000,0.26000,0.00000,17.61433,2
1408,5.56765,5.64950,1.00000,0.26000,0.00000,18.25523,2
1409,5.55954,5.64917,1.00000,0.26000,0.00000,17.73555,2
1410,5.55031,5.64881,1.00000,0.26000,0.00000,17.74869,2
1411,5.54122,5.64842,1.00000,0.26000,0.00000,18.05146,2
1412,5.53298,5.64799,1.00000,0.26000,0.00000,18.74824,2
1413,5.52649,5.64753,1.00000,0.26000,0.00000,18.40203,2
1414,5.51926,5.64705,1.00000,0.26000,0.00000,17.72426,2
1415,5.51051,5.64654,0.99606,0.26000,0.00000,17.98161,2
1416,5.50268,5.64599,0.99799,0.26000,0.00000,18.27865,2
1417,5.49555,5.64542,1.00000,0.26000,0.00000,17.63051,2
1418,5.48688,5.64482,0.99587,0.26000,0.00000,17.75852,2
1419,5.47882,5.64419,0.99740,0.26000,0.00000,17.55535,2
1420,5.47030,5.64353,0.99854,0.26000,0.00000,17.56336,2
1421,5.46184,5.64283,0.99714,0.26000,0.00000,17.94705,2
1422,5.45448,5.64211,0.99369,0.26000,0.00000,18.20759,2
1423,5.44800,5.64136,0.99065,0.26000,0.00000,17.26122,2
1424,5.43949,5.64059,0.98640,0.26000,0.00000,17.54174,2
1425,5.43196,5.63978,0.98287,0.26000,0.00000,17.80787,2
1426,5.42534,5.63895,0.97976,0.26000,0.00000,18.07954,2
1427,5.41959,5.63810,0.97707,0.26000,0.00000,17.88630,2
1428,5.41359,5.63722,0.97417,0.26000,0.00000,18.04101,2
1429,5.40817,5.63633,0.97161,0.26000,0.00000,17.43179,2
1430,5.40148,5.63541,0.96830,0.26000,0.00000,17.77353,2
1431,5.39585,5.63448,0.96569,0.26000,0.00000,17.85839,2
1432,5.39062,5.63352,0.96321,0.26000,0.00000,17.86529,2
1433,5.38559,5.63255,0.96081,0.26000,0.00000,17.02241,2
1434,5.37872,5.63156,0.95737,0.26000,0.00000,17.48946,2
1435,5.37322,5.63055,0.95483,0.26000,0.00000,16.92650,2
1436,5.36657,5.62952,0.95155,0.26000,0.00000,17.91916,2
1437,5.36252,5.62847,0.94981,0.26000,0.00000,17.47282,2
1438,5.35753,5.62741,0.94734,0.26000,0.00000,18.05642,2
1439,5.35411,5.62633,0.94583,0.26000,0.00000,16.99948,2
1440,5.34828,5.62524,0.94284,0.26000,0.00000,18.07499,2
1441,5.34523,5.62413,0.94159,0.26000,0.00000,18.04103,2
1442,5.34219,5.62302,0.94013,0.26000,0.00000,17.92465,2
1443,5.33897,5.62189,0.93857,0.26000,0.00000,17.29444,2
1444,5.33435,5.62076,0.93625,0.26000,0.00000,17.87351,2
1445,5.33129,5.61962,0.93490,0.26000,0.00000,17.51149,2
1446,5.32745,5.61846,0.93300,0.26000,0.00000,17.28398,2
1447,5.32320,5.61730,0.93093,0.26000,0.00000,17.69272,2
1448,5.32008,5.61612,0.92951,0.26000,0.00000,17.61547,2
1449,5.31687,5.61494,0.92797,0.26000,0.00000,17.68574,2
1450,5.31393,5.61375,0.92658,0.26000,0.00000,17.59918,2
1451,5.31088,5.61255,0.92511,0.26000,0.00000,17.64142,2
1452,5.30803,5.61134,0.92376,0.26000,0.00000,17.65669,2
1453,5.30531,5.61013,0.92246,0.26000,0.00000,17.74159,2
1454,5.30288,5.60891,0.92132,0.26000,0.00000,17.56054,2
1455,5.30010,5.60768,0.91995,0.26000,0.00000,17.74122,2
1456,5.29783,5.60645,0.91891,0.26000,0.00000,17.44756,2
1457,5.29494,5.60522,0.91747,0.26000,0.00000,17.70325,2
1458,5.29275,5.60398,0.91647,0.26000,0.00000,17.07729,2
1459,5.28913,5.60273,0.91462,0.26000,0.00000,17.58780,2
1460,5.28686,5.60148,0.91364,0.26000,0.00000,17.65785,2
1461,5.28481,5.60022,0.91268,0.26000,0.00000,17.20456,2
1462,5.28175,5.59896,0.91113,0.26000,0.00000,17.28210,2
1463,5.27898,5.59769,0.90982,0.26000,0.00000,17.62291,2
1464,5.27711,5.59641,0.90899,0.26000,0.00000,17.19720,2
1465,5.27428,5.59514,0.90755,0.26000,0.00000,17.97735,2
1466,5.27339,5.59385,0.90729,0.26000,0.00000,17.13042,2
1467,5.27051,5.59257,0.90574,0.26000,0.00000,16.93247,2
1468,5.26725,5.59128,0.90415,0.26000,0.00000,17.68113,2
1469,5.26588,5.58999,0.90364,0.26000,0.00000,17.30580,2
1470,5.26365,5.58869,0.90250,0.26000,0.00000,17.44397,2
1471,5.26182,5.58739,0.90166,0.26000,0.00000,17.47367,2
1472,5.26011,5.58609,0.90085,0.26000,0.00000,17.95369,2
1473,5.25960,5.58478,0.90069,0.26000,0.00000,17.54138,2
1474,5.25810,5.58348,0.89990,0.26000,0.00000,17.32342,2
1475,5.25613,5.58218,0.89891,0.26000,0.00000,17.83611,2
1476,5.25544,5.58088,0.89868,0.26000,0.00000,17.61233,2
1477,5.25422,5.57958,0.89806,0.26000,0.00000,17.63152,2
1478,5.25309,5.57827,0.89752,0.26000,0.00000,17.18744,2
1479,5.25092,5.57697,0.89640,0.26000,0.00000,18.11563,2
1480,5.25103,5.57567,0.89663,0.26000,0.00000,16.75795,2
1481,5.24788,5.57437,0.89486,0.26000,0.00000,17.18238,2
1482,5.24586,5.57307,0.89398,0.26000,0.00000,17.63230,2
1483,5.24497,5.57176,0.89364,0.26000,0.00000,17.36511,2
1484,5.24346,5.57045,0.89287,0.26000,0.00000,17.95242,2
1485,5.24338,5.56914,0.89295,0.26000,0.00000,17.30304,2
1486,5.24175,5.56784,0.89204,0.26000,0.00000,17.15610,2
1487,5.23981,5.56653,0.89108,0.26000,0.00000,17.12461,2
1488,5.23786,5.56523,0.89015,0.26000,0.00000,17.66620,2
1489,5.23726,5.56392,0.88997,0.26000,0.00000,17.19091,2
1490,5.23553,5.56261,0.88905,0.26000,0.00000,17.66795,2
1491,5.23499,5.56130,0.88888,0.26000,0.00000,16.84258,2
1492,5.23249,5.56000,0.88752,0.26000,0.00000,17.62369,2
1493,5.23193,5.55869,0.88741,0.26000,0.00000,17.53911,2
1494,5.23117,5.55738,0.88703,0.26000,0.00000,17.50697,2
1495,5.23035,5.55608,0.88663,0.26000,0.00000,18.01524,2
1496,5.23075,5.55477,0.88692,0.26000,0.00000,17.27797,2
1497,5.22936,5.55348,0.88611,0.26000,0.00000,18.25851,2
1498,5.23036,5.55218,0.88678,0.26000,0.00000,16.88636,2
1499,5.22802,5.55089,0.44859,0.26000,0.00000,17.55833,2
1500,5.24904,5.54960,0.51688,0.26000,0.00000,17.84459,2
1501,5.26706,5.54840,0.51945,0.26000,0.00000,17.61880,2
1502,5.28416,5.54727,0.52194,0.26000,0.00000,17.15645,2
1503,5.29980,5.54622,0.52388,0.26000,0.00000,17.53718,2
1504,5.31603,5.54524,0.52643,0.26000,0.00000,17.76618,2
1505,5.33246,5.54432,0.52923,0.26000,0.00000,18.10962,2
1506,5.34933,5.54347,0.53244,0.26000,0.00000,17.21742,2
1507,5.36369,5.54269,0.53439,0.26000,0.00000,17.80396,2
1508,5.37915,5.54198,0.53732,0.26000,0.00000,17.19535,2
1509,5.39280,5.54133,0.53932,0.26000,0.00000,17.89930,2
1510,5.40784,5.54073,0.54239,0.26000,0.00000,17.64519,2
1511,5.42192,5.54020,0.54498,0.26000,0.00000,17.93000,2
1512,5.43636,5.53973,0.54800,0.26000,0.00000,17.31422,2
1513,5.44898,5.53931,0.55013,0.26000,0.00000,17.09099,2
1514,5.46080,5.53895,0.55210,0.26000,0.00000,17.57005,2
1515,5.47349,5.53864,0.55475,0.26000,0.00000,17.44344,2
1516,5.48558,5.53838,0.55714,0.26000,0.00000,17.73764,2
1517,5.49810,5.53817,0.55994,0.26000,0.00000,17.11049,2
1518,5.50881,5.53801,0.56183,0.26000,0.00000,17.56622,2
1519,5.52037,5.53789,0.56447,0.26000,0.00000,17.55461,2
1520,5.53161,5.53782,0.56698,0.26000,0.00000,16.97199,2
1521,5.54120,5.53780,0.56872,0.26000,0.00000,18.01119,2
1522,5.55304,5.53781,0.57196,0.26000,0.00000,17.56356,2
1523,5.56350,5.53787,0.57437,0.26000,0.00000,17.15482,2
1524,5.57273,5.53797,0.57632,0.26000,0.00000,16.97251,2
1525,5.58131,5.53811,0.57811,0.26000,0.00000,17.13852,2
1526,5.59009,5.53829,0.58015,0.26000,0.00000,18.31928,2
1527,5.60146,5.53849,0.58373,0.26000,0.00000,17.35573,2
1528,5.61020,5.53875,0.58575,0.26000,0.00000,17.39185,2
1529,5.61883,5.53903,0.58801,0.26000,0.00000,17.47791,2
1530,5.62743,5.53935,0.59037,0.26000,0.00000,17.40623,2
1531,5.63563,5.53970,0.59260,0.26000,0.00000,17.68106,2
1532,5.64428,5.54009,0.59519,0.26000,0.00000,17.52931,2
1533,5.65232,5.54050,0.59751,0.26000,0.00000,17.45665,2
1534,5.65998,5.54095,0.59975,0.26000,0.00000,17.78255,2
1535,5.66820,5.54143,0.60242,0.26000,0.00000,16.58451,2
1536,5.67333,5.54193,0.60341,0.26000,0.00000,16.40621,2
1537,5.67793,5.54246,0.60440,0.26000,0.00000,18.12681,2
1538,5.68652,5.54300,0.60772,0.26000,0.00000,18.06049,2
1539,5.69468,5.54357,0.61057,0.26000,0.00000,17.42361,2
1540,5.70108,5.54418,0.61256,0.26000,0.00000,17.28609,2
1541,5.70697,5.54481,0.61449,0.26000,0.00000,17.20598,2
1542,5.71251,5.54546,0.61631,0.26000,0.00000,17.22726,2
1543,5.71794,5.54612,0.61817,0.26000,0.00000,17.42005,2
1544,5.72367,5.54681,0.62026,0.26000,0.00000,17.52489,2
1545,5.72948,5.54752,0.62244,0.26000,0.00000,17.66695,2
1546,5.73545,5.54825,0.62476,0.26000,0.00000,17.31516,2
1547,5.74040,5.54900,0.62656,0.26000,0.00000,17.58963,2
1548,5.74586,5.54976,0.62879,0.26000,0.00000,17.81319,2
1549,5.75167,5.55055,0.63123,0.26000,0.00000,17.31929,2
1550,5.75612,5.55135,0.63294,0.26000,0.00000,18.16693,2
1551,5.76245,5.55217,0.63587,0.26000,0.00000,17.66211,2
1552,5.76735,5.55301,0.63792,0.26000,0.00000,17.96945,2
1553,5.77284,5.55387,0.64046,0.26000,0.00000,17.45239,2
1554,5.77690,5.55474,0.64221,0.26000,0.00000,18.01495,2
1555,5.78217,5.55563,0.64481,0.26000,0.00000,17.50471,2
1556,5.78603,5.55654,0.64657,0.26000,0.00000,17.95619,2
1557,5.79085,5.55746,0.64902,0.26000,0.00000,17.92719,2
1558,5.79541,5.55839,0.65132,0.26000,0.00000,17.31465,2
1559,5.79836,5.55934,0.65277,0.26000,0.00000,18.19321,2
1560,5.80329,5.56029,0.65550,0.26000,0.00000,17.92220,2
1561,5.80739,5.56127,0.65766,0.26000,0.00000,17.34568,2
1562,5.80997,5.56225,0.65908,0.26000,0.00000,17.99537,2
1563,5.81400,5.56324,0.66146,0.26000,0.00000,17.47391,2
1564,5.81663,5.56424,0.66298,0.26000,0.00000,17.79600,2
1565,5.81992,5.56525,0.66502,0.26000,0.00000,17.97643,2
1566,5.82352,5.56627,0.66720,0.26000,0.00000,18.31412,2
1567,5.82777,5.56730,0.66977,0.26000,0.00000,18.29429,2
1568,5.83180,5.56834,0.67222,0.26000,0.00000,17.41089,2
1569,5.83356,5.56940,0.67345,0.26000,0.00000,17.08757,2
1570,5.83448,5.57045,0.67442,0.26000,0.00000,17.90104,2
1571,5.83729,5.57151,0.67651,0.26000,0.00000,18.38300,2
1572,5.84112,5.57257,0.67906,0.26000,0.00000,17.70383,2
1573,5.84316,5.57365,0.68057,0.26000,0.00000,18.36136,2
1574,5.84668,5.57472,0.68308,0.26000,0.00000,17.62382,2
1575,5.84828,5.57581,0.68443,0.26000,0.00000,17.50046,2
1576,5.84952,5.57690,0.68574,0.26000,0.00000,17.60291,2
1577,5.85093,5.57799,0.68719,0.26000,0.00000,17.46054,2
1578,5.85192,5.57908,0.68842,0.26000,0.00000,17.53359,2
1579,5.85302,5.58018,0.68975,0.26000,0.00000,17.34709,2
1580,5.85361,5.58127,0.69079,0.26000,0.00000,17.78817,2
1581,5.85520,5.58236,0.69245,0.26000,0.00000,18.07632,2
1582,5.85739,5.58345,0.69437,0.26000,0.00000,18.25603,2
1583,5.85989,5.58454,0.69645,0.26000,0.00000,17.57888,2
1584,5.86066,5.58565,0.69755,0.26000,0.00000,17.70280,2
1585,5.86166,5.58675,0.69894,0.26000,0.00000,18.25838,2
1586,5.86392,5.58785,0.70103,0.26000,0.00000,18.20138,2
1587,5.86593,5.58895,0.70289,0.26000,0.00000,17.91036,2
1588,5.86713,5.59006,0.70435,0.26000,0.00000,17.19313,2
1589,5.86655,5.59117,0.70489,0.26000,0.00000,17.63215,2
1590,5.86701,5.59227,0.70614,0.26000,0.00000,17.71502,2
1591,5.86761,5.59337,0.70740,0.26000,0.00000,17.10190,2
1592,5.86669,5.59446,0.70780,0.26000,0.00000,17.73696,2
1593,5.86728,5.59555,0.70916,0.26000,0.00000,17.94957,2
1594,5.86832,5.59664,0.71066,0.26000,0.00000,17.52942,2
1595,5.86828,5.59773,0.71152,0.26000,0.00000,17.82344,2
1596,5.86892,5.59881,0.71285,0.26000,0.00000,17.65656,2
1597,5.86909,5.59989,0.71387,0.26000,0.00000,16.93647,2
1598,5.86751,5.60097,0.71395,0.26000,0.00000,17.79608,2
1599,5.86800,5.60203,0.71532,0.26000,0.00000,18.22465,2
1600,5.86945,5.60310,0.71706,0.26000,0.00000,17.77596,2
1601,5.86974,5.60416,0.71809,0.26000,0.00000,18.34352,2
1602,5.87133,5.60522,0.71995,0.26000,0.00000,18.58444,2
1603,5.87340,5.60629,0.72198,0.26000,0.00000,17.45067,2
1604,5.87265,5.60736,0.72242,0.26000,0.00000,18.49382,2
1605,5.87438,5.60842,0.72447,0.26000,0.00000,18.41119,2
1606,5.87581,5.60948,0.72617,0.26000,0.00000,17.56016,2
1607,5.87512,5.61055,0.72672,0.26000,0.00000,17.53228,2
1608,5.87435,5.61160,0.72740,0.26000,0.00000,17.82990,2
1609,5.87428,5.61266,0.72846,0.26000,0.00000,18.24146,2
1610,5.87515,5.61370,0.72999,0.26000,0.00000,18.28575,2
1611,5.87605,5.61475,0.73147,0.26000,0.00000,17.70944,2
1612,5.87550,5.61579,0.73215,0.26000,0.00000,18.00768,2
1613,5.87565,5.61683,0.73332,0.26000,0.00000,17.47457,2
1614,5.87448,5.61787,0.73371,0.26000,0.00000,17.91720,2
1615,5.87438,5.61889,0.73478,0.26000,0.00000,17.84001,2
1616,5.87404,5.61992,0.73564,0.26000,0.00000,18.51577,2
1617,5.87529,5.62093,0.73740,0.26000,0.00000,17.48633,2
1618,5.87400,5.62195,0.73763,0.26000,0.00000,17.87999,2
1619,5.87366,5.62296,0.73857,0.26000,0.00000,18.29286,2
1620,5.87427,5.62396,0.73997,0.26000,0.00000,18.03593,2
1621,5.87420,5.62496,0.74092,0.26000,0.00000,17.82044,2
1622,5.87359,5.62596,0.74162,0.26000,0.00000,17.79909,2
1623,5.87290,5.62695,0.74232,0.26000,0.00000,17.68210,2
1624,5.87193,5.62793,0.74285,0.26000,0.00000,17.89520,2
1625,5.87146,5.62891,0.74367,0.26000,0.00000,18.01726,2
1626,5.87125,5.62988,0.74460,0.26000,0.00000,18.32006,2
1627,5.87174,5.63084,0.74589,0.26000,0.00000,17.81679,2
1628,5.87096,5.63181,0.74643,0.26000,0.00000,18.23120,2
1629,5.87117,5.63276,0.74761,0.26000,0.00000,18.43692,2
1630,5.87182,5.63372,0.74896,0.26000,0.00000,17.72869,2
1631,5.87071,5.63467,0.74930,0.26000,0.00000,18.32804,2
1632,5.87104,5.63561,0.75057,0.26000,0.00000,18.00869,2
1633,5.87055,5.63656,0.75127,0.26000,0.00000,18.24550,2
1634,5.87061,5.63749,0.75234,0.26000,0.00000,18.08495,2
1635,5.87024,5.63843,0.75312,0.26000,0.00000,18.09558,2
1636,5.86988,5.63935,0.75394,0.26000,0.00000,18.48349,2
1637,5.87041,5.64027,0.75525,0.26000,0.00000,18.20565,2
1638,5.87022,5.64120,0.75610,0.26000,0.00000,18.36054,2
1639,5.87036,5.64211,0.75719,0.26000,0.00000,18.59159,2
1640,5.87101,5.64302,0.75854,0.26000,0.00000,18.55460,2
1641,5.87151,5.64394,0.75976,0.26000,0.00000,18.40729,2
1642,5.87160,5.64485,0.76078,0.26000,0.00000,18.15584,2
1643,5.87105,5.64575,0.76147,0.26000,0.00000,18.22414,2
1644,5.87064,5.64665,0.76229,0.26000,0.00000,18.58877,2
1645,5.87108,5.64755,0.76356,0.26000,0.00000,18.38824,2
1646,5.87098,5.64844,0.76448,0.26000,0.00000,18.23402,2
1647,5.87048,5.64933,0.76520,0.26000,0.00000,18.14666,2
1648,5.86975,5.65022,0.76583,0.26000,0.00000,18.13468,2
1649,5.86898,5.65110,0.76645,0.26000,0.00000,18.11768,2
1650,5.86816,5.65197,0.76703,0.26000,0.00000,18.33316,2
1651,5.86784,5.65283,0.76789,0.26000,0.00000,18.31538,2
1652,5.86746,5.65369,0.76866,0.26000,0.00000,18.48762,2
1653,5.86746,5.65455,0.76965,0.26000,0.00000,17.75351,2
1654,5.86567,5.65540,0.76961,0.26000,0.00000,18.51341,2
1655,5.86572,5.65624,0.77073,0.26000,0.00000,18.11826,2
1656,5.86479,5.65708,0.77115,0.26000,0.00000,18.79727,2
1657,5.86548,5.65791,0.77254,0.26000,0.00000,18.40298,2
1658,5.86515,5.65874,0.77324,0.26000,0.00000,19.33876,2
1659,5.86704,5.65957,0.77526,0.26000,0.00000,18.18726,2
1660,5.86606,5.66040,0.77552,0.26000,0.00000,18.69375,2
1661,5.86630,5.66122,0.77668,0.26000,0.00000,18.58337,2
1662,5.86623,5.66204,0.77757,0.26000,0.00000,18.63504,2
1663,5.86624,5.66286,0.77853,0.26000,0.00000,18.07130,2
1664,5.86488,5.66367,0.77871,0.26000,0.00000,18.22170,2
1665,5.86389,5.66447,0.77920,0.26000,0.00000,19.00048,2
1666,5.86475,5.66527,0.78069,0.26000,0.00000,18.95128,2
1667,5.86542,5.66607,0.78192,0.26000,0.00000,18.59465,2
1668,5.86518,5.66687,0.78267,0.26000,0.00000,18.76777,2
1669,5.86532,5.66766,0.78371,0.26000,0.00000,18.43549,2
1670,5.86463,5.66845,0.78425,0.26000,0.00000,18.64790,2
1671,5.86443,5.66924,0.78513,0.26000,0.00000,18.37834,2
1672,5.86356,5.67002,0.78559,0.26000,0.00000,18.69793,2
1673,5.86345,5.67079,0.78651,0.26000,0.00000,18.80470,2
1674,5.86356,5.67156,0.78750,0.26000,0.00000,19.21454,2
1675,5.86460,5.67233,0.78899,0.26000,0.00000,17.87829,2
1676,5.86238,5.67310,0.78860,0.26000,0.00000,18.90746,2
1677,5.86267,5.67386,0.78984,0.26000,0.00000,18.70011,2
1678,5.86241,5.67461,0.79058,0.26000,0.00000,19.07548,2
1679,5.86301,5.67536,0.79185,0.26000,0.00000,18.27787,2
1680,5.86166,5.67611,0.79195,0.26000,0.00000,18.42993,2
1681,5.86068,5.67685,0.79241,0.26000,0.00000,19.20450,2
1682,5.86155,5.67759,0.79387,0.26000,0.00000,18.57443,2
1683,5.86085,5.67833,0.79430,0.26000,0.00000,19.02881,2
1684,5.86122,5.67906,0.79545,0.26000,0.00000,18.51370,2
1685,5.86031,5.67978,0.79581,0.26000,0.00000,18.89406,2
1686,5.86031,5.68051,0.79676,0.26000,0.00000,18.49754,2
1687,5.85932,5.68123,0.79709,0.26000,0.00000,19.06533,2
1688,5.85969,5.68194,0.79825,0.26000,0.00000,19.17170,2
1689,5.86026,5.68265,0.79942,0.26000,0.00000,18.15043,2
1690,5.85834,5.68336,0.79918,0.26000,0.00000,19.11449,2
1691,5.85876,5.68406,0.80043,0.26000,0.00000,19.03447,2
1692,5.85893,5.68476,0.80136,0.26000,0.00000,18.86993,2
1693,5.85867,5.68546,0.80207,0.26000,0.00000,18.95155,2
1694,5.85858,5.68615,0.80290,0.26000,0.00000,19.10173,2
1695,5.85881,5.68684,0.80391,0.26000,0.00000,18.80001,2
1696,5.85828,5.68753,0.80446,0.26000,0.00000,18.72867,2
1697,5.85757,5.68821,0.80496,0.26000,0.00000,19.32787,2
1698,5.85827,5.68889,0.80627,0.26000,0.00000,18.73513,2
1699,5.85750,5.68956,0.80664,0.26000,0.00000,19.08069,2
1700,5.85755,5.69024,0.80758,0.26000,0.00000,19.31337,2
1701,5.85811,5.69090,0.80874,0.26000,0.00000,18.62486,2
1702,5.85698,5.69157,0.80892,0.26000,0.00000,18.78391,2
1703,5.85624,5.69224,0.80945,0.26000,0.00000,18.67425,2
1704,5.85523,5.69289,0.80978,0.26000,0.00000,18.93932,2
1705,5.85485,5.69354,0.81047,0.26000,0.00000,18.79908,2
1706,5.85412,5.69419,0.81092,0.26000,0.00000,19.16535,2
1707,5.85425,5.69483,0.81178,0.26000,0.00000,18.65415,2
1708,5.85313,5.69546,0.81114,0.26000,0.00000,19.96798,2
1709,5.85519,5.69609,0.81238,0.26000,0.00000,19.31108,2
1710,5.85560,5.69673,0.81245,0.26000,0.00000,18.97262,2
1711,5.85521,5.69737,0.81220,0.26000,0.00000,18.46491,2
1712,5.85363,5.69800,0.81134,0.26000,0.00000,19.36347,2
1713,5.85426,5.69862,0.81182,0.26000,0.00000,18.82666,2
1714,5.85359,5.69924,0.81140,0.26000,0.00000,19.35390,2
1715,5.85421,5.69986,0.81180,0.26000,0.00000,19.77556,2
1716,5.85582,5.70048,0.81265,0.26000,0.00000,18.79043,2
1717,5.85502,5.70110,0.81207,0.26000,0.00000,17.87226,2
1718,5.85208,5.70171,0.81049,0.26000,0.00000,18.87311,2
1719,5.85164,5.70232,0.81048,0.26000,0.00000,18.98894,2
1720,5.85150,5.70291,0.81044,0.26000,0.00000,18.62488,2
1721,5.85050,5.70351,0.80989,0.26000,0.00000,19.50739,2
1722,5.85165,5.70410,0.81061,0.26000,0.00000,18.85393,2
1723,5.85120,5.70469,0.81027,0.26000,0.00000,19.45084,2
1724,5.85220,5.70527,0.81086,0.26000,0.00000,19.91460,2
1725,5.85426,5.70586,0.81194,0.26000,0.00000,18.48581,2
1726,5.85285,5.70645,0.81098,0.26000,0.00000,19.86461,2
1727,5.85480,5.70704,0.81219,0.26000,0.00000,19.68518,2
1728,5.85624,5.70763,0.81284,0.26000,0.00000,19.63924,2
1729,5.85752,5.70822,0.81344,0.26000,0.00000,19.43607,2
1730,5.85828,5.70882,0.81376,0.26000,0.00000,18.69695,2
1731,5.85726,5.70942,0.81313,0.26000,0.00000,19.81295,2
1732,5.85895,5.71001,0.81416,0.26000,0.00000,19.65191,2
1733,5.86019,5.71061,0.81472,0.26000,0.00000,19.22986,2
1734,5.86039,5.71120,0.81473,0.26000,0.00000,19.07613,2
1735,5.86022,5.71180,0.81462,0.26000,0.00000,19.23705,2
1736,5.86045,5.71239,0.81476,0.26000,0.00000,19.12384,2
1737,5.86041,5.71299,0.81472,0.26000,0.00000,20.37310,2
1738,5.86335,5.71358,0.81637,0.26000,0.00000,19.13497,2
1739,5.86323,5.71418,0.81607,0.26000,0.00000,19.59092,2
1740,5.86422,5.71477,0.81663,0.26000,0.00000,19.80822,2
1741,5.86569,5.71537,0.81738,0.26000,0.00000,19.18513,2
1742,5.86563,5.71597,0.81722,0.26000,0.00000,19.68453,2
1743,5.86677,5.71657,0.81787,0.26000,0.00000,19.43571,2
1744,5.86728,5.71717,0.81806,0.26000,0.00000,18.81960,2
1745,5.86631,5.71777,0.81748,0.26000,0.00000,19.10754,2
1746,5.86607,5.71837,0.81742,0.26000,0.00000,19.14117,2
1747,5.86593,5.71896,0.81736,0.26000,0.00000,19.36125,2
1748,5.86632,5.71954,0.81759,0.26000,0.00000,20.19933,2
1749,5.86870,5.72013,0.81889,0.26000,0.00000,19.23559,2
1750,5.86869,5.72073,0.81870,0.26000,0.00000,19.90961,2
1751,5.87031,5.72132,0.81961,0.26000,0.00000,19.49804,2
1752,5.87088,5.72191,0.81980,0.26000,0.00000,20.30203,2
1753,5.87336,5.72251,0.82114,0.26000,0.00000,19.88695,2
1754,5.87476,5.72311,0.82172,0.26000,0.00000,19.87234,2
1755,5.87608,5.72372,0.82235,0.26000,0.00000,19.61355,2
1756,5.87675,5.72433,0.82262,0.26000,0.00000,19.62813,2
1757,5.87743,5.72494,0.82295,0.26000,0.00000,20.53068,2
1758,5.88024,5.72555,0.82447,0.26000,0.00000,20.22946,2
1759,5.88223,5.72617,0.82536,0.26000,0.00000,19.82366,2
1760,5.88319,5.72679,0.82574,0.26000,0.00000,19.53947,2
1761,5.88345,5.72742,0.82580,0.26000,0.00000,20.11811,2
1762,5.88509,5.72804,0.82670,0.26000,0.00000,19.75761,2
1763,5.88580,5.72867,0.82697,0.26000,0.00000,19.45952,2
1764,5.88580,5.72930,0.82691,0.26000,0.00000,19.82888,2
1765,5.88668,5.72992,0.82740,0.26000,0.00000,19.71800,2
1766,5.88727,5.73055,0.82766,0.26000,0.00000,19.56461,2
1767,5.88748,5.73118,0.82773,0.26000,0.00000,19.67051,2
1768,5.88794,5.73180,0.82798,0.26000,0.00000,20.06581,2
1769,5.88933,5.73243,0.82872,0.26000,0.00000,19.59155,2
1770,5.88955,5.73305,0.82873,0.26000,0.00000,19.87560,2
1771,5.89044,5.73368,0.82921,0.26000,0.00000,19.88939,2
1772,5.89134,5.73431,0.82964,0.26000,0.00000,19.93202,2
1773,5.89231,5.73494,0.83012,0.26000,0.00000,19.73967,2
1774,5.89280,5.73557,0.83031,0.26000,0.00000,20.28450,2
1775,5.89457,5.73619,0.83126,0.26000,0.00000,20.29361,2
1776,5.89630,5.73683,0.83209,0.26000,0.00000,20.63372,2
1777,5.89879,5.73747,0.83334,0.26000,0.00000,19.88204,2
1778,5.89939,5.73811,0.83348,0.26000,0.00000,19.60091,2
1779,5.89932,5.73876,0.83340,0.26000,0.00000,19.79014,2
1780,5.89971,5.73940,0.83362,0.26000,0.00000,19.99081,2
1781,5.90057,5.74004,0.83407,0.26000,0.00000,20.36618,2
1782,5.90230,5.74068,0.83497,0.26000,0.00000,20.51074,2
1783,5.90431,5.74133,0.83596,0.26000,0.00000,20.51313,2
1784,5.90626,5.74198,0.83689,0.26000,0.00000,19.99893,2
1785,5.90692,5.74264,0.83710,0.26000,0.00000,19.75487,2
1786,5.90698,5.74329,0.83708,0.26000,0.00000,20.79365,2
1787,5.90953,5.74395,0.83851,0.26000,0.00000,19.82873,2
1788,5.90968,5.74461,0.83839,0.26000,0.00000,20.43327,2
1789,5.91128,5.74527,0.83927,0.26000,0.00000,20.94648,2
1790,5.91405,5.74594,0.84069,0.26000,0.00000,20.41104,2
1791,5.91544,5.74661,0.84125,0.26000,0.00000,20.19611,2
1792,5.91628,5.74728,0.84161,0.26000,0.00000,20.26189,2
1793,5.91725,5.74796,0.84209,0.26000,0.00000,20.75873,2
1794,5.91938,5.74864,0.84320,0.26000,0.00000,21.10043,2
1795,5.92225,5.74932,0.84464,0.26000,0.00000,21.11896,2
1796,5.92506,5.75001,0.84598,0.26000,0.00000,20.46189,2
1797,5.92621,5.75071,0.84640,0.26000,0.00000,20.50736,2
1798,5.92743,5.75141,0.84699,0.26000,0.00000,20.56693,2
1799,5.92877,5.75212,0.84764,0.26000,0.00000,20.56627,2
1800,5.93005,5.75282,0.84826,0.26000,0.00000,20.23215,2
1801,5.93051,5.75353,0.84841,0.26000,0.00000,19.83530,2
1802,5.93001,5.75424,0.84809,0.26000,0.00000,20.04907,2
1803,5.93005,5.75494,0.84816,0.26000,0.00000,20.40785,2
1804,5.93095,5.75564,0.84866,0.26000,0.00000,20.28465,2
1805,5.93153,5.75635,0.84891,0.26000,0.00000,20.46382,2
1806,5.93252,5.75705,0.84942,0.26000,0.00000,20.33625,2
1807,5.93317,5.75775,0.84970,0.26000,0.00000,20.41865,2
1808,5.93401,5.75845,0.85012,0.26000,0.00000,20.67005,2
1809,5.93542,5.75915,0.85084,0.26000,0.00000,20.57525,2
1810,5.93656,5.75986,0.85137,0.26000,0.00000,21.36517,2
1811,5.93955,5.76056,0.85295,0.26000,0.00000,20.54831,2
1812,5.94048,5.76128,0.85323,0.26000,0.00000,21.02643,2
1813,5.94253,5.76200,0.85431,0.26000,0.00000,20.99137,2
1814,5.94442,5.76272,0.85520,0.26000,0.00000,20.41838,2
1815,5.94489,5.76345,0.85531,0.26000,0.00000,20.28298,2
1816,5.94503,5.76417,0.85536,0.26000,0.00000,20.46440,2
1817,5.94561,5.76490,0.85567,0.26000,0.00000,21.16580,2
1818,5.94785,5.76562,0.85687,0.26000,0.00000,20.60692,2
1819,5.94867,5.76635,0.85715,0.26000,0.00000,21.46685,2
1820,5.95152,5.76708,0.85868,0.26000,0.00000,20.91619,2
1821,5.95295,5.76781,0.85926,0.26000,0.00000,21.31641,2
1822,5.95530,5.76855,0.86046,0.26000,0.00000,20.86541,2
1823,5.95649,5.76930,0.86094,0.26000,0.00000,20.99451,2
1824,5.95796,5.77005,0.86167,0.26000,0.00000,21.67569,2
1825,5.96100,5.77080,0.86325,0.26000,0.00000,20.26687,2
1826,5.96058,5.77156,0.86277,0.26000,0.00000,20.57787,2
1827,5.96093,5.77232,0.86300,0.26000,0.00000,21.17729,2
1828,5.96271,5.77307,0.86397,0.26000,0.00000,21.25154,2
1829,5.96460,5.77383,0.86489,0.26000,0.00000,20.98150,2
1830,5.96578,5.77459,0.86540,0.26000,0.00000,20.82107,2
1831,5.96655,5.77536,0.86573,0.26000,0.00000,20.64274,2
1832,5.96687,5.77612,0.86585,0.26000,0.00000,21.22471,2
1833,5.96858,5.77689,0.86678,0.26000,0.00000,21.46201,2
1834,5.97079,5.77765,0.86789,0.26000,0.00000,21.35270,2
1835,5.97267,5.77843,0.86876,0.26000,0.00000,20.83889,2
1836,5.97326,5.77920,0.86894,0.26000,0.00000,21.18442,2
1837,5.97467,5.77998,0.86968,0.26000,0.00000,21.19870,2
1838,5.97607,5.78076,0.87035,0.26000,0.00000,20.97172,2
1839,5.97688,5.78154,0.87069,0.26000,0.00000,21.38634,2
1840,5.97866,5.78232,0.87163,0.26000,0.00000,20.47390,2
1841,5.97820,5.78311,0.87123,0.26000,0.00000,21.17428,2
1842,5.97945,5.78389,0.87196,0.26000,0.00000,20.94578,2
1843,5.98011,5.78467,0.87223,0.26000,0.00000,21.39612,2
1844,5.98183,5.78545,0.87314,0.26000,0.00000,22.23155,2
1845,5.98548,5.78624,0.87505,0.26000,0.00000,21.22859,2
1846,5.98660,5.78703,0.87539,0.26000,0.00000,21.26262,2
1847,5.98778,5.78783,0.87596,0.26000,0.00000,21.42295,2
1848,5.98931,5.78863,0.87672,0.26000,0.00000,21.24160,2
1849,5.99036,5.78943,0.87719,0.26000,0.00000,21.09030,2
1850,5.99102,5.79024,0.87747,0.26000,0.00000,20.70250,2
1851,5.99074,5.79104,0.87726,0.26000,0.00000,21.50707,2
1852,5.99240,5.79184,0.87822,0.26000,0.00000,21.29230,2
1853,5.99349,5.79264,0.87876,0.26000,0.00000,21.70286,2
1854,5.99553,5.79345,0.87997,0.26000,0.00000,21.89094,2
1855,5.99793,5.79425,0.88133,0.26000,0.00000,21.41862,2
1856,5.99912,5.79507,0.88198,0.26000,0.00000,20.82902,2
1857,5.99886,5.79588,0.88212,0.26000,0.00000,21.61113,2
1858,6.00048,5.79670,0.88318,0.26000,0.00000,22.36470,2
1859,6.00382,5.79751,0.88504,0.26000,0.00000,21.56194,2
1860,6.00512,5.79834,0.88567,0.26000,0.00000,21.48477,2
1861,6.00620,5.79916,0.88632,0.26000,0.00000,21.23505,2
1862,6.00665,5.79999,0.88679,0.26000,0.00000,21.46577,2
1863,6.00762,5.80082,0.88744,0.26000,0.00000,21.50996,2
1864,6.00867,5.80165,0.88810,0.26000,0.00000,22.27440,2
1865,6.01150,5.80247,0.88968,0.26000,0.00000,21.52023,2
1866,6.01242,5.80331,0.89020,0.26000,0.00000,22.05634,2
1867,6.01460,5.80415,0.89148,0.26000,0.00000,21.42079,2
1868,6.01517,5.80499,0.89178,0.26000,0.00000,21.57489,2
1869,6.01610,5.80583,0.89249,0.26000,0.00000,22.08159,2
1870,6.01820,5.80667,0.89370,0.26000,0.00000,21.29645,2
1871,6.01835,5.80752,0.89388,0.26000,0.00000,22.18500,2
1872,6.02061,5.80836,0.89525,0.26000,0.00000,21.44701,2
1873,6.02103,5.80921,0.89550,0.26000,0.00000,21.53023,2
1874,6.02164,5.81006,0.89602,0.26000,0.00000,21.88839,2
1875,6.02307,5.81090,0.89692,0.26000,0.00000,22.17225,2
1876,6.02513,5.81175,0.89807,0.26000,0.00000,22.26970,2
1877,6.02735,5.81260,0.89939,0.26000,0.00000,22.00190,2
1878,6.02884,5.81346,0.90018,0.26000,0.00000,21.98966,2
1879,6.03025,5.81433,0.90099,0.26000,0.00000,21.81501,2
1880,6.03120,5.81519,0.90160,0.26000,0.00000,22.19918,2
1881,6.03302,5.81605,0.90276,0.26000,0.00000,22.42493,2
1882,6.03532,5.81692,0.90402,0.26000,0.00000,22.11757,2
1883,6.03679,5.81779,0.90479,0.26000,0.00000,22.40122,2
1884,6.03890,5.81867,0.90594,0.26000,0.00000,21.80934,2
1885,6.03952,5.81955,0.90630,0.26000,0.00000,21.94694,2
1886,6.04045,5.82043,0.90696,0.26000,0.00000,22.34331,2
1887,6.04229,5.82131,0.90794,0.26000,0.00000,21.98389,2
1888,6.04321,5.82220,0.90850,0.26000,0.00000,22.92733,2
1889,6.04635,5.82308,0.91022,0.26000,0.00000,22.27540,2
1890,6.04781,5.82397,0.91090,0.26000,0.00000,21.59438,2
1891,6.04761,5.82487,0.91093,0.26000,0.00000,22.09039,2
1892,6.04861,5.82576,0.91176,0.26000,0.00000,21.98500,2
1893,6.04931,5.82665,0.91219,0.26000,0.00000,21.28774,2
1894,6.04832,5.82754,0.91192,0.26000,0.00000,21.92713,2
1895,6.04890,5.82842,0.91263,0.26000,0.00000,22.70669,2
1896,6.05130,5.82931,0.91393,0.26000,0.00000,22.59721,2
1897,6.05335,5.83019,0.91494,0.26000,0.00000,22.79999,2
1898,6.05582,5.83109,0.91618,0.26000,0.00000,22.85695,2
1899,6.05833,5.83199,0.91748,0.26000,0.00000,21.78501,2
1900,6.05821,5.83289,0.91747,0.26000,0.00000,22.56813,2
1901,6.05996,5.83379,0.91843,0.26000,0.00000,22.36787,2
1902,6.06118,5.83470,0.91908,0.26000,0.00000,21.94814,2
1903,6.06136,5.83560,0.91934,0.26000,0.00000,22.28861,2
1904,6.06234,5.83651,0.92009,0.26000,0.00000,22.40581,2
1905,6.06356,5.83741,0.92081,0.26000,0.00000,22.56153,2
1906,6.06511,5.83831,0.92172,0.26000,0.00000,22.03793,2
1907,6.06536,5.83922,0.92193,0.26000,0.00000,21.44006,2
1908,6.06418,5.84013,0.92163,0.26000,0.00000,22.37068,2
1909,6.06526,5.84102,0.92250,0.26000,0.00000,22.04108,2
1910,6.06550,5.84192,0.92271,0.26000,0.00000,22.40956,2
1911,6.06662,5.84281,0.92347,0.26000,0.00000,22.11870,2
1912,6.06700,5.84371,0.92369,0.26000,0.00000,22.78034,2
1913,6.06895,5.84460,0.92480,0.26000,0.00000,22.39779,2
1914,6.06992,5.84550,0.92533,0.26000,0.00000,22.61008,2
1915,6.07137,5.84640,0.92619,0.26000,0.00000,22.96063,2
1916,6.07360,5.84730,0.92750,0.26000,0.00000,22.42051,2
1917,6.07445,5.84820,0.92805,0.26000,0.00000,23.00817,2
1918,6.07668,5.84911,0.92922,0.26000,0.00000,22.39205,2
1919,6.07737,5.85002,0.93112,0.26000,0.00000,23.07644,2
1920,6.07958,5.85093,0.93095,0.26000,0.00000,22.52522,2
1921,6.08048,5.85184,0.93151,0.26000,0.00000,22.38270,2
1922,6.08101,5.85276,0.93199,0.26000,0.00000,22.98908,2
1923,6.08296,5.85367,0.93312,0.26000,0.00000,22.29432,2
1924,6.08318,5.85459,0.93323,0.26000,0.00000,22.38875,2
1925,6.08363,5.85550,0.93367,0.26000,0.00000,22.70443,2
1926,6.08481,5.85641,0.93433,0.26000,0.00000,22.86263,2
1927,6.08634,5.85733,0.93528,0.26000,0.00000,22.86580,2
1928,6.08781,5.85824,0.93600,0.26000,0.00000,22.32070,2
1929,6.08794,5.85916,0.94089,0.26000,0.00000,22.92028,2
1930,6.08926,5.86008,0.94650,0.26000,0.00000,22.73734,2
1931,6.08986,5.86099,0.95177,0.26000,0.00000,22.81741,2
1932,6.09039,5.86191,0.95687,0.26000,0.00000,22.81532,2
1933,6.09067,5.86282,0.96191,0.26000,0.00000,22.59541,2
1934,6.09018,5.86373,0.96661,0.26000,0.00000,22.80481,2
1935,6.08997,5.86464,0.97157,0.26000,0.00000,22.68177,2
1936,6.08923,5.86554,0.97619,0.26000,0.00000,22.86910,2
1937,6.08874,5.86643,0.99396,0.26000,0.00000,23.65290,2
1938,6.08924,5.86732,0.98601,0.26000,0.00000,22.77644,2
1939,6.08805,5.86821,0.99028,0.26000,0.00000,22.83148,2
1940,6.08681,5.86909,0.99467,0.26000,0.00000,22.90841,2
1941,6.08556,5.86996,1.00000,0.26000,0.00000,23.44343,2
1942,6.08534,5.87082,0.99705,0.26000,0.00000,23.13459,2
1943,6.08455,5.87168,0.99407,0.26000,0.00000,22.82528,2
1944,6.08319,5.87253,0.99353,0.26000,0.00000,22.94409,2
1945,6.08217,5.87338,0.99333,0.26000,0.00000,22.88246,2
1946,6.08103,5.87421,0.99336,0.26000,0.00000,23.02219,2
1947,6.08025,5.87504,0.99264,0.26000,0.00000,22.50315,2
1948,6.07828,5.87586,0.99388,0.26000,0.00000,23.10197,2
1949,6.07772,5.87667,0.99475,0.26000,0.00000,23.14289,2
1950,6.07723,5.87747,0.99178,0.26000,0.00000,22.89223,2
1951,6.07630,5.87827,0.99365,0.26000,0.00000,23.11119,2
1952,6.07582,5.87906,1.00000,0.26000,0.00000,23.54383,2
1953,6.07607,5.87985,0.99186,0.26000,0.00000,22.67909,2
1954,6.07467,5.88064,0.99648,0.26000,0.00000,23.26004,2
1955,6.07446,5.88141,1.00000,0.26000,0.00000,23.72474,2
1956,6.07518,5.88218,0.99170,0.26000,0.00000,22.68852,2
1957,6.07385,5.88296,0.99115,0.26000,0.00000,22.95674,2
1958,6.07321,5.88372,0.99107,0.26000,0.00000,22.90691,2
1959,6.07248,5.88448,0.99815,0.26000,0.00000,23.36121,2
1960,6.07249,5.88523,0.99647,0.26000,0.00000,23.27550,2
1961,6.07239,5.88598,0.99103,0.26000,0.00000,22.42291,2
1962,6.07054,5.88673,0.99056,0.26000,0.00000,23.01530,2
1963,6.07015,5.88746,0.99891,0.26000,0.00000,23.42845,2
1964,6.07035,5.88819,1.00000,0.26000,0.00000,23.53710,2
1965,6.07076,5.88892,0.99233,0.26000,0.00000,23.07339,2
1966,6.07044,5.88965,0.99815,0.26000,0.00000,23.36295,2
1967,6.07054,5.89037,0.99501,0.26000,0.00000,23.19002,2
1968,6.07039,5.89109,1.00000,0.26000,0.00000,23.62107,2
1969,6.07103,5.89181,0.99988,0.26000,0.00000,23.40432,2
1970,6.07116,5.89252,0.99200,0.26000,0.00000,22.95850,2
1971,6.07062,5.89324,0.99721,0.26000,0.00000,23.26450,2
1972,6.07057,5.89395,0.99213,0.26000,0.00000,22.71204,2
1973,6.06946,5.89466,0.99260,0.26000,0.00000,23.04242,2
1974,6.06914,5.89535,0.99641,0.26000,0.00000,23.22486,2
1975,6.06908,5.89605,0.99930,0.26000,0.00000,23.36263,2
1976,6.06921,5.89674,1.00000,0.26000,0.00000,23.97227,2
1977,6.07076,5.89743,0.99317,0.26000,0.00000,22.92208,2
1978,6.07013,5.89813,1.00000,0.26000,0.00000,23.90709,2
1979,6.07153,5.89881,1.00000,0.26000,0.00000,23.39124,2
1980,6.07169,5.89950,1.00000,0.26000,0.00000,24.03437,2
1981,6.07339,5.90019,1.00000,0.26000,0.00000,23.87293,2
1982,6.07469,5.90089,1.00000,0.26000,0.00000,23.92471,2
1983,6.07610,5.90158,1.00000,0.26000,0.00000,23.41382,2
1984,6.07628,5.90228,1.00000,0.26000,0.00000,23.15415,2
1985,6.07585,5.90297,1.00000,0.26000,0.00000,23.54547,2
1986,6.07637,5.90367,1.00000,0.26000,0.00000,22.91952,2
1987,6.07539,5.90436,1.00000,0.26000,0.00000,23.95625,2
1988,6.07691,5.90504,1.00000,0.26000,0.00000,22.96262,2
1989,6.07604,5.90573,1.00000,1.26000,0.00000,23.15661,2
1990,6.11566,5.90641,1.00000,1.26000,0.00000,23.38976,2
1991,6.15531,5.90725,1.00000,1.26000,0.00000,24.08510,2
1992,6.19611,5.90824,1.00000,1.26000,0.00000,23.12226,2
1993,6.23408,5.90939,1.00000,1.26000,0.00000,23.55513,2
1994,6.27259,5.91069,1.00000,1.26000,0.00000,23.75482,2
1995,6.31108,5.91214,1.00000,1.26000,0.00000,24.15167,2
1996,6.35002,5.91373,1.00000,1.26000,0.00000,23.95887,2
1997,6.38801,5.91548,1.00000,1.26000,0.00000,23.62397,2
1998,6.42471,5.91737,1.00000,1.26000,0.00000,23.59342,2
1999,6.46087,5.91940,1.00000,1.26000,0.00000,23.75692,2
2000,6.49697,5.92156,1.00000,1.26000,0.00000,23.98388,2
2001,6.53315,5.92387,1.00000,0.26000,0.00000,24.19268,2
2002,6.52937,5.92630,1.00000,0.26000,0.00000,23.96072,2
2003,6.52512,5.92871,1.00000,0.26000,0.00000,23.88642,2
2004,6.52077,5.93110,1.00000,0.26000,0.00000,23.74150,2
2005,6.51617,5.93346,1.00000,0.26000,0.00000,24.52197,2
2006,6.51350,5.93579,1.00000,0.26000,0.00000,23.70897,2
2007,6.50897,5.93810,1.00000,0.26000,0.00000,23.44590,2
2008,6.50389,5.94038,1.00000,0.26000,0.00000,23.84830,2
2009,6.49986,5.94264,1.00000,0.26000,0.00000,24.34019,2
2010,6.49708,5.94487,1.00000,0.26000,0.00000,23.84806,2
2011,6.49319,5.94708,1.00000,0.26000,0.00000,23.59648,2
2012,6.48877,5.94926,1.00000,0.26000,0.00000,24.69953,2
2013,6.48707,5.95142,1.00000,0.26000,0.00000,24.59275,2
2014,6.48515,5.95356,1.00000,0.26000,0.00000,23.94013,2
2015,6.48174,5.95569,1.00000,0.26000,0.00000,22.87663,2
2016,6.47585,5.95779,1.00000,0.26000,0.00000,24.15305,2
2017,6.47311,5.95986,1.00000,0.26000,0.00000,24.13396,2
2018,6.47038,5.96192,1.00000,0.26000,0.00000,23.98622,2
2019,6.46736,5.96395,1.00000,0.26000,0.00000,24.17738,2
2020,6.46485,5.96596,1.00000,0.26000,0.00000,23.16881,2
2021,6.46000,5.96796,1.00000,0.26000,0.00000,23.98860,2
2022,6.45719,5.96993,1.00000,0.26000,0.00000,23.92493,2
2023,6.45428,5.97188,1.00000,0.26000,0.00000,23.89593,2
2024,6.45137,5.97381,1.00000,0.26000,0.00000,24.01023,2
2025,6.44878,5.97572,1.00000,0.26000,0.00000,23.92601,2
2026,6.44605,5.97761,1.00000,0.26000,0.00000,24.45169,2
2027,6.44463,5.97948,1.00000,0.26000,0.00000,24.72287,2
2028,6.44390,5.98134,1.00000,0.26000,0.00000,23.91493,2
2029,6.44127,5.98319,1.00000,0.26000,0.00000,24.71227,2
2030,6.44059,5.98503,1.00000,0.26000,0.00000,24.45828,2
2031,6.43934,5.98685,1.00000,0.26000,0.00000,24.29753,2
2032,6.43774,5.98866,1.00000,0.26000,0.00000,24.42242,2
2033,6.43648,5.99045,1.00000,0.26000,0.00000,24.09951,2
2034,6.43448,5.99224,1.00000,0.26000,0.00000,24.52105,2
2035,6.43354,5.99401,1.00000,0.26000,0.00000,24.03274,2
2036,6.43147,5.99577,1.00000,0.26000,0.00000,24.08628,2
2037,6.42956,5.99751,1.00000,0.26000,0.00000,24.34747,2
2038,6.42833,5.99924,1.00000,0.26000,0.00000,24.12838,2
2039,6.42661,6.00095,1.00000,0.26000,0.00000,24.01804,2
2040,6.42467,6.00266,1.00000,0.26000,0.00000,24.45449,2
2041,6.42381,6.00434,1.00000,0.26000,0.00000,25.45864,2
2042,6.42537,6.00602,1.00000,0.26000,0.00000,23.85593,2
2043,6.42311,6.00770,1.00000,0.26000,0.00000,24.58722,2
2044,6.42265,6.00936,1.00000,1.26000,0.00000,24.78324,2
2045,6.46267,6.01101,1.00000,1.26000,0.00000,24.02889,2
2046,6.50038,6.01282,1.00000,1.26000,0.00000,24.26431,2
2047,6.53818,6.01477,1.00000,1.26000,0.00000,24.22654,2
2048,6.57540,6.01686,1.00000,1.26000,0.00000,23.75451,2
2049,6.61104,6.01910,1.00000,1.26000,0.00000,24.42756,2
2050,6.64782,6.02147,1.00000,1.26000,0.00000,24.37026,2
2051,6.68401,6.02397,1.00000,1.26000,0.00000,24.22775,2
2052,6.71941,6.02661,1.00000,1.26000,0.00000,24.23039,2
2053,6.75437,6.02938,1.00000,1.26000,0.00000,25.09889,2
2054,6.79097,6.03228,1.00000,1.26000,0.00000,24.64084,2
2055,6.82602,6.03532,1.00000,1.26000,0.00000,25.11760,2
2056,6.86178,6.03848,1.00000,0.26000,0.00000,24.40889,2
2057,6.85541,6.04177,1.00000,0.26000,0.00000,25.01053,2
2058,6.85059,6.04503,1.00000,0.26000,0.00000,24.29809,2
2059,6.84417,6.04825,1.00000,0.26000,0.00000,24.41594,2
2060,6.83816,6.05143,1.00000,0.26000,0.00000,23.79455,2
2061,6.83078,6.05458,1.00000,0.26000,0.00000,24.38091,2
2062,6.82493,6.05769,1.00000,0.26000,0.00000,24.17979,2
2063,6.81871,6.06075,1.00000,0.26000,0.00000,25.29764,2
2064,6.81527,6.06379,1.00000,0.26000,0.00000,24.98047,2
2065,6.81115,6.06679,1.00000,0.26000,0.00000,24.78024,2
2066,6.80665,6.06977,1.00000,0.26000,0.00000,24.66623,2
2067,6.80196,6.07272,1.00000,0.26000,0.00000,25.18772,2
2068,6.79861,6.07563,1.00000,0.26000,0.00000,25.06019,2
2069,6.79503,6.07853,1.00000,0.26000,0.00000,24.90655,2
2070,6.79116,6.08139,1.00000,0.26000,0.00000,24.57703,2
2071,6.78660,6.08423,1.00000,0.26000,0.00000,25.24961,2
2072,6.78372,6.08704,1.00000,0.26000,0.00000,24.93324,2
2073,6.78016,6.08983,1.00000,0.26000,0.00000,24.70884,2
2074,6.77615,6.09259,1.00000,0.26000,0.00000,24.83202,2
2075,6.77251,6.09532,1.00000,0.26000,0.00000,24.48733,2
2076,6.76812,6.09803,1.00000,0.26000,0.00000,25.01063,2
2077,6.76508,6.10071,1.00000,0.26000,0.00000,24.65480,2
2078,6.76125,6.10337,1.00000,0.26000,0.00000,24.95785,2
2079,6.75822,6.10600,1.00000,0.26000,0.00000,24.60453,2
2080,6.75442,6.10861,1.00000,0.26000,0.00000,24.37484,2
2081,6.75016,6.11119,1.00000,0.26000,0.00000,25.00579,2
2082,6.74748,6.11375,1.00000,0.26000,0.00000,23.78625,2
2083,6.74196,6.11628,1.00000,0.26000,0.00000,24.62173,2
2084,6.73853,6.11879,1.00000,0.26000,0.00000,24.42953,2
2085,6.73471,6.12127,1.00000,0.26000,0.00000,25.11472,2
2086,6.73261,6.12372,1.00000,0.26000,0.00000,24.93318,2
2087,6.73012,6.12616,1.00000,0.26000,0.00000,25.03758,2
2088,6.72795,6.12857,1.00000,0.26000,0.00000,24.30124,2
2089,6.72407,6.13097,1.00000,0.26000,0.00000,25.33777,2
2090,6.72275,6.13334,1.00000,0.26000,0.00000,25.17163,2
2091,6.72107,6.13570,1.00000,0.26000,0.00000,24.44898,2
2092,6.71771,6.13804,1.00000,0.26000,0.00000,25.32805,2
2093,6.71652,6.14036,1.00000,0.26000,0.00000,24.55927,2
2094,6.71354,6.14266,1.00000,0.26000,0.00000,25.43157,2
2095,6.71270,6.14495,1.00000,0.26000,0.00000,25.17375,2
2096,6.71129,6.14722,1.00000,0.26000,0.00000,24.45518,2
2097,6.70820,6.14947,1.00000,0.26000,0.00000,24.85658,2
2098,6.70614,6.15171,1.00000,0.26000,0.00000,24.81398,2
2099,6.70403,6.15393,1.00000,0.26000,0.00000,25.73431,2
2100,6.70416,6.15613,1.00000,0.26000,0.00000,25.26035,2
2101,6.70318,6.15832,1.00000,0.26000,0.00000,24.96406,2
2102,6.70154,6.16050,1.00000,0.26000,0.00000,25.04175,2
2103,6.70013,6.16266,1.00000,0.26000,0.00000,24.97942,2
2104,6.69861,6.16481,1.00000,0.26000,0.00000,25.02283,2
2105,6.69723,6.16695,1.00000,0.26000,0.00000,25.21769,2
2106,6.69636,6.16907,1.00000,0.26000,0.00000,24.37057,2
2107,6.69351,6.17118,1.00000,0.26000,0.00000,25.51004,2
2108,6.69344,6.17327,1.00000,0.26000,0.00000,25.17781,2
2109,6.69259,6.17535,1.00000,1.26000,0.00000,24.52150,2
2110,6.73022,6.17742,1.00000,1.26000,0.00000,25.13292,2
2111,6.76883,6.17963,1.00000,1.26000,0.00000,25.32116,2
2112,6.80740,6.18199,1.00000,1.26000,0.00000,24.93015,2
2113,6.84455,6.18449,1.00000,1.26000,0.00000,24.68692,2
2114,6.88066,6.18713,1.00000,1.26000,0.00000,24.75448,2
2115,6.91647,6.18990,1.00000,1.26000,0.00000,24.82096,2
2116,6.95201,6.19281,1.00000,1.26000,0.00000,25.10748,2
2117,6.98778,6.19584,1.00000,1.26000,0.00000,25.36569,2
2118,7.02373,6.19901,1.00000,1.26000,0.00000,25.39553,2
2119,7.05931,6.20231,1.00000,1.26000,0.00000,25.31533,2
2120,7.09426,6.20574,1.00000,1.26000,0.00000,25.61773,2
2121,7.12951,6.20929,1.00000,0.26000,0.00000,25.24269,2
2122,7.12343,6.21297,1.00000,0.26000,0.00000,25.52698,2
2123,7.11815,6.21662,1.00000,0.26000,0.00000,24.59328,2
2124,7.11076,6.22022,1.00000,0.26000,0.00000,26.02880,2
2125,7.10692,6.22378,1.00000,0.26000,0.00000,25.29086,2
2126,7.10142,6.22732,1.00000,0.26000,0.00000,25.13153,2
2127,7.09565,6.23081,1.00000,0.26000,0.00000,24.49231,2
2128,7.08847,6.23427,1.00000,0.26000,0.00000,25.65971,2
2129,7.08420,6.23769,1.00000,0.26000,0.00000,25.61194,2
2130,7.07991,6.24108,1.00000,0.26000,0.00000,24.92841,2
2131,7.07409,6.24443,1.00000,0.26000,0.00000,24.68195,2
2132,7.06780,6.24775,1.00000,0.26000,0.00000,25.64066,2
2133,7.06390,6.25103,1.00000,0.26000,0.00000,24.68370,2
2134,7.05782,6.25428,1.00000,0.26000,0.00000,25.39634,2
2135,7.05355,6.25750,1.00000,0.26000,0.00000,25.54102,2
2136,7.04971,6.26068,1.00000,0.26000,0.00000,26.37690,2
2137,7.04795,6.26384,1.00000,0.26000,0.00000,24.81913,2
2138,7.04254,6.26697,1.00000,0.26000,0.00000,25.78588,2
2139,7.03954,6.27007,1.00000,0.26000,0.00000,25.25138,2
2140,7.03534,6.27315,1.00000,0.26000,0.00000,24.95337,2
2141,7.03052,6.27620,1.00000,0.26000,0.00000,24.62320,2
2142,7.02500,6.27922,1.00000,0.26000,0.00000,25.18722,2
2143,7.02094,6.28220,1.00000,0.26000,0.00000,25.20774,2
2144,7.01701,6.28516,1.00000,0.26000,0.00000,25.61750,2
2145,7.01415,6.28808,1.00000,0.26000,0.00000,25.52972,2
2146,7.01114,6.29099,1.00000,0.26000,0.00000,25.02322,2
2147,7.00700,6.29387,1.00000,0.26000,0.00000,25.28453,2
2148,7.00356,6.29672,1.00000,0.26000,0.00000,25.45967,2
2149,7.00062,6.29955,1.00000,0.26000,0.00000,25.42669,2
2150,6.99767,6.30235,1.00000,0.26000,0.00000,25.86181,2
2151,6.99583,6.30513,1.00000,0.26000,0.00000,25.49479,2
2152,6.99317,6.30790,1.00000,0.26000,0.00000,25.10999,2
2153,6.98966,6.31064,1.00000,0.26000,0.00000,25.64139,2
2154,6.98748,6.31335,1.00000,0.26000,0.00000,25.14029,2
2155,6.98418,6.31605,1.00000,0.26000,0.00000,25.41248,2
2156,6.98159,6.31872,1.00000,0.26000,0.00000,25.62903,2
2157,6.97959,6.32137,1.00000,0.26000,0.00000,25.21769,2
2158,6.97665,6.32401,1.00000,0.26000,0.00000,25.47050,2
2159,6.97439,6.32662,1.00000,0.26000,0.00000,25.01933,2
2160,6.97112,6.32921,1.00000,0.26000,0.00000,25.63890,2
2161,6.96939,6.33178,1.00000,0.26000,0.00000,25.34092,2
2162,6.96700,6.33433,1.00000,0.26000,0.00000,25.30392,2
2163,6.96458,6.33686,1.00000,0.26000,0.00000,25.23029,2
2164,6.96205,6.33937,1.00000,0.26000,0.00000,25.00028,2
2165,6.95903,6.34186,1.00000,0.26000,0.00000,25.78028,2
2166,6.95793,6.34433,1.00000,0.26000,0.00000,25.05557,2
2167,6.95515,6.34678,1.00000,0.26000,0.00000,25.10285,2
2168,6.95255,6.34922,1.00000,0.26000,0.00000,25.30804,2
2169,6.95049,6.35163,1.00000,0.26000,0.00000,25.52445,2
2170,6.94901,6.35402,1.00000,0.26000,0.00000,25.70080,2
2171,6.94799,6.35640,1.00000,0.26000,0.00000,25.56573,2
2172,6.94668,6.35877,1.00000,0.26000,0.00000,25.84520,2
2173,6.94609,6.36112,1.00000,0.26000,0.00000,25.24435,2
2174,6.94410,6.36346,1.00000,0.26000,0.00000,26.01939,2
2175,6.94401,6.36578,1.00000,0.26000,0.00000,25.17014,2
2176,6.94192,6.36810,1.00000,0.26000,0.00000,24.85728,2
2177,6.93913,6.37039,1.00000,0.26000,0.00000,25.67204,2
2178,6.93836,6.37267,1.00000,0.26000,0.00000,25.39254,2
2179,6.93694,6.37493,1.00000,0.26000,0.00000,24.69759,2
2180,6.93392,6.37718,1.00000,0.26000,0.00000,25.17621,2
2181,6.93211,6.37941,1.00000,0.26000,0.00000,25.22750,2
2182,6.93046,6.38162,1.00000,0.26000,0.00000,24.70879,2
2183,6.92762,6.38381,1.00000,0.26000,0.00000,25.96352,2
2184,6.92783,6.38599,1.00000,0.26000,0.00000,25.49982,2
2185,6.92696,6.38815,1.00000,0.26000,0.00000,25.61232,2
2186,6.92640,6.39031,1.00000,0.26000,0.00000,25.53388,2
2187,6.92567,6.39245,1.00000,0.26000,0.00000,25.34562,2
2188,6.92453,6.39459,1.00000,0.26000,0.00000,25.63449,2
2189,6.92412,6.39671,1.00000,0.26000,0.00000,24.99602,2
2190,6.92222,6.39882,1.00000,0.26000,0.00000,25.18326,2
2191,6.92081,6.40091,1.00000,0.26000,0.00000,25.54017,2
2192,6.92029,6.40299,1.00000,0.26000,0.00000,25.48443,2
2193,6.91966,6.40506,1.00000,0.26000,0.00000,25.03770,2
2194,6.91801,6.40712,1.00000,0.26000,0.00000,25.45666,2
2195,6.91740,6.40916,1.00000,0.26000,0.00000,25.56396,2
2196,6.91707,6.41119,1.00000,0.26000,0.00000,25.46349,2
2197,6.91653,6.41322,1.00000,0.26000,0.00000,25.82072,2
2198,6.91687,6.41523,1.00000,0.26000,0.00000,25.88173,2
2199,6.91737,6.41724,1.00000,0.26000,0.00000,25.86686,2
2200,6.91785,6.41924,1.00000,0.26000,0.00000,25.00127,2
2201,6.91629,6.42123,1.00000,0.26000,0.00000,25.24369,2
2202,6.91534,6.42321,1.00000,0.26000,0.00000,25.80161,2
2203,6.91576,6.42518,1.00000,0.26000,0.00000,25.81542,2
2204,6.91623,6.42714,1.00000,0.26000,0.00000,25.74230,2
2205,6.91653,6.42910,1.00000,0.26000,0.00000,25.49623,2
2206,6.91627,6.43105,1.00000,0.26000,0.00000,25.96710,2
2207,6.91716,6.43299,1.00000,0.26000,0.00000,25.32800,2
2208,6.91653,6.43493,1.00000,0.26000,0.00000,25.69474,2
2209,6.91681,6.43685,1.00000,0.26000,0.00000,26.28675,2
2210,6.91851,6.43877,1.00000,0.26000,0.00000,25.77995,2
2211,6.91900,6.44069,1.00000,0.26000,0.00000,25.61340,2
2212,6.91911,6.44261,1.00000,0.26000,0.00000,25.51063,2
2213,6.91900,6.44451,1.00000,0.26000,0.00000,25.27407,2
2214,6.91835,6.44641,1.00000,0.26000,0.00000,25.32999,2
2215,6.91785,6.44830,1.00000,0.26000,0.00000,25.50532,2
2216,6.91780,6.45018,1.00000,0.26000,0.00000,25.34652,2
2217,6.91740,6.45205,1.00000,0.26000,0.00000,25.80203,2
2218,6.91810,6.45391,1.00000,0.26000,0.00000,25.86786,2
2219,6.91898,6.45576,1.00000,0.26000,0.00000,25.23870,2
2220,6.91836,6.45762,1.00000,0.26000,0.00000,25.01163,2
2221,6.91723,6.45946,1.00000,0.26000,0.00000,25.42129,2
2222,6.91711,6.46129,1.00000,0.26000,0.00000,25.65967,2
2223,6.91758,6.46311,1.00000,0.26000,0.00000,25.31618,2
2224,6.91725,6.46493,1.00000,0.26000,0.00000,25.10876,2
2225,6.91645,6.46674,1.00000,0.26000,0.00000,25.07346,2
2226,6.91559,6.46854,1.00000,0.26000,0.00000,25.91618,2
2227,6.91677,6.47033,1.00000,0.26000,0.00000,24.57210,2
2228,6.91475,6.47211,1.00000,0.26000,0.00000,25.68404,2
2229,6.91543,6.47388,1.00000,0.26000,0.00000,25.30973,2
2230,6.91523,6.47565,1.00000,0.26000,0.00000,25.42776,2
2231,6.91533,6.47741,1.00000,0.26000,0.00000,25.76363,2
2232,6.91624,6.47916,1.00000,0.26000,0.00000,25.57410,2
2233,6.91672,6.48091,1.00000,0.26000,0.00000,25.33698,2
2234,6.91664,6.48265,1.00000,0.26000,0.00000,24.79497,2
2235,6.91529,6.48439,1.00000,0.26000,0.00000,25.49822,2
2236,6.91565,6.48611,1.00000,0.26000,0.00000,24.96679,2
2237,6.91476,6.48783,1.00000,0.26000,0.00000,26.17201,2
2238,6.91677,6.48954,1.00000,0.26000,0.00000,25.63279,2
2239,6.91749,6.49125,1.00000,0.26000,0.00000,25.51148,2
2240,6.91793,6.49295,1.00000,0.26000,0.00000,25.50250,2
2241,6.91836,6.49465,1.00000,0.26000,0.00000,25.51674,2
2242,6.91883,6.49635,1.00000,0.26000,0.00000,24.90918,2
2243,6.91787,6.49804,1.00000,0.26000,0.00000,25.53667,2
2244,6.91844,6.49972,1.00000,0.26000,0.00000,25.53404,2
2245,6.91901,6.50139,1.00000,0.26000,0.00000,25.57721,2
2246,6.91970,6.50306,1.00000,0.26000,0.00000,25.47773,2
2247,6.92015,6.50473,1.00000,0.26000,0.00000,25.43420,2
2248,6.92052,6.50639,1.00000,0.26000,0.00000,25.38787,2
2249,6.92079,6.50805,1.00000,0.26000,0.00000,25.31240,2
2250,6.92089,6.50970,1.00000,0.26000,0.00000,25.06951,2
2251,6.92043,6.51134,1.00000,0.26000,0.00000,25.80811,2
2252,6.92176,6.51298,1.00000,0.26000,0.00000,25.27316,2
2253,6.92181,6.51461,1.00000,0.26000,0.00000,25.74247,2
2254,6.92299,6.51624,1.00000,0.26000,0.00000,25.15857,2
2255,6.92279,6.51787,1.00000,0.26000,0.00000,25.32197,2
2256,6.92300,6.51949,1.00000,0.26000,0.00000,25.16942,2
2257,6.92285,6.52110,1.00000,0.26000,0.00000,25.25360,2
2258,6.92293,6.52271,1.00000,0.26000,0.00000,25.66007,2
2259,6.92399,6.52431,1.00000,0.26000,0.00000,25.42278,2
2260,6.92449,6.52591,1.00000,0.26000,0.00000,25.38327,2
2261,6.92491,6.52750,1.00000,0.26000,0.00000,25.23866,2
2262,6.92500,6.52909,1.00000,0.26000,0.00000,25.18094,2
2263,6.92496,6.53068,1.00000,0.26000,0.00000,24.98504,2
2264,6.92447,6.53225,1.00000,0.26000,0.00000,25.67506,2
2265,6.92565,6.53382,1.00000,0.26000,0.00000,26.05508,2
2266,6.92774,6.53539,1.00000,0.26000,0.00000,25.66453,2
2267,6.92889,6.53696,1.00000,0.26000,0.00000,25.64566,2
2268,6.92999,6.53853,1.00000,0.26000,0.00000,25.69996,2
2269,6.93123,6.54009,1.00000,0.26000,0.00000,25.47991,2
2270,6.93194,6.54166,1.00000,0.26000,0.00000,25.46167,2
2271,6.93262,6.54322,1.00000,0.26000,0.00000,25.32259,2
2272,6.93297,6.54478,1.00000,0.26000,0.00000,25.30228,2
2273,6.93329,6.54633,1.00000,0.26000,0.00000,25.49216,2
2274,6.93407,6.54788,1.00000,0.26000,0.00000,25.43477,2
2275,6.93472,6.54942,1.00000,0.26000,0.00000,25.63402,2
2276,6.93585,6.55096,1.00000,0.26000,0.00000,24.77689,2
2277,6.93495,6.55250,1.00000,0.26000,0.00000,25.87532,2
2278,6.93669,6.55403,1.00000,0.26000,0.00000,25.50421,2
2279,6.93754,6.55556,1.00000,0.26000,0.00000,26.07607,2
2280,6.93975,6.55709,1.00000,0.26000,0.00000,25.71524,2
2281,6.94110,6.55862,1.00000,0.26000,0.00000,25.82910,2
2282,6.94271,6.56015,1.00000,0.26000,0.00000,25.16748,2
2283,6.94274,6.56168,1.00000,0.26000,0.00000,25.62132,2
2284,6.94388,6.56321,1.00000,0.26000,0.00000,25.53517,2
2285,6.94480,6.56473,1.00000,0.26000,0.00000,25.11341,2
2286,6.94473,6.56625,1.00000,0.26000,0.00000,25.15603,2
2287,6.94478,6.56776,1.00000,0.26000,0.00000,24.98486,2
2288,6.94443,6.56927,1.00000,0.26000,0.00000,24.93861,2
2289,6.94400,6.57077,1.00000,0.26000,0.00000,25.04834,2
2290,6.94385,6.57226,1.00000,0.26000,0.00000,26.00736,2
2291,6.94600,6.57375,1.00000,0.26000,0.00000,25.92705,2
2292,6.94794,6.57524,1.00000,0.26000,0.00000,25.19807,2
2293,6.94814,6.57673,1.00000,0.26000,0.00000,25.57088,2
2294,6.94925,6.57822,1.00000,0.26000,0.00000,25.04258,2
2295,6.94909,6.57970,1.00000,0.26000,0.00000,25.19917,2
2296,6.94933,6.58118,1.00000,0.26000,0.00000,25.20204,2
2297,6.94959,6.58265,1.00000,0.26000,0.00000,25.79580,2
2298,6.95127,6.58412,1.00000,0.26000,0.00000,25.20910,2
2299,6.95155,6.58559,1.00000,0.26000,0.00000,24.83243,2
2300,6.95095,6.58705,1.00000,0.26000,0.00000,25.26844,2
2301,6.95140,6.58851,1.00000,0.26000,0.00000,24.40046,2
2302,6.94981,6.58996,1.00000,0.26000,0.00000,25.17234,2
2303,6.95008,6.59140,1.00000,0.26000,0.00000,25.56519,2
2304,6.95130,6.59283,1.00000,0.26000,0.00000,25.51225,2
2305,6.95240,6.59427,1.00000,0.26000,0.00000,24.98042,2
2306,6.95223,6.59570,1.00000,0.26000,0.00000,24.83954,2
2307,6.95175,6.59712,1.00000,0.26000,0.00000,25.41158,2
2308,6.95264,6.59854,1.00000,0.26000,0.00000,25.36150,2
2309,6.95342,6.59996,1.00000,0.26000,0.00000,25.21142,2
2310,6.95385,6.60137,1.00000,0.26000,0.00000,25.20074,2
2311,6.95427,6.60278,1.00000,0.26000,0.00000,24.79265,2
2312,6.95372,6.60419,1.00000,0.26000,0.00000,25.46515,2
2313,6.95479,6.60559,1.00000,0.26000,0.00000,25.42183,2
2314,6.95577,6.60698,1.00000,0.26000,0.00000,25.45076,2
2315,6.95681,6.60838,1.00000,0.26000,0.00000,25.15415,2
2316,6.95715,6.60977,1.00000,0.26000,0.00000,25.76269,2
2317,6.95895,6.61116,1.00000,0.26000,0.00000,25.41466,2
2318,6.95991,6.61255,1.00000,0.26000,0.00000,24.75700,2
2319,6.95931,6.61394,1.00000,0.26000,0.00000,24.75489,2
2320,6.95873,6.61532,1.00000,0.26000,0.00000,25.18239,2
2321,6.95919,6.61670,1.00000,0.26000,0.00000,25.23385,2
2322,6.95977,6.61807,1.00000,0.26000,0.00000,25.12869,2
2323,6.96012,6.61943,1.00000,0.26000,0.00000,25.23612,2
2324,6.96073,6.62080,1.00000,0.26000,0.00000,24.58459,2
2325,6.95980,6.62216,1.00000,0.26000,0.00000,25.32702,2
2326,6.96066,6.62351,1.00000,0.26000,0.00000,25.22413,2
2327,6.96128,6.62486,1.00000,0.26000,0.00000,25.06684,2
2328,6.96153,6.62620,1.00000,0.26000,0.00000,25.52060,2
2329,6.96287,6.62754,1.00000,0.26000,0.00000,25.30718,2
2330,6.96371,6.62888,1.00000,0.26000,0.00000,25.27077,2
2331,6.96445,6.63022,1.00000,0.26000,0.00000,24.78840,2
2332,6.96406,6.63156,1.00000,0.26000,0.00000,25.39249,2
2333,6.96512,6.63289,1.00000,0.26000,0.00000,24.90417,2
2334,6.96502,6.63422,1.00000,0.26000,0.00000,24.55208,2
2335,6.96410,6.63554,1.00000,0.26000,0.00000,25.03436,2
2336,6.96435,6.63686,1.00000,0.26000,0.00000,24.86483,2
2337,6.96421,6.63817,1.00000,0.26000,0.00000,25.24869,2
2338,6.96501,6.63947,1.00000,0.26000,0.00000,24.64766,2
2339,6.96437,6.64077,1.00000,0.26000,0.00000,24.94972,2
2340,6.96447,6.64207,1.00000,0.26000,0.00000,25.31274,2
2341,6.96546,6.64336,1.00000,0.26000,0.00000,25.13130,2
2342,6.96601,6.64465,1.00000,0.26000,0.00000,24.91944,2
2343,6.96606,6.64593,1.00000,0.26000,0.00000,25.39506,2
2344,6.96726,6.64721,1.00000,0.26000,0.00000,24.67932,2
2345,6.96675,6.64849,1.00000,0.26000,0.00000,23.99506,2
2346,6.96464,6.64977,1.00000,0.26000,0.00000,24.95950,2
2347,6.96486,6.65102,1.00000,0.26000,0.00000,25.65832,2
2348,6.96675,6.65228,1.00000,0.26000,0.00000,24.77154,2
2349,6.96653,6.65354,1.00000,0.26000,0.00000,24.68570,2
2350,6.96612,6.65479,1.00000,0.26000,0.00000,24.68804,2
2351,6.96573,6.65604,1.00000,0.26000,0.00000,25.10868,2
2352,6.96636,6.65727,1.00000,0.26000,0.00000,24.62297,2
2353,6.96584,6.65851,1.00000,0.26000,0.00000,24.49382,2
2354,6.96503,6.65974,1.00000,0.26000,0.00000,24.55885,2
2355,6.96440,6.66096,1.00000,0.26000,0.00000,24.97931,2
2356,6.96480,6.66217,1.00000,0.26000,0.00000,24.45496,2
2357,6.96395,6.66339,1.00000,0.26000,0.00000,24.15377,2
2358,6.96241,6.66459,1.00000,0.26000,0.00000,24.58262,2
2359,6.96193,6.66578,1.00000,0.26000,0.00000,24.71092,2
2360,6.96177,6.66696,1.00000,0.26000,0.00000,24.97175,2
2361,6.96224,6.66814,1.00000,0.26000,0.00000,25.08702,2
2362,6.96300,6.66932,1.00000,0.26000,0.00000,24.47983,2
2363,6.96232,6.67049,1.00000,0.26000,0.00000,25.13107,2
2364,6.96320,6.67166,1.00000,0.26000,0.00000,24.71630,2
2365,6.96310,6.67283,1.00000,0.26000,0.00000,25.16296,2
2366,6.96408,6.67399,1.00000,0.26000,0.00000,24.50286,2
2367,6.96349,6.67515,1.00000,0.26000,0.00000,25.08439,2
2368,6.96430,6.67630,1.00000,0.26000,0.00000,24.29509,2
2369,6.96323,6.67745,1.00000,0.26000,0.00000,24.51271,2
2370,6.96271,6.67860,1.00000,0.26000,0.00000,25.36249,2
2371,6.96423,6.67973,1.00000,0.26000,0.00000,24.83232,2
2372,6.96448,6.68087,1.00000,0.26000,0.00000,24.83561,2
2373,6.96475,6.68201,1.00000,0.26000,0.00000,24.68258,2
2374,6.96466,6.68314,1.00000,0.26000,0.00000,24.96878,2
2375,6.96527,6.68426,1.00000,0.26000,0.00000,24.26983,2
2376,6.96421,6.68539,1.00000,0.26000,0.00000,25.13366,2
2377,6.96524,6.68650,1.00000,0.26000,0.00000,24.03334,2
2378,6.96365,6.68762,1.00000,0.26000,0.00000,24.69001,2
2379,6.96366,6.68872,1.00000,0.26000,0.00000,24.62786,2
2380,6.96353,6.68982,1.00000,0.26000,0.00000,24.66449,2
2381,6.96350,6.69092,1.00000,0.26000,0.00000,24.35649,2
2382,6.96275,6.69201,1.00000,0.26000,0.00000,24.21177,2
2383,6.96167,6.69309,1.00000,0.26000,0.00000,24.70058,2
2384,6.96179,6.69416,1.00000,0.26000,0.00000,24.90492,2
2385,6.96240,6.69523,1.00000,0.26000,0.00000,24.86028,2
2386,6.96291,6.69630,1.00000,0.26000,0.00000,24.24447,2
2387,6.96196,6.69737,1.00000,0.26000,0.00000,24.83008,2
2388,6.96243,6.69843,1.00000,0.26000,0.00000,24.60035,2
2389,6.96235,6.69948,1.00000,0.26000,0.00000,24.18159,2
2390,6.96129,6.70053,1.00000,0.26000,0.00000,24.94562,2
2391,6.96208,6.70158,1.00000,0.26000,0.00000,24.77393,2
2392,6.96246,6.70262,1.00000,0.26000,0.00000,24.91250,2
2393,6.96317,6.70366,1.00000,0.26000,0.00000,24.44695,2
2394,6.96278,6.70470,1.00000,0.26000,0.00000,23.78504,2
2395,6.96083,6.70573,1.00000,0.26000,0.00000,24.50483,2
2396,6.96062,6.70675,1.00000,0.26000,0.00000,23.86589,2
2397,6.95892,6.70777,1.00000,0.26000,0.00000,23.94771,2
2398,6.95744,6.70877,1.00000,0.26000,0.00000,24.18338,2
2399,6.95655,6.70976,1.00000,0.26000,0.00000,23.55220,2
2400,6.95418,6.71075,1.00000,0.26000,0.00000,24.88549,2
2401,6.95503,6.71173,1.00000,0.26000,0.00000,24.69550,2
2402,6.95542,6.71270,1.00000,0.26000,0.00000,24.56135,2
2403,6.95550,6.71367,1.00000,0.26000,0.00000,25.08689,2
2404,6.95684,6.71464,1.00000,0.26000,0.00000,24.77779,2
2405,6.95744,6.71561,1.00000,0.26000,0.00000,23.79470,2
2406,6.95570,6.71657,1.00000,0.26000,0.00000,24.18343,2
2407,6.95492,6.71753,1.00000,0.26000,0.00000,23.91541,2
2408,6.95352,6.71848,1.00000,0.26000,0.00000,24.58222,2
2409,6.95374,6.71942,1.00000,0.26000,0.00000,24.08699,2
2410,6.95279,6.72036,1.00000,0.26000,0.00000,24.54386,2
2411,6.95294,6.72129,1.00000,0.26000,0.00000,24.43405,2
2412,6.95285,6.72221,1.00000,0.26000,0.00000,24.38224,2
2413,6.95264,6.72314,1.00000,0.26000,0.00000,23.44970,2
2414,6.95022,6.72405,1.00000,0.26000,0.00000,25.02606,2
2415,6.95160,6.72496,1.00000,0.26000,0.00000,24.34061,2
2416,6.95134,6.72586,1.00000,0.26000,0.00000,23.32575,2
2417,6.94868,6.72677,1.00000,0.26000,0.00000,24.59742,2
2418,6.94909,6.72765,1.00000,0.26000,0.00000,24.75686,2
2419,6.94988,6.72854,1.00000,0.26000,0.00000,23.86875,2
2420,6.94856,6.72943,1.00000,0.26000,0.00000,24.45233,2
2421,6.94865,6.73030,1.00000,0.26000,0.00000,23.52531,2
2422,6.94654,6.73118,1.00000,0.26000,0.00000,23.52881,2
2423,6.94448,6.73204,1.00000,0.26000,0.00000,24.14486,2
2424,6.94393,6.73289,1.00000,0.26000,0.00000,23.75617,2
2425,6.94246,6.73373,1.00000,0.26000,0.00000,23.98785,2
2426,6.94158,6.73457,1.00000,0.26000,0.00000,23.11541,2
2427,6.93864,6.73539,1.00000,0.26000,0.00000,24.16155,2
2428,6.93824,6.73621,1.00000,0.26000,0.00000,23.52768,2
2429,6.93634,6.73701,1.00000,0.26000,0.00000,23.30356,2
2430,6.93394,6.73781,1.00000,0.26000,0.00000,24.10833,2
2431,6.93350,6.73860,1.00000,0.26000,0.00000,23.73047,2
2432,6.93218,6.73938,1.00000,0.26000,0.00000,23.87202,2
2433,6.93121,6.74015,1.00000,0.26000,0.00000,23.40660,2
2434,6.92916,6.74091,1.00000,0.26000,0.00000,24.46151,2
2435,6.92966,6.74166,1.00000,0.26000,0.00000,24.58585,2
2436,6.93046,6.74242,1.00000,0.26000,0.00000,24.13609,2
2437,6.93018,6.74317,1.00000,0.26000,0.00000,23.99726,2
2438,6.92958,6.74392,1.00000,0.26000,0.00000,23.22945,2
2439,6.92717,6.74466,1.00000,0.26000,0.00000,23.81114,2
2440,6.92619,6.74539,1.00000,0.26000,0.00000,24.14719,2
2441,6.92603,6.74611,1.00000,0.26000,0.00000,23.41657,2
2442,6.92413,6.74683,1.00000,0.26000,0.00000,23.54406,2
2443,6.92258,6.74754,1.00000,0.26000,0.00000,23.58660,2
2444,6.92115,6.74824,1.00000,0.26000,0.00000,23.53937,2
2445,6.91964,6.74893,1.00000,0.26000,0.00000,23.65639,2
2446,6.91843,6.74962,1.00000,0.26000,0.00000,23.81233,2
2447,6.91762,6.75029,1.00000,0.26000,0.00000,23.58695,2
2448,6.91629,6.75096,1.00000,0.26000,0.00000,23.89707,2
2449,6.91572,6.75162,1.00000,0.26000,0.00000,24.05683,2
2450,6.91555,6.75228,1.00000,0.26000,0.00000,23.55291,2
2451,6.91419,6.75293,1.00000,0.26000,0.00000,23.03324,2
2452,6.91162,6.75358,1.00000,0.26000,0.00000,23.63366,2
2453,6.91051,6.75421,1.00000,0.26000,0.00000,23.58133,2
2454,6.90931,6.75483,1.00000,0.26000,0.00000,23.25521,2
2455,6.90735,6.75545,1.00000,0.26000,0.00000,22.94159,2
2456,6.90467,6.75606,1.00000,0.26000,0.00000,22.96914,2
2457,6.90211,6.75665,1.00000,0.26000,0.00000,23.06955,2
2458,6.89982,6.75724,1.00000,0.26000,0.00000,23.39515,2
2459,6.89834,6.75781,1.00000,0.26000,0.00000,24.04485,2
2460,6.89844,6.75837,1.00000,0.26000,0.00000,23.23946,2
2461,6.89663,6.75893,1.00000,0.26000,0.00000,23.92106,2
2462,6.89646,6.75948,1.00000,0.26000,0.00000,23.84099,2
2463,6.89612,6.76003,1.00000,0.26000,0.00000,23.44714,2
2464,6.89485,6.76057,1.00000,0.26000,0.00000,23.53565,2
2465,6.89381,6.76111,1.00000,0.26000,0.00000,23.64217,2
2466,6.89304,6.76164,1.00000,0.26000,0.00000,24.15931,2
2467,6.89352,6.76217,1.00000,0.26000,0.00000,22.89857,2
2468,6.89100,6.76269,1.00000,0.26000,0.00000,23.43475,2
2469,6.88980,6.76320,1.00000,0.26000,0.00000,23.30065,2
2470,6.88830,6.76371,1.00000,0.26000,0.00000,22.66441,2
2471,6.88530,6.76421,1.00000,0.26000,0.00000,23.07443,2
2472,6.88333,6.76469,1.00000,0.26000,0.00000,22.70929,2
2473,6.88052,6.76517,1.00000,0.26000,0.00000,23.65047,2
2474,6.88000,6.76563,1.00000,0.26000,0.00000,23.88615,2
2475,6.88005,6.76609,1.00000,0.26000,0.00000,23.39103,2
2476,6.87892,6.76654,1.00000,0.26000,0.00000,23.07844,2
2477,6.87707,6.76699,1.00000,0.26000,0.00000,22.94115,2
2478,6.87492,6.76743,1.00000,0.26000,0.00000,22.67213,2
2479,6.87216,6.76786,1.00000,0.26000,0.00000,23.30231,2
2480,6.87095,6.76828,1.00000,0.26000,0.00000,23.31166,2
2481,6.86978,6.76869,1.00000,0.26000,0.00000,23.19491,2
2482,6.86835,6.76909,1.00000,0.26000,0.00000,23.60017,2
2483,6.86791,6.76949,1.00000,0.26000,0.00000,22.39348,2
2484,6.86460,6.76989,1.00000,0.26000,0.00000,22.94065,2
2485,6.86265,6.77026,1.00000,0.26000,0.00000,22.58758,2
2486,6.85989,6.77063,1.00000,0.26000,0.00000,23.02985,2
2487,6.85822,6.77099,1.00000,0.26000,0.00000,23.11903,2
2488,6.85678,6.77134,1.00000,0.26000,0.00000,23.98279,2
2489,6.85743,6.77168,1.00000,0.26000,0.00000,23.28794,2
2490,6.85642,6.77202,1.00000,0.26000,0.00000,23.51340,2
2491,6.85596,6.77236,1.00000,0.26000,0.00000,22.91908,2
2492,6.85410,6.77270,1.00000,0.26000,0.00000,23.17706,2
2493,6.85288,6.77302,1.00000,0.26000,0.00000,23.60326,2
2494,6.85269,6.77334,1.00000,0.26000,0.00000,22.48150,2
2495,6.84984,6.77366,1.00000,0.26000,0.00000,22.39088,2
2496,6.84682,6.77396,1.00000,0.26000,0.00000,22.86173,2
2497,6.84495,6.77425,1.00000,0.26000,0.00000,23.01677,2
2498,6.84349,6.77454,1.00000,0.26000,0.00000,23.18124,2
2499,6.84244,6.77481,1.00000,0.26000,0.00000,22.59269,2
2500,6.84001,6.77508,1.00000,0.26000,0.00000,22.62245,2
2501,6.83768,6.77534,1.00000,0.26000,0.00000,22.90700,2
2502,6.83606,6.77559,1.00000,0.26000,0.00000,22.81314,2
2503,6.83424,6.77583,1.00000,0.26000,0.00000,22.76220,2
2504,6.83233,6.77607,1.00000,0.26000,0.00000,22.71012,2
2505,6.83033,6.77629,1.00000,0.26000,0.00000,22.91250,2
2506,6.82883,6.77651,1.00000,0.26000,0.00000,22.65691,2
2507,6.82675,6.77672,1.00000,0.26000,0.00000,22.44955,2
2508,6.82420,6.77692,1.00000,0.26000,0.00000,22.27051,2
2509,6.82126,6.77711,1.00000,0.26000,0.00000,22.36721,2
2510,6.81860,6.77728,1.00000,0.26000,0.00000,21.79085,2
2511,6.81460,6.77745,1.00000,0.26000,0.00000,22.60671,2
2512,6.81259,6.77760,1.00000,0.26000,0.00000,22.05259,2
2513,6.80930,6.77774,1.00000,0.26000,0.00000,22.22741,2
2514,6.80646,6.77786,1.00000,0.26000,0.00000,22.54943,2
2515,6.80444,6.77798,1.00000,0.26000,0.00000,22.18740,2
2516,6.80158,6.77808,1.00000,0.26000,0.00000,22.68002,2
2517,6.79993,6.77818,1.00000,0.26000,0.00000,22.28996,2
2518,6.79737,6.77827,1.00000,0.26000,0.00000,22.37233,2
2519,6.79505,6.77834,1.00000,0.26000,0.00000,22.80583,2
2520,6.79379,6.77841,1.00000,0.26000,0.00000,22.47595,2
2521,6.79176,6.77847,1.00000,0.26000,0.00000,22.33094,2
2522,6.78941,6.77852,1.00000,0.26000,0.00000,22.59291,2
2523,6.78772,6.77857,1.00000,0.26000,0.00000,22.39757,2
2524,6.78559,6.77860,1.00000,0.26000,0.00000,22.93991,2
2525,6.78477,6.77863,1.00000,0.26000,0.00000,22.40448,2
2526,6.78270,6.77866,1.00000,0.26000,0.00000,22.90092,2
2527,6.78183,6.77867,1.00000,0.26000,0.00000,22.46241,2
2528,6.77993,6.77869,1.00000,0.26000,0.00000,22.25404,2
2529,6.77756,6.77869,1.00000,0.26000,0.00000,21.56764,2
2530,6.77359,6.77869,1.00000,0.26000,0.00000,22.51398,2
2531,6.77192,6.77867,1.00000,0.26000,0.00000,22.38726,2
2532,6.76997,6.77864,1.00000,0.26000,0.00000,21.98688,2
2533,6.76710,6.77860,1.00000,0.26000,0.00000,22.36977,2
2534,6.76517,6.77856,1.00000,0.26000,0.00000,22.34382,2
2535,6.76321,6.77850,1.00000,0.26000,0.00000,21.83040,2
2536,6.76005,6.77844,1.00000,0.26000,0.00000,22.21727,2
2537,6.75785,6.77837,1.00000,0.26000,0.00000,22.01573,2
2538,6.75520,6.77829,1.00000,0.26000,0.00000,23.04392,2
2539,6.75504,6.77819,1.00000,0.26000,0.00000,21.77139,2
2540,6.75184,6.77810,1.00000,0.26000,0.00000,22.88537,2
2541,6.75134,6.77800,1.00000,0.26000,0.00000,22.34508,2
2542,6.74956,6.77789,1.00000,0.26000,0.00000,22.46407,2
2543,6.74808,6.77778,1.00000,0.26000,0.00000,22.08955,2
2544,6.74573,6.77766,1.00000,0.26000,0.00000,21.85561,2
2545,6.74285,6.77753,1.00000,0.26000,0.00000,21.89783,2
2546,6.74011,6.77739,1.00000,0.26000,0.00000,22.25622,2
2547,6.73826,6.77724,1.00000,0.26000,0.00000,22.52897,2
2548,6.73708,6.77709,1.00000,0.26000,0.00000,22.39245,2
2549,6.73559,6.77693,1.00000,0.26000,0.00000,22.05858,2
2550,6.73332,6.77676,1.00000,0.26000,0.00000,22.39233,2
2551,6.73188,6.77659,1.00000,0.26000,0.00000,22.37810,2
2552,6.73042,6.77641,1.00000,0.26000,0.00000,22.33344,2
2553,6.72887,6.77623,1.00000,0.26000,0.00000,22.10104,2
2554,6.72678,6.77604,1.00000,0.26000,0.00000,22.60722,2
2555,6.72593,6.77584,1.00000,0.26000,0.00000,22.20701,2
2556,6.72413,6.77564,1.00000,0.26000,0.00000,22.13376,2
2557,6.72218,6.77543,1.00000,0.26000,0.00000,21.75398,2
2558,6.71935,6.77522,1.00000,0.26000,0.00000,22.23917,2
2559,6.71771,6.77500,1.00000,0.26000,0.00000,21.72273,2
2560,6.71486,6.77477,1.00000,0.26000,0.00000,21.83617,2
2561,6.71231,6.77453,1.00000,0.26000,0.00000,22.00551,2
2562,6.71020,6.77428,1.00000,0.26000,0.00000,22.01432,2
2563,6.70814,6.77402,1.00000,0.26000,0.00000,21.27150,2
2564,6.70433,6.77376,1.00000,0.26000,0.00000,21.94514,2
2565,6.70217,6.77348,1.00000,0.26000,0.00000,21.43310,2
2566,6.69882,6.77320,1.00000,0.26000,0.00000,21.39868,2
2567,6.69543,6.77290,1.00000,0.26000,0.00000,21.14307,2
2568,6.69147,6.77259,1.00000,0.26000,0.00000,21.61105,2
2569,6.68867,6.77226,1.00000,0.26000,0.00000,21.28057,2
2570,6.68512,6.77193,1.00000,0.26000,0.00000,21.43993,2
2571,6.68200,6.77158,1.00000,0.26000,0.00000,21.59752,2
2572,6.67928,6.77122,1.00000,0.26000,0.00000,21.45787,2
2573,6.67627,6.77086,1.00000,0.26000,0.00000,21.66243,2
2574,6.67378,6.77048,1.00000,0.26000,0.00000,21.57817,2
2575,6.67112,6.77009,1.00000,0.26000,0.00000,22.18740,2
2576,6.66994,6.76970,1.00000,0.26000,0.00000,21.90041,2
2577,6.66808,6.76930,1.00000,0.26000,0.00000,21.29119,2
2578,6.66480,6.76889,1.00000,0.26000,0.00000,21.50733,2
2579,6.66207,6.76848,1.00000,0.26000,0.00000,21.26954,2
2580,6.65881,6.76805,1.00000,0.26000,0.00000,21.31789,2
2581,6.65570,6.76761,1.00000,0.26000,0.00000,21.46142,2
2582,6.65297,6.76716,1.00000,0.26000,0.00000,21.21123,2
2583,6.64967,6.76671,1.00000,0.26000,0.00000,21.30149,2
2584,6.64663,6.76624,1.00000,0.26000,0.00000,21.48195,2
2585,6.64405,6.76576,1.00000,0.26000,0.00000,21.33565,2
2586,6.64115,6.76527,1.00000,0.26000,0.00000,21.75963,2
2587,6.63930,6.76478,1.00000,0.26000,0.00000,21.14381,2
2588,6.63600,6.76428,1.00000,0.26000,0.00000,21.11283,2
2589,6.63266,6.76376,1.00000,0.26000,0.00000,21.70425,2
2590,6.63077,6.76324,1.00000,0.26000,0.00000,21.19722,2
2591,6.62769,6.76271,1.00000,0.26000,0.00000,21.18492,2
2592,6.62462,6.76217,1.00000,0.26000,0.00000,20.88574,2
2593,6.62087,6.76162,1.00000,0.26000,0.00000,21.02273,2
2594,6.61749,6.76106,1.00000,0.26000,0.00000,21.40423,2
2595,6.61506,6.76048,1.00000,0.26000,0.00000,20.98466,2
2596,6.61165,6.75990,1.00000,0.26000,0.00000,21.67075,2
2597,6.60992,6.75931,1.00000,0.26000,0.00000,20.57495,2
2598,6.60559,6.75871,1.00000,0.26000,0.00000,20.59927,2
2599,6.60137,6.75810,1.00000,0.26000,0.00000,20.83596,2
2600,6.59777,6.75747,1.00000,0.26000,0.00000,21.10742,2
2601,6.59485,6.75683,1.00000,0.26000,0.00000,21.16428,2
2602,6.59210,6.75618,1.00000,0.26000,0.00000,21.33419,2
2603,6.58979,6.75553,1.00000,0.26000,0.00000,20.69906,2
2604,6.58598,6.75486,1.00000,0.26000,0.00000,20.29704,2
2605,6.58126,6.75419,1.00000,0.26000,0.00000,21.22585,2
2606,6.57881,6.75350,1.00000,0.26000,0.00000,20.96554,2
2607,6.57576,6.75280,1.00000,0.26000,0.00000,21.15936,2
2608,6.57321,6.75209,1.00000,0.26000,0.00000,20.88666,2
2609,6.57003,6.75137,1.00000,0.26000,0.00000,20.42612,2
2610,6.56580,6.75065,1.00000,0.26000,0.00000,19.98671,2
2611,6.56056,6.74991,1.00000,0.26000,0.00000,20.05833,2
2612,6.55555,6.74915,1.00000,0.26000,0.00000,21.16056,2
2613,6.55323,6.74838,1.00000,0.26000,0.00000,21.88986,2
2614,6.55267,6.74760,1.00000,0.26000,0.00000,20.95538,2
2615,6.54988,6.74682,1.00000,0.26000,0.00000,21.09657,2
2616,6.54746,6.74603,1.00000,0.26000,0.00000,20.55496,2
2617,6.54377,6.74524,1.00000,0.26000,0.00000,20.98896,2
2618,6.54115,6.74443,1.00000,0.26000,0.00000,21.22553,2
2619,6.53912,6.74362,1.00000,0.26000,0.00000,21.17543,2
2620,6.53699,6.74280,1.00000,0.26000,0.00000,21.09848,2
2621,6.53470,6.74198,1.00000,0.26000,0.00000,21.10565,2
2622,6.53245,6.74115,1.00000,0.26000,0.00000,20.53525,2
2623,6.52885,6.74031,1.00000,0.26000,0.00000,21.25843,2
2624,6.52702,6.73947,1.00000,0.26000,0.00000,20.90910,2
2625,6.52438,6.73862,1.00000,0.26000,0.00000,20.04530,2
2626,6.51970,6.73776,1.00000,0.26000,0.00000,21.04277,2
2627,6.51745,6.73689,1.00000,0.26000,0.00000,20.86044,2
2628,6.51478,6.73601,1.00000,0.26000,0.00000,20.51041,2
2629,6.51131,6.73512,1.00000,0.26000,0.00000,20.80635,2
2630,6.50858,6.73423,1.00000,0.26000,0.00000,19.97768,2
2631,6.50390,6.73333,1.00000,0.26000,0.00000,20.64752,2
2632,6.50087,6.73241,1.00000,0.26000,0.00000,20.34886,2
2633,6.49716,6.73148,1.00000,0.26000,0.00000,20.81362,2
2634,6.49459,6.73054,1.00000,0.26000,0.00000,20.48080,2
2635,6.49126,6.72960,1.00000,0.26000,0.00000,20.26754,2
2636,6.48745,6.72865,1.00000,0.26000,0.00000,20.20900,2
2637,6.48354,6.72768,1.00000,0.26000,0.00000,20.37313,2
2638,6.48006,6.72671,1.00000,0.26000,0.00000,20.77745,2
2639,6.47759,6.72572,1.00000,0.26000,0.00000,20.21340,2
2640,6.47379,6.72473,1.00000,0.26000,0.00000,20.42974,2
2641,6.47054,6.72372,1.00000,0.26000,0.00000,20.84905,2
2642,6.46833,6.72271,1.00000,0.26000,0.00000,20.68776,2
2643,6.46575,6.72169,1.00000,0.26000,0.00000,20.32087,2
2644,6.46232,6.72067,1.00000,0.26000,0.00000,20.37546,2
2645,6.45906,6.71964,1.00000,0.26000,0.00000,20.12470,2
2646,6.45522,6.71859,1.00000,0.26000,0.00000,19.80959,2
2647,6.45068,6.71754,1.00000,0.26000,0.00000,20.58931,2
2648,6.44805,6.71647,1.00000,0.26000,0.00000,19.53139,2
2649,6.44292,6.71540,1.00000,0.26000,0.00000,20.06621,2
2650,6.43911,6.71431,1.00000,0.26000,0.00000,19.83071,2
2651,6.43479,6.71321,1.00000,0.26000,0.00000,20.10178,2
2652,6.43116,6.71209,1.00000,0.26000,0.00000,20.29332,2
2653,6.42802,6.71097,1.00000,0.26000,0.00000,19.99897,2
2654,6.42420,6.70984,1.00000,0.26000,0.00000,20.39822,2
2655,6.42138,6.70870,1.00000,0.26000,0.00000,19.98368,2
2656,6.41759,6.70755,1.00000,0.26000,0.00000,20.71232,2
2657,6.41558,6.70639,1.00000,0.26000,0.00000,20.63432,2
2658,6.41340,6.70522,1.00000,0.26000,0.00000,20.47131,2
2659,6.41084,6.70406,1.00000,0.26000,0.00000,20.05365,2
2660,6.40731,6.70288,1.00000,0.26000,0.00000,19.95087,2
2661,6.40357,6.70170,1.00000,0.26000,0.00000,20.63870,2
2662,6.40150,6.70051,1.00000,0.26000,0.00000,20.24107,2
2663,6.39850,6.69931,1.00000,0.26000,0.00000,20.08167,2
2664,6.39515,6.69811,1.00000,0.26000,0.00000,20.22145,2
2665,6.39216,6.69690,1.00000,0.26000,0.00000,20.31211,2
2666,6.38942,6.69568,1.00000,0.26000,0.00000,20.93724,2
2667,6.38819,6.69445,1.00000,0.26000,0.00000,20.26236,2
2668,6.38535,6.69323,1.00000,0.26000,0.00000,20.42064,2
2669,6.38291,6.69200,1.00000,0.26000,0.00000,20.10924,2
2670,6.37975,6.69076,1.00000,0.26000,0.00000,19.89309,2
2671,6.37611,6.68952,1.00000,0.26000,0.00000,19.74665,2
2672,6.37215,6.68826,1.00000,0.26000,0.00000,19.67703,2
2673,6.36806,6.68700,1.00000,0.26000,0.00000,19.75227,2
2674,6.36420,6.68572,1.00000,0.26000,0.00000,20.33912,2
2675,6.36177,6.68444,1.00000,0.26000,0.00000,19.99728,2
2676,6.35854,6.68315,1.00000,0.26000,0.00000,19.72006,2
2677,6.35468,6.68185,1.00000,0.26000,0.00000,19.72853,2
2678,6.35088,6.68054,1.00000,0.26000,0.00000,20.11760,2
2679,6.34804,6.67922,1.00000,0.26000,0.00000,19.22224,2
2680,6.34309,6.67790,1.00000,0.26000,0.00000,19.91444,2
2681,6.33985,6.67656,1.00000,0.26000,0.00000,19.26567,2
2682,6.33508,6.67521,1.00000,0.26000,0.00000,20.19173,2
2683,6.33257,6.67385,1.00000,0.26000,0.00000,20.29984,2
2684,6.33034,6.67248,1.00000,0.26000,0.00000,19.87912,2
2685,6.32711,6.67112,1.00000,0.26000,0.00000,19.44865,2
2686,6.32289,6.66974,1.00000,0.26000,0.00000,19.35075,2
2687,6.31848,6.66835,1.00000,0.26000,0.00000,19.71635,2
2688,6.31499,6.66695,1.00000,0.26000,0.00000,19.65185,2
2689,6.31137,6.66554,1.00000,0.26000,0.00000,19.64196,2
2690,6.30776,6.66413,1.00000,0.26000,0.00000,19.66716,2
2691,6.30424,6.66270,1.00000,0.26000,0.00000,19.76469,2
2692,6.30098,6.66127,1.00000,0.26000,0.00000,19.82646,2
2693,6.29790,6.65983,1.00000,0.26000,0.00000,19.72152,2
2694,6.29460,6.65838,1.00000,0.26000,0.00000,19.34382,2
2695,6.29042,6.65692,1.00000,0.26000,0.00000,19.64127,2
2696,6.28699,6.65546,1.00000,0.26000,0.00000,19.61616,2
2697,6.28353,6.65399,1.00000,0.26000,0.00000,19.10031,2
2698,6.27888,6.65250,1.00000,0.26000,0.00000,19.73762,2
2699,6.27578,6.65101,1.00000,0.26000,0.00000,19.83999,2
2700,6.27296,6.64951,1.00000,0.26000,0.00000,19.63474,2
2701,6.26966,6.64800,1.00000,0.26000,0.00000,19.39677,2
2702,6.26583,6.64649,1.00000,0.26000,0.00000,19.17296,2
2703,6.26150,6.64497,1.00000,0.26000,0.00000,19.75711,2
2704,6.25860,6.64343,1.00000,0.26000,0.00000,18.82495,2
2705,6.25350,6.64189,1.00000,0.26000,0.00000,19.13753,2
2706,6.24920,6.64034,1.00000,0.26000,0.00000,19.14816,2
2707,6.24496,6.63877,0.99897,0.26000,0.00000,19.34010,2
2708,6.24127,6.63720,0.99724,0.26000,0.00000,20.04502,2
2709,6.23938,6.63562,0.99648,0.26000,0.00000,19.52711,2
2710,6.23630,6.63403,0.99491,0.26000,0.00000,19.06050,2
2711,6.23221,6.63244,0.99286,0.26000,0.00000,19.36694,2
2712,6.22899,6.63084,0.99138,0.26000,0.00000,19.05821,2
2713,6.22513,6.62923,0.98948,0.26000,0.00000,19.32277,2
2714,6.22203,6.62761,0.98805,0.26000,0.00000,19.36575,2
2715,6.21912,6.62599,0.98667,0.26000,0.00000,18.68173,2
2716,6.21468,6.62436,0.98442,0.26000,0.00000,19.20162,2
2717,6.21163,6.62273,0.98306,0.26000,0.00000,19.32939,2
2718,6.20897,6.62108,0.98182,0.26000,0.00000,18.98280,2
2719,6.20556,6.61943,0.98013,0.26000,0.00000,19.65486,2
2720,6.20387,6.61778,0.97945,0.26000,0.00000,18.50414,2
2721,6.19947,6.61612,0.97712,0.26000,0.00000,19.21689,2
2722,6.19693,6.61446,0.97605,0.26000,0.00000,18.74948,2
2723,6.19334,6.61279,0.97425,0.26000,0.00000,19.43812,2
2724,6.19152,6.61111,0.97351,0.26000,0.00000,18.90844,2
2725,6.18847,6.60943,0.97195,0.26000,0.00000,19.44812,2
2726,6.18681,6.60775,0.97126,0.26000,0.00000,19.27867,2
2727,6.18478,6.60606,0.97026,0.26000,0.00000,18.81102,2
2728,6.18170,6.60438,0.96870,0.26000,0.00000,19.23297,2
2729,6.17972,6.60269,0.96783,0.26000,0.00000,19.44923,2
2730,6.17830,6.60099,0.96720,0.26000,0.00000,18.81187,2
2731,6.17540,6.59930,0.96569,0.26000,0.00000,19.08831,2
2732,6.17326,6.59761,0.96472,0.26000,0.00000,19.21101,2
2733,6.17146,6.59591,0.96389,0.26000,0.00000,18.85526,2
2734,6.16887,6.59421,0.96258,0.26000,0.00000,19.37534,2
2735,6.16759,6.59251,0.96207,0.26000,0.00000,18.69177,2
2736,6.16471,6.59081,0.96056,0.26000,0.00000,19.13917,2
2737,6.16299,6.58911,0.95983,0.26000,0.00000,18.97624,2
2738,6.16092,6.58740,0.95881,0.26000,0.00000,19.21755,2
2739,6.15949,6.58570,0.95817,0.26000,0.00000,18.77648,2
2740,6.15704,6.58399,0.95691,0.26000,0.00000,19.09408,2
2741,6.15542,6.58228,0.95620,0.26000,0.00000,18.31807,2
2742,6.15199,6.58058,0.95441,0.26000,0.00000,18.48816,2
2743,6.14908,6.57886,0.95305,0.26000,0.00000,18.45231,2
2744,6.14617,6.57714,0.95166,0.26000,0.00000,18.20107,2
2745,6.14276,6.57542,0.94998,0.26000,0.00000,19.02964,2
2746,6.14142,6.57369,0.94951,0.26000,0.00000,19.01770,2
2747,6.14009,6.57196,0.94886,0.26000,0.00000,19.04595,2
2748,6.13884,6.57023,0.94827,0.26000,0.00000,19.00192,2
2749,6.13753,6.56851,0.94763,0.26000,0.00000,19.28900,2
2750,6.13692,6.56678,0.94740,0.26000,0.00000,18.71398,2
2751,6.13495,6.56506,0.94634,0.26000,0.00000,18.59626,2
2752,6.13275,6.56334,0.94527,0.26000,0.00000,18.81219,2
2753,6.13114,6.56162,0.94454,0.26000,0.00000,18.92174,2
2754,6.12982,6.55990,0.94394,0.26000,0.00000,18.90415,2
2755,6.12849,6.55818,0.94330,0.26000,0.00000,19.05157,2
2756,6.12754,6.55646,0.94287,0.26000,0.00000,18.38939,2
2757,6.12503,6.55474,0.94154,0.26000,0.00000,18.15398,2
2758,6.12204,6.55302,0.94007,0.26000,0.00000,18.26576,2
2759,6.11942,6.55130,0.93884,0.26000,0.00000,18.70062,2
2760,6.11790,6.54957,0.93820,0.26000,0.00000,18.27215,2
2761,6.11539,6.54785,0.93692,0.26000,0.00000,17.99153,2
2762,6.11230,6.54612,0.93538,0.26000,0.00000,18.69075,2
2763,6.11097,6.54438,0.93489,0.26000,0.00000,18.60814,2
2764,6.10947,6.54265,0.93415,0.26000,0.00000,17.82413,2
2765,6.10613,6.54092,0.93240,0.26000,0.00000,18.41021,2
2766,6.10431,6.53918,0.93165,0.26000,0.00000,18.39700,2
2767,6.10249,6.53744,0.93078,0.26000,0.00000,18.38220,2
2768,6.10069,6.53570,0.92992,0.26000,0.00000,18.59824,2
2769,6.09945,6.53396,0.92937,0.26000,0.00000,18.46991,2
2770,6.09793,6.53222,0.92861,0.26000,0.00000,18.44309,2
2771,6.09639,6.53048,0.92787,0.26000,0.00000,18.39792,2
2772,6.09477,6.52875,0.92709,0.26000,0.00000,18.42449,2
2773,6.09326,6.52701,0.92637,0.26000,0.00000,18.52285,2
2774,6.09202,6.52527,0.92580,0.26000,0.00000,18.39165,2
2775,6.09050,6.52354,0.92504,0.26000,0.00000,18.82859,2
2776,6.09005,6.52181,0.92492,0.26000,0.00000,17.86734,2
2777,6.08731,6.52008,0.92342,0.26000,0.00000,18.50240,2
2778,6.08617,6.51835,0.92300,0.26000,0.00000,18.57234,2
2779,6.08522,6.51662,0.92256,0.26000,0.00000,18.59898,2
2780,6.08434,6.51490,0.92214,0.26000,0.00000,17.62686,2
2781,6.08117,6.51317,0.92043,0.26000,0.00000,18.51413,2
2782,6.08021,6.51145,0.92015,0.26000,0.00000,18.64038,2
2783,6.07956,6.50972,0.91987,0.26000,0.00000,18.64003,2
2784,6.07892,6.50800,0.91956,0.26000,0.00000,17.76400,2
2785,6.07619,6.50628,0.91808,0.26000,0.00000,17.89575,2
2786,6.07387,6.50456,0.91700,0.26000,0.00000,18.33143,2
2787,6.07266,6.50284,0.91651,0.26000,0.00000,18.35465,2
2788,6.07152,6.50112,0.91596,0.26000,0.00000,18.57331,2
2789,6.07092,6.49940,0.91572,0.26000,0.00000,18.76572,2
2790,6.07078,6.49769,0.91569,0.26000,0.00000,18.16830,2
2791,6.06921,6.49598,0.91482,0.26000,0.00000,17.75135,2
2792,6.06669,6.49427,0.91354,0.26000,0.00000,18.34443,2
2793,6.06566,6.49256,0.91316,0.26000,0.00000,18.10168,2
2794,6.06406,6.49086,0.91235,0.26000,0.00000,18.36763,2
2795,6.06314,6.48915,0.91196,0.26000,0.00000,18.30489,2
2796,6.06209,6.48744,0.91145,0.26000,0.00000,18.28296,2
2797,6.06100,6.48574,0.91092,0.26000,0.00000,17.80861,2
2798,6.05881,6.48404,0.90978,0.26000,0.00000,18.50015,2
2799,6.05832,6.48234,0.90969,0.26000,0.00000,18.63210,2
2800,6.05815,6.48065,0.90963,0.26000,0.00000,17.85578,2
2801,6.05612,6.47896,0.90850,0.26000,0.00000,18.10641,2
2802,6.05474,6.47727,0.90789,0.26000,0.00000,17.91301,2
2803,6.05294,6.47558,0.90699,0.26000,0.00000,18.38813,2
2804,6.05231,6.47388,0.90679,0.26000,0.00000,18.02028,2
2805,6.05081,6.47220,0.90600,0.26000,0.00000,18.30524,2
2806,6.05003,6.47051,0.90568,0.26000,0.00000,18.03260,2
2807,6.04861,6.46883,0.90495,0.26000,0.00000,17.89894,2
2808,6.04691,6.46715,0.90411,0.26000,0.00000,17.60635,2
2809,6.04456,6.46547,0.90293,0.26000,0.00000,18.16617,2
2810,6.04361,6.46379,0.90258,0.26000,0.00000,18.33426,2
2811,6.04307,6.46210,0.90236,0.26000,0.00000,17.44832,2
2812,6.04042,6.46043,0.90092,0.26000,0.00000,18.29462,2
2813,6.03988,6.45875,0.90083,0.26000,0.00000,18.23839,2
2814,6.03919,6.45707,0.90049,0.26000,0.00000,18.27557,2
2815,6.03861,6.45540,0.90021,0.26000,0.00000,17.95443,2
2816,6.03726,6.45373,0.89950,0.26000,0.00000,18.13242,2
2817,6.03637,6.45207,0.89911,0.26000,0.00000,18.30564,2
2818,6.03590,6.45041,0.89892,0.26000,0.00000,17.97669,2
2819,6.03465,6.44875,0.89826,0.26000,0.00000,17.10593,2
2820,6.03136,6.44709,0.89652,0.26000,0.00000,18.22334,2
2821,6.03084,6.44543,0.89524,0.26000,0.00000,17.86505,2
2822,6.02952,6.44377,0.89330,0.26000,0.00000,18.45784,2
2823,6.02970,6.44211,0.89226,0.26000,0.00000,18.34187,2
2824,6.02965,6.44046,0.89096,0.26000,0.00000,17.94107,2
2825,6.02868,6.43882,0.88918,0.26000,0.00000,17.83726,2
2826,6.02755,6.43718,0.88737,0.26000,0.00000,18.28825,2
2827,6.02758,6.43554,0.88623,0.26000,0.00000,18.01997,2
2828,6.02701,6.43391,0.88466,0.26000,0.00000,18.88131,2
2829,6.02856,6.43228,0.88433,0.26000,0.00000,17.90631,2
2830,6.02777,6.43067,0.88251,0.26000,0.00000,17.80362,2
2831,6.02681,6.42906,0.88079,0.26000,0.00000,17.54954,2
2832,6.02533,6.42745,0.87879,0.26000,0.00000,17.44099,2
2833,6.02369,6.42584,0.87675,0.26000,0.00000,18.12195,2
2834,6.02378,6.42423,0.87568,0.26000,0.00000,18.03115,2
2835,6.02369,6.42263,0.87437,0.26000,0.00000,17.67302,2
2836,6.02280,6.42103,0.87263,0.26000,0.00000,18.22817,2
2837,6.02330,6.41944,0.87174,0.26000,0.00000,17.70244,2
2838,6.02258,6.41785,0.87004,0.26000,0.00000,17.78420,2
2839,6.02212,6.41627,0.86860,0.26000,0.00000,18.17617,2
2840,6.02266,6.41470,0.86769,0.26000,0.00000,17.89409,2
2841,6.02255,6.41313,0.86634,0.26000,0.00000,17.68421,2
2842,6.02199,6.41157,0.86478,0.26000,0.00000,18.19983,2
2843,6.02273,6.41001,0.86399,0.26000,0.00000,18.01641,2
2844,6.02304,6.40846,0.86286,0.26000,0.00000,17.64561,2
2845,6.02251,6.40692,0.86129,0.26000,0.00000,18.04090,2
2846,6.02298,6.40538,0.86035,0.26000,0.00000,17.89658,2
2847,6.02313,6.40385,0.85915,0.26000,0.00000,17.91017,2
2848,6.02336,6.40233,0.85802,0.26000,0.00000,17.56557,2
2849,6.02280,6.40081,0.85644,0.26000,0.00000,17.57025,2
2850,6.02233,6.39930,0.85497,0.26000,0.00000,17.48417,2
2851,6.02171,6.39779,0.85341,0.26000,0.00000,17.78916,2
2852,6.02188,6.39629,0.85231,0.26000,0.00000,18.47873,2
2853,6.02374,6.39479,0.85209,0.26000,0.00000,17.29842,2
2854,6.02275,6.39331,0.85014,0.26000,0.00000,17.40969,2
2855,6.02213,6.39182,0.84862,0.26000,0.00000,17.98556,2
2856,6.02294,6.39034,0.84787,0.26000,0.00000,17.73592,2
2857,6.02316,6.38887,0.84669,0.26000,0.00000,17.62502,2
2858,6.02317,6.38741,0.84542,0.26000,0.00000,18.01484,2
2859,6.02414,6.38595,0.84472,0.26000,0.00000,17.40045,2
2860,6.02367,6.38451,0.84313,0.26000,0.00000,17.87579,2
2861,6.02439,6.38306,0.84232,0.26000,0.00000,17.46154,2
2862,6.02414,6.38163,0.84088,0.26000,0.00000,17.34827,2
2863,6.02368,6.38020,0.83939,0.26000,0.00000,17.43400,2
2864,6.02349,6.37877,0.83807,0.26000,0.00000,16.95319,2
2865,6.02220,6.37735,0.83612,0.26000,0.00000,17.70227,2
2866,6.02280,6.37593,0.83531,0.26000,0.00000,18.16736,2
2867,6.02452,6.37452,0.83498,0.26000,0.00000,17.08696,2
2868,6.02365,6.37312,0.83311,0.26000,0.00000,17.32431,2
2869,6.02344,6.37172,0.83181,0.26000,0.00000,17.45183,2
2870,6.02357,6.37033,0.83065,0.26000,0.00000,17.92673,2
2871,6.02488,6.36894,0.83013,0.26000,0.00000,17.60265,2
2872,6.02542,6.36756,0.82907,0.26000,0.00000,18.32302,2
2873,6.02769,6.36620,0.82906,0.26000,0.00000,18.32405,2
2874,6.02993,6.36484,0.82888,0.26000,0.00000,17.33263,2
2875,6.02977,6.36350,0.82736,0.26000,0.00000,18.14010,2
2876,6.03159,6.36217,0.82715,0.26000,0.00000,17.55704,2
2877,6.03200,6.36085,0.82598,0.26000,0.00000,17.74767,2
2878,6.03290,6.35953,0.82521,0.26000,0.00000,17.90632,2
2879,6.03419,6.35822,0.82461,0.26000,0.00000,17.54337,2
2880,6.03461,6.35693,0.82461,0.26000,0.00000,17.36263,2
