minute,air_C,product_C,compressor_duty,door_heat,load_heat,ambient_C,mode
0,5.15000,5.05000,0.07500,0.00000,0.00000,17.72183,2
1,5.17285,5.05040,0.07592,0.00000,0.00000,17.14530,2
2,5.19395,5.05089,0.08637,0.00000,0.00000,17.56548,2
3,5.21494,5.05146,0.09712,0.00000,0.00000,17.65037,2
4,5.23500,5.05212,0.10762,0.00000,0.00000,17.54963,2
5,5.25372,5.05285,0.11773,0.00000,0.00000,17.78465,2
6,5.27196,5.05365,0.12788,0.00000,0.00000,17.24111,2
7,5.28785,5.05452,0.13709,0.00000,0.00000,17.22576,2
8,5.30277,5.05546,0.14616,0.00000,0.00000,17.77491,2
9,5.31809,5.05645,0.15565,0.00000,0.00000,17.16531,2
10,5.33100,5.05749,0.16406,0.00000,0.00000,17.54305,2
11,5.34398,5.05859,0.17283,0.00000,0.00000,17.77564,2
12,5.35665,5.05973,0.18157,0.00000,0.00000,17.34318,2
13,5.36743,5.06092,0.18951,0.00000,0.00000,17.11231,2
14,5.37690,5.06214,0.19706,0.00000,0.00000,18.26518,2
15,5.38840,5.06340,0.20582,0.00000,0.00000,17.34277,2
16,5.39687,5.06470,0.21302,0.00000,0.00000,17.37477,2
17,5.40474,5.06603,0.22024,0.00000,0.00000,17.28356,2
18,5.41172,5.06739,0.22715,0.00000,0.00000,17.41698,2
19,5.41839,5.06876,0.23404,0.00000,0.00000,17.34830,2
20,5.42427,5.07016,0.24063,0.00000,0.00000,17.24151,2
21,5.42930,5.07158,0.24693,0.00000,0.00000,17.90153,2
22,5.43536,5.07301,0.25384,0.00000,0.00000,17.75111,2
23,5.44044,5.07446,0.26025,0.00000,0.00000,18.13593,2
24,5.44586,5.07592,0.26696,0.00000,0.00000,17.65929,2
25,5.44957,5.07740,0.27284,0.00000,0.00000,17.44316,2
26,5.45225,5.07889,0.27838,0.00000,0.00000,17.50187,2
27,5.45461,5.08038,0.28387,0.00000,0.00000,17.79452,2
28,5.45721,5.08188,0.28953,0.00000,0.00000,17.20456,2
29,5.45794,5.08338,0.29425,0.00000,0.00000,17.68001,2
30,5.45943,5.08488,0.29952,0.00000,0.00000,17.59619,2
31,5.46030,5.08638,0.30443,0.00000,0.00000,17.96957,2
32,5.46166,5.08787,0.30964,0.00000,0.00000,17.40561,2
33,5.46126,5.08937,0.31395,0.00000,0.00000,17.31234,2
34,5.46032,5.09086,0.31813,0.00000,0.00000,17.58748,2
35,5.45973,5.09233,0.32251,0.00000,0.00000,17.61872,2
36,5.45889,5.09380,0.32673,0.00000,0.00000,16.92580,2
37,5.45608,5.09526,0.32999,0.00000,0.00000,17.36884,2
38,5.45412,5.09671,0.33379,0.00000,0.00000,17.12431,2
39,5.45132,5.09814,0.33709,0.00000,0.00000,17.79298,2
40,5.44990,5.09955,0.34112,0.00000,0.00000,16.99353,2
41,5.44629,5.10095,0.34392,0.00000,0.00000,17.57409,2
42,5.44390,5.10233,0.34748,0.00000,0.00000,16.96697,2
43,5.43982,5.10370,0.35007,0.00000,0.00000,18.48967,2
44,5.43923,5.10504,0.35450,0.00000,0.00000,18.08163,2
45,5.43734,5.10638,0.35799,0.00000,0.00000,17.65821,2
46,5.43420,5.10770,0.36095,0.00000,0.00000,17.16492,2
47,5.42971,5.10901,0.36330,0.00000,0.00000,17.54477,2
48,5.42600,5.11029,0.36610,0.00000,0.00000,17.36921,2
49,5.42172,5.11156,0.36851,0.00000,0.00000,16.84742,2
50,5.41607,5.11280,0.37025,0.00000,0.00000,17.88775,2
51,5.41285,5.11401,0.37325,0.00000,0.00000,17.30379,2
52,5.40805,5.11520,0.37524,0.00000,0.00000,17.45241,2
53,5.40353,5.11638,0.37744,0.00000,0.00000,18.15962,2
54,5.40058,5.11752,0.38037,0.00000,0.00000,17.64875,2
55,5.39624,5.11866,0.38244,0.00000,0.00000,17.46843,2
56,5.39137,5.11977,0.38431,0.00000,0.00000,17.61749,2
57,5.38678,5.12085,0.38632,0.00000,0.00000,16.91622,2
58,5.38044,5.12192,0.38738,0.00000,0.00000,18.03031,2
59,5.37676,5.12295,0.38985,0.00000,0.00000,17.31439,2
60,5.37123,5.12397,0.39115,0.00000,0.00000,17.29216,2
61,5.36563,5.12496,0.39251,0.00000,0.00000,17.80650,2
62,5.36124,5.12592,0.39442,0.00000,0.00000,17.59474,2
63,5.35626,5.12686,0.39589,0.00000,0.00000,17.66296,2
64,5.35139,5.12778,0.39742,0.00000,0.00000,16.98500,2
65,5.34487,5.12867,0.39806,0.00000,0.00000,17.66790,2
66,5.34001,5.12954,0.39960,0.00000,0.00000,17.16331,2
67,5.33391,5.13038,0.40034,0.00000,0.00000,17.30480,2
68,5.32817,5.13119,0.40130,0.00000,0.00000,17.72198,2
69,5.32343,5.13198,0.40267,0.00000,0.00000,17.54573,2
70,5.31824,5.13275,0.40369,0.00000,0.00000,17.51121,2
71,5.31296,5.13349,0.40464,0.00000,0.00000,17.73084,2
72,5.30820,5.13421,0.40582,0.00000,0.00000,17.76295,2
73,5.30350,5.13490,0.40693,0.00000,0.00000,17.60189,2
74,5.29840,5.13558,0.40779,0.00000,0.00000,17.61846,2
75,5.29334,5.13623,0.40865,0.00000,0.00000,17.42424,2
76,5.28782,5.13686,0.40923,0.00000,0.00000,17.75254,2
77,5.28312,5.13746,0.41020,0.00000,0.00000,17.55517,2
78,5.27794,5.13804,0.41082,0.00000,0.00000,17.90401,2
79,5.27362,5.13860,0.41185,0.00000,0.00000,17.15640,2
80,5.26749,5.13914,0.41187,0.00000,0.00000,17.35984,2
81,5.26194,5.13966,0.41226,0.00000,0.00000,17.53912,2
82,5.25686,5.14015,0.41278,0.00000,0.00000,17.01911,2
83,5.25058,5.14061,0.41261,0.00000,0.00000,17.21647,2
84,5.24486,5.14105,0.41277,0.00000,0.00000,17.09935,2
85,5.23894,5.14147,0.41271,0.00000,0.00000,17.33177,2
86,5.23365,5.14186,0.41293,0.00000,0.00000,17.85340,2
87,5.22967,5.14222,0.41370,0.00000,0.00000,18.44541,2
88,5.22709,5.14257,0.41502,0.00000,0.00000,17.89840,2
89,5.22314,5.14291,0.41552,0.00000,0.00000,16.47881,2
90,5.21582,5.14323,0.41441,0.00000,0.00000,17.31722,2
91,5.21069,5.14352,0.41459,0.00000,0.00000,17.53813,2
92,5.20615,5.14379,0.41484,0.00000,0.00000,17.55909,2
93,5.20169,5.14404,0.41504,0.00000,0.00000,17.57437,2
94,5.19732,5.14427,0.41522,0.00000,0.00000,17.42390,2
95,5.19264,5.14448,0.41520,0.00000,0.00000,16.99731,2
96,5.18701,5.14468,0.41469,0.00000,0.00000,17.86876,2
97,5.18357,5.14485,0.41529,0.00000,0.00000,17.76823,2
98,5.17988,5.14500,0.41556,0.00000,0.00000,17.91895,2
99,5.17659,5.14514,0.41601,0.00000,0.00000,17.21468,2
100,5.17163,5.14527,0.41556,0.00000,0.00000,17.83026,2
101,5.16824,5.14537,0.41597,0.00000,0.00000,17.15028,2
102,5.16324,5.14546,0.41543,0.00000,0.00000,17.48018,2
103,5.15914,5.14553,0.41541,0.00000,0.00000,17.99500,2
104,5.15632,5.14559,0.41592,0.00000,0.00000,18.04054,2
105,5.15361,5.14563,0.41635,0.00000,0.00000,18.30158,2
106,5.15152,5.14566,0.41706,0.00000,0.00000,17.43999,2
107,5.14735,5.14569,0.41666,0.00000,0.00000,16.99531,2
108,5.14221,5.14569,0.41589,0.00000,0.00000,17.84794,2
109,5.13922,5.14568,0.41624,0.00000,0.00000,17.42365,2
110,5.13524,5.14565,0.41588,0.00000,0.00000,17.26521,2
111,5.13097,5.14561,0.41541,0.00000,0.00000,17.20091,2
112,5.12663,5.14555,0.41489,0.00000,0.00000,18.20785,2
113,5.12479,5.14548,0.41559,0.00000,0.00000,17.33522,2
114,5.12084,5.14540,0.41501,0.00000,0.00000,17.66259,2
115,5.11777,5.14530,0.41500,0.00000,0.00000,17.39475,2
116,5.11410,5.14519,0.41458,0.00000,0.00000,17.58172,2
117,5.11096,5.14506,0.41445,0.00000,0.00000,17.41174,2
118,5.10746,5.14493,0.41406,0.00000,0.00000,18.17109,2
119,5.10585,5.14478,0.41461,0.00000,0.00000,17.57182,2
120,5.10278,5.14462,0.41426,0.00000,0.00000,17.65798,2
121,5.09999,5.14445,0.41414,0.00000,0.00000,17.78717,2
122,5.09755,5.14428,0.41414,0.00000,0.00000,17.60859,2
123,5.09471,5.14409,0.41389,0.00000,0.00000,17.62821,2
124,5.09198,5.14389,0.41370,0.00000,0.00000,17.51435,2
125,5.08903,5.14368,0.41336,0.00000,0.00000,17.78171,2
126,5.08677,5.14346,0.41336,0.00000,0.00000,17.84085,2
127,5.08469,5.14324,0.41337,0.00000,0.00000,17.98922,2
128,5.08298,5.14300,0.41353,0.00000,0.00000,17.58507,2
129,5.08031,5.14276,0.41316,1.00000,0.00000,17.87661,2
130,5.11841,5.14251,0.43323,1.00000,0.00000,17.43971,2
131,5.15335,5.14242,0.44883,1.00000,0.00000,17.16417,2
132,5.18592,5.14246,0.46386,1.00000,0.00000,18.15739,2
133,5.21922,5.14263,0.47976,1.00000,0.00000,17.44487,2
134,5.24912,5.14294,0.49424,0.00000,0.00000,17.90204,2
135,5.23855,5.14337,0.48905,0.00000,0.00000,18.20153,2
136,5.22926,5.14375,0.48764,0.00000,0.00000,18.23913,2
137,5.22029,5.14409,0.48619,0.00000,0.00000,17.82642,2
138,5.21058,5.14439,0.48426,0.00000,0.00000,17.64919,2
139,5.20074,5.14466,0.48222,0.00000,0.00000,18.08641,2
140,5.19223,5.14488,0.48076,0.00000,0.00000,17.64655,2
141,5.18291,5.14507,0.47870,0.00000,0.00000,17.68626,2
142,5.17397,5.14522,0.47681,0.00000,0.00000,17.44132,2
143,5.16472,5.14534,0.47464,0.00000,0.00000,18.22871,2
144,5.15765,5.14542,0.47348,0.00000,0.00000,18.03970,2
145,5.15031,5.14546,0.47196,0.00000,0.00000,17.66947,2
146,5.14231,5.14548,0.47005,0.00000,0.00000,17.59222,2
147,5.13438,5.14547,0.46815,0.00000,0.00000,17.57109,2
148,5.12666,5.14543,0.46626,0.00000,0.00000,17.67532,2
149,5.11944,5.14535,0.46454,0.00000,0.00000,17.53909,2
150,5.11213,5.14525,0.46266,0.00000,0.00000,17.13403,2
151,5.10410,5.14512,0.46035,0.00000,0.00000,18.07888,2
152,5.09861,5.14495,0.45929,0.00000,0.00000,17.26046,2
153,5.09133,5.14477,0.45707,0.00000,0.00000,18.04050,2
154,5.08617,5.14455,0.45599,0.00000,0.00000,17.77124,2
155,5.08053,5.14432,0.45444,0.00000,0.00000,17.47078,2
156,5.07437,5.14406,0.45262,0.00000,0.00000,17.48238,2
157,5.06846,5.14379,0.45090,0.00000,0.00000,18.02951,2
158,5.06407,5.14348,0.44986,0.00000,0.00000,18.33958,2
159,5.06055,5.14317,0.44909,0.00000,0.00000,18.38651,2
160,5.05725,5.14284,0.44833,0.00000,0.00000,18.25515,2
161,5.05374,5.14249,0.44741,0.00000,0.00000,17.96082,2
162,5.04964,5.14214,0.44618,0.00000,0.00000,17.68753,2
163,5.04504,5.14177,0.44471,0.00000,0.00000,17.88100,2
164,5.04108,5.14138,0.44354,0.00000,0.00000,17.21106,2
165,5.03566,5.14098,0.44156,0.00000,0.00000,17.66335,2
166,5.03155,5.14056,0.44029,0.00000,0.00000,17.83707,2
167,5.02800,5.14012,0.43916,0.00000,0.00000,18.41989,2
168,5.02597,5.13967,0.43871,0.00000,0.00000,17.94926,2
169,5.02288,5.13922,0.43759,0.00000,0.00000,17.66293,2
170,5.01923,5.13875,0.43624,0.00000,0.00000,17.78547,2
171,5.01603,5.13828,0.43512,0.00000,0.00000,18.36119,2
172,5.01432,5.13779,0.43469,0.00000,0.00000,18.67636,2
173,5.01341,5.13729,0.43452,0.00000,0.00000,18.13633,2
174,5.01124,5.13680,0.43364,0.00000,0.00000,18.02269,2
175,5.00890,5.13630,0.43275,0.00000,0.00000,17.72770,2
176,5.00595,5.13579,0.43155,0.00000,0.00000,18.51072,2
177,5.00499,5.13527,0.43137,0.00000,0.00000,17.52187,2
178,5.00170,5.13475,0.42985,0.00000,0.00000,18.59093,2
179,5.00111,5.13421,0.42983,0.00000,0.00000,18.91788,2
180,5.00130,5.13368,0.42999,0.00000,0.00000,18.22234,2
181,4.99982,5.13315,0.42925,0.00000,0.00000,17.97230,2
182,4.99782,5.13262,0.42836,0.00000,0.00000,18.32824,2
183,4.99675,5.13208,0.42797,0.00000,0.00000,17.82706,2
184,4.99454,5.13154,0.42691,0.00000,0.00000,18.28677,2
185,4.99352,5.13099,0.42653,0.00000,0.00000,18.09793,2
186,4.99209,5.13044,0.42583,0.00000,0.00000,18.05251,2
187,4.99063,5.12989,0.42513,0.00000,0.00000,17.96960,2
188,4.98903,5.12933,0.42436,0.00000,0.00000,17.62066,2
189,4.98668,5.12877,0.42320,0.00000,0.00000,17.43749,2
190,4.98402,5.12820,0.42192,0.00000,0.00000,17.83741,2
191,4.98243,5.12762,0.42118,0.00000,0.00000,18.31042,2
192,4.98205,5.12704,0.42094,0.00000,0.00000,18.45671,2
193,4.98203,5.12646,0.42079,0.00000,0.00000,17.58065,2
194,4.97994,5.12588,0.41956,0.00000,0.00000,18.37114,2
195,4.97984,5.12530,0.41948,0.00000,0.00000,18.04356,2
196,4.97897,5.12472,0.41885,0.00000,0.00000,18.20480,2
197,4.97854,5.12414,0.41849,0.00000,0.00000,18.22448,2
198,4.97818,5.12355,0.41813,0.00000,0.00000,18.62763,2
199,4.97881,5.12297,0.41826,0.00000,0.00000,18.15243,2
200,4.97828,5.12240,0.41773,0.00000,0.00000,18.51854,2
201,4.97866,5.12182,0.41775,0.00000,0.00000,17.99846,2
202,4.97780,5.12125,0.41707,0.00000,0.00000,17.94613,2
203,4.97687,5.12067,0.41646,0.00000,0.00000,18.25507,2
204,4.97673,5.12010,0.41623,0.00000,0.00000,18.65203,2
205,4.97755,5.11952,0.41642,0.00000,0.00000,18.35677,2
206,4.97764,5.11896,0.41617,0.00000,0.00000,18.50433,2
207,4.97809,5.11839,0.41616,0.00000,0.00000,18.18469,2
208,4.97776,5.11783,0.41575,0.00000,0.00000,18.02779,2
209,4.97710,5.11727,0.41522,0.00000,0.00000,18.52802,2
210,4.97767,5.11671,0.41533,0.00000,0.00000,17.86431,2
211,4.97663,5.11615,0.41454,0.00000,0.00000,17.90173,2
212,4.97576,5.11559,0.41395,0.00000,0.00000,18.71727,2
213,4.97688,5.11504,0.41434,0.00000,0.00000,18.44350,2
214,4.97730,5.11448,0.41423,0.00000,0.00000,17.95251,2
215,4.97655,5.11393,0.41359,0.00000,0.00000,18.06475,2
216,4.97612,5.11338,0.41320,0.00000,0.00000,17.77242,2
217,4.97502,5.11284,0.41245,0.00000,0.00000,18.41496,2
218,4.97552,5.11228,0.41254,0.00000,0.00000,17.81100,2
219,4.97456,5.11174,0.41178,0.00000,0.00000,18.08934,2
220,4.97434,5.11119,0.41149,0.00000,0.00000,18.22923,2
221,4.97447,5.11064,0.41131,0.00000,0.00000,18.76945,2
222,4.97589,5.11010,0.41176,0.00000,0.00000,18.06680,2
223,4.97557,5.10956,0.41124,0.00000,0.00000,18.26594,2
224,4.97577,5.10902,0.41113,0.00000,0.00000,18.65770,2
225,4.97691,5.10849,0.41143,0.00000,0.00000,18.23062,2
226,4.97698,5.10796,0.41115,0.00000,0.00000,18.49005,2
227,4.97769,5.10744,0.41127,0.00000,0.00000,18.44826,2
228,4.97827,5.10692,0.41128,0.00000,0.00000,18.32749,2
229,4.97855,5.10641,0.41115,0.00000,0.00000,18.88870,2
230,4.98017,5.10589,0.41172,0.00000,0.00000,18.06872,2
231,4.97976,5.10539,0.41119,0.00000,0.00000,18.33112,2
232,4.98002,5.10489,0.41115,0.00000,0.00000,18.65934,2
233,4.98105,5.10439,0.41145,0.00000,0.00000,18.42837,2
234,4.98149,5.10390,0.41140,0.00000,0.00000,18.61170,2
235,4.98237,5.10341,0.41161,0.00000,0.00000,18.67335,2
236,4.98335,5.10292,0.41186,0.00000,0.00000,18.15938,2
237,4.98307,5.10244,0.41148,0.00000,0.00000,18.19591,2
238,4.98291,5.10197,0.41125,0.00000,0.00000,18.67395,2
239,4.98390,5.10149,0.41159,0.00000,0.00000,19.00959,2
240,4.98565,5.10102,0.41222,0.00000,0.00000,18.34741,2
241,4.98574,5.10056,0.41198,0.00000,0.00000,18.48850,2
242,4.98618,5.10010,0.41205,0.00000,0.00000,18.29381,2
243,4.98614,5.09964,0.41186,0.00000,0.00000,19.11910,2
244,4.98807,5.09919,0.41269,0.00000,0.00000,18.73347,2
245,4.98899,5.09875,0.41287,0.00000,0.00000,18.66962,2
246,4.98973,5.09831,0.41306,0.00000,0.00000,18.75334,2
247,4.99063,5.09787,0.41335,0.00000,0.00000,18.86804,2
248,4.99177,5.09744,0.41375,0.00000,0.00000,18.82570,2
249,4.99276,5.09702,0.41407,0.00000,0.00000,18.62496,2
250,4.99322,5.09660,0.41415,0.00000,0.00000,19.07035,2
251,4.99473,5.09619,0.41480,0.00000,0.00000,19.24989,2
252,4.99659,5.09578,0.41556,0.00000,0.00000,18.77687,2
253,4.99723,5.09539,0.41570,0.00000,0.00000,18.38631,2
254,4.99692,5.09499,0.41546,0.00000,0.00000,19.10464,2
255,4.99834,5.09460,0.41617,0.00000,0.00000,19.17305,2
256,4.99985,5.09422,0.41679,0.00000,0.00000,18.18161,2
257,4.99891,5.09384,0.41620,0.00000,0.00000,18.98925,2
258,4.99996,5.09346,0.41679,0.00000,0.00000,19.38812,2
259,5.00189,5.09309,0.41767,0.00000,0.00000,19.02122,2
260,5.00285,5.09272,0.41801,0.00000,0.00000,18.73943,2
261,5.00309,5.09236,0.41809,0.00000,0.00000,18.52927,2
262,5.00282,5.09200,0.41796,0.00000,0.00000,18.98992,2
263,5.00365,5.09165,0.41843,0.00000,0.00000,18.74523,2
264,5.00385,5.09130,0.41850,0.00000,0.00000,19.11290,2
265,5.00492,5.09095,0.41905,0.00000,0.00000,18.75604,2
266,5.00507,5.09060,0.41909,0.00000,0.00000,18.99544,2
267,5.00578,5.09026,0.41949,0.00000,0.00000,19.00687,2
268,5.00648,5.08992,0.41984,0.00000,0.00000,18.92851,2
269,5.00694,5.08959,0.42008,0.00000,0.00000,18.81690,2
270,5.00712,5.08926,0.42020,0.00000,0.00000,19.14238,2
271,5.00805,5.08893,0.42072,0.00000,0.00000,19.08040,2
272,5.00878,5.08861,0.42109,0.00000,0.00000,19.11951,2
273,5.00955,5.08829,0.42151,0.00000,0.00000,19.32138,2
274,5.01076,5.08797,0.42215,0.00000,0.00000,18.67808,2
275,5.01037,5.08766,0.42196,0.00000,0.00000,18.88627,2
276,5.01049,5.08735,0.42216,0.00000,0.00000,18.56803,2
277,5.00984,5.08705,0.42192,0.00000,0.00000,19.07366,2
278,5.01041,5.08674,0.42236,0.00000,0.00000,19.41512,2
279,5.01175,5.08643,0.42309,0.00000,0.00000,19.17688,2
280,5.01244,5.08613,0.42344,0.00000,0.00000,19.26823,2
281,5.01330,5.08584,0.42395,0.00000,0.00000,19.12483,2
282,5.01378,5.08555,0.42425,0.00000,0.00000,19.09850,2
283,5.01415,5.08526,0.42453,0.00000,0.00000,19.43672,2
284,5.01530,5.08498,0.42522,0.00000,0.00000,19.41377,2
285,5.01632,5.08470,0.42579,0.00000,0.00000,19.36680,2
286,5.01717,5.08442,0.42630,0.00000,0.00000,19.43038,2
287,5.01811,5.08416,0.42687,0.00000,0.00000,19.37281,2
288,5.01886,5.08389,0.42735,0.00000,0.00000,18.82465,2
289,5.01825,5.08363,0.42718,0.00000,0.00000,19.33118,2
290,5.01887,5.08337,0.42772,0.00000,0.00000,19.14139,2
291,5.01897,5.08311,0.42791,0.00000,0.00000,19.09191,2
292,5.01895,5.08286,0.42808,0.00000,0.00000,19.71399,2
293,5.02038,5.08260,0.42899,0.00000,0.00000,19.62820,2
294,5.02152,5.08235,0.42964,0.00000,0.00000,19.82616,2
295,5.02306,5.08211,0.43054,0.00000,0.00000,19.66414,2
296,5.02412,5.08187,0.43117,0.00000,0.00000,19.45855,2
297,5.02462,5.08164,0.43158,0.00000,0.00000,19.71293,2
298,5.02568,5.08141,0.43232,0.00000,0.00000,19.38052,2
299,5.02588,5.08119,0.43259,0.00000,0.00000,19.09574,2
300,5.02538,5.08097,0.43258,0.00000,0.00000,20.10297,2
301,5.02727,5.08075,0.43382,0.00000,0.00000,19.31817,2
302,5.02717,5.08053,0.43389,0.00000,0.00000,19.28986,2
303,5.02700,5.08032,0.43409,0.00000,0.00000,19.23388,2
304,5.02668,5.08010,0.43421,0.00000,0.00000,19.76023,2
305,5.02760,5.07989,0.43497,0.00000,0.00000,19.41577,2
306,5.02763,5.07968,0.43518,0.00000,0.00000,19.54136,2
307,5.02794,5.07947,0.43561,0.00000,0.00000,19.20645,2
308,5.02741,5.07927,0.43560,0.00000,0.00000,19.86099,2
309,5.02844,5.07906,0.43643,0.00000,0.00000,19.87938,2
310,5.02944,5.07886,0.43713,0.00000,0.00000,19.78317,2
311,5.03013,5.07866,0.43769,0.00000,0.00000,19.20407,2
312,5.02939,5.07847,0.43757,0.00000,0.00000,20.34696,2
313,5.03139,5.07827,0.43892,0.00000,0.00000,19.84929,2
314,5.03207,5.07808,0.43941,0.00000,0.00000,20.00032,2
315,5.03305,5.07790,0.44017,0.00000,0.00000,20.09812,2
316,5.03420,5.07772,0.44100,0.00000,0.00000,19.96942,2
317,5.03495,5.07754,0.44162,0.00000,0.00000,20.19232,2
318,5.03617,5.07737,0.44252,0.00000,0.00000,19.85204,2
319,5.03649,5.07721,0.44295,0.00000,0.00000,19.62850,2
320,5.03624,5.07705,0.44316,0.00000,0.00000,19.88239,2
321,5.03658,5.07688,0.44371,0.00000,0.00000,19.96802,2
322,5.03707,5.07672,0.44430,0.00000,0.00000,19.89950,2
323,5.03735,5.07656,0.44477,0.00000,0.00000,19.74879,2
324,5.03722,5.07641,0.44506,0.00000,0.00000,19.68269,2
325,5.03691,5.07625,0.44528,0.00000,0.00000,19.33008,2
326,5.03575,5.07609,0.44510,0.00000,0.00000,19.53212,2
327,5.03509,5.07593,0.44522,0.00000,0.00000,19.80735,2
328,5.03509,5.07577,0.44562,0.00000,0.00000,19.89368,2
329,5.03526,5.07561,0.44606,0.00000,0.00000,20.15972,2
330,5.03603,5.07544,0.44678,0.00000,0.00000,20.35069,2
331,5.03718,5.07529,0.44765,0.00000,0.00000,20.37173,2
332,5.03829,5.07513,0.44849,0.00000,0.00000,20.47267,2
333,5.03956,5.07499,0.44942,0.00000,0.00000,20.25686,2
334,5.04022,5.07484,0.45004,0.00000,0.00000,19.80562,2
335,5.03975,5.07471,0.45016,0.00000,0.00000,19.76564,2
336,5.03918,5.07457,0.45031,0.00000,0.00000,20.60904,2
337,5.04061,5.07442,0.45146,0.00000,0.00000,20.32048,2
338,5.04124,5.07429,0.45207,0.00000,0.00000,20.07557,2
339,5.04123,5.07416,0.45242,0.00000,0.00000,20.21875,2
340,5.04153,5.07403,0.45299,0.00000,0.00000,19.88322,2
341,5.04098,5.07390,0.45310,0.00000,0.00000,20.34137,2
342,5.04152,5.07376,0.45383,0.00000,0.00000,19.94825,2
343,5.04106,5.07364,0.45397,0.00000,0.00000,20.60578,2
344,5.04215,5.07350,0.45496,0.00000,0.00000,19.90203,2
345,5.04148,5.07338,0.45496,0.00000,0.00000,20.26358,2
346,5.04167,5.07325,0.45552,0.00000,0.00000,20.25638,2
347,5.04180,5.07313,0.45599,0.00000,0.00000,20.52064,2
348,5.04251,5.07300,0.45676,0.00000,0.00000,19.91286,2
349,5.04171,5.07288,0.45672,0.00000,0.00000,20.66181,2
350,5.04270,5.07275,0.45770,0.00000,0.00000,20.10077,2
351,5.04227,5.07263,0.45783,0.00000,0.00000,20.01642,2
352,5.04162,5.07251,0.45796,0.00000,0.00000,20.49277,2
353,5.04211,5.07239,0.45868,0.00000,0.00000,20.43824,2
354,5.04240,5.07227,0.45920,0.00000,0.00000,20.23401,2
355,5.04216,5.07215,0.45948,0.00000,0.00000,20.33644,2
356,5.04214,5.07203,0.45992,0.00000,0.00000,20.52041,2
357,5.04253,5.07191,0.46053,0.00000,0.00000,19.62450,2
358,5.04072,5.07179,0.46002,0.00000,0.00000,20.22364,2
359,5.04041,5.07167,0.46042,0.00000,0.00000,20.67745,2
360,5.04115,5.07154,0.46122,0.00000,0.00000,19.60326,2
361,5.03925,5.07142,0.46062,0.00000,0.00000,20.05838,2
362,5.03851,5.07129,0.46079,0.00000,0.00000,20.51594,2
363,5.03886,5.07116,0.46141,0.00000,0.00000,20.26220,2
364,5.03854,5.07103,0.46161,1.00000,0.00000,20.47035,2
365,5.07871,5.07090,0.48211,1.00000,0.00000,20.65294,2
366,5.11713,5.07093,0.49890,1.00000,0.00000,21.22261,2
367,5.15507,5.07112,0.51596,1.00000,0.00000,20.74562,2
368,5.19000,5.07145,0.53194,1.00000,0.00000,20.26691,2
369,5.22205,5.07193,0.54707,0.00000,0.00000,20.83899,2
370,5.21384,5.07253,0.54262,0.00000,0.00000,21.06021,2
371,5.20662,5.07309,0.54181,0.00000,0.00000,20.70726,2
372,5.19873,5.07363,0.54051,0.00000,0.00000,20.31272,2
373,5.19012,5.07413,0.53882,0.00000,0.00000,20.19148,2
374,5.18147,5.07459,0.53708,0.00000,0.00000,21.06285,2
375,5.17515,5.07502,0.53643,0.00000,0.00000,20.88060,2
376,5.16854,5.07542,0.53539,0.00000,0.00000,20.69905,2
377,5.16168,5.07579,0.53417,0.00000,0.00000,21.30689,2
378,5.15645,5.07614,0.53372,0.00000,0.00000,20.70720,2
379,5.14991,5.07646,0.53243,0.00000,0.00000,20.56115,2
380,5.14321,5.07675,0.53110,0.00000,0.00000,21.20969,2
381,5.13825,5.07702,0.53059,0.00000,0.00000,21.19642,2
382,5.13337,5.07726,0.52993,0.00000,0.00000,20.71162,2
383,5.12746,5.07749,0.52870,0.00000,0.00000,20.75368,2
384,5.12182,5.07769,0.52763,0.00000,0.00000,20.62235,2
385,5.11604,5.07786,0.52641,0.00000,0.00000,21.17900,2
386,5.11176,5.07801,0.52589,0.00000,0.00000,20.57610,2
387,5.10614,5.07815,0.52454,0.00000,0.00000,21.40020,2
388,5.10267,5.07826,0.52431,0.00000,0.00000,20.42266,2
389,5.09693,5.07836,0.52275,0.00000,0.00000,20.81371,2
390,5.09233,5.07843,0.52188,0.00000,0.00000,20.47046,2
391,5.08704,5.07849,0.52053,0.00000,0.00000,21.40039,2
392,5.08415,5.07852,0.52037,0.00000,0.00000,21.04490,2
393,5.08046,5.07855,0.51960,0.00000,0.00000,20.95498,2
394,5.07667,5.07855,0.51881,0.00000,0.00000,20.83491,2
395,5.07270,5.07855,0.51789,0.00000,0.00000,20.35422,2
396,5.06772,5.07852,0.51645,0.00000,0.00000,20.67313,2
397,5.06368,5.07848,0.51550,0.00000,0.00000,21.30893,2
398,5.06128,5.07842,0.51526,0.00000,0.00000,21.44425,2
399,5.05925,5.07835,0.51505,0.00000,0.00000,20.71166,2
400,5.05552,5.07828,0.51394,0.00000,0.00000,20.39216,2
401,5.05117,5.07818,0.51262,0.00000,0.00000,21.56771,2
402,5.04978,5.07808,0.51278,0.00000,0.00000,21.03238,2
403,5.04712,5.07796,0.51206,0.00000,0.00000,21.03448,2
404,5.04455,5.07784,0.51146,0.00000,0.00000,21.26522,2
405,5.04262,5.07771,0.51115,0.00000,0.00000,21.08657,2
406,5.04031,5.07757,0.51057,0.00000,0.00000,21.45155,2
407,5.03894,5.07742,0.51048,0.00000,0.00000,20.84436,2
408,5.03615,5.07726,0.50958,0.00000,0.00000,20.49043,2
409,5.03263,5.07710,0.50841,0.00000,0.00000,21.02063,2
410,5.03051,5.07692,0.50795,0.00000,0.00000,20.95698,2
411,5.02829,5.07674,0.50732,0.00000,0.00000,21.15260,2
412,5.02663,5.07654,0.50695,0.00000,0.00000,21.16579,2
413,5.02504,5.07634,0.50655,0.00000,0.00000,21.63240,2
414,5.02461,5.07614,0.50672,0.00000,0.00000,21.39747,2
415,5.02362,5.07593,0.50650,0.00000,0.00000,21.80585,2
416,5.02363,5.07572,0.50682,0.00000,0.00000,21.40238,2
417,5.02264,5.07551,0.50656,0.00000,0.00000,21.18954,2
418,5.02119,5.07530,0.50614,0.00000,0.00000,21.31298,2
419,5.02007,5.07508,0.50591,0.00000,0.00000,20.91710,2
420,5.01805,5.07486,0.50519,0.00000,0.00000,21.45421,2
421,5.01738,5.07464,0.50520,0.00000,0.00000,21.17354,2
422,5.01606,5.07441,0.50476,0.00000,0.00000,21.64902,2
423,5.01591,5.07418,0.50496,0.00000,0.00000,21.35460,2
424,5.01505,5.07394,0.50470,0.00000,0.00000,20.75590,2
425,5.01279,5.07371,0.50379,0.00000,0.00000,21.65564,2
426,5.01278,5.07346,0.50409,0.00000,0.00000,22.01576,2
427,5.01359,5.07322,0.50463,0.00000,0.00000,21.54850,2
428,5.01324,5.07298,0.50452,0.00000,0.00000,21.71635,2
429,5.01330,5.07274,0.50471,0.00000,0.00000,21.96794,2
430,5.01394,5.07250,0.50516,0.00000,0.00000,21.30137,2
431,5.01294,5.07227,0.50475,0.00000,0.00000,21.86351,2
432,5.01332,5.07203,0.50515,0.00000,0.00000,22.60972,2
433,5.01545,5.07180,0.50631,0.00000,0.00000,21.87608,2
434,5.01570,5.07157,0.50642,0.00000,0.00000,21.30364,2
435,5.01457,5.07135,0.50600,0.00000,0.00000,22.39334,2
436,5.01609,5.07112,0.50699,0.00000,0.00000,21.35529,2
437,5.01503,5.07090,0.50650,0.00000,0.00000,22.09628,2
438,5.01579,5.07068,0.50711,0.00000,0.00000,22.40562,2
439,5.01722,5.07046,0.50793,0.00000,0.00000,22.01812,2
440,5.01764,5.07025,0.50820,0.00000,0.00000,21.79285,2
441,5.01750,5.07004,0.50827,0.00000,0.00000,21.59882,2
442,5.01689,5.06983,0.50815,0.00000,0.00000,21.90004,2
443,5.01701,5.06961,0.50843,0.00000,0.00000,22.09729,2
444,5.01757,5.06940,0.50887,0.00000,0.00000,21.56818,2
445,5.01683,5.06920,0.50863,0.00000,0.00000,21.57036,2
446,5.01613,5.06899,0.50850,0.00000,0.00000,22.20125,2
447,5.01694,5.06878,0.50913,0.00000,0.00000,21.72545,2
448,5.01655,5.06857,0.50904,0.00000,0.00000,21.96879,2
449,5.01676,5.06836,0.50934,0.00000,0.00000,22.25600,2
450,5.01762,5.06815,0.50992,0.00000,0.00000,22.05908,2
451,5.01795,5.06795,0.51019,0.00000,0.00000,21.67683,2
452,5.01734,5.06775,0.51004,0.00000,0.00000,21.91364,2
453,5.01731,5.06755,0.51025,0.00000,0.00000,22.06857,2
454,5.01764,5.06735,0.51059,0.00000,0.00000,21.83657,2
455,5.01738,5.06715,0.51061,0.00000,0.00000,21.79165,2
456,5.01701,5.06695,0.51062,0.00000,0.00000,22.36483,2
457,5.01800,5.06675,0.51132,0.00000,0.00000,22.22209,2
458,5.01859,5.06656,0.51171,0.00000,0.00000,22.49911,2
459,5.01980,5.06636,0.51245,0.00000,0.00000,22.13376,2
460,5.02005,5.06618,0.51268,0.00000,0.00000,21.81281,2
461,5.01952,5.06599,0.51260,0.00000,0.00000,22.75841,2
462,5.02126,5.06581,0.51370,0.00000,0.00000,22.77391,2
463,5.02291,5.06563,0.51460,0.00000,0.00000,22.40554,2
464,5.02360,5.06546,0.51504,0.00000,0.00000,21.68081,2
465,5.02251,5.06529,0.51468,0.00000,0.00000,21.93784,2
466,5.02207,5.06512,0.51477,0.00000,0.00000,22.09141,2
467,5.02200,5.06495,0.51499,0.00000,0.00000,21.80487,2
468,5.02123,5.06478,0.51483,0.00000,0.00000,22.57840,2
469,5.02232,5.06460,0.51565,0.00000,0.00000,22.08246,2
470,5.02214,5.06443,0.51570,0.00000,0.00000,22.03630,2
471,5.02186,5.06426,0.51579,0.00000,0.00000,22.69938,2
472,5.02314,5.06409,0.51668,0.00000,0.00000,22.27480,2
473,5.02333,5.06393,0.51690,0.00000,0.00000,22.39774,2
474,5.02379,5.06377,0.51735,0.00000,0.00000,22.20535,2
475,5.02374,5.06361,0.51752,0.00000,0.00000,22.31672,2
476,5.02395,5.06345,0.51787,0.00000,0.00000,22.64793,2
477,5.02491,5.06329,0.51857,0.00000,0.00000,22.57166,2
478,5.02562,5.06314,0.51910,0.00000,0.00000,22.50032,2
479,5.02611,5.06299,0.51954,0.00000,0.00000,23.26824,2
480,5.02838,5.06284,0.52090,0.00000,0.00000,22.58105,2
481,5.02887,5.06270,0.52125,0.00000,0.00000,22.65590,2
482,5.02951,5.06257,0.52182,0.00000,0.00000,22.21105,2
483,5.02903,5.06243,0.52182,0.00000,0.00000,22.40555,2
484,5.02902,5.06230,0.52214,0.00000,0.00000,23.19430,2
485,5.03086,5.06217,0.52336,0.00000,0.00000,22.60940,2
486,5.03119,5.06204,0.52368,0.00000,0.00000,22.77617,2
487,5.03188,5.06192,0.52431,0.00000,0.00000,21.92610,2
488,5.03048,5.06180,0.52388,0.00000,0.00000,22.97738,2
489,5.03165,5.06167,0.52487,0.00000,0.00000,23.57764,2
490,5.03414,5.06155,0.52635,0.00000,0.00000,22.69996,2
491,5.03439,5.06144,0.52661,0.00000,0.00000,23.45925,2
492,5.03642,5.06133,0.52795,0.00000,0.00000,22.24661,2
493,5.03544,5.06124,0.52766,0.00000,0.00000,23.37938,2
494,5.03718,5.06113,0.52897,0.00000,0.00000,22.99894,2
495,5.03789,5.06104,0.52955,0.00000,0.00000,23.24795,2
496,5.03913,5.06094,0.53050,0.00000,0.00000,22.93230,2
497,5.03953,5.06086,0.53099,0.00000,0.00000,23.04216,2
498,5.04015,5.06077,0.53166,0.00000,0.00000,22.79571,2
499,5.04012,5.06069,0.53200,0.00000,0.00000,22.60304,2
500,5.03960,5.06061,0.53214,0.00000,0.00000,22.97994,2
501,5.03997,5.06052,0.53276,0.00000,0.00000,22.88320,2
502,5.04005,5.06044,0.53318,0.00000,0.00000,23.00227,2
503,5.04039,5.06036,0.53374,0.00000,0.00000,22.54996,2
504,5.03960,5.06028,0.53372,0.00000,0.00000,23.25559,2
505,5.04050,5.06020,0.53463,0.00000,0.00000,22.64524,2
506,5.03986,5.06012,0.53464,0.00000,0.00000,23.43223,2
507,5.04110,5.06004,0.53571,0.00000,0.00000,23.13715,2
508,5.04153,5.05996,0.53624,0.00000,0.00000,22.72557,2
509,5.04094,5.05989,0.53632,0.00000,0.00000,22.80034,2
510,5.04052,5.05981,0.53657,0.00000,0.00000,22.62450,2
511,5.03967,5.05973,0.53659,0.00000,0.00000,22.64090,2
512,5.03887,5.05965,0.53665,0.00000,0.00000,22.98059,2
513,5.03888,5.05957,0.53711,0.00000,0.00000,23.46513,2
514,5.04001,5.05949,0.53806,0.00000,0.00000,23.38104,2
515,5.04085,5.05941,0.53879,0.00000,0.00000,23.75980,2
516,5.04251,5.05934,0.53996,0.00000,0.00000,22.75272,2
517,5.04167,5.05927,0.53983,0.00000,0.00000,23.34530,2
518,5.04225,5.05920,0.54061,0.00000,0.00000,23.20161,2
519,5.04242,5.05913,0.54107,0.00000,0.00000,23.02338,2
520,5.04213,5.05906,0.54134,0.00000,0.00000,22.87274,2
521,5.04146,5.05900,0.54145,0.00000,0.00000,23.53886,2
522,5.04238,5.05893,0.54237,0.00000,0.00000,22.99659,2
523,5.04192,5.05886,0.54249,0.00000,0.00000,23.41394,2
524,5.04245,5.05879,0.54321,0.00000,0.00000,23.40784,2
525,5.04289,5.05873,0.54382,0.00000,0.00000,23.00498,2
526,5.04233,5.05866,0.54393,0.00000,0.00000,23.02039,2
527,5.04179,5.05860,0.54413,0.00000,0.00000,23.02007,2
528,5.04125,5.05853,0.54432,0.00000,0.00000,23.41172,2
529,5.04163,5.05846,0.54497,0.00000,0.00000,23.28051,2
530,5.04165,5.05839,0.54536,0.00000,0.00000,23.34377,2
531,5.04178,5.05833,0.54584,0.00000,0.00000,23.00456,2
532,5.04106,5.05826,0.54589,0.00000,0.00000,23.81361,2
533,5.04227,5.05819,0.54696,0.00000,0.00000,23.19209,2
534,5.04190,5.05813,0.54710,0.00000,0.00000,23.25448,2
535,5.04167,5.05806,0.54744,0.00000,0.00000,23.52783,2
536,5.04207,5.05800,0.54807,0.00000,0.00000,23.37936,2
537,5.04206,5.05793,0.54845,0.00000,0.00000,22.97612,2
538,5.04105,5.05787,0.54837,0.00000,0.00000,23.08523,2
539,5.04033,5.05780,0.54850,0.00000,0.00000,23.92680,2
540,5.04161,5.05773,0.54960,0.00000,0.00000,23.72460,2
541,5.04230,5.05767,0.55026,0.00000,0.00000,23.59586,2
542,5.04262,5.05761,0.55079,0.00000,0.00000,23.33630,2
543,5.04227,5.05755,0.55102,0.00000,0.00000,22.99564,2
544,5.04111,5.05749,0.55088,0.00000,0.00000,23.59575,2
545,5.04139,5.05742,0.55153,0.00000,0.00000,23.41899,2
546,5.04120,5.05736,0.55182,0.00000,0.00000,23.35085,2
547,5.04082,5.05729,0.55206,0.00000,0.00000,23.93438,2
548,5.04182,5.05723,0.55300,0.00000,0.00000,24.00319,2
549,5.04289,5.05716,0.55388,0.00000,0.00000,24.29414,2
550,5.04458,5.05711,0.55506,0.00000,0.00000,23.10883,2
551,5.04332,5.05706,0.55474,0.00000,0.00000,24.05701,2
552,5.04436,5.05700,0.55580,0.00000,0.00000,23.88938,2
553,5.04490,5.05695,0.55643,0.00000,0.00000,23.90339,2
554,5.04542,5.05690,0.55709,0.00000,0.00000,22.99751,2
555,5.04372,5.05686,0.55666,0.00000,0.00000,23.26174,2
556,5.04271,5.05680,0.55672,0.00000,0.00000,23.25312,2
557,5.04168,5.05675,0.55672,0.00000,0.00000,23.84379,2
558,5.04207,5.05669,0.55741,0.00000,0.00000,23.98214,2
559,5.04273,5.05663,0.55813,0.00000,0.00000,23.95404,2
560,5.04326,5.05657,0.55877,0.00000,0.00000,23.87973,2
561,5.04355,5.05652,0.55931,0.00000,0.00000,24.12672,2
562,5.04439,5.05647,0.56014,0.00000,0.00000,23.45415,2
563,5.04354,5.05642,0.56009,0.00000,0.00000,23.21471,2
564,5.04214,5.05637,0.55989,0.00000,0.00000,23.90810,2
565,5.04242,5.05631,0.56057,0.00000,0.00000,24.44177,2
566,5.04391,5.05626,0.56172,0.00000,0.00000,23.95030,2
567,5.04413,5.05621,0.56214,0.00000,0.00000,23.52655,2
568,5.04329,5.05616,0.56215,0.00000,0.00000,23.73135,2
569,5.04295,5.05611,0.56248,0.00000,0.00000,24.02156,2
570,5.04329,5.05605,0.56310,0.00000,0.00000,24.24131,2
571,5.04409,5.05600,0.56391,0.00000,0.00000,23.44048,2
572,5.04290,5.05596,0.56369,0.00000,0.00000,24.36119,2
573,5.04395,5.05590,0.56474,0.00000,0.00000,23.92025,2
574,5.04384,5.05586,0.56504,0.00000,0.00000,23.56264,2
575,5.04286,5.05581,0.56500,0.00000,0.00000,23.91062,2
576,5.04273,5.05576,0.56544,0.00000,0.00000,24.13434,2
577,5.04309,5.05570,0.56606,0.00000,0.00000,23.34339,2
578,5.04151,5.05565,0.56567,0.00000,0.00000,23.63772,2
579,5.04069,5.05560,0.56580,0.00000,0.00000,23.90162,2
580,5.04049,5.05554,0.56618,0.00000,0.00000,23.95460,2
581,5.04040,5.05548,0.56655,0.00000,0.00000,23.90117,2
582,5.04014,5.05542,0.56683,0.00000,0.00000,23.84580,2
583,5.03974,5.05536,0.56705,0.00000,0.00000,24.17287,2
584,5.04010,5.05529,0.56766,0.00000,0.00000,24.22779,2
585,5.04054,5.05523,0.56825,0.00000,0.00000,23.97444,2
586,5.04032,5.05517,0.56851,0.00000,0.00000,23.99398,2
587,5.04012,5.05511,0.56884,0.00000,0.00000,23.96008,2
588,5.03983,5.05505,0.56911,0.00000,0.00000,24.43452,2
589,5.04064,5.05499,0.56994,0.00000,0.00000,23.70410,2
590,5.03964,5.05494,0.56978,0.00000,0.00000,24.17655,2
591,5.03979,5.05487,0.57033,0.00000,0.00000,24.30301,2
592,5.04019,5.05481,0.57091,0.00000,0.00000,24.22075,2
593,5.04035,5.05476,0.57136,0.00000,0.00000,23.79081,2
594,5.03944,5.05470,0.57130,0.00000,0.00000,24.53632,2
595,5.04032,5.05464,0.57221,0.00000,0.00000,24.29325,2
596,5.04054,5.05458,0.57265,0.00000,0.00000,23.53848,2
597,5.03892,5.05452,0.57223,0.00000,0.00000,24.20971,2
598,5.03896,5.05446,0.57277,0.00000,0.00000,24.50113,2
599,5.03965,5.05440,0.57349,0.00000,0.00000,24.00981,2
600,5.03909,5.05434,0.57356,0.00000,0.00000,24.37292,2
601,5.03941,5.05428,0.57415,0.00000,0.00000,24.55744,2
602,5.04011,5.05422,0.57487,0.00000,0.00000,23.83188,2
603,5.03901,5.05416,0.57467,0.00000,0.00000,24.52427,2
604,5.03960,5.05410,0.57544,0.00000,0.00000,24.39634,2
605,5.03981,5.05404,0.57589,0.00000,0.00000,25.37970,2
606,5.04232,5.05399,0.57753,0.00000,0.00000,25.08886,2
607,5.04397,5.05394,0.57858,0.00000,0.00000,23.74386,2
608,5.04232,5.05390,0.57806,0.00000,0.00000,24.25531,2
609,5.04195,5.05386,0.57843,0.00000,0.00000,24.16500,2
610,5.04133,5.05381,0.57857,0.00000,0.00000,24.84645,2
611,5.04234,5.05376,0.57954,0.00000,0.00000,25.40479,2
612,5.04458,5.05371,0.58100,0.00000,0.00000,24.53773,2
613,5.04461,5.05368,0.58128,0.00000,0.00000,23.99622,2
614,5.04333,5.05364,0.58109,0.00000,0.00000,24.77519,2
615,5.04394,5.05360,0.58192,0.00000,0.00000,24.37283,2
616,5.04351,5.05356,0.58210,0.00000,0.00000,25.30547,2
617,5.04529,5.05352,0.58346,0.00000,0.00000,25.60584,2
618,5.04766,5.05349,0.58496,0.00000,0.00000,24.46901,2
619,5.04717,5.05346,0.58500,1.00000,0.00000,25.14454,2
620,5.08829,5.05344,0.60607,1.00000,0.00000,24.66276,2
621,5.12603,5.05358,0.62253,1.00000,0.00000,24.86884,2
622,5.16244,5.05387,0.63898,1.00000,0.00000,24.53544,2
623,5.19627,5.05430,0.65461,1.00000,0.00000,25.08180,2
624,5.22971,5.05487,0.67058,0.00000,0.00000,24.70263,2
625,5.22052,5.05557,0.66561,0.00000,0.00000,24.75051,2
626,5.21198,5.05623,0.66428,0.00000,0.00000,24.62269,2
627,5.20336,5.05685,0.66277,0.00000,0.00000,24.59744,2
628,5.19492,5.05744,0.66128,0.00000,0.00000,24.96641,2
629,5.18760,5.05799,0.66024,0.00000,0.00000,25.32969,2
630,5.18133,5.05851,0.65957,0.00000,0.00000,24.49680,2
631,5.17322,5.05900,0.65783,0.00000,0.00000,24.63294,2
632,5.16569,5.05945,0.65644,0.00000,0.00000,24.41304,2
633,5.15784,5.05988,0.65478,0.00000,0.00000,24.01593,2
634,5.14930,5.06027,0.65271,0.00000,0.00000,24.73004,2
635,5.14273,5.06063,0.65161,0.00000,0.00000,24.68991,2
636,5.13625,5.06096,0.65032,0.00000,0.00000,24.21975,2
637,5.12884,5.06126,0.64850,0.00000,0.00000,24.62167,2
638,5.12264,5.06153,0.64728,0.00000,0.00000,24.86846,2
639,5.11721,5.06177,0.64628,0.00000,0.00000,24.66159,2
640,5.11144,5.06199,0.64500,0.00000,0.00000,24.42219,2
641,5.10528,5.06219,0.64350,0.00000,0.00000,25.40316,2
642,5.10166,5.06236,0.64323,0.00000,0.00000,24.25965,2
643,5.09539,5.06252,0.64141,0.00000,0.00000,24.53021,2
644,5.08999,5.06265,0.64016,0.00000,0.00000,25.24294,2
645,5.08646,5.06276,0.63973,0.00000,0.00000,24.27882,2
646,5.08072,5.06286,0.63801,0.00000,0.00000,24.92600,2
647,5.07674,5.06293,0.63728,0.00000,0.00000,24.91652,2
648,5.07284,5.06298,0.63642,0.00000,0.00000,24.69051,2
649,5.06853,5.06302,0.63530,0.00000,0.00000,25.08839,2
650,5.06531,5.06304,0.63473,0.00000,0.00000,24.74599,2
651,5.06137,5.06305,0.63366,0.00000,0.00000,25.30704,2
652,5.05890,5.06305,0.63336,0.00000,0.00000,25.06366,2
653,5.05591,5.06303,0.63265,0.00000,0.00000,25.15412,2
654,5.05323,5.06300,0.63211,0.00000,0.00000,24.87670,2
655,5.04996,5.06296,0.63122,0.00000,0.00000,24.69975,2
656,5.04639,5.06291,0.63020,0.00000,0.00000,24.47091,2
657,5.04240,5.06284,0.62895,0.00000,0.00000,24.67692,2
658,5.03906,5.06276,0.62802,0.00000,0.00000,24.71064,2
659,5.03591,5.06267,0.62711,0.00000,0.00000,25.42680,2
660,5.03458,5.06256,0.62705,0.00000,0.00000,24.94020,2
661,5.03212,5.06245,0.62627,0.00000,0.00000,24.55893,2
662,5.02884,5.06233,0.62515,0.00000,0.00000,25.60989,2
663,5.02819,5.06219,0.62538,0.00000,0.00000,25.17514,2
664,5.02650,5.06206,0.62487,0.00000,0.00000,24.76037,2
665,5.02388,5.06192,0.62396,0.00000,0.00000,25.49157,2
666,5.02311,5.06176,0.62402,0.00000,0.00000,24.62083,2
667,5.02027,5.06161,0.62289,0.00000,0.00000,25.38117,2
668,5.01937,5.06144,0.62287,0.00000,0.00000,24.96280,2
669,5.01748,5.06127,0.62219,0.00000,0.00000,24.86054,2
670,5.01542,5.06110,0.62149,0.00000,0.00000,25.46793,2
671,5.01490,5.06092,0.62155,0.00000,0.00000,25.00366,2
672,5.01327,5.06073,0.62092,0.00000,0.00000,24.68068,2
673,5.01094,5.06054,0.62002,0.00000,0.00000,25.24808,2
674,5.01006,5.06034,0.61988,0.00000,0.00000,25.53423,2
675,5.00988,5.06014,0.61996,0.00000,0.00000,24.55136,2
676,5.00736,5.05994,0.61881,0.00000,0.00000,25.52990,2
677,5.00729,5.05973,0.61905,0.00000,0.00000,25.49810,2
678,5.00712,5.05952,0.61905,0.00000,0.00000,25.70575,2
679,5.00745,5.05931,0.61930,0.00000,0.00000,25.57259,2
680,5.00743,5.05911,0.61934,0.00000,0.00000,25.47897,2
681,5.00719,5.05890,0.61929,0.00000,0.00000,24.68253,2
682,5.00506,5.05869,0.61831,0.00000,0.00000,25.14352,2
683,5.00412,5.05848,0.61807,0.00000,0.00000,24.40428,2
684,5.00146,5.05826,0.61685,0.00000,0.00000,25.28631,2
685,5.00102,5.05803,0.61686,0.00000,0.00000,25.35365,2
686,5.00075,5.05780,0.61677,0.00000,0.00000,25.14531,2
687,5.00000,5.05758,0.61642,0.00000,0.00000,25.68140,2
688,5.00055,5.05735,0.61676,0.00000,0.00000,24.50031,2
689,4.99825,5.05712,0.61557,0.00000,0.00000,24.91671,2
690,4.99707,5.05688,0.61515,0.00000,0.00000,25.49559,2
691,4.99732,5.05664,0.61534,0.00000,0.00000,25.18700,2
692,4.99680,5.05641,0.61503,0.00000,0.00000,25.24425,2
693,4.99646,5.05617,0.61487,0.00000,0.00000,24.86307,2
694,4.99522,5.05593,0.61424,0.00000,0.00000,25.34263,2
695,4.99519,5.05569,0.61428,0.00000,0.00000,25.39924,2
696,4.99528,5.05544,0.61428,0.00000,0.00000,24.86290,2
697,4.99410,5.05520,0.61363,0.00000,0.00000,24.81260,2
698,4.99286,5.05496,0.61305,0.00000,0.00000,25.59488,2
699,4.99354,5.05471,0.61342,0.00000,0.00000,25.70749,2
700,4.99445,5.05447,0.61375,0.00000,0.00000,25.51061,2
701,4.99485,5.05423,0.61383,0.00000,0.00000,24.82971,2
702,4.99362,5.05399,0.61313,0.00000,0.00000,25.25974,2
703,4.99348,5.05375,0.61309,0.00000,0.00000,25.26672,2
704,4.99335,5.05351,0.61297,0.00000,0.00000,25.40761,2
705,4.99357,5.05327,0.61303,0.00000,0.00000,25.48779,2
706,4.99398,5.05303,0.61315,0.00000,0.00000,25.17562,2
707,4.99362,5.05279,0.61288,0.00000,0.00000,25.64794,2
708,4.99441,5.05255,0.61324,0.00000,0.00000,25.88823,2
709,4.99573,5.05232,0.61378,0.00000,0.00000,25.54046,2
710,4.99616,5.05210,0.61384,0.00000,0.00000,25.62595,2
711,4.99678,5.05187,0.61408,0.00000,0.00000,25.28697,2
712,4.99656,5.05165,0.61389,0.00000,0.00000,24.90245,2
713,4.99544,5.05143,0.61331,0.00000,0.00000,26.01877,2
714,4.99704,5.05121,0.61416,0.00000,0.00000,25.03171,2
715,4.99620,5.05099,0.61358,0.00000,0.00000,25.36379,2
716,4.99620,5.05077,0.61361,0.00000,0.00000,24.55757,2
717,4.99428,5.05055,0.61261,0.00000,0.00000,25.35835,2
718,4.99437,5.05033,0.61275,0.00000,0.00000,25.53549,2
719,4.99486,5.05010,0.61294,0.00000,0.00000,24.96473,2
720,4.99398,5.04988,0.61240,0.00000,0.00000,25.01589,2
721,4.99326,5.04966,0.61206,0.00000,0.00000,25.21531,2
722,4.99306,5.04943,0.61194,0.00000,0.00000,25.27361,2
723,4.99301,5.04921,0.61186,0.00000,0.00000,24.96692,2
724,4.99222,5.04898,0.61141,0.00000,0.00000,25.35068,2
725,4.99240,5.04876,0.61148,0.00000,0.00000,24.98580,2
726,4.99170,5.04853,0.61104,0.00000,0.00000,25.27564,2
727,4.99173,5.04830,0.61103,0.00000,0.00000,25.12693,2
728,4.99140,5.04808,0.61078,0.00000,0.00000,25.25748,2
729,4.99141,5.04785,0.61072,0.00000,0.00000,26.12688,2
730,4.99349,5.04762,0.61167,0.00000,0.00000,25.03385,2
731,4.99286,5.04741,0.61113,0.00000,0.00000,25.48129,2
732,4.99334,5.04719,0.61135,0.00000,0.00000,25.97470,2
733,4.99497,5.04697,0.61206,0.00000,0.00000,25.72037,2
734,4.99592,5.04677,0.61235,0.00000,0.00000,25.52360,2
735,4.99636,5.04656,0.61246,0.00000,0.00000,24.69885,2
736,4.99482,5.04636,0.61161,0.00000,0.00000,25.09684,2
737,4.99431,5.04616,0.61143,0.00000,0.00000,25.35000,2
738,4.99443,5.04595,0.61147,0.00000,0.00000,25.61264,2
739,4.99516,5.04574,0.61177,0.00000,0.00000,25.13247,2
740,4.99472,5.04554,0.61144,0.00000,0.00000,25.71049,2
741,4.99568,5.04534,0.61191,0.00000,0.00000,26.29269,2
742,4.99797,5.04514,0.61293,0.00000,0.00000,25.27843,2
743,4.99773,5.04495,0.61261,0.00000,0.00000,25.83772,2
744,4.99886,5.04476,0.61317,0.00000,0.00000,24.33771,2
745,4.99635,5.04458,0.61181,0.00000,0.00000,25.23977,2
746,4.99613,5.04438,0.61187,0.00000,0.00000,25.19099,2
747,4.99578,5.04419,0.61168,0.00000,0.00000,25.38323,2
748,4.99592,5.04400,0.61173,0.00000,0.00000,25.87850,2
749,4.99722,5.04381,0.61233,0.00000,0.00000,25.29263,2
750,4.99706,5.04362,0.61212,0.00000,0.00000,25.48025,2
751,4.99737,5.04343,0.61225,0.00000,0.00000,25.38486,2
752,4.99743,5.04325,0.61223,0.00000,0.00000,25.91757,2
753,4.99876,5.04307,0.61287,0.00000,0.00000,24.99364,2
754,4.99782,5.04289,0.61228,0.00000,0.00000,25.91419,2
755,4.99913,5.04271,0.61299,0.00000,0.00000,25.36351,2
756,4.99905,5.04253,0.61283,0.00000,0.00000,25.59986,2
757,4.99955,5.04236,0.61308,0.00000,0.00000,25.40048,2
758,4.99954,5.04219,0.61303,0.00000,0.00000,25.56061,2
759,4.99991,5.04202,0.61321,0.00000,0.00000,25.43346,2
760,4.99997,5.04185,0.61321,0.00000,0.00000,25.61987,2
761,5.00046,5.04168,0.61345,0.00000,0.00000,25.34052,2
762,5.00026,5.04152,0.61332,0.00000,0.00000,24.78262,2
763,4.99874,5.04135,0.61258,0.00000,0.00000,25.74661,2
764,4.99960,5.04118,0.61312,0.00000,0.00000,26.16676,2
765,5.00140,5.04101,0.61394,0.00000,0.00000,25.15071,2
766,5.00069,5.04086,0.61346,0.00000,0.00000,24.93457,2
767,4.99951,5.04070,0.61293,0.00000,0.00000,25.20179,2
768,4.99903,5.04053,0.61278,0.00000,0.00000,25.58458,2
769,4.99947,5.04037,0.61303,0.00000,0.00000,25.56577,2
770,4.99984,5.04020,0.61317,0.00000,0.00000,25.23862,2
771,4.99941,5.04004,0.61293,0.00000,0.00000,26.01343,2
772,5.00085,5.03988,0.61368,0.00000,0.00000,25.37390,2
773,5.00069,5.03972,0.61349,0.00000,0.00000,25.30675,2
774,5.00038,5.03957,0.61335,0.00000,0.00000,26.15355,2
775,5.00210,5.03941,0.61424,0.00000,0.00000,25.73993,2
776,5.00275,5.03926,0.61445,0.00000,0.00000,25.55156,2
777,5.00291,5.03911,0.61451,0.00000,0.00000,25.69583,2
778,5.00341,5.03897,0.61477,0.00000,0.00000,25.66333,2
779,5.00381,5.03883,0.61497,0.00000,0.00000,25.50752,2
780,5.00381,5.03869,0.61497,0.00000,0.00000,25.63978,2
781,5.00413,5.03855,0.61517,0.00000,0.00000,25.04758,2
782,5.00301,5.03841,0.61463,0.00000,0.00000,25.47542,2
783,5.00297,5.03827,0.61472,0.00000,0.00000,25.73641,2
784,5.00354,5.03813,0.61504,0.00000,0.00000,25.02512,2
785,5.00238,5.03799,0.61445,0.00000,0.00000,24.97537,2
786,5.00117,5.03785,0.61396,0.00000,0.00000,24.93810,2
787,4.99992,5.03770,0.61345,0.00000,0.00000,24.94942,2
788,4.99875,5.03755,0.61296,0.00000,0.00000,26.06251,2
789,5.00029,5.03739,0.61381,0.00000,0.00000,25.50709,2
790,5.00041,5.03724,0.61375,0.00000,0.00000,25.25357,2
791,4.99993,5.03710,0.61351,0.00000,0.00000,25.14186,2
792,4.99921,5.03695,0.61319,0.00000,0.00000,25.55674,2
793,4.99951,5.03680,0.61339,0.00000,0.00000,25.65821,2
794,5.00004,5.03665,0.61362,0.00000,0.00000,26.00260,2
795,5.00135,5.03650,0.61424,0.00000,0.00000,25.25609,2
796,5.00082,5.03636,0.61388,0.00000,0.00000,25.87288,2
797,5.00179,5.03622,0.61441,0.00000,0.00000,25.31920,2
798,5.00139,5.03608,0.61415,0.00000,0.00000,25.49070,2
799,5.00142,5.03594,0.61421,0.00000,0.00000,25.44885,2
800,5.00134,5.03580,0.61419,0.00000,0.00000,25.16950,2
801,5.00060,5.03567,0.61384,0.00000,0.00000,25.55439,2
802,5.00081,5.03553,0.61401,0.00000,0.00000,25.85880,2
803,5.00173,5.03539,0.61446,0.00000,0.00000,25.75255,2
804,5.00234,5.03525,0.61471,0.00000,0.00000,25.10628,2
805,5.00139,5.03512,0.61421,0.00000,0.00000,25.08105,2
806,5.00043,5.03499,0.61382,0.00000,0.00000,25.45543,2
807,5.00040,5.03485,0.61388,0.00000,0.00000,25.66314,2
808,5.00086,5.03471,0.61412,0.00000,0.00000,25.99838,2
809,5.00210,5.03457,0.61471,0.00000,0.00000,25.65071,2
810,5.00244,5.03444,0.61480,0.00000,0.00000,25.12340,2
811,5.00151,5.03432,0.61433,0.00000,0.00000,25.22798,2
812,5.00087,5.03419,0.61411,0.00000,0.00000,26.17525,2
813,5.00252,5.03405,0.61499,0.00000,0.00000,25.01201,2
814,5.00131,5.03393,0.61428,0.00000,0.00000,25.75219,2
815,5.00193,5.03380,0.61470,0.00000,0.00000,25.74113,2
816,5.00248,5.03367,0.61494,0.00000,0.00000,25.47189,2
817,5.00236,5.03354,0.61486,0.00000,0.00000,25.52531,2
818,5.00237,5.03342,0.61490,0.00000,0.00000,25.51878,2
819,5.00237,5.03329,0.61492,0.00000,0.00000,25.36209,2
820,5.00198,5.03317,0.61475,0.00000,0.00000,24.82609,2
821,5.00034,5.03305,0.61398,0.00000,0.00000,25.24529,2
822,4.99978,5.03292,0.61384,0.00000,0.00000,25.12290,2
823,4.99895,5.03278,0.61346,0.00000,0.00000,25.62660,2
824,4.99935,5.03265,0.61372,0.00000,0.00000,26.28186,2
825,5.00129,5.03251,0.61465,0.00000,0.00000,25.34654,2
826,5.00090,5.03239,0.61431,0.00000,0.00000,25.03420,2
827,4.99979,5.03226,0.61380,0.00000,0.00000,25.50420,2
828,4.99986,5.03213,0.61392,0.00000,0.00000,25.64762,2
829,5.00026,5.03200,0.61412,0.00000,0.00000,25.83212,2
830,5.00107,5.03188,0.61449,0.00000,0.00000,24.79552,2
831,4.99938,5.03175,0.61359,0.00000,0.00000,25.71237,2
832,4.99996,5.03162,0.61401,0.00000,0.00000,25.85287,2
833,5.00083,5.03150,0.61440,0.00000,0.00000,25.22625,2
834,5.00017,5.03138,0.61401,0.00000,0.00000,25.31417,2
835,4.99976,5.03125,0.61386,0.00000,0.00000,25.30432,2
836,4.99933,5.03112,0.61368,0.00000,0.00000,25.87368,2
837,5.00029,5.03100,0.61418,0.00000,0.00000,25.29317,2
838,4.99980,5.03087,0.61386,0.00000,0.00000,25.76394,2
839,5.00047,5.03075,0.61423,0.00000,0.00000,25.58572,2
840,5.00067,5.03063,0.61429,0.00000,0.00000,25.22820,2
841,5.00002,5.03051,0.61395,0.00000,0.00000,25.12670,2
842,4.99915,5.03039,0.61357,0.00000,0.00000,25.31274,2
843,4.99877,5.03026,0.61344,0.00000,0.00000,25.14208,2
844,4.99800,5.03014,0.61307,0.00000,0.00000,25.37274,2
845,4.99781,5.03001,0.61302,0.00000,0.00000,25.61902,2
846,4.99822,5.02988,0.61322,0.00000,0.00000,25.87569,2
847,4.99921,5.02975,0.61366,0.00000,0.00000,24.27803,2
848,4.99636,5.02963,0.61215,0.00000,0.00000,25.28889,2
849,4.99606,5.02950,0.61219,0.00000,0.00000,25.04126,2
850,4.99518,5.02936,0.61173,0.00000,0.00000,25.54239,2
851,4.99553,5.02923,0.61193,0.00000,0.00000,24.91019,2
852,4.99436,5.02909,0.61127,0.00000,0.00000,25.00245,2
853,4.99347,5.02895,0.61087,0.00000,0.00000,25.05888,2
854,4.99276,5.02881,0.61052,0.00000,0.00000,25.57195,2
855,4.99331,5.02867,0.61078,0.00000,0.00000,25.38976,2
856,4.99340,5.02853,0.61071,0.00000,0.00000,24.48685,2
857,4.99133,5.02838,0.60961,0.00000,0.00000,25.10146,2
858,4.99085,5.02824,0.60944,0.00000,0.00000,25.68464,2
859,4.99177,5.02809,0.60985,0.00000,0.00000,25.70548,2
860,4.99270,5.02794,0.61016,0.00000,0.00000,25.11405,2
861,4.99218,5.02780,0.60975,0.00000,0.00000,25.67450,2
862,4.99303,5.02766,0.61014,0.00000,0.00000,25.15424,2
863,4.99259,5.02752,0.60978,0.00000,0.00000,24.89153,2
864,4.99157,5.02738,0.60923,0.00000,0.00000,25.29955,2
865,4.99157,5.02724,0.60923,0.00000,0.00000,25.21197,2
866,4.99137,5.02709,0.60904,0.00000,0.00000,25.68813,2
867,4.99231,5.02695,0.60945,0.00000,0.00000,24.62107,2
868,4.99066,5.02681,0.60847,0.00000,0.00000,24.96557,2
869,4.98994,5.02667,0.60815,0.00000,0.00000,25.30334,2
870,4.99005,5.02652,0.60816,0.00000,0.00000,25.69508,2
871,4.99109,5.02638,0.60857,0.00000,0.00000,24.92139,2
872,4.99024,5.02623,0.60798,0.00000,0.00000,25.65402,2
873,4.99120,5.02609,0.60842,0.00000,0.00000,24.77618,2
874,4.99001,5.02595,0.60766,0.00000,0.00000,25.31596,2
875,4.99018,5.02581,0.60775,0.00000,0.00000,25.15062,2
876,4.98995,5.02566,0.60752,0.00000,0.00000,25.15681,2
877,4.98975,5.02552,0.60734,0.00000,0.00000,25.01693,2
878,4.98924,5.02538,0.60699,0.00000,0.00000,25.05595,2
879,4.98885,5.02523,0.60673,0.00000,0.00000,25.46985,2
880,4.98947,5.02509,0.60696,0.00000,0.00000,24.90068,2
881,4.98871,5.02495,0.60643,0.00000,0.00000,25.05162,2
882,4.98836,5.02480,0.60620,0.00000,0.00000,25.06719,2
883,4.98806,5.02466,0.60596,0.00000,0.00000,24.50803,2
884,4.98646,5.02451,0.60507,0.00000,0.00000,24.99850,2
885,4.98612,5.02436,0.60489,0.00000,0.00000,25.46070,2
886,4.98689,5.02420,0.60516,0.00000,0.00000,25.06243,2
887,4.98668,5.02405,0.60487,0.00000,0.00000,25.12940,2
888,4.98666,5.02390,0.60474,0.00000,0.00000,25.09030,2
889,4.98655,5.02376,0.60455,0.00000,0.00000,24.61690,2
890,4.98533,5.02361,0.60382,0.00000,0.00000,25.62063,2
891,4.98657,5.02345,0.60439,0.00000,0.00000,24.77709,2
892,4.98574,5.02331,0.60374,0.00000,0.00000,24.88370,2
893,4.98523,5.02316,0.60341,0.00000,0.00000,25.14176,2
894,4.98536,5.02300,0.60336,0.00000,0.00000,25.41175,2
895,4.98613,5.02285,0.60359,0.00000,0.00000,25.15369,2
896,4.98626,5.02271,0.60346,0.00000,0.00000,25.10006,2
897,4.98627,5.02256,0.60332,0.00000,0.00000,25.15634,2
898,4.98643,5.02242,0.60325,0.00000,0.00000,24.54603,2
899,4.98513,5.02227,0.60246,0.00000,0.00000,24.93586,2
900,4.98484,5.02212,0.60227,0.00000,0.00000,24.93010,2
901,4.98455,5.02197,0.60199,0.00000,0.00000,24.80971,2
902,4.98400,5.02182,0.60159,0.00000,0.00000,24.60110,2
903,4.98299,5.02167,0.60097,0.00000,0.00000,25.36254,2
904,4.98386,5.02152,0.60131,0.00000,0.00000,24.47937,2
905,4.98258,5.02137,0.60044,0.00000,0.00000,24.94190,2
906,4.98249,5.02121,0.60032,0.00000,0.00000,24.58861,2
907,4.98156,5.02106,0.59969,0.00000,0.00000,24.87963,2
908,4.98139,5.02090,0.59950,0.00000,0.00000,24.82571,2
909,4.98111,5.02074,0.59919,0.00000,0.00000,25.06469,2
910,4.98142,5.02058,0.59918,0.00000,0.00000,24.78113,2
911,4.98106,5.02043,0.59878,0.00000,0.00000,24.83134,2
912,4.98085,5.02027,0.59852,0.00000,0.00000,24.79993,2
913,4.98058,5.02011,0.59821,0.00000,0.00000,25.29952,2
914,4.98153,5.01995,0.59851,0.00000,0.00000,24.98064,2
915,4.98169,5.01980,0.59833,0.00000,0.00000,24.59203,2
916,4.98093,5.01965,0.59775,0.00000,0.00000,24.53420,2
917,4.98008,5.01949,0.59720,0.00000,0.00000,24.90250,2
918,4.98017,5.01933,0.59711,0.00000,0.00000,24.80211,2
919,4.98002,5.01918,0.59683,0.00000,0.00000,25.04884,2
920,4.98048,5.01902,0.59688,0.00000,0.00000,24.24513,2
921,4.97902,5.01887,0.59591,0.00000,0.00000,24.25458,2
922,4.97767,5.01871,0.59515,0.00000,0.00000,24.36068,2
923,4.97666,5.01854,0.59452,0.00000,0.00000,25.17762,2
924,4.97765,5.01838,0.59487,0.00000,0.00000,24.56078,2
925,4.97713,5.01821,0.59430,0.00000,0.00000,24.84217,2
926,4.97733,5.01805,0.59422,0.00000,0.00000,24.43750,2
927,4.97657,5.01789,0.59359,0.00000,0.00000,24.64832,2
928,4.97637,5.01772,0.59332,0.00000,0.00000,25.03030,2
929,4.97710,5.01756,0.59346,1.00000,0.00000,24.85733,2
930,5.01740,5.01739,0.61333,1.00000,0.00000,24.41402,2
931,5.05451,5.01739,0.62883,1.00000,0.00000,24.72721,2
932,5.09064,5.01754,0.64447,1.00000,0.00000,24.77252,2
933,5.12515,5.01783,0.65975,1.00000,0.00000,24.66156,2
934,5.15772,5.01826,0.67452,0.00000,0.00000,24.44921,2
935,5.14817,5.01882,0.66872,0.00000,0.00000,24.19388,2
936,5.13862,5.01934,0.66619,0.00000,0.00000,24.35888,2
937,5.12979,5.01982,0.66392,0.00000,0.00000,24.57331,2
938,5.12177,5.02026,0.66192,0.00000,0.00000,24.56868,2
939,5.11402,5.02066,0.65990,0.00000,0.00000,24.00077,2
940,5.10518,5.02104,0.65724,0.00000,0.00000,24.47972,2
941,5.09782,5.02137,0.65532,0.00000,0.00000,23.85605,2
942,5.08922,5.02168,0.65259,0.00000,0.00000,24.05426,2
943,5.08144,5.02195,0.65028,0.00000,0.00000,25.06316,2
944,5.07634,5.02219,0.64917,0.00000,0.00000,24.27282,2
945,5.06953,5.02240,0.64693,0.00000,0.00000,23.95515,2
946,5.06223,5.02259,0.64452,0.00000,0.00000,24.76807,2
947,5.05715,5.02275,0.64319,0.00000,0.00000,24.88780,2
948,5.05254,5.02289,0.64186,0.00000,0.00000,24.49345,2
949,5.04716,5.02301,0.64006,0.00000,0.00000,25.02797,2
950,5.04326,5.02310,0.63902,0.00000,0.00000,24.61173,2
951,5.03851,5.02318,0.63739,0.00000,0.00000,23.92495,2
952,5.03232,5.02324,0.63506,0.00000,0.00000,24.08125,2
953,5.02677,5.02328,0.63310,0.00000,0.00000,23.45338,2
954,5.01996,5.02329,0.63041,0.00000,0.00000,24.77063,2
955,5.01659,5.02328,0.62947,0.00000,0.00000,23.87771,2
956,5.01121,5.02325,0.62721,0.00000,0.00000,24.02585,2
957,5.00644,5.02321,0.62537,0.00000,0.00000,24.45727,2
958,5.00290,5.02314,0.62405,0.00000,0.00000,24.27120,2
959,4.99908,5.02306,0.62245,0.00000,0.00000,24.07934,2
960,4.99497,5.02296,0.62069,0.00000,0.00000,24.31325,2
961,4.99162,5.02285,0.61929,0.00000,0.00000,24.44987,2
962,4.98874,5.02273,0.61804,0.00000,0.00000,24.37336,2
963,4.98582,5.02259,0.61669,0.00000,0.00000,23.89154,2
964,4.98190,5.02244,0.61483,0.00000,0.00000,24.11275,2
965,4.97870,5.02228,0.61336,0.00000,0.00000,24.43872,2
966,4.97644,5.02211,0.61227,0.00000,0.00000,23.82255,2
967,4.97283,5.02192,0.61041,0.00000,0.00000,23.98588,2
968,4.96980,5.02173,0.60891,0.00000,0.00000,24.31263,2
969,4.96770,5.02152,0.60781,0.00000,0.00000,23.91358,2
970,4.96477,5.02130,0.60619,0.00000,0.00000,24.63738,2
971,4.96373,5.02108,0.60555,0.00000,0.00000,24.10676,2
972,4.96149,5.02085,0.60415,0.00000,0.00000,24.30228,2
973,4.95985,5.02061,0.60312,0.00000,0.00000,23.74234,2
974,4.95698,5.02037,0.60142,0.00000,0.00000,23.93025,2
975,4.95473,5.02011,0.60009,0.00000,0.00000,24.36352,2
976,4.95365,5.01985,0.59928,0.00000,0.00000,24.35580,2
977,4.95262,5.01959,0.59839,0.00000,0.00000,24.63681,2
978,4.95235,5.01932,0.59786,0.00000,0.00000,24.19649,2
979,4.95106,5.01905,0.59676,0.00000,0.00000,24.33203,2
980,4.95021,5.01878,0.59595,0.00000,0.00000,23.64998,2
981,4.94780,5.01851,0.59431,0.00000,0.00000,23.88747,2
982,4.94612,5.01822,0.59314,0.00000,0.00000,24.96544,2
983,4.94712,5.01793,0.59324,0.00000,0.00000,24.01338,2
984,4.94582,5.01765,0.59198,0.00000,0.00000,24.17856,2
985,4.94504,5.01736,0.59115,0.00000,0.00000,24.13435,2
986,4.94422,5.01708,0.59026,0.00000,0.00000,23.99553,2
987,4.94315,5.01678,0.58923,0.00000,0.00000,24.17467,2
988,4.94260,5.01649,0.58847,0.00000,0.00000,23.68353,2
989,4.94095,5.01619,0.58712,0.00000,0.00000,23.83449,2
990,4.93978,5.01589,0.58607,0.00000,0.00000,24.45219,2
991,4.94018,5.01559,0.58576,0.00000,0.00000,24.24157,2
992,4.94010,5.01529,0.58509,0.00000,0.00000,24.35734,2
993,4.94034,5.01499,0.58462,0.00000,0.00000,24.07046,2
994,4.93993,5.01469,0.58380,0.00000,0.00000,24.01533,2
995,4.93945,5.01439,0.58299,0.00000,0.00000,24.21397,2
996,4.93952,5.01409,0.58246,0.00000,0.00000,22.82732,2
997,4.93632,5.01379,0.58025,0.00000,0.00000,24.15950,2
998,4.93652,5.01348,0.57997,0.00000,0.00000,23.67423,2
999,4.93557,5.01317,0.57884,0.00000,0.00000,23.81703,2
1000,4.93506,5.01286,0.57802,0.00000,0.00000,23.69317,2
1001,4.93433,5.01255,0.57704,0.00000,0.00000,24.31155,2
1002,4.93515,5.01224,0.57686,0.00000,0.00000,23.88394,2
1003,4.93496,5.01193,0.57605,0.00000,0.00000,23.67893,2
1004,4.93434,5.01162,0.57510,0.00000,0.00000,23.97683,2
1005,4.93451,5.01131,0.57458,0.00000,0.00000,23.77579,2
1006,4.93424,5.01101,0.57378,0.00000,0.00000,23.73065,2
1007,4.93392,5.01070,0.57298,0.00000,0.00000,23.87995,2
1008,4.93403,5.01039,0.57240,0.00000,0.00000,23.55906,2
1009,4.93341,5.01009,0.57142,0.00000,0.00000,23.52289,2
1010,4.93279,5.00978,0.57050,0.00000,0.00000,24.14588,2
1011,4.93373,5.00947,0.57035,0.00000,0.00000,23.57044,2
1012,4.93330,5.00917,0.56939,0.00000,0.00000,23.38783,2
1013,4.93251,5.00886,0.56837,0.00000,0.00000,23.43446,2
1014,4.93193,5.00856,0.56746,0.00000,0.00000,24.09029,2
1015,4.93298,5.00825,0.56735,0.00000,0.00000,23.56917,2
1016,4.93278,5.00795,0.56650,0.00000,0.00000,23.38601,2
1017,4.93221,5.00765,0.56556,0.00000,0.00000,23.28421,2
1018,4.93148,5.00735,0.56456,0.00000,0.00000,23.56929,2
1019,4.93152,5.00705,0.56395,0.00000,0.00000,23.70157,2
1020,4.93192,5.00674,0.56346,0.00000,0.00000,23.18241,2
1021,4.93111,5.00644,0.56235,0.00000,0.00000,23.84215,2
1022,4.93196,5.00614,0.56215,0.00000,0.00000,23.62372,2
1023,4.93230,5.00585,0.56157,0.00000,0.00000,23.38181,2
1024,4.93210,5.00555,0.56077,0.00000,0.00000,23.70379,2
1025,4.93273,5.00526,0.56042,0.00000,0.00000,23.51010,2
1026,4.93292,5.00497,0.55979,0.00000,0.00000,23.45891,2
1027,4.93303,5.00468,0.55916,0.00000,0.00000,23.06356,2
1028,4.93224,5.00439,0.55809,0.00000,0.00000,23.09202,2
1029,4.93162,5.00410,0.55716,0.00000,0.00000,23.23797,2
1030,4.93142,5.00381,0.55643,0.00000,0.00000,23.44131,2
1031,4.93176,5.00353,0.55593,0.00000,0.00000,23.51393,2
1032,4.93231,5.00324,0.55549,0.00000,0.00000,23.42020,2
1033,4.93266,5.00295,0.55495,0.00000,0.00000,23.73418,2
1034,4.93380,5.00267,0.55481,0.00000,0.00000,23.07583,2
1035,4.93336,5.00240,0.55384,0.00000,0.00000,23.46232,2
1036,4.93392,5.00212,0.55349,0.00000,0.00000,23.68114,2
1037,4.93501,5.00185,0.55333,0.00000,0.00000,23.15250,2
1038,4.93485,5.00158,0.55251,0.00000,0.00000,23.37156,2
1039,4.93527,5.00131,0.55208,0.00000,0.00000,23.39348,2
1040,4.93577,5.00105,0.55165,0.00000,0.00000,22.67080,2
1041,4.93457,5.00079,0.55037,0.00000,0.00000,22.85505,2
1042,4.93393,5.00052,0.54949,0.00000,0.00000,24.03752,2
1043,4.93618,5.00026,0.55001,0.00000,0.00000,22.86680,2
1044,4.93557,5.00000,0.54888,0.00000,0.00000,23.46853,2
1045,4.93648,4.99974,0.54875,0.00000,0.00000,23.33865,2
1046,4.93709,4.99949,0.54834,0.00000,0.00000,23.05288,2
1047,4.93703,4.99924,0.54763,0.00000,0.00000,22.43268,2
1048,4.93555,4.99899,0.54627,0.00000,0.00000,22.93180,2
1049,4.93539,4.99874,0.54566,0.00000,0.00000,22.57810,2
1050,4.93443,4.99849,0.54455,0.00000,0.00000,22.77631,2
1051,4.93404,4.99823,0.54378,0.00000,0.00000,22.45735,2
1052,4.93296,4.99797,0.54261,0.00000,0.00000,23.00864,2
1053,4.93330,4.99771,0.54219,0.00000,0.00000,23.06969,2
1054,4.93380,4.99745,0.54175,0.00000,0.00000,23.44702,2
1055,4.93523,4.99720,0.54176,0.00000,0.00000,23.05229,2
1056,4.93570,4.99695,0.54124,0.00000,0.00000,23.01886,2
1057,4.93612,4.99671,0.54077,0.00000,0.00000,23.02937,2
1058,4.93660,4.99646,0.54033,0.00000,0.00000,22.98345,2
1059,4.93699,4.99623,0.53986,0.00000,0.00000,23.07950,2
1060,4.93765,4.99599,0.53952,0.00000,0.00000,22.79636,2
1061,4.93764,4.99576,0.53884,0.00000,0.00000,22.91861,2
1062,4.93797,4.99552,0.53839,0.00000,0.00000,22.03996,2
1063,4.93625,4.99529,0.53688,0.00000,0.00000,22.34377,2
1064,4.93539,4.99506,0.53595,0.00000,0.00000,23.06234,2
1065,4.93632,4.99482,0.53583,0.00000,0.00000,22.74415,2
1066,4.93649,4.99458,0.53521,0.00000,0.00000,22.90277,2
1067,4.93708,4.99435,0.53486,0.00000,0.00000,22.08198,2
1068,4.93573,4.99412,0.53351,0.00000,0.00000,22.44139,2
1069,4.93537,4.99389,0.53279,0.00000,0.00000,22.72805,2
1070,4.93575,4.99365,0.53236,0.00000,0.00000,22.42168,2
1071,4.93542,4.99342,0.53152,0.00000,0.00000,22.63893,2
1072,4.93568,4.99319,0.53103,0.00000,0.00000,22.68987,2
1073,4.93609,4.99296,0.53058,0.00000,0.00000,22.99867,2
1074,4.93727,4.99273,0.53049,0.00000,0.00000,22.66984,2
1075,4.93765,4.99251,0.52996,0.00000,0.00000,23.07566,2
1076,4.93904,4.99229,0.53000,0.00000,0.00000,22.05492,2
1077,4.93797,4.99208,0.52875,0.00000,0.00000,23.07461,2
1078,4.93944,4.99186,0.52895,0.00000,0.00000,22.23497,2
1079,4.93888,4.99165,0.52794,0.00000,0.00000,22.50922,2
1080,4.93905,4.99144,0.52746,0.00000,0.00000,22.51084,2
1081,4.93926,4.99123,0.52694,0.00000,0.00000,23.03858,2
1082,4.94076,4.99102,0.52707,0.00000,0.00000,22.46405,2
1083,4.94086,4.99082,0.52641,0.00000,0.00000,22.83541,2
1084,4.94190,4.99062,0.52633,0.00000,0.00000,22.25799,2
1085,4.94155,4.99043,0.52549,0.00000,0.00000,22.57493,2
1086,4.94203,4.99023,0.52517,0.00000,0.00000,22.12162,2
1087,4.94144,4.99004,0.52426,0.00000,0.00000,22.69139,2
1088,4.94229,4.98985,0.52415,0.00000,0.00000,22.32079,2
1089,4.94225,4.98966,0.52348,0.00000,0.00000,22.11875,2
1090,4.94179,4.98947,0.52268,0.00000,0.00000,22.34486,2
1091,4.94193,4.98928,0.52220,0.00000,0.00000,22.89069,2
1092,4.94340,4.98909,0.52235,0.00000,0.00000,22.13295,2
1093,4.94304,4.98890,0.52148,0.00000,0.00000,22.35933,2
1094,4.94328,4.98872,0.52106,0.00000,0.00000,22.45022,2
1095,4.94378,4.98854,0.52072,0.00000,0.00000,22.44303,2
1096,4.94427,4.98836,0.52037,0.00000,0.00000,22.68638,2
1097,4.94536,4.98818,0.52032,0.00000,0.00000,22.57700,2
1098,4.94618,4.98801,0.52009,0.00000,0.00000,22.72485,2
1099,4.94736,4.98784,0.52008,0.00000,0.00000,21.94286,2
1100,4.94666,4.98768,0.51911,0.00000,0.00000,22.24145,2
1101,4.94676,4.98752,0.51868,0.00000,0.00000,21.91767,2
1102,4.94611,4.98735,0.51782,0.00000,0.00000,21.64284,2
1103,4.94489,4.98719,0.51672,0.00000,0.00000,22.04506,2
1104,4.94473,4.98702,0.51618,0.00000,0.00000,22.35677,2
1105,4.94535,4.98685,0.51595,0.00000,0.00000,22.25474,2
1106,4.94574,4.98669,0.51555,0.00000,0.00000,22.48168,2
1107,4.94669,4.98652,0.51545,0.00000,0.00000,21.75281,2
1108,4.94590,4.98636,0.51445,0.00000,0.00000,22.16040,2
1109,4.94617,4.98620,0.51411,0.00000,0.00000,21.71628,2
1110,4.94541,4.98604,0.51317,0.00000,0.00000,22.26553,2
1111,4.94603,4.98588,0.51299,0.00000,0.00000,21.63090,2
1112,4.94515,4.98572,0.51196,0.00000,0.00000,21.61036,2
1113,4.94432,4.98556,0.51107,0.00000,0.00000,21.49630,2
1114,4.94329,4.98539,0.51006,0.00000,0.00000,21.54403,2
1115,4.94247,4.98522,0.50917,0.00000,0.00000,21.74669,2
1116,4.94221,4.98505,0.50853,0.00000,0.00000,21.98508,2
1117,4.94257,4.98488,0.50815,0.00000,0.00000,22.17717,2
1118,4.94341,4.98471,0.50797,0.00000,0.00000,21.85415,2
1119,4.94349,4.98455,0.50737,0.00000,0.00000,21.88160,2
1120,4.94367,4.98438,0.50690,0.00000,0.00000,21.54791,2
1121,4.94310,4.98422,0.50603,0.00000,0.00000,21.59741,2
1122,4.94271,4.98405,0.50532,0.00000,0.00000,21.41120,2
1123,4.94195,4.98389,0.50439,0.00000,0.00000,22.16537,2
1124,4.94306,4.98372,0.50443,0.00000,0.00000,21.75041,2
1125,4.94317,4.98356,0.50382,0.00000,0.00000,21.60736,2
1126,4.94298,4.98340,0.50315,0.00000,0.00000,21.21074,2
1127,4.94190,4.98324,0.50206,0.00000,0.00000,20.99004,2
1128,4.94039,4.98307,0.50081,0.00000,0.00000,21.64606,2
1129,4.94057,4.98290,0.50042,0.00000,0.00000,22.11987,2
1130,4.94190,4.98273,0.50048,0.00000,0.00000,21.26665,2
1131,4.94117,4.98257,0.49943,0.00000,0.00000,21.71517,2
1132,4.94160,4.98240,0.49911,0.00000,0.00000,22.26626,2
1133,4.94337,4.98224,0.49938,0.00000,0.00000,21.71719,2
1134,4.94378,4.98208,0.49887,0.00000,0.00000,22.03226,2
1135,4.94497,4.98193,0.49888,0.00000,0.00000,21.54574,2
1136,4.94499,4.98178,0.49824,0.00000,0.00000,21.53581,2
1137,4.94503,4.98163,0.49771,0.00000,0.00000,21.98322,2
1138,4.94618,4.98149,0.49773,0.00000,0.00000,21.84149,2
1139,4.94697,4.98135,0.49750,0.00000,0.00000,22.03306,2
1140,4.94823,4.98121,0.49753,0.00000,0.00000,21.50025,2
1141,4.94819,4.98108,0.49689,0.00000,0.00000,21.23127,2
1142,4.94757,4.98095,0.49607,0.00000,0.00000,21.39753,2
1143,4.94741,4.98081,0.49551,0.00000,0.00000,21.83008,2
1144,4.94833,4.98068,0.49546,0.00000,0.00000,21.60018,2
1145,4.94869,4.98055,0.49505,0.00000,0.00000,21.11362,2
1146,4.94792,4.98042,0.49412,0.00000,0.00000,21.18204,2
1147,4.94740,4.98029,0.49340,0.00000,0.00000,21.45914,2
1148,4.94760,4.98016,0.49302,0.00000,0.00000,21.49117,2
1149,4.94790,4.98003,0.49263,0.00000,0.00000,20.95605,2
1150,4.94695,4.97990,0.49161,0.00000,0.00000,21.03982,2
1151,4.94630,4.97977,0.49083,0.00000,0.00000,21.69125,2
1152,4.94727,4.97964,0.49083,0.00000,0.00000,21.36226,2
1153,4.94743,4.97951,0.49031,0.00000,0.00000,20.83040,2
1154,4.94637,4.97938,0.48924,0.00000,0.00000,21.63196,2
1155,4.94732,4.97925,0.48926,0.00000,0.00000,21.61696,2
1156,4.94822,4.97912,0.48911,0.00000,0.00000,21.73521,2
1157,4.94939,4.97899,0.48910,0.00000,0.00000,21.63906,2
1158,4.95032,4.97888,0.48897,0.00000,0.00000,21.84858,2
1159,4.95175,4.97876,0.48911,0.00000,0.00000,21.71433,2
1160,4.95283,4.97865,0.48905,0.00000,0.00000,20.98433,2
1161,4.95215,4.97855,0.48816,0.00000,0.00000,21.20775,2
1162,4.95209,4.97844,0.48770,0.00000,0.00000,20.60516,2
1163,4.95063,4.97834,0.48650,0.00000,0.00000,21.47822,2
1164,4.95136,4.97823,0.48649,0.00000,0.00000,21.46189,2
1165,4.95205,4.97812,0.48628,0.00000,0.00000,21.35132,2
1166,4.95247,4.97802,0.48596,0.00000,0.00000,21.35740,2
1167,4.95293,4.97791,0.48568,0.00000,0.00000,21.13072,2
1168,4.95287,4.97781,0.48514,0.00000,0.00000,20.94617,2
1169,4.95241,4.97772,0.48445,0.00000,0.00000,20.74778,2
1170,4.95154,4.97761,0.48357,0.00000,0.00000,20.84618,2
1171,4.95098,4.97751,0.48288,0.00000,0.00000,21.25623,2
1172,4.95146,4.97740,0.48267,0.00000,0.00000,21.45877,2
1173,4.95243,4.97730,0.48264,0.00000,0.00000,20.19495,2
1174,4.95038,4.97720,0.48106,0.00000,0.00000,20.81705,2
1175,4.94996,4.97709,0.48052,0.00000,0.00000,21.10405,2
1176,4.95028,4.97698,0.48021,0.00000,0.00000,21.28857,2
1177,4.95105,4.97688,0.48007,0.00000,0.00000,20.94394,2
1178,4.95101,4.97677,0.47950,0.00000,0.00000,21.26371,2
1179,4.95177,4.97667,0.47939,0.00000,0.00000,20.44954,2
1180,4.95059,4.97657,0.47826,0.00000,0.00000,21.36870,2
1181,4.95170,4.97647,0.47841,0.00000,0.00000,20.75625,2
1182,4.95133,4.97637,0.47766,0.00000,0.00000,20.98482,2
1183,4.95156,4.97627,0.47732,0.00000,0.00000,21.45293,2
1184,4.95293,4.97617,0.47750,0.00000,0.00000,20.20287,2
1185,4.95129,4.97608,0.47610,0.00000,0.00000,20.50651,2
1186,4.95051,4.97598,0.47535,0.00000,0.00000,20.90294,2
1187,4.95074,4.97588,0.47504,0.00000,0.00000,20.52951,2
1188,4.95011,4.97578,0.47421,0.00000,0.00000,20.75437,2
1189,4.95008,4.97567,0.47374,1.00000,0.00000,20.68615,2
1190,4.98992,4.97557,0.49317,1.00000,0.00000,20.25822,2
1191,5.02667,4.97563,0.50825,1.00000,0.00000,20.82300,2
1192,5.06306,4.97583,0.52378,1.00000,0.00000,20.64890,2
1193,5.09732,4.97618,0.53863,1.00000,0.00000,20.50411,2
1194,5.12960,4.97667,0.55300,0.00000,0.00000,20.66101,2
1195,5.12067,4.97728,0.54725,0.00000,0.00000,20.01632,2
1196,5.11080,4.97785,0.54423,0.00000,0.00000,20.63196,2
1197,5.10277,4.97838,0.54212,0.00000,0.00000,20.08853,2
1198,5.09373,4.97888,0.53927,0.00000,0.00000,20.76559,2
1199,5.08666,4.97934,0.53739,0.00000,0.00000,21.08900,2
1200,5.08060,4.97977,0.53579,0.00000,0.00000,20.13820,2
1201,5.07249,4.98017,0.53303,0.00000,0.00000,20.15284,2
1202,5.06475,4.98054,0.53053,0.00000,0.00000,20.29111,2
1203,5.05765,4.98088,0.52825,0.00000,0.00000,20.61225,2
1204,5.05159,4.98118,0.52636,0.00000,0.00000,20.73250,2
1205,5.04605,4.98147,0.52459,0.00000,0.00000,20.33523,2
1206,5.03978,4.98172,0.52236,0.00000,0.00000,20.96187,2
1207,5.03527,4.98196,0.52101,0.00000,0.00000,20.27267,2
1208,5.02929,4.98217,0.51873,0.00000,0.00000,19.98139,2
1209,5.02288,4.98236,0.51630,0.00000,0.00000,20.84776,2
1210,5.01881,4.98252,0.51501,0.00000,0.00000,19.97370,2
1211,5.01283,4.98267,0.51253,0.00000,0.00000,20.09650,2
1212,5.00741,4.98279,0.51042,0.00000,0.00000,20.24243,2
1213,5.00258,4.98289,0.50852,0.00000,0.00000,19.94871,2
1214,4.99727,4.98296,0.50628,0.00000,0.00000,20.42821,2
1215,4.99335,4.98302,0.50471,0.00000,0.00000,20.11128,2
1216,4.98886,4.98306,0.50271,0.00000,0.00000,20.03890,2
1217,4.98441,4.98309,0.50074,0.00000,0.00000,20.01265,2
1218,4.98012,4.98309,0.49879,0.00000,0.00000,20.06359,2
1219,4.97616,4.98308,0.49696,0.00000,0.00000,20.69551,2
1220,4.97391,4.98305,0.49591,0.00000,0.00000,20.72832,2
1221,4.97185,4.98301,0.49480,0.00000,0.00000,20.73075,2
1222,4.96990,4.98297,0.49371,0.00000,0.00000,20.80883,2
1223,4.96826,4.98292,0.49274,0.00000,0.00000,19.76955,2
1224,4.96424,4.98286,0.49055,0.00000,0.00000,20.11586,2
1225,4.96128,4.98278,0.48903,0.00000,0.00000,19.90730,2
1226,4.95797,4.98270,0.48723,0.00000,0.00000,19.57098,2
1227,4.95406,4.98260,0.48511,0.00000,0.00000,20.04375,2
1228,4.95149,4.98249,0.48368,0.00000,0.00000,20.35037,2
1229,4.94979,4.98236,0.48255,0.00000,0.00000,20.12482,2
1230,4.94767,4.98223,0.48113,0.00000,0.00000,20.21343,2
1231,4.94591,4.98209,0.47989,0.00000,0.00000,20.16418,2
1232,4.94414,4.98195,0.47861,0.00000,0.00000,19.41948,2
1233,4.94073,4.98180,0.47649,0.00000,0.00000,19.59652,2
1234,4.93795,4.98163,0.47478,0.00000,0.00000,19.55079,2
1235,4.93524,4.98146,0.47302,0.00000,0.00000,20.59342,2
1236,4.93518,4.98127,0.47256,0.00000,0.00000,19.55923,2
1237,4.93269,4.98109,0.47068,0.00000,0.00000,19.56598,2
1238,4.93041,4.98090,0.46906,0.00000,0.00000,19.99494,2
1239,4.92930,4.98069,0.46799,0.00000,0.00000,20.45182,2
1240,4.92938,4.98049,0.46741,0.00000,0.00000,19.61988,2
1241,4.92752,4.98028,0.46577,0.00000,0.00000,19.35767,2
1242,4.92519,4.98007,0.46403,0.00000,0.00000,20.33984,2
1243,4.92536,4.97985,0.46355,0.00000,0.00000,19.36741,2
1244,4.92326,4.97963,0.46174,0.00000,0.00000,19.68408,2
1245,4.92207,4.97941,0.46055,0.00000,0.00000,19.26303,2
1246,4.92000,4.97918,0.45883,0.00000,0.00000,19.67323,2
1247,4.91906,4.97894,0.45773,0.00000,0.00000,19.73003,2
1248,4.91836,4.97870,0.45664,0.00000,0.00000,19.64571,2
1249,4.91755,4.97846,0.45548,0.00000,0.00000,19.74887,2
1250,4.91709,4.97822,0.45448,0.00000,0.00000,20.07509,2
1251,4.91748,4.97797,0.45389,0.00000,0.00000,19.40490,2
1252,4.91632,4.97773,0.45245,0.00000,0.00000,19.48055,2
1253,4.91547,4.97749,0.45128,0.00000,0.00000,20.03758,2
1254,4.91605,4.97724,0.45079,0.00000,0.00000,18.57633,2
1255,4.91317,4.97699,0.44847,0.00000,0.00000,19.70490,2
1256,4.91321,4.97674,0.44785,0.00000,0.00000,19.78039,2
1257,4.91347,4.97648,0.44711,0.00000,0.00000,20.13145,2
1258,4.91462,4.97623,0.44680,0.00000,0.00000,19.63745,2
1259,4.91460,4.97599,0.44584,0.00000,0.00000,19.05978,2
1260,4.91328,4.97574,0.44433,0.00000,0.00000,19.14019,2
1261,4.91228,4.97549,0.44307,0.00000,0.00000,19.15628,2
1262,4.91144,4.97524,0.44185,0.00000,0.00000,19.19658,2
1263,4.91080,4.97498,0.44071,0.00000,0.00000,19.59259,2
1264,4.91119,4.97473,0.44007,0.00000,0.00000,20.36697,2
1265,4.91348,4.97447,0.44029,0.00000,0.00000,19.64058,2
1266,4.91398,4.97423,0.43950,0.00000,0.00000,19.73924,2
1267,4.91477,4.97399,0.43899,0.00000,0.00000,19.20699,2
1268,4.91433,4.97375,0.43785,0.00000,0.00000,19.96572,2
1269,4.91578,4.97351,0.43776,0.00000,0.00000,18.37410,2
1270,4.91343,4.97328,0.43563,0.00000,0.00000,19.17582,2
1271,4.91319,4.97304,0.43483,0.00000,0.00000,19.30955,2
1272,4.91333,4.97280,0.43405,0.00000,0.00000,19.59538,2
1273,4.91421,4.97256,0.43361,0.00000,0.00000,19.28511,2
1274,4.91437,4.97233,0.43276,0.00000,0.00000,19.87800,2
1275,4.91601,4.97210,0.43271,0.00000,0.00000,19.44951,2
1276,4.91661,4.97187,0.43204,0.00000,0.00000,19.67667,2
1277,4.91779,4.97165,0.43175,0.00000,0.00000,19.25215,2
1278,4.91796,4.97144,0.43092,0.00000,0.00000,19.12053,2
1279,4.91789,4.97122,0.43005,0.00000,0.00000,19.13277,2
1280,4.91791,4.97101,0.42924,0.00000,0.00000,19.45652,2
1281,4.91876,4.97080,0.42885,0.00000,0.00000,19.69617,2
1282,4.92020,4.97059,0.42869,0.00000,0.00000,19.22930,2
1283,4.92052,4.97039,0.42794,0.00000,0.00000,19.03678,2
1284,4.92044,4.97019,0.42707,0.00000,0.00000,19.14101,2
1285,4.92067,4.96999,0.42640,0.00000,0.00000,19.00157,2
1286,4.92062,4.96979,0.42556,0.00000,0.00000,18.81362,2
1287,4.92019,4.96960,0.42456,0.00000,0.00000,19.28732,2
1288,4.92097,4.96940,0.42418,0.00000,0.00000,18.64566,2
1289,4.92024,4.96921,0.42297,0.00000,0.00000,18.88498,2
1290,4.92019,4.96901,0.42220,0.00000,0.00000,18.91589,2
1291,4.92026,4.96881,0.42144,0.00000,0.00000,18.71455,2
1292,4.91992,4.96862,0.42047,0.00000,0.00000,19.52167,2
1293,4.92158,4.96842,0.42052,0.00000,0.00000,18.67655,2
1294,4.92119,4.96824,0.41942,0.00000,0.00000,18.91533,2
1295,4.92147,4.96805,0.41880,0.00000,0.00000,19.10725,2
1296,4.92225,4.96786,0.41838,0.00000,0.00000,19.26210,2
1297,4.92342,4.96768,0.41812,0.00000,0.00000,18.78942,2
1298,4.92346,4.96750,0.41729,0.00000,0.00000,19.11736,2
1299,4.92435,4.96733,0.41696,0.00000,0.00000,19.27197,2
1300,4.92562,4.96716,0.41677,0.00000,0.00000,18.08296,2
1301,4.92406,4.96699,0.41514,0.00000,0.00000,18.57660,2
1302,4.92382,4.96682,0.41439,0.00000,0.00000,18.34970,2
1303,4.92311,4.96665,0.41329,0.00000,0.00000,19.16560,2
1304,4.92443,4.96647,0.41324,0.00000,0.00000,18.72369,2
1305,4.92468,4.96630,0.41250,0.00000,0.00000,19.20843,2
1306,4.92614,4.96614,0.41246,0.00000,0.00000,18.96620,2
1307,4.92701,4.96598,0.41204,0.00000,0.00000,18.73270,2
1308,4.92734,4.96582,0.41140,0.00000,0.00000,18.63799,2
1309,4.92749,4.96567,0.41073,0.00000,0.00000,18.92935,2
1310,4.92838,4.96551,0.41044,0.00000,0.00000,18.61235,2
1311,4.92853,4.96537,0.40972,0.00000,0.00000,19.25186,2
1312,4.93026,4.96522,0.40986,0.00000,0.00000,18.71349,2
1313,4.93067,4.96508,0.40923,0.00000,0.00000,18.45742,2
1314,4.93051,4.96494,0.40842,0.00000,0.00000,18.78458,2
1315,4.93120,4.96480,0.40808,0.00000,0.00000,18.50950,2
1316,4.93124,4.96467,0.40737,0.00000,0.00000,18.64704,2
1317,4.93167,4.96454,0.40689,0.00000,0.00000,18.62454,2
1318,4.93208,4.96440,0.40638,0.00000,0.00000,18.54982,2
1319,4.93235,4.96427,0.40580,0.00000,0.00000,17.98085,2
1320,4.93130,4.96415,0.40457,0.00000,0.00000,19.23067,2
1321,4.93334,4.96402,0.40499,0.00000,0.00000,18.78983,2
1322,4.93426,4.96389,0.40462,0.00000,0.00000,18.75879,2
1323,4.93513,4.96377,0.40433,0.00000,0.00000,18.22438,2
1324,4.93474,4.96366,0.40341,0.00000,0.00000,18.48564,2
1325,4.93504,4.96354,0.40294,0.00000,0.00000,17.68416,2
1326,4.93347,4.96343,0.40148,0.00000,0.00000,18.76039,2
1327,4.93460,4.96331,0.40151,0.00000,0.00000,18.48192,2
1328,4.93505,4.96320,0.40099,0.00000,0.00000,18.76136,2
1329,4.93619,4.96308,0.40087,0.00000,0.00000,18.29539,2
1330,4.93622,4.96297,0.40016,0.00000,0.00000,18.85407,2
1331,4.93764,4.96287,0.40023,0.00000,0.00000,18.44607,2
1332,4.93806,4.96277,0.39970,0.00000,0.00000,18.82857,2
1333,4.93942,4.96267,0.39973,0.00000,0.00000,18.70075,2
1334,4.94046,4.96258,0.39953,0.00000,0.00000,18.62141,2
1335,4.94131,4.96249,0.39928,0.00000,0.00000,18.41744,2
1336,4.94169,4.96240,0.39881,0.00000,0.00000,18.33434,2
1337,4.94189,4.96232,0.39830,0.00000,0.00000,19.04577,2
1338,4.94383,4.96224,0.39868,0.00000,0.00000,18.36764,2
1339,4.94410,4.96216,0.39809,0.00000,0.00000,18.65436,2
1340,4.94509,4.96209,0.39801,0.00000,0.00000,18.63620,2
1341,4.94603,4.96202,0.39785,0.00000,0.00000,19.02779,2
1342,4.94791,4.96196,0.39817,0.00000,0.00000,18.90557,2
1343,4.94944,4.96190,0.39827,0.00000,0.00000,18.21246,2
1344,4.94929,4.96185,0.39757,0.00000,0.00000,18.66705,2
1345,4.95028,4.96180,0.39757,0.00000,0.00000,18.10018,2
1346,4.94991,4.96176,0.39680,0.00000,0.00000,18.26272,2
1347,4.95000,4.96171,0.39637,0.00000,0.00000,18.47857,2
1348,4.95062,4.96166,0.39618,0.00000,0.00000,18.83560,2
1349,4.95211,4.96162,0.39638,0.00000,0.00000,18.61330,2
1350,4.95303,4.96158,0.39624,0.00000,0.00000,18.07796,2
1351,4.95267,4.96155,0.39552,0.00000,0.00000,17.95205,2
1352,4.95208,4.96151,0.39478,0.00000,0.00000,18.37822,2
1353,4.95256,4.96147,0.39459,0.00000,0.00000,18.14907,2
1354,4.95251,4.96144,0.39405,0.00000,0.00000,17.66615,2
1355,4.95136,4.96140,0.39300,0.00000,0.00000,18.76131,2
1356,4.95291,4.96136,0.39338,0.00000,0.00000,18.54012,2
1357,4.95388,4.96133,0.39328,0.00000,0.00000,17.82087,2
1358,4.95313,4.96130,0.39236,0.00000,0.00000,18.89588,2
1359,4.95503,4.96127,0.39290,0.00000,0.00000,18.67082,2
1360,4.95632,4.96124,0.39295,0.00000,0.00000,18.85625,2
1361,4.95804,4.96122,0.39326,0.00000,0.00000,18.70394,2
1362,4.95934,4.96121,0.39336,0.00000,0.00000,18.05715,2
1363,4.95907,4.96120,0.39272,0.00000,0.00000,18.23635,2
1364,4.95929,4.96119,0.39244,0.00000,0.00000,18.03129,2
1365,4.95904,4.96118,0.39189,0.00000,0.00000,18.81843,2
1366,4.96071,4.96118,0.39233,0.00000,0.00000,18.34241,2
1367,4.96119,4.96117,0.39205,0.00000,0.00000,18.33725,2
1368,4.96168,4.96117,0.39186,0.00000,0.00000,17.79943,2
1369,4.96089,4.96118,0.39105,0.00000,0.00000,18.21146,2
1370,4.96116,4.96118,0.39085,0.00000,0.00000,18.75258,2
1371,4.96273,4.96118,0.39123,0.00000,0.00000,19.11931,2
1372,4.96512,4.96118,0.39192,0.00000,0.00000,17.55159,2
1373,4.96369,4.96120,0.39067,0.00000,0.00000,17.73601,2
1374,4.96282,4.96121,0.38999,0.00000,0.00000,18.17185,2
1375,4.96305,4.96121,0.38980,0.00000,0.00000,18.27426,2
1376,4.96354,4.96122,0.38966,0.00000,0.00000,17.98353,2
1377,4.96334,4.96123,0.38915,0.00000,0.00000,18.02911,2
1378,4.96330,4.96124,0.38878,0.00000,0.00000,17.81394,2
1379,4.96277,4.96125,0.38815,0.00000,0.00000,18.16224,2
1380,4.96313,4.96125,0.38800,0.00000,0.00000,18.26853,2
1381,4.96375,4.96126,0.38791,0.00000,0.00000,17.68040,2
1382,4.96296,4.96127,0.38711,0.00000,0.00000,18.22817,2
1383,4.96356,4.96128,0.38710,0.00000,0.00000,17.82485,2
1384,4.96319,4.96129,0.38650,0.00000,0.00000,18.36343,2
1385,4.96415,4.96129,0.38665,0.00000,0.00000,18.44233,2
1386,4.96528,4.96131,0.38678,0.00000,0.00000,18.29566,2
1387,4.96604,4.96132,0.38672,0.00000,0.00000,17.66703,2
1388,4.96529,4.96134,0.38594,0.00000,0.00000,18.23445,2
1389,4.96596,4.96136,0.38599,0.00000,0.00000,17.82670,2
1390,4.96565,4.96137,0.38544,0.00000,0.00000,17.54000,2
1391,4.96471,4.96139,0.38465,0.00000,0.00000,17.77930,2
1392,4.96441,4.96140,0.38423,0.00000,0.00000,17.79275,2
1393,4.96419,4.96142,0.38378,0.00000,0.00000,18.21186,2
1394,4.96500,4.96143,0.38385,0.00000,0.00000,17.75618,2
1395,4.96470,4.96144,0.38328,0.00000,0.00000,17.74929,2
1396,4.96445,4.96146,0.38283,0.00000,0.00000,17.69363,2
1397,4.96410,4.96147,0.38232,0.00000,0.00000,17.91558,2
1398,4.96432,4.96148,0.38210,0.00000,0.00000,18.31190,2
1399,4.96550,4.96149,0.38231,0.00000,0.00000,17.05924,2
1400,4.96367,4.96150,0.38096,0.00000,0.00000,18.24416,2
1401,4.96479,4.96151,0.38130,0.00000,0.00000,18.43950,2
1402,4.96633,4.96153,0.38163,0.00000,0.00000,17.55665,2
1403,4.96572,4.96155,0.38087,0.00000,0.00000,17.49717,2
1404,4.96505,4.96156,0.38023,0.00000,0.00000,17.56321,2
1405,4.96458,4.96158,0.37971,0.00000,0.00000,17.54414,2
1406,4.96413,4.96159,0.37916,0.00000,0.00000,17.82714,2
1407,4.96439,4.96160,0.37897,0.00000,0.00000,17.37707,2
1408,4.96360,4.96161,0.37820,0.00000,0.00000,17.58732,2
1409,4.96338,4.96162,0.37779,0.00000,0.00000,17.56833,2
1410,4.96315,4.96162,0.37732,0.00000,0.00000,17.93816,2
1411,4.96384,4.96163,0.37732,0.00000,0.00000,17.60053,2
1412,4.96372,4.96164,0.37684,0.00000,0.00000,17.51510,2
1413,4.96343,4.96165,0.37634,0.00000,0.00000,17.81767,2
1414,4.96391,4.96166,0.37624,0.00000,0.00000,17.15804,2
1415,4.96282,4.96166,0.37530,0.00000,0.00000,17.27856,2
1416,4.96211,4.96167,0.37466,0.00000,0.00000,17.42786,2
1417,4.96181,4.96167,0.37418,0.00000,0.00000,17.85985,2
1418,4.96258,4.96167,0.37421,0.00000,0.00000,18.39743,2
1419,4.96462,4.96167,0.37480,0.00000,0.00000,17.80951,2
1420,4.96519,4.96169,0.37456,0.00000,0.00000,17.44945,2
1421,4.96491,4.96170,0.37403,0.00000,0.00000,17.17625,2
1422,4.96403,4.96171,0.37326,0.00000,0.00000,17.57409,2
1423,4.96417,4.96172,0.37304,0.00000,0.00000,17.93089,2
1424,4.96517,4.96173,0.37317,0.00000,0.00000,17.70859,2
1425,4.96562,4.96175,0.37297,0.00000,0.00000,18.39604,2
1426,4.96772,4.96176,0.37364,0.00000,0.00000,17.77776,2
1427,4.96826,4.96179,0.37342,0.00000,0.00000,17.21065,2
1428,4.96747,4.96181,0.37266,0.00000,0.00000,17.78976,2
1429,4.96812,4.96183,0.37273,0.00000,0.00000,17.92912,2
1430,4.96909,4.96186,0.37284,0.00000,0.00000,17.99345,2
1431,4.97020,4.96189,0.37301,0.00000,0.00000,17.32787,2
1432,4.96969,4.96192,0.37237,0.00000,0.00000,17.73358,2
1433,4.97021,4.96195,0.37236,0.00000,0.00000,17.56716,2
1434,4.97032,4.96199,0.37208,0.00000,0.00000,17.56178,2
1435,4.97044,4.96202,0.37184,0.00000,0.00000,17.80804,2
1436,4.97117,4.96205,0.37189,0.00000,0.00000,17.71073,2
1437,4.97165,4.96209,0.37179,0.00000,0.00000,17.38931,2
1438,4.97137,4.96213,0.37133,0.00000,0.00000,16.90593,2
1439,4.96998,4.96216,0.37037,0.00000,0.00000,17.84733,2
1440,4.97093,4.96220,0.37065,0.00000,0.00000,17.28161,2
1441,4.97049,4.96223,0.37007,0.00000,0.00000,18.22420,2
1442,4.97235,4.96226,0.37074,0.00000,0.00000,18.08207,2
1443,4.97380,4.96230,0.37103,0.00000,0.00000,17.59500,2
1444,4.97404,4.96235,0.37078,0.00000,0.00000,17.24646,2
1445,4.97347,4.96240,0.37021,0.00000,0.00000,17.56393,2
1446,4.97371,4.96244,0.37011,0.00000,0.00000,17.42645,2
1447,4.97363,4.96249,0.36979,0.00000,0.00000,17.54727,2
1448,4.97386,4.96253,0.36965,0.00000,0.00000,17.86114,2
1449,4.97485,4.96258,0.36987,0.00000,0.00000,17.80934,2
1450,4.97568,4.96262,0.36995,0.00000,0.00000,17.39073,2
1451,4.97551,4.96268,0.36955,0.00000,0.00000,17.76142,2
1452,4.97625,4.96273,0.36969,0.00000,0.00000,18.06785,2
1453,4.97769,4.96278,0.37012,0.00000,0.00000,17.46889,2
1454,4.97766,4.96284,0.36977,0.00000,0.00000,17.61601,2
1455,4.97801,4.96290,0.36972,0.00000,0.00000,17.38971,2
1456,4.97782,4.96296,0.36938,0.00000,0.00000,18.08955,2
1457,4.97933,4.96302,0.36992,0.00000,0.00000,17.33091,2
1458,4.97897,4.96309,0.36941,0.00000,0.00000,18.16770,2
1459,4.98064,4.96315,0.37007,0.00000,0.00000,17.65204,2
1460,4.98102,4.96322,0.36993,0.00000,0.00000,17.86742,2
1461,4.98191,4.96329,0.37016,0.00000,0.00000,17.82505,2
1462,4.98267,4.96337,0.37029,0.00000,0.00000,17.47095,2
1463,4.98258,4.96344,0.37000,0.00000,0.00000,17.05261,2
1464,4.98151,4.96352,0.36930,0.00000,0.00000,17.66979,2
1465,4.98198,4.96359,0.36944,0.00000,0.00000,17.63234,2
1466,4.98234,4.96366,0.36940,0.00000,0.00000,17.70378,2
1467,4.98287,4.96374,0.36946,0.00000,0.00000,17.42041,2
1468,4.98272,4.96382,0.36917,0.00000,0.00000,17.66849,2
1469,4.98319,4.96389,0.36925,0.00000,0.00000,17.44212,2
1470,4.98310,4.96397,0.36900,0.00000,0.00000,17.70177,2
1471,4.98366,4.96405,0.36911,0.00000,0.00000,17.81948,2
1472,4.98448,4.96412,0.36931,0.00000,0.00000,17.21240,2
1473,4.98382,4.96421,0.36877,0.00000,0.00000,17.55348,2
1474,4.98404,4.96428,0.36876,0.00000,0.00000,17.57411,2
1475,4.98430,4.96436,0.36872,0.00000,0.00000,17.25117,2
1476,4.98379,4.96444,0.36829,0.00000,0.00000,17.82534,2
1477,4.98469,4.96452,0.36862,0.00000,0.00000,17.57484,2
1478,4.98496,4.96460,0.36852,0.00000,0.00000,17.90071,2
1479,4.98601,4.96468,0.36888,0.00000,0.00000,17.70966,2
1480,4.98656,4.96477,0.36893,0.00000,0.00000,17.40236,2
1481,4.98637,4.96485,0.36866,0.00000,0.00000,18.02908,2
1482,4.98770,4.96494,0.36920,0.00000,0.00000,17.67258,2
1483,4.98812,4.96503,0.36918,0.00000,0.00000,18.01004,2
1484,4.98934,4.96512,0.36964,0.00000,0.00000,17.56148,2
1485,4.98944,4.96522,0.36948,0.00000,0.00000,17.62496,2
1486,4.98970,4.96532,0.36950,0.00000,0.00000,17.24715,2
1487,4.98906,4.96542,0.36906,0.00000,0.00000,17.19026,2
1488,4.98833,4.96551,0.36863,0.00000,0.00000,17.13916,2
1489,4.98752,4.96560,0.36817,0.00000,0.00000,17.40152,2
1490,4.98739,4.96569,0.36804,0.00000,0.00000,17.74724,2
1491,4.98809,4.96578,0.36828,0.00000,0.00000,17.95139,2
1492,4.98925,4.96586,0.36868,0.00000,0.00000,17.64807,2
1493,4.98964,4.96596,0.36868,0.00000,0.00000,17.42777,2
1494,4.98950,4.96605,0.36847,0.00000,0.00000,17.83390,2
1495,4.99035,4.96615,0.36880,0.00000,0.00000,17.36583,2
1496,4.99005,4.96624,0.36849,0.00000,0.00000,17.74730,2
1497,4.99068,4.96634,0.36873,0.00000,0.00000,17.59149,2
1498,4.99092,4.96644,0.36871,0.00000,0.00000,17.77040,2
1499,4.99159,4.96653,0.36893,0.00000,0.00000,17.39233,2
1500,4.99133,4.96663,0.36866,0.00000,0.00000,17.06872,2
1501,4.99032,4.96673,0.36809,0.00000,0.00000,16.99456,2
1502,4.98920,4.96683,0.36752,0.00000,0.00000,17.56742,2
1503,4.98950,4.96692,0.36765,0.00000,0.00000,17.70557,2
1504,4.99012,4.96701,0.36783,0.00000,0.00000,17.62541,2
1505,4.99053,4.96710,0.36788,0.00000,0.00000,17.85253,2
1506,4.99147,4.96719,0.36823,0.00000,0.00000,17.54056,2
1507,4.99162,4.96729,0.36814,0.00000,0.00000,17.31107,2
1508,4.99124,4.96739,0.36786,0.00000,0.00000,17.41927,2
1509,4.99114,4.96748,0.36775,0.00000,0.00000,17.18035,2
1510,4.99049,4.96758,0.36734,0.00000,0.00000,17.52030,2
1511,4.99068,4.96767,0.36740,0.00000,0.00000,16.96427,2
1512,4.98955,4.96776,0.36672,0.00000,0.00000,17.47375,2
1513,4.98970,4.96785,0.36678,0.00000,0.00000,16.17843,2
1514,4.98676,4.96794,0.36520,0.00000,0.00000,17.98956,2
1515,4.98830,4.96801,0.36607,0.00000,0.00000,18.13395,2
1516,4.99009,4.96809,0.36673,0.00000,0.00000,17.41496,2
1517,4.99010,4.96818,0.36649,0.00000,0.00000,17.95848,2
1518,4.99142,4.96827,0.36705,0.00000,0.00000,17.72920,2
1519,4.99213,4.96836,0.36721,1.00000,0.00000,17.94884,2
1520,5.03334,4.96846,0.38768,1.00000,0.00000,17.32662,2
1521,5.07089,4.96872,0.40349,1.00000,0.00000,17.38994,2
1522,5.10683,4.96912,0.41917,1.00000,0.00000,17.89071,2
1523,5.14224,4.96968,0.43507,1.00000,0.00000,17.88927,2
1524,5.17591,4.97037,0.45049,0.00000,0.00000,17.86914,2
1525,5.16786,4.97119,0.44553,0.00000,0.00000,17.69324,2
1526,5.15990,4.97197,0.44387,0.00000,0.00000,17.53505,2
1527,5.15181,4.97273,0.44207,0.00000,0.00000,17.07031,2
1528,5.14288,4.97344,0.43976,0.00000,0.00000,17.57215,2
1529,5.13545,4.97412,0.43819,0.00000,0.00000,17.29141,2
1530,5.12758,4.97477,0.43621,0.00000,0.00000,16.90836,2
1531,5.11907,4.97538,0.43386,0.00000,0.00000,18.06543,2
1532,5.11363,4.97595,0.43301,0.00000,0.00000,17.48474,2
1533,5.10695,4.97650,0.43124,0.00000,0.00000,17.52979,2
1534,5.10061,4.97702,0.42967,0.00000,0.00000,17.52830,2
1535,5.09448,4.97752,0.42812,0.00000,0.00000,17.90059,2
1536,5.08945,4.97799,0.42704,0.00000,0.00000,17.91695,2
1537,5.08462,4.97843,0.42592,0.00000,0.00000,17.35810,2
1538,5.07861,4.97886,0.42415,0.00000,0.00000,17.17028,2
1539,5.07238,4.97926,0.42231,0.00000,0.00000,17.55608,2
1540,5.06731,4.97963,0.42099,0.00000,0.00000,17.25003,2
1541,5.06168,4.97998,0.41926,0.00000,0.00000,17.33889,2
1542,5.05649,4.98031,0.41773,0.00000,0.00000,17.22361,2
1543,5.05121,4.98061,0.41607,0.00000,0.00000,16.91939,2
1544,5.04541,4.98089,0.41410,0.00000,0.00000,16.91856,2
1545,5.03985,4.98115,0.41224,0.00000,0.00000,17.25718,2
1546,5.03533,4.98139,0.41082,0.00000,0.00000,17.80237,2
1547,5.03227,4.98160,0.41001,0.00000,0.00000,17.55689,2
1548,5.02874,4.98180,0.40881,0.00000,0.00000,17.63480,2
1549,5.02554,4.98199,0.40778,0.00000,0.00000,17.53146,2
1550,5.02222,4.98217,0.40663,0.00000,0.00000,18.32045,2
1551,5.02092,4.98233,0.40647,0.00000,0.00000,18.28202,2
1552,5.01955,4.98248,0.40610,0.00000,0.00000,17.63169,2
1553,5.01669,4.98263,0.40497,0.00000,0.00000,17.59634,2
1554,5.01387,4.98277,0.40396,0.00000,0.00000,17.95045,2
1555,5.01202,4.98289,0.40340,0.00000,0.00000,17.07119,2
1556,5.00814,4.98301,0.40173,0.00000,0.00000,17.68278,2
1557,5.00591,4.98311,0.40100,0.00000,0.00000,17.33067,2
1558,5.00293,4.98320,0.39975,0.00000,0.00000,17.26077,2
1559,4.99992,4.98328,0.39851,0.00000,0.00000,16.85809,2
1560,4.99609,4.98334,0.39684,0.00000,0.00000,18.13173,2
1561,4.99548,4.98339,0.39680,0.00000,0.00000,18.11330,2
1562,4.99484,4.98344,0.39648,0.00000,0.00000,17.66483,2
1563,4.99316,4.98349,0.39565,0.00000,0.00000,17.41981,2
1564,4.99099,4.98353,0.39463,0.00000,0.00000,17.20579,2
1565,4.98842,4.98356,0.39343,0.00000,0.00000,18.16798,2
1566,4.98828,4.98358,0.39344,0.00000,0.00000,18.01918,2
1567,4.98778,4.98360,0.39309,0.00000,0.00000,17.87621,2
1568,4.98697,4.98361,0.39260,0.00000,0.00000,18.08581,2
1569,4.98671,4.98363,0.39241,0.00000,0.00000,17.38696,2
1570,4.98481,4.98364,0.39134,0.00000,0.00000,17.84181,2
1571,4.98410,4.98364,0.39099,0.00000,0.00000,18.40787,2
1572,4.98478,4.98364,0.39123,0.00000,0.00000,17.83560,2
1573,4.98407,4.98365,0.39066,0.00000,0.00000,17.79258,2
1574,4.98331,4.98365,0.39018,0.00000,0.00000,17.09793,2
1575,4.98094,4.98365,0.38889,0.00000,0.00000,17.61531,2
1576,4.97994,4.98364,0.38839,0.00000,0.00000,17.27672,2
1577,4.97819,4.98362,0.38739,0.00000,0.00000,17.46469,2
1578,4.97698,4.98360,0.38671,0.00000,0.00000,17.96819,2
1579,4.97705,4.98358,0.38661,0.00000,0.00000,18.15644,2
1580,4.97757,4.98355,0.38664,0.00000,0.00000,17.29823,2
1581,4.97604,4.98353,0.38561,0.00000,0.00000,17.53622,2
1582,4.97518,4.98350,0.38506,0.00000,0.00000,17.55820,2
1583,4.97442,4.98346,0.38450,0.00000,0.00000,17.21828,2
1584,4.97291,4.98343,0.38355,0.00000,0.00000,17.58845,2
1585,4.97238,4.98338,0.38314,0.00000,0.00000,18.19713,2
1586,4.97334,4.98334,0.38338,0.00000,0.00000,18.29085,2
1587,4.97448,4.98330,0.38361,0.00000,0.00000,18.00679,2
1588,4.97492,4.98326,0.38348,0.00000,0.00000,17.35514,2
1589,4.97381,4.98323,0.38264,0.00000,0.00000,17.88104,2
1590,4.97403,4.98319,0.38258,0.00000,0.00000,17.12535,2
1591,4.97246,4.98316,0.38151,0.00000,0.00000,17.84994,2
1592,4.97271,4.98311,0.38149,0.00000,0.00000,17.82342,2
1593,4.97290,4.98307,0.38129,0.00000,0.00000,17.35000,2
1594,4.97198,4.98303,0.38055,0.00000,0.00000,18.24816,2
1595,4.97327,4.98299,0.38098,0.00000,0.00000,18.12782,2
1596,4.97421,4.98295,0.38109,0.00000,0.00000,18.13839,2
1597,4.97517,4.98291,0.38123,0.00000,0.00000,17.38933,2
1598,4.97431,4.98288,0.38048,0.00000,0.00000,17.55956,2
1599,4.97393,4.98285,0.38010,0.00000,0.00000,17.32039,2
1600,4.97301,4.98281,0.37941,0.00000,0.00000,18.13005,2
1601,4.97409,4.98277,0.37975,0.00000,0.00000,18.17748,2
1602,4.97525,4.98274,0.37998,0.00000,0.00000,18.22303,2
1603,4.97647,4.98271,0.38026,0.00000,0.00000,17.79662,2
1604,4.97664,4.98268,0.38001,0.00000,0.00000,17.74091,2
1605,4.97670,4.98266,0.37979,0.00000,0.00000,17.49768,2
1606,4.97619,4.98264,0.37930,0.00000,0.00000,17.22469,2
1607,4.97508,4.98261,0.37855,0.00000,0.00000,17.40131,2
1608,4.97447,4.98258,0.37808,0.00000,0.00000,18.06059,2
1609,4.97546,4.98255,0.37837,0.00000,0.00000,16.77997,2
1610,4.97338,4.98252,0.37700,0.00000,0.00000,18.22249,2
1611,4.97486,4.98248,0.37765,0.00000,0.00000,18.25711,2
1612,4.97636,4.98245,0.37802,0.00000,0.00000,17.85345,2
1613,4.97684,4.98243,0.37791,0.00000,0.00000,18.08944,2
1614,4.97789,4.98241,0.37816,0.00000,0.00000,18.33060,2
1615,4.97948,4.98239,0.37865,0.00000,0.00000,18.49180,2
1616,4.98139,4.98238,0.37928,0.00000,0.00000,18.11255,2
1617,4.98232,4.98237,0.37940,0.00000,0.00000,18.12127,2
1618,4.98326,4.98237,0.37962,0.00000,0.00000,17.46748,2
1619,4.98260,4.98238,0.37905,0.00000,0.00000,18.22981,2
1620,4.98382,4.98238,0.37953,0.00000,0.00000,17.80823,2
1621,4.98397,4.98238,0.37935,0.00000,0.00000,18.07349,2
1622,4.98477,4.98239,0.37958,0.00000,0.00000,18.08356,2
1623,4.98557,4.98240,0.37976,0.00000,0.00000,18.47132,2
1624,4.98726,4.98241,0.38040,0.00000,0.00000,17.33753,2
1625,4.98618,4.98243,0.37960,0.00000,0.00000,18.60437,2
1626,4.98820,4.98244,0.38055,0.00000,0.00000,17.95552,2
1627,4.98856,4.98247,0.38046,0.00000,0.00000,17.55152,2
1628,4.98797,4.98249,0.38002,0.00000,0.00000,17.94744,2
1629,4.98837,4.98251,0.38014,0.00000,0.00000,18.35327,2
1630,4.98971,4.98254,0.38067,0.00000,0.00000,18.47468,2
1631,4.99129,4.98257,0.38125,0.00000,0.00000,17.61599,2
1632,4.99075,4.98260,0.38076,0.00000,0.00000,18.01459,2
1633,4.99121,4.98263,0.38094,0.00000,0.00000,18.27057,2
1634,4.99226,4.98267,0.38134,0.00000,0.00000,18.90590,2
1635,4.99478,4.98271,0.38244,0.00000,0.00000,17.93287,2
1636,4.99486,4.98275,0.38223,0.00000,0.00000,17.94904,2
1637,4.99499,4.98280,0.38224,0.00000,0.00000,18.22310,2
1638,4.99577,4.98285,0.38257,0.00000,0.00000,18.80911,2
1639,4.99792,4.98290,0.38353,0.00000,0.00000,18.31194,2
1640,4.99877,4.98296,0.38377,0.00000,0.00000,18.78491,2
1641,5.00072,4.98303,0.38466,0.00000,0.00000,17.72285,2
1642,5.00005,4.98310,0.38418,0.00000,0.00000,18.71205,2
1643,5.00178,4.98317,0.38510,0.00000,0.00000,18.06506,2
1644,5.00187,4.98324,0.38502,0.00000,0.00000,17.55116,2
1645,5.00074,4.98331,0.38447,0.00000,0.00000,18.11174,2
1646,5.00101,4.98338,0.38470,0.00000,0.00000,17.58090,2
1647,5.00000,4.98345,0.38418,0.00000,0.00000,17.98780,2
1648,5.00001,4.98352,0.38427,0.00000,0.00000,18.23927,2
1649,5.00061,4.98359,0.38457,0.00000,0.00000,18.03191,2
1650,5.00068,4.98365,0.38457,0.00000,0.00000,18.25126,2
1651,5.00128,4.98372,0.38487,0.00000,0.00000,18.19803,2
1652,5.00172,4.98379,0.38505,0.00000,0.00000,18.45284,2
1653,5.00275,4.98386,0.38555,0.00000,0.00000,18.40819,2
1654,5.00362,4.98394,0.38593,0.00000,0.00000,18.86890,2
1655,5.00554,4.98402,0.38686,0.00000,0.00000,18.47030,2
1656,5.00642,4.98411,0.38720,0.00000,0.00000,18.66741,2
1657,5.00773,4.98419,0.38784,0.00000,0.00000,18.11056,2
1658,5.00764,4.98429,0.38777,0.00000,0.00000,18.56254,2
1659,5.00864,4.98438,0.38836,0.00000,0.00000,18.34076,2
1660,5.00905,4.98448,0.38857,0.00000,0.00000,19.01645,2
1661,5.01105,4.98458,0.38962,0.00000,0.00000,18.45898,2
1662,5.01161,4.98468,0.38986,0.00000,0.00000,18.71816,2
1663,5.01277,4.98479,0.39050,0.00000,0.00000,17.59211,2
1664,5.01117,4.98490,0.38974,0.00000,0.00000,18.19131,2
1665,5.01109,4.98501,0.38994,0.00000,0.00000,19.09870,2
1666,5.01315,4.98511,0.39109,0.00000,0.00000,18.71330,2
1667,5.01418,4.98522,0.39157,0.00000,0.00000,18.28171,2
1668,5.01413,4.98534,0.39160,0.00000,0.00000,18.78469,2
1669,5.01527,4.98546,0.39232,0.00000,0.00000,18.11822,2
1670,5.01476,4.98557,0.39213,0.00000,0.00000,18.16053,2
1671,5.01437,4.98569,0.39212,0.00000,0.00000,19.99291,2
1672,5.01836,4.98581,0.39429,0.00000,0.00000,18.95073,2
1673,5.01963,4.98594,0.39479,0.00000,0.00000,18.75902,2
1674,5.02039,4.98607,0.39527,0.00000,0.00000,18.01683,2
1675,5.01934,4.98621,0.39488,0.00000,0.00000,18.57317,2
1676,5.01966,4.98634,0.39532,0.00000,0.00000,18.53023,2
1677,5.01984,4.98647,0.39558,0.00000,0.00000,18.74620,2
1678,5.02052,4.98661,0.39610,0.00000,0.00000,18.21455,2
1679,5.01987,4.98674,0.39593,0.00000,0.00000,17.98243,2
1680,5.01870,4.98688,0.39560,0.00000,0.00000,19.00766,2
1681,5.02002,4.98700,0.39653,0.00000,0.00000,19.10360,2
1682,5.02147,4.98714,0.39735,0.00000,0.00000,18.99694,2
1683,5.02258,4.98727,0.39801,0.00000,0.00000,19.00547,2
1684,5.02365,4.98741,0.39868,0.00000,0.00000,19.21266,2
1685,5.02514,4.98756,0.39958,0.00000,0.00000,18.59473,2
1686,5.02508,4.98771,0.39968,0.00000,0.00000,18.07528,2
1687,5.02377,4.98786,0.39928,0.00000,0.00000,18.97429,2
1688,5.02465,4.98800,0.40006,0.00000,0.00000,18.12066,2
1689,5.02343,4.98815,0.39963,0.00000,0.00000,18.95672,2
1690,5.02425,4.98829,0.40037,0.00000,0.00000,18.95226,2
1691,5.02499,4.98843,0.40092,0.00000,0.00000,18.72976,2
1692,5.02515,4.98858,0.40119,0.00000,0.00000,18.96659,2
1693,5.02585,4.98873,0.40178,0.00000,0.00000,18.88758,2
1694,5.02631,4.98887,0.40221,0.00000,0.00000,18.23251,2
1695,5.02517,4.98902,0.40187,0.00000,0.00000,19.48855,2
1696,5.02707,4.98917,0.40316,0.00000,0.00000,19.08183,2
1697,5.02786,4.98932,0.40367,0.00000,0.00000,18.94700,2
1698,5.02829,4.98947,0.40410,0.00000,0.00000,18.19025,2
1699,5.02688,4.98963,0.40365,0.00000,0.00000,18.28510,2
1700,5.02575,4.98978,0.40346,0.00000,0.00000,18.95094,2
1701,5.02624,4.98992,0.40405,0.00000,0.00000,18.91497,2
1702,5.02659,4.99007,0.40445,0.00000,0.00000,18.74685,2
1703,5.02650,4.99021,0.40465,0.00000,0.00000,18.81234,2
1704,5.02656,4.99036,0.40495,0.00000,0.00000,18.94647,2
1705,5.02691,4.99050,0.40539,0.00000,0.00000,18.90192,2
1706,5.02712,4.99065,0.40573,0.00000,0.00000,19.08673,2
1707,5.02774,4.99080,0.40630,0.00000,0.00000,19.14107,2
1708,5.02844,4.99094,0.40687,0.00000,0.00000,18.69720,2
1709,5.02803,4.99109,0.40689,0.00000,0.00000,18.61491,2
1710,5.02742,4.99124,0.40691,0.00000,0.00000,18.55072,2
1711,5.02668,4.99139,0.40686,0.00000,0.00000,19.01475,2
1712,5.02705,4.99153,0.40737,0.00000,0.00000,18.90550,2
1713,5.02712,4.99167,0.40764,0.00000,0.00000,18.74992,2
1714,5.02679,4.99181,0.40775,0.00000,0.00000,18.74999,2
1715,5.02647,4.99195,0.40788,0.00000,0.00000,18.84038,2
1716,5.02635,4.99209,0.40811,0.00000,0.00000,18.99868,2
1717,5.02660,4.99223,0.40851,0.00000,0.00000,18.74143,2
1718,5.02620,4.99236,0.40855,0.00000,0.00000,18.72093,2
1719,5.02575,4.99250,0.40862,0.00000,0.00000,19.11440,2
1720,5.02625,4.99263,0.40916,0.00000,0.00000,19.25104,2
1721,5.02702,4.99277,0.40977,0.00000,0.00000,19.82075,2
1722,5.02909,4.99290,0.41102,0.00000,0.00000,19.18846,2
1723,5.02952,4.99305,0.41136,0.00000,0.00000,20.09746,2
1724,5.03209,4.99319,0.41291,0.00000,0.00000,19.99669,2
1725,5.03427,4.99335,0.41411,0.00000,0.00000,18.90218,2
1726,5.03372,4.99351,0.41400,0.00000,0.00000,19.34166,2
1727,5.03422,4.99367,0.41464,0.00000,0.00000,18.91322,2
1728,5.03366,4.99384,0.41465,0.00000,0.00000,19.16272,2
1729,5.03369,4.99400,0.41505,0.00000,0.00000,19.65744,2
1730,5.03488,4.99415,0.41598,0.00000,0.00000,18.90827,2
1731,5.03419,4.99432,0.41589,0.00000,0.00000,19.49861,2
1732,5.03492,4.99448,0.41665,0.00000,0.00000,19.43795,2
1733,5.03544,4.99464,0.41720,0.00000,0.00000,19.14351,2
1734,5.03521,4.99480,0.41740,0.00000,0.00000,19.58252,2
1735,5.03602,4.99496,0.41818,0.00000,0.00000,19.53574,2
1736,5.03664,4.99513,0.41878,0.00000,0.00000,19.20249,2
1737,5.03642,4.99529,0.41899,0.00000,0.00000,19.31525,2
1738,5.03645,4.99546,0.41938,0.00000,0.00000,19.58242,2
1739,5.03708,4.99562,0.42006,0.00000,0.00000,19.59612,2
1740,5.03769,4.99579,0.42069,0.00000,0.00000,19.00481,2
1741,5.03684,4.99596,0.42059,0.00000,0.00000,19.75814,2
1742,5.03780,4.99612,0.42151,0.00000,0.00000,19.54573,2
1743,5.03817,4.99629,0.42199,0.00000,0.00000,19.46722,2
1744,5.03831,4.99645,0.42241,0.00000,0.00000,19.72988,2
1745,5.03904,4.99662,0.42315,0.00000,0.00000,19.39017,2
1746,5.03889,4.99679,0.42341,0.00000,0.00000,19.70526,2
1747,5.03948,4.99696,0.42411,0.00000,0.00000,19.40188,2
1748,5.03929,4.99713,0.42436,0.00000,0.00000,19.93134,2
1749,5.04034,4.99730,0.42529,0.00000,0.00000,18.97278,2
1750,5.03902,4.99747,0.42495,0.00000,0.00000,19.45199,2
1751,5.03889,4.99764,0.42538,0.00000,0.00000,19.37403,2
1752,5.03854,4.99780,0.42561,0.00000,0.00000,19.78617,2
1753,5.03916,4.99796,0.42633,0.00000,0.00000,20.14114,2
1754,5.04057,4.99813,0.42737,0.00000,0.00000,19.79265,2
1755,5.04104,4.99830,0.42790,0.00000,0.00000,19.50354,2
1756,5.04078,4.99847,0.42815,0.00000,0.00000,20.18530,2
1757,5.04212,4.99864,0.42925,0.00000,0.00000,19.62495,2
1758,5.04203,4.99881,0.42952,0.00000,0.00000,19.88404,2
1759,5.04254,4.99899,0.43020,0.00000,0.00000,20.10585,2
1760,5.04352,4.99916,0.43107,0.00000,0.00000,20.01380,2
1761,5.04419,4.99934,0.43176,0.00000,0.00000,20.00971,2
1762,5.04480,4.99952,0.43245,0.00000,0.00000,19.60972,2
1763,5.04439,4.99970,0.43265,0.00000,0.00000,19.89943,2
1764,5.04466,4.99988,0.43326,0.00000,0.00000,19.21104,2
1765,5.04324,5.00006,0.43298,0.00000,0.00000,19.96782,2
1766,5.04367,5.00023,0.43374,0.00000,0.00000,20.41226,2
1767,5.04509,5.00040,0.43485,0.00000,0.00000,20.64975,2
1768,5.04697,5.00058,0.43613,0.00000,0.00000,20.27430,2
1769,5.04783,5.00077,0.43688,0.00000,0.00000,20.08229,2
1770,5.04816,5.00095,0.43745,0.00000,0.00000,20.20752,2
1771,5.04875,5.00114,0.43820,0.00000,0.00000,19.47575,2
1772,5.04752,5.00133,0.43803,0.00000,0.00000,19.43633,2
1773,5.04624,5.00152,0.43796,0.00000,0.00000,20.07428,2
1774,5.04650,5.00170,0.43865,0.00000,0.00000,20.30812,2
1775,5.04725,5.00188,0.43948,0.00000,0.00000,20.21376,2
1776,5.04771,5.00206,0.44012,0.00000,0.00000,20.74431,2
1777,5.04938,5.00224,0.44139,0.00000,0.00000,19.54175,2
1778,5.04806,5.00243,0.44109,0.00000,0.00000,19.91443,2
1779,5.04768,5.00261,0.44149,0.00000,0.00000,20.62696,2
1780,5.04896,5.00279,0.44264,0.00000,0.00000,20.43434,2
1781,5.04968,5.00298,0.44338,0.00000,0.00000,19.84843,2
1782,5.04894,5.00316,0.44345,0.00000,0.00000,20.09927,2
1783,5.04880,5.00335,0.44393,0.00000,0.00000,20.83179,2
1784,5.05037,5.00353,0.44521,0.00000,0.00000,20.33689,2
1785,5.05064,5.00372,0.44573,0.00000,0.00000,20.23930,2
1786,5.05063,5.00390,0.44621,0.00000,0.00000,20.23291,2
1787,5.05058,5.00409,0.44669,0.00000,0.00000,20.54301,2
1788,5.05122,5.00428,0.44752,0.00000,0.00000,19.83102,2
1789,5.05010,5.00446,0.44742,0.00000,0.00000,20.11138,2
1790,5.04967,5.00465,0.44780,0.00000,0.00000,20.01180,2
1791,5.04898,5.00483,0.44798,0.00000,0.00000,20.15262,2
1792,5.04862,5.00500,0.44835,0.00000,0.00000,19.76991,2
1793,5.04733,5.00518,0.44822,0.00000,0.00000,20.29265,2
1794,5.04732,5.00535,0.44879,0.00000,0.00000,20.01657,2
1795,5.04660,5.00551,0.44890,0.00000,0.00000,20.45128,2
1796,5.04692,5.00568,0.44959,0.00000,0.00000,20.14489,2
1797,5.04645,5.00584,0.44980,0.00000,0.00000,20.75604,2
1798,5.04743,5.00601,0.45079,0.00000,0.00000,20.03418,2
1799,5.04660,5.00617,0.45077,0.00000,0.00000,20.08239,2
1800,5.04590,5.00633,0.45095,0.00000,0.00000,20.37412,2
1801,5.04589,5.00649,0.45146,0.00000,0.00000,20.36388,2
1802,5.04581,5.00665,0.45188,0.00000,0.00000,20.92428,2
1803,5.04704,5.00681,0.45296,0.00000,0.00000,20.73662,2
1804,5.04772,5.00697,0.45367,0.00000,0.00000,20.45604,2
1805,5.04767,5.00713,0.45407,0.00000,0.00000,20.31510,2
1806,5.04726,5.00729,0.45434,0.00000,0.00000,21.50621,2
1807,5.04966,5.00745,0.45605,0.00000,0.00000,20.63032,2
1808,5.04982,5.00762,0.45643,0.00000,0.00000,20.99081,2
1809,5.05080,5.00779,0.45741,0.00000,0.00000,20.86685,2
1810,5.05140,5.00796,0.45814,0.00000,0.00000,20.18945,2
1811,5.05032,5.00814,0.45806,0.00000,0.00000,20.51960,2
1812,5.05004,5.00830,0.45852,0.00000,0.00000,20.81932,2
1813,5.05046,5.00847,0.45925,0.00000,0.00000,21.63320,2
1814,5.05274,5.00864,0.46086,0.00000,0.00000,20.49507,2
1815,5.05216,5.00882,0.46091,0.00000,0.00000,20.90924,2
1816,5.05257,5.00899,0.46169,0.00000,0.00000,21.05623,2
1817,5.05327,5.00916,0.46253,0.00000,0.00000,20.88000,2
1818,5.05347,5.00934,0.46311,0.00000,0.00000,20.54757,2
1819,5.05283,5.00952,0.46331,0.00000,0.00000,20.48931,2
1820,5.05205,5.00969,0.46349,0.00000,0.00000,20.49383,2
1821,5.05127,5.00986,0.46369,0.00000,0.00000,20.40215,2
1822,5.05028,5.01002,0.46377,0.00000,0.00000,20.86230,2
1823,5.05039,5.01019,0.46440,0.00000,0.00000,21.32658,2
1824,5.05155,5.01035,0.46548,0.00000,0.00000,21.59149,2
1825,5.05325,5.01051,0.46675,0.00000,0.00000,20.77678,2
1826,5.05288,5.01068,0.46696,0.00000,0.00000,21.24828,2
1827,5.05362,5.01085,0.46789,0.00000,0.00000,21.03107,2
1828,5.05377,5.01102,0.46844,0.00000,0.00000,21.12882,2
1829,5.05410,5.01119,0.46914,0.00000,0.00000,21.17798,2
1830,5.05449,5.01136,0.46985,0.00000,0.00000,20.70165,2
1831,5.05369,5.01154,0.46996,0.00000,0.00000,21.01240,2
1832,5.05363,5.01171,0.47053,0.00000,0.00000,20.83822,2
1833,5.05312,5.01187,0.47082,0.00000,0.00000,20.27809,2
1834,5.05126,5.01204,0.47046,0.00000,0.00000,20.84745,2
1835,5.05080,5.01220,0.47089,0.00000,0.00000,21.72025,2
1836,5.05240,5.01235,0.47223,0.00000,0.00000,21.33873,2
1837,5.05296,5.01251,0.47291,0.00000,0.00000,21.37485,2
1838,5.05355,5.01267,0.47369,0.00000,0.00000,20.57549,2
1839,5.05217,5.01284,0.47349,0.00000,0.00000,21.15413,2
1840,5.05220,5.01299,0.47414,0.00000,0.00000,20.74626,2
1841,5.05121,5.01315,0.47416,0.00000,0.00000,20.96042,2
1842,5.05074,5.01330,0.47452,0.00000,0.00000,21.09345,2
1843,5.05057,5.01345,0.47498,0.00000,0.00000,20.92972,2
1844,5.04998,5.01360,0.47520,0.00000,0.00000,21.23635,2
1845,5.05011,5.01375,0.47581,0.00000,0.00000,21.45679,2
1846,5.05071,5.01389,0.47660,0.00000,0.00000,20.86516,2
1847,5.04983,5.01404,0.47662,0.00000,0.00000,20.72032,2
1848,5.04863,5.01418,0.47659,0.00000,0.00000,21.47738,2
1849,5.04924,5.01432,0.47748,0.00000,0.00000,22.09975,2
1850,5.05126,5.01446,0.47893,0.00000,0.00000,21.41404,2
1851,5.05150,5.01461,0.47940,0.00000,0.00000,21.34139,2
1852,5.05154,5.01475,0.47992,0.00000,0.00000,21.30383,2
1853,5.05144,5.01490,0.48038,0.00000,0.00000,21.66420,2
1854,5.05216,5.01505,0.48127,0.00000,0.00000,21.18461,2
1855,5.05167,5.01520,0.48148,0.00000,0.00000,21.65726,2
1856,5.05229,5.01534,0.48235,0.00000,0.00000,21.47895,2
1857,5.05241,5.01549,0.48288,0.00000,0.00000,20.96889,2
1858,5.05128,5.01564,0.48283,0.00000,0.00000,20.85995,2
1859,5.04990,5.01578,0.48275,0.00000,0.00000,21.77068,2
1860,5.05072,5.01592,0.48377,0.00000,0.00000,21.94485,2
1861,5.05187,5.01606,0.48478,0.00000,0.00000,21.85736,2
1862,5.05271,5.01620,0.48563,0.00000,0.00000,21.61141,2
1863,5.05289,5.01634,0.48618,0.00000,0.00000,21.41809,2
1864,5.05256,5.01649,0.48653,0.00000,0.00000,21.91803,2
1865,5.05340,5.01663,0.48750,0.00000,0.00000,21.48158,2
1866,5.05312,5.01678,0.48782,0.00000,0.00000,21.54845,2
1867,5.05297,5.01693,0.48831,0.00000,0.00000,21.53309,2
1868,5.05275,5.01707,0.48874,0.00000,0.00000,21.87910,2
1869,5.05333,5.01721,0.48957,0.00000,0.00000,21.45804,2
1870,5.05283,5.01736,0.48981,0.00000,0.00000,21.44745,2
1871,5.05230,5.01750,0.49011,0.00000,0.00000,22.15019,2
1872,5.05342,5.01764,0.49124,0.00000,0.00000,22.40387,2
1873,5.05504,5.01778,0.49249,0.00000,0.00000,22.32700,2
1874,5.05636,5.01793,0.49357,0.00000,0.00000,21.38829,2
1875,5.05534,5.01809,0.49352,0.00000,0.00000,21.95738,2
1876,5.05570,5.01823,0.49433,0.00000,0.00000,21.61039,2
1877,5.05516,5.01838,0.49459,0.00000,0.00000,21.91947,2
1878,5.05535,5.01853,0.49528,0.00000,0.00000,21.58589,2
1879,5.05468,5.01868,0.49549,0.00000,0.00000,21.69474,2
1880,5.05427,5.01882,0.49588,0.00000,0.00000,21.64129,2
1881,5.05371,5.01896,0.49618,0.00000,0.00000,22.19612,2
1882,5.05445,5.01910,0.49713,0.00000,0.00000,22.10937,2
1883,5.05490,5.01925,0.49784,0.00000,0.00000,22.21650,2
1884,5.05555,5.01939,0.49868,0.00000,0.00000,21.87061,2
1885,5.05530,5.01953,0.49906,0.00000,0.00000,21.48823,2
1886,5.05411,5.01968,0.49903,0.00000,0.00000,21.97872,2
1887,5.05411,5.01981,0.49967,0.00000,0.00000,21.96270,2
1888,5.05402,5.01995,0.50017,0.00000,0.00000,22.00309,2
1889,5.05399,5.02009,0.50070,0.00000,0.00000,22.51141,2
1890,5.05513,5.02022,0.50181,0.00000,0.00000,21.87792,2
1891,5.05466,5.02036,0.50204,0.00000,0.00000,22.26476,2
1892,5.05511,5.02050,0.50284,0.00000,0.00000,22.19516,2
1893,5.05531,5.02064,0.50346,0.00000,0.00000,22.24518,2
1894,5.05559,5.02078,0.50414,0.00000,0.00000,21.65977,2
1895,5.05441,5.02092,0.50408,0.00000,0.00000,22.09278,2
1896,5.05429,5.02105,0.50466,0.00000,0.00000,22.39065,2
1897,5.05483,5.02118,0.50548,0.00000,0.00000,21.70641,2
1898,5.05367,5.02132,0.50541,0.00000,0.00000,21.76598,2
1899,5.05268,5.02145,0.50554,0.00000,0.00000,22.42953,2
1900,5.05327,5.02157,0.50644,0.00000,0.00000,22.33503,2
1901,5.05356,5.02170,0.50707,0.00000,0.00000,22.16588,2
1902,5.05339,5.02183,0.50750,0.00000,0.00000,21.75699,2
1903,5.05222,5.02195,0.50746,0.00000,0.00000,22.72109,2
1904,5.05336,5.02207,0.50865,0.00000,0.00000,21.89024,2
1905,5.05241,5.02220,0.50862,0.00000,0.00000,22.64559,2
1906,5.05329,5.02232,0.50965,0.00000,0.00000,22.00654,2
1907,5.05254,5.02244,0.50974,0.00000,0.00000,22.04587,2
1908,5.05189,5.02256,0.51001,0.00000,0.00000,21.73367,2
1909,5.05049,5.02268,0.50988,0.00000,0.00000,22.00918,2
1910,5.04978,5.02279,0.51014,0.00000,0.00000,22.74785,2
1911,5.05081,5.02290,0.51121,0.00000,0.00000,21.89282,2
1912,5.04971,5.02301,0.51108,0.00000,0.00000,22.96009,2
1913,5.05118,5.02312,0.51240,0.00000,0.00000,22.40094,2
1914,5.05119,5.02323,0.51280,0.00000,0.00000,22.45979,2
1915,5.05131,5.02334,0.51337,0.00000,0.00000,21.84598,2
1916,5.04993,5.02345,0.51318,0.00000,0.00000,22.76540,2
1917,5.05076,5.02356,0.51421,0.00000,0.00000,22.52354,2
1918,5.05093,5.02367,0.51474,0.00000,0.00000,22.64961,2
1919,5.05136,5.02378,0.51545,0.00000,0.00000,23.28008,2
1920,5.05322,5.02389,0.51686,0.00000,0.00000,23.25085,2
1921,5.05488,5.02401,0.51807,0.00000,0.00000,22.02555,2
1922,5.05351,5.02413,0.51780,0.00000,0.00000,22.68876,2
1923,5.05375,5.02425,0.51857,0.00000,0.00000,22.40190,2
1924,5.05325,5.02436,0.51884,0.00000,0.00000,22.11431,2
1925,5.05205,5.02448,0.51881,0.00000,0.00000,22.40794,2
1926,5.05157,5.02459,0.51919,0.00000,0.00000,23.27511,2
1927,5.05313,5.02470,0.52052,0.00000,0.00000,22.77188,2
1928,5.05337,5.02481,0.52105,0.00000,0.00000,22.92197,2
1929,5.05392,5.02493,0.52183,0.00000,0.00000,22.84662,2
1930,5.05422,5.02504,0.52248,0.00000,0.00000,23.02836,2
1931,5.05490,5.02516,0.52334,0.00000,0.00000,22.70346,2
1932,5.05473,5.02528,0.52375,0.00000,0.00000,22.73257,2
1933,5.05460,5.02540,0.52424,0.00000,0.00000,23.17657,2
1934,5.05549,5.02551,0.52525,0.00000,0.00000,22.58488,2
1935,5.05488,5.02563,0.52543,0.00000,0.00000,22.81392,2
1936,5.05482,5.02575,0.52599,0.00000,0.00000,22.05666,2
1937,5.05290,5.02587,0.52559,0.00000,0.00000,23.22783,2
1938,5.05383,5.02597,0.52673,0.00000,0.00000,22.80426,2
1939,5.05366,5.02609,0.52711,0.00000,0.00000,22.76066,2
1940,5.05335,5.02620,0.52750,0.00000,0.00000,22.77895,2
1941,5.05306,5.02630,0.52792,0.00000,0.00000,22.35335,2
1942,5.05172,5.02641,0.52780,0.00000,0.00000,23.37379,2
1943,5.05285,5.02651,0.52899,0.00000,0.00000,22.62699,2
1944,5.05208,5.02662,0.52905,0.00000,0.00000,22.84814,2
1945,5.05186,5.02672,0.52952,0.00000,0.00000,22.93451,2
1946,5.05180,5.02682,0.53002,0.00000,0.00000,23.05551,2
1947,5.05199,5.02692,0.53064,0.00000,0.00000,22.95480,2
1948,5.05189,5.02702,0.53110,0.00000,0.00000,22.80821,2
1949,5.05141,5.02712,0.53138,0.00000,0.00000,22.67011,2
1950,5.05059,5.02722,0.53152,0.00000,0.00000,23.52847,2
1951,5.05181,5.02731,0.53271,0.00000,0.00000,23.25032,2
1952,5.05225,5.02741,0.53335,0.00000,0.00000,23.15721,2
1953,5.05242,5.02751,0.53392,0.00000,0.00000,23.46342,2
1954,5.05327,5.02761,0.53486,0.00000,0.00000,23.55696,2
1955,5.05426,5.02771,0.53582,0.00000,0.00000,22.91081,2
1956,5.05362,5.02782,0.53596,0.00000,0.00000,22.85710,2
1957,5.05286,5.02792,0.53616,0.00000,0.00000,23.26922,2
1958,5.05306,5.02802,0.53686,0.00000,0.00000,23.22250,2
1959,5.05310,5.02812,0.53739,0.00000,0.00000,23.68081,2
1960,5.05419,5.02822,0.53846,0.00000,0.00000,23.42928,2
1961,5.05458,5.02832,0.53911,0.00000,0.00000,23.06516,2
1962,5.05405,5.02843,0.53936,0.00000,0.00000,23.39731,2
1963,5.05430,5.02853,0.54007,0.00000,0.00000,23.75962,2
1964,5.05535,5.02863,0.54112,0.00000,0.00000,22.95857,2
1965,5.05440,5.02874,0.54111,0.00000,0.00000,23.24960,2
1966,5.05415,5.02884,0.54161,0.00000,0.00000,23.09696,2
1967,5.05351,5.02894,0.54185,0.00000,0.00000,23.03204,2
1968,5.05270,5.02904,0.54203,0.00000,0.00000,23.55690,2
1969,5.05313,5.02914,0.54284,0.00000,0.00000,22.78333,2
1970,5.05166,5.02923,0.54260,0.00000,0.00000,23.50309,2
1971,5.05194,5.02932,0.54337,0.00000,0.00000,23.29183,2
1972,5.05165,5.02941,0.54373,0.00000,0.00000,22.94892,2
1973,5.05053,5.02950,0.54370,0.00000,0.00000,23.02467,2
1974,5.04960,5.02959,0.54383,0.00000,0.00000,23.00130,2
1975,5.04862,5.02967,0.54391,0.00000,0.00000,23.52757,2
1976,5.04889,5.02974,0.54462,0.00000,0.00000,23.39394,2
1977,5.04880,5.02982,0.54503,0.00000,0.00000,23.30766,2
1978,5.04846,5.02990,0.54536,0.00000,0.00000,23.26260,2
1979,5.04800,5.02997,0.54564,0.00000,0.00000,23.37208,2
1980,5.04778,5.03004,0.54605,0.00000,0.00000,23.55317,2
1981,5.04796,5.03011,0.54664,0.00000,0.00000,23.43005,2
1982,5.04780,5.03018,0.54702,0.00000,0.00000,22.87892,2
1983,5.04630,5.03025,0.54676,0.00000,0.00000,23.24177,2
1984,5.04571,5.03032,0.54705,0.00000,0.00000,22.98904,2
1985,5.04450,5.03038,0.54695,0.00000,0.00000,23.78720,2
1986,5.04522,5.03044,0.54785,0.00000,0.00000,23.12865,2
1987,5.04429,5.03050,0.54778,0.00000,0.00000,23.35981,2
1988,5.04392,5.03055,0.54811,0.00000,0.00000,23.05551,2
1989,5.04281,5.03060,0.54803,0.00000,0.00000,23.84763,2
1990,5.04361,5.03065,0.54894,0.00000,0.00000,23.58136,2
1991,5.04369,5.03071,0.54936,0.00000,0.00000,23.81202,2
1992,5.04429,5.03076,0.55009,0.00000,0.00000,23.84037,2
1993,5.04489,5.03081,0.55078,0.00000,0.00000,23.56826,2
1994,5.04477,5.03087,0.55113,0.00000,0.00000,23.69982,2
1995,5.04495,5.03092,0.55167,0.00000,0.00000,23.99989,2
1996,5.04579,5.03098,0.55253,0.00000,0.00000,23.60558,2
1997,5.04562,5.03104,0.55283,0.00000,0.00000,23.74902,2
1998,5.04577,5.03110,0.55337,0.00000,0.00000,23.56605,2
1999,5.04544,5.03116,0.55365,0.00000,0.00000,23.93286,2
2000,5.04596,5.03121,0.55440,0.00000,0.00000,23.57089,2
2001,5.04555,5.03127,0.55461,0.00000,0.00000,24.58316,2
2002,5.04755,5.03133,0.55610,0.00000,0.00000,24.04548,2
2003,5.04812,5.03139,0.55670,0.00000,0.00000,23.52832,2
2004,5.04740,5.03146,0.55677,0.00000,0.00000,23.89013,2
2005,5.04755,5.03152,0.55738,0.00000,0.00000,23.88254,2
2006,5.04763,5.03159,0.55788,0.00000,0.00000,24.29031,2
2007,5.04864,5.03165,0.55886,0.00000,0.00000,23.93207,2
2008,5.04871,5.03172,0.55930,0.00000,0.00000,24.21460,2
2009,5.04941,5.03179,0.56013,0.00000,0.00000,23.73012,2
2010,5.04889,5.03186,0.56031,0.00000,0.00000,23.74324,2
2011,5.04839,5.03193,0.56059,0.00000,0.00000,23.74112,2
2012,5.04787,5.03199,0.56085,0.00000,0.00000,23.98276,2
2013,5.04791,5.03206,0.56139,0.00000,0.00000,24.13932,2
2014,5.04828,5.03212,0.56206,0.00000,0.00000,23.64499,2
2015,5.04742,5.03218,0.56208,0.00000,0.00000,24.01844,2
2016,5.04746,5.03225,0.56264,0.00000,0.00000,23.73474,2
2017,5.04677,5.03231,0.56277,0.00000,0.00000,23.88400,2
2018,5.04645,5.03236,0.56313,0.00000,0.00000,23.64997,2
2019,5.04554,5.03242,0.56316,0.00000,0.00000,24.27959,2
2020,5.04614,5.03247,0.56399,0.00000,0.00000,23.61267,2
2021,5.04507,5.03253,0.56387,0.00000,0.00000,23.98800,2
2022,5.04493,5.03258,0.56434,0.00000,0.00000,24.23004,2
2023,5.04533,5.03263,0.56500,0.00000,0.00000,24.06255,2
2024,5.04527,5.03268,0.56539,0.00000,0.00000,24.54310,2
2025,5.04632,5.03273,0.56637,0.00000,0.00000,24.29699,2
2026,5.04670,5.03278,0.56694,0.00000,0.00000,23.97908,2
2027,5.04627,5.03284,0.56716,0.00000,0.00000,24.51203,2
2028,5.04710,5.03289,0.56808,0.00000,0.00000,23.59304,2
2029,5.04566,5.03295,0.56776,0.00000,0.00000,24.35609,2
2030,5.04607,5.03300,0.56854,0.00000,0.00000,24.04949,2
2031,5.04570,5.03305,0.56878,0.00000,0.00000,24.42812,2
2032,5.04620,5.03310,0.56952,0.00000,0.00000,24.11698,2
2033,5.04591,5.03316,0.56979,0.00000,0.00000,24.23047,2
2034,5.04586,5.03321,0.57025,0.00000,0.00000,24.33097,2
2035,5.04602,5.03326,0.57079,0.00000,0.00000,24.74260,2
2036,5.04712,5.03331,0.57179,0.00000,0.00000,24.49749,2
2037,5.04753,5.03336,0.57238,0.00000,0.00000,23.83935,2
2038,5.04633,5.03342,0.57222,0.00000,0.00000,24.54156,2
2039,5.04683,5.03347,0.57303,0.00000,0.00000,25.03752,2
2040,5.04844,5.03352,0.57426,0.00000,0.00000,24.03034,2
2041,5.04753,5.03358,0.57417,0.00000,0.00000,23.63957,2
2042,5.04571,5.03364,0.57380,0.00000,0.00000,24.36248,2
2043,5.04567,5.03369,0.57439,0.00000,0.00000,24.22150,2
2044,5.04525,5.03374,0.57463,0.00000,0.00000,25.03691,2
2045,5.04675,5.03378,0.57587,0.00000,0.00000,24.77232,2
2046,5.04750,5.03383,0.57660,0.00000,0.00000,24.88745,2
2047,5.04847,5.03389,0.57749,0.00000,0.00000,24.51796,2
2048,5.04846,5.03395,0.57790,0.00000,0.00000,24.35462,2
2049,5.04804,5.03401,0.57817,1.00000,0.00000,23.99701,2
2050,5.08675,5.03406,0.59804,1.00000,0.00000,24.06847,2
2051,5.12353,5.03427,0.61420,1.00000,0.00000,24.82415,2
2052,5.16033,5.03463,0.63089,1.00000,0.00000,24.70074,2
2053,5.19502,5.03513,0.64690,1.00000,0.00000,23.84767,2
2054,5.22594,5.03577,0.66153,0.00000,0.00000,24.25784,2
2055,5.21626,5.03653,0.65648,0.00000,0.00000,24.51172,2
2056,5.20773,5.03725,0.65515,0.00000,0.00000,24.81035,2
2057,5.20014,5.03793,0.65412,0.00000,0.00000,24.35729,2
2058,5.19166,5.03858,0.65248,0.00000,0.00000,24.50459,2
2059,5.18378,5.03919,0.65114,0.00000,0.00000,23.45696,2
2060,5.17363,5.03977,0.64853,0.00000,0.00000,24.16298,2
2061,5.16550,5.04031,0.64702,0.00000,0.00000,24.39341,2
2062,5.15816,5.04081,0.64565,0.00000,0.00000,23.98113,2
2063,5.15005,5.04128,0.64376,0.00000,0.00000,24.97895,2
2064,5.14458,5.04171,0.64318,0.00000,0.00000,24.62489,2
2065,5.13839,5.04212,0.64197,0.00000,0.00000,24.61720,2
2066,5.13236,5.04251,0.64083,0.00000,0.00000,24.34648,2
2067,5.12587,5.04287,0.63939,0.00000,0.00000,24.69939,2
2068,5.12042,5.04320,0.63844,0.00000,0.00000,24.49313,2
2069,5.11463,5.04351,0.63719,0.00000,0.00000,24.76336,2
2070,5.10966,5.04379,0.63632,0.00000,0.00000,24.62420,2
2071,5.10450,5.04406,0.63523,0.00000,0.00000,25.09985,2
2072,5.10064,5.04430,0.63475,0.00000,0.00000,24.83384,2
2073,5.09623,5.04453,0.63387,0.00000,0.00000,24.71319,2
2074,5.09166,5.04473,0.63290,0.00000,0.00000,25.15036,2
2075,5.08828,5.04492,0.63249,0.00000,0.00000,24.88972,2
2076,5.08435,5.04509,0.63168,0.00000,0.00000,24.96017,2
2077,5.08072,5.04525,0.63102,0.00000,0.00000,24.77302,2
2078,5.07674,5.04539,0.63013,0.00000,0.00000,24.86035,2
2079,5.07309,5.04552,0.62939,0.00000,0.00000,24.88479,2
2080,5.06961,5.04563,0.62867,0.00000,0.00000,25.62058,2
2081,5.06799,5.04572,0.62883,0.00000,0.00000,25.09117,2
2082,5.06511,5.04581,0.62821,0.00000,0.00000,24.98965,2
2083,5.06208,5.04589,0.62757,0.00000,0.00000,24.69413,2
2084,5.05844,5.04595,0.62662,0.00000,0.00000,24.76542,2
2085,5.05510,5.04600,0.62582,0.00000,0.00000,25.08188,2
2086,5.05262,5.04604,0.62540,0.00000,0.00000,25.19155,2
2087,5.05047,5.04607,0.62505,0.00000,0.00000,24.59015,2
2088,5.04694,5.04608,0.62396,0.00000,0.00000,25.22178,2
2089,5.04505,5.04609,0.62377,0.00000,0.00000,25.59512,2
2090,5.04409,5.04608,0.62389,0.00000,0.00000,24.92820,2
2091,5.04154,5.04608,0.62313,0.00000,0.00000,24.48397,2
2092,5.03803,5.04606,0.62200,0.00000,0.00000,25.24588,2
2093,5.03647,5.04603,0.62188,0.00000,0.00000,24.84582,2
2094,5.03399,5.04599,0.62113,0.00000,0.00000,25.62858,2
2095,5.03346,5.04594,0.62140,0.00000,0.00000,25.08931,2
2096,5.03164,5.04589,0.62087,0.00000,0.00000,24.78830,2
2097,5.02917,5.04583,0.62009,0.00000,0.00000,25.08330,2
2098,5.02749,5.04577,0.61974,0.00000,0.00000,25.54684,2
2099,5.02696,5.04569,0.61989,0.00000,0.00000,24.60557,2
2100,5.02419,5.04562,0.61881,0.00000,0.00000,24.74588,2
2101,5.02187,5.04553,0.61812,0.00000,0.00000,24.68580,2
2102,5.01950,5.04544,0.61734,0.00000,0.00000,24.74123,2
2103,5.01735,5.04533,0.61665,0.00000,0.00000,24.82642,2
2104,5.01549,5.04522,0.61606,0.00000,0.00000,24.87030,2
2105,5.01380,5.04510,0.61552,0.00000,0.00000,25.01219,2
2106,5.01251,5.04498,0.61515,0.00000,0.00000,25.07353,2
2107,5.01142,5.04485,0.61483,0.00000,0.00000,24.77494,2
2108,5.00965,5.04471,0.61415,0.00000,0.00000,25.08086,2
2109,5.00869,5.04457,0.61391,0.00000,0.00000,24.52991,2
2110,5.00645,5.04443,0.61295,0.00000,0.00000,24.86017,2
2111,5.00509,5.04428,0.61252,0.00000,0.00000,24.47553,2
2112,5.00288,5.04412,0.61157,0.00000,0.00000,24.28682,2
2113,5.00031,5.04396,0.61049,0.00000,0.00000,25.09889,2
2114,4.99980,5.04378,0.61044,0.00000,0.00000,25.66477,2
2115,5.00065,5.04361,0.61091,0.00000,0.00000,25.25536,2
2116,5.00047,5.04343,0.61076,0.00000,0.00000,25.28672,2
2117,5.00037,5.04326,0.61073,0.00000,0.00000,25.08130,2
2118,4.99979,5.04309,0.61045,0.00000,0.00000,25.35745,2
2119,4.99990,5.04292,0.61055,0.00000,0.00000,24.78272,2
2120,4.99863,5.04275,0.60990,0.00000,0.00000,25.20859,2
2121,4.99843,5.04257,0.60989,0.00000,0.00000,25.15168,2
2122,4.99810,5.04239,0.60973,0.00000,0.00000,24.73886,2
2123,4.99681,5.04222,0.60909,0.00000,0.00000,24.67828,2
2124,4.99544,5.04203,0.60847,0.00000,0.00000,24.95887,2
2125,4.99480,5.04185,0.60822,0.00000,0.00000,25.09655,2
2126,4.99451,5.04166,0.60807,0.00000,0.00000,25.24964,2
2127,4.99461,5.04147,0.60809,0.00000,0.00000,25.29428,2
2128,4.99480,5.04128,0.60812,0.00000,0.00000,25.23059,2
2129,4.99484,5.04110,0.60807,0.00000,0.00000,24.78534,2
2130,4.99381,5.04091,0.60751,0.00000,0.00000,25.33666,2
2131,4.99416,5.04072,0.60770,0.00000,0.00000,25.14837,2
2132,4.99404,5.04054,0.60755,0.00000,0.00000,25.61877,2
2133,4.99504,5.04035,0.60801,0.00000,0.00000,25.61303,2
2134,4.99599,5.04017,0.60835,0.00000,0.00000,25.77108,2
2135,4.99726,5.03999,0.60887,0.00000,0.00000,25.57923,2
2136,4.99802,5.03982,0.60912,0.00000,0.00000,24.85049,2
2137,4.99702,5.03966,0.60854,0.00000,0.00000,24.91135,2
2138,4.99621,5.03949,0.60819,0.00000,0.00000,26.17442,2
2139,4.99845,5.03931,0.60933,0.00000,0.00000,25.14109,2
2140,4.99811,5.03915,0.60897,0.00000,0.00000,25.48638,2
2141,4.99862,5.03898,0.60923,0.00000,0.00000,25.55115,2
2142,4.99925,5.03882,0.60949,0.00000,0.00000,25.14088,2
2143,4.99888,5.03866,0.60925,0.00000,0.00000,25.00009,2
2144,4.99819,5.03851,0.60892,0.00000,0.00000,25.06512,2
2145,4.99770,5.03834,0.60871,0.00000,0.00000,24.38411,2
2146,4.99560,5.03818,0.60768,0.00000,0.00000,25.42453,2
2147,4.99609,5.03801,0.60805,0.00000,0.00000,25.19851,2
2148,4.99600,5.03784,0.60793,0.00000,0.00000,25.16044,2
2149,4.99583,5.03768,0.60781,0.00000,0.00000,25.26162,2
2150,4.99591,5.03751,0.60782,0.00000,0.00000,25.65327,2
2151,4.99692,5.03734,0.60828,0.00000,0.00000,25.70596,2
2152,4.99801,5.03718,0.60871,0.00000,0.00000,25.29949,2
2153,4.99807,5.03702,0.60864,0.00000,0.00000,25.67156,2
2154,4.99903,5.03687,0.60909,0.00000,0.00000,25.32949,2
2155,4.99912,5.03672,0.60905,0.00000,0.00000,25.51941,2
2156,4.99966,5.03657,0.60930,0.00000,0.00000,25.65199,2
2157,5.00049,5.03642,0.60967,0.00000,0.00000,25.62805,2
2158,5.00122,5.03628,0.60997,0.00000,0.00000,25.26016,2
2159,5.00104,5.03614,0.60984,0.00000,0.00000,26.18825,2
2160,5.00308,5.03599,0.61088,0.00000,0.00000,25.31367,2
2161,5.00293,5.03586,0.61067,0.00000,0.00000,25.74019,2
2162,5.00380,5.03573,0.61115,0.00000,0.00000,25.17102,2
2163,5.00328,5.03560,0.61086,0.00000,0.00000,25.46474,2
2164,5.00348,5.03547,0.61103,0.00000,0.00000,25.30043,2
2165,5.00327,5.03535,0.61095,0.00000,0.00000,24.96478,2
2166,5.00227,5.03522,0.61050,0.00000,0.00000,24.44421,2
2167,5.00008,5.03509,0.60950,0.00000,0.00000,25.50290,2
2168,5.00051,5.03495,0.60990,0.00000,0.00000,26.09738,2
2169,5.00233,5.03481,0.61078,0.00000,0.00000,25.39520,2
2170,5.00237,5.03468,0.61068,0.00000,0.00000,25.47059,2
2171,5.00260,5.03455,0.61081,0.00000,0.00000,24.72917,2
2172,5.00105,5.03442,0.61004,0.00000,0.00000,25.28057,2
2173,5.00090,5.03429,0.61010,0.00000,0.00000,25.06158,2
2174,5.00022,5.03415,0.60978,0.00000,0.00000,25.36894,2
2175,5.00030,5.03402,0.60988,0.00000,0.00000,25.00449,2
2176,4.99950,5.03388,0.60948,0.00000,0.00000,26.06749,2
2177,5.00128,5.03375,0.61043,0.00000,0.00000,25.94993,2
2178,5.00268,5.03362,0.61099,0.00000,0.00000,25.45944,2
2179,5.00284,5.03349,0.61099,0.00000,0.00000,25.21220,2
2180,5.00241,5.03337,0.61079,0.00000,0.00000,25.65770,2
2181,5.00306,5.03325,0.61118,0.00000,0.00000,25.72802,2
2182,5.00384,5.03313,0.61155,0.00000,0.00000,25.12480,2
2183,5.00315,5.03301,0.61117,0.00000,0.00000,25.63678,2
2184,5.00370,5.03289,0.61154,0.00000,0.00000,25.90515,2
2185,5.00486,5.03277,0.61211,0.00000,0.00000,25.37660,2
2186,5.00470,5.03266,0.61199,0.00000,0.00000,25.69605,2
2187,5.00531,5.03255,0.61235,0.00000,0.00000,25.09373,2
2188,5.00445,5.03244,0.61192,0.00000,0.00000,25.35202,2
2189,5.00425,5.03233,0.61194,0.00000,0.00000,24.43151,2
2190,5.00185,5.03222,0.61080,0.00000,0.00000,24.96563,2
2191,5.00085,5.03209,0.61051,0.00000,0.00000,25.74789,2
2192,5.00175,5.03197,0.61104,0.00000,0.00000,26.05391,2
2193,5.00332,5.03185,0.61177,0.00000,0.00000,25.19796,2
2194,5.00277,5.03173,0.61141,0.00000,0.00000,25.38241,2
2195,5.00269,5.03162,0.61144,0.00000,0.00000,25.92529,2
2196,5.00391,5.03150,0.61208,0.00000,0.00000,25.60987,2
2197,5.00430,5.03139,0.61222,0.00000,0.00000,25.63873,2
2198,5.00475,5.03128,0.61246,0.00000,0.00000,25.43177,2
2199,5.00468,5.03118,0.61243,0.00000,0.00000,25.61526,2
2200,5.00504,5.03107,0.61267,0.00000,0.00000,25.60211,2
2201,5.00535,5.03097,0.61284,0.00000,0.00000,25.08986,2
2202,5.00442,5.03087,0.61241,0.00000,0.00000,25.05627,2
2203,5.00346,5.03076,0.61205,0.00000,0.00000,25.45860,2
2204,5.00350,5.03065,0.61217,0.00000,0.00000,25.42389,2
2205,5.00344,5.03054,0.61218,0.00000,0.00000,25.34102,2
2206,5.00318,5.03043,0.61209,0.00000,0.00000,26.09188,2
2207,5.00472,5.03032,0.61291,0.00000,0.00000,25.50620,2
2208,5.00478,5.03022,0.61286,0.00000,0.00000,25.89412,2
2209,5.00577,5.03012,0.61340,0.00000,0.00000,25.08970,2
2210,5.00478,5.03002,0.61288,0.00000,0.00000,26.17848,2
2211,5.00643,5.02992,0.61384,0.00000,0.00000,25.65407,2
2212,5.00674,5.02983,0.61393,0.00000,0.00000,26.02942,2
2213,5.00793,5.02974,0.61456,0.00000,0.00000,25.24984,2
2214,5.00720,5.02965,0.61418,0.00000,0.00000,25.70110,2
2215,5.00758,5.02956,0.61450,0.00000,0.00000,25.67853,2
2216,5.00788,5.02947,0.61470,0.00000,0.00000,24.85711,2
2217,5.00620,5.02938,0.61391,0.00000,0.00000,25.32174,2
2218,5.00571,5.02929,0.61386,0.00000,0.00000,25.54636,2
2219,5.00576,5.02920,0.61398,0.00000,0.00000,25.21618,2
2220,5.00502,5.02910,0.61367,0.00000,0.00000,25.33776,2
2221,5.00460,5.02901,0.61357,0.00000,0.00000,25.59490,2
2222,5.00480,5.02891,0.61375,0.00000,0.00000,24.85892,2
2223,5.00323,5.02881,0.61300,0.00000,0.00000,25.56752,2
2224,5.00344,5.02871,0.61325,0.00000,0.00000,25.85168,2
2225,5.00429,5.02861,0.61370,0.00000,0.00000,24.94480,2
2226,5.00293,5.02851,0.61300,0.00000,0.00000,25.99136,2
2227,5.00414,5.02841,0.61374,0.00000,0.00000,25.67692,2
2228,5.00453,5.02831,0.61388,0.00000,0.00000,24.83392,2
2229,5.00289,5.02822,0.61307,0.00000,0.00000,25.67575,2
2230,5.00334,5.02812,0.61346,0.00000,0.00000,24.85142,2
2231,5.00179,5.02802,0.61268,0.00000,0.00000,25.37894,2
2232,5.00158,5.02791,0.61272,0.00000,0.00000,25.96511,2
2233,5.00276,5.02781,0.61334,0.00000,0.00000,25.45146,2
2234,5.00265,5.02771,0.61322,0.00000,0.00000,25.12553,2
2235,5.00178,5.02761,0.61282,0.00000,0.00000,25.59098,2
2236,5.00206,5.02750,0.61304,0.00000,0.00000,26.07288,2
2237,5.00346,5.02740,0.61374,0.00000,0.00000,25.67998,2
2238,5.00385,5.02731,0.61386,0.00000,0.00000,24.79938,2
2239,5.00213,5.02721,0.61301,0.00000,0.00000,26.16041,2
2240,5.00374,5.02711,0.61397,0.00000,0.00000,25.41304,2
2241,5.00347,5.02702,0.61374,0.00000,0.00000,25.44314,2
2242,5.00329,5.02692,0.61371,0.00000,0.00000,25.13642,2
2243,5.00239,5.02683,0.61331,0.00000,0.00000,25.46937,2
2244,5.00232,5.02673,0.61337,0.00000,0.00000,25.73887,2
2245,5.00289,5.02663,0.61368,0.00000,0.00000,25.75686,2
2246,5.00346,5.02654,0.61395,0.00000,0.00000,25.93350,2
2247,5.00443,5.02645,0.61443,0.00000,0.00000,25.34734,2
2248,5.00395,5.02636,0.61415,0.00000,0.00000,25.33791,2
2249,5.00348,5.02627,0.61399,0.00000,0.00000,25.97537,2
2250,5.00454,5.02618,0.61460,0.00000,0.00000,25.10109,2
2251,5.00346,5.02609,0.61402,0.00000,0.00000,25.00443,2
2252,5.00220,5.02600,0.61351,0.00000,0.00000,25.24872,2
2253,5.00159,5.02591,0.61332,0.00000,0.00000,25.59779,2
2254,5.00182,5.02581,0.61351,0.00000,0.00000,25.23800,2
2255,5.00118,5.02571,0.61319,0.00000,0.00000,25.18082,2
2256,5.00044,5.02561,0.61288,0.00000,0.00000,25.52086,2
2257,5.00054,5.02551,0.61299,0.00000,0.00000,24.96085,2
2258,4.99930,5.02541,0.61237,0.00000,0.00000,25.45152,2
2259,4.99929,5.02531,0.61246,0.00000,0.00000,24.99971,2
2260,4.99820,5.02521,0.61190,0.00000,0.00000,25.63678,2
2261,4.99868,5.02510,0.61221,0.00000,0.00000,25.59695,2
2262,4.99903,5.02499,0.61234,0.00000,0.00000,25.17734,2
2263,4.99837,5.02489,0.61197,0.00000,0.00000,25.16506,2
2264,4.99772,5.02478,0.61168,0.00000,0.00000,25.55232,2
2265,4.99802,5.02467,0.61186,0.00000,0.00000,25.48766,2
2266,4.99814,5.02457,0.61188,0.00000,0.00000,25.40989,2
2267,4.99808,5.02446,0.61182,0.00000,0.00000,25.59430,2
2268,4.99846,5.02436,0.61199,0.00000,0.00000,26.03637,2
2269,4.99987,5.02425,0.61265,0.00000,0.00000,26.01945,2
2270,5.00117,5.02415,0.61319,0.00000,0.00000,25.43676,2
2271,5.00102,5.02406,0.61302,0.00000,0.00000,24.75079,2
2272,4.99925,5.02397,0.61216,0.00000,0.00000,25.22280,2
2273,4.99870,5.02387,0.61202,0.00000,0.00000,24.87814,2
2274,4.99734,5.02377,0.61137,0.00000,0.00000,25.41882,2
2275,4.99734,5.02366,0.61145,0.00000,0.00000,25.47141,2
2276,4.99746,5.02356,0.61149,0.00000,0.00000,26.06464,2
2277,4.99899,5.02346,0.61221,0.00000,0.00000,25.11580,2
2278,4.99817,5.02336,0.61167,0.00000,0.00000,24.97946,2
2279,4.99709,5.02326,0.61118,0.00000,0.00000,25.90554,2
2280,4.99826,5.02315,0.61182,0.00000,0.00000,25.19610,2
2281,4.99767,5.02305,0.61142,0.00000,0.00000,26.04733,2
2282,4.99915,5.02295,0.61218,0.00000,0.00000,25.33627,2
2283,4.99886,5.02286,0.61191,0.00000,0.00000,25.28521,2
2284,4.99847,5.02276,0.61173,0.00000,0.00000,25.25702,2
2285,4.99803,5.02266,0.61152,0.00000,0.00000,24.98548,2
2286,4.99696,5.02256,0.61100,0.00000,0.00000,25.17812,2
2287,4.99641,5.02246,0.61078,0.00000,0.00000,25.73373,2
2288,4.99721,5.02236,0.61119,0.00000,0.00000,25.02818,2
2289,4.99628,5.02226,0.61063,0.00000,0.00000,25.21520,2
2290,4.99585,5.02215,0.61046,0.00000,0.00000,25.27381,2
2291,4.99558,5.02205,0.61031,0.00000,0.00000,25.10649,2
2292,4.99493,5.02194,0.60996,0.00000,0.00000,24.89401,2
2293,4.99380,5.02183,0.60940,0.00000,0.00000,25.66510,2
2294,4.99457,5.02172,0.60982,0.00000,0.00000,24.63823,2
2295,4.99285,5.02161,0.60884,0.00000,0.00000,25.74932,2
2296,4.99388,5.02150,0.60942,0.00000,0.00000,24.95251,2
2297,4.99294,5.02139,0.60881,0.00000,0.00000,25.32364,2
2298,4.99296,5.02127,0.60882,0.00000,0.00000,25.06176,2
2299,4.99234,5.02116,0.60844,0.00000,0.00000,25.03654,2
2300,4.99170,5.02105,0.60809,0.00000,0.00000,25.76742,2
2301,4.99284,5.02093,0.60863,0.00000,0.00000,24.48544,2
2302,4.99087,5.02082,0.60748,0.00000,0.00000,25.48108,2
2303,4.99138,5.02070,0.60780,0.00000,0.00000,25.63305,2
2304,4.99222,5.02058,0.60810,0.00000,0.00000,24.83277,2
2305,4.99112,5.02046,0.60740,0.00000,0.00000,25.46755,2
2306,4.99160,5.02035,0.60764,0.00000,0.00000,25.42411,2
2307,4.99195,5.02023,0.60769,0.00000,0.00000,25.38717,2
2308,4.99220,5.02012,0.60771,0.00000,0.00000,25.50820,2
2309,4.99274,5.02001,0.60788,0.00000,0.00000,25.62055,2
2310,4.99352,5.01990,0.60816,0.00000,0.00000,25.37396,2
2311,4.99368,5.01979,0.60811,0.00000,0.00000,25.50930,2
2312,4.99416,5.01969,0.60827,0.00000,0.00000,25.07374,2
2313,4.99358,5.01959,0.60789,0.00000,0.00000,24.75454,2
2314,4.99228,5.01948,0.60722,0.00000,0.00000,24.97421,2
2315,4.99158,5.01937,0.60689,0.00000,0.00000,25.30725,2
2316,4.99170,5.01926,0.60693,0.00000,0.00000,25.34036,2
2317,4.99189,5.01915,0.60693,0.00000,0.00000,25.04057,2
2318,4.99137,5.01904,0.60657,0.00000,0.00000,25.76107,2
2319,4.99260,5.01893,0.60714,0.00000,0.00000,24.94921,2
2320,4.99183,5.01883,0.60659,0.00000,0.00000,24.92954,2
2321,4.99106,5.01872,0.60618,0.00000,0.00000,24.80634,2
2322,4.99005,5.01861,0.60565,0.00000,0.00000,25.30874,2
2323,4.99029,5.01849,0.60575,0.00000,0.00000,25.36350,2
2324,4.99064,5.01838,0.60581,0.00000,0.00000,25.01643,2
2325,4.99016,5.01827,0.60545,0.00000,0.00000,24.81781,2
2326,4.98924,5.01816,0.60493,0.00000,0.00000,25.40241,2
2327,4.98976,5.01804,0.60515,0.00000,0.00000,24.92815,2
2328,4.98913,5.01793,0.60469,0.00000,0.00000,25.08632,2
2329,4.98891,5.01781,0.60453,0.00000,0.00000,24.83502,2
2330,4.98812,5.01770,0.60404,0.00000,0.00000,25.28748,2
2331,4.98845,5.01758,0.60415,0.00000,0.00000,24.87268,2
2332,4.98778,5.01746,0.60367,0.00000,0.00000,25.12163,2
2333,4.98774,5.01734,0.60358,0.00000,0.00000,25.51319,2
2334,4.98865,5.01723,0.60392,0.00000,0.00000,24.86919,2
2335,4.98798,5.01711,0.60340,0.00000,0.00000,25.04554,2
2336,4.98778,5.01700,0.60323,0.00000,0.00000,24.48258,2
2337,4.98626,5.01688,0.60236,0.00000,0.00000,24.77625,2
2338,4.98552,5.01676,0.60198,0.00000,0.00000,25.04010,2
2339,4.98545,5.01663,0.60186,0.00000,0.00000,24.66683,2
2340,4.98450,5.01651,0.60124,0.00000,0.00000,25.15116,2
2341,4.98477,5.01638,0.60130,0.00000,0.00000,24.46843,2
2342,4.98340,5.01625,0.60044,0.00000,0.00000,24.42227,2
2343,4.98200,5.01612,0.59968,0.00000,0.00000,24.65716,2
2344,4.98124,5.01598,0.59924,0.00000,0.00000,25.79782,2
2345,4.98324,5.01585,0.60011,0.00000,0.00000,25.03036,2
2346,4.98332,5.01571,0.59982,0.00000,0.00000,24.11700,2
2347,4.98124,5.01559,0.59861,0.00000,0.00000,24.78589,2
2348,4.98088,5.01545,0.59841,0.00000,0.00000,24.32476,2
2349,4.97944,5.01531,0.59752,0.00000,0.00000,24.43698,2
2350,4.97836,5.01517,0.59689,0.00000,0.00000,24.41777,2
2351,4.97729,5.01502,0.59623,0.00000,0.00000,24.44708,2
2352,4.97636,5.01487,0.59562,0.00000,0.00000,25.25641,2
2353,4.97741,5.01471,0.59599,0.00000,0.00000,24.71007,2
2354,4.97712,5.01456,0.59553,0.00000,0.00000,25.10442,2
2355,4.97781,5.01442,0.59567,0.00000,0.00000,24.56717,2
2356,4.97720,5.01427,0.59508,0.00000,0.00000,25.23355,2
2357,4.97822,5.01412,0.59542,0.00000,0.00000,24.44337,2
2358,4.97732,5.01398,0.59467,0.00000,0.00000,24.71621,2
2359,4.97715,5.01383,0.59443,0.00000,0.00000,25.12607,2
2360,4.97796,5.01368,0.59462,0.00000,0.00000,25.06281,2
2361,4.97860,5.01354,0.59466,0.00000,0.00000,24.59653,2
2362,4.97812,5.01340,0.59415,0.00000,0.00000,25.67122,2
2363,4.98024,5.01326,0.59503,0.00000,0.00000,24.56294,2
2364,4.97962,5.01313,0.59435,0.00000,0.00000,25.01165,2
2365,4.98013,5.01299,0.59445,0.00000,0.00000,24.50961,2
2366,4.97943,5.01286,0.59386,0.00000,0.00000,24.36297,2
2367,4.97844,5.01273,0.59322,0.00000,0.00000,25.01719,2
2368,4.97907,5.01259,0.59339,0.00000,0.00000,24.86762,2
2369,4.97931,5.01246,0.59326,0.00000,0.00000,24.08077,2
2370,4.97769,5.01232,0.59222,0.00000,0.00000,24.82969,2
2371,4.97796,5.01219,0.59226,0.00000,0.00000,24.74269,2
2372,4.97801,5.01205,0.59204,0.00000,0.00000,24.79809,2
2373,4.97820,5.01191,0.59192,0.00000,0.00000,24.70072,2
2374,4.97818,5.01178,0.59167,0.00000,0.00000,25.01559,2
2375,4.97892,5.01164,0.59182,0.00000,0.00000,24.49049,2
2376,4.97838,5.01151,0.59129,0.00000,0.00000,25.09357,2
2377,4.97933,5.01138,0.59159,0.00000,0.00000,24.72226,2
2378,4.97936,5.01125,0.59132,0.00000,0.00000,24.79404,2
2379,4.97958,5.01112,0.59122,0.00000,0.00000,24.27209,2
2380,4.97856,5.01100,0.59049,0.00000,0.00000,24.50048,2
2381,4.97815,5.01087,0.59015,0.00000,0.00000,24.51323,2
2382,4.97781,5.01074,0.58980,0.00000,0.00000,24.37576,2
2383,4.97717,5.01061,0.58928,0.00000,0.00000,24.75051,2
2384,4.97747,5.01047,0.58925,0.00000,0.00000,24.83073,2
2385,4.97796,5.01034,0.58925,0.00000,0.00000,24.00300,2
2386,4.97647,5.01021,0.58824,0.00000,0.00000,24.95589,2
2387,4.97734,5.01008,0.58857,0.00000,0.00000,24.33633,2
2388,4.97671,5.00994,0.58795,0.00000,0.00000,24.72457,2
2389,4.97705,5.00981,0.58794,0.00000,0.00000,24.50603,2
2390,4.97687,5.00968,0.58759,0.00000,0.00000,24.35379,2
2391,4.97635,5.00955,0.58712,0.00000,0.00000,24.17786,2
2392,4.97546,5.00942,0.58648,0.00000,0.00000,24.35568,2
2393,4.97506,5.00928,0.58610,0.00000,0.00000,24.44973,2
2394,4.97491,5.00914,0.58581,0.00000,0.00000,24.73401,2
2395,4.97546,5.00901,0.58585,0.00000,0.00000,24.34351,2
2396,4.97507,5.00887,0.58536,0.00000,0.00000,24.75744,2
2397,4.97571,5.00874,0.58547,0.00000,0.00000,24.23696,2
2398,4.97509,5.00861,0.58486,0.00000,0.00000,24.13882,2
2399,4.97430,5.00847,0.58426,0.00000,0.00000,23.18642,2
2400,4.97129,5.00833,0.58257,0.00000,0.00000,24.41975,2
2401,4.97139,5.00819,0.58257,0.00000,0.00000,24.52658,2
2402,4.97175,5.00804,0.58246,0.00000,0.00000,24.65950,2
2403,4.97242,5.00789,0.58248,0.00000,0.00000,23.96830,2
2404,4.97144,5.00775,0.58166,0.00000,0.00000,24.04652,2
2405,4.97072,5.00761,0.58109,0.00000,0.00000,24.41528,2
2406,4.97093,5.00746,0.58096,0.00000,0.00000,24.10333,2
2407,4.97040,5.00731,0.58039,0.00000,0.00000,24.54456,2
2408,4.97097,5.00717,0.58042,0.00000,0.00000,24.55745,2
2409,4.97157,5.00702,0.58039,0.00000,0.00000,24.04609,2
2410,4.97094,5.00688,0.57974,0.00000,0.00000,24.14316,2
2411,4.97060,5.00674,0.57933,0.00000,0.00000,23.59916,2
2412,4.96900,5.00659,0.57826,0.00000,0.00000,23.95662,2
2413,4.96835,5.00644,0.57776,0.00000,0.00000,24.46366,2
2414,4.96897,5.00629,0.57780,0.00000,0.00000,24.42162,2
2415,4.96946,5.00614,0.57769,0.00000,0.00000,23.97414,2
2416,4.96890,5.00599,0.57706,0.00000,0.00000,23.77745,2
2417,4.96792,5.00584,0.57630,0.00000,0.00000,23.84865,2
2418,4.96718,5.00569,0.57569,0.00000,0.00000,23.74301,2
2419,4.96625,5.00554,0.57496,0.00000,0.00000,23.72438,2
2420,4.96534,5.00538,0.57424,0.00000,0.00000,24.18179,2
2421,4.96559,5.00522,0.57409,0.00000,0.00000,24.30554,2
2422,4.96614,5.00506,0.57400,0.00000,0.00000,24.34622,2
2423,4.96679,5.00491,0.57394,0.00000,0.00000,24.05061,2
2424,4.96672,5.00475,0.57353,0.00000,0.00000,24.20190,2
2425,4.96705,5.00460,0.57336,0.00000,0.00000,24.19767,2
2426,4.96738,5.00445,0.57317,0.00000,0.00000,24.64391,2
2427,4.96878,5.00430,0.57352,0.00000,0.00000,24.31106,2
2428,4.96933,5.00416,0.57337,0.00000,0.00000,24.16925,2
2429,4.96956,5.00402,0.57313,0.00000,0.00000,24.35280,2
2430,4.97023,5.00388,0.57315,0.00000,0.00000,23.65787,2
2431,4.96924,5.00375,0.57230,0.00000,0.00000,23.76264,2
2432,4.96858,5.00361,0.57174,0.00000,0.00000,23.91135,2
2433,4.96832,5.00347,0.57135,0.00000,0.00000,23.70234,2
2434,4.96760,5.00333,0.57069,0.00000,0.00000,24.16856,2
2435,4.96805,5.00319,0.57065,0.00000,0.00000,23.57430,2
2436,4.96708,5.00305,0.56981,0.00000,0.00000,24.02589,2
2437,4.96726,5.00290,0.56965,0.00000,0.00000,23.94289,2
2438,4.96726,5.00276,0.56931,0.00000,0.00000,23.54611,2
2439,4.96633,5.00262,0.56852,0.00000,0.00000,23.22456,2
2440,4.96472,5.00247,0.56745,0.00000,0.00000,23.75664,2
2441,4.96448,5.00232,0.56710,0.00000,0.00000,23.17222,2
2442,4.96287,5.00217,0.56597,0.00000,0.00000,23.71216,2
2443,4.96266,5.00201,0.56562,0.00000,0.00000,23.98033,2
2444,4.96312,5.00186,0.56549,0.00000,0.00000,23.86329,2
2445,4.96330,5.00170,0.56518,0.00000,0.00000,24.35216,2
2446,4.96467,5.00155,0.56548,0.00000,0.00000,23.65914,2
2447,4.96434,5.00140,0.56485,0.00000,0.00000,23.73061,2
2448,4.96424,5.00125,0.56447,0.00000,0.00000,23.74283,2
2449,4.96419,5.00110,0.56410,0.00000,0.00000,23.14485,2
2450,4.96276,5.00096,0.56302,0.00000,0.00000,23.53930,2
2451,4.96236,5.00080,0.56257,0.00000,0.00000,22.98301,2
2452,4.96068,5.00065,0.56138,0.00000,0.00000,23.60531,2
2453,4.96059,5.00049,0.56108,0.00000,0.00000,23.60927,2
2454,4.96054,5.00033,0.56067,0.00000,0.00000,23.64868,2
2455,4.96062,5.00017,0.56032,0.00000,0.00000,23.41227,2
2456,4.96015,5.00001,0.55969,0.00000,0.00000,23.67672,2
2457,4.96038,4.99985,0.55943,0.00000,0.00000,23.91035,2
2458,4.96117,4.99970,0.55942,0.00000,0.00000,24.08975,2
2459,4.96238,4.99954,0.55957,0.00000,0.00000,23.74281,2
2460,4.96273,4.99939,0.55927,0.00000,0.00000,23.25852,2
2461,4.96195,4.99925,0.55848,0.00000,0.00000,23.37175,2
2462,4.96151,4.99910,0.55794,0.00000,0.00000,23.20792,2
2463,4.96073,4.99895,0.55720,0.00000,0.00000,23.07149,2
2464,4.95969,4.99879,0.55635,0.00000,0.00000,23.61364,2
2465,4.96002,4.99864,0.55620,0.00000,0.00000,23.18075,2
2466,4.95932,4.99848,0.55543,0.00000,0.00000,23.61980,2
2467,4.95975,4.99833,0.55528,0.00000,0.00000,24.24070,2
2468,4.96165,4.99817,0.55580,0.00000,0.00000,23.31860,2
2469,4.96129,4.99803,0.55508,0.00000,0.00000,23.07884,2
2470,4.96042,4.99788,0.55429,0.00000,0.00000,23.62656,2
2471,4.96093,4.99773,0.55422,0.00000,0.00000,23.23045,2
2472,4.96049,4.99758,0.55357,0.00000,0.00000,22.99926,2
2473,4.95955,4.99743,0.55274,0.00000,0.00000,23.96658,2
2474,4.96100,4.99728,0.55314,0.00000,0.00000,23.09113,2
2475,4.96031,4.99714,0.55228,0.00000,0.00000,23.07862,2
2476,4.95967,4.99699,0.55162,0.00000,0.00000,23.31870,2
2477,4.95966,4.99684,0.55126,0.00000,0.00000,22.66409,2
2478,4.95811,4.99669,0.55009,0.00000,0.00000,23.66377,2
2479,4.95906,4.99654,0.55027,0.00000,0.00000,22.96347,2
2480,4.95832,4.99639,0.54941,0.00000,0.00000,23.29900,2
2481,4.95845,4.99624,0.54912,0.00000,0.00000,22.98714,2
2482,4.95785,4.99608,0.54839,0.00000,0.00000,23.55023,2
2483,4.95866,4.99593,0.54843,0.00000,0.00000,23.55132,2
2484,4.95946,4.99578,0.54835,0.00000,0.00000,23.48101,2
2485,4.96009,4.99564,0.54819,0.00000,0.00000,22.92019,2
2486,4.95938,4.99549,0.54739,0.00000,0.00000,22.91215,2
2487,4.95873,4.99535,0.54671,0.00000,0.00000,23.48097,2
2488,4.95949,4.99520,0.54673,0.00000,0.00000,22.59072,2
2489,4.95812,4.99506,0.54558,0.00000,0.00000,23.16481,2
2490,4.95822,4.99491,0.54532,0.00000,0.00000,23.14506,2
2491,4.95830,4.99477,0.54494,0.00000,0.00000,23.17058,2
2492,4.95846,4.99462,0.54459,0.00000,0.00000,23.10633,2
2493,4.95850,4.99448,0.54418,0.00000,0.00000,23.08954,2
2494,4.95852,4.99433,0.54378,0.00000,0.00000,23.30735,2
2495,4.95910,4.99419,0.54365,0.00000,0.00000,23.22669,2
2496,4.95948,4.99405,0.54339,0.00000,0.00000,22.95320,2
2497,4.95923,4.99391,0.54282,0.00000,0.00000,23.10946,2
2498,4.95939,4.99377,0.54252,0.00000,0.00000,22.65411,2
2499,4.95850,4.99363,0.54165,0.00000,0.00000,22.79618,2
2500,4.95802,4.99349,0.54107,0.00000,0.00000,22.69362,2
2501,4.95734,4.99335,0.54035,0.00000,0.00000,22.71569,2
2502,4.95679,4.99321,0.53970,0.00000,0.00000,22.69084,2
2503,4.95623,4.99306,0.53903,0.00000,0.00000,22.51573,2
2504,4.95532,4.99291,0.53818,0.00000,0.00000,23.36829,2
2505,4.95651,4.99276,0.53841,0.00000,0.00000,22.15976,2
2506,4.95479,4.99262,0.53702,0.00000,0.00000,22.70127,2
2507,4.95450,4.99247,0.53655,0.00000,0.00000,22.70023,2
2508,4.95424,4.99232,0.53599,0.00000,0.00000,22.46661,2
2509,4.95347,4.99216,0.53517,1.00000,0.00000,22.99180,2
2510,4.99402,4.99201,0.55505,1.00000,0.00000,22.72114,2
2511,5.03181,4.99202,0.57063,1.00000,0.00000,22.72630,2
2512,5.06785,4.99218,0.58595,1.00000,0.00000,22.69845,2
2513,5.10213,4.99248,0.60089,1.00000,0.00000,22.45169,2
2514,5.13418,4.99292,0.61519,0.00000,0.00000,22.60208,2
2515,5.12502,4.99348,0.60939,0.00000,0.00000,22.62135,2
2516,5.11649,4.99401,0.60711,0.00000,0.00000,22.71765,2
2517,5.10850,4.99450,0.60496,0.00000,0.00000,22.83046,2
2518,5.10106,4.99495,0.60296,0.00000,0.00000,22.26811,2
2519,5.09254,4.99538,0.60031,0.00000,0.00000,23.09105,2
2520,5.08632,4.99577,0.59880,0.00000,0.00000,21.89671,2
2521,5.07745,4.99613,0.59573,0.00000,0.00000,22.99712,2
2522,5.07158,4.99645,0.59428,0.00000,0.00000,22.23925,2
2523,5.06409,4.99676,0.59172,0.00000,0.00000,22.76108,2
2524,5.05816,4.99702,0.58999,0.00000,0.00000,22.48567,2
2525,5.05179,4.99727,0.58787,0.00000,0.00000,22.40776,2
2526,5.04549,4.99749,0.58574,0.00000,0.00000,22.60955,2
2527,5.03993,4.99768,0.58392,0.00000,0.00000,22.57939,2
2528,5.03452,4.99785,0.58206,0.00000,0.00000,21.76671,2
2529,5.02739,4.99800,0.57928,0.00000,0.00000,22.02092,2
2530,5.02119,4.99811,0.57702,0.00000,0.00000,21.45693,2
2531,5.01391,4.99820,0.57409,0.00000,0.00000,22.39053,2
2532,5.00919,4.99827,0.57245,0.00000,0.00000,22.98583,2
2533,5.00607,4.99831,0.57136,0.00000,0.00000,21.81507,2
2534,5.00030,4.99834,0.56878,0.00000,0.00000,22.22895,2
2535,4.99580,4.99835,0.56700,0.00000,0.00000,22.28959,2
2536,4.99164,4.99834,0.56524,0.00000,0.00000,22.39857,2
2537,4.98794,4.99831,0.56364,0.00000,0.00000,22.08236,2
2538,4.98366,4.99827,0.56167,0.00000,0.00000,22.49604,2
2539,4.98059,4.99821,0.56031,0.00000,0.00000,22.18523,2
2540,4.97692,4.99814,0.55853,0.00000,0.00000,22.06384,2
2541,4.97315,4.99806,0.55671,0.00000,0.00000,21.99143,2
2542,4.96940,4.99796,0.55487,0.00000,0.00000,22.29255,2
2543,4.96657,4.99784,0.55344,0.00000,0.00000,22.26698,2
2544,4.96382,4.99772,0.55196,0.00000,0.00000,22.15618,2
2545,4.96097,4.99758,0.55040,0.00000,0.00000,22.47401,2
2546,4.95903,4.99744,0.54927,0.00000,0.00000,21.89348,2
2547,4.95583,4.99728,0.54741,0.00000,0.00000,21.70112,2
2548,4.95236,4.99712,0.54549,0.00000,0.00000,22.03783,2
2549,4.94988,4.99694,0.54405,0.00000,0.00000,21.91065,2
2550,4.94725,4.99675,0.54243,0.00000,0.00000,21.58990,2
2551,4.94402,4.99655,0.54050,0.00000,0.00000,21.63248,2
2552,4.94109,4.99634,0.53873,0.00000,0.00000,22.17304,2
2553,4.93962,4.99612,0.53764,0.00000,0.00000,22.17347,2
2554,4.93825,4.99590,0.53647,0.00000,0.00000,21.77885,2
2555,4.93606,4.99566,0.53487,0.00000,0.00000,22.20660,2
2556,4.93504,4.99543,0.53389,0.00000,0.00000,21.23455,2
2557,4.93179,4.99518,0.53170,0.00000,0.00000,22.77293,2
2558,4.93242,4.99493,0.53160,0.00000,0.00000,21.87060,2
2559,4.93090,4.99468,0.53011,0.00000,0.00000,21.58061,2
2560,4.92883,4.99443,0.52850,0.00000,0.00000,22.66104,2
2561,4.92948,4.99416,0.52828,0.00000,0.00000,22.13539,2
2562,4.92889,4.99390,0.52723,0.00000,0.00000,21.46122,2
2563,4.92678,4.99364,0.52551,0.00000,0.00000,21.89285,2
2564,4.92586,4.99338,0.52449,0.00000,0.00000,21.85052,2
2565,4.92493,4.99311,0.52336,0.00000,0.00000,22.67420,2
2566,4.92607,4.99283,0.52325,0.00000,0.00000,21.70072,2
2567,4.92487,4.99257,0.52182,0.00000,0.00000,21.85850,2
2568,4.92418,4.99230,0.52082,0.00000,0.00000,21.17364,2
2569,4.92194,4.99202,0.51900,0.00000,0.00000,21.54389,2
2570,4.92076,4.99174,0.51781,0.00000,0.00000,22.56460,2
2571,4.92212,4.99146,0.51779,0.00000,0.00000,21.43424,2
2572,4.92076,4.99118,0.51622,0.00000,0.00000,21.49898,2
2573,4.91970,4.99090,0.51501,0.00000,0.00000,21.82093,2
2574,4.91952,4.99062,0.51420,0.00000,0.00000,21.21206,2
2575,4.91795,4.99033,0.51262,0.00000,0.00000,21.43443,2
2576,4.91705,4.99004,0.51148,0.00000,0.00000,21.27837,2
2577,4.91588,4.98975,0.51013,0.00000,0.00000,21.02851,2
2578,4.91423,4.98945,0.50856,0.00000,0.00000,21.61921,2
2579,4.91414,4.98915,0.50779,0.00000,0.00000,21.75467,2
2580,4.91443,4.98885,0.50708,0.00000,0.00000,21.74202,2
2581,4.91474,4.98856,0.50636,0.00000,0.00000,21.51329,2
2582,4.91455,4.98826,0.50539,0.00000,0.00000,21.33244,2
2583,4.91401,4.98797,0.50428,0.00000,0.00000,21.95802,2
2584,4.91505,4.98767,0.50398,0.00000,0.00000,21.02252,2
2585,4.91388,4.98738,0.50246,0.00000,0.00000,21.23580,2
2586,4.91334,4.98709,0.50143,0.00000,0.00000,21.52442,2
2587,4.91358,4.98679,0.50072,0.00000,0.00000,21.81413,2
2588,4.91455,4.98650,0.50033,0.00000,0.00000,21.18774,2
2589,4.91406,4.98621,0.49915,0.00000,0.00000,21.68436,2
2590,4.91484,4.98592,0.49872,0.00000,0.00000,21.24156,2
2591,4.91459,4.98564,0.49768,0.00000,0.00000,21.76400,2
2592,4.91566,4.98535,0.49738,0.00000,0.00000,21.23612,2
2593,4.91549,4.98507,0.49636,0.00000,0.00000,21.87284,2
2594,4.91691,4.98480,0.49624,0.00000,0.00000,21.36193,2
2595,4.91710,4.98452,0.49540,0.00000,0.00000,20.86891,2
2596,4.91618,4.98425,0.49409,0.00000,0.00000,21.15601,2
2597,4.91606,4.98398,0.49327,0.00000,0.00000,21.31926,2
2598,4.91639,4.98371,0.49260,0.00000,0.00000,21.10045,2
2599,4.91625,4.98344,0.49167,0.00000,0.00000,21.59994,2
2600,4.91737,4.98317,0.49140,0.00000,0.00000,20.59941,2
2601,4.91611,4.98291,0.48986,0.00000,0.00000,21.52489,2
2602,4.91719,4.98264,0.48966,0.00000,0.00000,21.44238,2
2603,4.91808,4.98238,0.48919,0.00000,0.00000,20.45112,2
2604,4.91663,4.98212,0.48757,0.00000,0.00000,21.99885,2
2605,4.91900,4.98186,0.48804,0.00000,0.00000,21.40158,2
2606,4.91989,4.98161,0.48749,0.00000,0.00000,20.71175,2
2607,4.91916,4.98136,0.48625,0.00000,0.00000,21.19761,2
2608,4.91969,4.98111,0.48577,0.00000,0.00000,21.35581,2
2609,4.92063,4.98087,0.48539,0.00000,0.00000,21.50664,2
2610,4.92195,4.98063,0.48518,0.00000,0.00000,20.86539,2
2611,4.92173,4.98039,0.48419,0.00000,0.00000,21.01813,2
2612,4.92196,4.98016,0.48353,0.00000,0.00000,20.74294,2
2613,4.92158,4.97993,0.48254,0.00000,0.00000,20.81245,2
2614,4.92144,4.97969,0.48172,0.00000,0.00000,20.50099,2
2615,4.92063,4.97946,0.48054,0.00000,0.00000,21.05100,2
2616,4.92124,4.97922,0.48012,0.00000,0.00000,21.12357,2
2617,4.92203,4.97899,0.47968,0.00000,0.00000,20.77918,2
2618,4.92203,4.97876,0.47884,0.00000,0.00000,21.57326,2
2619,4.92399,4.97854,0.47903,0.00000,0.00000,20.67883,2
2620,4.92377,4.97832,0.47801,0.00000,0.00000,20.10038,2
2621,4.92226,4.97810,0.47651,0.00000,0.00000,20.73732,2
2622,4.92240,4.97788,0.47592,0.00000,0.00000,20.59666,2
2623,4.92225,4.97766,0.47506,0.00000,0.00000,21.40898,2
2624,4.92410,4.97743,0.47522,0.00000,0.00000,20.80729,2
2625,4.92448,4.97722,0.47450,0.00000,0.00000,20.38235,2
2626,4.92390,4.97701,0.47342,0.00000,0.00000,20.55112,2
2627,4.92381,4.97680,0.47267,0.00000,0.00000,20.62629,2
2628,4.92396,4.97658,0.47199,0.00000,0.00000,20.23863,2
2629,4.92323,4.97637,0.47085,0.00000,0.00000,20.24379,2
2630,4.92262,4.97616,0.46983,0.00000,0.00000,20.67736,2
2631,4.92313,4.97595,0.46936,0.00000,0.00000,20.41399,2
2632,4.92304,4.97574,0.46851,0.00000,0.00000,20.77495,2
2633,4.92387,4.97553,0.46816,0.00000,0.00000,20.28554,2
2634,4.92355,4.97532,0.46718,0.00000,0.00000,21.47693,2
2635,4.92616,4.97511,0.46774,0.00000,0.00000,20.10062,2
2636,4.92540,4.97492,0.46641,0.00000,0.00000,21.11212,2
2637,4.92716,4.97472,0.46661,0.00000,0.00000,20.41403,2
2638,4.92723,4.97453,0.46577,0.00000,0.00000,20.59282,2
2639,4.92778,4.97434,0.46531,0.00000,0.00000,19.90047,2
2640,4.92671,4.97415,0.46401,0.00000,0.00000,20.36972,2
2641,4.92687,4.97396,0.46345,0.00000,0.00000,20.49550,2
2642,4.92737,4.97377,0.46296,0.00000,0.00000,20.91710,2
2643,4.92891,4.97359,0.46296,0.00000,0.00000,20.90613,2
2644,4.93040,4.97341,0.46287,0.00000,0.00000,20.61755,2
2645,4.93119,4.97324,0.46245,0.00000,0.00000,20.28265,2
2646,4.93120,4.97307,0.46170,0.00000,0.00000,21.02117,2
2647,4.93303,4.97290,0.46193,0.00000,0.00000,19.85738,2
2648,4.93205,4.97274,0.46062,0.00000,0.00000,20.03766,2
2649,4.93160,4.97258,0.45980,0.00000,0.00000,20.86610,2
2650,4.93320,4.97242,0.45995,0.00000,0.00000,20.72190,2
2651,4.93443,4.97226,0.45976,0.00000,0.00000,20.31311,2
2652,4.93467,4.97211,0.45913,0.00000,0.00000,20.71321,2
2653,4.93592,4.97196,0.45908,0.00000,0.00000,20.13472,2
2654,4.93577,4.97181,0.45827,0.00000,0.00000,20.27820,2
2655,4.93603,4.97167,0.45777,0.00000,0.00000,19.59428,2
2656,4.93470,4.97153,0.45644,0.00000,0.00000,20.70131,2
2657,4.93612,4.97138,0.45661,0.00000,0.00000,19.76879,2
2658,4.93529,4.97124,0.45544,0.00000,0.00000,19.93795,2
2659,4.93497,4.97110,0.45470,0.00000,0.00000,20.85094,2
2660,4.93688,4.97095,0.45503,0.00000,0.00000,19.45583,2
2661,4.93542,4.97081,0.45351,0.00000,0.00000,20.68439,2
2662,4.93702,4.97067,0.45379,0.00000,0.00000,20.15099,2
2663,4.93730,4.97054,0.45317,0.00000,0.00000,20.19848,2
2664,4.93775,4.97041,0.45274,0.00000,0.00000,19.65542,2
2665,4.93693,4.97027,0.45167,0.00000,0.00000,20.70156,2
2666,4.93869,4.97014,0.45199,0.00000,0.00000,20.00792,2
2667,4.93875,4.97002,0.45127,0.00000,0.00000,19.67390,2
2668,4.93807,4.96989,0.45031,0.00000,0.00000,20.31819,2
2669,4.93901,4.96976,0.45022,0.00000,0.00000,19.91798,2
2670,4.93899,4.96964,0.44952,0.00000,0.00000,19.94991,2
2671,4.93911,4.96952,0.44897,0.00000,0.00000,20.20619,2
2672,4.93987,4.96940,0.44873,0.00000,0.00000,19.60248,2
2673,4.93920,4.96928,0.44774,0.00000,0.00000,19.69099,2
2674,4.93883,4.96916,0.44700,0.00000,0.00000,19.66319,2
2675,4.93846,4.96904,0.44623,0.00000,0.00000,20.16036,2
2676,4.93934,4.96891,0.44608,0.00000,0.00000,19.78650,2
2677,4.93932,4.96880,0.44540,0.00000,0.00000,19.57759,2
2678,4.93887,4.96868,0.44456,0.00000,0.00000,19.25398,2
2679,4.93771,4.96856,0.44341,0.00000,0.00000,19.49398,2
2680,4.93723,4.96844,0.44264,0.00000,0.00000,20.05267,2
2681,4.93815,4.96831,0.44251,0.00000,0.00000,19.70727,2
2682,4.93824,4.96819,0.44186,0.00000,0.00000,20.11651,2
2683,4.93935,4.96807,0.44180,0.00000,0.00000,19.67326,2
2684,4.93940,4.96795,0.44112,0.00000,0.00000,20.14141,2
2685,4.94062,4.96784,0.44112,0.00000,0.00000,20.03874,2
2686,4.94157,4.96773,0.44091,0.00000,0.00000,19.08833,2
2687,4.94027,4.96763,0.43959,0.00000,0.00000,19.97671,2
2688,4.94120,4.96752,0.43957,0.00000,0.00000,19.52429,2
2689,4.94104,4.96741,0.43883,0.00000,0.00000,19.67297,2
2690,4.94130,4.96731,0.43838,0.00000,0.00000,19.02593,2
2691,4.94004,4.96720,0.43714,0.00000,0.00000,19.57157,2
2692,4.94020,4.96709,0.43672,0.00000,0.00000,19.76624,2
2693,4.94086,4.96699,0.43644,0.00000,0.00000,20.40365,2
2694,4.94304,4.96688,0.43689,0.00000,0.00000,19.37545,2
2695,4.94271,4.96679,0.43598,0.00000,0.00000,19.84057,2
2696,4.94357,4.96669,0.43586,0.00000,0.00000,19.68548,2
2697,4.94405,4.96660,0.43547,0.00000,0.00000,19.03569,2
2698,4.94301,4.96651,0.43435,0.00000,0.00000,19.40763,2
2699,4.94296,4.96641,0.43384,0.00000,0.00000,19.12223,2
2700,4.94226,4.96632,0.43293,0.00000,0.00000,19.22607,2
2701,4.94190,4.96622,0.43222,0.00000,0.00000,19.81459,2
2702,4.94300,4.96613,0.43222,0.00000,0.00000,19.98799,2
2703,4.94449,4.96603,0.43231,0.00000,0.00000,19.54391,2
2704,4.94490,4.96595,0.43184,0.00000,0.00000,19.24683,2
2705,4.94464,4.96586,0.43112,0.00000,0.00000,20.03961,2
2706,4.94632,4.96578,0.43143,0.00000,0.00000,19.47933,2
2707,4.94662,4.96570,0.43091,0.00000,0.00000,19.39492,2
2708,4.94675,4.96562,0.43042,0.00000,0.00000,19.75060,2
2709,4.94777,4.96555,0.43039,0.00000,0.00000,19.83406,2
2710,4.94898,4.96548,0.43038,0.00000,0.00000,19.92180,2
2711,4.95038,4.96541,0.43048,0.00000,0.00000,19.20920,2
2712,4.95005,4.96535,0.42971,0.00000,0.00000,18.70896,2
2713,4.94860,4.96529,0.42851,0.00000,0.00000,19.14524,2
2714,4.94830,4.96522,0.42796,0.00000,0.00000,18.97924,2
2715,4.94766,4.96516,0.42714,0.00000,0.00000,19.22828,2
2716,4.94768,4.96509,0.42668,0.00000,0.00000,19.33219,2
2717,4.94798,4.96502,0.42631,0.00000,0.00000,19.10498,2
2718,4.94777,4.96495,0.42566,0.00000,0.00000,19.24406,2
2719,4.94794,4.96488,0.42524,0.00000,0.00000,19.78060,2
2720,4.94942,4.96481,0.42545,0.00000,0.00000,18.97439,2
2721,4.94895,4.96475,0.42458,0.00000,0.00000,19.44525,2
2722,4.94967,4.96469,0.42447,0.00000,0.00000,19.44920,2
2723,4.95040,4.96463,0.42427,0.00000,0.00000,19.42157,2
2724,4.95106,4.96457,0.42405,0.00000,0.00000,19.16950,2
2725,4.95114,4.96452,0.42355,0.00000,0.00000,19.66118,2
2726,4.95242,4.96446,0.42370,0.00000,0.00000,19.34987,2
2727,4.95294,4.96441,0.42338,0.00000,0.00000,19.50797,2
2728,4.95385,4.96437,0.42332,0.00000,0.00000,19.41569,2
2729,4.95453,4.96433,0.42313,0.00000,0.00000,19.49798,2
2730,4.95541,4.96429,0.42306,0.00000,0.00000,18.69248,2
2731,4.95437,4.96425,0.42202,0.00000,0.00000,19.40981,2
2732,4.95514,4.96421,0.42203,0.00000,0.00000,19.04251,2
2733,4.95501,4.96418,0.42146,0.00000,0.00000,19.17396,2
2734,4.95525,4.96414,0.42114,0.00000,0.00000,18.72326,2
2735,4.95444,4.96410,0.42026,0.00000,0.00000,18.80794,2
2736,4.95391,4.96407,0.41961,0.00000,0.00000,19.52781,2
2737,4.95515,4.96402,0.41981,0.00000,0.00000,19.13243,2
2738,4.95542,4.96399,0.41940,0.00000,0.00000,19.16830,2
2739,4.95580,4.96395,0.41912,0.00000,0.00000,19.12558,2
2740,4.95609,4.96392,0.41880,0.00000,0.00000,19.40781,2
2741,4.95708,4.96389,0.41883,0.00000,0.00000,18.61459,2
2742,4.95617,4.96386,0.41786,0.00000,0.00000,18.82392,2
2743,4.95584,4.96383,0.41733,0.00000,0.00000,19.14558,2
2744,4.95633,4.96380,0.41716,0.00000,0.00000,18.16254,2
2745,4.95448,4.96377,0.41576,0.00000,0.00000,18.71984,2
2746,4.95409,4.96373,0.41526,0.00000,0.00000,18.60535,2
2747,4.95348,4.96370,0.41453,0.00000,0.00000,18.96887,2
2748,4.95380,4.96365,0.41427,0.00000,0.00000,19.08896,2
2749,4.95442,4.96361,0.41409,0.00000,0.00000,18.86739,2
2750,4.95452,4.96358,0.41364,0.00000,0.00000,18.97534,2
2751,4.95491,4.96354,0.41337,0.00000,0.00000,19.51311,2
2752,4.95660,4.96351,0.41373,0.00000,0.00000,18.85105,2
2753,4.95666,4.96348,0.41319,0.00000,0.00000,18.72864,2
2754,4.95646,4.96345,0.41266,0.00000,0.00000,18.18470,2
2755,4.95502,4.96342,0.41152,0.00000,0.00000,18.71828,2
2756,4.95496,4.96339,0.41115,0.00000,0.00000,18.40156,2
2757,4.95418,4.96336,0.41031,0.00000,0.00000,19.15314,2
2758,4.95526,4.96332,0.41046,0.00000,0.00000,18.58365,2
2759,4.95496,4.96329,0.40978,0.00000,0.00000,18.72226,2
2760,4.95505,4.96325,0.40939,0.00000,0.00000,18.48506,2
2761,4.95460,4.96322,0.40871,0.00000,0.00000,18.63300,2
2762,4.95456,4.96319,0.40828,0.00000,0.00000,18.80991,2
2763,4.95498,4.96315,0.40804,0.00000,0.00000,18.75714,2
2764,4.95529,4.96312,0.40771,0.00000,0.00000,18.44094,2
2765,4.95487,4.96309,0.40702,0.00000,0.00000,18.87986,2
2766,4.95555,4.96306,0.40695,0.00000,0.00000,18.60140,2
2767,4.95557,4.96303,0.40645,0.00000,0.00000,18.62246,2
2768,4.95567,4.96300,0.40606,0.00000,0.00000,18.72682,2
2769,4.95606,4.96297,0.40580,0.00000,0.00000,18.50532,2
2770,4.95593,4.96294,0.40527,0.00000,0.00000,18.77746,2
2771,4.95649,4.96291,0.40512,0.00000,0.00000,18.03708,2
2772,4.95530,4.96289,0.40404,0.00000,0.00000,17.98938,2
2773,4.95409,4.96286,0.40309,0.00000,0.00000,18.88433,2
2774,4.95510,4.96282,0.40323,0.00000,0.00000,18.88166,2
2775,4.95609,4.96279,0.40319,0.00000,0.00000,18.46693,2
2776,4.95607,4.96276,0.40267,0.00000,0.00000,18.69209,2
2777,4.95664,4.96274,0.40251,0.00000,0.00000,18.46516,2
2778,4.95667,4.96271,0.40205,0.00000,0.00000,18.23189,2
2779,4.95618,4.96269,0.40137,0.00000,0.00000,18.50577,2
2780,4.95640,4.96266,0.40108,0.00000,0.00000,18.97139,2
2781,4.95775,4.96264,0.40130,0.00000,0.00000,18.36729,2
2782,4.95763,4.96262,0.40071,0.00000,0.00000,19.01156,2
2783,4.95909,4.96260,0.40102,0.00000,0.00000,18.31353,2
2784,4.95884,4.96258,0.40037,0.00000,0.00000,17.89254,2
2785,4.95764,4.96257,0.39938,0.00000,0.00000,18.42977,2
2786,4.95782,4.96255,0.39915,0.00000,0.00000,17.45245,2
2787,4.95569,4.96253,0.39764,0.00000,0.00000,18.52262,2
2788,4.95626,4.96250,0.39765,0.00000,0.00000,18.68782,2
2789,4.95721,4.96248,0.39765,0.00000,0.00000,18.21213,2
2790,4.95701,4.96246,0.39705,0.00000,0.00000,19.03426,2
2791,4.95882,4.96243,0.39754,0.00000,0.00000,18.11612,2
2792,4.95839,4.96242,0.39676,0.00000,0.00000,17.69882,2
2793,4.95702,4.96240,0.39570,0.00000,0.00000,18.13919,2
2794,4.95681,4.96238,0.39527,0.00000,0.00000,17.94003,2
2795,4.95616,4.96236,0.39453,0.00000,0.00000,18.23311,2
2796,4.95628,4.96233,0.39421,0.00000,0.00000,18.11347,2
2797,4.95614,4.96231,0.39369,0.00000,0.00000,18.07207,2
2798,4.95594,4.96229,0.39316,0.00000,0.00000,18.45133,2
2799,4.95668,4.96226,0.39311,0.00000,0.00000,17.78236,2
2800,4.95583,4.96224,0.39219,0.00000,0.00000,17.92436,2
2801,4.95541,4.96221,0.39160,0.00000,0.00000,18.21979,2
2802,4.95573,4.96219,0.39136,0.00000,0.00000,18.29064,2
2803,4.95624,4.96216,0.39114,0.00000,0.00000,18.24109,2
2804,4.95665,4.96214,0.39087,0.00000,0.00000,18.86627,2
2805,4.95856,4.96211,0.39135,0.00000,0.00000,18.37775,2
2806,4.95924,4.96210,0.39113,0.00000,0.00000,18.45274,2
2807,4.96011,4.96209,0.39110,0.00000,0.00000,18.02168,2
2808,4.95994,4.96208,0.39055,0.00000,0.00000,17.91313,2
2809,4.95956,4.96207,0.38997,0.00000,0.00000,18.39026,2
2810,4.96037,4.96206,0.39000,0.00000,0.00000,18.01846,2
2811,4.96028,4.96205,0.38949,0.00000,0.00000,18.55161,2
2812,4.96150,4.96205,0.38971,0.00000,0.00000,18.20692,2
2813,4.96186,4.96205,0.38941,0.00000,0.00000,18.02486,2
2814,4.96181,4.96204,0.38898,0.00000,0.00000,18.54511,2
2815,4.96304,4.96204,0.38921,0.00000,0.00000,18.44944,2
2816,4.96400,4.96205,0.38923,0.00000,0.00000,18.11523,2
2817,4.96415,4.96206,0.38887,0.00000,0.00000,18.47521,2
2818,4.96519,4.96206,0.38901,0.00000,0.00000,17.04493,2
2819,4.96280,4.96208,0.38739,0.00000,0.00000,17.92418,2
2820,4.96266,4.96208,0.38714,0.00000,0.00000,18.21014,2
2821,4.96322,4.96208,0.38706,0.00000,0.00000,18.07365,2
2822,4.96346,4.96209,0.38676,0.00000,0.00000,18.32490,2
2823,4.96432,4.96209,0.38681,0.00000,0.00000,17.54400,2
2824,4.96330,4.96210,0.38587,0.00000,0.00000,17.39746,2
2825,4.96202,4.96211,0.38495,0.00000,0.00000,17.85676,2
2826,4.96193,4.96211,0.38462,0.00000,0.00000,18.00392,2
2827,4.96221,4.96210,0.38439,0.00000,0.00000,18.48583,2
2828,4.96366,4.96210,0.38472,0.00000,0.00000,17.90009,2
2829,4.96367,4.96211,0.38424,0.00000,0.00000,18.22930,2
2830,4.96450,4.96212,0.38429,0.00000,0.00000,17.33315,2
2831,4.96318,4.96213,0.38321,0.00000,0.00000,17.58571,2
2832,4.96256,4.96213,0.38264,0.00000,0.00000,18.24716,2
2833,4.96358,4.96213,0.38282,0.00000,0.00000,17.44301,2
2834,4.96265,4.96214,0.38191,0.00000,0.00000,17.68313,2
2835,4.96238,4.96214,0.38148,0.00000,0.00000,18.12270,2
2836,4.96319,4.96214,0.38153,0.00000,0.00000,17.78526,2
2837,4.96318,4.96215,0.38109,0.00000,0.00000,17.21350,2
2838,4.96185,4.96215,0.38006,0.00000,0.00000,17.12254,2
2839,4.96041,4.96215,0.37906,0.00000,0.00000,17.85978,2
2840,4.96081,4.96214,0.37898,0.00000,0.00000,16.98917,2
2841,4.95915,4.96214,0.37773,0.00000,0.00000,18.34325,2
2842,4.96083,4.96212,0.37829,0.00000,0.00000,18.21849,2
2843,4.96214,4.96212,0.37842,0.00000,0.00000,17.88198,2
2844,4.96263,4.96212,0.37818,0.00000,0.00000,18.07774,2
2845,4.96360,4.96212,0.37825,0.00000,0.00000,17.76218,2
2846,4.96379,4.96213,0.37791,0.00000,0.00000,17.51573,2
2847,4.96343,4.96213,0.37735,0.00000,0.00000,17.18053,2
2848,4.96231,4.96214,0.37646,0.00000,0.00000,18.18796,2
2849,4.96369,4.96214,0.37686,0.00000,0.00000,17.04895,2
2850,4.96230,4.96215,0.37569,0.00000,0.00000,17.71519,2
2851,4.96260,4.96215,0.37558,0.00000,0.00000,18.04563,2
2852,4.96370,4.96215,0.37573,0.00000,0.00000,17.74404,2
2853,4.96406,4.96215,0.37545,0.00000,0.00000,17.78040,2
2854,4.96451,4.96216,0.37529,0.00000,0.00000,17.32485,2
2855,4.96389,4.96217,0.37459,0.00000,0.00000,17.23409,2
2856,4.96312,4.96218,0.37390,0.00000,0.00000,17.66354,2
2857,4.96344,4.96218,0.37375,0.00000,0.00000,17.40380,2
2858,4.96315,4.96219,0.37321,0.00000,0.00000,17.86620,2
2859,4.96400,4.96219,0.37329,0.00000,0.00000,17.63170,2
2860,4.96428,4.96220,0.37300,0.00000,0.00000,17.70424,2
2861,4.96475,4.96221,0.37286,0.00000,0.00000,17.96285,2
2862,4.96584,4.96222,0.37301,0.00000,0.00000,17.82217,2
2863,4.96657,4.96223,0.37295,0.00000,0.00000,18.13353,2
2864,4.96804,4.96225,0.37329,0.00000,0.00000,17.82707,2
2865,4.96873,4.96227,0.37320,0.00000,0.00000,17.22243,2
2866,4.96798,4.96230,0.37246,0.00000,0.00000,17.98031,2
2867,4.96910,4.96232,0.37276,0.00000,0.00000,17.86143,2
2868,4.96990,4.96235,0.37276,0.00000,0.00000,17.74102,2
2869,4.97041,4.96238,0.37265,0.00000,0.00000,17.61080,2
2870,4.97061,4.96241,0.37241,0.00000,0.00000,17.16367,2
2871,4.96975,4.96244,0.37167,0.00000,0.00000,17.94230,2
2872,4.97083,4.96247,0.37198,0.00000,0.00000,17.45465,2
2873,4.97070,4.96251,0.37154,0.00000,0.00000,17.78349,2
2874,4.97140,4.96254,0.37160,0.00000,0.00000,17.64482,2
2875,4.97175,4.96257,0.37143,0.00000,0.00000,17.60218,2
2876,4.97201,4.96261,0.37125,0.00000,0.00000,17.38644,2
2877,4.97176,4.96265,0.37083,0.00000,0.00000,17.92766,2
2878,4.97284,4.96268,0.37111,0.00000,0.00000,17.39743,2
2879,4.97263,4.96272,0.37064,0.00000,0.00000,17.93464,2
2880,4.97373,4.96276,0.37064,0.00000,0.00000,17.24215,2
