minute,air_C,product_C,compressor_duty,door_heat,load_heat,ambient_C,mode
0,5.15000,5.05000,0.08400,0.00000,0.00000,17.72183,2
1,5.17213,5.05040,0.08604,0.00000,0.00000,17.14530,2
2,5.19243,5.05089,0.09753,0.00000,0.00000,17.56548,2
3,5.21255,5.05145,0.10929,0.00000,0.00000,17.65037,2
4,5.23167,5.05210,0.12073,0.00000,0.00000,17.54963,2
5,5.24938,5.05282,0.13167,0.00000,0.00000,17.78465,2
6,5.26656,5.05360,0.14261,0.00000,0.00000,17.24111,2
7,5.28135,5.05445,0.15245,0.00000,0.00000,17.22576,2
8,5.29512,5.05536,0.16208,0.00000,0.00000,17.77491,2
9,5.30926,5.05632,0.17214,0.00000,0.00000,17.16531,2
10,5.32097,5.05733,0.18097,0.00000,0.00000,17.54305,2
11,5.33273,5.05839,0.19015,0.00000,0.00000,17.77564,2
12,5.34416,5.05948,0.19927,0.00000,0.00000,17.34318,2
13,5.35370,5.06062,0.20748,0.00000,0.00000,17.11231,2
14,5.36191,5.06180,0.21521,0.00000,0.00000,18.26518,2
15,5.37215,5.06300,0.22427,0.00000,0.00000,17.34277,2
16,5.37935,5.06423,0.23157,0.00000,0.00000,17.37477,2
17,5.38596,5.06549,0.23887,0.00000,0.00000,17.28356,2
18,5.39170,5.06677,0.24580,0.00000,0.00000,17.41698,2
19,5.39713,5.06807,0.25269,0.00000,0.00000,17.34830,2
20,5.40180,5.06939,0.25924,0.00000,0.00000,17.24151,2
21,5.40563,5.07072,0.26543,0.00000,0.00000,17.90153,2
22,5.41051,5.07206,0.27232,0.00000,0.00000,17.75111,2
23,5.41443,5.07341,0.27864,0.00000,0.00000,18.13593,2
24,5.41872,5.07478,0.28529,0.00000,0.00000,17.65929,2
25,5.42130,5.07615,0.29100,0.00000,0.00000,17.44316,2
26,5.42289,5.07753,0.29632,0.00000,0.00000,17.50187,2
27,5.42419,5.07892,0.30157,0.00000,0.00000,17.79452,2
28,5.42577,5.08030,0.30701,0.00000,0.00000,17.20456,2
29,5.42550,5.08168,0.31142,0.00000,0.00000,17.68001,2
30,5.42603,5.08305,0.31641,0.00000,0.00000,17.59619,2
31,5.42596,5.08443,0.32102,0.00000,0.00000,17.96957,2
32,5.42643,5.08579,0.32598,0.00000,0.00000,17.40561,2
33,5.42517,5.08715,0.32993,0.00000,0.00000,17.31234,2
34,5.42341,5.08851,0.33371,0.00000,0.00000,17.58748,2
35,5.42203,5.08985,0.33774,0.00000,0.00000,17.61872,2
36,5.42044,5.09117,0.34160,0.00000,0.00000,16.92580,2
37,5.41693,5.09249,0.34439,0.00000,0.00000,17.36884,2
38,5.41431,5.09379,0.34779,0.00000,0.00000,17.12431,2
39,5.41088,5.09507,0.35064,0.00000,0.00000,17.79298,2
40,5.40888,5.09633,0.35431,0.00000,0.00000,16.99353,2
41,5.40472,5.09759,0.35664,0.00000,0.00000,17.57409,2
42,5.40182,5.09881,0.35980,0.00000,0.00000,16.96697,2
43,5.39728,5.10003,0.36191,0.00000,0.00000,18.48967,2
44,5.39627,5.10121,0.36608,0.00000,0.00000,18.08163,2
45,5.39398,5.10239,0.36923,0.00000,0.00000,17.65821,2
46,5.39047,5.10356,0.37179,0.00000,0.00000,17.16492,2
47,5.38565,5.10471,0.37366,0.00000,0.00000,17.54477,2
48,5.38165,5.10583,0.37605,0.00000,0.00000,17.36921,2
49,5.37711,5.10694,0.37803,0.00000,0.00000,16.84742,2
50,5.37124,5.10802,0.37925,0.00000,0.00000,17.88775,2
51,5.36784,5.10907,0.38190,0.00000,0.00000,17.30379,2
52,5.36290,5.11010,0.38345,0.00000,0.00000,17.45241,2
53,5.35826,5.11112,0.38524,0.00000,0.00000,18.15962,2
54,5.35523,5.11210,0.38786,0.00000,0.00000,17.64875,2
55,5.35083,5.11308,0.38954,0.00000,0.00000,17.46843,2
56,5.34593,5.11403,0.39101,0.00000,0.00000,17.61749,2
57,5.34135,5.11496,0.39264,0.00000,0.00000,16.91622,2
58,5.33504,5.11586,0.39323,0.00000,0.00000,18.03031,2
59,5.33142,5.11674,0.39539,0.00000,0.00000,17.31439,2
60,5.32599,5.11760,0.39629,0.00000,0.00000,17.29216,2
61,5.32051,5.11843,0.39724,0.00000,0.00000,17.80650,2
62,5.31627,5.11924,0.39882,0.00000,0.00000,17.59474,2
63,5.31145,5.12003,0.39995,0.00000,0.00000,17.66296,2
64,5.30678,5.12079,0.40114,0.00000,0.00000,16.98500,2
65,5.30048,5.12154,0.40136,0.00000,0.00000,17.66790,2
66,5.29587,5.12225,0.40259,0.00000,0.00000,17.16331,2
67,5.29003,5.12295,0.40294,0.00000,0.00000,17.30480,2
68,5.28459,5.12361,0.40355,0.00000,0.00000,17.72198,2
69,5.28016,5.12426,0.40944,0.00000,0.00000,17.54573,2
70,5.27492,5.12488,0.41474,0.00000,0.00000,17.51121,2
71,5.26924,5.12548,0.41980,0.00000,0.00000,17.73084,2
72,5.26377,5.12606,0.42495,0.00000,0.00000,17.76295,2
73,5.25803,5.12661,0.42988,0.00000,0.00000,17.60189,2
74,5.25160,5.12713,0.42958,0.00000,0.00000,17.61846,2
75,5.24533,5.12763,0.42935,0.00000,0.00000,17.42424,2
76,5.23870,5.12810,0.42884,0.00000,0.00000,17.75254,2
77,5.23299,5.12855,0.42879,0.00000,0.00000,17.55517,2
78,5.22689,5.12896,0.42840,0.00000,0.00000,17.90401,2
79,5.22173,5.12935,0.42849,0.00000,0.00000,17.15640,2
80,5.21487,5.12972,0.42750,0.00000,0.00000,17.35984,2
81,5.20866,5.13006,0.42694,0.00000,0.00000,17.53912,2
82,5.20301,5.13038,0.42656,0.00000,0.00000,17.01911,2
83,5.19622,5.13067,0.42545,0.00000,0.00000,17.21647,2
84,5.19010,5.13093,0.42472,0.00000,0.00000,17.09935,2
85,5.18383,5.13117,0.42379,0.00000,0.00000,17.33177,2
86,5.17828,5.13138,0.42321,0.00000,0.00000,17.85340,2
87,5.17409,5.13157,0.42327,0.00000,0.00000,18.44541,2
88,5.17137,5.13174,0.42399,0.00000,0.00000,17.89840,2
89,5.16732,5.13190,0.42383,0.00000,0.00000,16.47881,2
90,5.15996,5.13204,0.42187,0.00000,0.00000,17.31722,2
91,5.15485,5.13215,0.42136,0.00000,0.00000,17.53813,2
92,5.15038,5.13224,0.42097,0.00000,0.00000,17.55909,2
93,5.14605,5.13231,0.42055,0.00000,0.00000,17.57437,2
94,5.14185,5.13237,0.42015,0.00000,0.00000,17.42390,2
95,5.13738,5.13240,0.41955,0.00000,0.00000,16.99731,2
96,5.13200,5.13242,0.41840,0.00000,0.00000,17.86876,2
97,5.12885,5.13242,0.41852,0.00000,0.00000,17.76823,2
98,5.12551,5.13241,0.41832,0.00000,0.00000,17.91895,2
99,5.12258,5.13238,0.41833,0.00000,0.00000,17.21468,2
100,5.11801,5.13234,0.41735,0.00000,0.00000,17.83026,2
101,5.11504,5.13228,0.41735,0.00000,0.00000,17.15028,2
102,5.11050,5.13222,0.41631,0.00000,0.00000,17.48018,2
103,5.10688,5.13213,0.41586,0.00000,0.00000,17.99500,2
104,5.10457,5.13203,0.41604,0.00000,0.00000,18.04054,2
105,5.10239,5.13192,0.41615,0.00000,0.00000,18.30158,2
106,5.10084,5.13180,0.41658,0.00000,0.00000,17.43999,2
107,5.09723,5.13168,0.41579,0.00000,0.00000,16.99531,2
108,5.09267,5.13154,0.41460,0.00000,0.00000,17.84794,2
109,5.09029,5.13138,0.41465,0.00000,0.00000,17.42365,2
110,5.08693,5.13122,0.41395,0.00000,0.00000,17.26521,2
111,5.08330,5.13104,0.41314,0.00000,0.00000,17.20091,2
112,5.07961,5.13085,0.41229,0.00000,0.00000,18.20785,2
113,5.07845,5.13065,0.41280,0.00000,0.00000,17.33522,2
114,5.07517,5.13044,0.41193,0.00000,0.00000,17.66259,2
115,5.07279,5.13022,0.41168,0.00000,0.00000,17.39475,2
116,5.06982,5.12999,0.41101,0.00000,0.00000,17.58172,2
117,5.06738,5.12974,0.41065,0.00000,0.00000,17.41174,2
118,5.06460,5.12950,0.41003,0.00000,0.00000,18.17109,2
119,5.06371,5.12924,0.41046,0.00000,0.00000,17.57182,2
120,5.06136,5.12897,0.40992,0.00000,0.00000,17.65798,2
121,5.05930,5.12870,0.40963,0.00000,0.00000,17.78717,2
122,5.05759,5.12843,0.40948,0.00000,0.00000,17.60859,2
123,5.05548,5.12814,0.40908,0.00000,0.00000,17.62821,2
124,5.05348,5.12785,0.40873,0.00000,0.00000,17.51435,2
125,5.05126,5.12755,0.40824,0.00000,0.00000,17.78171,2
126,5.04974,5.12725,0.40813,0.00000,0.00000,17.84085,2
127,5.04839,5.12694,0.40804,0.00000,0.00000,17.98922,2
128,5.04741,5.12662,0.40813,0.00000,0.00000,17.58507,2
129,5.04547,5.12631,0.40765,1.00000,0.00000,17.87661,2
130,5.08429,5.12598,0.42524,1.00000,0.00000,17.43971,2
131,5.12014,5.12582,0.43834,1.00000,0.00000,17.16417,2
132,5.15381,5.12580,0.45085,1.00000,0.00000,18.15739,2
133,5.18840,5.12591,0.46442,1.00000,0.00000,17.44487,2
134,5.21975,5.12616,0.47648,0.00000,0.00000,17.90204,2
135,5.21081,5.12653,0.47138,0.00000,0.00000,18.20153,2
136,5.20311,5.12687,0.47010,0.00000,0.00000,18.23913,2
137,5.19571,5.12717,0.46881,0.00000,0.00000,17.82642,2
138,5.18754,5.12745,0.46698,0.00000,0.00000,17.64919,2
139,5.17919,5.12769,0.46502,0.00000,0.00000,18.08641,2
140,5.17216,5.12789,0.46372,0.00000,0.00000,17.64655,2
141,5.16429,5.12807,0.46177,0.00000,0.00000,17.68626,2
142,5.15677,5.12822,0.45999,0.00000,0.00000,17.44132,2
143,5.14890,5.12833,0.45792,0.00000,0.00000,18.22871,2
144,5.14319,5.12841,0.45699,0.00000,0.00000,18.03970,2
145,5.13718,5.12847,0.45565,0.00000,0.00000,17.66947,2
146,5.13047,5.12851,0.45388,0.00000,0.00000,17.59222,2
147,5.12381,5.12851,0.45212,0.00000,0.00000,17.57109,2
148,5.11733,5.12850,0.45039,0.00000,0.00000,17.67532,2
149,5.11132,5.12845,0.44883,0.00000,0.00000,17.53909,2
150,5.10518,5.12838,0.44711,0.00000,0.00000,17.13403,2
151,5.09831,5.12829,0.44490,0.00000,0.00000,18.07888,2
152,5.09395,5.12817,0.44409,0.00000,0.00000,17.26046,2
153,5.08776,5.12803,0.44201,0.00000,0.00000,18.04050,2
154,5.08368,5.12787,0.44118,0.00000,0.00000,17.77124,2
155,5.07907,5.12769,0.43985,0.00000,0.00000,17.47078,2
156,5.07392,5.12750,0.43820,0.00000,0.00000,17.48238,2
157,5.06899,5.12729,0.43667,0.00000,0.00000,18.02951,2
158,5.06555,5.12705,0.43589,0.00000,0.00000,18.33958,2
159,5.06295,5.12681,0.43543,0.00000,0.00000,18.38651,2
160,5.06053,5.12655,0.43498,0.00000,0.00000,18.25515,2
161,5.05786,5.12629,0.43435,0.00000,0.00000,17.96082,2
162,5.05458,5.12601,0.43336,0.00000,0.00000,17.68753,2
163,5.05077,5.12573,0.43209,0.00000,0.00000,17.88100,2
164,5.04756,5.12543,0.43116,0.00000,0.00000,17.21106,2
165,5.04288,5.12512,0.42931,0.00000,0.00000,17.66335,2
166,5.03948,5.12479,0.42825,0.00000,0.00000,17.83707,2
167,5.03661,5.12445,0.42736,0.00000,0.00000,18.41989,2
168,5.03524,5.12409,0.42722,0.00000,0.00000,17.94926,2
169,5.03278,5.12374,0.42634,0.00000,0.00000,17.66293,2
170,5.02973,5.12338,0.42519,0.00000,0.00000,17.78547,2
171,5.02711,5.12300,0.42429,0.00000,0.00000,18.36119,2
172,5.02595,5.12262,0.42415,0.00000,0.00000,18.67636,2
173,5.02557,5.12223,0.42432,0.00000,0.00000,18.13633,2
174,5.02390,5.12184,0.42369,0.00000,0.00000,18.02269,2
175,5.02201,5.12145,0.42303,0.00000,0.00000,17.72770,2
176,5.01950,5.12105,0.42202,0.00000,0.00000,18.51072,2
177,5.01897,5.12065,0.42213,0.00000,0.00000,17.52187,2
178,5.01607,5.12024,0.42076,0.00000,0.00000,18.59093,2
179,5.01586,5.11983,0.42106,0.00000,0.00000,18.91788,2
180,5.01641,5.11941,0.42155,0.00000,0.00000,18.22234,2
181,5.01525,5.11900,0.42104,0.00000,0.00000,17.97230,2
182,5.01354,5.11858,0.42034,0.00000,0.00000,18.32824,2
183,5.01276,5.11816,0.42019,0.00000,0.00000,17.82706,2
184,5.01080,5.11774,0.41930,0.00000,0.00000,18.28677,2
185,5.01003,5.11731,0.41914,0.00000,0.00000,18.09793,2
186,5.00882,5.11688,0.41864,0.00000,0.00000,18.05251,2
187,5.00756,5.11645,0.41813,0.00000,0.00000,17.96960,2
188,5.00616,5.11602,0.41752,0.00000,0.00000,17.62066,2
189,5.00399,5.11558,0.41649,0.00000,0.00000,17.43749,2
190,5.00148,5.11513,0.41530,0.00000,0.00000,17.83741,2
191,5.00006,5.11468,0.41472,0.00000,0.00000,18.31042,2
192,4.99982,5.11422,0.41470,0.00000,0.00000,18.45671,2
193,4.99992,5.11376,0.41478,0.00000,0.00000,17.58065,2
194,4.99793,5.11330,0.41365,0.00000,0.00000,18.37114,2
195,4.99793,5.11284,0.41379,0.00000,0.00000,18.04356,2
196,4.99714,5.11238,0.41332,0.00000,0.00000,18.20480,2
197,4.99678,5.11192,0.41315,0.00000,0.00000,18.22448,2
198,4.99647,5.11146,0.41297,0.00000,0.00000,18.62763,2
199,4.99714,5.11100,0.41333,0.00000,0.00000,18.15243,2
200,4.99663,5.11055,0.41296,0.00000,0.00000,18.51854,2
201,4.99703,5.11009,0.41319,0.00000,0.00000,17.99846,2
202,4.99616,5.10964,0.41264,0.00000,0.00000,17.94613,2
203,4.99521,5.10918,0.41214,0.00000,0.00000,18.25507,2
204,4.99505,5.10873,0.41207,0.00000,0.00000,18.65203,2
205,4.99584,5.10827,0.41247,0.00000,0.00000,18.35677,2
206,4.99587,5.10782,0.41238,0.00000,0.00000,18.50433,2
207,4.99626,5.10738,0.41255,0.00000,0.00000,18.18469,2
208,4.99587,5.10693,0.41226,0.00000,0.00000,18.02779,2
209,4.99512,5.10649,0.41182,0.00000,0.00000,18.52802,2
210,4.99561,5.10604,0.41210,0.00000,0.00000,17.86431,2
211,4.99448,5.10560,0.41138,0.00000,0.00000,17.90173,2
212,4.99351,5.10516,0.41087,0.00000,0.00000,18.71727,2
213,4.99453,5.10471,0.41145,0.00000,0.00000,18.44350,2
214,4.99483,5.10427,0.41147,0.00000,0.00000,17.95251,2
215,4.99395,5.10383,0.41090,0.00000,0.00000,18.06475,2
216,4.99340,5.10339,0.41059,0.00000,0.00000,17.77242,2
217,4.99217,5.10295,0.40988,0.00000,0.00000,18.41496,2
218,4.99254,5.10251,0.41010,0.00000,0.00000,17.81100,2
219,4.99145,5.10207,0.40938,0.00000,0.00000,18.08934,2
220,4.99109,5.10163,0.40917,0.00000,0.00000,18.22923,2
221,4.99108,5.10118,0.40909,0.00000,0.00000,18.76945,2
222,4.99235,5.10074,0.40971,0.00000,0.00000,18.06680,2
223,4.99188,5.10031,0.40926,0.00000,0.00000,18.26594,2
224,4.99193,5.09988,0.40923,0.00000,0.00000,18.65770,2
225,4.99290,5.09944,0.40968,0.00000,0.00000,18.23062,2
226,4.99280,5.09902,0.40947,0.00000,0.00000,18.49005,2
227,4.99333,5.09859,0.40970,0.00000,0.00000,18.44826,2
228,4.99374,5.09817,0.40981,0.00000,0.00000,18.32749,2
229,4.99383,5.09775,0.40976,0.00000,0.00000,18.88870,2
230,4.99527,5.09734,0.41049,0.00000,0.00000,18.06872,2
231,4.99466,5.09693,0.40999,0.00000,0.00000,18.33112,2
232,4.99473,5.09652,0.41001,0.00000,0.00000,18.65934,2
233,4.99557,5.09611,0.41042,0.00000,0.00000,18.42837,2
234,4.99581,5.09571,0.41044,0.00000,0.00000,18.61170,2
235,4.99648,5.09531,0.41075,0.00000,0.00000,18.67335,2
236,4.99726,5.09492,0.41109,0.00000,0.00000,18.15938,2
237,4.99677,5.09453,0.41073,0.00000,0.00000,18.19591,2
238,4.99640,5.09414,0.41052,0.00000,0.00000,18.67395,2
239,4.99719,5.09374,0.41095,0.00000,0.00000,19.00959,2
240,4.99873,5.09336,0.41172,0.00000,0.00000,18.34741,2
241,4.99860,5.09298,0.41151,0.00000,0.00000,18.48850,2
242,4.99882,5.09260,0.41163,0.00000,0.00000,18.29381,2
243,4.99857,5.09223,0.41146,0.00000,0.00000,19.11910,2
244,5.00029,5.09185,0.41243,0.00000,0.00000,18.73347,2
245,5.00099,5.09149,0.41268,0.00000,0.00000,18.66962,2
246,5.00150,5.09112,0.41293,0.00000,0.00000,18.75334,2
247,5.00218,5.09077,0.41328,0.00000,0.00000,18.86804,2
248,5.00310,5.09041,0.41377,0.00000,0.00000,18.82570,2
249,5.00386,5.09006,0.41415,0.00000,0.00000,18.62496,2
250,5.00409,5.08972,0.41427,0.00000,0.00000,19.07035,2
251,5.00537,5.08937,0.41501,0.00000,0.00000,19.24989,2
252,5.00700,5.08904,0.41588,0.00000,0.00000,18.77687,2
253,5.00741,5.08871,0.41605,0.00000,0.00000,18.38631,2
254,5.00686,5.08839,0.41579,0.00000,0.00000,19.10464,2
255,5.00805,5.08806,0.41658,0.00000,0.00000,19.17305,2
256,5.00932,5.08774,0.41728,0.00000,0.00000,18.18161,2
257,5.00815,5.08743,0.41663,0.00000,0.00000,18.98925,2
258,5.00897,5.08711,0.41727,0.00000,0.00000,19.38812,2
259,5.01068,5.08680,0.41826,0.00000,0.00000,19.02122,2
260,5.01140,5.08649,0.41865,0.00000,0.00000,18.73943,2
261,5.01141,5.08619,0.41872,0.00000,0.00000,18.52927,2
262,5.01091,5.08589,0.41857,0.00000,0.00000,18.98992,2
263,5.01152,5.08559,0.41907,0.00000,0.00000,18.74523,2
264,5.01150,5.08530,0.41913,0.00000,0.00000,19.11290,2
265,5.01235,5.08500,0.41974,0.00000,0.00000,18.75604,2
266,5.01228,5.08471,0.41977,0.00000,0.00000,18.99544,2
267,5.01278,5.08442,0.42019,0.00000,0.00000,19.00687,2
268,5.01326,5.08413,0.42056,0.00000,0.00000,18.92851,2
269,5.01352,5.08385,0.42081,0.00000,0.00000,18.81690,2
270,5.01349,5.08357,0.42092,0.00000,0.00000,19.14238,2
271,5.01422,5.08329,0.42148,0.00000,0.00000,19.08040,2
272,5.01474,5.08301,0.42187,0.00000,0.00000,19.11951,2
273,5.01531,5.08274,0.42231,0.00000,0.00000,19.32138,2
274,5.01632,5.08247,0.42300,0.00000,0.00000,18.67808,2
275,5.01573,5.08220,0.42277,0.00000,0.00000,18.88627,2
276,5.01566,5.08194,0.42295,0.00000,0.00000,18.56803,2
277,5.01481,5.08167,0.42265,0.00000,0.00000,19.07366,2
278,5.01520,5.08141,0.42310,0.00000,0.00000,19.41512,2
279,5.01636,5.08114,0.42388,0.00000,0.00000,19.17688,2
280,5.01687,5.08088,0.42425,0.00000,0.00000,19.26823,2
281,5.01755,5.08063,0.42478,0.00000,0.00000,19.12483,2
282,5.01784,5.08037,0.42508,0.00000,0.00000,19.09850,2
283,5.01804,5.08012,0.42537,0.00000,0.00000,19.43672,2
284,5.01902,5.07988,0.42610,0.00000,0.00000,19.41377,2
285,5.01986,5.07963,0.42670,0.00000,0.00000,19.36680,2
286,5.02054,5.07939,0.42723,0.00000,0.00000,19.43038,2
287,5.02131,5.07916,0.42783,0.00000,0.00000,19.37281,2
288,5.02188,5.07893,0.42833,0.00000,0.00000,18.82465,2
289,5.02110,5.07870,0.42808,0.00000,0.00000,19.33118,2
290,5.02155,5.07847,0.42863,0.00000,0.00000,19.14139,2
291,5.02150,5.07824,0.42880,0.00000,0.00000,19.09191,2
292,5.02131,5.07801,0.42894,0.00000,0.00000,19.71399,2
293,5.02259,5.07779,0.42991,0.00000,0.00000,19.62820,2
294,5.02358,5.07757,0.43060,0.00000,0.00000,19.82616,2
295,5.02496,5.07735,0.43156,0.00000,0.00000,19.66414,2
296,5.02586,5.07714,0.43223,0.00000,0.00000,19.45855,2
297,5.02620,5.07693,0.43263,0.00000,0.00000,19.71293,2
298,5.02711,5.07673,0.43340,0.00000,0.00000,19.38052,2
299,5.02715,5.07653,0.43365,0.00000,0.00000,19.09574,2
300,5.02649,5.07634,0.43358,0.00000,0.00000,20.10297,2
301,5.02825,5.07614,0.43490,0.00000,0.00000,19.31817,2
302,5.02800,5.07594,0.43493,0.00000,0.00000,19.28986,2
303,5.02768,5.07575,0.43508,0.00000,0.00000,19.23388,2
304,5.02722,5.07556,0.43996,0.00000,0.00000,19.76023,2
305,5.02763,5.07537,0.44532,0.00000,0.00000,19.41577,2
306,5.02678,5.07518,0.44992,0.00000,0.00000,19.54136,2
307,5.02587,5.07498,0.45457,0.00000,0.00000,19.20645,2
308,5.02380,5.07479,0.45857,0.00000,0.00000,19.86099,2
309,5.02300,5.07458,0.45855,0.00000,0.00000,19.87938,2
310,5.02225,5.07438,0.45844,0.00000,0.00000,19.78317,2
311,5.02128,5.07417,0.45821,0.00000,0.00000,19.20407,2
312,5.01897,5.07396,0.45722,0.00000,0.00000,20.34696,2
313,5.01949,5.07374,0.45791,0.00000,0.00000,19.84929,2
314,5.01875,5.07352,0.45767,0.00000,0.00000,20.00032,2
315,5.01840,5.07330,0.45774,0.00000,0.00000,20.09812,2
316,5.01829,5.07308,0.45790,0.00000,0.00000,19.96942,2
317,5.01785,5.07286,0.45787,0.00000,0.00000,20.19232,2
318,5.01795,5.07264,0.45815,0.00000,0.00000,19.85204,2
319,5.01721,5.07242,0.45793,0.00000,0.00000,19.62850,2
320,5.01596,5.07220,0.45748,0.00000,0.00000,19.88239,2
321,5.01537,5.07198,0.45742,0.00000,0.00000,19.96802,2
322,5.01499,5.07175,0.45743,0.00000,0.00000,19.89950,2
323,5.01446,5.07152,0.45732,0.00000,0.00000,19.74879,2
324,5.01357,5.07129,0.45703,0.00000,0.00000,19.68269,2
325,5.01256,5.07106,0.45669,0.00000,0.00000,19.33008,2
326,5.01075,5.07083,0.45589,0.00000,0.00000,19.53212,2
327,5.00951,5.07059,0.45546,0.00000,0.00000,19.80735,2
328,5.00897,5.07035,0.45536,0.00000,0.00000,19.89368,2
329,5.00865,5.07010,0.45532,0.00000,0.00000,20.15972,2
330,5.00896,5.06985,0.45562,0.00000,0.00000,20.35069,2
331,5.00970,5.06961,0.45611,0.00000,0.00000,20.37173,2
332,5.01044,5.06937,0.45657,0.00000,0.00000,20.47267,2
333,5.01137,5.06914,0.45714,0.00000,0.00000,20.25686,2
334,5.01173,5.06890,0.45739,0.00000,0.00000,19.80562,2
335,5.01098,5.06868,0.45708,0.00000,0.00000,19.76564,2
336,5.01017,5.06844,0.45680,0.00000,0.00000,20.60904,2
337,5.01140,5.06821,0.45767,0.00000,0.00000,20.32048,2
338,5.01186,5.06798,0.45795,0.00000,0.00000,20.07557,2
339,5.01170,5.06776,0.45796,0.00000,0.00000,20.21875,2
340,5.01188,5.06754,0.45820,0.00000,0.00000,19.88322,2
341,5.01123,5.06731,0.45795,0.00000,0.00000,20.34137,2
342,5.01171,5.06709,0.45839,0.00000,0.00000,19.94825,2
343,5.01120,5.06687,0.45820,0.00000,0.00000,20.60578,2
344,5.01228,5.06664,0.45897,0.00000,0.00000,19.90203,2
345,5.01160,5.06643,0.45864,0.00000,0.00000,20.26358,2
346,5.01182,5.06621,0.45894,0.00000,0.00000,20.25638,2
347,5.01200,5.06599,0.45915,0.00000,0.00000,20.52064,2
348,5.01278,5.06577,0.45971,0.00000,0.00000,19.91286,2
349,5.01205,5.06556,0.45938,0.00000,0.00000,20.66181,2
350,5.01314,5.06535,0.46018,0.00000,0.00000,20.10077,2
351,5.01282,5.06514,0.46006,0.00000,0.00000,20.01642,2
352,5.01231,5.06493,0.45994,0.00000,0.00000,20.49277,2
353,5.01294,5.06472,0.46047,0.00000,0.00000,20.43824,2
354,5.01339,5.06451,0.46082,0.00000,0.00000,20.23401,2
355,5.01332,5.06431,0.46089,0.00000,0.00000,20.33644,2
356,5.01349,5.06410,0.46113,0.00000,0.00000,20.52041,2
357,5.01407,5.06390,0.46159,0.00000,0.00000,19.62450,2
358,5.01247,5.06370,0.46081,0.00000,0.00000,20.22364,2
359,5.01238,5.06350,0.46102,0.00000,0.00000,20.67745,2
360,5.01335,5.06329,0.46171,0.00000,0.00000,19.60326,2
361,5.01170,5.06309,0.46085,0.00000,0.00000,20.05838,2
362,5.01121,5.06289,0.46084,0.00000,0.00000,20.51594,2
363,5.01182,5.06268,0.46134,0.00000,0.00000,20.26220,2
364,5.01178,5.06248,0.46140,1.00000,0.00000,20.47035,2
365,5.05222,5.06227,0.47938,1.00000,0.00000,20.65294,2
366,5.09113,5.06223,0.49371,1.00000,0.00000,21.22261,2
367,5.12973,5.06235,0.50841,1.00000,0.00000,20.74562,2
368,5.16550,5.06262,0.52199,1.00000,0.00000,20.26691,2
369,5.19858,5.06303,0.53467,0.00000,0.00000,20.83899,2
370,5.19157,5.06357,0.53028,0.00000,0.00000,21.06021,2
371,5.18554,5.06409,0.52957,0.00000,0.00000,20.70726,2
372,5.17881,5.06457,0.52833,0.00000,0.00000,20.31272,2
373,5.17134,5.06503,0.52665,0.00000,0.00000,20.19148,2
374,5.16381,5.06545,0.52492,0.00000,0.00000,21.06285,2
375,5.15860,5.06585,0.52440,0.00000,0.00000,20.88060,2
376,5.15308,5.06622,0.52347,0.00000,0.00000,20.69905,2
377,5.14727,5.06657,0.52234,0.00000,0.00000,21.30689,2
378,5.14308,5.06689,0.52208,0.00000,0.00000,20.70720,2
379,5.13754,5.06719,0.52089,0.00000,0.00000,20.56115,2
380,5.13183,5.06747,0.51965,0.00000,0.00000,21.20969,2
381,5.12784,5.06773,0.51932,0.00000,0.00000,21.19642,2
382,5.12390,5.06797,0.51884,0.00000,0.00000,20.71162,2
383,5.11890,5.06820,0.51771,0.00000,0.00000,20.75368,2
384,5.11416,5.06840,0.51677,0.00000,0.00000,20.62235,2
385,5.10924,5.06858,0.51565,0.00000,0.00000,21.17900,2
386,5.10581,5.06874,0.51532,0.00000,0.00000,20.57610,2
387,5.10101,5.06889,0.51408,0.00000,0.00000,21.40020,2
388,5.09835,5.06902,0.51408,0.00000,0.00000,20.42266,2
389,5.09339,5.06914,0.51260,0.00000,0.00000,20.81371,2
390,5.08955,5.06924,0.51187,0.00000,0.00000,20.47046,2
391,5.08500,5.06932,0.51061,0.00000,0.00000,21.40039,2
392,5.08282,5.06938,0.51069,0.00000,0.00000,21.04490,2
393,5.07983,5.06943,0.51010,0.00000,0.00000,20.95498,2
394,5.07670,5.06947,0.50947,0.00000,0.00000,20.83491,2
395,5.07339,5.06950,0.50871,0.00000,0.00000,20.35422,2
396,5.06903,5.06952,0.50734,0.00000,0.00000,20.67313,2
397,5.06560,5.06952,0.50653,0.00000,0.00000,21.30893,2
398,5.06380,5.06950,0.50651,0.00000,0.00000,21.44425,2
399,5.06234,5.06948,0.50654,0.00000,0.00000,20.71166,2
400,5.05915,5.06945,0.50556,0.00000,0.00000,20.39216,2
401,5.05533,5.06941,0.50432,0.00000,0.00000,21.56771,2
402,5.05445,5.06935,0.50475,0.00000,0.00000,21.03238,2
403,5.05227,5.06929,0.50420,0.00000,0.00000,21.03448,2
404,5.05018,5.06922,0.50377,0.00000,0.00000,21.26522,2
405,5.04869,5.06915,0.50366,0.00000,0.00000,21.08657,2
406,5.04680,5.06907,0.50326,0.00000,0.00000,21.45155,2
407,5.04584,5.06898,0.50339,0.00000,0.00000,20.84436,2
408,5.04344,5.06889,0.50262,0.00000,0.00000,20.49043,2
409,5.04029,5.06878,0.50152,0.00000,0.00000,21.02063,2
410,5.03852,5.06867,0.50123,0.00000,0.00000,20.95698,2
411,5.03665,5.06855,0.50075,0.00000,0.00000,21.15260,2
412,5.03531,5.06842,0.50055,0.00000,0.00000,21.16579,2
413,5.03403,5.06829,0.50033,0.00000,0.00000,21.63240,2
414,5.03390,5.06815,0.50073,0.00000,0.00000,21.39747,2
415,5.03317,5.06801,0.50071,0.00000,0.00000,21.80585,2
416,5.03343,5.06788,0.50128,0.00000,0.00000,21.40238,2
417,5.03268,5.06774,0.50120,0.00000,0.00000,21.18954,2
418,5.03143,5.06760,0.50092,0.00000,0.00000,21.31298,2
419,5.03051,5.06745,0.50086,0.00000,0.00000,20.91710,2
420,5.02867,5.06730,0.50044,0.00000,0.00000,21.45421,2
421,5.02817,5.06715,0.50082,0.00000,0.00000,21.17354,2
422,5.02696,5.06699,0.50068,0.00000,0.00000,21.64902,2
423,5.02692,5.06683,0.50118,0.00000,0.00000,21.35460,2
424,5.02614,5.06667,0.50136,0.00000,0.00000,20.75590,2
425,5.02392,5.06651,0.50078,0.00000,0.00000,21.65564,2
426,5.02392,5.06634,0.50142,0.00000,0.00000,22.01576,2
427,5.02472,5.06617,0.50212,0.00000,0.00000,21.54850,2
428,5.02435,5.06601,0.50236,0.00000,0.00000,21.71635,2
429,5.02435,5.06584,0.50298,0.00000,0.00000,21.96794,2
430,5.02491,5.06567,0.50368,0.00000,0.00000,21.30137,2
431,5.02381,5.06551,0.50367,0.00000,0.00000,21.86351,2
432,5.02407,5.06534,0.50423,0.00000,0.00000,22.60972,2
433,5.02605,5.06518,0.50571,0.00000,0.00000,21.87608,2
434,5.02613,5.06502,0.50608,0.00000,0.00000,21.30364,2
435,5.02483,5.06487,0.50597,0.00000,0.00000,22.39334,2
436,5.02614,5.06471,0.50717,0.00000,0.00000,21.35529,2
437,5.02486,5.06455,0.50693,0.00000,0.00000,22.09628,2
438,5.02538,5.06439,0.50772,0.00000,0.00000,22.40562,2
439,5.02657,5.06424,0.50866,0.00000,0.00000,22.01812,2
440,5.02675,5.06409,0.50912,0.00000,0.00000,21.79285,2
441,5.02634,5.06394,0.50936,0.00000,0.00000,21.59882,2
442,5.02546,5.06379,0.50943,0.00000,0.00000,21.90004,2
443,5.02530,5.06363,0.50980,0.00000,0.00000,22.09729,2
444,5.02558,5.06348,0.51045,0.00000,0.00000,21.56818,2
445,5.02454,5.06333,0.51031,0.00000,0.00000,21.57036,2
446,5.02353,5.06317,0.51042,0.00000,0.00000,22.20125,2
447,5.02403,5.06302,0.51120,0.00000,0.00000,21.72545,2
448,5.02332,5.06286,0.51120,0.00000,0.00000,21.96879,2
449,5.02320,5.06270,0.51159,0.00000,0.00000,22.25600,2
450,5.02374,5.06254,0.51222,0.00000,0.00000,22.05908,2
451,5.02374,5.06239,0.51254,0.00000,0.00000,21.67683,2
452,5.02281,5.06223,0.51250,0.00000,0.00000,21.91364,2
453,5.02245,5.06208,0.51289,0.00000,0.00000,22.06857,2
454,5.02244,5.06192,0.51339,0.00000,0.00000,21.83657,2
455,5.02183,5.06176,0.51363,0.00000,0.00000,21.79165,2
456,5.02110,5.06160,0.51367,0.00000,0.00000,22.36483,2
457,5.02174,5.06144,0.51449,0.00000,0.00000,22.22209,2
458,5.02197,5.06128,0.51497,0.00000,0.00000,22.49911,2
459,5.02281,5.06112,0.51576,0.00000,0.00000,22.13376,2
460,5.02271,5.06097,0.51601,0.00000,0.00000,21.81281,2
461,5.02182,5.06082,0.51607,0.00000,0.00000,22.75841,2
462,5.02319,5.06066,0.51719,0.00000,0.00000,22.77391,2
463,5.02448,5.06051,0.51817,0.00000,0.00000,22.40554,2
464,5.02480,5.06037,0.51869,0.00000,0.00000,21.68081,2
465,5.02335,5.06022,0.51835,0.00000,0.00000,21.93784,2
466,5.02256,5.06008,0.51846,0.00000,0.00000,22.09141,2
467,5.02213,5.05993,0.51869,0.00000,0.00000,21.80487,2
468,5.02100,5.05977,0.51862,0.00000,0.00000,22.57840,2
469,5.02174,5.05962,0.51947,0.00000,0.00000,22.08246,2
470,5.02121,5.05947,0.51958,0.00000,0.00000,22.03630,2
471,5.02058,5.05931,0.51966,0.00000,0.00000,22.69938,2
472,5.02152,5.05916,0.52066,0.00000,0.00000,22.27480,2
473,5.02135,5.05901,0.52088,0.00000,0.00000,22.39774,2
474,5.02146,5.05886,0.52134,0.00000,0.00000,22.20535,2
475,5.02108,5.05871,0.52158,0.00000,0.00000,22.31672,2
476,5.02094,5.05856,0.52195,0.00000,0.00000,22.64793,2
477,5.02156,5.05841,0.52259,0.00000,0.00000,22.57166,2
478,5.02194,5.05826,0.52308,0.00000,0.00000,22.50032,2
479,5.02210,5.05812,0.52900,0.00000,0.00000,23.26824,2
480,5.02362,5.05797,0.52479,0.00000,0.00000,22.58105,2
481,5.02381,5.05783,0.52521,0.00000,0.00000,22.65590,2
482,5.02415,5.05770,0.52576,0.00000,0.00000,22.21105,2
483,5.02337,5.05756,0.52570,0.00000,0.00000,22.40555,2
484,5.02307,5.05743,0.52994,0.00000,0.00000,23.19430,2
485,5.02432,5.05729,0.52707,0.00000,0.00000,22.60940,2
486,5.02438,5.05716,0.52740,0.00000,0.00000,22.77617,2
487,5.02481,5.05703,0.52810,0.00000,0.00000,21.92610,2
488,5.02315,5.05690,0.52777,0.00000,0.00000,22.97738,2
489,5.02405,5.05676,0.54044,0.00000,0.00000,23.57764,2
490,5.02534,5.05663,0.52972,0.00000,0.00000,22.69996,2
491,5.02539,5.05651,0.53934,0.00000,0.00000,23.45925,2
492,5.02647,5.05638,0.53111,0.00000,0.00000,22.24661,2
493,5.02530,5.05626,0.53854,0.00000,0.00000,23.37938,2
494,5.02626,5.05614,0.53179,0.00000,0.00000,22.99894,2
495,5.02683,5.05602,0.53733,0.00000,0.00000,23.24795,2
496,5.02755,5.05590,0.53302,0.00000,0.00000,22.93230,2
497,5.02784,5.05579,0.53443,0.00000,0.00000,23.04216,2
498,5.02828,5.05568,0.53428,0.00000,0.00000,22.79571,2
499,5.02814,5.05557,0.53468,0.00000,0.00000,22.60304,2
500,5.02751,5.05546,0.53486,0.00000,0.00000,22.97994,2
501,5.02777,5.05535,0.53556,0.00000,0.00000,22.88320,2
502,5.02774,5.05524,0.53597,0.00000,0.00000,23.00227,2
503,5.02796,5.05513,0.53639,0.00000,0.00000,22.54996,2
504,5.02706,5.05502,0.54152,0.00000,0.00000,23.25559,2
505,5.02744,5.05491,0.53720,0.00000,0.00000,22.64524,2
506,5.02671,5.05480,0.54593,0.00000,0.00000,23.43223,2
507,5.02716,5.05468,0.54065,0.00000,0.00000,23.13715,2
508,5.02733,5.05457,0.53837,0.00000,0.00000,22.72557,2
509,5.02670,5.05446,0.53852,0.00000,0.00000,22.80034,2
510,5.02623,5.05435,0.53886,0.00000,0.00000,22.62450,2
511,5.02533,5.05424,0.53882,0.00000,0.00000,22.64090,2
512,5.02448,5.05412,0.53899,0.00000,0.00000,22.98059,2
513,5.02444,5.05401,0.54876,0.00000,0.00000,23.46513,2
514,5.02477,5.05389,0.54755,0.00000,0.00000,23.38104,2
515,5.02498,5.05377,0.55559,0.00000,0.00000,23.75980,2
516,5.02546,5.05366,0.54098,0.00000,0.00000,22.75272,2
517,5.02469,5.05354,0.54780,0.00000,0.00000,23.34530,2
518,5.02480,5.05343,0.54537,0.00000,0.00000,23.20161,2
519,5.02476,5.05331,0.54217,0.00000,0.00000,23.02338,2
520,5.02455,5.05320,0.54202,0.00000,0.00000,22.87274,2
521,5.02400,5.05308,0.55295,0.00000,0.00000,23.53886,2
522,5.02416,5.05297,0.54263,0.00000,0.00000,22.99659,2
523,5.02385,5.05285,0.55119,0.00000,0.00000,23.41394,2
524,5.02386,5.05274,0.55150,0.00000,0.00000,23.40784,2
525,5.02383,5.05262,0.54378,0.00000,0.00000,23.00498,2
526,5.02345,5.05251,0.54431,0.00000,0.00000,23.02039,2
527,5.02307,5.05239,0.54454,0.00000,0.00000,23.02007,2
528,5.02267,5.05227,0.55268,0.00000,0.00000,23.41172,2
529,5.02257,5.05215,0.55033,0.00000,0.00000,23.28051,2
530,5.02233,5.05204,0.55187,0.00000,0.00000,23.34377,2
531,5.02213,5.05192,0.54541,0.00000,0.00000,23.00456,2
532,5.02163,5.05180,0.56178,0.00000,0.00000,23.81361,2
533,5.02176,5.05168,0.54969,0.00000,0.00000,23.19209,2
534,5.02137,5.05156,0.55119,0.00000,0.00000,23.25448,2
535,5.02102,5.05144,0.55690,0.00000,0.00000,23.52783,2
536,5.02086,5.05132,0.55410,0.00000,0.00000,23.37936,2
537,5.02058,5.05119,0.54674,0.00000,0.00000,22.97612,2
538,5.01992,5.05107,0.54859,0.00000,0.00000,23.08523,2
539,5.01938,5.05095,0.56555,0.00000,0.00000,23.92680,2
540,5.01950,5.05082,0.56191,0.00000,0.00000,23.72460,2
541,5.01943,5.05070,0.55964,0.00000,0.00000,23.59586,2
542,5.01922,5.05057,0.55459,0.00000,0.00000,23.33630,2
543,5.01881,5.05044,0.54807,0.00000,0.00000,22.99564,2
544,5.01811,5.05032,0.56007,0.00000,0.00000,23.59575,2
545,5.01789,5.05019,0.55697,0.00000,0.00000,23.41899,2
546,5.01749,5.05006,0.55589,0.00000,0.00000,23.35085,2
547,5.01703,5.04993,0.56759,0.00000,0.00000,23.93438,2
548,5.01702,5.04980,0.56924,0.00000,0.00000,24.00319,2
549,5.01704,5.04967,0.57529,0.00000,0.00000,24.29414,2
550,5.01727,5.04954,0.55199,0.00000,0.00000,23.10883,2
551,5.01653,5.04941,0.57111,0.00000,0.00000,24.05701,2
552,5.01654,5.04928,0.56809,0.00000,0.00000,23.88938,2
553,5.01638,5.04915,0.56848,0.00000,0.00000,23.90339,2
554,5.01623,5.04901,0.55067,0.00000,0.00000,22.99751,2
555,5.01534,5.04888,0.55584,0.00000,0.00000,23.26174,2
556,5.01469,5.04875,0.55589,0.00000,0.00000,23.25312,2
557,5.01401,5.04861,0.56794,0.00000,0.00000,23.84379,2
558,5.01378,5.04847,0.57090,0.00000,0.00000,23.98214,2
559,5.01365,5.04834,0.57543,0.00000,0.00000,23.95404,2
560,5.01309,5.04820,0.57871,0.00000,0.00000,23.87973,2
561,5.01210,5.04806,0.58825,0.00000,0.00000,24.12672,2
562,5.01094,5.04791,0.57924,0.00000,0.00000,23.45415,2
563,5.00891,5.04776,0.57861,0.00000,0.00000,23.21471,2
564,5.00639,5.04761,0.59158,0.00000,0.00000,23.90810,2
565,5.00452,5.04744,0.60162,0.00000,0.00000,24.44177,2
566,5.00314,5.04727,0.59125,0.00000,0.00000,23.95030,2
567,5.00143,5.04710,0.58207,0.00000,0.00000,23.52655,2
568,4.99947,5.04691,0.58547,0.00000,0.00000,23.73135,2
569,4.99774,5.04672,0.59074,0.00000,0.00000,24.02156,2
570,4.99631,5.04653,0.59452,0.00000,0.00000,24.24131,2
571,4.99512,5.04633,0.57798,0.00000,0.00000,23.44048,2
572,4.99335,5.04612,0.59562,0.00000,0.00000,24.36119,2
573,4.99239,5.04591,0.58627,0.00000,0.00000,23.92025,2
574,4.99114,5.04570,0.57855,0.00000,0.00000,23.56264,2
575,4.98966,5.04548,0.58488,0.00000,0.00000,23.91062,2
576,4.98853,5.04526,0.58877,0.00000,0.00000,24.13434,2
577,4.98763,5.04503,0.57250,0.00000,0.00000,23.34339,2
578,4.98616,5.04480,0.57776,0.00000,0.00000,23.63772,2
579,4.98498,5.04456,0.58252,0.00000,0.00000,23.90162,2
580,4.98407,5.04433,0.58309,0.00000,0.00000,23.95460,2
581,4.98325,5.04408,0.58170,0.00000,0.00000,23.90117,2
582,4.98241,5.04384,0.58007,0.00000,0.00000,23.84580,2
583,4.98159,5.04360,0.58614,0.00000,0.00000,24.17287,2
584,4.98106,5.04335,0.58700,0.00000,0.00000,24.22779,2
585,4.98061,5.04310,0.58152,0.00000,0.00000,23.97444,2
586,4.97999,5.04285,0.58155,0.00000,0.00000,23.99398,2
587,4.97942,5.04260,0.58054,0.00000,0.00000,23.96008,2
588,4.97885,5.04234,0.58966,0.00000,0.00000,24.43452,2
589,4.97869,5.04209,0.57488,0.00000,0.00000,23.70410,2
590,4.97798,5.04184,0.58389,0.00000,0.00000,24.17655,2
591,4.97767,5.04158,0.58626,0.00000,0.00000,24.30301,2
592,4.97748,5.04133,0.58441,0.00000,0.00000,24.22075,2
593,4.97724,5.04107,0.57561,0.00000,0.00000,23.79081,2
594,4.97668,5.04082,0.59016,0.00000,0.00000,24.53632,2
595,4.97673,5.04056,0.58515,0.00000,0.00000,24.29325,2
596,4.97660,5.04030,0.56975,0.00000,0.00000,23.53848,2
597,4.97591,5.04005,0.58274,0.00000,0.00000,24.20971,2
598,4.97579,5.03979,0.58837,0.00000,0.00000,24.50113,2
599,4.97590,5.03954,0.57851,0.00000,0.00000,24.00981,2
600,4.97563,5.03928,0.58551,0.00000,0.00000,24.37292,2
601,4.97567,5.03903,0.58900,0.00000,0.00000,24.55744,2
602,4.97586,5.03877,0.57451,0.00000,0.00000,23.83188,2
603,4.97548,5.03852,0.58809,0.00000,0.00000,24.52427,2
604,4.97566,5.03827,0.58544,0.00000,0.00000,24.39634,2
605,4.97574,5.03802,0.60506,0.00000,0.00000,25.37970,2
606,4.97660,5.03777,0.59932,0.00000,0.00000,25.08886,2
607,4.97720,5.03753,0.57248,0.00000,0.00000,23.74386,2
608,4.97674,5.03728,0.58236,0.00000,0.00000,24.25531,2
609,4.97671,5.03704,0.58042,0.00000,0.00000,24.16500,2
610,4.97662,5.03680,0.59397,0.00000,0.00000,24.84645,2
611,4.97707,5.03656,0.60517,0.00000,0.00000,25.40479,2
612,4.97794,5.03632,0.58790,0.00000,0.00000,24.53773,2
613,4.97811,5.03609,0.57698,0.00000,0.00000,23.99622,2
614,4.97786,5.03586,0.59243,0.00000,0.00000,24.77519,2
615,4.97824,5.03562,0.58433,0.00000,0.00000,24.37283,2
616,4.97829,5.03539,0.60294,0.00000,0.00000,25.30547,2
617,4.97907,5.03517,0.60918,0.00000,0.00000,25.60584,2
618,4.98006,5.03494,0.58672,0.00000,0.00000,24.46901,2
619,4.98012,5.03472,0.60015,1.00000,0.00000,25.14454,2
620,5.02071,5.03450,0.60828,1.00000,0.00000,24.66276,2
621,5.05897,5.03445,0.62601,1.00000,0.00000,24.86884,2
622,5.09579,5.03455,0.63280,1.00000,0.00000,24.53544,2
623,5.13078,5.03479,0.65661,1.00000,0.00000,25.08180,2
624,5.16471,5.03518,0.66190,0.00000,0.00000,24.70263,2
625,5.15687,5.03569,0.65768,0.00000,0.00000,24.75051,2
626,5.14959,5.03618,0.65346,0.00000,0.00000,24.62269,2
627,5.14245,5.03663,0.65137,0.00000,0.00000,24.59744,2
628,5.13551,5.03706,0.65698,0.00000,0.00000,24.96641,2
629,5.12910,5.03745,0.66270,0.00000,0.00000,25.32969,2
630,5.12318,5.03782,0.64469,0.00000,0.00000,24.49680,2
631,5.11681,5.03816,0.64579,0.00000,0.00000,24.63294,2
632,5.11076,5.03847,0.63990,0.00000,0.00000,24.41304,2
633,5.10474,5.03876,0.63037,0.00000,0.00000,24.01593,2
634,5.09862,5.03903,0.64308,0.00000,0.00000,24.73004,2
635,5.09326,5.03926,0.64097,0.00000,0.00000,24.68991,2
636,5.08806,5.03948,0.63014,0.00000,0.00000,24.21975,2
637,5.08267,5.03967,0.63665,0.00000,0.00000,24.62167,2
638,5.07779,5.03985,0.64036,0.00000,0.00000,24.86846,2
639,5.07327,5.04000,0.63508,0.00000,0.00000,24.66159,2
640,5.06874,5.04013,0.62907,0.00000,0.00000,24.42219,2
641,5.06418,5.04025,0.64733,0.00000,0.00000,25.40316,2
642,5.06056,5.04034,0.62347,0.00000,0.00000,24.25965,2
643,5.05618,5.04042,0.62756,0.00000,0.00000,24.53021,2
644,5.05217,5.04048,0.64069,0.00000,0.00000,25.24294,2
645,5.04886,5.04053,0.62049,0.00000,0.00000,24.27882,2
646,5.04492,5.04056,0.63218,0.00000,0.00000,24.92600,2
647,5.04163,5.04058,0.63109,0.00000,0.00000,24.91652,2
648,5.03845,5.04059,0.62567,0.00000,0.00000,24.69051,2
649,5.03521,5.04058,0.63264,0.00000,0.00000,25.08839,2
650,5.03241,5.04056,0.62496,0.00000,0.00000,24.74599,2
651,5.02944,5.04052,0.63519,0.00000,0.00000,25.30704,2
652,5.02702,5.04048,0.62946,0.00000,0.00000,25.06366,2
653,5.02452,5.04043,0.63052,0.00000,0.00000,25.15412,2
654,5.02217,5.04036,0.62411,0.00000,0.00000,24.87670,2
655,5.01972,5.04029,0.61971,0.00000,0.00000,24.69975,2
656,5.01722,5.04021,0.61413,0.00000,0.00000,24.47091,2
657,5.01466,5.04012,0.61735,0.00000,0.00000,24.67692,2
658,5.01236,5.04001,0.61726,0.00000,0.00000,24.71064,2
659,5.01018,5.03990,0.63072,0.00000,0.00000,25.42680,2
660,5.00866,5.03978,0.62035,0.00000,0.00000,24.94020,2
661,5.00682,5.03966,0.61197,0.00000,0.00000,24.55893,2
662,5.00478,5.03953,0.63218,0.00000,0.00000,25.60989,2
663,5.00364,5.03939,0.62296,0.00000,0.00000,25.17514,2
664,5.00222,5.03925,0.61403,0.00000,0.00000,24.76037,2
665,5.00054,5.03910,0.62789,0.00000,0.00000,25.49157,2
666,4.99952,5.03894,0.61000,0.00000,0.00000,24.62083,2
667,4.99786,5.03879,0.62445,0.00000,0.00000,25.38117,2
668,4.99688,5.03862,0.61562,0.00000,0.00000,24.96280,2
669,4.99563,5.03846,0.61311,0.00000,0.00000,24.86054,2
670,4.99434,5.03828,0.62462,0.00000,0.00000,25.46793,2
671,4.99359,5.03811,0.61496,0.00000,0.00000,25.00366,2
672,4.99252,5.03793,0.60806,0.00000,0.00000,24.68068,2
673,4.99125,5.03775,0.61888,0.00000,0.00000,25.24808,2
674,4.99048,5.03756,0.62422,0.00000,0.00000,25.53423,2
675,4.98996,5.03737,0.60409,0.00000,0.00000,24.55136,2
676,4.98873,5.03718,0.62299,0.00000,0.00000,25.52990,2
677,4.98832,5.03699,0.62207,0.00000,0.00000,25.49810,2
678,4.98792,5.03680,0.62592,0.00000,0.00000,25.70575,2
679,4.98770,5.03660,0.62294,0.00000,0.00000,25.57259,2
680,4.98741,5.03640,0.62081,0.00000,0.00000,25.47897,2
681,4.98707,5.03621,0.60472,0.00000,0.00000,24.68253,2
682,4.98612,5.03601,0.61339,0.00000,0.00000,25.14352,2
683,4.98558,5.03581,0.59835,0.00000,0.00000,24.40428,2
684,4.98450,5.03561,0.61525,0.00000,0.00000,25.28631,2
685,4.98417,5.03541,0.61633,0.00000,0.00000,25.35365,2
686,4.98392,5.03520,0.61184,0.00000,0.00000,25.14531,2
687,4.98353,5.03500,0.62223,0.00000,0.00000,25.68140,2
688,4.98359,5.03479,0.59853,0.00000,0.00000,24.50031,2
689,4.98274,5.03459,0.60633,0.00000,0.00000,24.91671,2
690,4.98226,5.03438,0.61761,0.00000,0.00000,25.49559,2
691,4.98225,5.03417,0.61126,0.00000,0.00000,25.18700,2
692,4.98202,5.03396,0.61221,0.00000,0.00000,25.24425,2
693,4.98186,5.03376,0.60427,0.00000,0.00000,24.86307,2
694,4.98141,5.03355,0.61361,0.00000,0.00000,25.34263,2
695,4.98137,5.03334,0.61455,0.00000,0.00000,25.39924,2
696,4.98139,5.03313,0.60367,0.00000,0.00000,24.86290,2
697,4.98099,5.03292,0.60233,0.00000,0.00000,24.81260,2
698,4.98059,5.03272,0.61770,0.00000,0.00000,25.59488,2
699,4.98082,5.03251,0.61987,0.00000,0.00000,25.70749,2
700,4.98114,5.03230,0.61587,0.00000,0.00000,25.51061,2
701,4.98131,5.03210,0.60208,0.00000,0.00000,24.82971,2
702,4.98095,5.03189,0.61025,0.00000,0.00000,25.25974,2
703,4.98097,5.03169,0.61031,0.00000,0.00000,25.26672,2
704,4.98100,5.03149,0.61308,0.00000,0.00000,25.40761,2
705,4.98113,5.03128,0.61451,0.00000,0.00000,25.48779,2
706,4.98134,5.03108,0.60807,0.00000,0.00000,25.17562,2
707,4.98132,5.03089,0.61728,0.00000,0.00000,25.64794,2
708,4.98168,5.03069,0.62208,0.00000,0.00000,25.88823,2
709,4.98223,5.03049,0.61514,0.00000,0.00000,25.54046,2
710,4.98249,5.03030,0.61671,0.00000,0.00000,25.62595,2
711,4.98282,5.03011,0.60997,0.00000,0.00000,25.28697,2
712,4.98288,5.02992,0.60211,0.00000,0.00000,24.90245,2
713,4.98265,5.02973,0.62418,0.00000,0.00000,26.01877,2
714,4.98331,5.02954,0.60466,0.00000,0.00000,25.03171,2
715,4.98318,5.02936,0.61112,0.00000,0.00000,25.36379,2
716,4.98332,5.02917,0.59493,0.00000,0.00000,24.55757,2
717,4.98283,5.02899,0.61067,0.00000,0.00000,25.35835,2
718,4.98299,5.02880,0.61420,0.00000,0.00000,25.53549,2
719,4.98328,5.02862,0.60275,0.00000,0.00000,24.96473,2
720,4.98313,5.02844,0.60360,0.00000,0.00000,25.01589,2
721,4.98303,5.02826,0.60736,0.00000,0.00000,25.21531,2
722,4.98311,5.02808,0.60844,0.00000,0.00000,25.27361,2
723,4.98323,5.02790,0.60226,0.00000,0.00000,24.96692,2
724,4.98312,5.02772,0.60969,0.00000,0.00000,25.35068,2
725,4.98332,5.02754,0.60226,0.00000,0.00000,24.98580,2
726,4.98325,5.02736,0.60781,0.00000,0.00000,25.27564,2
727,4.98342,5.02719,0.60470,0.00000,0.00000,25.12693,2
728,4.98348,5.02701,0.60731,0.00000,0.00000,25.25748,2
729,4.98364,5.02684,0.62464,0.00000,0.00000,26.12688,2
730,4.98448,5.02666,0.60291,0.00000,0.00000,25.03385,2
731,4.98444,5.02650,0.61161,0.00000,0.00000,25.48129,2
732,4.98477,5.02633,0.62151,0.00000,0.00000,25.97470,2
733,4.98548,5.02616,0.61657,0.00000,0.00000,25.72037,2
734,4.98596,5.02600,0.61274,0.00000,0.00000,25.52360,2
735,4.98628,5.02584,0.59618,0.00000,0.00000,24.69885,2
736,4.98595,5.02568,0.60398,0.00000,0.00000,25.09684,2
737,4.98594,5.02552,0.60896,0.00000,0.00000,25.35000,2
738,4.98614,5.02536,0.61419,0.00000,0.00000,25.61264,2
739,4.98654,5.02521,0.60462,0.00000,0.00000,25.13247,2
740,4.98656,5.02505,0.61601,0.00000,0.00000,25.71049,2
741,4.98704,5.02490,0.62775,0.00000,0.00000,26.29269,2
742,4.98796,5.02475,0.60772,0.00000,0.00000,25.27843,2
743,4.98805,5.02460,0.61884,0.00000,0.00000,25.83772,2
744,4.98859,5.02445,0.58887,0.00000,0.00000,24.33771,2
745,4.98794,5.02431,0.60651,0.00000,0.00000,25.23977,2
746,4.98803,5.02416,0.60554,0.00000,0.00000,25.19099,2
747,4.98808,5.02402,0.60935,0.00000,0.00000,25.38323,2
748,4.98828,5.02388,0.61934,0.00000,0.00000,25.87850,2
749,4.98886,5.02373,0.60777,0.00000,0.00000,25.29263,2
750,4.98896,5.02359,0.61138,0.00000,0.00000,25.48025,2
751,4.98922,5.02345,0.60944,0.00000,0.00000,25.38486,2
752,4.98939,5.02332,0.62019,0.00000,0.00000,25.91757,2
753,4.98998,5.02318,0.60175,0.00000,0.00000,24.99364,2
754,4.98983,5.02305,0.62005,0.00000,0.00000,25.91419,2
755,4.99040,5.02292,0.60923,0.00000,0.00000,25.36351,2
756,4.99052,5.02279,0.61389,0.00000,0.00000,25.59986,2
757,4.99083,5.02266,0.60995,0.00000,0.00000,25.40048,2
758,4.99098,5.02253,0.61313,0.00000,0.00000,25.56061,2
759,4.99125,5.02240,0.61059,0.00000,0.00000,25.43346,2
760,4.99141,5.02228,0.61419,0.00000,0.00000,25.61987,2
761,4.99172,5.02216,0.60861,0.00000,0.00000,25.34052,2
762,4.99182,5.02203,0.59735,0.00000,0.00000,24.78262,2
763,4.99148,5.02191,0.61648,0.00000,0.00000,25.74661,2
764,4.99191,5.02179,0.62515,0.00000,0.00000,26.16676,2
765,4.99264,5.02167,0.60498,0.00000,0.00000,25.15071,2
766,4.99255,5.02156,0.60045,0.00000,0.00000,24.93457,2
767,4.99231,5.02144,0.60568,0.00000,0.00000,25.20179,2
768,4.99229,5.02132,0.61333,0.00000,0.00000,25.58458,2
769,4.99257,5.02121,0.61307,0.00000,0.00000,25.56577,2
770,4.99282,5.02109,0.60643,0.00000,0.00000,25.23862,2
771,4.99281,5.02098,0.62191,0.00000,0.00000,26.01343,2
772,4.99342,5.02087,0.60935,0.00000,0.00000,25.37390,2
773,4.99349,5.02076,0.60790,0.00000,0.00000,25.30675,2
774,4.99352,5.02065,0.62478,0.00000,0.00000,26.15355,2
775,4.99421,5.02054,0.61668,0.00000,0.00000,25.73993,2
776,4.99456,5.02043,0.61301,0.00000,0.00000,25.55156,2
777,4.99475,5.02033,0.61586,0.00000,0.00000,25.69583,2
778,4.99504,5.02023,0.61532,0.00000,0.00000,25.66333,2
779,4.99530,5.02013,0.61226,0.00000,0.00000,25.50752,2
780,4.99543,5.02003,0.61485,0.00000,0.00000,25.63978,2
781,4.99566,5.01993,0.60299,0.00000,0.00000,25.04758,2
782,4.99543,5.01983,0.61140,0.00000,0.00000,25.47542,2
783,4.99555,5.01974,0.61659,0.00000,0.00000,25.73641,2
784,4.99586,5.01964,0.60242,0.00000,0.00000,25.02512,2
785,4.99562,5.01954,0.60132,0.00000,0.00000,24.97537,2
786,4.99534,5.01945,0.60055,0.00000,0.00000,24.93810,2
787,4.99504,5.01935,0.60046,0.00000,0.00000,24.94942,2
788,4.99478,5.01925,0.62261,0.00000,0.00000,26.06251,2
789,4.99540,5.01916,0.61163,0.00000,0.00000,25.50709,2
790,4.99556,5.01906,0.60656,0.00000,0.00000,25.25357,2
791,4.99553,5.01897,0.60419,0.00000,0.00000,25.14186,2
792,4.99542,5.01887,0.61235,0.00000,0.00000,25.55674,2
793,4.99564,5.01878,0.61438,0.00000,0.00000,25.65821,2
794,4.99594,5.01869,0.62135,0.00000,0.00000,26.00260,2
795,4.99649,5.01860,0.60656,0.00000,0.00000,25.25609,2
796,4.99644,5.01851,0.61865,0.00000,0.00000,25.87288,2
797,4.99690,5.01842,0.60766,0.00000,0.00000,25.31920,2
798,4.99690,5.01833,0.61109,0.00000,0.00000,25.49070,2
799,4.99705,5.01825,0.61033,0.00000,0.00000,25.44885,2
800,4.99714,5.01816,0.60470,0.00000,0.00000,25.16950,2
801,4.99703,5.01808,0.61238,0.00000,0.00000,25.55439,2
802,4.99721,5.01799,0.61848,0.00000,0.00000,25.85880,2
803,4.99763,5.01791,0.61638,0.00000,0.00000,25.75255,2
804,4.99795,5.01783,0.60350,0.00000,0.00000,25.10628,2
805,4.99777,5.01775,0.60286,0.00000,0.00000,25.08105,2
806,4.99757,5.01767,0.61033,0.00000,0.00000,25.45543,2
807,4.99768,5.01759,0.61439,0.00000,0.00000,25.66314,2
808,4.99794,5.01751,0.62109,0.00000,0.00000,25.99838,2
809,4.99847,5.01743,0.61427,0.00000,0.00000,25.65071,2
810,4.99871,5.01736,0.60380,0.00000,0.00000,25.12340,2
811,4.99852,5.01728,0.60572,0.00000,0.00000,25.22798,2
812,4.99843,5.01721,0.62469,0.00000,0.00000,26.17525,2
813,4.99908,5.01713,0.60154,0.00000,0.00000,25.01201,2
814,4.99881,5.01706,0.61618,0.00000,0.00000,25.75219,2
815,4.99912,5.01699,0.61604,0.00000,0.00000,25.74113,2
816,4.99942,5.01692,0.61068,0.00000,0.00000,25.47189,2
817,4.99950,5.01685,0.61169,0.00000,0.00000,25.52531,2
818,4.99962,5.01678,0.61153,0.00000,0.00000,25.51878,2
819,4.99974,5.01671,0.60844,0.00000,0.00000,25.36209,2
820,4.99973,5.01664,0.59763,0.00000,0.00000,24.82609,2
821,4.99931,5.01657,0.60581,0.00000,0.00000,25.24529,2
822,4.99924,5.01650,0.60332,0.00000,0.00000,25.12290,2
823,4.99908,5.01643,0.61319,0.00000,0.00000,25.62660,2
824,4.99932,5.01636,0.62633,0.00000,0.00000,26.28186,2
825,5.00007,5.01630,0.60788,0.00000,0.00000,25.34654,2
826,5.00006,5.01623,0.60152,0.00000,0.00000,25.03420,2
827,4.99982,5.01617,0.61080,0.00000,0.00000,25.50420,2
828,4.99995,5.01610,0.61369,0.00000,0.00000,25.64762,2
829,5.00019,5.01604,0.61732,0.00000,0.00000,25.83212,2
830,5.00058,5.01597,0.59675,0.00000,0.00000,24.79552,2
831,5.00014,5.01591,0.61482,0.00000,0.00000,25.71237,2
832,5.00044,5.01585,0.61769,0.00000,0.00000,25.85287,2
833,5.00084,5.01579,0.60524,0.00000,0.00000,25.22625,2
834,5.00074,5.01573,0.60695,0.00000,0.00000,25.31417,2
835,5.00071,5.01567,0.60673,0.00000,0.00000,25.30432,2
836,5.00068,5.01561,0.61807,0.00000,0.00000,25.87368,2
837,5.00109,5.01555,0.60658,0.00000,0.00000,25.29317,2
838,5.00104,5.01549,0.61581,0.00000,0.00000,25.76394,2
839,5.00136,5.01543,0.61231,0.00000,0.00000,25.58572,2
840,5.00154,5.01538,0.60513,0.00000,0.00000,25.22820,2
841,5.00144,5.01532,0.60297,0.00000,0.00000,25.12670,2
842,5.00127,5.01526,0.60653,0.00000,0.00000,25.31274,2
843,5.00126,5.01521,0.60315,0.00000,0.00000,25.14208,2
844,5.00112,5.01515,0.60758,0.00000,0.00000,25.37274,2
845,5.00117,5.01510,0.61249,0.00000,0.00000,25.61902,2
846,5.00141,5.01504,0.61759,0.00000,0.00000,25.87569,2
847,5.00185,5.01499,0.58571,0.00000,0.00000,24.27803,2
848,5.00103,5.01493,0.60554,0.00000,0.00000,25.28889,2
849,5.00104,5.01488,0.60064,0.00000,0.00000,25.04126,2
850,5.00086,5.01482,0.61052,0.00000,0.00000,25.54239,2
851,5.00108,5.01477,0.59790,0.00000,0.00000,24.91019,2
852,5.00080,5.01471,0.59956,0.00000,0.00000,25.00245,2
853,5.00061,5.01466,0.60067,0.00000,0.00000,25.05888,2
854,5.00046,5.01460,0.61086,0.00000,0.00000,25.57195,2
855,5.00073,5.01454,0.60721,0.00000,0.00000,25.38976,2
856,5.00085,5.01449,0.58906,0.00000,0.00000,24.48685,2
857,5.00026,5.01443,0.60110,0.00000,0.00000,25.10146,2
858,5.00019,5.01438,0.61272,0.00000,0.00000,25.68464,2
859,5.00058,5.01432,0.61325,0.00000,0.00000,25.70548,2
860,5.00096,5.01427,0.60136,0.00000,0.00000,25.11405,2
861,5.00089,5.01421,0.61236,0.00000,0.00000,25.67450,2
862,5.00127,5.01416,0.60196,0.00000,0.00000,25.15424,2
863,5.00123,5.01411,0.59667,0.00000,0.00000,24.89153,2
864,5.00100,5.01406,0.60466,0.00000,0.00000,25.29955,2
865,5.00110,5.01400,0.60291,0.00000,0.00000,25.21197,2
866,5.00113,5.01395,0.61232,0.00000,0.00000,25.68813,2
867,5.00153,5.01390,0.59104,0.00000,0.00000,24.62107,2
868,5.00110,5.01385,0.59774,0.00000,0.00000,24.96557,2
869,5.00095,5.01380,0.60924,0.00000,0.00000,25.30334,2
870,5.00069,5.01375,0.62160,0.00000,0.00000,25.69508,2
871,5.00038,5.01370,0.61061,0.00000,0.00000,24.92139,2
872,4.99910,5.01364,0.62936,0.00000,0.00000,25.65402,2
873,4.99809,5.01359,0.61595,0.00000,0.00000,24.77618,2
874,4.99607,5.01352,0.62562,0.00000,0.00000,25.31596,2
875,4.99459,5.01345,0.62141,0.00000,0.00000,25.15062,2
876,4.99308,5.01338,0.62061,0.00000,0.00000,25.15681,2
877,4.99166,5.01330,0.61696,0.00000,0.00000,25.01693,2
878,4.99021,5.01321,0.61688,0.00000,0.00000,25.05595,2
879,4.98889,5.01312,0.62424,0.00000,0.00000,25.46985,2
880,4.98798,5.01302,0.61216,0.00000,0.00000,24.90068,2
881,4.98669,5.01292,0.61422,0.00000,0.00000,25.05162,2
882,4.98561,5.01282,0.61371,0.00000,0.00000,25.06719,2
883,4.98462,5.01271,0.60190,0.00000,0.00000,24.50803,2
884,4.98326,5.01260,0.61082,0.00000,0.00000,24.99850,2
885,4.98237,5.01248,0.61931,0.00000,0.00000,25.46070,2
886,4.98191,5.01236,0.61084,0.00000,0.00000,25.06243,2
887,4.98118,5.01224,0.61158,0.00000,0.00000,25.12940,2
888,4.98057,5.01211,0.61020,0.00000,0.00000,25.09030,2
889,4.97997,5.01199,0.60022,0.00000,0.00000,24.61690,2
890,4.97906,5.01186,0.61961,0.00000,0.00000,25.62063,2
891,4.97899,5.01173,0.60226,0.00000,0.00000,24.77709,2
892,4.97831,5.01160,0.60366,0.00000,0.00000,24.88370,2
893,4.97777,5.01146,0.60809,0.00000,0.00000,25.14176,2
894,4.97750,5.01133,0.61307,0.00000,0.00000,25.41175,2
895,4.97747,5.01119,0.60741,0.00000,0.00000,25.15369,2
896,4.97729,5.01106,0.60579,0.00000,0.00000,25.10006,2
897,4.97710,5.01092,0.60646,0.00000,0.00000,25.15634,2
898,4.97700,5.01079,0.59381,0.00000,0.00000,24.54603,2
899,4.97645,5.01065,0.60098,0.00000,0.00000,24.93586,2
900,4.97627,5.01051,0.60044,0.00000,0.00000,24.93010,2
901,4.97611,5.01038,0.59761,0.00000,0.00000,24.80971,2
902,4.97590,5.01024,0.59300,0.00000,0.00000,24.60110,2
903,4.97556,5.01010,0.60766,0.00000,0.00000,25.36254,2
904,4.97586,5.00997,0.58971,0.00000,0.00000,24.47937,2
905,4.97549,5.00983,0.59846,0.00000,0.00000,24.94190,2
906,4.97553,5.00969,0.59098,0.00000,0.00000,24.58861,2
907,4.97532,5.00955,0.59631,0.00000,0.00000,24.87963,2
908,4.97538,5.00942,0.59491,0.00000,0.00000,24.82571,2
909,4.97542,5.00928,0.59928,0.00000,0.00000,25.06469,2
910,4.97568,5.00915,0.59341,0.00000,0.00000,24.78113,2
911,4.97572,5.00901,0.59403,0.00000,0.00000,24.83134,2
912,4.97584,5.00888,0.59311,0.00000,0.00000,24.79993,2
913,4.97595,5.00875,0.60270,0.00000,0.00000,25.29952,2
914,4.97648,5.00862,0.59611,0.00000,0.00000,24.98064,2
915,4.97677,5.00849,0.58810,0.00000,0.00000,24.59203,2
916,4.97677,5.00836,0.58662,0.00000,0.00000,24.53420,2
917,4.97675,5.00823,0.59374,0.00000,0.00000,24.90250,2
918,4.97703,5.00811,0.59151,0.00000,0.00000,24.80211,2
919,4.97725,5.00798,0.59621,0.00000,0.00000,25.04884,2
920,4.97768,5.00786,0.57987,0.00000,0.00000,24.24513,2
921,4.97749,5.00774,0.57961,0.00000,0.00000,24.25458,2
922,4.97735,5.00762,0.58155,0.00000,0.00000,24.36068,2
923,4.97730,5.00750,0.59756,0.00000,0.00000,25.17762,2
924,4.97792,5.00738,0.58515,0.00000,0.00000,24.56078,2
925,4.97806,5.00726,0.59049,0.00000,0.00000,24.84217,2
926,4.97843,5.00714,0.58221,0.00000,0.00000,24.43750,2
927,4.97850,5.00703,0.58615,0.00000,0.00000,24.64832,2
928,4.97875,5.00691,0.59352,0.00000,0.00000,25.03030,2
929,4.97931,5.00680,0.58992,1.00000,0.00000,24.85733,2
930,5.01975,5.00669,0.59855,1.00000,0.00000,24.41402,2
931,5.05790,5.00674,0.61834,1.00000,0.00000,24.72721,2
932,5.09471,5.00695,0.63258,1.00000,0.00000,24.77252,2
933,5.13000,5.00730,0.64330,1.00000,0.00000,24.66156,2
934,5.16371,5.00779,0.65162,0.00000,0.00000,24.44921,2
935,5.15580,5.00841,0.64115,0.00000,0.00000,24.19388,2
936,5.14823,5.00900,0.64232,0.00000,0.00000,24.35888,2
937,5.14107,5.00956,0.64480,0.00000,0.00000,24.57331,2
938,5.13433,5.01009,0.64290,0.00000,0.00000,24.56868,2
939,5.12782,5.01058,0.62979,0.00000,0.00000,24.00077,2
940,5.12110,5.01105,0.63748,0.00000,0.00000,24.47972,2
941,5.11499,5.01149,0.62343,0.00000,0.00000,23.85605,2
942,5.10862,5.01191,0.62558,0.00000,0.00000,24.05426,2
943,5.10263,5.01229,0.64404,0.00000,0.00000,25.06316,2
944,5.09765,5.01265,0.62687,0.00000,0.00000,24.27282,2
945,5.09223,5.01299,0.61887,0.00000,0.00000,23.95515,2
946,5.08677,5.01331,0.63348,0.00000,0.00000,24.76807,2
947,5.08215,5.01360,0.63453,0.00000,0.00000,24.88780,2
948,5.07780,5.01388,0.62525,0.00000,0.00000,24.49345,2
949,5.07332,5.01413,0.63446,0.00000,0.00000,25.02797,2
950,5.06943,5.01437,0.62497,0.00000,0.00000,24.61173,2
951,5.06536,5.01459,0.60985,0.00000,0.00000,23.92495,2
952,5.06092,5.01479,0.61145,0.00000,0.00000,24.08125,2
953,5.05679,5.01498,0.59749,0.00000,0.00000,23.45338,2
954,5.05234,5.01515,0.62241,0.00000,0.00000,24.77063,2
955,5.04909,5.01530,0.60345,0.00000,0.00000,23.87771,2
956,5.04528,5.01543,0.60500,0.00000,0.00000,24.02585,2
957,5.04175,5.01555,0.61232,0.00000,0.00000,24.45727,2
958,5.03870,5.01565,0.60749,0.00000,0.00000,24.27120,2
959,5.03565,5.01575,0.60251,0.00000,0.00000,24.07934,2
960,5.03257,5.01583,0.60595,0.00000,0.00000,24.31325,2
961,5.02982,5.01589,0.60766,0.00000,0.00000,24.44987,2
962,5.02729,5.01595,0.60512,0.00000,0.00000,24.37336,2
963,5.02482,5.01599,0.59443,0.00000,0.00000,23.89154,2
964,5.02209,5.01603,0.59777,0.00000,0.00000,24.11275,2
965,5.01966,5.01605,0.60328,0.00000,0.00000,24.43872,2
966,5.01759,5.01607,0.59004,0.00000,0.00000,23.82255,2
967,5.01515,5.01607,0.59217,0.00000,0.00000,23.98588,2
968,5.01295,5.01607,0.59768,0.00000,0.00000,24.31263,2
969,5.01112,5.01606,0.58881,0.00000,0.00000,23.91358,2
970,5.00908,5.01604,0.60233,0.00000,0.00000,24.63738,2
971,5.00770,5.01601,0.59102,0.00000,0.00000,24.10676,2
972,5.00598,5.01598,0.59404,0.00000,0.00000,24.30228,2
973,5.00451,5.01594,0.58212,0.00000,0.00000,23.74234,2
974,5.00268,5.01589,0.58491,0.00000,0.00000,23.93025,2
975,5.00110,5.01584,0.59278,0.00000,0.00000,24.36352,2
976,4.99994,5.01578,0.59200,0.00000,0.00000,24.35580,2
977,4.99883,5.01572,0.59689,0.00000,0.00000,24.63681,2
978,4.99802,5.01565,0.58748,0.00000,0.00000,24.19649,2
979,4.99693,5.01558,0.58949,0.00000,0.00000,24.33203,2
980,4.99601,5.01550,0.57510,0.00000,0.00000,23.64998,2
981,4.99462,5.01543,0.57897,0.00000,0.00000,23.88747,2
982,4.99352,5.01534,0.59998,0.00000,0.00000,24.96544,2
983,4.99331,5.01526,0.58048,0.00000,0.00000,24.01338,2
984,4.99239,5.01517,0.58312,0.00000,0.00000,24.17856,2
985,4.99167,5.01508,0.58168,0.00000,0.00000,24.13435,2
986,4.99097,5.01498,0.57829,0.00000,0.00000,23.99553,2
987,4.99022,5.01489,0.58114,0.00000,0.00000,24.17467,2
988,4.98967,5.01479,0.57075,0.00000,0.00000,23.68353,2
989,4.98879,5.01469,0.57302,0.00000,0.00000,23.83449,2
990,4.98810,5.01458,0.58475,0.00000,0.00000,24.45219,2
991,4.98796,5.01448,0.58003,0.00000,0.00000,24.24157,2
992,4.98768,5.01437,0.58186,0.00000,0.00000,24.35734,2
993,4.98754,5.01427,0.57571,0.00000,0.00000,24.07046,2
994,4.98721,5.01416,0.57419,0.00000,0.00000,24.01533,2
995,4.98687,5.01405,0.57769,0.00000,0.00000,24.21397,2
996,4.98673,5.01394,0.55301,0.00000,0.00000,22.82732,2
997,4.98526,5.01383,0.57528,0.00000,0.00000,24.15950,2
998,4.98521,5.01372,0.56530,0.00000,0.00000,23.67423,2
999,4.98479,5.01360,0.56766,0.00000,0.00000,23.81703,2
1000,4.98453,5.01349,0.56473,0.00000,0.00000,23.69317,2
1001,4.98421,5.01337,0.57663,0.00000,0.00000,24.31155,2
1002,4.98441,5.01326,0.56765,0.00000,0.00000,23.88394,2
1003,4.98431,5.01314,0.56305,0.00000,0.00000,23.67893,2
1004,4.98409,5.01303,0.56861,0.00000,0.00000,23.97683,2
1005,4.98414,5.01291,0.56425,0.00000,0.00000,23.77579,2
1006,4.98406,5.01280,0.56297,0.00000,0.00000,23.73065,2
1007,4.98397,5.01268,0.56545,0.00000,0.00000,23.87995,2
1008,4.98403,5.01257,0.55865,0.00000,0.00000,23.55906,2
1009,4.98388,5.01245,0.55752,0.00000,0.00000,23.52289,2
1010,4.98373,5.01234,0.56954,0.00000,0.00000,24.14588,2
1011,4.98410,5.01222,0.55781,0.00000,0.00000,23.57044,2
1012,4.98403,5.01211,0.55377,0.00000,0.00000,23.38783,2
1013,4.98385,5.01200,0.55436,0.00000,0.00000,23.43446,2
1014,4.98374,5.01189,0.56712,0.00000,0.00000,24.09029,2
1015,4.98417,5.01177,0.55659,0.00000,0.00000,23.56917,2
1016,4.98419,5.01166,0.55247,0.00000,0.00000,23.38601,2
1017,4.98411,5.01155,0.55016,0.00000,0.00000,23.28421,2
1018,4.98396,5.01144,0.55543,0.00000,0.00000,23.56929,2
1019,4.98408,5.01133,0.55780,0.00000,0.00000,23.70157,2
1020,4.98432,5.01122,0.54716,0.00000,0.00000,23.18241,2
1021,4.98416,5.01112,0.56005,0.00000,0.00000,23.84215,2
1022,4.98455,5.01101,0.55550,0.00000,0.00000,23.62372,2
1023,4.98478,5.01090,0.55045,0.00000,0.00000,23.38181,2
1024,4.98483,5.01080,0.55654,0.00000,0.00000,23.70379,2
1025,4.98516,5.01069,0.55249,0.00000,0.00000,23.51010,2
1026,4.98534,5.01059,0.55114,0.00000,0.00000,23.45891,2
1027,4.98551,5.01049,0.54302,0.00000,0.00000,23.06356,2
1028,4.98539,5.01039,0.54321,0.00000,0.00000,23.09202,2
1029,4.98531,5.01029,0.54577,0.00000,0.00000,23.23797,2
1030,4.98538,5.01019,0.54957,0.00000,0.00000,23.44131,2
1031,4.98563,5.01009,0.55090,0.00000,0.00000,23.51393,2
1032,4.98594,5.00999,0.54878,0.00000,0.00000,23.42020,2
1033,4.98619,5.00990,0.55484,0.00000,0.00000,23.73418,2
1034,4.98669,5.00980,0.54156,0.00000,0.00000,23.07583,2
1035,4.98669,5.00971,0.54900,0.00000,0.00000,23.46232,2
1036,4.98701,5.00962,0.55327,0.00000,0.00000,23.68114,2
1037,4.98750,5.00953,0.54262,0.00000,0.00000,23.15250,2
1038,4.98758,5.00944,0.54679,0.00000,0.00000,23.37156,2
1039,4.98785,5.00935,0.54699,0.00000,0.00000,23.39348,2
1040,4.98815,5.00927,0.53893,0.00000,0.00000,22.67080,2
1041,4.98736,5.00918,0.53821,0.00000,0.00000,22.85505,2
1042,4.98709,5.00909,0.55852,0.00000,0.00000,24.03752,2
1043,4.98800,5.00901,0.53782,0.00000,0.00000,22.86680,2
1044,4.98777,5.00892,0.54677,0.00000,0.00000,23.46853,2
1045,4.98826,5.00884,0.54412,0.00000,0.00000,23.33865,2
1046,4.98865,5.00876,0.53831,0.00000,0.00000,23.05288,2
1047,4.98881,5.00868,0.53696,0.00000,0.00000,22.43268,2
1048,4.98760,5.00860,0.53610,0.00000,0.00000,22.93180,2
1049,4.98767,5.00851,0.53589,0.00000,0.00000,22.57810,2
1050,4.98691,5.00843,0.53527,0.00000,0.00000,22.77631,2
1051,4.98667,5.00834,0.53486,0.00000,0.00000,22.45735,2
1052,4.98572,5.00826,0.53422,0.00000,0.00000,23.00864,2
1053,4.98614,5.00817,0.53534,0.00000,0.00000,23.06969,2
1054,4.98661,5.00808,0.54270,0.00000,0.00000,23.44702,2
1055,4.98738,5.00799,0.53476,0.00000,0.00000,23.05229,2
1056,4.98783,5.00791,0.53396,0.00000,0.00000,23.01886,2
1057,4.98826,5.00783,0.53410,0.00000,0.00000,23.02937,2
1058,4.98870,5.00775,0.53339,0.00000,0.00000,22.98345,2
1059,4.98908,5.00767,0.53484,0.00000,0.00000,23.07950,2
1060,4.98957,5.00760,0.53311,0.00000,0.00000,22.79636,2
1061,4.98952,5.00753,0.53272,0.00000,0.00000,22.91861,2
1062,4.98978,5.00746,0.53250,0.00000,0.00000,22.03996,2
1063,4.98797,5.00739,0.53137,0.00000,0.00000,22.34377,2
1064,4.98700,5.00731,0.53198,0.00000,0.00000,23.06234,2
1065,4.98769,5.00723,0.53081,0.00000,0.00000,22.74415,2
1066,4.98772,5.00715,0.53037,0.00000,0.00000,22.90277,2
1067,4.98816,5.00707,0.53015,0.00000,0.00000,22.08198,2
1068,4.98665,5.00699,0.52906,0.00000,0.00000,22.44139,2
1069,4.98610,5.00691,0.52868,0.00000,0.00000,22.72805,2
1070,4.98628,5.00683,0.52841,0.00000,0.00000,22.42168,2
1071,4.98574,5.00675,0.52783,0.00000,0.00000,22.63893,2
1072,4.98577,5.00666,0.52767,0.00000,0.00000,22.68987,2
1073,4.98594,5.00658,0.52743,0.00000,0.00000,22.99867,2
1074,4.98686,5.00650,0.52761,0.00000,0.00000,22.66984,2
1075,4.98696,5.00642,0.52878,0.00000,0.00000,23.07566,2
1076,4.98794,5.00634,0.52739,0.00000,0.00000,22.05492,2
1077,4.98659,5.00627,0.52790,0.00000,0.00000,23.07461,2
1078,4.98764,5.00619,0.52675,0.00000,0.00000,22.23497,2
1079,4.98676,5.00612,0.52600,0.00000,0.00000,22.50922,2
1080,4.98661,5.00604,0.52567,0.00000,0.00000,22.51084,2
1081,4.98649,5.00596,0.52602,0.00000,0.00000,23.03858,2
1082,4.98761,5.00588,0.52565,0.00000,0.00000,22.46405,2
1083,4.98736,5.00581,0.52529,0.00000,0.00000,22.83541,2
1084,4.98804,5.00574,0.52555,0.00000,0.00000,22.25799,2
1085,4.98730,5.00566,0.52495,0.00000,0.00000,22.57493,2
1086,4.98738,5.00559,0.52492,0.00000,0.00000,22.12162,2
1087,4.98638,5.00552,0.52421,0.00000,0.00000,22.69139,2
1088,4.98681,5.00544,0.52438,0.00000,0.00000,22.32079,2
1089,4.98633,5.00537,0.52393,0.00000,0.00000,22.11875,2
1090,4.98541,5.00529,0.52331,0.00000,0.00000,22.34486,2
1091,4.98510,5.00521,0.52304,0.00000,0.00000,22.89069,2
1092,4.98611,5.00513,0.52347,0.00000,0.00000,22.13295,2
1093,4.98526,5.00505,0.52276,0.00000,0.00000,22.35933,2
1094,4.98502,5.00498,0.52253,0.00000,0.00000,22.45022,2
1095,4.98502,5.00490,0.52239,0.00000,0.00000,22.44303,2
1096,4.98501,5.00482,0.52222,0.00000,0.00000,22.68638,2
1097,4.98560,5.00474,0.52238,0.00000,0.00000,22.57700,2
1098,4.98590,5.00466,0.52235,0.00000,0.00000,22.72485,2
1099,4.98655,5.00459,0.52253,0.00000,0.00000,21.94286,2
1100,4.98531,5.00451,0.52164,0.00000,0.00000,22.24145,2
1101,4.98488,5.00444,0.52133,0.00000,0.00000,21.91767,2
1102,4.98370,5.00436,0.52054,0.00000,0.00000,21.64284,2
1103,4.98195,5.00428,0.51947,0.00000,0.00000,22.04506,2
1104,4.98126,5.00419,0.51903,0.00000,0.00000,22.35677,2
1105,4.98135,5.00409,0.51893,0.00000,0.00000,22.25474,2
1106,4.98121,5.00400,0.51864,0.00000,0.00000,22.48168,2
1107,4.98164,5.00391,0.51868,0.00000,0.00000,21.75281,2
1108,4.98032,5.00382,0.51771,0.00000,0.00000,22.16040,2
1109,4.98006,5.00373,0.51745,0.00000,0.00000,21.71628,2
1110,4.97877,5.00363,0.51653,0.00000,0.00000,22.26553,2
1111,4.97888,5.00354,0.51646,0.00000,0.00000,21.63090,2
1112,4.97748,5.00344,0.51544,0.00000,0.00000,21.61036,2
1113,4.97612,5.00333,0.51454,0.00000,0.00000,21.49630,2
1114,4.97459,5.00322,0.51353,0.00000,0.00000,21.54403,2
1115,4.97327,5.00311,0.51263,0.00000,0.00000,21.74669,2
1116,4.97252,5.00299,0.51203,0.00000,0.00000,21.98508,2
1117,4.97240,5.00287,0.51171,0.00000,0.00000,22.17717,2
1118,4.97275,5.00275,0.51162,0.00000,0.00000,21.85415,2
1119,4.97234,5.00263,0.51106,0.00000,0.00000,21.88160,2
1120,4.97205,5.00251,0.51063,0.00000,0.00000,21.54791,2
1121,4.97100,5.00238,0.50975,0.00000,0.00000,21.59741,2
1122,4.97014,5.00226,0.50904,0.00000,0.00000,21.41120,2
1123,4.96891,5.00213,0.50809,0.00000,0.00000,22.16537,2
1124,4.96957,5.00200,0.50822,0.00000,0.00000,21.75041,2
1125,4.96922,5.00187,0.50763,0.00000,0.00000,21.60736,2
1126,4.96858,5.00174,0.50696,0.00000,0.00000,21.21074,2
1127,4.96706,5.00160,0.50582,0.00000,0.00000,20.99004,2
1128,4.96512,5.00147,0.50449,0.00000,0.00000,21.64606,2
1129,4.96487,5.00132,0.50892,0.00000,0.00000,22.11987,2
1130,4.96540,5.00117,0.51365,0.00000,0.00000,21.26665,2
1131,4.96351,5.00103,0.51697,0.00000,0.00000,21.71517,2
1132,4.96244,5.00088,0.52092,0.00000,0.00000,22.26626,2
1133,4.96238,5.00073,0.52536,0.00000,0.00000,21.71719,2
1134,4.96066,5.00057,0.52399,0.00000,0.00000,22.03226,2
1135,4.95983,5.00041,0.52323,0.00000,0.00000,21.54574,2
1136,4.95790,5.00025,0.52177,0.00000,0.00000,21.53581,2
1137,4.95609,5.00008,0.52045,0.00000,0.00000,21.98322,2
1138,4.95547,4.99991,0.51977,0.00000,0.00000,21.84149,2
1139,4.95458,4.99973,0.51882,0.00000,0.00000,22.03306,2
1140,4.95423,4.99955,0.51820,0.00000,0.00000,21.50025,2
1141,4.95266,4.99937,0.51685,0.00000,0.00000,21.23127,2
1142,4.95058,4.99918,0.51528,0.00000,0.00000,21.39753,2
1143,4.94904,4.99899,0.51405,0.00000,0.00000,21.83008,2
1144,4.94865,4.99879,0.51339,0.00000,0.00000,21.60018,2
1145,4.94777,4.99859,0.51237,0.00000,0.00000,21.11362,2
1146,4.94583,4.99838,0.51077,0.00000,0.00000,21.18204,2
1147,4.94419,4.99817,0.50942,0.00000,0.00000,21.45914,2
1148,4.94335,4.99796,0.50846,0.00000,0.00000,21.49117,2
1149,4.94266,4.99774,0.50752,0.00000,0.00000,20.95605,2
1150,4.94079,4.99752,0.50590,0.00000,0.00000,21.03982,2
1151,4.93926,4.99729,0.50454,0.00000,0.00000,21.69125,2
1152,4.93942,4.99706,0.50408,0.00000,0.00000,21.36226,2
1153,4.93882,4.99683,0.50307,0.00000,0.00000,20.83040,2
1154,4.93704,4.99660,0.50145,0.00000,0.00000,21.63196,2
1155,4.93732,4.99636,0.50105,0.00000,0.00000,21.61696,2
1156,4.93759,4.99612,0.50049,0.00000,0.00000,21.73521,2
1157,4.93819,4.99589,0.50012,0.00000,0.00000,21.63906,2
1158,4.93857,4.99566,0.49960,0.00000,0.00000,21.84858,2
1159,4.93948,4.99543,0.49941,0.00000,0.00000,21.71433,2
1160,4.94008,4.99520,0.49900,0.00000,0.00000,20.98433,2
1161,4.93896,4.99498,0.49767,0.00000,0.00000,21.20775,2
1162,4.93849,4.99476,0.49682,0.00000,0.00000,20.60516,2
1163,4.93665,4.99453,0.49516,0.00000,0.00000,21.47822,2
1164,4.93706,4.99430,0.49483,0.00000,0.00000,21.46189,2
1165,4.93744,4.99407,0.49432,0.00000,0.00000,21.35132,2
1166,4.93759,4.99385,0.49369,0.00000,0.00000,21.35740,2
1167,4.93780,4.99362,0.49311,0.00000,0.00000,21.13072,2
1168,4.93751,4.99340,0.49225,0.00000,0.00000,20.94617,2
1169,4.93685,4.99318,0.49121,0.00000,0.00000,20.74778,2
1170,4.93581,4.99295,0.48999,0.00000,0.00000,20.84618,2
1171,4.93512,4.99272,0.48898,0.00000,0.00000,21.25623,2
1172,4.93549,4.99249,0.48852,0.00000,0.00000,21.45877,2
1173,4.93636,4.99226,0.48828,0.00000,0.00000,20.19495,2
1174,4.93424,4.99204,0.48632,0.00000,0.00000,20.81705,2
1175,4.93378,4.99181,0.48551,0.00000,0.00000,21.10405,2
1176,4.93407,4.99158,0.48498,0.00000,0.00000,21.28857,2
1177,4.93484,4.99135,0.48466,0.00000,0.00000,20.94394,2
1178,4.93480,4.99112,0.48386,0.00000,0.00000,21.26371,2
1179,4.93558,4.99089,0.48358,0.00000,0.00000,20.44954,2
1180,4.93443,4.99067,0.48217,0.00000,0.00000,21.36870,2
1181,4.93560,4.99045,0.48219,0.00000,0.00000,20.75625,2
1182,4.93529,4.99023,0.48122,0.00000,0.00000,20.98482,2
1183,4.93560,4.99001,0.48070,0.00000,0.00000,21.45293,2
1184,4.93706,4.98979,0.48079,0.00000,0.00000,20.20287,2
1185,4.93552,4.98958,0.47912,0.00000,0.00000,20.50651,2
1186,4.93485,4.98936,0.47816,0.00000,0.00000,20.90294,2
1187,4.93521,4.98915,0.47769,0.00000,0.00000,20.52951,2
1188,4.93471,4.98893,0.47667,0.00000,0.00000,20.75437,2
1189,4.93483,4.98871,0.47606,1.00000,0.00000,20.68615,2
1190,4.97484,4.98850,0.49294,1.00000,0.00000,20.25822,2
1191,5.01194,4.98844,0.50544,1.00000,0.00000,20.82300,2
1192,5.04889,4.98854,0.51850,1.00000,0.00000,20.64890,2
1193,5.08390,4.98878,0.53088,1.00000,0.00000,20.50411,2
1194,5.11711,4.98916,0.54280,0.00000,0.00000,20.66101,2
1195,5.10931,4.98967,0.53706,0.00000,0.00000,20.01632,2
1196,5.10053,4.99015,0.53398,0.00000,0.00000,20.63196,2
1197,5.09359,4.99059,0.53190,0.00000,0.00000,20.08853,2
1198,5.08563,4.99100,0.52902,0.00000,0.00000,20.76559,2
1199,5.07961,4.99138,0.52723,0.00000,0.00000,21.08900,2
1200,5.07459,4.99174,0.52578,0.00000,0.00000,20.13820,2
1201,5.06749,4.99207,0.52302,0.00000,0.00000,20.15284,2
1202,5.06075,4.99237,0.52056,0.00000,0.00000,20.29111,2
1203,5.05462,4.99264,0.51833,0.00000,0.00000,20.61225,2
1204,5.04952,4.99289,0.51657,0.00000,0.00000,20.73250,2
1205,5.04492,4.99312,0.51495,0.00000,0.00000,20.33523,2
1206,5.03957,4.99332,0.51281,0.00000,0.00000,20.96187,2
1207,5.03595,4.99351,0.51165,0.00000,0.00000,20.27267,2
1208,5.03084,4.99368,0.50947,0.00000,0.00000,19.98139,2
1209,5.02527,4.99383,0.50710,0.00000,0.00000,20.84776,2
1210,5.02203,4.99395,0.50601,0.00000,0.00000,19.97370,2
1211,5.01685,4.99406,0.50361,0.00000,0.00000,20.09650,2
1212,5.01222,4.99416,0.50161,0.00000,0.00000,20.24243,2
1213,5.00815,4.99423,0.49984,0.00000,0.00000,19.94871,2
1214,5.00359,4.99428,0.49770,0.00000,0.00000,20.42821,2
1215,5.00039,4.99432,0.49632,0.00000,0.00000,20.11128,2
1216,4.99660,4.99435,0.49445,0.00000,0.00000,20.03890,2
1217,4.99284,4.99435,0.49261,0.00000,0.00000,20.01265,2
1218,4.98920,4.99435,0.49080,0.00000,0.00000,20.06359,2
1219,4.98589,4.99433,0.48912,0.00000,0.00000,20.69551,2
1220,4.98425,4.99429,0.48831,0.00000,0.00000,20.72832,2
1221,4.98278,4.99425,0.48744,0.00000,0.00000,20.73075,2
1222,4.98141,4.99421,0.48660,0.00000,0.00000,20.80883,2
1223,4.98030,4.99416,0.48589,0.00000,0.00000,19.76955,2
1224,4.97680,4.99410,0.48380,0.00000,0.00000,20.11586,2
1225,4.97433,4.99403,0.48244,0.00000,0.00000,19.90730,2
1226,4.97150,4.99395,0.48077,0.00000,0.00000,19.57098,2
1227,4.96804,4.99386,0.47875,0.00000,0.00000,20.04375,2
1228,4.96592,4.99376,0.47748,0.00000,0.00000,20.35037,2
1229,4.96465,4.99365,0.47657,0.00000,0.00000,20.12482,2
1230,4.96294,4.99353,0.47532,0.00000,0.00000,20.21343,2
1231,4.96155,4.99341,0.47428,0.00000,0.00000,20.16418,2
1232,4.96015,4.99328,0.47318,0.00000,0.00000,19.41948,2
1233,4.95709,4.99315,0.47114,0.00000,0.00000,19.59652,2
1234,4.95464,4.99301,0.46954,0.00000,0.00000,19.55079,2
1235,4.95225,4.99285,0.46790,0.00000,0.00000,20.59342,2
1236,4.95250,4.99269,0.46770,0.00000,0.00000,19.55923,2
1237,4.95030,4.99253,0.46593,0.00000,0.00000,19.56598,2
1238,4.94828,4.99236,0.46443,0.00000,0.00000,19.99494,2
1239,4.94743,4.99218,0.46355,0.00000,0.00000,20.45182,2
1240,4.94775,4.99201,0.46321,0.00000,0.00000,19.61988,2
1241,4.94611,4.99183,0.46169,0.00000,0.00000,19.35767,2
1242,4.94398,4.99165,0.46004,0.00000,0.00000,20.33984,2
1243,4.94436,4.99145,0.45980,0.00000,0.00000,19.36741,2
1244,4.94242,4.99127,0.45808,0.00000,0.00000,19.68408,2
1245,4.94141,4.99107,0.45703,0.00000,0.00000,19.26303,2
1246,4.93948,4.99087,0.45539,0.00000,0.00000,19.67323,2
1247,4.93869,4.99067,0.45444,0.00000,0.00000,19.73003,2
1248,4.93812,4.99046,0.45350,0.00000,0.00000,19.64571,2
1249,4.93743,4.99025,0.45248,0.00000,0.00000,19.74887,2
1250,4.93707,4.99004,0.45165,0.00000,0.00000,20.07509,2
1251,4.93755,4.98983,0.45126,0.00000,0.00000,19.40490,2
1252,4.93647,4.98962,0.44992,0.00000,0.00000,19.48055,2
1253,4.93568,4.98940,0.44887,0.00000,0.00000,20.03758,2
1254,4.93631,4.98919,0.44858,0.00000,0.00000,18.57633,2
1255,4.93348,4.98898,0.44624,0.00000,0.00000,19.70490,2
1256,4.93355,4.98876,0.44578,0.00000,0.00000,19.78039,2
1257,4.93384,4.98854,0.44520,0.00000,0.00000,20.13145,2
1258,4.93500,4.98832,0.44510,0.00000,0.00000,19.63745,2
1259,4.93498,4.98810,0.44428,0.00000,0.00000,19.05978,2
1260,4.93364,4.98789,0.44282,0.00000,0.00000,19.14019,2
1261,4.93263,4.98767,0.44163,0.00000,0.00000,19.15628,2
1262,4.93177,4.98745,0.44049,0.00000,0.00000,19.19658,2
1263,4.93110,4.98723,0.43943,0.00000,0.00000,19.59259,2
1264,4.93146,4.98701,0.43893,0.00000,0.00000,20.36697,2
1265,4.93370,4.98678,0.43940,0.00000,0.00000,19.64058,2
1266,4.93414,4.98657,0.43874,0.00000,0.00000,19.73924,2
1267,4.93486,4.98636,0.43838,0.00000,0.00000,19.20699,2
1268,4.93433,4.98616,0.43731,0.00000,0.00000,19.96572,2
1269,4.93570,4.98595,0.43740,0.00000,0.00000,18.37410,2
1270,4.93325,4.98575,0.43521,0.00000,0.00000,19.17582,2
1271,4.93292,4.98554,0.43448,0.00000,0.00000,19.30955,2
1272,4.93296,4.98533,0.43380,0.00000,0.00000,19.59538,2
1273,4.93374,4.98512,0.43349,0.00000,0.00000,19.28511,2
1274,4.93379,4.98491,0.43273,0.00000,0.00000,19.87800,2
1275,4.93530,4.98471,0.43285,0.00000,0.00000,19.44951,2
1276,4.93577,4.98451,0.43227,0.00000,0.00000,19.67667,2
1277,4.93682,4.98432,0.43212,0.00000,0.00000,19.25215,2
1278,4.93685,4.98413,0.43135,0.00000,0.00000,19.12053,2
1279,4.93662,4.98394,0.43053,0.00000,0.00000,19.13277,2
1280,4.93650,4.98375,0.42978,0.00000,0.00000,19.45652,2
1281,4.93720,4.98356,0.42949,0.00000,0.00000,19.69617,2
1282,4.93848,4.98337,0.42946,0.00000,0.00000,19.22930,2
1283,4.93864,4.98319,0.42877,0.00000,0.00000,19.03678,2
1284,4.93839,4.98301,0.42794,0.00000,0.00000,19.14101,2
1285,4.93846,4.98284,0.42732,0.00000,0.00000,19.00157,2
1286,4.93824,4.98266,0.42651,0.00000,0.00000,18.81362,2
1287,4.93764,4.98248,0.42551,0.00000,0.00000,19.28732,2
1288,4.93825,4.98230,0.42522,0.00000,0.00000,18.64566,2
1289,4.93735,4.98213,0.42399,0.00000,0.00000,18.88498,2
1290,4.93712,4.98195,0.42324,0.00000,0.00000,18.91589,2
1291,4.93703,4.98177,0.42252,0.00000,0.00000,18.71455,2
1292,4.93652,4.98159,0.42155,0.00000,0.00000,19.52167,2
1293,4.93801,4.98141,0.42173,0.00000,0.00000,18.67655,2
1294,4.93746,4.98123,0.42061,0.00000,0.00000,18.91533,2
1295,4.93757,4.98106,0.42003,0.00000,0.00000,19.10725,2
1296,4.93817,4.98089,0.41968,0.00000,0.00000,19.26210,2
1297,4.93917,4.98071,0.41950,0.00000,0.00000,18.78942,2
1298,4.93904,4.98055,0.41868,0.00000,0.00000,19.11736,2
1299,4.93975,4.98038,0.41842,0.00000,0.00000,19.27197,2
1300,4.94084,4.98022,0.41831,0.00000,0.00000,18.08296,2
1301,4.93910,4.98006,0.41660,0.00000,0.00000,18.57660,2
1302,4.93868,4.97990,0.41584,0.00000,0.00000,18.34970,2
1303,4.93780,4.97973,0.41470,0.00000,0.00000,19.16560,2
1304,4.93895,4.97957,0.41473,0.00000,0.00000,18.72369,2
1305,4.93904,4.97940,0.41401,0.00000,0.00000,19.20843,2
1306,4.94033,4.97924,0.41406,0.00000,0.00000,18.96620,2
1307,4.94102,4.97909,0.41369,0.00000,0.00000,18.73270,2
1308,4.94118,4.97893,0.41307,0.00000,0.00000,18.63799,2
1309,4.94115,4.97878,0.41240,0.00000,0.00000,18.92935,2
1310,4.94188,4.97863,0.41216,0.00000,0.00000,18.61235,2
1311,4.94185,4.97849,0.41145,0.00000,0.00000,19.25186,2
1312,4.94340,4.97834,0.41168,0.00000,0.00000,18.71349,2
1313,4.94364,4.97820,0.41106,0.00000,0.00000,18.45742,2
1314,4.94330,4.97806,0.41024,0.00000,0.00000,18.78458,2
1315,4.94382,4.97792,0.40993,0.00000,0.00000,18.50950,2
1316,4.94369,4.97779,0.40920,0.00000,0.00000,18.64704,2
1317,4.94395,4.97765,0.40874,0.00000,0.00000,18.62454,2
1318,4.94419,4.97751,0.40823,0.00000,0.00000,18.54982,2
1319,4.94429,4.97738,0.40766,0.00000,0.00000,17.98085,2
1320,4.94308,4.97725,0.40636,0.00000,0.00000,19.23067,2
1321,4.94496,4.97711,0.40688,0.00000,0.00000,18.78983,2
1322,4.94572,4.97698,0.40655,0.00000,0.00000,18.75879,2
1323,4.94643,4.97686,0.40629,0.00000,0.00000,18.22438,2
1324,4.94587,4.97674,0.40533,0.00000,0.00000,18.48564,2
1325,4.94602,4.97661,0.40486,0.00000,0.00000,17.68416,2
1326,4.94429,4.97649,0.40329,0.00000,0.00000,18.76039,2
1327,4.94527,4.97636,0.40336,0.00000,0.00000,18.48192,2
1328,4.94557,4.97624,0.40285,0.00000,0.00000,18.76136,2
1329,4.94657,4.97611,0.40279,0.00000,0.00000,18.29539,2
1330,4.94645,4.97600,0.40205,0.00000,0.00000,18.85407,2
1331,4.94772,4.97588,0.40218,0.00000,0.00000,18.44607,2
1332,4.94799,4.97577,0.40166,0.00000,0.00000,18.82857,2
1333,4.94921,4.97565,0.40175,0.00000,0.00000,18.70075,2
1334,4.95010,4.97555,0.40159,0.00000,0.00000,18.62141,2
1335,4.95080,4.97545,0.40136,0.00000,0.00000,18.41744,2
1336,4.95102,4.97535,0.40089,0.00000,0.00000,18.33434,2
1337,4.95108,4.97525,0.40037,0.00000,0.00000,19.04577,2
1338,4.95287,4.97515,0.40083,0.00000,0.00000,18.36764,2
1339,4.95299,4.97507,0.40023,0.00000,0.00000,18.65436,2
1340,4.95383,4.97498,0.40018,0.00000,0.00000,18.63620,2
1341,4.95462,4.97489,0.40004,0.00000,0.00000,19.02779,2
1342,4.95635,4.97481,0.40045,0.00000,0.00000,18.90557,2
1343,4.95773,4.97474,0.40060,0.00000,0.00000,18.21246,2
1344,4.95742,4.97467,0.39985,0.00000,0.00000,18.66705,2
1345,4.95826,4.97460,0.39988,0.00000,0.00000,18.10018,2
1346,4.95774,4.97454,0.39906,0.00000,0.00000,18.26272,2
1347,4.95768,4.97447,0.39860,0.00000,0.00000,18.47857,2
1348,4.95816,4.97440,0.39842,0.00000,0.00000,18.83560,2
1349,4.95951,4.97434,0.39867,0.00000,0.00000,18.61330,2
1350,4.96028,4.97428,0.39855,0.00000,0.00000,18.07796,2
1351,4.95979,4.97422,0.39777,0.00000,0.00000,17.95205,2
1352,4.95905,4.97416,0.39696,0.00000,0.00000,18.37822,2
1353,4.95941,4.97410,0.39677,0.00000,0.00000,18.14907,2
1354,4.95923,4.97404,0.39620,0.00000,0.00000,17.66615,2
1355,4.95795,4.97398,0.39504,0.00000,0.00000,18.76131,2
1356,4.95939,4.97392,0.39549,0.00000,0.00000,18.54012,2
1357,4.96024,4.97386,0.39540,0.00000,0.00000,17.82087,2
1358,4.95938,4.97381,0.39442,0.00000,0.00000,18.89588,2
1359,4.96117,4.97375,0.39504,0.00000,0.00000,18.67082,2
1360,4.96234,4.97370,0.39513,0.00000,0.00000,18.85625,2
1361,4.96394,4.97365,0.39551,0.00000,0.00000,18.70394,2
1362,4.96511,4.97362,0.39565,0.00000,0.00000,18.05715,2
1363,4.96473,4.97358,0.39495,0.00000,0.00000,18.23635,2
1364,4.96483,4.97355,0.39465,0.00000,0.00000,18.03129,2
1365,4.96446,4.97351,0.39405,0.00000,0.00000,18.81843,2
1366,4.96602,4.97347,0.39456,0.00000,0.00000,18.34241,2
1367,4.96638,4.97345,0.39427,0.00000,0.00000,18.33725,2
1368,4.96676,4.97342,0.39408,0.00000,0.00000,17.79943,2
1369,4.96586,4.97339,0.39318,0.00000,0.00000,18.21146,2
1370,4.96602,4.97336,0.39297,0.00000,0.00000,18.75258,2
1371,4.96749,4.97333,0.39340,0.00000,0.00000,19.11931,2
1372,4.96977,4.97331,0.39421,0.00000,0.00000,17.55159,2
1373,4.96823,4.97329,0.39283,0.00000,0.00000,17.73601,2
1374,4.96726,4.97327,0.39206,0.00000,0.00000,18.17185,2
1375,4.96740,4.97325,0.39185,0.00000,0.00000,18.27426,2
1376,4.96780,4.97323,0.39171,0.00000,0.00000,17.98353,2
1377,4.96751,4.97320,0.39116,0.00000,0.00000,18.02911,2
1378,4.96738,4.97318,0.39075,0.00000,0.00000,17.81394,2
1379,4.96677,4.97316,0.39006,0.00000,0.00000,18.16224,2
1380,4.96705,4.97313,0.38990,0.00000,0.00000,18.26853,2
1381,4.96760,4.97311,0.38982,0.00000,0.00000,17.68040,2
1382,4.96674,4.97309,0.38894,0.00000,0.00000,18.22817,2
1383,4.96727,4.97306,0.38894,0.00000,0.00000,17.82485,2
1384,4.96683,4.97304,0.38829,0.00000,0.00000,18.36343,2
1385,4.96773,4.97301,0.38847,0.00000,0.00000,18.44233,2
1386,4.96879,4.97299,0.38864,0.00000,0.00000,18.29566,2
1387,4.96948,4.97297,0.38859,0.00000,0.00000,17.66703,2
1388,4.96866,4.97296,0.38774,0.00000,0.00000,18.23445,2
1389,4.96927,4.97294,0.38781,0.00000,0.00000,17.82670,2
1390,4.96890,4.97293,0.38721,0.00000,0.00000,17.54000,2
1391,4.96790,4.97291,0.38634,0.00000,0.00000,17.77930,2
1392,4.96755,4.97289,0.38587,0.00000,0.00000,17.79275,2
1393,4.96727,4.97287,0.38539,0.00000,0.00000,18.21186,2
1394,4.96804,4.97285,0.38548,0.00000,0.00000,17.75618,2
1395,4.96770,4.97283,0.38487,0.00000,0.00000,17.74929,2
1396,4.96740,4.97281,0.38438,0.00000,0.00000,17.69363,2
1397,4.96701,4.97279,0.38382,0.00000,0.00000,17.91558,2
1398,4.96720,4.97276,0.38360,0.00000,0.00000,18.31190,2
1399,4.96834,4.97274,0.38386,0.00000,0.00000,17.05924,2
1400,4.96647,4.97272,0.38237,0.00000,0.00000,18.24416,2
1401,4.96756,4.97270,0.38277,0.00000,0.00000,18.43950,2
1402,4.96907,4.97268,0.38317,0.00000,0.00000,17.55665,2
1403,4.96843,4.97266,0.38235,0.00000,0.00000,17.49717,2
1404,4.96772,4.97265,0.38165,0.00000,0.00000,17.56321,2
1405,4.96723,4.97263,0.38108,0.00000,0.00000,17.54414,2
1406,4.96674,4.97261,0.38049,0.00000,0.00000,17.82714,2
1407,4.96699,4.97258,0.38030,0.00000,0.00000,17.37707,2
1408,4.96617,4.97256,0.37946,0.00000,0.00000,17.58732,2
1409,4.96594,4.97253,0.37902,0.00000,0.00000,17.56833,2
1410,4.96569,4.97251,0.37853,0.00000,0.00000,17.93816,2
1411,4.96637,4.97248,0.37855,0.00000,0.00000,17.60053,2
1412,4.96623,4.97246,0.37805,0.00000,0.00000,17.51510,2
1413,4.96594,4.97243,0.37752,0.00000,0.00000,17.81767,2
1414,4.96641,4.97241,0.37743,0.00000,0.00000,17.15804,2
1415,4.96530,4.97238,0.37641,0.00000,0.00000,17.27856,2
1416,4.96458,4.97235,0.37571,0.00000,0.00000,17.42786,2
1417,4.96429,4.97232,0.37521,0.00000,0.00000,17.85985,2
1418,4.96506,4.97229,0.37528,0.00000,0.00000,18.39743,2
1419,4.96710,4.97226,0.37597,0.00000,0.00000,17.80951,2
1420,4.96765,4.97224,0.37576,0.00000,0.00000,17.44945,2
1421,4.96736,4.97222,0.37520,0.00000,0.00000,17.17625,2
1422,4.96647,4.97220,0.37436,0.00000,0.00000,17.57409,2
1423,4.96660,4.97218,0.37414,0.00000,0.00000,17.93089,2
1424,4.96760,4.97216,0.37432,0.00000,0.00000,17.70859,2
1425,4.96804,4.97214,0.37413,0.00000,0.00000,18.39604,2
1426,4.97012,4.97212,0.37491,0.00000,0.00000,17.77776,2
1427,4.97065,4.97211,0.37471,0.00000,0.00000,17.21065,2
1428,4.96983,4.97211,0.37388,0.00000,0.00000,17.78976,2
1429,4.97047,4.97210,0.37397,0.00000,0.00000,17.92912,2
1430,4.97142,4.97209,0.37413,0.00000,0.00000,17.99345,2
1431,4.97250,4.97209,0.37435,0.00000,0.00000,17.32787,2
1432,4.97197,4.97209,0.37366,0.00000,0.00000,17.73358,2
1433,4.97246,4.97209,0.37367,0.00000,0.00000,17.56716,2
1434,4.97255,4.97209,0.37338,0.00000,0.00000,17.56178,2
1435,4.97265,4.97210,0.37312,0.00000,0.00000,17.80804,2
1436,4.97335,4.97210,0.37321,0.00000,0.00000,17.71073,2
1437,4.97381,4.97210,0.37312,0.00000,0.00000,17.38931,2
1438,4.97350,4.97211,0.37262,0.00000,0.00000,16.90593,2
1439,4.97209,4.97211,0.37156,0.00000,0.00000,17.84733,2
1440,4.97302,4.97211,0.37189,0.00000,0.00000,17.28161,2
1441,4.97257,4.97212,0.37126,0.00000,0.00000,18.22420,2
1442,4.97441,4.97212,0.37203,0.00000,0.00000,18.08207,2
1443,4.97583,4.97213,0.37240,0.00000,0.00000,17.59500,2
1444,4.97605,4.97214,0.37214,0.00000,0.00000,17.24646,2
1445,4.97545,4.97216,0.37152,0.00000,0.00000,17.56393,2
1446,4.97566,4.97217,0.37142,0.00000,0.00000,17.42645,2
1447,4.97556,4.97219,0.37107,0.00000,0.00000,17.54727,2
1448,4.97577,4.97220,0.37093,0.00000,0.00000,17.86114,2
1449,4.97673,4.97221,0.37119,0.00000,0.00000,17.80934,2
1450,4.97754,4.97223,0.37131,0.00000,0.00000,17.39073,2
1451,4.97734,4.97225,0.37088,0.00000,0.00000,17.76142,2
1452,4.97805,4.97227,0.37105,0.00000,0.00000,18.06785,2
1453,4.97947,4.97230,0.37154,0.00000,0.00000,17.46889,2
1454,4.97940,4.97233,0.37117,0.00000,0.00000,17.61601,2
1455,4.97972,4.97235,0.37112,0.00000,0.00000,17.38971,2
1456,4.97950,4.97238,0.37075,0.00000,0.00000,18.08955,2
1457,4.98097,4.97241,0.37137,0.00000,0.00000,17.33091,2
1458,4.98058,4.97245,0.37082,0.00000,0.00000,18.16770,2
1459,4.98222,4.97248,0.37636,0.00000,0.00000,17.65204,2
1460,4.98217,4.97252,0.38081,0.00000,0.00000,17.86742,2
1461,4.98228,4.97256,0.38547,0.00000,0.00000,17.82505,2
1462,4.98192,4.97260,0.38987,0.00000,0.00000,17.47095,2
1463,4.98036,4.97263,0.39363,0.00000,0.00000,17.05261,2
1464,4.97753,4.97266,0.39195,0.00000,0.00000,17.66979,2
1465,4.97634,4.97268,0.39126,0.00000,0.00000,17.63234,2
1466,4.97513,4.97270,0.39042,0.00000,0.00000,17.70378,2
1467,4.97418,4.97271,0.38971,0.00000,0.00000,17.42041,2
1468,4.97262,4.97271,0.38863,0.00000,0.00000,17.66849,2
1469,4.97176,4.97271,0.38797,0.00000,0.00000,17.44212,2
1470,4.97042,4.97271,0.38698,0.00000,0.00000,17.70177,2
1471,4.96980,4.97270,0.38641,0.00000,0.00000,17.81948,2
1472,4.96952,4.97269,0.38597,0.00000,0.00000,17.21240,2
1473,4.96782,4.97268,0.38471,0.00000,0.00000,17.55348,2
1474,4.96706,4.97266,0.38407,0.00000,0.00000,17.57411,2
1475,4.96642,4.97263,0.38340,0.00000,0.00000,17.25117,2
1476,4.96506,4.97261,0.38233,0.00000,0.00000,17.82534,2
1477,4.96518,4.97258,0.38212,0.00000,0.00000,17.57484,2
1478,4.96471,4.97255,0.38146,0.00000,0.00000,17.90071,2
1479,4.96508,4.97252,0.38132,0.00000,0.00000,17.70966,2
1480,4.96500,4.97249,0.38086,0.00000,0.00000,17.40236,2
1481,4.96422,4.97246,0.38005,0.00000,0.00000,18.02908,2
1482,4.96502,4.97243,0.38016,0.00000,0.00000,17.67258,2
1483,4.96494,4.97240,0.37967,0.00000,0.00000,18.01004,2
1484,4.96571,4.97237,0.37972,0.00000,0.00000,17.56148,2
1485,4.96539,4.97234,0.37910,0.00000,0.00000,17.62496,2
1486,4.96528,4.97231,0.37869,0.00000,0.00000,17.24715,2
1487,4.96431,4.97228,0.37777,0.00000,0.00000,17.19026,2
1488,4.96328,4.97225,0.37688,0.00000,0.00000,17.13916,2
1489,4.96222,4.97222,0.37596,0.00000,0.00000,17.40152,2
1490,4.96187,4.97218,0.37543,0.00000,0.00000,17.74724,2
1491,4.96239,4.97213,0.37533,0.00000,0.00000,17.95139,2
1492,4.96339,4.97210,0.37544,0.00000,0.00000,17.64807,2
1493,4.96365,4.97206,0.37510,0.00000,0.00000,17.42777,2
1494,4.96341,4.97203,0.37455,0.00000,0.00000,17.83390,2
1495,4.96419,4.97199,0.37460,0.00000,0.00000,17.36583,2
1496,4.96383,4.97196,0.37394,0.00000,0.00000,17.74730,2
1497,4.96444,4.97193,0.37392,0.00000,0.00000,17.59149,2
1498,4.96467,4.97190,0.37361,0.00000,0.00000,17.77040,2
1499,4.96535,4.97187,0.37358,0.00000,0.00000,17.39233,2
1500,4.96513,4.97184,0.37302,0.00000,0.00000,17.06872,2
1501,4.96418,4.97182,0.37212,0.00000,0.00000,16.99456,2
1502,4.96313,4.97179,0.37122,0.00000,0.00000,17.56742,2
1503,4.96354,4.97175,0.37112,0.00000,0.00000,17.70557,2
1504,4.96428,4.97172,0.37110,0.00000,0.00000,17.62541,2
1505,4.96482,4.97169,0.37095,0.00000,0.00000,17.85253,2
1506,4.96590,4.97166,0.37113,0.00000,0.00000,17.54056,2
1507,4.96621,4.97164,0.37084,0.00000,0.00000,17.31107,2
1508,4.96600,4.97162,0.37032,0.00000,0.00000,17.41927,2
1509,4.96608,4.97159,0.37002,0.00000,0.00000,17.18035,2
1510,4.96562,4.97157,0.36938,0.00000,0.00000,17.52030,2
1511,4.96603,4.97155,0.36926,0.00000,0.00000,16.96427,2
1512,4.96511,4.97153,0.36835,0.00000,0.00000,17.47375,2
1513,4.96550,4.97150,0.36825,0.00000,0.00000,16.17843,2
1514,4.96280,4.97148,0.36633,0.00000,0.00000,17.98956,2
1515,4.96461,4.97144,0.36715,0.00000,0.00000,18.13395,2
1516,4.96666,4.97141,0.36777,0.00000,0.00000,17.41496,2
1517,4.96693,4.97140,0.36738,0.00000,0.00000,17.95848,2
1518,4.96852,4.97138,0.36789,0.00000,0.00000,17.72920,2
1519,4.96951,4.97137,0.36797,1.00000,0.00000,17.94884,2
1520,5.01099,4.97136,0.38598,1.00000,0.00000,17.32662,2
1521,5.04900,4.97152,0.39927,1.00000,0.00000,17.38994,2
1522,5.08560,4.97183,0.41247,1.00000,0.00000,17.89071,2
1523,5.12186,4.97228,0.42598,1.00000,0.00000,17.88927,2
1524,5.15655,4.97288,0.43905,0.00000,0.00000,17.86914,2
1525,5.14970,4.97362,0.43416,0.00000,0.00000,17.69324,2
1526,5.14292,4.97432,0.43256,0.00000,0.00000,17.53505,2
1527,5.13599,4.97499,0.43079,0.00000,0.00000,17.07031,2
1528,5.12819,4.97564,0.42848,0.00000,0.00000,17.57215,2
1529,5.12188,4.97625,0.42698,0.00000,0.00000,17.29141,2
1530,5.11511,4.97683,0.42503,0.00000,0.00000,16.90836,2
1531,5.10769,4.97738,0.42268,0.00000,0.00000,18.06543,2
1532,5.10331,4.97791,0.42201,0.00000,0.00000,17.48474,2
1533,5.09766,4.97841,0.42033,0.00000,0.00000,17.52979,2
1534,5.09234,4.97888,0.41888,0.00000,0.00000,17.52830,2
1535,5.08721,4.97934,0.41745,0.00000,0.00000,17.90059,2
1536,5.08315,4.97977,0.41654,0.00000,0.00000,17.91695,2
1537,5.07926,4.98018,0.41560,0.00000,0.00000,17.35810,2
1538,5.07417,4.98058,0.41394,0.00000,0.00000,17.17028,2
1539,5.06884,4.98095,0.41217,0.00000,0.00000,17.55608,2
1540,5.06464,4.98130,0.41101,0.00000,0.00000,17.25003,2
1541,5.05986,4.98164,0.40938,0.00000,0.00000,17.33889,2
1542,5.05550,4.98195,0.40798,0.00000,0.00000,17.22361,2
1543,5.05103,4.98225,0.40643,0.00000,0.00000,16.91939,2
1544,5.04603,4.98252,0.40455,0.00000,0.00000,16.91856,2
1545,5.04124,4.98277,0.40278,0.00000,0.00000,17.25718,2
1546,5.03747,4.98301,0.40150,0.00000,0.00000,17.80237,2
1547,5.03515,4.98323,0.40092,0.00000,0.00000,17.55689,2
1548,5.03233,4.98343,0.39991,0.00000,0.00000,17.63480,2
1549,5.02981,4.98363,0.39908,0.00000,0.00000,17.53146,2
1550,5.02715,4.98381,0.39812,0.00000,0.00000,18.32045,2
1551,5.02648,4.98399,0.39825,0.00000,0.00000,18.28202,2
1552,5.02572,4.98416,0.39817,0.00000,0.00000,17.63169,2
1553,5.02342,4.98432,0.39723,0.00000,0.00000,17.59634,2
1554,5.02116,4.98448,0.39640,0.00000,0.00000,17.95045,2
1555,5.01983,4.98463,0.39607,0.00000,0.00000,17.07119,2
1556,5.01645,4.98477,0.39451,0.00000,0.00000,17.68278,2
1557,5.01471,4.98489,0.39398,0.00000,0.00000,17.33067,2
1558,5.01219,4.98501,0.39287,0.00000,0.00000,17.26077,2
1559,5.00963,4.98512,0.39177,0.00000,0.00000,16.85809,2
1560,5.00623,4.98522,0.39018,0.00000,0.00000,18.13173,2
1561,5.00604,4.98530,0.39041,0.00000,0.00000,18.11330,2
1562,5.00579,4.98539,0.39036,0.00000,0.00000,17.66483,2
1563,5.00448,4.98547,0.38971,0.00000,0.00000,17.41981,2
1564,5.00265,4.98555,0.38884,0.00000,0.00000,17.20579,2
1565,5.00042,4.98561,0.38776,0.00000,0.00000,18.16798,2
1566,5.00059,4.98567,0.38804,0.00000,0.00000,18.01918,2
1567,5.00038,4.98573,0.38792,0.00000,0.00000,17.87621,2
1568,4.99984,4.98579,0.38764,0.00000,0.00000,18.08581,2
1569,4.99983,4.98585,0.38767,0.00000,0.00000,17.38696,2
1570,4.99816,4.98590,0.38674,0.00000,0.00000,17.84181,2
1571,4.99767,4.98595,0.38657,0.00000,0.00000,18.40787,2
1572,4.99855,4.98600,0.38708,0.00000,0.00000,17.83560,2
1573,4.99801,4.98605,0.38669,0.00000,0.00000,17.79258,2
1574,4.99741,4.98610,0.38637,0.00000,0.00000,17.09793,2
1575,4.99518,4.98614,0.38515,0.00000,0.00000,17.61531,2
1576,4.99432,4.98618,0.38479,0.00000,0.00000,17.27672,2
1577,4.99269,4.98621,0.38389,0.00000,0.00000,17.46469,2
1578,4.99161,4.98624,0.38333,0.00000,0.00000,17.96819,2
1579,4.99178,4.98626,0.38342,0.00000,0.00000,18.15644,2
1580,4.99239,4.98628,0.38366,0.00000,0.00000,17.29823,2
1581,4.99093,4.98630,0.38271,0.00000,0.00000,17.53622,2
1582,4.99013,4.98632,0.38228,0.00000,0.00000,17.55820,2
1583,4.98943,4.98634,0.38184,0.00000,0.00000,17.21828,2
1584,4.98797,4.98635,0.38096,0.00000,0.00000,17.58845,2
1585,4.98748,4.98636,0.38067,0.00000,0.00000,18.19713,2
1586,4.98846,4.98636,0.38112,0.00000,0.00000,18.29085,2
1587,4.98962,4.98637,0.38157,0.00000,0.00000,18.00679,2
1588,4.99005,4.98638,0.38160,0.00000,0.00000,17.35514,2
1589,4.98893,4.98640,0.38083,0.00000,0.00000,17.88104,2
1590,4.98913,4.98641,0.38091,0.00000,0.00000,17.12535,2
1591,4.98752,4.98642,0.37987,0.00000,0.00000,17.84994,2
1592,4.98774,4.98642,0.37999,0.00000,0.00000,17.82342,2
1593,4.98789,4.98643,0.37992,0.00000,0.00000,17.35000,2
1594,4.98692,4.98643,0.37923,0.00000,0.00000,18.24816,2
1595,4.98815,4.98644,0.37985,0.00000,0.00000,18.12782,2
1596,4.98903,4.98644,0.38011,0.00000,0.00000,18.13839,2
1597,4.98990,4.98645,0.38041,0.00000,0.00000,17.38933,2
1598,4.98895,4.98647,0.37970,0.00000,0.00000,17.55956,2
1599,4.98848,4.98648,0.37939,0.00000,0.00000,17.32039,2
1600,4.98746,4.98649,0.37873,0.00000,0.00000,18.13005,2
1601,4.98845,4.98649,0.37923,0.00000,0.00000,18.17748,2
1602,4.98949,4.98650,0.37961,0.00000,0.00000,18.22303,2
1603,4.99060,4.98651,0.38003,0.00000,0.00000,17.79662,2
1604,4.99064,4.98653,0.37986,0.00000,0.00000,17.74091,2
1605,4.99057,4.98654,0.37971,0.00000,0.00000,17.49768,2
1606,4.98992,4.98656,0.37925,0.00000,0.00000,17.22469,2
1607,4.98868,4.98657,0.37850,0.00000,0.00000,17.40131,2
1608,4.98793,4.98658,0.37805,0.00000,0.00000,18.06059,2
1609,4.98880,4.98659,0.37846,0.00000,0.00000,16.77997,2
1610,4.98657,4.98659,0.37702,0.00000,0.00000,18.22249,2
1611,4.98792,4.98659,0.37781,0.00000,0.00000,18.25711,2
1612,4.98928,4.98660,0.37833,0.00000,0.00000,17.85345,2
1613,4.98961,4.98661,0.37829,0.00000,0.00000,18.08944,2
1614,4.99050,4.98662,0.37865,0.00000,0.00000,18.33060,2
1615,4.99193,4.98664,0.37927,0.00000,0.00000,18.49180,2
1616,4.99367,4.98666,0.38005,0.00000,0.00000,18.11255,2
1617,4.99443,4.98669,0.38026,0.00000,0.00000,18.12127,2
1618,4.99518,4.98672,0.38056,0.00000,0.00000,17.46748,2
1619,4.99434,4.98675,0.37997,0.00000,0.00000,18.22981,2
1620,4.99537,4.98678,0.38056,0.00000,0.00000,17.80823,2
1621,4.99534,4.98682,0.38041,0.00000,0.00000,18.07349,2
1622,4.99595,4.98685,0.38070,0.00000,0.00000,18.08356,2
1623,4.99656,4.98689,0.38095,0.00000,0.00000,18.47132,2
1624,4.99806,4.98693,0.38170,0.00000,0.00000,17.33753,2
1625,4.99678,4.98697,0.38084,0.00000,0.00000,18.60437,2
1626,4.99861,4.98701,0.38193,0.00000,0.00000,17.95552,2
1627,4.99878,4.98706,0.38187,0.00000,0.00000,17.55152,2
1628,4.99799,4.98710,0.38140,0.00000,0.00000,17.94744,2
1629,4.99819,4.98715,0.38155,0.00000,0.00000,18.35327,2
1630,4.99934,4.98719,0.38216,0.00000,0.00000,18.47468,2
1631,5.00072,4.98724,0.38283,0.00000,0.00000,17.61599,2
1632,4.99999,4.98729,0.38232,0.00000,0.00000,18.01459,2
1633,5.00025,4.98734,0.38253,0.00000,0.00000,18.27057,2
1634,5.00110,4.98740,0.38299,0.00000,0.00000,18.90590,2
1635,5.00342,4.98745,0.38423,0.00000,0.00000,17.93287,2
1636,5.00329,4.98751,0.38401,0.00000,0.00000,17.94904,2
1637,5.00323,4.98758,0.38402,0.00000,0.00000,18.22310,2
1638,5.00381,4.98764,0.38439,0.00000,0.00000,18.80911,2
1639,5.00575,4.98770,0.38547,0.00000,0.00000,18.31194,2
1640,5.00640,4.98778,0.38574,0.00000,0.00000,18.78491,2
1641,5.00815,4.98785,0.38673,0.00000,0.00000,17.72285,2
1642,5.00726,4.98793,0.38619,0.00000,0.00000,18.71205,2
1643,5.00878,4.98801,0.38719,0.00000,0.00000,18.06506,2
1644,5.00867,4.98809,0.38710,0.00000,0.00000,17.55116,2
1645,5.00734,4.98817,0.38646,0.00000,0.00000,18.11174,2
1646,5.00742,4.98825,0.38669,0.00000,0.00000,17.58090,2
1647,5.00621,4.98833,0.38609,0.00000,0.00000,17.98780,2
1648,5.00604,4.98840,0.38616,0.00000,0.00000,18.23927,2
1649,5.00646,4.98847,0.38648,0.00000,0.00000,18.03191,2
1650,5.00636,4.98854,0.38646,0.00000,0.00000,18.25126,2
1651,5.00678,4.98861,0.38677,0.00000,0.00000,18.19803,2
1652,5.00705,4.98869,0.38697,0.00000,0.00000,18.45284,2
1653,5.00791,4.98876,0.38750,0.00000,0.00000,18.40819,2
1654,5.00861,4.98884,0.38791,0.00000,0.00000,18.86890,2
1655,5.01036,4.98892,0.38893,0.00000,0.00000,18.47030,2
1656,5.01106,4.98900,0.38930,0.00000,0.00000,18.66741,2
1657,5.01219,4.98909,0.39000,0.00000,0.00000,18.11056,2
1658,5.01193,4.98918,0.38989,0.00000,0.00000,18.56254,2
1659,5.01275,4.98927,0.39051,0.00000,0.00000,18.34076,2
1660,5.01299,4.98937,0.39071,0.00000,0.00000,19.01645,2
1661,5.01482,4.98946,0.39186,0.00000,0.00000,18.45898,2
1662,5.01520,4.98956,0.39209,0.00000,0.00000,18.71816,2
1663,5.01618,4.98967,0.39278,0.00000,0.00000,17.59211,2
1664,5.01441,4.98977,0.39189,0.00000,0.00000,18.19131,2
1665,5.01417,4.98987,0.39205,0.00000,0.00000,19.09870,2
1666,5.01608,4.98997,0.39329,0.00000,0.00000,18.71330,2
1667,5.01694,4.99007,0.39380,0.00000,0.00000,18.28171,2
1668,5.01673,4.99018,0.39380,0.00000,0.00000,18.78469,2
1669,5.01772,4.99029,0.39455,0.00000,0.00000,18.11822,2
1670,5.01704,4.99039,0.39429,0.00000,0.00000,18.16053,2
1671,5.01651,4.99050,0.39423,0.00000,0.00000,19.99291,2
1672,5.02034,4.99061,0.39661,0.00000,0.00000,18.95073,2
1673,5.02146,4.99072,0.39715,0.00000,0.00000,18.75902,2
1674,5.02206,4.99085,0.39763,0.00000,0.00000,18.01683,2
1675,5.02085,4.99097,0.39715,0.00000,0.00000,18.57317,2
1676,5.02102,4.99109,0.39757,0.00000,0.00000,18.53023,2
1677,5.02105,4.99121,0.39781,0.00000,0.00000,18.74620,2
1678,5.02158,4.99133,0.39833,0.00000,0.00000,18.21455,2
1679,5.02080,4.99145,0.39809,0.00000,0.00000,17.98243,2
1680,5.01950,4.99157,0.39765,0.00000,0.00000,19.00766,2
1681,5.02069,4.99168,0.39864,0.00000,0.00000,19.10360,2
1682,5.02201,4.99180,0.39951,0.00000,0.00000,18.99694,2
1683,5.02299,4.99192,0.40020,0.00000,0.00000,19.00547,2
1684,5.02393,4.99204,0.40090,0.00000,0.00000,19.21266,2
1685,5.02530,4.99217,0.40185,0.00000,0.00000,18.59473,2
1686,5.02510,4.99230,0.40191,0.00000,0.00000,18.07528,2
1687,5.02366,4.99243,0.40139,0.00000,0.00000,18.97429,2
1688,5.02442,4.99256,0.40220,0.00000,0.00000,18.12066,2
1689,5.02308,4.99269,0.40165,0.00000,0.00000,18.95672,2
1690,5.02380,4.99281,0.40241,0.00000,0.00000,18.95226,2
1691,5.02443,4.99293,0.40297,0.00000,0.00000,18.72976,2
1692,5.02448,4.99306,0.40322,0.00000,0.00000,18.96659,2
1693,5.02508,4.99318,0.40382,0.00000,0.00000,18.88758,2
1694,5.02543,4.99331,0.40425,0.00000,0.00000,18.23251,2
1695,5.02419,4.99344,0.40380,0.00000,0.00000,19.48855,2
1696,5.02599,4.99356,0.40517,0.00000,0.00000,19.08183,2
1697,5.02669,4.99369,0.40571,0.00000,0.00000,18.94700,2
1698,5.02702,4.99382,0.40613,0.00000,0.00000,18.19025,2
1699,5.02551,4.99396,0.40555,0.00000,0.00000,18.28510,2
1700,5.02429,4.99408,0.40527,0.00000,0.00000,18.95094,2
1701,5.02470,4.99420,0.40587,0.00000,0.00000,18.91497,2
1702,5.02497,4.99433,0.40626,0.00000,0.00000,18.74685,2
1703,5.02481,4.99445,0.40642,0.00000,0.00000,18.81234,2
1704,5.02479,4.99457,0.40670,0.00000,0.00000,18.94647,2
1705,5.02507,4.99469,0.40713,0.00000,0.00000,18.90192,2
1706,5.02521,4.99481,0.40746,0.00000,0.00000,19.08673,2
1707,5.02576,4.99493,0.40804,0.00000,0.00000,19.14107,2
1708,5.02639,4.99506,0.40863,0.00000,0.00000,18.69720,2
1709,5.02591,4.99518,0.40860,0.00000,0.00000,18.61491,2
1710,5.02525,4.99531,0.40855,0.00000,0.00000,18.55072,2
1711,5.02444,4.99542,0.40843,0.00000,0.00000,19.01475,2
1712,5.02476,4.99554,0.40894,0.00000,0.00000,18.90550,2
1713,5.02478,4.99566,0.40920,0.00000,0.00000,18.74992,2
1714,5.02440,4.99577,0.40926,0.00000,0.00000,18.74999,2
1715,5.02403,4.99589,0.40935,0.00000,0.00000,18.84038,2
1716,5.02387,4.99600,0.40956,0.00000,0.00000,18.99868,2
1717,5.02408,4.99611,0.40995,0.00000,0.00000,18.74143,2
1718,5.02364,4.99622,0.40995,0.00000,0.00000,18.72093,2
1719,5.02316,4.99633,0.40997,0.00000,0.00000,19.11440,2
1720,5.02362,4.99644,0.41053,0.00000,0.00000,19.25104,2
1721,5.02436,4.99655,0.41116,0.00000,0.00000,19.82075,2
1722,5.02639,4.99666,0.41251,0.00000,0.00000,19.18846,2
1723,5.02679,4.99678,0.41286,0.00000,0.00000,20.09746,2
1724,5.02932,4.99690,0.41454,0.00000,0.00000,19.99669,2
1725,5.03144,4.99703,0.41585,0.00000,0.00000,18.90218,2
1726,5.03082,4.99717,0.41568,0.00000,0.00000,19.34166,2
1727,5.03127,4.99730,0.41632,0.00000,0.00000,18.91322,2
1728,5.03065,4.99744,0.41628,0.00000,0.00000,19.16272,2
1729,5.03064,4.99757,0.41666,0.00000,0.00000,19.65744,2
1730,5.03177,4.99770,0.41763,0.00000,0.00000,18.90827,2
1731,5.03103,4.99784,0.41747,0.00000,0.00000,19.49861,2
1732,5.03172,4.99797,0.41826,0.00000,0.00000,19.43795,2
1733,5.03219,4.99811,0.41882,0.00000,0.00000,19.14351,2
1734,5.03191,4.99824,0.41898,0.00000,0.00000,19.58252,2
1735,5.03267,4.99838,0.41978,0.00000,0.00000,19.53574,2
1736,5.03325,4.99852,0.42040,0.00000,0.00000,19.20249,2
1737,5.03298,4.99865,0.42057,0.00000,0.00000,19.31525,2
1738,5.03296,4.99879,0.42094,0.00000,0.00000,19.58242,2
1739,5.03356,4.99893,0.42164,0.00000,0.00000,19.59612,2
1740,5.03412,4.99907,0.42228,0.00000,0.00000,19.00481,2
1741,5.03322,4.99921,0.42210,0.00000,0.00000,19.75814,2
1742,5.03414,4.99934,0.42306,0.00000,0.00000,19.54573,2
1743,5.03447,4.99948,0.42354,0.00000,0.00000,19.46722,2
1744,5.03457,4.99962,0.42395,0.00000,0.00000,19.72988,2
1745,5.03527,4.99976,0.42471,0.00000,0.00000,19.39017,2
1746,5.03508,4.99990,0.42494,0.00000,0.00000,19.70526,2
1747,5.03563,5.00005,0.42565,0.00000,0.00000,19.40188,2
1748,5.03540,5.00019,0.42587,0.00000,0.00000,19.93134,2
1749,5.03641,5.00033,0.42684,0.00000,0.00000,18.97278,2
1750,5.03506,5.00047,0.42640,0.00000,0.00000,19.45199,2
1751,5.03489,5.00061,0.42681,0.00000,0.00000,19.37403,2
1752,5.03452,5.00075,0.42699,0.00000,0.00000,19.78617,2
1753,5.03511,5.00088,0.42774,0.00000,0.00000,20.14114,2
1754,5.03649,5.00102,0.42885,0.00000,0.00000,19.79265,2
1755,5.03693,5.00116,0.42938,0.00000,0.00000,19.50354,2
1756,5.03663,5.00130,0.42959,0.00000,0.00000,20.18530,2
1757,5.03795,5.00145,0.43075,0.00000,0.00000,19.62495,2
1758,5.03783,5.00159,0.43099,0.00000,0.00000,19.88404,2
1759,5.03830,5.00174,0.43169,0.00000,0.00000,20.10585,2
1760,5.03924,5.00188,0.43260,0.00000,0.00000,20.01380,2
1761,5.03988,5.00203,0.43331,0.00000,0.00000,20.00971,2
1762,5.04045,5.00218,0.43402,0.00000,0.00000,19.60972,2
1763,5.04000,5.00234,0.43417,0.00000,0.00000,19.89943,2
1764,5.04024,5.00249,0.43477,0.00000,0.00000,19.21104,2
1765,5.03879,5.00264,0.43438,0.00000,0.00000,19.96782,2
1766,5.03919,5.00278,0.43515,0.00000,0.00000,20.41226,2
1767,5.04058,5.00293,0.43633,0.00000,0.00000,20.64975,2
1768,5.04243,5.00308,0.43770,0.00000,0.00000,20.27430,2
1769,5.04325,5.00324,0.43848,0.00000,0.00000,20.08229,2
1770,5.04355,5.00340,0.43906,0.00000,0.00000,20.20752,2
1771,5.04409,5.00356,0.43982,0.00000,0.00000,19.47575,2
1772,5.04283,5.00372,0.43955,0.00000,0.00000,19.43633,2
1773,5.04151,5.00388,0.43938,0.00000,0.00000,20.07428,2
1774,5.04174,5.00403,0.44008,0.00000,0.00000,20.30812,2
1775,5.04247,5.00418,0.44093,0.00000,0.00000,20.21376,2
1776,5.04290,5.00433,0.44158,0.00000,0.00000,20.74431,2
1777,5.04454,5.00449,0.44293,0.00000,0.00000,19.54175,2
1778,5.04319,5.00465,0.44253,0.00000,0.00000,19.91443,2
1779,5.04278,5.00480,0.44288,0.00000,0.00000,20.62696,2
1780,5.04404,5.00495,0.44409,0.00000,0.00000,20.43434,2
1781,5.04473,5.00511,0.44487,0.00000,0.00000,19.84843,2
1782,5.04396,5.00527,0.44487,0.00000,0.00000,20.09927,2
1783,5.04379,5.00542,0.44532,0.00000,0.00000,20.83179,2
1784,5.04534,5.00557,0.44668,0.00000,0.00000,20.33689,2
1785,5.04558,5.00573,0.44719,0.00000,0.00000,20.23930,2
1786,5.04555,5.00589,0.44766,0.00000,0.00000,20.23291,2
1787,5.04546,5.00605,0.44811,0.00000,0.00000,20.54301,2
1788,5.04609,5.00621,0.44897,0.00000,0.00000,19.83102,2
1789,5.04494,5.00637,0.44878,0.00000,0.00000,20.11138,2
1790,5.04449,5.00652,0.44912,0.00000,0.00000,20.01180,2
1791,5.04378,5.00668,0.44925,0.00000,0.00000,20.15262,2
1792,5.04341,5.00682,0.44958,0.00000,0.00000,19.76991,2
1793,5.04211,5.00697,0.44936,0.00000,0.00000,20.29265,2
1794,5.04209,5.00711,0.44991,0.00000,0.00000,20.01657,2
1795,5.04137,5.00725,0.44998,0.00000,0.00000,20.45128,2
1796,5.04169,5.00739,0.45067,0.00000,0.00000,20.14489,2
1797,5.04123,5.00752,0.45084,0.00000,0.00000,20.75604,2
1798,5.04221,5.00766,0.45188,0.00000,0.00000,20.03418,2
1799,5.04138,5.00780,0.45180,0.00000,0.00000,20.08239,2
1800,5.04068,5.00793,0.45193,0.00000,0.00000,20.37412,2
1801,5.04068,5.00806,0.45243,0.00000,0.00000,20.36388,2
1802,5.04061,5.00819,0.45285,0.00000,0.00000,20.92428,2
1803,5.04185,5.00832,0.45399,0.00000,0.00000,20.73662,2
1804,5.04254,5.00846,0.45474,0.00000,0.00000,20.45604,2
1805,5.04249,5.00859,0.45512,0.00000,0.00000,20.31510,2
1806,5.04207,5.00873,0.45536,0.00000,0.00000,21.50621,2
1807,5.04448,5.00886,0.45720,0.00000,0.00000,20.63032,2
1808,5.04463,5.00900,0.45758,0.00000,0.00000,20.99081,2
1809,5.04560,5.00915,0.45861,0.00000,0.00000,20.86685,2
1810,5.04618,5.00929,0.45936,0.00000,0.00000,20.18945,2
1811,5.04509,5.00944,0.45921,0.00000,0.00000,20.51960,2
1812,5.04481,5.00958,0.45963,0.00000,0.00000,20.81932,2
1813,5.04521,5.00972,0.46038,0.00000,0.00000,21.63320,2
1814,5.04749,5.00987,0.46212,0.00000,0.00000,20.49507,2
1815,5.04690,5.01002,0.46212,0.00000,0.00000,20.90924,2
1816,5.04729,5.01016,0.46291,0.00000,0.00000,21.05623,2
1817,5.04797,5.01031,0.46378,0.00000,0.00000,20.88000,2
1818,5.04816,5.01046,0.46435,0.00000,0.00000,20.54757,2
1819,5.04750,5.01061,0.46450,0.00000,0.00000,20.48931,2
1820,5.04671,5.01076,0.46463,0.00000,0.00000,20.49383,2
1821,5.04592,5.01090,0.46477,0.00000,0.00000,20.40215,2
1822,5.04492,5.01105,0.46478,0.00000,0.00000,20.86230,2
1823,5.04503,5.01118,0.46541,0.00000,0.00000,21.32658,2
1824,5.04620,5.01132,0.46655,0.00000,0.00000,21.59149,2
1825,5.04789,5.01146,0.46791,0.00000,0.00000,20.77678,2
1826,5.04751,5.01160,0.46809,0.00000,0.00000,21.24828,2
1827,5.04825,5.01174,0.46906,0.00000,0.00000,21.03107,2
1828,5.04838,5.01189,0.46960,0.00000,0.00000,21.12882,2
1829,5.04870,5.01204,0.47031,0.00000,0.00000,21.17798,2
1830,5.04908,5.01218,0.47103,0.00000,0.00000,20.70165,2
1831,5.04826,5.01233,0.47108,0.00000,0.00000,21.01240,2
1832,5.04820,5.01247,0.47164,0.00000,0.00000,20.83822,2
1833,5.04767,5.01262,0.47188,0.00000,0.00000,20.27809,2
1834,5.04580,5.01276,0.47140,0.00000,0.00000,20.84745,2
1835,5.04536,5.01289,0.47180,0.00000,0.00000,21.72025,2
1836,5.04696,5.01302,0.47324,0.00000,0.00000,21.33873,2
1837,5.04752,5.01316,0.47394,0.00000,0.00000,21.37485,2
1838,5.04811,5.01329,0.47475,0.00000,0.00000,20.57549,2
1839,5.04672,5.01343,0.47445,0.00000,0.00000,21.15413,2
1840,5.04675,5.01357,0.47510,0.00000,0.00000,20.74626,2
1841,5.04576,5.01370,0.47505,0.00000,0.00000,20.96042,2
1842,5.04530,5.01383,0.47538,0.00000,0.00000,21.09345,2
1843,5.04514,5.01395,0.47582,0.00000,0.00000,20.92972,2
1844,5.04456,5.01408,0.47600,0.00000,0.00000,21.23635,2
1845,5.04470,5.01420,0.47662,0.00000,0.00000,21.45679,2
1846,5.04531,5.01432,0.47744,0.00000,0.00000,20.86516,2
1847,5.04445,5.01445,0.47741,0.00000,0.00000,20.72032,2
1848,5.04325,5.01457,0.47730,0.00000,0.00000,21.47738,2
1849,5.04388,5.01468,0.47822,0.00000,0.00000,22.09975,2
1850,5.04592,5.01480,0.47979,0.00000,0.00000,21.41404,2
1851,5.04617,5.01492,0.48028,0.00000,0.00000,21.34139,2
1852,5.04620,5.01505,0.48079,0.00000,0.00000,21.30383,2
1853,5.04611,5.01517,0.48124,0.00000,0.00000,21.66420,2
1854,5.04684,5.01529,0.48216,0.00000,0.00000,21.18461,2
1855,5.04635,5.01542,0.48234,0.00000,0.00000,21.65726,2
1856,5.04698,5.01554,0.48324,0.00000,0.00000,21.47895,2
1857,5.04710,5.01567,0.48378,0.00000,0.00000,20.96889,2
1858,5.04596,5.01580,0.48365,0.00000,0.00000,20.85995,2
1859,5.04460,5.01592,0.48389,0.00000,0.00000,21.77068,2
1860,5.04540,5.01603,0.48519,0.00000,0.00000,21.94485,2
1861,5.04650,5.01615,0.48626,0.00000,0.00000,21.85736,2
1862,5.04730,5.01627,0.48727,0.00000,0.00000,21.61141,2
1863,5.04742,5.01639,0.48793,0.00000,0.00000,21.41809,2
1864,5.04702,5.01652,0.48834,0.00000,0.00000,21.91803,2
1865,5.04779,5.01664,0.48940,0.00000,0.00000,21.48158,2
1866,5.04743,5.01677,0.48997,0.00000,0.00000,21.54845,2
1867,5.04719,5.01689,0.49060,0.00000,0.00000,21.53309,2
1868,5.04686,5.01701,0.49119,0.00000,0.00000,21.87910,2
1869,5.04732,5.01713,0.49216,0.00000,0.00000,21.45804,2
1870,5.04669,5.01725,0.49256,0.00000,0.00000,21.44745,2
1871,5.04601,5.01737,0.49296,0.00000,0.00000,22.15019,2
1872,5.04699,5.01748,0.49417,0.00000,0.00000,22.40387,2
1873,5.04846,5.01760,0.49557,0.00000,0.00000,22.32700,2
1874,5.04962,5.01772,0.49667,0.00000,0.00000,21.38829,2
1875,5.04844,5.01785,0.49671,0.00000,0.00000,21.95738,2
1876,5.04863,5.01797,0.49746,0.00000,0.00000,21.61039,2
1877,5.04793,5.01810,0.49787,0.00000,0.00000,21.91947,2
1878,5.04795,5.01821,0.49861,0.00000,0.00000,21.58589,2
1879,5.04711,5.01833,0.49887,0.00000,0.00000,21.69474,2
1880,5.04653,5.01845,0.49932,0.00000,0.00000,21.64129,2
1881,5.04579,5.01856,0.49959,0.00000,0.00000,22.19612,2
1882,5.04636,5.01867,0.50067,0.00000,0.00000,22.10937,2
1883,5.04663,5.01878,0.50138,0.00000,0.00000,22.21650,2
1884,5.04710,5.01889,0.50224,0.00000,0.00000,21.87061,2
1885,5.04667,5.01901,0.50266,0.00000,0.00000,21.48823,2
1886,5.04530,5.01912,0.50271,0.00000,0.00000,21.97872,2
1887,5.04512,5.01922,0.50339,0.00000,0.00000,21.96270,2
1888,5.04485,5.01932,0.50389,0.00000,0.00000,22.00309,2
1889,5.04463,5.01943,0.50440,0.00000,0.00000,22.51141,2
1890,5.04560,5.01953,0.50562,0.00000,0.00000,21.87792,2
1891,5.04494,5.01963,0.50592,0.00000,0.00000,22.26476,2
1892,5.04519,5.01973,0.50676,0.00000,0.00000,22.19516,2
1893,5.04521,5.01983,0.50746,0.00000,0.00000,22.24518,2
1894,5.04529,5.01994,0.50823,0.00000,0.00000,21.65977,2
1895,5.04391,5.02004,0.50817,0.00000,0.00000,22.09278,2
1896,5.04359,5.02013,0.50871,0.00000,0.00000,22.39065,2
1897,5.04394,5.02023,0.50956,0.00000,0.00000,21.70641,2
1898,5.04259,5.02032,0.50952,0.00000,0.00000,21.76598,2
1899,5.04140,5.02041,0.50977,0.00000,0.00000,22.42953,2
1900,5.04180,5.02049,0.51071,0.00000,0.00000,22.33503,2
1901,5.04188,5.02058,0.51131,0.00000,0.00000,22.16588,2
1902,5.04152,5.02066,0.51177,0.00000,0.00000,21.75699,2
1903,5.04015,5.02075,0.51183,0.00000,0.00000,22.72109,2
1904,5.04109,5.02083,0.51295,0.00000,0.00000,21.89024,2
1905,5.03995,5.02091,0.51293,0.00000,0.00000,22.64559,2
1906,5.04063,5.02098,0.51391,0.00000,0.00000,22.00654,2
1907,5.03969,5.02106,0.51396,0.00000,0.00000,22.04587,2
1908,5.03887,5.02114,0.51427,0.00000,0.00000,21.73367,2
1909,5.03728,5.02121,0.51405,0.00000,0.00000,22.00918,2
1910,5.03639,5.02127,0.51435,0.00000,0.00000,22.74785,2
1911,5.03725,5.02133,0.51540,0.00000,0.00000,21.89282,2
1912,5.03598,5.02140,0.51521,0.00000,0.00000,22.96009,2
1913,5.03728,5.02145,0.51644,0.00000,0.00000,22.40094,2
1914,5.03713,5.02152,0.51677,0.00000,0.00000,22.45979,2
1915,5.03710,5.02158,0.51736,0.00000,0.00000,21.84598,2
1916,5.03557,5.02164,0.51718,0.00000,0.00000,22.76540,2
1917,5.03626,5.02170,0.51817,0.00000,0.00000,22.52354,2
1918,5.03628,5.02176,0.51865,0.00000,0.00000,22.64961,2
1919,5.03657,5.02181,0.52494,0.00000,0.00000,23.28008,2
1920,5.03785,5.02187,0.52550,0.00000,0.00000,23.25085,2
1921,5.03900,5.02194,0.52147,0.00000,0.00000,22.02555,2
1922,5.03754,5.02200,0.52114,0.00000,0.00000,22.68876,2
1923,5.03771,5.02207,0.52185,0.00000,0.00000,22.40190,2
1924,5.03713,5.02213,0.52203,0.00000,0.00000,22.11431,2
1925,5.03587,5.02219,0.52207,0.00000,0.00000,22.40794,2
1926,5.03531,5.02224,0.52788,0.00000,0.00000,23.27511,2
1927,5.03637,5.02230,0.52342,0.00000,0.00000,22.77188,2
1928,5.03657,5.02235,0.52389,0.00000,0.00000,22.92197,2
1929,5.03709,5.02241,0.52473,0.00000,0.00000,22.84662,2
1930,5.03736,5.02247,0.52594,0.00000,0.00000,23.02836,2
1931,5.03795,5.02253,0.52623,0.00000,0.00000,22.70346,2
1932,5.03775,5.02259,0.52668,0.00000,0.00000,22.73257,2
1933,5.03758,5.02265,0.53069,0.00000,0.00000,23.17657,2
1934,5.03815,5.02271,0.52800,0.00000,0.00000,22.58488,2
1935,5.03752,5.02277,0.52826,0.00000,0.00000,22.81392,2
1936,5.03742,5.02283,0.52881,0.00000,0.00000,22.05666,2
1937,5.03548,5.02289,0.53299,0.00000,0.00000,23.22783,2
1938,5.03602,5.02294,0.52934,0.00000,0.00000,22.80426,2
1939,5.03584,5.02299,0.52978,0.00000,0.00000,22.76066,2
1940,5.03552,5.02304,0.53015,0.00000,0.00000,22.77895,2
1941,5.03522,5.02309,0.53071,0.00000,0.00000,22.35335,2
1942,5.03386,5.02314,0.53813,0.00000,0.00000,23.37379,2
1943,5.03436,5.02318,0.53144,0.00000,0.00000,22.62699,2
1944,5.03361,5.02323,0.53158,0.00000,0.00000,22.84814,2
1945,5.03339,5.02327,0.53206,0.00000,0.00000,22.93451,2
1946,5.03333,5.02331,0.53376,0.00000,0.00000,23.05551,2
1947,5.03343,5.02335,0.53323,0.00000,0.00000,22.95480,2
1948,5.03334,5.02339,0.53375,0.00000,0.00000,22.80821,2
1949,5.03285,5.02343,0.53401,0.00000,0.00000,22.67011,2
1950,5.03202,5.02347,0.54470,0.00000,0.00000,23.52847,2
1951,5.03239,5.02350,0.53980,0.00000,0.00000,23.25032,2
1952,5.03249,5.02354,0.53844,0.00000,0.00000,23.15721,2
1953,5.03247,5.02357,0.54507,0.00000,0.00000,23.46342,2
1954,5.03265,5.02361,0.54744,0.00000,0.00000,23.55696,2
1955,5.03286,5.02365,0.53684,0.00000,0.00000,22.91081,2
1956,5.03238,5.02368,0.53706,0.00000,0.00000,22.85710,2
1957,5.03176,5.02372,0.54267,0.00000,0.00000,23.26922,2
1958,5.03168,5.02375,0.54215,0.00000,0.00000,23.22250,2
1959,5.03154,5.02378,0.55177,0.00000,0.00000,23.68081,2
1960,5.03171,5.02381,0.54719,0.00000,0.00000,23.42928,2
1961,5.03166,5.02384,0.54031,0.00000,0.00000,23.06516,2
1962,5.03128,5.02388,0.54729,0.00000,0.00000,23.39731,2
1963,5.03115,5.02391,0.55495,0.00000,0.00000,23.75962,2
1964,5.03126,5.02393,0.54031,0.00000,0.00000,22.95857,2
1965,5.03064,5.02396,0.54552,0.00000,0.00000,23.24960,2
1966,5.03031,5.02399,0.54279,0.00000,0.00000,23.09696,2
1967,5.02983,5.02402,0.54183,0.00000,0.00000,23.03204,2
1968,5.02928,5.02404,0.55249,0.00000,0.00000,23.55690,2
1969,5.02914,5.02406,0.54177,0.00000,0.00000,22.78333,2
1970,5.02802,5.02408,0.55175,0.00000,0.00000,23.50309,2
1971,5.02782,5.02410,0.54798,0.00000,0.00000,23.29183,2
1972,5.02743,5.02411,0.54238,0.00000,0.00000,22.94892,2
1973,5.02667,5.02412,0.54301,0.00000,0.00000,23.02467,2
1974,5.02606,5.02413,0.54277,0.00000,0.00000,23.00130,2
1975,5.02541,5.02414,0.55357,0.00000,0.00000,23.52757,2
1976,5.02516,5.02415,0.55126,0.00000,0.00000,23.39394,2
1977,5.02479,5.02415,0.54970,0.00000,0.00000,23.30766,2
1978,5.02434,5.02415,0.54906,0.00000,0.00000,23.26260,2
1979,5.02383,5.02415,0.55158,0.00000,0.00000,23.37208,2
1980,5.02340,5.02415,0.55537,0.00000,0.00000,23.55317,2
1981,5.02309,5.02415,0.55304,0.00000,0.00000,23.43005,2
1982,5.02269,5.02415,0.54465,0.00000,0.00000,22.87892,2
1983,5.02165,5.02414,0.54942,0.00000,0.00000,23.24177,2
1984,5.02110,5.02413,0.54491,0.00000,0.00000,22.98904,2
1985,5.02032,5.02412,0.56080,0.00000,0.00000,23.78720,2
1986,5.02018,5.02410,0.54803,0.00000,0.00000,23.12865,2
1987,5.01950,5.02409,0.55274,0.00000,0.00000,23.35981,2
1988,5.01900,5.02407,0.54681,0.00000,0.00000,23.05551,2
1989,5.01825,5.02405,0.56745,0.00000,0.00000,23.84763,2
1990,5.01775,5.02403,0.56694,0.00000,0.00000,23.58136,2
1991,5.01666,5.02400,0.57619,0.00000,0.00000,23.81202,2
1992,5.01540,5.02397,0.58128,0.00000,0.00000,23.84037,2
1993,5.01381,5.02394,0.58002,0.00000,0.00000,23.56826,2
1994,5.01170,5.02390,0.58186,0.00000,0.00000,23.69982,2
1995,5.00978,5.02385,0.58722,0.00000,0.00000,23.99989,2
1996,5.00817,5.02379,0.57884,0.00000,0.00000,23.60558,2
1997,5.00631,5.02373,0.58101,0.00000,0.00000,23.74902,2
1998,5.00464,5.02366,0.57677,0.00000,0.00000,23.56605,2
1999,5.00290,5.02358,0.58330,0.00000,0.00000,23.93286,2
2000,5.00153,5.02350,0.57550,0.00000,0.00000,23.57089,2
2001,4.99994,5.02341,0.59513,0.00000,0.00000,24.58316,2
2002,4.99922,5.02332,0.58399,0.00000,0.00000,24.04548,2
2003,4.99811,5.02322,0.57323,0.00000,0.00000,23.52832,2
2004,4.99664,5.02312,0.57990,0.00000,0.00000,23.89013,2
2005,4.99552,5.02302,0.57933,0.00000,0.00000,23.88254,2
2006,4.99444,5.02291,0.58700,0.00000,0.00000,24.29031,2
2007,4.99373,5.02279,0.57954,0.00000,0.00000,23.93207,2
2008,4.99278,5.02268,0.58474,0.00000,0.00000,24.21460,2
2009,4.99209,5.02256,0.57475,0.00000,0.00000,23.73012,2
2010,4.99106,5.02243,0.57456,0.00000,0.00000,23.74324,2
2011,4.99008,5.02231,0.57419,0.00000,0.00000,23.74112,2
2012,4.98914,5.02218,0.57865,0.00000,0.00000,23.98276,2
2013,4.98843,5.02205,0.58147,0.00000,0.00000,24.13932,2
2014,4.98788,5.02191,0.57137,0.00000,0.00000,23.64499,2
2015,4.98696,5.02178,0.57845,0.00000,0.00000,24.01844,2
2016,4.98637,5.02164,0.57254,0.00000,0.00000,23.73474,2
2017,4.98559,5.02150,0.57517,0.00000,0.00000,23.88400,2
2018,4.98497,5.02135,0.57021,0.00000,0.00000,23.64997,2
2019,4.98418,5.02121,0.58246,0.00000,0.00000,24.27959,2
2020,4.98393,5.02106,0.56910,0.00000,0.00000,23.61267,2
2021,4.98316,5.02091,0.57627,0.00000,0.00000,23.98800,2
2022,4.98272,5.02076,0.58091,0.00000,0.00000,24.23004,2
2023,4.98249,5.02061,0.57736,0.00000,0.00000,24.06255,2
2024,4.98214,5.02046,0.58672,0.00000,0.00000,24.54310,2
2025,4.98219,5.02030,0.58175,0.00000,0.00000,24.29699,2
2026,4.98206,5.02015,0.57527,0.00000,0.00000,23.97908,2
2027,4.98168,5.02000,0.58564,0.00000,0.00000,24.51203,2
2028,4.98174,5.01984,0.56725,0.00000,0.00000,23.59304,2
2029,4.98109,5.01969,0.58228,0.00000,0.00000,24.35609,2
2030,4.98106,5.01954,0.57607,0.00000,0.00000,24.04949,2
2031,4.98079,5.01938,0.58337,0.00000,0.00000,24.42812,2
2032,4.98085,5.01923,0.57712,0.00000,0.00000,24.11698,2
2033,4.98066,5.01908,0.57920,0.00000,0.00000,24.23047,2
2034,4.98057,5.01892,0.58120,0.00000,0.00000,24.33097,2
2035,4.98056,5.01877,0.58936,0.00000,0.00000,24.74260,2
2036,4.98088,5.01862,0.58443,0.00000,0.00000,24.49749,2
2037,4.98101,5.01846,0.57120,0.00000,0.00000,23.83935,2
2038,4.98062,5.01831,0.58510,0.00000,0.00000,24.54156,2
2039,4.98079,5.01816,0.59495,0.00000,0.00000,25.03752,2
2040,4.98136,5.01801,0.57484,0.00000,0.00000,24.03034,2
2041,4.98112,5.01787,0.56676,0.00000,0.00000,23.63957,2
2042,4.98061,5.01772,0.58093,0.00000,0.00000,24.36248,2
2043,4.98068,5.01757,0.57806,0.00000,0.00000,24.22150,2
2044,4.98065,5.01742,0.59424,0.00000,0.00000,25.03691,2
2045,4.98126,5.01728,0.58908,0.00000,0.00000,24.77232,2
2046,4.98165,5.01713,0.59140,0.00000,0.00000,24.88745,2
2047,4.98212,5.01699,0.58402,0.00000,0.00000,24.51796,2
2048,4.98229,5.01685,0.58071,0.00000,0.00000,24.35462,2
2049,4.98233,5.01671,0.57340,1.00000,0.00000,23.99701,2
2050,5.02211,5.01658,0.59226,1.00000,0.00000,24.06847,2
2051,5.06002,5.01660,0.62093,1.00000,0.00000,24.82415,2
2052,5.09693,5.01677,0.63187,1.00000,0.00000,24.70074,2
2053,5.13218,5.01709,0.62793,1.00000,0.00000,23.84767,2
2054,5.16526,5.01755,0.64880,0.00000,0.00000,24.25784,2
2055,5.15721,5.01814,0.64871,0.00000,0.00000,24.51172,2
2056,5.14988,5.01870,0.65309,0.00000,0.00000,24.81035,2
2057,5.14302,5.01922,0.64247,0.00000,0.00000,24.35729,2
2058,5.13602,5.01972,0.64379,0.00000,0.00000,24.50459,2
2059,5.12937,5.02019,0.62122,0.00000,0.00000,23.45696,2
2060,5.12212,5.02062,0.63354,0.00000,0.00000,24.16298,2
2061,5.11567,5.02103,0.63663,0.00000,0.00000,24.39341,2
2062,5.10961,5.02141,0.62684,0.00000,0.00000,23.98113,2
2063,5.10344,5.02176,0.64515,0.00000,0.00000,24.97895,2
2064,5.09826,5.02209,0.63679,0.00000,0.00000,24.62489,2
2065,5.09298,5.02239,0.63526,0.00000,0.00000,24.61720,2
2066,5.08788,5.02267,0.62854,0.00000,0.00000,24.34648,2
2067,5.08274,5.02293,0.63426,0.00000,0.00000,24.69939,2
2068,5.07806,5.02317,0.62892,0.00000,0.00000,24.49313,2
2069,5.07338,5.02339,0.63299,0.00000,0.00000,24.76336,2
2070,5.06907,5.02359,0.62908,0.00000,0.00000,24.62420,2
2071,5.06481,5.02377,0.63740,0.00000,0.00000,25.09985,2
2072,5.06108,5.02394,0.63113,0.00000,0.00000,24.83384,2
2073,5.05726,5.02409,0.62769,0.00000,0.00000,24.71319,2
2074,5.05349,5.02422,0.63543,0.00000,0.00000,25.15036,2
2075,5.05018,5.02434,0.62933,0.00000,0.00000,24.88972,2
2076,5.04679,5.02444,0.62965,0.00000,0.00000,24.96017,2
2077,5.04359,5.02453,0.62489,0.00000,0.00000,24.77302,2
2078,5.04037,5.02461,0.62581,0.00000,0.00000,24.86035,2
2079,5.03732,5.02467,0.62535,0.00000,0.00000,24.88479,2
2080,5.03441,5.02472,0.63919,0.00000,0.00000,25.62058,2
2081,5.03219,5.02476,0.62795,0.00000,0.00000,25.09117,2
2082,5.02963,5.02479,0.62503,0.00000,0.00000,24.98965,2
2083,5.02710,5.02481,0.61824,0.00000,0.00000,24.69413,2
2084,5.02444,5.02482,0.61874,0.00000,0.00000,24.76542,2
2085,5.02195,5.02482,0.62409,0.00000,0.00000,25.08188,2
2086,5.01981,5.02480,0.62559,0.00000,0.00000,25.19155,2
2087,5.01785,5.02478,0.61285,0.00000,0.00000,24.59015,2
2088,5.01550,5.02476,0.62462,0.00000,0.00000,25.22178,2
2089,5.01374,5.02472,0.63146,0.00000,0.00000,25.59512,2
2090,5.01234,5.02468,0.61765,0.00000,0.00000,24.92820,2
2091,5.01048,5.02463,0.60810,0.00000,0.00000,24.48397,2
2092,5.00836,5.02457,0.62255,0.00000,0.00000,25.24588,2
2093,5.00691,5.02450,0.61408,0.00000,0.00000,24.84582,2
2094,5.00521,5.02443,0.62906,0.00000,0.00000,25.62858,2
2095,5.00420,5.02436,0.61788,0.00000,0.00000,25.08931,2
2096,5.00281,5.02428,0.61130,0.00000,0.00000,24.78830,2
2097,5.00125,5.02419,0.61662,0.00000,0.00000,25.08330,2
2098,4.99998,5.02410,0.62535,0.00000,0.00000,25.54684,2
2099,4.99914,5.02400,0.60626,0.00000,0.00000,24.60557,2
2100,4.99759,5.02390,0.60838,0.00000,0.00000,24.74588,2
2101,4.99623,5.02380,0.60668,0.00000,0.00000,24.68580,2
2102,4.99487,5.02369,0.60718,0.00000,0.00000,24.74123,2
2103,4.99362,5.02357,0.60836,0.00000,0.00000,24.82642,2
2104,4.99250,5.02345,0.60872,0.00000,0.00000,24.87030,2
2105,4.99147,5.02333,0.61101,0.00000,0.00000,25.01219,2
2106,4.99060,5.02320,0.61164,0.00000,0.00000,25.07353,2
2107,4.98984,5.02307,0.60528,0.00000,0.00000,24.77494,2
2108,4.98889,5.02294,0.61104,0.00000,0.00000,25.08086,2
2109,4.98821,5.02280,0.59965,0.00000,0.00000,24.52991,2
2110,4.98714,5.02266,0.60575,0.00000,0.00000,24.86017,2
2111,4.98639,5.02252,0.59755,0.00000,0.00000,24.47553,2
2112,4.98538,5.02238,0.59326,0.00000,0.00000,24.28682,2
2113,4.98427,5.02223,0.60894,0.00000,0.00000,25.09889,2
2114,4.98386,5.02208,0.61999,0.00000,0.00000,25.66477,2
2115,4.98392,5.02192,0.61157,0.00000,0.00000,25.25536,2
2116,4.98367,5.02177,0.61202,0.00000,0.00000,25.28672,2
2117,4.98347,5.02162,0.60775,0.00000,0.00000,25.08130,2
2118,4.98311,5.02147,0.61298,0.00000,0.00000,25.35745,2
2119,4.98300,5.02131,0.60124,0.00000,0.00000,24.78272,2
2120,4.98246,5.02116,0.60942,0.00000,0.00000,25.20859,2
2121,4.98229,5.02101,0.60813,0.00000,0.00000,25.15168,2
2122,4.98208,5.02085,0.59957,0.00000,0.00000,24.73886,2
2123,4.98157,5.02070,0.59805,0.00000,0.00000,24.67828,2
2124,4.98105,5.02054,0.60342,0.00000,0.00000,24.95887,2
2125,4.98077,5.02038,0.60592,0.00000,0.00000,25.09655,2
2126,4.98063,5.02022,0.60881,0.00000,0.00000,25.24964,2
2127,4.98061,5.02006,0.60947,0.00000,0.00000,25.29428,2
2128,4.98065,5.01991,0.60801,0.00000,0.00000,25.23059,2
2129,4.98065,5.01975,0.59876,0.00000,0.00000,24.78534,2
2130,4.98033,5.01959,0.60942,0.00000,0.00000,25.33666,2
2131,4.98047,5.01944,0.60561,0.00000,0.00000,25.14837,2
2132,4.98046,5.01928,0.61495,0.00000,0.00000,25.61877,2
2133,4.98083,5.01912,0.61475,0.00000,0.00000,25.61303,2
2134,4.98119,5.01897,0.61783,0.00000,0.00000,25.77108,2
2135,4.98167,5.01882,0.61406,0.00000,0.00000,25.57923,2
2136,4.98199,5.01867,0.59943,0.00000,0.00000,24.85049,2
2137,4.98174,5.01853,0.60042,0.00000,0.00000,24.91135,2
2138,4.98156,5.01838,0.62549,0.00000,0.00000,26.17442,2
2139,4.98238,5.01823,0.60499,0.00000,0.00000,25.14109,2
2140,4.98237,5.01809,0.61171,0.00000,0.00000,25.48638,2
2141,4.98264,5.01794,0.61290,0.00000,0.00000,25.55115,2
2142,4.98296,5.01780,0.60458,0.00000,0.00000,25.14088,2
2143,4.98297,5.01766,0.60161,0.00000,0.00000,25.00009,2
2144,4.98288,5.01753,0.60274,0.00000,0.00000,25.06512,2
2145,4.98285,5.01739,0.58897,0.00000,0.00000,24.38411,2
2146,4.98230,5.01725,0.60958,0.00000,0.00000,25.42453,2
2147,4.98259,5.01711,0.60508,0.00000,0.00000,25.19851,2
2148,4.98269,5.01697,0.60428,0.00000,0.00000,25.16044,2
2149,4.98276,5.01683,0.60614,0.00000,0.00000,25.26162,2
2150,4.98292,5.01670,0.61402,0.00000,0.00000,25.65327,2
2151,4.98338,5.01656,0.61513,0.00000,0.00000,25.70596,2
2152,4.98387,5.01643,0.60711,0.00000,0.00000,25.29949,2
2153,4.98403,5.01630,0.61442,0.00000,0.00000,25.67156,2
2154,4.98448,5.01617,0.60765,0.00000,0.00000,25.32949,2
2155,4.98465,5.01604,0.61140,0.00000,0.00000,25.51941,2
2156,4.98498,5.01592,0.61393,0.00000,0.00000,25.65199,2
2157,4.98540,5.01579,0.61344,0.00000,0.00000,25.62805,2
2158,4.98581,5.01567,0.60610,0.00000,0.00000,25.26016,2
2159,4.98592,5.01555,0.62453,0.00000,0.00000,26.18825,2
2160,4.98676,5.01543,0.60720,0.00000,0.00000,25.31367,2
2161,4.98689,5.01532,0.61564,0.00000,0.00000,25.74019,2
2162,4.98736,5.01521,0.60421,0.00000,0.00000,25.17102,2
2163,4.98738,5.01509,0.60999,0.00000,0.00000,25.46474,2
2164,4.98764,5.01498,0.60678,0.00000,0.00000,25.30043,2
2165,4.98776,5.01487,0.59991,0.00000,0.00000,24.96478,2
2166,4.98763,5.01477,0.58946,0.00000,0.00000,24.44421,2
2167,4.98709,5.01466,0.61042,0.00000,0.00000,25.50290,2
2168,4.98740,5.01455,0.62227,0.00000,0.00000,26.09738,2
2169,4.98818,5.01444,0.60842,0.00000,0.00000,25.39520,2
2170,4.98838,5.01433,0.60976,0.00000,0.00000,25.47059,2
2171,4.98865,5.01423,0.59492,0.00000,0.00000,24.72917,2
2172,4.98833,5.01413,0.60584,0.00000,0.00000,25.28057,2
2173,4.98846,5.01402,0.60146,0.00000,0.00000,25.06158,2
2174,4.98842,5.01392,0.60745,0.00000,0.00000,25.36894,2
2175,4.98862,5.01382,0.60019,0.00000,0.00000,25.00449,2
2176,4.98854,5.01372,0.62145,0.00000,0.00000,26.06749,2
2177,4.98928,5.01362,0.61933,0.00000,0.00000,25.94993,2
2178,4.98991,5.01352,0.60949,0.00000,0.00000,25.45944,2
2179,4.99014,5.01343,0.60464,0.00000,0.00000,25.21220,2
2180,4.99017,5.01333,0.61347,0.00000,0.00000,25.65770,2
2181,4.99055,5.01324,0.61495,0.00000,0.00000,25.72802,2
2182,4.99098,5.01315,0.60288,0.00000,0.00000,25.12480,2
2183,4.99093,5.01306,0.61302,0.00000,0.00000,25.63678,2
2184,4.99128,5.01297,0.61851,0.00000,0.00000,25.90515,2
2185,4.99183,5.01289,0.60810,0.00000,0.00000,25.37660,2
2186,4.99195,5.01280,0.61451,0.00000,0.00000,25.69605,2
2187,4.99231,5.01272,0.60251,0.00000,0.00000,25.09373,2
2188,4.99219,5.01264,0.60754,0.00000,0.00000,25.35202,2
2189,4.99229,5.01255,0.58921,0.00000,0.00000,24.43151,2
2190,4.99165,5.01247,0.59956,0.00000,0.00000,24.96563,2
2191,4.99147,5.01239,0.61507,0.00000,0.00000,25.74789,2
2192,4.99191,5.01231,0.62127,0.00000,0.00000,26.05391,2
2193,4.99258,5.01223,0.60433,0.00000,0.00000,25.19796,2
2194,4.99256,5.01215,0.60787,0.00000,0.00000,25.38241,2
2195,4.99269,5.01207,0.61869,0.00000,0.00000,25.92529,2
2196,4.99324,5.01199,0.61253,0.00000,0.00000,25.60987,2
2197,4.99353,5.01192,0.61304,0.00000,0.00000,25.63873,2
2198,4.99384,5.01184,0.60895,0.00000,0.00000,25.43177,2
2199,4.99398,5.01177,0.61253,0.00000,0.00000,25.61526,2
2200,4.99427,5.01170,0.61236,0.00000,0.00000,25.60211,2
2201,4.99454,5.01163,0.60217,0.00000,0.00000,25.08986,2
2202,4.99440,5.01156,0.60136,0.00000,0.00000,25.05627,2
2203,4.99424,5.01149,0.60928,0.00000,0.00000,25.45860,2
2204,4.99441,5.01142,0.60865,0.00000,0.00000,25.42389,2
2205,4.99455,5.01136,0.60700,0.00000,0.00000,25.34102,2
2206,4.99461,5.01129,0.62200,0.00000,0.00000,26.09188,2
2207,4.99527,5.01122,0.61050,0.00000,0.00000,25.50620,2
2208,4.99544,5.01116,0.61834,0.00000,0.00000,25.89412,2
2209,4.99590,5.01109,0.60247,0.00000,0.00000,25.08970,2
2210,4.99571,5.01103,0.62412,0.00000,0.00000,26.17848,2
2211,4.99638,5.01097,0.61373,0.00000,0.00000,25.65407,2
2212,4.99663,5.01091,0.62120,0.00000,0.00000,26.02942,2
2213,4.99716,5.01086,0.60566,0.00000,0.00000,25.24984,2
2214,4.99708,5.01080,0.61459,0.00000,0.00000,25.70110,2
2215,4.99736,5.01075,0.61423,0.00000,0.00000,25.67853,2
2216,4.99760,5.01069,0.59796,0.00000,0.00000,24.85711,2
2217,4.99720,5.01064,0.60702,0.00000,0.00000,25.32174,2
2218,4.99717,5.01059,0.61144,0.00000,0.00000,25.54636,2
2219,4.99733,5.01053,0.60496,0.00000,0.00000,25.21618,2
2220,4.99722,5.01048,0.60728,0.00000,0.00000,25.33776,2
2221,4.99721,5.01043,0.61252,0.00000,0.00000,25.59490,2
2222,4.99739,5.01038,0.59783,0.00000,0.00000,24.85892,2
2223,4.99700,5.01032,0.61181,0.00000,0.00000,25.56752,2
2224,4.99717,5.01027,0.61754,0.00000,0.00000,25.85168,2
2225,4.99757,5.01022,0.59942,0.00000,0.00000,24.94480,2
2226,4.99724,5.01017,0.62016,0.00000,0.00000,25.99136,2
2227,4.99776,5.01012,0.61411,0.00000,0.00000,25.67692,2
2228,4.99800,5.01007,0.59720,0.00000,0.00000,24.83392,2
2229,4.99758,5.01002,0.61383,0.00000,0.00000,25.67575,2
2230,4.99785,5.00997,0.59743,0.00000,0.00000,24.85142,2
2231,4.99745,5.00992,0.60776,0.00000,0.00000,25.37894,2
2232,4.99750,5.00987,0.61943,0.00000,0.00000,25.96511,2
2233,4.99800,5.00982,0.60935,0.00000,0.00000,25.45146,2
2234,4.99808,5.00977,0.60268,0.00000,0.00000,25.12553,2
2235,4.99791,5.00973,0.61197,0.00000,0.00000,25.59098,2
2236,4.99812,5.00968,0.62160,0.00000,0.00000,26.07288,2
2237,4.99869,5.00963,0.61390,0.00000,0.00000,25.67998,2
2238,4.99894,5.00959,0.59626,0.00000,0.00000,24.79938,2
2239,4.99850,5.00955,0.62325,0.00000,0.00000,26.16041,2
2240,4.99914,5.00950,0.60861,0.00000,0.00000,25.41304,2
2241,4.99917,5.00946,0.60901,0.00000,0.00000,25.44314,2
2242,4.99924,5.00942,0.60291,0.00000,0.00000,25.13642,2
2243,4.99906,5.00938,0.60954,0.00000,0.00000,25.46937,2
2244,4.99915,5.00934,0.61487,0.00000,0.00000,25.73887,2
2245,4.99945,5.00930,0.61534,0.00000,0.00000,25.75686,2
2246,4.99975,5.00926,0.61895,0.00000,0.00000,25.93350,2
2247,5.00018,5.00922,0.60735,0.00000,0.00000,25.34734,2
2248,5.00014,5.00918,0.60713,0.00000,0.00000,25.33791,2
2249,5.00009,5.00915,0.61991,0.00000,0.00000,25.97537,2
2250,5.00054,5.00911,0.60257,0.00000,0.00000,25.10109,2
2251,5.00028,5.00908,0.60054,0.00000,0.00000,25.00443,2
2252,4.99997,5.00904,0.60528,0.00000,0.00000,25.24872,2
2253,4.99985,5.00901,0.61214,0.00000,0.00000,25.59779,2
2254,5.00002,5.00897,0.60494,0.00000,0.00000,25.23800,2
2255,4.99991,5.00893,0.60373,0.00000,0.00000,25.18082,2
2256,4.99976,5.00890,0.61048,0.00000,0.00000,25.52086,2
2257,4.99988,5.00886,0.59928,0.00000,0.00000,24.96085,2
2258,4.99956,5.00882,0.60904,0.00000,0.00000,25.45152,2
2259,4.99964,5.00879,0.59998,0.00000,0.00000,24.99971,2
2260,4.99936,5.00875,0.61254,0.00000,0.00000,25.63678,2
2261,4.99959,5.00871,0.61175,0.00000,0.00000,25.59695,2
2262,4.99979,5.00868,0.60339,0.00000,0.00000,25.17734,2
2263,4.99966,5.00864,0.60309,0.00000,0.00000,25.16506,2
2264,4.99952,5.00860,0.61074,0.00000,0.00000,25.55232,2
2265,4.99970,5.00857,0.60942,0.00000,0.00000,25.48766,2
2266,4.99982,5.00853,0.60790,0.00000,0.00000,25.40989,2
2267,4.99988,5.00850,0.61153,0.00000,0.00000,25.59430,2
2268,5.00008,5.00846,0.62039,0.00000,0.00000,26.03637,2
2269,5.00063,5.00843,0.62014,0.00000,0.00000,26.01945,2
2270,5.00115,5.00840,0.60861,0.00000,0.00000,25.43676,2
2271,5.00120,5.00837,0.59479,0.00000,0.00000,24.75079,2
2272,5.00071,5.00834,0.60404,0.00000,0.00000,25.22280,2
2273,5.00062,5.00831,0.59719,0.00000,0.00000,24.87814,2
2274,5.00026,5.00828,0.60781,0.00000,0.00000,25.41882,2
2275,5.00033,5.00825,0.60887,0.00000,0.00000,25.47141,2
2276,5.00045,5.00822,0.62063,0.00000,0.00000,26.06464,2
2277,5.00104,5.00819,0.60176,0.00000,0.00000,25.11580,2
2278,5.00087,5.00816,0.59889,0.00000,0.00000,24.97946,2
2279,5.00060,5.00813,0.61723,0.00000,0.00000,25.90554,2
2280,5.00108,5.00810,0.60320,0.00000,0.00000,25.19610,2
2281,5.00098,5.00807,0.62002,0.00000,0.00000,26.04733,2
2282,5.00157,5.00804,0.60587,0.00000,0.00000,25.33627,2
2283,5.00159,5.00802,0.60471,0.00000,0.00000,25.28521,2
2284,5.00157,5.00799,0.60424,0.00000,0.00000,25.25702,2
2285,5.00153,5.00796,0.59877,0.00000,0.00000,24.98548,2
2286,5.00128,5.00794,0.60235,0.00000,0.00000,25.17812,2
2287,5.00121,5.00791,0.61339,0.00000,0.00000,25.73373,2
2288,5.00157,5.00788,0.59926,0.00000,0.00000,25.02818,2
2289,5.00138,5.00786,0.60278,0.00000,0.00000,25.21520,2
2290,5.00136,5.00783,0.60383,0.00000,0.00000,25.27381,2
2291,5.00139,5.00781,0.60038,0.00000,0.00000,25.10649,2
2292,5.00130,5.00778,0.59612,0.00000,0.00000,24.89401,2
2293,5.00104,5.00776,0.61138,0.00000,0.00000,25.66510,2
2294,5.00140,5.00773,0.59098,0.00000,0.00000,24.63823,2
2295,5.00095,5.00770,0.61293,0.00000,0.00000,25.74932,2
2296,5.00139,5.00768,0.59719,0.00000,0.00000,24.95251,2
2297,5.00118,5.00765,0.60439,0.00000,0.00000,25.32364,2
2298,5.00129,5.00763,0.59914,0.00000,0.00000,25.06176,2
2299,5.00119,5.00760,0.59860,0.00000,0.00000,25.03654,2
2300,5.00108,5.00757,0.61318,0.00000,0.00000,25.76742,2
2301,5.00154,5.00755,0.58761,0.00000,0.00000,24.48544,2
2302,5.00098,5.00752,0.60740,0.00000,0.00000,25.48108,2
2303,5.00122,5.00750,0.61047,0.00000,0.00000,25.63305,2
2304,5.00158,5.00747,0.59455,0.00000,0.00000,24.83277,2
2305,5.00129,5.00745,0.60702,0.00000,0.00000,25.46755,2
2306,5.00153,5.00743,0.60613,0.00000,0.00000,25.42411,2
2307,5.00173,5.00740,0.60543,0.00000,0.00000,25.38717,2
2308,5.00189,5.00738,0.60786,0.00000,0.00000,25.50820,2
2309,5.00215,5.00736,0.61001,0.00000,0.00000,25.62055,2
2310,5.00249,5.00734,0.60514,0.00000,0.00000,25.37396,2
2311,5.00264,5.00732,0.60782,0.00000,0.00000,25.50930,2
2312,5.00289,5.00730,0.59914,0.00000,0.00000,25.07374,2
2313,5.00279,5.00728,0.59265,0.00000,0.00000,24.75454,2
2314,5.00246,5.00726,0.59694,0.00000,0.00000,24.97421,2
2315,5.00231,5.00724,0.60349,0.00000,0.00000,25.30725,2
2316,5.00243,5.00722,0.60422,0.00000,0.00000,25.34036,2
2317,5.00256,5.00720,0.59821,0.00000,0.00000,25.04057,2
2318,5.00247,5.00719,0.61254,0.00000,0.00000,25.76107,2
2319,5.00294,5.00717,0.59635,0.00000,0.00000,24.94921,2
2320,5.00277,5.00715,0.59578,0.00000,0.00000,24.92954,2
2321,5.00260,5.00713,0.59319,0.00000,0.00000,24.80634,2
2322,5.00235,5.00711,0.60306,0.00000,0.00000,25.30874,2
2323,5.00250,5.00710,0.60420,0.00000,0.00000,25.36350,2
2324,5.00269,5.00708,0.59729,0.00000,0.00000,25.01643,2
2325,5.00261,5.00706,0.59311,0.00000,0.00000,24.81781,2
2326,5.00239,5.00704,0.60473,0.00000,0.00000,25.40241,2
2327,5.00263,5.00702,0.59525,0.00000,0.00000,24.92815,2
2328,5.00250,5.00701,0.59831,0.00000,0.00000,25.08632,2
2329,5.00251,5.00699,0.59322,0.00000,0.00000,24.83502,2
2330,5.00232,5.00697,0.60211,0.00000,0.00000,25.28748,2
2331,5.00250,5.00695,0.59377,0.00000,0.00000,24.87268,2
2332,5.00235,5.00693,0.59859,0.00000,0.00000,25.12163,2
2333,5.00242,5.00691,0.60638,0.00000,0.00000,25.51319,2
2334,5.00279,5.00690,0.59360,0.00000,0.00000,24.86919,2
2335,5.00265,5.00688,0.59695,0.00000,0.00000,25.04554,2
2336,5.00266,5.00686,0.58569,0.00000,0.00000,24.48258,2
2337,5.00223,5.00685,0.59131,0.00000,0.00000,24.77625,2
2338,5.00206,5.00683,0.59644,0.00000,0.00000,25.04010,2
2339,5.00211,5.00681,0.58872,0.00000,0.00000,24.66683,2
2340,5.00188,5.00679,0.59825,0.00000,0.00000,25.15116,2
2341,5.00205,5.00677,0.58462,0.00000,0.00000,24.46843,2
2342,5.00168,5.00675,0.58354,0.00000,0.00000,24.42227,2
2343,5.00129,5.00673,0.58799,0.00000,0.00000,24.65716,2
2344,5.00111,5.00671,0.61064,0.00000,0.00000,25.79782,2
2345,5.00184,5.00669,0.59548,0.00000,0.00000,25.03036,2
2346,5.00194,5.00667,0.57708,0.00000,0.00000,24.11700,2
2347,5.00133,5.00665,0.59020,0.00000,0.00000,24.78589,2
2348,5.00128,5.00663,0.58098,0.00000,0.00000,24.32476,2
2349,5.00087,5.00661,0.58296,0.00000,0.00000,24.43698,2
2350,5.00057,5.00658,0.58240,0.00000,0.00000,24.41777,2
2351,5.00028,5.00656,0.58271,0.00000,0.00000,24.44708,2
2352,5.00003,5.00653,0.59870,0.00000,0.00000,25.25641,2
2353,5.00043,5.00651,0.58788,0.00000,0.00000,24.71007,2
2354,5.00040,5.00648,0.59567,0.00000,0.00000,25.10442,2
2355,5.00068,5.00646,0.58490,0.00000,0.00000,24.56717,2
2356,5.00053,5.00644,0.59799,0.00000,0.00000,25.23355,2
2357,5.00093,5.00641,0.58219,0.00000,0.00000,24.44337,2
2358,5.00071,5.00639,0.58738,0.00000,0.00000,24.71621,2
2359,5.00072,5.00637,0.59544,0.00000,0.00000,25.12607,2
2360,5.00106,5.00635,0.59421,0.00000,0.00000,25.06281,2
2361,5.00135,5.00632,0.58490,0.00000,0.00000,24.59653,2
2362,5.00127,5.00630,0.60630,0.00000,0.00000,25.67122,2
2363,5.00203,5.00628,0.58430,0.00000,0.00000,24.56294,2
2364,5.00191,5.00627,0.59311,0.00000,0.00000,25.01165,2
2365,5.00215,5.00625,0.58309,0.00000,0.00000,24.50961,2
2366,5.00199,5.00623,0.58010,0.00000,0.00000,24.36297,2
2367,5.00173,5.00622,0.59306,0.00000,0.00000,25.01719,2
2368,5.00199,5.00620,0.59011,0.00000,0.00000,24.86762,2
2369,5.00213,5.00618,0.57436,0.00000,0.00000,24.08077,2
2370,5.00165,5.00617,0.58901,0.00000,0.00000,24.82969,2
2371,5.00178,5.00615,0.58722,0.00000,0.00000,24.74269,2
2372,5.00186,5.00613,0.58823,0.00000,0.00000,24.79809,2
2373,5.00198,5.00611,0.58618,0.00000,0.00000,24.70072,2
2374,5.00203,5.00610,0.59243,0.00000,0.00000,25.01559,2
2375,5.00233,5.00608,0.58186,0.00000,0.00000,24.49049,2
2376,5.00222,5.00607,0.59379,0.00000,0.00000,25.09357,2
2377,5.00260,5.00605,0.58641,0.00000,0.00000,24.72226,2
2378,5.00267,5.00604,0.58768,0.00000,0.00000,24.79404,2
2379,5.00282,5.00602,0.57708,0.00000,0.00000,24.27209,2
2380,5.00257,5.00601,0.58143,0.00000,0.00000,24.50048,2
2381,5.00251,5.00600,0.58148,0.00000,0.00000,24.51323,2
2382,5.00249,5.00598,0.57861,0.00000,0.00000,24.37576,2
2383,5.00236,5.00597,0.58599,0.00000,0.00000,24.75051,2
2384,5.00254,5.00595,0.58758,0.00000,0.00000,24.83073,2
2385,5.00278,5.00594,0.57109,0.00000,0.00000,24.00300,2
2386,5.00237,5.00593,0.58987,0.00000,0.00000,24.95589,2
2387,5.00273,5.00591,0.57753,0.00000,0.00000,24.33633,2
2388,5.00259,5.00590,0.58512,0.00000,0.00000,24.72457,2
2389,5.00277,5.00589,0.58062,0.00000,0.00000,24.50603,2
2390,5.00280,5.00587,0.57743,0.00000,0.00000,24.35379,2
2391,5.00271,5.00586,0.57366,0.00000,0.00000,24.17786,2
2392,5.00250,5.00585,0.57704,0.00000,0.00000,24.35568,2
2393,5.00246,5.00584,0.57881,0.00000,0.00000,24.44973,2
2394,5.00249,5.00582,0.58441,0.00000,0.00000,24.73401,2
2395,5.00276,5.00581,0.57654,0.00000,0.00000,24.34351,2
2396,5.00271,5.00580,0.58469,0.00000,0.00000,24.75744,2
2397,5.00301,5.00578,0.57433,0.00000,0.00000,24.23696,2
2398,5.00289,5.00577,0.57229,0.00000,0.00000,24.13882,2
2399,5.00270,5.00576,0.55311,0.00000,0.00000,23.18642,2
2400,5.00178,5.00575,0.57731,0.00000,0.00000,24.41975,2
2401,5.00187,5.00573,0.57942,0.00000,0.00000,24.52658,2
2402,5.00204,5.00572,0.58196,0.00000,0.00000,24.65950,2
2403,5.00233,5.00570,0.56803,0.00000,0.00000,23.96830,2
2404,5.00208,5.00569,0.56940,0.00000,0.00000,24.04652,2
2405,5.00191,5.00568,0.57657,0.00000,0.00000,24.41528,2
2406,5.00205,5.00566,0.57031,0.00000,0.00000,24.10333,2
2407,5.00194,5.00565,0.57911,0.00000,0.00000,24.54456,2
2408,5.00219,5.00563,0.57932,0.00000,0.00000,24.55745,2
2409,5.00244,5.00562,0.56898,0.00000,0.00000,24.04609,2
2410,5.00230,5.00561,0.57078,0.00000,0.00000,24.14316,2
2411,5.00224,5.00559,0.55975,0.00000,0.00000,23.59916,2
2412,5.00178,5.00558,0.56656,0.00000,0.00000,23.95662,2
2413,5.00162,5.00556,0.57668,0.00000,0.00000,24.46366,2
2414,5.00187,5.00555,0.57577,0.00000,0.00000,24.42162,2
2415,5.00209,5.00553,0.56671,0.00000,0.00000,23.97414,2
2416,5.00196,5.00552,0.56260,0.00000,0.00000,23.77745,2
2417,5.00169,5.00550,0.56371,0.00000,0.00000,23.84865,2
2418,5.00151,5.00549,0.56151,0.00000,0.00000,23.74301,2
2419,5.00126,5.00547,0.56089,0.00000,0.00000,23.72438,2
2420,5.00101,5.00546,0.56986,0.00000,0.00000,24.18179,2
2421,5.00114,5.00544,0.57223,0.00000,0.00000,24.30554,2
2422,5.00137,5.00542,0.57305,0.00000,0.00000,24.34622,2
2423,5.00163,5.00541,0.56714,0.00000,0.00000,24.05061,2
2424,5.00165,5.00539,0.57008,0.00000,0.00000,24.20190,2
2425,5.00180,5.00538,0.56987,0.00000,0.00000,24.19767,2
2426,5.00196,5.00536,0.57867,0.00000,0.00000,24.64391,2
2427,5.00247,5.00535,0.57211,0.00000,0.00000,24.31106,2
2428,5.00270,5.00534,0.56909,0.00000,0.00000,24.16925,2
2429,5.00284,5.00533,0.57268,0.00000,0.00000,24.35280,2
2430,5.00312,5.00532,0.55875,0.00000,0.00000,23.65787,2
2431,5.00286,5.00531,0.56063,0.00000,0.00000,23.76264,2
2432,5.00270,5.00530,0.56345,0.00000,0.00000,23.91135,2
2433,5.00268,5.00529,0.55916,0.00000,0.00000,23.70234,2
2434,5.00250,5.00528,0.56835,0.00000,0.00000,24.16856,2
2435,5.00269,5.00527,0.55645,0.00000,0.00000,23.57430,2
2436,5.00242,5.00525,0.56524,0.00000,0.00000,24.02589,2
2437,5.00253,5.00524,0.56353,0.00000,0.00000,23.94289,2
2438,5.00257,5.00523,0.55541,0.00000,0.00000,23.54611,2
2439,5.00232,5.00522,0.54874,0.00000,0.00000,23.22456,2
2440,5.00184,5.00521,0.55906,0.00000,0.00000,23.75664,2
2441,5.00180,5.00520,0.54724,0.00000,0.00000,23.17222,2
2442,5.00132,5.00518,0.55771,0.00000,0.00000,23.71216,2
2443,5.00130,5.00517,0.56290,0.00000,0.00000,23.98033,2
2444,5.00150,5.00515,0.56058,0.00000,0.00000,23.86329,2
2445,5.00160,5.00514,0.57013,0.00000,0.00000,24.35216,2
2446,5.00210,5.00512,0.55627,0.00000,0.00000,23.65914,2
2447,5.00205,5.00511,0.55749,0.00000,0.00000,23.73061,2
2448,5.00208,5.00510,0.55756,0.00000,0.00000,23.74283,2
2449,5.00213,5.00509,0.55032,0.00000,0.00000,23.14485,2
2450,5.00133,5.00508,0.56251,0.00000,0.00000,23.53930,2
2451,5.00051,5.00506,0.55600,0.00000,0.00000,22.98301,2
2452,4.99889,5.00504,0.57202,0.00000,0.00000,23.60531,2
2453,4.99750,5.00502,0.57604,0.00000,0.00000,23.60927,2
2454,4.99581,5.00499,0.57579,0.00000,0.00000,23.64868,2
2455,4.99426,5.00495,0.57011,0.00000,0.00000,23.41227,2
2456,4.99262,5.00491,0.57442,0.00000,0.00000,23.67672,2
2457,4.99129,5.00486,0.57825,0.00000,0.00000,23.91035,2
2458,4.99022,5.00480,0.58097,0.00000,0.00000,24.08975,2
2459,4.98937,5.00475,0.57336,0.00000,0.00000,23.74281,2
2460,4.98832,5.00468,0.56272,0.00000,0.00000,23.25852,2
2461,4.98698,5.00462,0.56415,0.00000,0.00000,23.37175,2
2462,4.98582,5.00455,0.55999,0.00000,0.00000,23.20792,2
2463,4.98461,5.00447,0.55644,0.00000,0.00000,23.07149,2
2464,4.98337,5.00439,0.56642,0.00000,0.00000,23.61364,2
2465,4.98264,5.00431,0.55706,0.00000,0.00000,23.18075,2
2466,4.98164,5.00422,0.56505,0.00000,0.00000,23.61980,2
2467,4.98106,5.00413,0.57684,0.00000,0.00000,24.24070,2
2468,4.98102,5.00404,0.55779,0.00000,0.00000,23.31860,2
2469,4.98031,5.00395,0.55217,0.00000,0.00000,23.07884,2
2470,4.97948,5.00385,0.56222,0.00000,0.00000,23.62656,2
2471,4.97917,5.00376,0.55375,0.00000,0.00000,23.23045,2
2472,4.97859,5.00366,0.54857,0.00000,0.00000,22.99926,2
2473,4.97789,5.00356,0.56711,0.00000,0.00000,23.96658,2
2474,4.97801,5.00346,0.54919,0.00000,0.00000,23.09113,2
2475,4.97747,5.00335,0.54825,0.00000,0.00000,23.07862,2
2476,4.97699,5.00325,0.55246,0.00000,0.00000,23.31870,2
2477,4.97675,5.00315,0.54552,0.00000,0.00000,22.66409,2
2478,4.97551,5.00304,0.55784,0.00000,0.00000,23.66377,2
2479,4.97568,5.00293,0.54423,0.00000,0.00000,22.96347,2
2480,4.97526,5.00282,0.54954,0.00000,0.00000,23.29900,2
2481,4.97523,5.00271,0.54308,0.00000,0.00000,22.98714,2
2482,4.97497,5.00260,0.55355,0.00000,0.00000,23.55023,2
2483,4.97521,5.00249,0.55323,0.00000,0.00000,23.55132,2
2484,4.97548,5.00238,0.55144,0.00000,0.00000,23.48101,2
2485,4.97571,5.00227,0.54149,0.00000,0.00000,22.92019,2
2486,4.97541,5.00217,0.54086,0.00000,0.00000,22.91215,2
2487,4.97514,5.00206,0.54987,0.00000,0.00000,23.48097,2
2488,4.97550,5.00195,0.53995,0.00000,0.00000,22.59072,2
2489,4.97453,5.00185,0.54229,0.00000,0.00000,23.16481,2
2490,4.97476,5.00174,0.54155,0.00000,0.00000,23.14506,2
2491,4.97499,5.00163,0.54163,0.00000,0.00000,23.17058,2
2492,4.97527,5.00152,0.54004,0.00000,0.00000,23.10633,2
2493,4.97552,5.00142,0.53939,0.00000,0.00000,23.08954,2
2494,4.97578,5.00131,0.54338,0.00000,0.00000,23.30735,2
2495,4.97623,5.00121,0.54154,0.00000,0.00000,23.22669,2
2496,4.97664,5.00111,0.53659,0.00000,0.00000,22.95320,2
2497,4.97678,5.00101,0.53854,0.00000,0.00000,23.10946,2
2498,4.97713,5.00092,0.53607,0.00000,0.00000,22.65411,2
2499,4.97659,5.00082,0.53530,0.00000,0.00000,22.79618,2
2500,4.97646,5.00073,0.53499,0.00000,0.00000,22.69362,2
2501,4.97611,5.00063,0.53445,0.00000,0.00000,22.71569,2
2502,4.97585,5.00053,0.53386,0.00000,0.00000,22.69084,2
2503,4.97559,5.00043,0.53333,0.00000,0.00000,22.51573,2
2504,4.97496,5.00033,0.53998,0.00000,0.00000,23.36829,2
2505,4.97583,5.00023,0.53275,0.00000,0.00000,22.15976,2
2506,4.97439,5.00013,0.53153,0.00000,0.00000,22.70127,2
2507,4.97435,5.00003,0.53120,0.00000,0.00000,22.70023,2
2508,4.97434,4.99993,0.53065,0.00000,0.00000,22.46661,2
2509,4.97381,4.99982,0.52992,1.00000,0.00000,22.99180,2
2510,5.01460,4.99972,0.54764,1.00000,0.00000,22.72114,2
2511,5.05279,4.99978,0.56090,1.00000,0.00000,22.72630,2
2512,5.08942,4.99999,0.57393,1.00000,0.00000,22.69845,2
2513,5.12446,5.00035,0.58665,1.00000,0.00000,22.45169,2
2514,5.15743,5.00085,0.59867,0.00000,0.00000,22.60208,2
2515,5.14937,5.00147,0.59305,0.00000,0.00000,22.62135,2
2516,5.14192,5.00206,0.59093,0.00000,0.00000,22.71765,2
2517,5.13497,5.00262,0.58891,0.00000,0.00000,22.83046,2
2518,5.12856,5.00315,0.58715,0.00000,0.00000,22.26811,2
2519,5.12103,5.00365,0.58659,0.00000,0.00000,23.09105,2
2520,5.11561,5.00412,0.58344,0.00000,0.00000,21.89671,2
2521,5.10768,5.00457,0.58066,0.00000,0.00000,22.99712,2
2522,5.10270,5.00498,0.57969,0.00000,0.00000,22.23925,2
2523,5.09606,5.00537,0.57750,0.00000,0.00000,22.76108,2
2524,5.09094,5.00574,0.57622,0.00000,0.00000,22.48567,2
2525,5.08533,5.00608,0.57449,0.00000,0.00000,22.40776,2
2526,5.07975,5.00639,0.57275,0.00000,0.00000,22.60955,2
2527,5.07487,5.00669,0.57134,0.00000,0.00000,22.57939,2
2528,5.07010,5.00696,0.56989,0.00000,0.00000,21.76671,2
2529,5.06358,5.00721,0.56739,0.00000,0.00000,22.02092,2
2530,5.05795,5.00744,0.56546,0.00000,0.00000,21.45693,2
2531,5.05121,5.00764,0.56277,0.00000,0.00000,22.39053,2
2532,5.04700,5.00781,0.56151,0.00000,0.00000,22.98583,2
2533,5.04436,5.00797,0.56089,0.00000,0.00000,21.81507,2
2534,5.03903,5.00812,0.55860,0.00000,0.00000,22.22895,2
2535,5.03493,5.00824,0.55716,0.00000,0.00000,22.28959,2
2536,5.03115,5.00835,0.55576,0.00000,0.00000,22.39857,2
2537,5.02779,5.00844,0.55452,0.00000,0.00000,22.08236,2
2538,5.02383,5.00852,0.55288,0.00000,0.00000,22.49604,2
2539,5.02103,5.00858,0.55189,0.00000,0.00000,22.18523,2
2540,5.01761,5.00863,0.55043,0.00000,0.00000,22.06384,2
2541,5.01406,5.00866,0.54891,0.00000,0.00000,21.99143,2
2542,5.01052,5.00868,0.54736,0.00000,0.00000,22.29255,2
2543,5.00785,5.00869,0.54627,0.00000,0.00000,22.26698,2
2544,5.00525,5.00869,0.54512,0.00000,0.00000,22.15618,2
2545,5.00252,5.00867,0.54385,0.00000,0.00000,22.47401,2
2546,5.00068,5.00865,0.54306,0.00000,0.00000,21.89348,2
2547,4.99754,5.00862,0.54146,0.00000,0.00000,21.70112,2
2548,4.99411,5.00857,0.53977,0.00000,0.00000,22.03783,2
2549,4.99167,5.00852,0.53861,0.00000,0.00000,21.91065,2
2550,4.98905,5.00845,0.53724,0.00000,0.00000,21.58990,2
2551,4.98580,5.00837,0.53552,0.00000,0.00000,21.63248,2
2552,4.98284,5.00828,0.53396,0.00000,0.00000,22.17304,2
2553,4.98133,5.00818,0.53316,0.00000,0.00000,22.17347,2
2554,4.97990,5.00807,0.53228,0.00000,0.00000,21.77885,2
2555,4.97762,5.00796,0.53090,0.00000,0.00000,22.20660,2
2556,4.97650,5.00784,0.53021,0.00000,0.00000,21.23455,2
2557,4.97314,5.00771,0.52815,0.00000,0.00000,22.77293,2
2558,4.97364,5.00757,0.52841,0.00000,0.00000,21.87060,2
2559,4.97197,5.00744,0.52714,0.00000,0.00000,21.58061,2
2560,4.96973,5.00730,0.52571,0.00000,0.00000,22.66104,2
2561,4.97020,5.00715,0.52582,0.00000,0.00000,22.13539,2
2562,4.96941,5.00700,0.52501,0.00000,0.00000,21.46122,2
2563,4.96708,5.00685,0.52344,0.00000,0.00000,21.89285,2
2564,4.96594,5.00669,0.52262,0.00000,0.00000,21.85052,2
2565,4.96477,5.00653,0.52168,0.00000,0.00000,22.67420,2
2566,4.96566,5.00636,0.52189,0.00000,0.00000,21.70072,2
2567,4.96419,5.00620,0.52062,0.00000,0.00000,21.85850,2
2568,4.96322,5.00603,0.51980,0.00000,0.00000,21.17364,2
2569,4.96070,5.00586,0.51806,0.00000,0.00000,21.54389,2
2570,4.95923,5.00568,0.51700,0.00000,0.00000,22.56460,2
2571,4.96029,5.00549,0.51727,0.00000,0.00000,21.43424,2
2572,4.95863,5.00531,0.51581,0.00000,0.00000,21.49898,2
2573,4.95725,5.00512,0.51472,0.00000,0.00000,21.82093,2
2574,4.95675,5.00493,0.51408,0.00000,0.00000,21.21206,2
2575,4.95485,5.00474,0.51258,0.00000,0.00000,21.43443,2
2576,4.95362,5.00454,0.51155,0.00000,0.00000,21.27837,2
2577,4.95212,5.00434,0.51029,0.00000,0.00000,21.02851,2
2578,4.95014,5.00413,0.50878,0.00000,0.00000,21.61921,2
2579,4.94971,5.00391,0.50815,0.00000,0.00000,21.75467,2
2580,4.94966,5.00369,0.50760,0.00000,0.00000,21.74202,2
2581,4.94962,5.00348,0.50703,0.00000,0.00000,21.51329,2
2582,4.94908,5.00326,0.50618,0.00000,0.00000,21.33244,2
2583,4.94818,5.00305,0.50516,0.00000,0.00000,21.95802,2
2584,4.94887,5.00283,0.50504,0.00000,0.00000,21.02252,2
2585,4.94732,5.00261,0.50356,0.00000,0.00000,21.23580,2
2586,4.94642,5.00239,0.50260,0.00000,0.00000,21.52442,2
2587,4.94629,5.00217,0.50201,0.00000,0.00000,21.81413,2
2588,4.94690,5.00194,0.50177,0.00000,0.00000,21.18774,2
2589,4.94603,5.00172,0.50065,0.00000,0.00000,21.68436,2
2590,4.94643,5.00150,0.50035,0.00000,0.00000,21.24156,2
2591,4.94580,5.00128,0.49938,0.00000,0.00000,21.76400,2
2592,4.94650,5.00106,0.49922,0.00000,0.00000,21.23612,2
2593,4.94594,5.00084,0.49826,0.00000,0.00000,21.87284,2
2594,4.94697,5.00062,0.49829,0.00000,0.00000,21.36193,2
2595,4.94678,5.00040,0.49752,0.00000,0.00000,20.86891,2
2596,4.94547,5.00019,0.49621,0.00000,0.00000,21.15601,2
2597,4.94496,4.99997,0.49544,0.00000,0.00000,21.31926,2
2598,4.94491,4.99975,0.49484,0.00000,0.00000,21.10045,2
2599,4.94439,4.99953,0.49395,0.00000,0.00000,21.59994,2
2600,4.94513,4.99931,0.49379,0.00000,0.00000,20.59941,2
2601,4.94348,4.99909,0.49221,0.00000,0.00000,21.52489,2
2602,4.94419,4.99887,0.49211,0.00000,0.00000,21.44238,2
2603,4.94470,4.99865,0.49173,0.00000,0.00000,20.45112,2
2604,4.94287,4.99844,0.49005,0.00000,0.00000,21.99885,2
2605,4.94488,4.99821,0.49070,0.00000,0.00000,21.40158,2
2606,4.94538,4.99800,0.49021,0.00000,0.00000,20.71175,2
2607,4.94428,4.99779,0.48895,0.00000,0.00000,21.19761,2
2608,4.94444,4.99758,0.48852,0.00000,0.00000,21.35581,2
2609,4.94501,4.99736,0.48821,0.00000,0.00000,21.50664,2
2610,4.94596,4.99716,0.48809,0.00000,0.00000,20.86539,2
2611,4.94537,4.99695,0.48709,0.00000,0.00000,21.01813,2
2612,4.94523,4.99674,0.48646,0.00000,0.00000,20.74294,2
2613,4.94449,4.99654,0.48545,0.00000,0.00000,20.81245,2
2614,4.94400,4.99633,0.48463,0.00000,0.00000,20.50099,2
2615,4.94284,4.99612,0.48340,0.00000,0.00000,21.05100,2
2616,4.94309,4.99591,0.48301,0.00000,0.00000,21.12357,2
2617,4.94355,4.99570,0.48262,0.00000,0.00000,20.77918,2
2618,4.94321,4.99549,0.48177,0.00000,0.00000,21.57326,2
2619,4.94484,4.99528,0.48208,0.00000,0.00000,20.67883,2
2620,4.94428,4.99508,0.48104,0.00000,0.00000,20.10038,2
2621,4.94243,4.99487,0.47944,0.00000,0.00000,20.73732,2
2622,4.94226,4.99466,0.47885,0.00000,0.00000,20.59666,2
2623,4.94179,4.99445,0.47797,0.00000,0.00000,21.40898,2
2624,4.94333,4.99424,0.47823,0.00000,0.00000,20.80729,2
2625,4.94340,4.99404,0.47752,0.00000,0.00000,20.38235,2
2626,4.94251,4.99384,0.47639,0.00000,0.00000,20.55112,2
2627,4.94212,4.99363,0.47561,0.00000,0.00000,20.62629,2
2628,4.94197,4.99343,0.47493,0.00000,0.00000,20.23863,2
2629,4.94096,4.99322,0.47373,0.00000,0.00000,20.24379,2
2630,4.94006,4.99301,0.47266,0.00000,0.00000,20.67736,2
2631,4.94029,4.99280,0.47220,0.00000,0.00000,20.41399,2
2632,4.93993,4.99259,0.47132,0.00000,0.00000,20.77495,2
2633,4.94050,4.99238,0.47101,0.00000,0.00000,20.28554,2
2634,4.93992,4.99217,0.46999,0.00000,0.00000,21.47693,2
2635,4.94226,4.99196,0.47068,0.00000,0.00000,20.10062,2
2636,4.94124,4.99176,0.46929,0.00000,0.00000,21.11212,2
2637,4.94275,4.99156,0.46957,0.00000,0.00000,20.41403,2
2638,4.94255,4.99137,0.46871,0.00000,0.00000,20.59282,2
2639,4.94285,4.99117,0.46826,0.00000,0.00000,19.90047,2
2640,4.94152,4.99098,0.46686,0.00000,0.00000,20.36972,2
2641,4.94145,4.99078,0.46628,0.00000,0.00000,20.49550,2
2642,4.94171,4.99058,0.46579,0.00000,0.00000,20.91710,2
2643,4.94302,4.99039,0.46586,0.00000,0.00000,20.90613,2
2644,4.94427,4.99020,0.46583,0.00000,0.00000,20.61755,2
2645,4.94482,4.99001,0.46543,0.00000,0.00000,20.28265,2
2646,4.94460,4.98983,0.46465,0.00000,0.00000,21.02117,2
2647,4.94619,4.98965,0.46495,0.00000,0.00000,19.85738,2
2648,4.94497,4.98948,0.46355,0.00000,0.00000,20.03766,2
2649,4.94431,4.98930,0.46267,0.00000,0.00000,20.86610,2
2650,4.94569,4.98912,0.46289,0.00000,0.00000,20.72190,2
2651,4.94669,4.98895,0.46274,0.00000,0.00000,20.31311,2
2652,4.94672,4.98878,0.46209,0.00000,0.00000,20.71321,2
2653,4.94775,4.98861,0.46208,0.00000,0.00000,20.13472,2
2654,4.94739,4.98845,0.46122,0.00000,0.00000,20.27820,2
2655,4.94744,4.98828,0.46070,0.00000,0.00000,19.59428,2
2656,4.94590,4.98812,0.45925,0.00000,0.00000,20.70131,2
2657,4.94713,4.98795,0.45947,0.00000,0.00000,19.76879,2
2658,4.94611,4.98779,0.45822,0.00000,0.00000,19.93795,2
2659,4.94560,4.98762,0.45742,0.00000,0.00000,20.85094,2
2660,4.94733,4.98745,0.45783,0.00000,0.00000,19.45583,2
2661,4.94569,4.98729,0.45619,0.00000,0.00000,20.68439,2
2662,4.94711,4.98712,0.45653,0.00000,0.00000,20.15099,2
2663,4.94723,4.98696,0.45589,0.00000,0.00000,20.19848,2
2664,4.94750,4.98681,0.45546,0.00000,0.00000,19.65542,2
2665,4.94651,4.98665,0.45430,0.00000,0.00000,20.70156,2
2666,4.94811,4.98649,0.45469,0.00000,0.00000,20.00792,2
2667,4.94801,4.98633,0.45394,0.00000,0.00000,19.67390,2
2668,4.94718,4.98618,0.45290,0.00000,0.00000,20.31819,2
2669,4.94796,4.98602,0.45283,0.00000,0.00000,19.91798,2
2670,4.94779,4.98587,0.45210,0.00000,0.00000,19.94991,2
2671,4.94776,4.98572,0.45152,0.00000,0.00000,20.20619,2
2672,4.94838,4.98557,0.45130,0.00000,0.00000,19.60248,2
2673,4.94757,4.98542,0.45023,0.00000,0.00000,19.69099,2
2674,4.94707,4.98527,0.44943,0.00000,0.00000,19.66319,2
2675,4.94657,4.98512,0.44861,0.00000,0.00000,20.16036,2
2676,4.94732,4.98496,0.44848,0.00000,0.00000,19.78650,2
2677,4.94718,4.98481,0.44777,0.00000,0.00000,19.57759,2
2678,4.94660,4.98466,0.44687,0.00000,0.00000,19.25398,2
2679,4.94533,4.98451,0.44562,0.00000,0.00000,19.49398,2
2680,4.94475,4.98435,0.44479,0.00000,0.00000,20.05267,2
2681,4.94557,4.98419,0.44469,0.00000,0.00000,19.70727,2
2682,4.94556,4.98404,0.44402,0.00000,0.00000,20.11651,2
2683,4.94658,4.98388,0.44399,0.00000,0.00000,19.67326,2
2684,4.94653,4.98373,0.44330,0.00000,0.00000,20.14141,2
2685,4.94765,4.98359,0.44334,0.00000,0.00000,20.03874,2
2686,4.94850,4.98344,0.44315,0.00000,0.00000,19.08833,2
2687,4.94709,4.98330,0.44173,0.00000,0.00000,19.97671,2
2688,4.94793,4.98316,0.44173,0.00000,0.00000,19.52429,2
2689,4.94768,4.98302,0.44095,0.00000,0.00000,19.67297,2
2690,4.94785,4.98288,0.44049,0.00000,0.00000,19.02593,2
2691,4.94651,4.98274,0.43915,0.00000,0.00000,19.57157,2
2692,4.94660,4.98259,0.43872,0.00000,0.00000,19.76624,2
2693,4.94717,4.98245,0.43845,0.00000,0.00000,20.40365,2
2694,4.94928,4.98231,0.43900,0.00000,0.00000,19.37545,2
2695,4.94887,4.98217,0.43804,0.00000,0.00000,19.84057,2
2696,4.94964,4.98204,0.43795,0.00000,0.00000,19.68548,2
2697,4.95005,4.98191,0.43756,0.00000,0.00000,19.03569,2
2698,4.94893,4.98178,0.43635,0.00000,0.00000,19.40763,2
2699,4.94880,4.98165,0.43581,0.00000,0.00000,19.12223,2
2700,4.94804,4.98152,0.43483,0.00000,0.00000,19.22607,2
2701,4.94761,4.98139,0.43408,0.00000,0.00000,19.81459,2
2702,4.94865,4.98125,0.43412,0.00000,0.00000,19.98799,2
2703,4.95008,4.98112,0.43427,0.00000,0.00000,19.54391,2
2704,4.95043,4.98100,0.43380,0.00000,0.00000,19.24683,2
2705,4.95009,4.98087,0.43304,0.00000,0.00000,20.03961,2
2706,4.95171,4.98075,0.43342,0.00000,0.00000,19.47933,2
2707,4.95194,4.98064,0.43289,0.00000,0.00000,19.39492,2
2708,4.95201,4.98052,0.43238,0.00000,0.00000,19.75060,2
2709,4.95297,4.98041,0.43238,0.00000,0.00000,19.83406,2
2710,4.95411,4.98030,0.43243,0.00000,0.00000,19.92180,2
2711,4.95543,4.98019,0.43258,0.00000,0.00000,19.20920,2
2712,4.95503,4.98009,0.43176,0.00000,0.00000,18.70896,2
2713,4.95351,4.97999,0.43044,0.00000,0.00000,19.14524,2
2714,4.95316,4.97989,0.42985,0.00000,0.00000,18.97924,2
2715,4.95245,4.97978,0.42897,0.00000,0.00000,19.22828,2
2716,4.95242,4.97967,0.42849,0.00000,0.00000,19.33219,2
2717,4.95268,4.97956,0.42811,0.00000,0.00000,19.10498,2
2718,4.95242,4.97945,0.42742,0.00000,0.00000,19.24406,2
2719,4.95254,4.97935,0.42699,0.00000,0.00000,19.78060,2
2720,4.95398,4.97924,0.42726,0.00000,0.00000,18.97439,2
2721,4.95346,4.97914,0.42635,0.00000,0.00000,19.44525,2
2722,4.95413,4.97903,0.42626,0.00000,0.00000,19.44920,2
2723,4.95481,4.97894,0.42608,0.00000,0.00000,19.42157,2
2724,4.95543,4.97884,0.42588,0.00000,0.00000,19.16950,2
2725,4.95546,4.97875,0.42535,0.00000,0.00000,19.66118,2
2726,4.95670,4.97865,0.42555,0.00000,0.00000,19.34987,2
2727,4.95716,4.97856,0.42524,0.00000,0.00000,19.50797,2
2728,4.95802,4.97848,0.42521,0.00000,0.00000,19.41569,2
2729,4.95865,4.97840,0.42503,0.00000,0.00000,19.49798,2
2730,4.95948,4.97832,0.42499,0.00000,0.00000,18.69248,2
2731,4.95838,4.97824,0.42386,0.00000,0.00000,19.40981,2
2732,4.95910,4.97816,0.42390,0.00000,0.00000,19.04251,2
2733,4.95893,4.97809,0.42329,0.00000,0.00000,19.17396,2
2734,4.95912,4.97801,0.42296,0.00000,0.00000,18.72326,2
2735,4.95826,4.97793,0.42201,0.00000,0.00000,18.80794,2
2736,4.95768,4.97786,0.42130,0.00000,0.00000,19.52781,2
2737,4.95889,4.97778,0.42156,0.00000,0.00000,19.13243,2
2738,4.95912,4.97770,0.42114,0.00000,0.00000,19.16830,2
2739,4.95946,4.97763,0.42086,0.00000,0.00000,19.12558,2
2740,4.95972,4.97755,0.42053,0.00000,0.00000,19.40781,2
2741,4.96067,4.97748,0.42060,0.00000,0.00000,18.61459,2
2742,4.95971,4.97741,0.41956,0.00000,0.00000,18.82392,2
2743,4.95935,4.97734,0.41899,0.00000,0.00000,19.14558,2
2744,4.95980,4.97727,0.41882,0.00000,0.00000,18.16254,2
2745,4.95792,4.97720,0.41729,0.00000,0.00000,18.71984,2
2746,4.95752,4.97712,0.41675,0.00000,0.00000,18.60535,2
2747,4.95688,4.97705,0.41596,0.00000,0.00000,18.96887,2
2748,4.95719,4.97697,0.41571,0.00000,0.00000,19.08896,2
2749,4.95779,4.97689,0.41555,0.00000,0.00000,18.86739,2
2750,4.95787,4.97681,0.41509,0.00000,0.00000,18.97534,2
2751,4.95825,4.97673,0.41482,0.00000,0.00000,19.51311,2
2752,4.95992,4.97666,0.41527,0.00000,0.00000,18.85105,2
2753,4.95995,4.97659,0.41472,0.00000,0.00000,18.72864,2
2754,4.95974,4.97653,0.41415,0.00000,0.00000,18.18470,2
2755,4.95828,4.97646,0.41291,0.00000,0.00000,18.71828,2
2756,4.95820,4.97639,0.41253,0.00000,0.00000,18.40156,2
2757,4.95741,4.97631,0.41163,0.00000,0.00000,19.15314,2
2758,4.95848,4.97624,0.41182,0.00000,0.00000,18.58365,2
2759,4.95817,4.97617,0.41110,0.00000,0.00000,18.72226,2
2760,4.95825,4.97610,0.41071,0.00000,0.00000,18.48506,2
2761,4.95779,4.97602,0.40999,0.00000,0.00000,18.63300,2
2762,4.95775,4.97595,0.40954,0.00000,0.00000,18.80991,2
2763,4.95817,4.97588,0.40931,0.00000,0.00000,18.75714,2
2764,4.95847,4.97581,0.40899,0.00000,0.00000,18.44094,2
2765,4.95804,4.97574,0.40827,0.00000,0.00000,18.87986,2
2766,4.95872,4.97567,0.40822,0.00000,0.00000,18.60140,2
2767,4.95873,4.97560,0.40772,0.00000,0.00000,18.62246,2
2768,4.95883,4.97553,0.40732,0.00000,0.00000,18.72682,2
2769,4.95920,4.97546,0.40707,0.00000,0.00000,18.50532,2
2770,4.95907,4.97540,0.40651,0.00000,0.00000,18.77746,2
2771,4.95962,4.97533,0.40639,0.00000,0.00000,18.03708,2
2772,4.95842,4.97527,0.40522,0.00000,0.00000,17.98938,2
2773,4.95721,4.97520,0.40419,0.00000,0.00000,18.88433,2
2774,4.95823,4.97513,0.40438,0.00000,0.00000,18.88166,2
2775,4.95922,4.97506,0.40439,0.00000,0.00000,18.46693,2
2776,4.95920,4.97500,0.40386,0.00000,0.00000,18.69209,2
2777,4.95976,4.97494,0.40372,0.00000,0.00000,18.46516,2
2778,4.95978,4.97488,0.40325,0.00000,0.00000,18.23189,2
2779,4.95929,4.97482,0.40253,0.00000,0.00000,18.50577,2
2780,4.95951,4.97475,0.40224,0.00000,0.00000,18.97139,2
2781,4.96086,4.97469,0.40253,0.00000,0.00000,18.36729,2
2782,4.96072,4.97464,0.40192,0.00000,0.00000,19.01156,2
2783,4.96218,4.97458,0.40231,0.00000,0.00000,18.31353,2
2784,4.96191,4.97453,0.40163,0.00000,0.00000,17.89254,2
2785,4.96071,4.97448,0.40056,0.00000,0.00000,18.42977,2
2786,4.96088,4.97443,0.40032,0.00000,0.00000,17.45245,2
2787,4.95875,4.97437,0.39868,0.00000,0.00000,18.52262,2
2788,4.95932,4.97431,0.39872,0.00000,0.00000,18.68782,2
2789,4.96027,4.97425,0.39876,0.00000,0.00000,18.21213,2
2790,4.96007,4.97420,0.39813,0.00000,0.00000,19.03426,2
2791,4.96188,4.97414,0.39873,0.00000,0.00000,18.11612,2
2792,4.96144,4.97409,0.39791,0.00000,0.00000,17.69882,2
2793,4.96007,4.97404,0.39676,0.00000,0.00000,18.13919,2
2794,4.95986,4.97398,0.39631,0.00000,0.00000,17.94003,2
2795,4.95922,4.97393,0.39552,0.00000,0.00000,18.23311,2
2796,4.95934,4.97387,0.39520,0.00000,0.00000,18.11347,2
2797,4.95920,4.97381,0.39466,0.00000,0.00000,18.07207,2
2798,4.95901,4.97375,0.39411,0.00000,0.00000,18.45133,2
2799,4.95976,4.97369,0.39410,0.00000,0.00000,17.78236,2
2800,4.95892,4.97364,0.39313,0.00000,0.00000,17.92436,2
2801,4.95850,4.97358,0.39251,0.00000,0.00000,18.21979,2
2802,4.95883,4.97352,0.39227,0.00000,0.00000,18.29064,2
2803,4.95935,4.97346,0.39208,0.00000,0.00000,18.24109,2
2804,4.95976,4.97340,0.39182,0.00000,0.00000,18.86627,2
2805,4.96168,4.97335,0.39242,0.00000,0.00000,18.37775,2
2806,4.96235,4.97330,0.39222,0.00000,0.00000,18.45274,2
2807,4.96321,4.97326,0.39224,0.00000,0.00000,18.02168,2
2808,4.96304,4.97322,0.39167,0.00000,0.00000,17.91313,2
2809,4.96265,4.97318,0.39105,0.00000,0.00000,18.39026,2
2810,4.96345,4.97313,0.39112,0.00000,0.00000,18.01846,2
2811,4.96335,4.97310,0.39060,0.00000,0.00000,18.55161,2
2812,4.96456,4.97306,0.39088,0.00000,0.00000,18.20692,2
2813,4.96491,4.97302,0.39059,0.00000,0.00000,18.02486,2
2814,4.96484,4.97299,0.39014,0.00000,0.00000,18.54511,2
2815,4.96605,4.97296,0.39044,0.00000,0.00000,18.44944,2
2816,4.96700,4.97293,0.39050,0.00000,0.00000,18.11523,2
2817,4.96713,4.97291,0.39013,0.00000,0.00000,18.47521,2
2818,4.96814,4.97288,0.39033,0.00000,0.00000,17.04493,2
2819,4.96572,4.97286,0.38854,0.00000,0.00000,17.92418,2
2820,4.96557,4.97284,0.38827,0.00000,0.00000,18.21014,2
2821,4.96612,4.97281,0.38822,0.00000,0.00000,18.07365,2
2822,4.96635,4.97278,0.38792,0.00000,0.00000,18.32490,2
2823,4.96719,4.97275,0.38801,0.00000,0.00000,17.54400,2
2824,4.96615,4.97273,0.38700,0.00000,0.00000,17.39746,2
2825,4.96486,4.97271,0.38599,0.00000,0.00000,17.85676,2
2826,4.96476,4.97267,0.38565,0.00000,0.00000,18.00392,2
2827,4.96504,4.97264,0.38543,0.00000,0.00000,18.48583,2
2828,4.96648,4.97261,0.38583,0.00000,0.00000,17.90009,2
2829,4.96648,4.97259,0.38534,0.00000,0.00000,18.22930,2
2830,4.96730,4.97256,0.38543,0.00000,0.00000,17.33315,2
2831,4.96596,4.97254,0.38426,0.00000,0.00000,17.58571,2
2832,4.96534,4.97252,0.38364,0.00000,0.00000,18.24716,2
2833,4.96635,4.97249,0.38387,0.00000,0.00000,17.44301,2
2834,4.96541,4.97246,0.38290,0.00000,0.00000,17.68313,2
2835,4.96514,4.97243,0.38244,0.00000,0.00000,18.12270,2
2836,4.96595,4.97240,0.38253,0.00000,0.00000,17.78526,2
2837,4.96594,4.97238,0.38209,0.00000,0.00000,17.21350,2
2838,4.96460,4.97235,0.38096,0.00000,0.00000,17.12254,2
2839,4.96316,4.97232,0.37987,0.00000,0.00000,17.85978,2
2840,4.96357,4.97229,0.37982,0.00000,0.00000,16.98917,2
2841,4.96192,4.97225,0.37845,0.00000,0.00000,18.34325,2
2842,4.96361,4.97221,0.37912,0.00000,0.00000,18.21849,2
2843,4.96494,4.97218,0.37932,0.00000,0.00000,17.88198,2
2844,4.96542,4.97215,0.37910,0.00000,0.00000,18.07774,2
2845,4.96639,4.97212,0.37922,0.00000,0.00000,17.76218,2
2846,4.96658,4.97210,0.37888,0.00000,0.00000,17.51573,2
2847,4.96621,4.97207,0.37829,0.00000,0.00000,17.18053,2
2848,4.96509,4.97205,0.37733,0.00000,0.00000,18.18796,2
2849,4.96646,4.97202,0.37780,0.00000,0.00000,17.04895,2
2850,4.96507,4.97200,0.37654,0.00000,0.00000,17.71519,2
2851,4.96538,4.97197,0.37644,0.00000,0.00000,18.04563,2
2852,4.96648,4.97195,0.37665,0.00000,0.00000,17.74404,2
2853,4.96683,4.97192,0.37639,0.00000,0.00000,17.78040,2
2854,4.96728,4.97190,0.37625,0.00000,0.00000,17.32485,2
2855,4.96665,4.97189,0.37550,0.00000,0.00000,17.23409,2
2856,4.96588,4.97186,0.37475,0.00000,0.00000,17.66354,2
2857,4.96619,4.97184,0.37462,0.00000,0.00000,17.40380,2
2858,4.96590,4.97182,0.37405,0.00000,0.00000,17.86620,2
2859,4.96675,4.97179,0.37418,0.00000,0.00000,17.63170,2
2860,4.96703,4.97177,0.37390,0.00000,0.00000,17.70424,2
2861,4.96750,4.97176,0.37378,0.00000,0.00000,17.96285,2
2862,4.96858,4.97174,0.37399,0.00000,0.00000,17.82217,2
2863,4.96930,4.97173,0.37396,0.00000,0.00000,18.13353,2
2864,4.97075,4.97172,0.37438,0.00000,0.00000,17.82707,2
2865,4.97142,4.97171,0.37432,0.00000,0.00000,17.22243,2
2866,4.97065,4.97171,0.37352,0.00000,0.00000,17.98031,2
2867,4.97176,4.97171,0.37387,0.00000,0.00000,17.86143,2
2868,4.97253,4.97171,0.37391,0.00000,0.00000,17.74102,2
2869,4.97301,4.97171,0.37382,0.00000,0.00000,17.61080,2
2870,4.97318,4.97172,0.37358,0.00000,0.00000,17.16367,2
2871,4.97231,4.97172,0.37278,0.00000,0.00000,17.94230,2
2872,4.97336,4.97172,0.37313,0.00000,0.00000,17.45465,2
2873,4.97321,4.97173,0.37267,0.00000,0.00000,17.78349,2
2874,4.97388,4.97174,0.37276,0.00000,0.00000,17.64482,2
2875,4.97420,4.97174,0.37260,0.00000,0.00000,17.60218,2
2876,4.97444,4.97175,0.37242,0.00000,0.00000,17.38644,2
2877,4.97417,4.97177,0.37197,0.00000,0.00000,17.92766,2
2878,4.97522,4.97177,0.37230,0.00000,0.00000,17.39743,2
2879,4.97498,4.97179,0.37181,0.00000,0.00000,17.93464,2
2880,4.97606,4.97180,0.37181,0.00000,0.00000,17.24215,2
