0,0,0,0.24,0.03999999999999998
0.01,0.0012,0.0001999999999999999,0.2376,0.03959999999999997
0.02,0.002382,0.0003969999999999998,0.235236,0.03920599999999999
0.03,0.00354627,0.0005910449999999997,0.23290746,0.03881790999999998
0.04,0.00469307595,0.0007821793249999996,0.2306138481,0.03843564134999999
0.05,0.00582267981075,0.0009704466351249996,0.2283546403785,0.03805910672974999
0.06,0.00693533961358875,0.001155889935598125,0.2261293207728225,0.03768822012880374
0.07000000000000001,0.008031309519384919,0.001338551586564153,0.2239373809612301,0.03732289682687168
0.08,0.009110839876594145,0.00151847331276569,0.2217783202468117,0.03696305337446859
0.09,0.01017417727844523,0.001695696213074205,0.2196516454431095,0.03660860757385156
0.1,0.01122156461926855,0.001870260769878092,0.2175568707614629,0.0362594784602438
0.11,0.01225324114997953,0.00204220685832992,0.2154935177000409,0.03591558628334013
0.12,0.01326944253272983,0.002211573755454971,0.2134611149345403,0.03557685248909004
0.13,0.01427040089473889,0.002378400149123147,0.2114591982105222,0.03524319970175369
0.14,0.0152563448813178,0.002542724146886299,0.2094873102373644,0.03491455170622737
0.15,0.01622749970809804,0.002704583284683005,0.2075450005838039,0.03459083343063396
0.16,0.01718408721247657,0.002864014535412759,0.2056318255750469,0.03427197092917447
0.17,0.01812632590428942,0.003021054317381568,0.2037473481914212,0.03395789136523683
0.18,0.01905443101572508,0.003175738502620844,0.2018911379685498,0.03364852299475829
0.19,0.0199686145504892,0.003328102425081531,0.2000627708990216,0.03334379514983693
0.2,0.02086908533223186,0.003478180888705309,0.1982618293355363,0.03304363822258935
0.21,0.02175604905224839,0.003626008175374729,0.1964879018955032,0.03274798364925052
0.22,0.02262970831646466,0.003771618052744108,0.1947405833670707,0.03245676389451177
0.23,0.02349026269171769,0.003915043781952946,0.1930194746165646,0.0321699124360941
0.24,0.02433790875134192,0.004056318125223651,0.1913241824973161,0.03188736374955267
0.25,0.02517284012007179,0.004195473353345297,0.1896543197598564,0.03160905329330937
0.26,0.02599524751827071,0.004332541253045117,0.1880095049634586,0.03133491749390974
0.27,0.02680531880549665,0.00446755313424944,0.1863893623890067,0.03106489373150109
0.28,0.0276032390234142,0.004600539837235698,0.1847935219531716,0.03079892032552858
0.29,0.02838919043806299,0.004731531739677162,0.183221619123874,0.03053693652064565
0.3,0.02916335258149205,0.004860558763582005,0.1816732948370159,0.03027888247283597
0.31,0.02992590229276966,0.004987650382128275,0.1801481954144607,0.03002469923574344
0.32,0.03067701375837812,0.005112835626396351,0.1786459724832438,0.02977432874720728
0.33,0.03141685855200245,0.005236143092000406,0.1771662828959951,0.02952771381599917
0.34,0.03214560567372241,0.005357600945620399,0.1757087886525552,0.02928479810875917
0.35,0.03286342158861658,0.005477236931436093,0.1742731568227668,0.0290455261371278
0.36,0.03357047026478733,0.005595078377464552,0.1728590594704253,0.02880984324507088
0.37,0.03426691321081552,0.005711152201802583,0.171466173578369,0.02857769559639481
0.38,0.03495290951265329,0.005825484918775544,0.1700941809746934,0.02834903016244888
0.39,0.03562861586996349,0.005938102644993911,0.168742768260073,0.02812379471001217
0.4,0.03629418663191403,0.006049031105319002,0.1674116267361719,0.02790193778936198
0.41,0.03694977383243532,0.006158295638739216,0.1661004523351294,0.02768340872252154
0.42,0.03759552722494879,0.006265921204158128,0.1648089455501024,0.02746815759168372
0.43,0.03823159431657456,0.006371932386095755,0.1635368113668509,0.02725613522780848
0.44,0.03885812040182594,0.006476353400304319,0.1622837591963481,0.02704729319939134
0.45,0.03947524859579855,0.006579208099299754,0.1610495028084029,0.02684158380140048
0.46,0.04008311986686158,0.006680519977810257,0.1598337602662768,0.02663896004437946
0.47,0.04068187306885866,0.006780312178143104,0.1586362538622827,0.02643937564371376
0.48,0.04127164497282577,0.006878607495470957,0.1574567100543484,0.02624278500905808
0.49,0.04185257029823339,0.006975428383038893,0.1562948594035332,0.02604914323392218
0.5,0.04242478174375989,0.00707079695729331,0.1551504365124802,0.02585840608541337
0.51,0.04298841001760349,0.00716473500293391,0.154023179964793,0.02567052999413216
0.52,0.04354358386733944,0.007257263977889902,0.1529128322653211,0.02548547204422016
0.53,0.04409043010932935,0.007348405018221553,0.1518191397813413,0.02530318996355688
0.54,0.04462907365768941,0.00743817894294823,0.1507418526846212,0.02512364211410351
0.55,0.04515963755282407,0.007526606258804007,0.1496807248943519,0.02494678748239196
0.5600000000000001,0.0456822429895317,0.007613707164921947,0.1486355140209366,0.02477258567015608
0.5700000000000001,0.04619700934468873,0.007699501557448117,0.1476059813106225,0.02460099688510375
0.58,0.0467040542045184,0.007784009034086396,0.1465918915909632,0.02443198193182719
0.59,0.04720349339145062,0.0078672488985751,0.1455930132170987,0.02426550220284979
0.6,0.04769544099057886,0.007949240165096473,0.1446091180188423,0.02410151966980703
0.61,0.04818000937572018,0.008030001562620025,0.1436399812485596,0.02393999687475992
0.62,0.04865730923508438,0.008109551539180726,0.1426853815298312,0.02378089692163854
0.63,0.04912744959655811,0.008187908266093015,0.1417451008068838,0.02362418346781395
0.64,0.04959053785260974,0.00826508964210162,0.1408189242947805,0.02346982071579673
0.65,0.05004667978482059,0.008341113297470096,0.1399066404303588,0.02331777340505978
0.66,0.05049597958804829,0.008415996598008044,0.1390080408239034,0.0231680068039839
0.67,0.05093853989422756,0.008489756649037923,0.1381229202115449,0.02302048670192414
0.68,0.05137446179581415,0.008562410299302355,0.1372510764083717,0.02287517940139527
0.6900000000000001,0.05180384486887694,0.008633974144812819,0.1363923102622461,0.02273205171037435
0.7000000000000001,0.05222678719584379,0.008704464532640626,0.1355464256083124,0.02259107093471874
0.71,0.05264338538790613,0.008773897564651016,0.1347132292241877,0.02245220487069793
0.72,0.05305373460708754,0.008842289101181251,0.1338925307858249,0.02231542179763749
0.73,0.05345792858798123,0.008909654764663532,0.1330841428240375,0.02218069047067292
0.74,0.05385605965916151,0.008976009943193579,0.132287880681677,0.02204798011361281
0.75,0.05424821876427408,0.009041369794045675,0.1315035624714518,0.02191726041190864
0.76,0.05463449548280997,0.009105749247134989,0.1307310090343801,0.02178850150573
0.77,0.05501497805056782,0.009169163008427964,0.1299700438988644,0.02166167398314406
0.78,0.0553897533798093,0.009231625563301545,0.1292204932403814,0.0215367488733969
0.79,0.05575890707911216,0.009293151179852022,0.1284821858417757,0.02141369764029594
0.8,0.05612252347292548,0.00935375391215424,0.127754953054149,0.02129249217569151
0.8100000000000001,0.0564806856208316,0.009413447603471927,0.1270386287583368,0.02117310479305612
0.8200000000000001,0.05683347533651913,0.009472245889419847,0.1263330493269617,0.02105550822116029
0.8300000000000001,0.05718097320647134,0.00953016220107855,0.1256380535870573,0.02093967559784288
0.84,0.05752325860837427,0.009587209768062372,0.1249534827832515,0.02082558046387523
0.85,0.05786040972924866,0.009643401621541436,0.1242791805415027,0.0207131967569171
0.86,0.05819250358330993,0.009698750597218314,0.1236149928333801,0.02060249880556336
0.87,0.05851961602956028,0.009753269338260038,0.1229607679408794,0.0204934613234799
0.88,0.05884182178911688,0.009806970298186137,0.1223163564217662,0.0203860594036277
0.89,0.05915919446228012,0.009859865743713345,0.1216816110754397,0.02028026851257328
0.9,0.05947180654534592,0.009911967757557644,0.1210563869093081,0.02017606448488468
0.91,0.05977972944716573,0.009963288241194279,0.1204405411056685,0.02007342351761143
0.92,0.06008303350545825,0.01001383891757636,0.1198339329890835,0.01997232216484726
0.93,0.06038178800287637,0.01006363133381272,0.1192364239942472,0.01987273733237455
0.9400000000000001,0.06067606118283322,0.01011267686380553,0.1186478776343335,0.01977464627238892
0.9500000000000001,0.06096592026509073,0.01016098671084844,0.1180681594698185,0.01967802657830309
0.96,0.06125143146111436,0.01020857191018572,0.1174971370777713,0.01958285617962854
0.97,0.06153265998919765,0.01025544333153293,0.1169346800216047,0.01948911333693412
0.98,0.06180967008935968,0.01030161168155994,0.1163806598212806,0.01939677663688011
0.99,0.06208252503801929,0.01034708750633654,0.1158349499239614,0.01930582498732691
1,0.062351287162449,0.01039188119374149,0.115297425675102,0.01921623761251701
1.01,0.06261601785501227,0.01043600297583537,0.1147679642899755,0.01912799404832924
1.02,0.06287677758718709,0.01047946293119784,0.1142464448256258,0.01904107413760431
1.03,0.06313362592337927,0.01052227098722987,0.1137327481532414,0.01895545802554024
1.04,0.06338662153452859,0.01056443692242142,0.1132267569309428,0.01887112615515713
1.05,0.06363582221151066,0.0106059703685851,0.1127283555769787,0.01878805926282978
1.06,0.06388128487833801,0.01064688081305632,0.112237430243324,0.01870623837388732
1.07,0.06412306560516294,0.01068717760086048,0.1117538687896741,0.01862564479827902
1.08,0.0643612196210855,0.01072686993684757,0.111277560757829,0.01854626012630484
1.09,0.06459580132676922,0.01076596688779486,0.1108083973464616,0.01846806622441027
1.1,0.06482686430686768,0.01080447738447794,0.1103462713862646,0.01839104523104412
1.11,0.06505446134226467,0.01084241022371077,0.1098910773154707,0.01831517955257844
1.12,0.0652786444221307,0.01087977407035511,0.1094427111557386,0.01824045185928977
1.13,0.06549946475579874,0.01091657745929978,0.1090010704884025,0.01816684508140043
1.14,0.06571697278446176,0.01095282879741028,0.1085660544310765,0.01809434240517943
1.15,0.06593121819269483,0.01098853636544913,0.1081375636146103,0.01802292726910174
1.16,0.06614224991980441,0.01102370831996739,0.1077155001603912,0.01795258336006519
1.17,0.06635011617100735,0.01105835269516788,0.1072997676579853,0.01788329460966423
1.18,0.06655486442844223,0.01109247740474036,0.1068902711431155,0.01781504519051924
1.19,0.0667565414620156,0.01112609024366926,0.1064869170759688,0.01774781951266147
1.2,0.06695519334008536,0.01115919889001422,0.1060896133198293,0.01768160221997156
1.21,0.06715086543998408,0.011191810906664,0.1056982691200318,0.01761637818667197
1.22,0.06734360245838432,0.01122393374306404,0.1053127950832314,0.01755213251387189
1.23,0.06753344842150856,0.01125557473691808,0.1049331031569829,0.01748885052616381
1.24,0.06772044669518593,0.01128674111586431,0.1045591066096281,0.01742651776827137
1.25,0.06790463999475814,0.01131743999912635,0.1041907200104837,0.01736512000174728
1.26,0.06808607039483677,0.01134767839913945,0.1038278592103264,0.01730464320172106
1.27,0.06826477933891423,0.01137746322315236,0.1034704413221715,0.01724507355369526
1.28,0.06844080764883051,0.01140680127480507,0.103118384702339,0.01718639745038983
1.29,0.06861419553409805,0.011435699255683,0.1027716089318039,0.01712860148863399
1.3,0.06878498260108658,0.01146416376684775,0.1024300347978268,0.01707167246630448
1.31,0.06895320786207028,0.01149220131034504,0.1020935842758594,0.01701559737930991
1.32,0.06911890974413923,0.01151981829068986,0.1017621805117215,0.01696036341862026
1.33,0.06928212609797714,0.01154702101632951,0.1014357478040457,0.01690595796734096
1.34,0.06944289420650748,0.01157381570108457,0.101114211586985,0.01685236859783085
1.35,0.06960125079340987,0.0116002084655683,0.1007974984131803,0.01679958306886337
1.36,0.06975723203150871,0.01162620533858478,0.1004855359369826,0.01674758932283044
1.37,0.06991087355103609,0.011651812258506,0.1001782528979278,0.01669637548298797
1.38,0.07006221044777054,0.01167703507462841,0.09987557910445891,0.01664592985074315
1.39,0.07021127729105399,0.01170187954850899,0.09957744541789201,0.01659624090298201
1.4,0.07035810813168818,0.01172635135528135,0.09928378373662364,0.01654729728943727
1.41,0.07050273650971285,0.01175045608495213,0.09899452698057429,0.01649908783009571
1.42,0.07064519546206716,0.01177419924367785,0.09870960907586568,0.01645160151264427
1.43,0.07078551753013615,0.01179758625502268,0.09842896493972769,0.01640482748995462
1.44,0.07092373476718411,0.01182062246119734,0.09815253046563177,0.01635875507760529
1.45,0.07105987874567635,0.01184331312427938,0.0978802425086473,0.01631337375144121
1.46,0.07119398056449121,0.01186566342741519,0.09761203887101758,0.01626867314516961
1.47,0.07132607085602384,0.01188767847600396,0.09734785828795231,0.01622464304799207
1.48,0.07145617979318349,0.0119093632988639,0.09708764041363302,0.01618127340227218
1.49,0.07158433709628573,0.01193072284938095,0.09683132580742854,0.01613855430123809
1.5,0.07171057203984144,0.01195176200664023,0.09657885592031712,0.01609647598671951
1.51,0.07183491345924381,0.01197248557654063,0.09633017308151237,0.01605502884691873
1.52,0.07195738975735515,0.01199289829289252,0.0960852204852897,0.01601420341421494
1.53,0.07207802891099482,0.01201300481849913,0.09584394217801034,0.01597399036300173
1.54,0.0721968584773299,0.01203280974622164,0.09560628304534019,0.01593438050755669
1.55,0.07231390560016995,0.01205231760002832,0.09537218879966008,0.01589536479994336
1.56,0.0724291970161674,0.01207153283602789,0.09514160596766519,0.01585693432794419
1.57,0.07254275906092489,0.01209045984348748,0.09491448187815021,0.01581908031302504
1.58,0.07265461767501101,0.01210910294583516,0.09469076464997797,0.01578179410832964
1.59,0.07276479840988584,0.01212746640164764,0.09447040318022831,0.01574506719670471
1.6,0.07287332643373755,0.01214555440562292,0.0942533471325249,0.01570889118875413
1.61,0.07298022653723149,0.01216337108953858,0.09403954692553701,0.01567325782092283
1.62,0.07308552313917302,0.0121809205231955,0.09382895372165395,0.01563815895360898
1.63,0.07318924029208543,0.01219820671534756,0.09362151941582914,0.01560358656930486
1.64,0.07329140168770415,0.01221523361461735,0.09341719662459169,0.01556953277076528
1.65,0.07339203066238859,0.01223200511039809,0.09321593867522282,0.01553598977920378
1.66,0.07349115020245275,0.01224852503374212,0.09301769959509448,0.01550294993251575
1.67,0.07358878294941597,0.01226479715823599,0.09282243410116806,0.015470405683528
1.68,0.07368495120517472,0.01228082520086245,0.09263009758965055,0.01543834959827509
1.69,0.0737796769370971,0.01229661282284951,0.0924406461258058,0.01540677435430096
1.7,0.07387298178304064,0.01231216363050677,0.09225403643391872,0.01537567273898643
1.71,0.07396488705629503,0.01232748117604917,0.09207022588740993,0.01534503764790165
1.72,0.0740554137504506,0.01234256895840843,0.09188917249909878,0.01531486208318311
1.73,0.07414458254419384,0.0123574304240323,0.0917108349116123,0.01528513915193536
1.74,0.07423241380603093,0.01237206896767182,0.09153517238793812,0.01525586206465634
1.75,0.07431892759894047,0.01238648793315674,0.09136214480211904,0.01522702413368648
1.76,0.07440414368495636,0.01240069061415939,0.09119171263008727,0.01519861877168119
1.77,0.07448808152968202,0.012414680254947,0.09102383694063595,0.01517063949010597
1.78,0.07457076030673679,0.0124284600511228,0.09085847938652641,0.01514307989775437
1.79,0.07465219890213573,0.01244203315035595,0.09069560219572853,0.01511593369928807
1.8,0.07473241591860369,0.01245540265310061,0.09053516816279261,0.01508919469379874
1.81,0.07481142967982464,0.0124685716133041,0.09037714064035071,0.01506285677339178
1.82,0.07488925823462728,0.01248154303910454,0.09022148353074544,0.01503691392179091
1.83,0.07496591936110787,0.01249431989351798,0.09006816127778425,0.01501136021296404
1.84,0.07504143057069125,0.01250690509511521,0.08991713885861749,0.01498618980976957
1.85,0.07511580911213088,0.01251930151868848,0.08976838177573823,0.01496139696262302
1.86,0.07518907197544891,0.01253151199590815,0.08962185604910217,0.01493697600818367
1.87,0.07526123589581718,0.01254353931596953,0.08947752820836563,0.01491292136806094
1.88,0.07533231735737993,0.01255538622622998,0.08933536528524014,0.01488922754754002
1.89,0.07540233259701923,0.01256705543283653,0.08919533480596153,0.0148658891343269
1.9,0.07547129760806394,0.01257854960134399,0.08905740478387211,0.01484290079731201
1.91,0.07553922814394298,0.01258987135732383,0.08892154371211403,0.01482025728535233
1.92,0.07560613972178384,0.01260102328696397,0.0887877205564323,0.01479795342607204
1.93,0.07567204762595708,0.01261200793765951,0.08865590474808582,0.01477598412468095
1.94,0.07573696691156773,0.01262282781859462,0.08852606617686454,0.01475434436281076
1.95,0.07580091240789422,0.0126334854013157,0.08839817518421156,0.01473302919736857
1.96,0.0758638987217758,0.01264398312029596,0.08827220255644838,0.01471203375940805
1.97,0.07592594024094917,0.01265432337349152,0.08814811951810164,0.01469135325301693
1.98,0.07598705113733493,0.01266450852288915,0.08802589772533012,0.01467098295422167
1.99,0.07604724537027491,0.01267454089504581,0.08790550925945018,0.01465091820990835
2,0.07610653668972078,0.01268442278162012,0.08778692662055843,0.01463115443675972
2.01,0.07616493863937497,0.01269415643989582,0.08767012272125005,0.01461168712020833
2.02,0.07622246455978435,0.01270374409329738,0.0875550708804313,0.01459251181340521
2.03,0.07627912759138758,0.01271318793189792,0.08744174481722483,0.01457362413620414
2.04,0.07633494067751677,0.01272249011291945,0.08733011864496645,0.01455501977416107
2.05,0.07638991656735401,0.01273165276122566,0.08722016686529196,0.01453669447754866
2.06,0.07644406781884371,0.01274067796980728,0.08711186436231258,0.01451864406038544
2.07,0.07649740680156104,0.01274956780026017,0.0870051863968779,0.01450086439947965
2.08,0.07654994569953763,0.01275832428325626,0.08690010860092473,0.01448335143348745
2.09,0.07660169651404457,0.01276694941900742,0.08679660697191086,0.01446610116198516
2.1,0.0766526710663339,0.01277544517772231,0.08669465786733219,0.01444910964455537
2.11,0.0767028810003389,0.01278381350005647,0.0865942379993222,0.01443237299988703
2.12,0.07675233778533382,0.01279205629755562,0.08649532442933236,0.01441588740488875
2.13,0.07680105271855381,0.01280017545309229,0.08639789456289237,0.01439964909381541
2.14,0.0768490369277755,0.0128081728212959,0.08630192614444898,0.01438365435740818
2.15,0.07689630137385887,0.01281605022897647,0.08620739725228224,0.01436789954204704
2.16,0.07694285685325099,0.01282380947554182,0.08611428629349802,0.01435238104891634
2.17,0.07698871400045222,0.01283145233340869,0.08602257199909555,0.01433709533318259
2.18,0.07703388329044544,0.01283898054840756,0.08593223341910911,0.01432203890318487
2.19,0.07707837504108876,0.01284639584018145,0.08584324991782247,0.01430720831963708
2.2,0.07712219941547244,0.01285369990257872,0.08575560116905512,0.01429260019484252
2.21,0.07716536642424035,0.01286089440404004,0.08566926715151929,0.01427821119191988
2.22,0.07720788592787675,0.01286798098797944,0.08558422814424649,0.01426403802404108
2.23,0.07724976763895861,0.01287496127315975,0.08550046472208278,0.01425007745368048
2.24,0.07729102112437422,0.01288183685406235,0.08541795775125155,0.01423632629187527
2.25,0.0773316558075086,0.01288860930125142,0.08533668838498279,0.01422278139749714
2.26,0.07737168097039597,0.01289528016173265,0.08525663805920805,0.01420943967653468
2.27,0.07741110575584004,0.01290185095930666,0.08517778848831992,0.01419629808138667
2.28,0.07744993916950244,0.01290832319491706,0.08510012166099512,0.01418335361016587
2.29,0.0774881900819599,0.0129146983469933,0.0850236198360802,0.01417060330601339
2.3,0.0775258672307305,0.0129209778717884,0.08494826553853899,0.01415804425642317
2.31,0.07756297922226954,0.01292716320371157,0.08487404155546091,0.01414567359257685
2.32,0.07759953453393549,0.0129332557556559,0.08480093093212901,0.01413348848868817
2.33,0.07763554151592646,0.01293925691932106,0.08472891696814708,0.01412148616135786
2.34,0.07767100839318757,0.01294516806553125,0.08465798321362486,0.0141096638689375
2.35,0.07770594326728975,0.01295099054454828,0.0845881134654205,0.01409801891090343
2.36,0.0777403541182804,0.01295672568638005,0.0845192917634392,0.01408654862723988
2.37,0.07777424880650619,0.01296237480108435,0.08445150238698762,0.01407525039783128
2.38,0.07780763507440859,0.01296793917906809,0.08438472985118281,0.0140641216418638
2.39,0.07784052054829246,0.01297342009138206,0.08431895890341506,0.01405315981723584
2.4,0.07787291274006808,0.01297881879001133,0.08425417451986383,0.01404236241997731
2.41,0.07790481904896705,0.01298413650816116,0.08419036190206589,0.01403172698367766
2.42,0.07793624676323255,0.01298937446053875,0.0841275064735349,0.01402125107892249
2.43,0.07796720306178406,0.01299453384363066,0.08406559387643187,0.01401093231273864
2.44,0.07799769501585731,0.0129996158359762,0.08400460996828538,0.01400076832804759
2.45,0.07802772959061945,0.01300462159843656,0.0839445408187611,0.01399075680312686
2.46,0.07805731364676015,0.01300955227446001,0.08388537270647969,0.01398089545107994
2.47,0.07808645394205875,0.01301440899034311,0.08382709211588249,0.01397118201931374
2.48,0.07811515713292787,0.01301919285548797,0.08376968573414426,0.01396161428902404
2.49,0.07814342977593396,0.01302390496265565,0.08371314044813208,0.01395219007468868
2.5,0.07817127832929495,0.01302854638821581,0.08365744334141009,0.01394290722356836
2.51,0.07819870915435552,0.01303311819239257,0.08360258169128895,0.01393376361521484
2.52,0.07822572851704018,0.01303762141950669,0.08354854296591963,0.01392475716098662
2.53,0.07825234258928458,0.01304205709821409,0.08349531482143083,0.01391588580357181
2.54,0.07827855745044532,0.01304642624174087,0.08344288509910935,0.01390714751651823
2.55,0.07830437908868863,0.01305072984811476,0.08339124182262272,0.01389854030377047
2.56,0.0783298134023583,0.01305496890039304,0.0833403731952834,0.0138900621992139
2.57,0.07835486620132293,0.01305914436688714,0.08329026759735414,0.0138817112662257
2.58,0.07837954320830308,0.01306325720138384,0.08324091358339383,0.01387348559723231
2.59,0.07840385006017853,0.01306730834336308,0.08319229987964294,0.01386538331327383
2.6,0.07842779230927585,0.01307129871821263,0.08314441538144829,0.01385740256357471
2.61,0.07845137542463672,0.01307522923743944,0.08309724915072655,0.01384954152512111
2.62,0.07847460479326716,0.01307910079887785,0.08305079041346566,0.01384179840224428
2.63,0.07849748572136815,0.01308291428689468,0.08300502855726369,0.01383417142621063
2.64,0.07852002343554763,0.01308667057259126,0.08295995312890472,0.01382665885481746
2.65,0.07854222308401441,0.01309037051400239,0.08291555383197116,0.01381925897199521
2.66,0.07856408973775419,0.01309401495629236,0.0828718205244916,0.01381197008741528
2.67,0.07858562839168788,0.01309760473194797,0.08282874321662423,0.01380479053610403
2.68,0.07860684396581256,0.01310114066096875,0.08278631206837486,0.01379771867806248
2.69,0.07862774130632538,0.01310462355105422,0.08274451738734923,0.01379075289789153
2.7,0.0786483251867305,0.01310805419778841,0.082703349626539,0.01378389160442317
2.71,0.07866860030892954,0.01311143338482158,0.08266279938214091,0.01377713323035681
2.72,0.0786885713042956,0.01311476188404926,0.08262285739140879,0.01377047623190147
2.73,0.07870824273473116,0.01311804045578852,0.08258351453053767,0.01376391908842295
2.74,0.07872761909371019,0.01312126984895169,0.08254476181257961,0.0137574603020966
2.75,0.07874670480730454,0.01312445080121741,0.0825065903853909,0.01375109839756516
2.76,0.07876550423519497,0.01312758403919915,0.08246899152961004,0.01374483192160167
2.77,0.07878402167166705,0.01313067027861117,0.08243195665666589,0.01373865944277763
2.78,0.07880226134659205,0.013133710224432,0.0823954773068159,0.01373257955113599
2.79,0.07882022742639316,0.01313670457106552,0.08235954514721366,0.01372659085786895
2.8,0.07883792401499727,0.01313965400249954,0.08232415197000545,0.01372069199500092
2.81,0.07885535515477231,0.01314255919246204,0.08228928969045538,0.01371488161507589
2.82,0.07887252482745072,0.01314542080457511,0.08225495034509855,0.01370915839084977
2.83,0.07888943695503896,0.01314823949250648,0.08222112608992208,0.01370352101498701
2.84,0.07890609540071337,0.01315101590011889,0.08218780919857324,0.01369796819976221
2.85,0.07892250396970267,0.0131537506616171,0.08215499206059465,0.01369249867676578
2.86,0.07893866641015714,0.01315644440169285,0.08212266717968572,0.01368711119661428
2.87,0.07895458641400478,0.01315909773566745,0.08209082717199043,0.01368180452866508
2.88,0.07897026761779471,0.01316171126963244,0.08205946476441056,0.01367657746073508
2.89,0.0789857136035278,0.01316428560058796,0.0820285727929444,0.01367142879882408
2.9,0.07900092789947488,0.01316682131657914,0.08199814420105023,0.01366635736684171
2.91,0.07901591398098276,0.01316931899683045,0.08196817203803447,0.01366136200633908
2.92,0.07903067527126802,0.01317177921187799,0.08193864945746396,0.01365644157624399
2.93,0.07904521514219899,0.01317420252369982,0.08190956971560201,0.01365159495260032
2.94,0.07905953691506601,0.01317658948584433,0.08188092616986797,0.01364682102831133
2.95,0.07907364386134001,0.01317894064355666,0.08185271227731997,0.01364211871288665
2.96,0.07908753920341992,0.01318125653390331,0.08182492159316015,0.01363748693219335
2.97,0.07910122611536861,0.01318353768589476,0.08179754776926276,0.01363292462821045
2.98,0.07911470772363809,0.01318578462060634,0.08177058455272382,0.01362843075878731
2.99,0.07912798710778352,0.01318799785129724,0.08174402578443296,0.01362400429740548
3,0.07914106730116677,0.01319017788352778,0.08171786539766646,0.0136196442329444
3.01,0.07915395129164926,0.01319232521527487,0.08169209741670147,0.01361534956945024
3.02,0.07916664202227452,0.01319444033704575,0.08166671595545094,0.0136111193259085
3.03,0.0791791423919404,0.01319652373199006,0.08164171521611918,0.01360695253601987
3.04,0.0791914552560613,0.01319857587601021,0.08161708948787738,0.01360284824797955
3.05,0.07920358342722039,0.01320059723787005,0.08159283314555921,0.01359880552425988
3.06,0.07921552967581208,0.013202588279302,0.08156894064837583,0.01359482344139598
3.07,0.0792272967306749,0.01320454945511247,0.08154540653865019,0.01359090108977504
3.08,0.07923888727971477,0.01320648121328579,0.08152222544057044,0.01358703757342841
3.09,0.07925030397051905,0.0132083839950865,0.08149939205896189,0.01358323200982697
3.1,0.07926154941096127,0.0132102582351602,0.08147690117807746,0.01357948352967958
3.11,0.07927262616979684,0.0132121043616328,0.08145474766040631,0.01357579127673439
3.12,0.07928353677724989,0.01321392279620831,0.08143292644550021,0.01357215440758336
3.13,0.07929428372559114,0.01321571395426518,0.08141143254881772,0.01356857209146961
3.14,0.07930486946970727,0.0132174782449512,0.08139026106058544,0.01356504351009757
3.15,0.07931529642766166,0.01321921607127694,0.08136940714467666,0.01356156785744611
3.16,0.07932556698124674,0.01322092783020778,0.08134886603750652,0.01355814433958441
3.17,0.07933568347652803,0.01322261391275467,0.08132863304694393,0.01355477217449064
3.18,0.0793456482243801,0.01322427470406335,0.08130870355123979,0.01355145059187329
3.19,0.0793554635010144,0.0132259105835024,0.0812890729979712,0.01354817883299519
3.2,0.07936513154849918,0.01322752192474986,0.08126973690300163,0.01354495615050025
3.21,0.07937465457527169,0.01322910909587861,0.0812506908494566,0.01354178180824275
3.22,0.07938403475664262,0.01323067245944043,0.08123193048671476,0.01353865508111912
3.23,0.07939327423529298,0.01323221237254883,0.08121345152941403,0.01353557525490232
3.24,0.07940237512176358,0.01323372918696059,0.08119524975647283,0.01353254162607878
3.25,0.07941133949493713,0.01323522324915618,0.08117732101012573,0.01352955350168761
3.26,0.07942016940251308,0.01323669490041884,0.08115966119497384,0.01352661019916229
3.27,0.07942886686147538,0.01323814447691256,0.08114226627704924,0.01352371104617486
3.28,0.07943743385855324,0.01323957230975887,0.0811251322828935,0.01352085538048223
3.29,0.07944587235067495,0.01324097872511249,0.08110825529865009,0.01351804254977501
3.3,0.07945418426541483,0.0132423640442358,0.08109163146917034,0.01351527191152838
3.31,0.07946237150143361,0.01324372858357226,0.08107525699713278,0.01351254283285547
3.32,0.07947043592891211,0.01324507265481868,0.08105912814217578,0.01350985469036262
3.33,0.07947837938997843,0.0132463965649964,0.08104324122004314,0.01350720687000717
3.34,0.07948620369912875,0.01324770061652145,0.0810275926017425,0.01350459876695709
3.35,0.07949391064364182,0.01324898510727363,0.08101217871271635,0.01350202978545273
3.36,0.0795015019839872,0.01325025033066453,0.08099699603202559,0.01349949933867092
3.37,0.07950897945422739,0.01325149657570456,0.08098204109154522,0.01349700684859087
3.38,0.07951634476241397,0.01325272412706899,0.08096731047517206,0.013494551745862
3.39,0.07952359959097775,0.01325393326516295,0.08095280081804448,0.01349213346967407
3.4,0.07953074559711308,0.01325512426618551,0.08093850880577383,0.01348975146762896
3.41,0.07953778441315638,0.01325629740219273,0.08092443117368722,0.01348740519561453
3.42,0.07954471764695904,0.01325745294115984,0.08091056470608191,0.01348509411768031
3.43,0.07955154688225466,0.01325859114704244,0.08089690623549067,0.01348281770591511
3.44,0.07955827367902084,0.0132597122798368,0.08088345264195831,0.01348057544032638
3.45,0.07956489957383553,0.01326081659563925,0.08087020085232893,0.01347836680872147
3.46,0.07957142608022799,0.01326190434670466,0.08085714783954401,0.01347619130659067
3.47,0.07957785468902458,0.01326297578150409,0.08084429062195084,0.01347404843699179
3.48,0.07958418686868921,0.01326403114478153,0.08083162626262158,0.01347193771043692
3.49,0.07959042406565886,0.01326507067760981,0.08081915186868227,0.01346985864478037
3.5,0.07959656770467398,0.01326609461744566,0.08080686459065203,0.01346781076510867
3.51,0.07960261918910387,0.01326710319818398,0.08079476162179225,0.01346579360363204
3.52,0.07960857990126731,0.01326809665021122,0.08078284019746537,0.01346380669957753
3.53,0.07961445120274829,0.01326907520045805,0.0807710975945034,0.01346184959908389
3.54,0.07962023443470707,0.01327003907245118,0.08075953113058584,0.01345992185509762
3.55,0.07962593091818647,0.01327098848636441,0.08074813816362705,0.01345802302727117
3.56,0.07963154195441367,0.01327192365906894,0.08073691609117264,0.01345615268186209
3.57,0.07963706882509747,0.01327284480418291,0.08072586234980506,0.01345431039163417
3.58,0.07964251279272101,0.01327375213212017,0.08071497441455797,0.01345249573575966
3.59,0.0796478751008302,0.01327464585013836,0.08070424979833959,0.01345070829972325
3.6,0.07965315697431774,0.01327552616238629,0.08069368605136451,0.01344894767522742
3.61,0.07965835961970297,0.01327639326995049,0.08068328076059406,0.013447213460099
3.62,0.07966348422540742,0.01327724737090123,0.08067303154918515,0.01344550525819752
3.63,0.07966853196202631,0.01327808866033772,0.08066293607594738,0.01344382267932454
3.64,0.07967350398259591,0.01327891733043265,0.08065299203480816,0.01344216533913467
3.65,0.07967840142285698,0.01327973357047616,0.08064319715428603,0.01344053285904767
3.66,0.07968322540151412,0.01328053756691902,0.08063354919697174,0.01343892486616194
3.67,0.07968797702049141,0.01328132950341523,0.08062404595901718,0.01343734099316951
3.68,0.07969265736518404,0.013282109560864,0.08061468526963192,0.01343578087827196
3.69,0.07969726750470628,0.01328287791745104,0.08060546499058743,0.01343424416509789
3.7,0.07970180849213568,0.01328363474868928,0.08059638301572863,0.01343273050262142
3.71,0.07970628136475365,0.01328438022745894,0.0805874372704927,0.0134312395450821
3.72,0.07971068714428234,0.01328511452404705,0.08057862571143531,0.01342977095190587
3.73,0.07971502683711811,0.01328583780618635,0.08056994632576378,0.01342832438762728
3.74,0.07971930143456134,0.01328655023909355,0.08056139713087732,0.01342689952181286
3.75,0.07972351191304292,0.01328725198550715,0.08055297617391416,0.01342549602898568
3.76,0.07972765923434727,0.01328794320572454,0.08054468153130545,0.01342411358855089
3.77,0.07973174434583206,0.01328862405763867,0.08053651130833586,0.01342275188472264
3.78,0.07973576818064458,0.01328929469677409,0.08052846363871083,0.0134214106064518
3.79,0.07973973165793491,0.01328995527632248,0.08052053668413017,0.01342008944735501
3.8,0.07974363568306589,0.01329060594717764,0.08051272863386821,0.0134187881056447
3.81,0.0797474811478199,0.01329124685796998,0.08050503770436018,0.01341750628406002
3.82,0.07975126893060261,0.01329187815510043,0.08049746213879477,0.01341624368979913
3.83,0.07975499989664357,0.01329249998277392,0.08049000020671285,0.01341500003445215
3.84,0.07975867489819392,0.01329311248303231,0.08048265020361214,0.01341377503393534
3.85,0.07976229477472102,0.01329371579578683,0.08047541045055795,0.01341256840842633
3.86,0.07976586035310021,0.01329431005885003,0.08046827929379957,0.01341137988229993
3.87,0.0797693724478037,0.01329489540796728,0.08046125510439259,0.01341020918406544
3.88,0.07977283186108665,0.01329547197684777,0.08045433627782669,0.01340905604630444
3.89,0.07977623938317036,0.01329603989719505,0.08044752123365928,0.01340792020560988
3.9,0.0797795957924228,0.01329659929873712,0.08044080841515439,0.01340680140252573
3.91,0.07978290185553646,0.01329715030925607,0.08043419628892706,0.01340569938148783
3.92,0.07978615832770342,0.01329769305461722,0.08042768334459316,0.01340461389076553
3.93,0.07978936595278786,0.01329822765879797,0.08042126809442426,0.01340354468240404
3.94,0.07979252546349605,0.013298754243916,0.08041494907300789,0.01340249151216799
3.95,0.07979563758154361,0.01329927293025726,0.08040872483691278,0.01340145413948546
3.96,0.07979870301782045,0.0132997838363034,0.08040259396435909,0.01340043232739319
3.97,0.07980172247255314,0.01330028707875885,0.08039655505489371,0.01339942584248227
3.98,0.07980469663546484,0.01330078277257746,0.08039060672907031,0.01339843445484507
3.99,0.07980762618593287,0.0133012710309888,0.08038474762813425,0.01339745793802238
4,0.07981051179314388,0.01330175196552397,0.08037897641371222,0.01339649606895205
4.01,0.07981335411624672,0.01330222568604111,0.08037329176750654,0.01339554862791775
4.02,0.07981615380450302,0.01330269230075049,0.08036769239099395,0.01339461539849898
4.03,0.07981891149743547,0.01330315191623924,0.08036217700512904,0.01339369616752151
4.04,0.07982162782497394,0.01330360463749565,0.08035674435005211,0.01339279072500868
4.05,0.07982430340759933,0.01330405056793321,0.08035139318480133,0.01339189886413356
4.06,0.07982693885648534,0.01330448980941422,0.08034612228702931,0.01339102038117154
4.07,0.07982953477363806,0.013304922462273,0.08034093045272386,0.01339015507545399
4.08,0.0798320917520335,0.01330534862533891,0.08033581649593299,0.01338930274932215
4.09,0.079834610375753,0.01330576839595882,0.08033077924849399,0.01338846320808235
4.1,0.0798370912201167,0.01330618187001944,0.08032581755976659,0.01338763625996109
4.11,0.07983953485181496,0.01330658914196915,0.08032093029637008,0.01338682171606168
4.12,0.07984194182903773,0.01330699030483961,0.08031611634192454,0.01338601939032075
4.13,0.07984431270160217,0.01330738545026702,0.08031137459679566,0.01338522909946593
4.14,0.07984664801107813,0.01330777466851301,0.08030670397784373,0.01338445066297395
4.15,0.07984894829091196,0.01330815804848532,0.08030210341817606,0.01338368390302935
4.16,0.07985121406654828,0.01330853567775804,0.08029757186690342,0.0133829286444839
4.17,0.07985344585555006,0.01330890764259167,0.08029310828889988,0.01338218471481664
4.18,0.0798556441677168,0.01330927402795279,0.08028871166456639,0.0133814519440944
4.19,0.07985780950520105,0.0133096349175335,0.08028438098959789,0.01338073016493299
4.2,0.07985994236262303,0.0133099903937705,0.08028011527475393,0.01338001921245899
4.21,0.07986204322718368,0.01331034053786394,0.08027591354563263,0.0133793189242721
4.22,0.07986411257877593,0.01331068542979598,0.08027177484244813,0.01337862914040802
4.23,0.07986615089009429,0.01331102514834904,0.08026769821981142,0.01337794970330189
4.24,0.07986815862674287,0.01331135977112381,0.08026368274651424,0.01337728045775238
4.25,0.07987013624734172,0.01331168937455695,0.08025972750531654,0.01337662125088609
4.26,0.07987208420363159,0.01331201403393859,0.0802558315927368,0.01337597193212278
4.27,0.07987400294057712,0.01331233382342951,0.08025199411884576,0.01337533235314095
4.28,0.07987589289646846,0.01331264881607807,0.08024821420706307,0.01337470236784383
4.29,0.07987775450302143,0.0133129590838369,0.08024449099395714,0.01337408183232619
4.3,0.07987958818547611,0.01331326469757935,0.08024082362904777,0.01337347060484129
4.31,0.07988139436269397,0.01331356572711566,0.08023721127461206,0.01337286854576866
4.32,0.07988317344725356,0.01331386224120892,0.08023365310549288,0.01337227551758213
4.33,0.07988492584554475,0.01331415430759079,0.08023014830891048,0.01337169138481842
4.34,0.07988665195786158,0.01331444199297693,0.08022669608427682,0.01337111601404611
4.350000000000001,0.07988835217849366,0.01331472536308227,0.08022329564301267,0.01337054927383544
4.36,0.07989002689581626,0.01331500448263604,0.08021994620836748,0.01336999103472791
4.37,0.07989167649237901,0.0133152794153965,0.08021664701524198,0.01336944116920699
4.38,0.07989330134499333,0.01331555022416555,0.08021339731001334,0.01336889955166889
4.39,0.07989490182481843,0.01331581697080306,0.08021019635036314,0.01336836605839387
4.4,0.07989647829744614,0.01331607971624102,0.0802070434051077,0.01336784056751794
4.41,0.07989803112298445,0.0133163385204974,0.08020393775403109,0.01336732295900517
4.42,0.07989956065613968,0.01331659344268994,0.08020087868772063,0.0133668131146201
4.43,0.07990106724629759,0.01331684454104959,0.08019786550740482,0.0133663109179008
4.44,0.07990255123760312,0.01331709187293385,0.08019489752479375,0.01336581625413227
4.45,0.07990401296903907,0.01331733549483984,0.08019197406192186,0.01336532901032031
4.46,0.07990545277450348,0.01331757546241724,0.08018909445099304,0.0133648490751655
4.47,0.07990687098288593,0.01331781183048098,0.08018625803422813,0.013364376339038
4.48,0.07990826791814264,0.01331804465302377,0.08018346416371472,0.01336391069395243
4.49,0.0799096438993705,0.01331827398322841,0.080180712201259,0.01336345203354317
4.5,0.07991099924087994,0.01331849987347999,0.08017800151824012,0.01336300025303999
4.51,0.07991233425226674,0.01331872237537779,0.08017533149546652,0.0133625552492444
4.52,0.07991364923848274,0.01331894153974712,0.08017270152303452,0.01336211692050573
4.53,0.07991494449990549,0.01331915741665091,0.080170111000189,0.01336168516669817
4.54,0.07991622033240692,0.01331937005540115,0.08016755933518616,0.01336125988919767
4.55,0.07991747702742082,0.01331957950457013,0.08016504594515836,0.01336084099085971
4.56,0.07991871487200951,0.01331978581200158,0.08016257025598097,0.01336042837599682
4.57,0.07991993414892937,0.01331998902482156,0.08016013170214126,0.01336002195035688
4.58,0.07992113513669542,0.01332018918944923,0.08015772972660914,0.01335962162110152
4.59,0.07992231810964499,0.01332038635160749,0.08015536378071,0.01335922729678499
4.600000000000001,0.07992348333800031,0.01332058055633338,0.08015303332399937,0.01335883888733322
4.61,0.07992463108793031,0.01332077184798838,0.08015073782413937,0.01335845630402321
4.62,0.07992576162161136,0.01332096027026855,0.08014847675677728,0.01335807945946288
4.63,0.07992687519728718,0.01332114586621452,0.08014624960542563,0.01335770826757093
4.64,0.07992797206932788,0.01332132867822131,0.08014405586134424,0.01335734264355737
4.65,0.07992905248828795,0.01332150874804799,0.08014189502342409,0.01335698250390399
4.66,0.07993011670096363,0.01332168611682727,0.08013976659807273,0.01335662776634544
4.67,0.07993116495044918,0.01332186082507486,0.08013767009910164,0.01335627834985026
4.68,0.07993219747619244,0.01332203291269874,0.0801356050476151,0.01335593417460251
4.69,0.07993321451404956,0.01332220241900825,0.08013357097190088,0.01335559516198348
4.7,0.07993421629633882,0.01332236938272313,0.08013156740732236,0.01335526123455372
4.71,0.07993520305189374,0.01332253384198228,0.08012959389621252,0.01335493231603541
4.72,0.07993617500611533,0.01332269583435255,0.08012764998776933,0.01335460833129487
4.73,0.0799371323810236,0.01332285539683726,0.0801257352379528,0.01335428920632545
4.74,0.07993807539530824,0.0133230125658847,0.08012384920938351,0.01335397486823059
4.75,0.07993900426437862,0.01332316737739643,0.08012199147124274,0.01335366524520712
4.76,0.07993991920041295,0.01332331986673549,0.08012016159917409,0.013353360266529
4.77,0.07994082041240676,0.01332347006873445,0.08011835917518648,0.01335305986253107
4.78,0.07994170810622066,0.01332361801770344,0.08011658378755868,0.01335276396459312
4.79,0.07994258248462735,0.01332376374743788,0.08011483503074529,0.01335247250512422
4.8,0.07994344374735794,0.01332390729122632,0.08011311250528411,0.01335218541754735
4.81,0.07994429209114758,0.01332404868185792,0.08011141581770484,0.01335190263628414
4.82,0.07994512770978036,0.01332418795163005,0.08010974458043926,0.01335162409673987
4.83,0.07994595079413366,0.0133243251323556,0.08010809841173266,0.01335134973528879
4.84,0.07994676153222166,0.01332446025537027,0.08010647693555667,0.01335107948925945
4.850000000000001,0.07994756010923834,0.01332459335153972,0.08010487978152331,0.01335081329692056
4.86,0.07994834670759976,0.01332472445126662,0.08010330658480047,0.01335055109746675
4.87,0.07994912150698576,0.01332485358449762,0.08010175698602848,0.01335029283100475
4.88,0.07994988468438097,0.01332498078073016,0.08010023063123806,0.01335003843853966
4.89,0.07995063641411525,0.01332510606901921,0.0800987271717695,0.01334978786196156
4.9,0.07995137686790352,0.01332522947798392,0.08009724626419296,0.01334954104403213
4.91,0.07995210621488497,0.01332535103581416,0.08009578757023006,0.01334929792837167
4.92,0.07995282462166169,0.01332547077027695,0.08009435075667662,0.01334905845944609
4.93,0.07995353225233676,0.01332558870872279,0.08009293549532648,0.0133488225825544
4.94,0.07995422926855171,0.01332570487809195,0.08009154146289657,0.01334859024381607
4.95,0.07995491582952344,0.01332581930492057,0.08009016834095312,0.01334836139015885
4.96,0.07995559209208059,0.01332593201534676,0.08008881581583882,0.01334813596930645
4.97,0.07995625821069938,0.01332604303511656,0.08008748357860124,0.01334791392976686
4.98,0.07995691433753889,0.01332615238958981,0.08008617132492221,0.01334769522082035
4.99,0.0799575606224758,0.01332626010374596,0.08008487875504838,0.01334747979250805
5,0.07995819721313867,0.01332636620218977,0.08008360557372265,0.01334726759562044
5.01,0.07995882425494159,0.01332647070915693,0.0800823514901168,0.01334705858168611
5.02,0.07995944189111746,0.01332657364851957,0.08008111621776506,0.01334685270296082
5.03,0.0799600502627507,0.01332667504379178,0.08007989947449859,0.01334664991241641
5.04,0.07996064950880943,0.0133267749181349,0.08007870098238112,0.01334645016373018
5.05,0.07996123976617729,0.01332687329436288,0.08007752046764541,0.01334625341127421
5.06,0.07996182116968463,0.01332697019494744,0.08007635766063073,0.0133460596101051
5.07,0.07996239385213937,0.01332706564202322,0.08007521229572126,0.01334586871595353
5.08,0.07996295794435727,0.01332715965739287,0.08007408411128544,0.01334568068521425
5.09,0.07996351357519192,0.01332725226253198,0.08007297284961615,0.01334549547493602
5.100000000000001,0.07996406087156405,0.013327343478594,0.0800718782568719,0.01334531304281197
5.11,0.07996459995849059,0.01332743332641509,0.08007080008301881,0.0133451333471698
5.12,0.07996513095911323,0.01332752182651886,0.08006973808177353,0.01334495634696226
5.13,0.07996565399472653,0.01332760899912108,0.08006869201054692,0.01334478200175782
5.14,0.07996616918480563,0.01332769486413426,0.08006766163038873,0.01334461027173145
5.15,0.07996667664703355,0.01332777944117225,0.08006664670593289,0.01334444111765548
5.16,0.07996717649732805,0.01332786274955467,0.08006564700534388,0.01334427450089065
5.17,0.07996766884986814,0.01332794480831135,0.08006466230026371,0.01334411038337729
5.18,0.07996815381712012,0.01332802563618668,0.08006369236575975,0.01334394872762662
5.19,0.07996863150986332,0.01332810525164388,0.08006273698027336,0.01334378949671222
5.2,0.07996910203721537,0.01332818367286922,0.08006179592556925,0.01334363265426156
5.21,0.07996956550665714,0.01332826091777618,0.08006086898668571,0.01334347816444761
5.22,0.07997002202405729,0.01332833700400954,0.08005995595188542,0.0133433259919809
5.23,0.07997047169369642,0.01332841194894939,0.08005905661260715,0.0133431761021012
5.24,0.07997091461829098,0.01332848576971515,0.08005817076341804,0.01334302846056967
5.25,0.07997135089901661,0.01332855848316943,0.08005729820196678,0.01334288303366113
5.26,0.07997178063553136,0.01332863010592188,0.08005643872893728,0.0133427397881562
5.27,0.07997220392599838,0.01332870065433306,0.08005559214800323,0.01334259869133386
5.28,0.07997262086710841,0.01332877014451806,0.08005475826578318,0.01334245971096387
5.29,0.07997303155410178,0.01332883859235029,0.08005393689179643,0.0133423228152994
5.3,0.07997343608079026,0.01332890601346503,0.08005312783841947,0.01334218797306991
5.31,0.0799738345395784,0.01332897242326306,0.08005233092084318,0.01334205515347386
5.32,0.07997422702148473,0.01332903783691411,0.08005154595703054,0.01334192432617176
5.33,0.07997461361616245,0.0133291022693604,0.08005077276767508,0.01334179546127917
5.34,0.07997499441192002,0.01332916573531999,0.08005001117615995,0.01334166852936
5.350000000000001,0.07997536949574122,0.01332922824929019,0.08004926100851756,0.01334154350141958
5.36,0.07997573895330509,0.01332928982555084,0.08004852209338981,0.01334142034889829
5.37,0.07997610286900551,0.01332935047816758,0.08004779426198896,0.01334129904366482
5.38,0.07997646132597043,0.01332941022099506,0.08004707734805913,0.01334117955800984
5.39,0.07997681440608087,0.01332946906768014,0.08004637118783825,0.01334106186463971
5.4,0.07997716218998965,0.01332952703166494,0.08004567562002068,0.01334094593667012
5.41,0.07997750475713981,0.01332958412618996,0.08004499048572036,0.01334083174762005
5.42,0.07997784218578272,0.01332964036429711,0.08004431562843456,0.01334071927140576
5.43,0.07997817455299598,0.01332969575883266,0.08004365089400803,0.01334060848233468
5.44,0.07997850193470105,0.01332975032245017,0.0800429961305979,0.01334049935509965
5.45,0.07997882440568053,0.01332980406761341,0.08004235118863892,0.01334039186477315
5.46,0.07997914203959533,0.01332985700659921,0.08004171592080933,0.01334028598680156
5.47,0.07997945490900139,0.01332990915150022,0.0800410901819972,0.01334018169699952
5.48,0.07997976308536638,0.01332996051422772,0.08004047382926724,0.01334007897154454
5.49,0.07998006663908588,0.0133300111065143,0.08003986672182822,0.01333997778697138
5.5,0.07998036563949959,0.01333006093991659,0.08003926872100081,0.01333987812016679
5.51,0.0799806601549071,0.01333011002581784,0.0800386796901858,0.0133397799483643
5.52,0.07998095025258349,0.01333015837543057,0.08003809949483301,0.01333968324913884
5.53,0.07998123599879474,0.01333020599979911,0.08003752800241051,0.01333958800040175
5.54,0.07998151745881282,0.01333025290980213,0.08003696508237435,0.01333949418039573
5.55,0.07998179469693063,0.01333029911615509,0.08003641060613872,0.0133394017676898
5.56,0.07998206777647668,0.01333034462941277,0.08003586444704663,0.01333931074117445
5.57,0.07998233675982953,0.01333038945997158,0.08003532648034092,0.01333922108005683
5.58,0.07998260170843209,0.013330433618072,0.08003479658313581,0.01333913276385598
5.59,0.07998286268280561,0.01333047711380092,0.08003427463438878,0.01333904577239814
5.600000000000001,0.07998311974256352,0.01333051995709391,0.08003376051487296,0.01333896008581217
5.61,0.07998337294642506,0.0133305621577375,0.08003325410714987,0.01333887568452499
5.62,0.07998362235222868,0.01333060372537144,0.08003275529554263,0.0133387925492571
5.63,0.07998386801694525,0.01333064466949086,0.08003226396610949,0.01333871066101824
5.64,0.07998410999669107,0.0133306849994485,0.08003178000661784,0.01333863000110297
5.65,0.0799843483467407,0.01333072472445677,0.08003130330651859,0.01333855055108643
5.66,0.0799845831215396,0.01333076385358992,0.0800308337569208,0.01333847229282015
5.67,0.0799848143747165,0.01333080239578608,0.080030371250567,0.01333839520842783
5.68,0.07998504215909574,0.01333084035984928,0.08002991568180851,0.01333831928030141
5.69,0.0799852665267093,0.01333087775445154,0.08002946694658139,0.01333824449109688
5.7,0.07998548752880866,0.01333091458813477,0.08002902494238268,0.01333817082373043
5.71,0.07998570521587653,0.01333095086931275,0.08002858956824693,0.01333809826137447
5.72,0.07998591963763838,0.01333098660627306,0.08002816072472324,0.01333802678745385
5.73,0.07998613084307379,0.01333102180717896,0.0800277383138524,0.01333795638564206
5.74,0.07998633888042769,0.01333105648007128,0.0800273222391446,0.01333788703985742
5.75,0.07998654379722128,0.01333109063287021,0.08002691240555743,0.01333781873425957
5.76,0.07998674564026297,0.01333112427337716,0.08002650871947406,0.01333775145324567
5.77,0.07998694445565901,0.0133311574092765,0.08002611108868196,0.01333768518144698
5.78,0.07998714028882413,0.01333119004813735,0.08002571942235173,0.01333761990372528
5.79,0.07998733318449176,0.01333122219741529,0.08002533363101647,0.01333755560516942
5.8,0.07998752318672439,0.01333125386445406,0.08002495362655121,0.01333749227109185
5.81,0.07998771033892353,0.01333128505648725,0.08002457932215293,0.01333742988702549
5.82,0.07998789468383968,0.01333131578063994,0.08002421063232062,0.0133373684387201
5.83,0.07998807626358209,0.01333134604393034,0.08002384747283581,0.0133373079121393
5.84,0.07998825511962836,0.01333137585327139,0.08002348976074328,0.0133372482934572
5.850000000000001,0.07998843129283394,0.01333140521547231,0.08002313741433212,0.01333718956905536
5.86,0.07998860482344143,0.01333143413724023,0.08002279035311713,0.01333713172551954
5.87,0.07998877575108981,0.01333146262518163,0.08002244849782036,0.01333707474963672
5.88,0.07998894411482346,0.0133314906858039,0.08002211177035307,0.01333701862839218
5.89,0.07998910995310111,0.01333151832551684,0.08002178009379776,0.01333696334896628
5.9,0.07998927330380459,0.01333154555063409,0.08002145339239081,0.01333690889873179
5.91,0.07998943420424752,0.01333157236737458,0.08002113159150495,0.01333685526525083
5.92,0.0799895926911838,0.01333159878186396,0.08002081461763239,0.01333680243627205
5.93,0.07998974880081605,0.013331624800136,0.08002050239836789,0.01333675039972798
5.94,0.07998990256880381,0.01333165042813396,0.08002019486239237,0.01333669914373206
5.95,0.07999005403027175,0.01333167567171195,0.08001989193945649,0.01333664865657608
5.96,0.07999020321981767,0.01333170053663627,0.08001959356036464,0.01333659892672745
5.97,0.07999035017152041,0.01333172502858673,0.08001929965695917,0.01333654994282651
5.98,0.07999049491894761,0.01333174915315792,0.08001901016210478,0.01333650169368414
5.99,0.0799906374951634,0.01333177291586055,0.08001872500967319,0.01333645416827886
6,0.07999077793273594,0.01333179632212265,0.08001844413452811,0.0133364073557547
6.01,0.07999091626374491,0.01333181937729081,0.08001816747251017,0.01333636124541837
6.02,0.07999105251978873,0.01333184208663144,0.08001789496042253,0.01333631582673708
6.03,0.0799911867319919,0.01333186445533197,0.08001762653601618,0.01333627108933605
6.04,0.07999131893101202,0.01333188648850199,0.08001736213797594,0.013336227022996
6.05,0.07999144914704684,0.01333190819117446,0.08001710170590631,0.01333618361765104
6.06,0.07999157740984114,0.01333192956830685,0.08001684518031771,0.01333614086338628
6.07,0.07999170374869352,0.01333195062478224,0.08001659250261295,0.01333609875043548
6.08,0.07999182819246312,0.01333197136541051,0.08001634361507376,0.01333605726917897
6.09,0.07999195076957617,0.01333199179492935,0.08001609846084765,0.01333601641014126
6.100000000000001,0.07999207150803253,0.01333201191800541,0.08001585698393493,0.01333597616398915
6.11,0.07999219043541204,0.01333203173923533,0.0800156191291759,0.01333593652152931
6.12,0.07999230757888086,0.0133320512631468,0.08001538484223827,0.01333589747370637
6.13,0.07999242296519765,0.0133320704941996,0.08001515406960469,0.01333585901160078
6.140000000000001,0.07999253662071969,0.01333208943678661,0.08001492675856062,0.01333582112642678
6.15,0.07999264857140889,0.01333210809523481,0.08001470285718221,0.01333578380953038
6.16,0.07999275884283776,0.01333212647380628,0.08001448231432448,0.01333574705238741
6.17,0.07999286746019518,0.01333214457669919,0.08001426507960963,0.0133357108466016
6.18,0.07999297444829226,0.0133321624080487,0.08001405110341547,0.01333567518390258
6.19,0.07999307983156788,0.01333217997192797,0.08001384033686423,0.01333564005614404
6.2,0.07999318363409436,0.01333219727234905,0.08001363273181128,0.01333560545530188
6.21,0.07999328587958295,0.01333221431326381,0.0800134282408341,0.01333557137347235
6.22,0.0799933865913892,0.01333223109856486,0.08001322681722159,0.01333553780287028
6.23,0.07999348579251836,0.01333224763208639,0.08001302841496327,0.0133355047358272
6.24,0.07999358350563059,0.01333226391760509,0.08001283298873882,0.01333547216478981
6.25,0.07999367975304612,0.01333227995884101,0.08001264049390774,0.01333544008231796
6.26,0.07999377455675043,0.0133322957594584,0.08001245088649914,0.01333540848108319
6.27,0.07999386793839917,0.01333231132306652,0.08001226412320164,0.01333537735386695
6.28,0.07999395991932319,0.01333232665322052,0.08001208016135361,0.01333534669355893
6.29,0.07999405052053334,0.01333234175342221,0.08001189895893332,0.01333531649315556
6.3,0.07999413976272533,0.01333235662712088,0.08001172047454932,0.01333528674575821
6.31,0.07999422766628446,0.01333237127771407,0.08001154466743107,0.01333525744457184
6.32,0.07999431425129019,0.01333238570854836,0.0800113714974196,0.01333522858290326
6.33,0.07999439953752084,0.01333239992292013,0.08001120092495831,0.0133352001541597
6.34,0.07999448354445803,0.01333241392407633,0.08001103291108394,0.01333517215184732
6.350000000000001,0.07999456629129116,0.01333242771521518,0.08001086741741767,0.01333514456956961
6.36,0.07999464779692179,0.01333244129948696,0.0800107044061564,0.01333511740102605
6.37,0.07999472807996796,0.01333245467999465,0.08001054384006406,0.01333509064001068
6.38,0.07999480715876844,0.01333246785979473,0.0800103856824631,0.01333506428041051
6.390000000000001,0.07999488505138691,0.01333248084189781,0.08001022989722617,0.01333503831620436
6.4,0.0799949617756161,0.01333249362926934,0.08001007644876779,0.01333501274146129
6.41,0.07999503734898186,0.0133325062248303,0.08000992530203627,0.01333498755033938
6.42,0.07999511178874713,0.01333251863145785,0.08000977642250573,0.01333496273708429
6.43,0.07999518511191592,0.01333253085198598,0.08000962977616816,0.01333493829602803
6.44,0.07999525733523719,0.01333254288920619,0.08000948532952562,0.01333491422158761
6.45,0.07999532847520863,0.0133325547458681,0.08000934304958274,0.01333489050826378
6.46,0.07999539854808049,0.01333256642468008,0.08000920290383901,0.01333486715063983
6.47,0.07999546756985929,0.01333257792830988,0.08000906486028142,0.01333484414338024
6.48,0.07999553555631139,0.01333258925938523,0.08000892888737721,0.01333482148122953
6.49,0.07999560252296672,0.01333260042049445,0.08000879495406654,0.01333479915901109
6.5,0.07999566848512223,0.01333261141418703,0.08000866302975554,0.01333477717162593
6.51,0.07999573345784539,0.01333262224297423,0.08000853308430922,0.01333475551405153
6.52,0.07999579745597771,0.01333263290932961,0.08000840508804458,0.01333473418134076
6.53,0.07999586049413804,0.01333264341568967,0.08000827901172392,0.01333471316862064
6.54,0.07999592258672597,0.01333265376445432,0.08000815482654805,0.01333469247109134
6.55,0.07999598374792508,0.01333266395798751,0.08000803250414984,0.01333467208402497
6.56,0.07999604399170621,0.0133326739986177,0.08000791201658758,0.0133346520027646
6.57,0.07999610333183062,0.01333268388863843,0.08000779333633876,0.01333463222272313
6.58,0.07999616178185316,0.01333269363030885,0.08000767643629367,0.01333461273938227
6.59,0.07999621935512537,0.01333270322585422,0.08000756128974926,0.01333459354829153
6.600000000000001,0.07999627606479849,0.01333271267746641,0.08000744787040301,0.01333457464506715
6.61,0.07999633192382652,0.01333272198730441,0.08000733615234695,0.01333455602539116
6.62,0.07999638694496912,0.01333273115749484,0.08000722611006175,0.01333453768501031
6.63,0.07999644114079459,0.01333274019013242,0.08000711771841082,0.01333451961973514
6.640000000000001,0.07999649452368267,0.01333274908728043,0.08000701095263466,0.0133345018254391
6.65,0.07999654710582743,0.01333275785097123,0.08000690578834513,0.01333448429805753
6.66,0.07999659889924002,0.01333276648320666,0.08000680220151996,0.01333446703358665
6.67,0.07999664991575142,0.01333277498595856,0.08000670016849715,0.01333445002808287
6.68,0.07999670016701516,0.01333278336116918,0.08000659966596968,0.01333443327766162
6.69,0.07999674966450993,0.01333279161075164,0.08000650067098014,0.0133344167784967
6.7,0.07999679841954227,0.01333279973659037,0.08000640316091545,0.01333440052681925
6.71,0.07999684644324914,0.01333280774054151,0.08000630711350171,0.01333438451891694
6.72,0.07999689374660041,0.01333281562443339,0.08000621250679918,0.0133343687511332
6.73,0.0799969403404014,0.01333282339006689,0.08000611931919718,0.0133343532198662
6.74,0.07999698623529539,0.01333283103921589,0.08000602752940922,0.01333433792156821
6.75,0.07999703144176595,0.01333283857362765,0.08000593711646808,0.01333432285274469
6.76,0.07999707597013947,0.01333284599502323,0.08000584805972105,0.0133343080099535
6.77,0.07999711983058738,0.01333285330509788,0.08000576033882523,0.01333429338980421
6.78,0.07999716303312857,0.01333286050552142,0.08000567393374286,0.01333427898895714
6.79,0.07999720558763164,0.01333286759793859,0.08000558882473671,0.01333426480412278
6.8,0.07999724750381716,0.01333287458396951,0.08000550499236567,0.01333425083206094
6.81,0.0799972887912599,0.01333288146520997,0.08000542241748018,0.01333423706958003
6.82,0.079997329459391,0.01333288824323182,0.08000534108121798,0.01333422351353633
6.83,0.07999736951750014,0.01333289491958334,0.08000526096499971,0.0133342101608333
6.84,0.07999740897473763,0.01333290149578959,0.08000518205052473,0.01333419700842078
6.850000000000001,0.07999744784011656,0.01333290797335275,0.08000510431976687,0.01333418405329448
6.86,0.07999748612251481,0.01333291435375246,0.08000502775497037,0.01333417129249506
6.87,0.07999752383067708,0.01333292063844617,0.08000495233864582,0.01333415872310764
6.88,0.07999756097321693,0.01333292682886948,0.08000487805356613,0.01333414634226102
6.890000000000001,0.07999759755861868,0.01333293292643644,0.08000480488276263,0.01333413414712711
6.9,0.0799976335952394,0.01333293893253989,0.0800047328095212,0.01333412213492019
6.91,0.07999766909131081,0.01333294484855179,0.08000466181737836,0.01333411030289638
6.92,0.07999770405494115,0.01333295067582351,0.08000459189011769,0.01333409864835294
6.93,0.07999773849411704,0.01333295641568616,0.08000452301176592,0.01333408716862766
6.94,0.07999777241670528,0.01333296206945087,0.08000445516658944,0.01333407586109825
6.95,0.0799978058304547,0.01333296763840911,0.0800043883390906,0.01333406472318177
6.96,0.07999783874299787,0.01333297312383297,0.08000432251400424,0.01333405375233404
6.97,0.0799978711618529,0.01333297852697548,0.08000425767629418,0.01333404294604904
6.98,0.07999790309442512,0.01333298384907084,0.08000419381114976,0.01333403230185828
6.99,0.07999793454800874,0.01333298909133478,0.08000413090398251,0.01333402181733043
7,0.07999796552978861,0.01333299425496476,0.08000406894042278,0.01333401149007046
7.01,0.07999799604684178,0.01333299934114029,0.08000400790631643,0.01333400131771939
7.02,0.07999802610613915,0.01333300435102319,0.08000394778772169,0.0133339912979536
7.03,0.07999805571454706,0.01333300928575784,0.08000388857090587,0.0133339814284843
7.04,0.07999808487882885,0.01333301414647147,0.08000383024234228,0.01333397170705705
7.05,0.07999811360564642,0.0133330189342744,0.08000377278870716,0.01333396213145119
7.06,0.07999814190156172,0.01333302365026028,0.08000371619687655,0.0133339526994794
7.07,0.07999816977303829,0.01333302829550638,0.0800036604539234,0.01333394340898722
7.08,0.07999819722644272,0.01333303287107378,0.08000360554711455,0.01333393425785243
7.09,0.07999822426804608,0.01333303737800768,0.08000355146390783,0.01333392524398463
7.100000000000001,0.07999825090402539,0.01333304181733756,0.08000349819194921,0.01333391636532485
7.11,0.07999827714046501,0.0133330461900775,0.08000344571906998,0.01333390761984499
7.12,0.07999830298335803,0.01333305049722633,0.08000339403328394,0.01333389900554732
7.13,0.07999832843860766,0.01333305473976794,0.08000334312278468,0.0133338905204641
7.140000000000001,0.07999835351202854,0.01333305891867142,0.08000329297594291,0.01333388216265713
7.15,0.07999837820934812,0.01333306303489135,0.08000324358130376,0.01333387393021729
7.16,0.07999840253620789,0.01333306708936798,0.0800031949275842,0.01333386582126403
7.17,0.07999842649816477,0.01333307108302746,0.08000314700367045,0.01333385783394506
7.18,0.0799984501006923,0.01333307501678204,0.08000309979861539,0.01333384996643588
7.19,0.07999847334918192,0.01333307889153031,0.08000305330163615,0.01333384221693934
7.2,0.07999849624894419,0.01333308270815736,0.08000300750211162,0.01333383458368526
7.21,0.07999851880521003,0.013333086467535,0.08000296238957993,0.01333382706492997
7.22,0.07999854102313188,0.01333309017052197,0.08000291795373624,0.01333381965895603
7.23,0.0799985629077849,0.01333309381796414,0.08000287418443019,0.01333381236407169
7.24,0.07999858446416812,0.01333309741069468,0.08000283107166375,0.01333380517861063
7.25,0.0799986056972056,0.01333310094953426,0.08000278860558879,0.01333379810093147
7.26,0.07999862661174752,0.01333310443529125,0.08000274677650496,0.01333379112941749
7.27,0.0799986472125713,0.01333310786876188,0.08000270557485739,0.01333378426247622
7.28,0.07999866750438273,0.01333311125073045,0.08000266499123454,0.01333377749853909
7.29,0.07999868749181699,0.01333311458196949,0.08000262501636601,0.01333377083606099
7.3,0.07999870717943973,0.01333311786323995,0.08000258564112053,0.01333376427352009
7.31,0.07999872657174813,0.01333312109529135,0.08000254685650374,0.01333375780941728
7.32,0.0799987456731719,0.01333312427886198,0.08000250865365618,0.01333375144227603
7.33,0.07999876448807433,0.01333312741467905,0.08000247102385133,0.0133337451706419
7.34,0.07999878302075322,0.01333313050345886,0.08000243395849355,0.01333373899308227
7.350000000000001,0.07999880127544193,0.01333313354590698,0.08000239744911614,0.01333373290818601
7.36,0.07999881925631031,0.01333313654271837,0.08000236148737938,0.01333372691456325
7.37,0.07999883696746565,0.0133331394945776,0.08000232606506869,0.01333372101084479
7.38,0.07999885441295367,0.01333314240215893,0.08000229117409266,0.01333371519568211
7.390000000000001,0.07999887159675936,0.01333314526612655,0.08000225680648126,0.0133337094677469
7.4,0.07999888852280797,0.01333314808713465,0.08000222295438406,0.01333370382573068
7.41,0.07999890519496584,0.01333315086582763,0.0800021896100683,0.01333369826834471
7.42,0.07999892161704136,0.01333315360284022,0.08000215676591726,0.01333369279431956
7.43,0.07999893779278575,0.01333315629879761,0.0800021244144285,0.01333368740240476
7.44,0.07999895372589395,0.01333315895431565,0.08000209254821208,0.01333368209136868
7.45,0.07999896942000555,0.01333316157000091,0.0800020611599889,0.01333367685999814
7.46,0.07999898487870546,0.0133331641464509,0.08000203024258906,0.01333367170709818
7.47,0.07999900010552488,0.01333316668425414,0.08000199978895023,0.01333366663149171
7.48,0.07999901510394201,0.01333316918399032,0.08000196979211596,0.01333366163201932
7.49,0.07999902987738289,0.01333317164623047,0.08000194024523422,0.01333365670753905
7.5,0.07999904442922215,0.01333317407153701,0.08000191114155569,0.01333365185692595
7.51,0.07999905876278382,0.01333317646046396,0.08000188247443235,0.01333364707907206
7.52,0.07999907288134206,0.013333178813557,0.08000185423731587,0.01333364237288598
7.53,0.07999908678812193,0.01333318113135364,0.08000182642375614,0.01333363773729271
7.54,0.0799991004863001,0.01333318341438334,0.08000179902739979,0.01333363317123332
7.55,0.0799991139790056,0.01333318566316759,0.0800017720419888,0.0133336286736648
7.56,0.07999912726932051,0.01333318787822007,0.08000174546135896,0.01333362424355983
7.57,0.0799991403602807,0.01333319006004677,0.08000171927943858,0.01333361987990644
7.58,0.0799991532548765,0.01333319220914607,0.08000169349024699,0.01333361558170784
7.59,0.07999916595605334,0.01333319432600888,0.0800016680878933,0.01333361134798222
7.600000000000001,0.07999917846671255,0.01333319641111874,0.0800016430665749,0.0133336071777625
7.61,0.07999919078971186,0.01333319846495196,0.08000161842057626,0.01333360307009607
7.62,0.07999920292786619,0.01333320048797768,0.08000159414426761,0.01333359902404463
7.63,0.07999921488394821,0.01333320248065802,0.08000157023210358,0.01333359503868395
7.640000000000001,0.07999922666068898,0.01333320444344815,0.08000154667862203,0.01333359111310367
7.65,0.07999923826077865,0.01333320637679643,0.08000152347844269,0.01333358724640712
7.66,0.07999924968686697,0.01333320828114448,0.08000150062626604,0.01333358343771102
7.67,0.07999926094156397,0.01333321015692731,0.08000147811687205,0.01333357968614535
7.68,0.0799992720274405,0.0133332120045734,0.08000145594511898,0.01333357599085316
7.69,0.07999928294702889,0.0133332138245048,0.08000143410594221,0.01333357235099036
7.7,0.07999929370282345,0.01333321561713723,0.08000141259435309,0.01333356876572553
7.71,0.0799993042972811,0.01333321738288017,0.0800013914054378,0.01333356523423965
7.72,0.07999931473282187,0.01333321912213697,0.08000137053435624,0.01333356175572603
7.73,0.07999932501182955,0.01333322083530491,0.0800013499763409,0.01333355832939015
7.74,0.07999933513665211,0.01333322252277534,0.08000132972669577,0.01333355495444929
7.75,0.07999934510960233,0.01333322418493371,0.08000130978079534,0.01333355163013256
7.76,0.07999935493295829,0.0133332258221597,0.08000129013408341,0.01333354835568057
7.77,0.07999936460896391,0.01333322743482731,0.08000127078207217,0.01333354513034538
7.78,0.07999937413982945,0.0133332290233049,0.08000125172034109,0.01333354195339018
7.79,0.079999383527732,0.01333323058795532,0.08000123294453598,0.01333353882408933
7.8,0.07999939277481602,0.01333323212913599,0.08000121445036795,0.01333353574172799
7.81,0.07999940188319378,0.01333323364719895,0.08000119623361243,0.01333353270560209
7.82,0.07999941085494587,0.01333323514249097,0.08000117829010825,0.01333352971501806
7.83,0.07999941969212168,0.0133332366153536,0.08000116061575663,0.01333352676929278
7.84,0.07999942839673986,0.0133332380661233,0.08000114320652027,0.01333352386775338
7.850000000000001,0.07999943697078876,0.01333323949513145,0.08000112605842247,0.01333352100973709
7.86,0.07999944541622693,0.01333324090270448,0.08000110916754613,0.01333351819459103
7.87,0.07999945373498353,0.01333324228916391,0.08000109253003293,0.01333351542167216
7.88,0.07999946192895878,0.01333324365482645,0.08000107614208243,0.01333351269034708
7.890000000000001,0.0799994700000244,0.01333324500000405,0.08000105999995119,0.01333350999999186
7.9,0.07999947795002403,0.01333324632500399,0.08000104409995193,0.013333507349992
7.91,0.07999948578077368,0.01333324763012893,0.08000102843845264,0.0133335047397421
7.92,0.07999949349406207,0.013333248915677,0.08000101301187584,0.01333350216864598
7.930000000000001,0.07999950109165115,0.01333325018194184,0.0800009978166977,0.0133334996361163
7.94,0.07999950857527638,0.01333325142921272,0.08000098284944723,0.01333349714157456
7.95,0.07999951594664724,0.01333325265777453,0.08000096810670551,0.01333349468445094
7.96,0.07999952320744753,0.01333325386790791,0.08000095358510492,0.01333349226418418
7.97,0.07999953035933582,0.01333325505988929,0.08000093928132834,0.0133334898802214
7.98,0.07999953740394579,0.01333325623399095,0.08000092519210841,0.01333348753201807
7.99,0.0799995443428866,0.01333325739048109,0.08000091131422679,0.01333348521903779
8,0.07999955117774329,0.01333325852962387,0.0800008976445134,0.01333348294075223
8.01,0.07999955791007715,0.01333325965167951,0.08000088417984569,0.01333348069664095
8.02,0.079999564541426,0.01333326075690432,0.080000870917148,0.01333347848619135
8.029999999999999,0.0799995710733046,0.01333326184555076,0.08000085785339078,0.01333347630889847
8.040000000000001,0.07999957750720503,0.01333326291786749,0.08000084498558993,0.013333474164265
8.050000000000001,0.07999958384459696,0.01333326397409948,0.08000083231080607,0.01333347205180102
8.06,0.079999590086928,0.01333326501448799,0.08000081982614399,0.013333469971024
8.07,0.07999959623562408,0.01333326603927067,0.08000080752875183,0.01333346792145865
8.08,0.07999960229208972,0.01333326704868161,0.08000079541582056,0.01333346590263676
8.09,0.07999960825770837,0.01333326804295139,0.08000078348458325,0.0133334639140972
8.1,0.07999961413384274,0.01333326902230711,0.08000077173231451,0.01333346195538576
8.109999999999999,0.0799996199218351,0.01333326998697251,0.08000076015632979,0.01333346002605496
8.120000000000001,0.07999962562300758,0.01333327093716792,0.08000074875398483,0.01333345812566414
8.130000000000001,0.07999963123866247,0.0133332718731104,0.08000073752267506,0.01333345625377919
8.140000000000001,0.07999963677008252,0.01333327279501374,0.08000072645983494,0.01333345440997249
8.15,0.07999964221853129,0.01333327370308854,0.08000071556293742,0.0133334525938229
8.16,0.07999964758525331,0.01333327459754221,0.08000070482949337,0.01333345080491555
8.17,0.07999965287147451,0.01333327547857908,0.08000069425705097,0.01333344904284184
8.18,0.0799996580784024,0.01333327634640039,0.0800006838431952,0.01333344730719921
8.19,0.07999966320722636,0.01333327720120439,0.08000067358554727,0.0133334455975912
8.199999999999999,0.07999966825911796,0.01333327804318632,0.08000066348176407,0.01333344391362734
8.210000000000001,0.07999967323523119,0.01333327887253852,0.08000065352953761,0.01333344225492294
8.220000000000001,0.07999967813670272,0.01333327968945045,0.08000064372659454,0.01333344062109909
8.23,0.07999968296465218,0.01333328049410869,0.08000063407069563,0.01333343901178261
8.24,0.0799996877201824,0.01333328128669706,0.08000062455963519,0.01333343742660587
8.25,0.07999969240437967,0.0133332820673966,0.08000061519124066,0.01333343586520677
8.26,0.07999969701831397,0.01333328283638565,0.08000060596337205,0.01333343432722867
8.27,0.07999970156303926,0.01333328359383987,0.08000059687392147,0.01333343281232025
8.279999999999999,0.07999970603959367,0.01333328433993227,0.08000058792081266,0.01333343132013542
8.290000000000001,0.07999971044899976,0.01333328507483329,0.08000057910200048,0.01333342985033342
8.300000000000001,0.07999971479226475,0.01333328579871079,0.08000057041547048,0.0133334284025784
8.31,0.07999971907038078,0.01333328651173013,0.08000056185923843,0.01333342697653972
8.32,0.07999972328432507,0.01333328721405417,0.08000055343134985,0.01333342557189163
8.33,0.0799997274350602,0.01333328790584336,0.08000054512987959,0.01333342418831326
8.34,0.0799997315235343,0.01333328858725571,0.08000053695293138,0.01333342282548855
8.35,0.07999973555068129,0.01333328925844687,0.0800005288986374,0.01333342148310623
8.359999999999999,0.07999973951742108,0.01333328991957017,0.08000052096515783,0.01333342016085964
8.370000000000001,0.07999974342465976,0.01333329057077662,0.08000051315068046,0.01333341885844674
8.380000000000001,0.07999974727328987,0.01333329121221497,0.08000050545342025,0.01333341757557005
8.390000000000001,0.07999975106419052,0.01333329184403174,0.08000049787161895,0.01333341631193649
8.4,0.07999975479822767,0.01333329246637127,0.08000049040354465,0.01333341506725744
8.41,0.07999975847625426,0.0133332930793757,0.08000048304749147,0.01333341384124859
8.42,0.07999976209911044,0.01333329368318506,0.0800004758017791,0.01333341263362986
8.43,0.07999976566762379,0.01333329427793729,0.08000046866475241,0.01333341144412542
8.44,0.07999976918260944,0.01333329486376823,0.08000046163478111,0.01333341027246354
8.449999999999999,0.07999977264487029,0.0133332954408117,0.08000045471025941,0.01333340911837658
8.460000000000001,0.07999977605519724,0.01333329600919953,0.0800004478896055,0.01333340798160093
8.470000000000001,0.07999977941436928,0.01333329656906154,0.08000044117126143,0.0133334068618769
8.48,0.07999978272315374,0.01333329712052561,0.08000043455369252,0.01333340575894876
8.49,0.07999978598230643,0.01333329766371773,0.08000042803538712,0.01333340467256452
8.5,0.07999978919257184,0.01333329819876196,0.08000042161485632,0.01333340360247606
8.51,0.07999979235468326,0.01333329872578054,0.08000041529063348,0.0133334025484389
8.52,0.07999979546936301,0.01333329924489383,0.08000040906127398,0.01333340151021234
8.529999999999999,0.07999979853732256,0.01333329975622042,0.08000040292535487,0.01333340048755915
8.540000000000001,0.07999980155926271,0.01333330025987711,0.08000039688147456,0.01333339948024576
8.550000000000001,0.07999980453587377,0.01333330075597896,0.08000039092825245,0.01333339848804208
8.56,0.07999980746783567,0.01333330124463927,0.08000038506432866,0.01333339751072143
8.57,0.07999981035581813,0.01333330172596968,0.08000037928836373,0.01333339654806062
8.58,0.07999981320048086,0.01333330220008014,0.08000037359903828,0.0133333955998397
8.59,0.07999981600247365,0.01333330266707894,0.0800003679950527,0.0133333946658421
8.6,0.07999981876243654,0.01333330312707275,0.0800003624751269,0.01333339374585449
8.609999999999999,0.079999821481,0.01333330358016666,0.08000035703799999,0.01333339283966667
8.620000000000001,0.079999824158785,0.01333330402646416,0.08000035168243,0.01333339194707167
8.630000000000001,0.07999982679640322,0.0133333044660672,0.08000034640719356,0.01333339106786557
8.640000000000001,0.07999982939445717,0.01333330489907619,0.08000034121108565,0.01333339020184759
8.65,0.07999983195354031,0.01333330532559005,0.08000033609291937,0.01333338934881989
8.66,0.07999983447423721,0.01333330574570619,0.08000033105152557,0.01333338850858759
8.67,0.07999983695712365,0.0133333061595206,0.08000032608575269,0.01333338768095876
8.68,0.0799998394027668,0.01333330656712779,0.0800003211944664,0.0133333868657444
8.69,0.0799998418117253,0.01333330696862088,0.08000031637654939,0.01333338606275822
8.700000000000001,0.07999984418454942,0.01333330736409156,0.08000031163090116,0.01333338527181685
8.710000000000001,0.07999984652178117,0.01333330775363019,0.08000030695643764,0.0133333844927396
8.720000000000001,0.07999984882395446,0.01333330813732574,0.08000030235209107,0.01333338372534851
8.73,0.07999985109159514,0.01333330851526585,0.0800002978168097,0.01333338296946829
8.74,0.07999985332522122,0.01333330888753686,0.08000029334955755,0.01333338222492625
8.75,0.0799998555253429,0.01333330925422381,0.08000028894931419,0.01333338149155236
8.76,0.07999985769246276,0.01333330961541045,0.08000028461507447,0.01333338076917906
8.77,0.07999985982707582,0.0133333099711793,0.08000028034584836,0.0133333800576414
8.779999999999999,0.07999986192966968,0.01333331032161161,0.08000027614066063,0.01333337935677675
8.790000000000001,0.07999986400072463,0.01333331066678743,0.08000027199855073,0.01333337866642512
8.800000000000001,0.07999986604071377,0.01333331100678562,0.08000026791857245,0.01333337798642875
8.81,0.07999986805010306,0.01333331134168383,0.08000026389979387,0.01333337731663231
8.82,0.07999987002935152,0.01333331167155858,0.08000025994129695,0.01333337665688283
8.83,0.07999987197891124,0.0133333119964852,0.0800002560421775,0.01333337600702958
8.84,0.07999987389922758,0.01333331231653792,0.08000025220154483,0.01333337536692414
8.85,0.07999987579073917,0.01333331263178985,0.08000024841852166,0.01333337473642027
8.859999999999999,0.07999987765387807,0.013333312942313,0.08000024469224384,0.01333337411537397
8.870000000000001,0.07999987948906991,0.01333331324817831,0.08000024102186018,0.01333337350364336
8.880000000000001,0.07999988129673385,0.01333331354945563,0.08000023740653228,0.01333337290108871
8.890000000000001,0.07999988307728284,0.0133333138462138,0.08000023384543431,0.01333337230757237
8.9,0.07999988483112359,0.01333331413852059,0.0800002303377528,0.01333337172295879
8.91,0.07999988655865674,0.01333331442644278,0.08000022688268651,0.01333337114711441
8.92,0.07999988826027689,0.01333331471004614,0.08000022347944621,0.01333337057990769
8.93,0.07999988993637273,0.01333331498939545,0.08000022012725452,0.01333337002120907
8.94,0.07999989158732715,0.01333331526455452,0.08000021682534569,0.01333336947089095
8.950000000000001,0.07999989321351725,0.0133333155355862,0.0800002135729655,0.01333336892882758
8.960000000000001,0.07999989481531448,0.0133333158025524,0.08000021036937102,0.01333336839489518
8.970000000000001,0.07999989639308477,0.01333331606551412,0.08000020721383044,0.01333336786897174
8.98,0.07999989794718851,0.01333331632453141,0.08000020410562297,0.01333336735093715
8.99,0.07999989947798068,0.01333331657966343,0.08000020104403863,0.0133333668406731
9,0.07999990098581097,0.01333331683096848,0.08000019802837804,0.01333336633806301
9.01,0.07999990247102381,0.01333331707850396,0.08000019505795236,0.01333336584299208
9.02,0.07999990393395846,0.0133333173223264,0.08000019213208306,0.01333336535534718
9.029999999999999,0.07999990537494908,0.0133333175624915,0.08000018925010183,0.01333336487501699
9.040000000000001,0.07999990679432485,0.01333331779905413,0.08000018641135029,0.01333336440189173
9.050000000000001,0.07999990819240999,0.01333331803206832,0.08000018361518002,0.01333336393586335
9.06,0.07999990956952384,0.01333331826158729,0.08000018086095231,0.0133333634768254
9.07,0.07999991092598098,0.01333331848766348,0.08000017814803803,0.01333336302467303
9.08,0.07999991226209127,0.01333331871034853,0.08000017547581745,0.01333336257930293
9.09,0.0799999135781599,0.0133333189296933,0.08000017284368019,0.01333336214061337
9.1,0.0799999148744875,0.0133333191457479,0.08000017025102499,0.01333336170850419
9.109999999999999,0.07999991615137018,0.01333331935856168,0.08000016769725962,0.01333336128287663
9.120000000000001,0.07999991740909963,0.01333331956818326,0.08000016518180073,0.01333336086363346
9.130000000000001,0.07999991864796314,0.01333331977466051,0.0800001627040737,0.01333336045067895
9.140000000000001,0.0799999198682437,0.0133333199780406,0.08000016026351259,0.01333336004391877
9.15,0.07999992107022004,0.01333332017836999,0.08000015785955991,0.01333335964325999
9.16,0.07999992225416674,0.01333332037569444,0.0800001554916665,0.01333335924861109
9.17,0.07999992342035424,0.01333332057005902,0.08000015315929151,0.01333335885988193
9.18,0.07999992456904892,0.01333332076150814,0.08000015086190215,0.01333335847698369
9.19,0.07999992570051319,0.01333332095008552,0.08000014859897361,0.01333335809982894
9.200000000000001,0.07999992681500549,0.01333332113583423,0.08000014636998901,0.01333335772833152
9.210000000000001,0.07999992791278041,0.01333332131879672,0.08000014417443918,0.01333335736240654
9.220000000000001,0.0799999289940887,0.01333332149901477,0.08000014201182259,0.01333335700197044
9.23,0.07999993005917737,0.01333332167652955,0.08000013988164525,0.01333335664694088
9.24,0.07999993110828971,0.0133333218513816,0.08000013778342058,0.01333335629723678
9.25,0.07999993214166536,0.01333332202361088,0.08000013571666928,0.01333335595277821
9.26,0.07999993315954038,0.01333332219325672,0.08000013368091924,0.01333335561348653
9.27,0.07999993416214728,0.01333332236035787,0.08000013167570544,0.01333335527928425
9.279999999999999,0.07999993514971507,0.0133333225249525,0.08000012970056986,0.01333335495009499
9.290000000000001,0.07999993612246935,0.01333332268707821,0.0800001277550613,0.01333335462584356
9.300000000000001,0.07999993708063231,0.01333332284677204,0.08000012583873536,0.01333335430645591
9.31,0.07999993802442283,0.01333332300407046,0.08000012395115433,0.01333335399185906
9.32,0.07999993895405649,0.0133333231590094,0.080000122091887,0.01333335368198119
9.33,0.07999993986974564,0.01333332331162426,0.08000012026050871,0.01333335337675146
9.34,0.07999994077169946,0.01333332346194989,0.08000011845660107,0.0133333530761002
9.35,0.07999994166012397,0.01333332361002065,0.08000011667975204,0.01333335277995867
9.359999999999999,0.07999994253522212,0.01333332375587034,0.08000011492955575,0.01333335248825931
9.370000000000001,0.0799999433971938,0.01333332389953228,0.0800001132056124,0.01333335220093543
9.380000000000001,0.07999994424623588,0.0133333240410393,0.08000011150752823,0.0133333519179214
9.390000000000001,0.07999994508254235,0.01333332418042371,0.08000010983491529,0.01333335163915256
9.4,0.07999994590630422,0.01333332431771735,0.08000010818739156,0.01333335136456529
9.41,0.07999994671770966,0.01333332445295159,0.08000010656458068,0.01333335109409681
9.42,0.07999994751694402,0.01333332458615732,0.08000010496611196,0.01333335082768533
9.43,0.07999994830418986,0.01333332471736496,0.08000010339162028,0.01333335056527007
9.44,0.07999994907962701,0.01333332484660448,0.08000010184074596,0.013333350306791
9.450000000000001,0.0799999498434326,0.01333332497390542,0.08000010031313479,0.01333335005218916
9.460000000000001,0.07999995059578112,0.01333332509929683,0.08000009880843775,0.01333334980140632
9.470000000000001,0.0799999513368444,0.01333332522280738,0.08000009732631119,0.01333334955438523
9.48,0.07999995206679174,0.01333332534446527,0.08000009586641652,0.01333334931106944
9.49,0.07999995278578986,0.01333332546429829,0.08000009442842027,0.01333334907140341
9.5,0.07999995349400302,0.01333332558233382,0.08000009301199396,0.01333334883533235
9.51,0.07999995419159298,0.01333332569859881,0.08000009161681404,0.01333334860280236
9.52,0.07999995487871908,0.01333332581311983,0.08000009024256183,0.01333334837376032
9.529999999999999,0.07999995555553829,0.01333332592592303,0.0800000888889234,0.01333334814815393
9.540000000000001,0.07999995622220522,0.01333332603703418,0.08000008755558954,0.0133333479259316
9.550000000000001,0.07999995687887214,0.01333332614647867,0.08000008624225571,0.01333334770704264
9.56,0.07999995752568906,0.01333332625428149,0.08000008494862187,0.013333347491437
9.57,0.07999995816280372,0.01333332636046727,0.08000008367439254,0.01333334727906543
9.58,0.07999995879036167,0.01333332646506026,0.08000008241927664,0.01333334706987946
9.59,0.07999995940850625,0.01333332656808436,0.08000008118298749,0.01333334686383128
9.6,0.07999996001737866,0.01333332666956309,0.08000007996524267,0.0133333466608738
9.609999999999999,0.07999996061711798,0.01333332676951964,0.08000007876576404,0.01333334646096068
9.620000000000001,0.07999996120786121,0.01333332686797685,0.08000007758427757,0.01333334626404628
9.630000000000001,0.07999996178974329,0.0133333269649572,0.08000007642051341,0.01333334607008557
9.640000000000001,0.07999996236289714,0.01333332706048284,0.08000007527420572,0.01333334587903431
9.65,0.07999996292745368,0.0133333271545756,0.08000007414509264,0.01333334569084879
9.66,0.07999996348354187,0.01333332724725696,0.08000007303291626,0.01333334550548607
9.67,0.07999996403128874,0.01333332733854811,0.08000007193742251,0.01333334532290376
9.68,0.07999996457081941,0.01333332742846989,0.08000007085836117,0.0133333451430602
9.69,0.07999996510225713,0.01333332751704284,0.08000006979548574,0.01333334496591432
9.700000000000001,0.07999996562572327,0.01333332760428719,0.08000006874855345,0.01333334479142559
9.710000000000001,0.07999996614133742,0.01333332769022289,0.08000006771732515,0.01333334461955421
9.720000000000001,0.07999996664921735,0.01333332777486954,0.08000006670156529,0.01333334445026091
9.73,0.07999996714947909,0.0133333278582465,0.08000006570104182,0.01333334428350699
9.74,0.07999996764223689,0.0133333279403728,0.0800000647155262,0.01333334411925438
9.75,0.07999996812760334,0.01333332802126721,0.08000006374479332,0.01333334395746555
9.76,0.07999996860568928,0.0133333281009482,0.08000006278862143,0.01333334379810358
9.77,0.07999996907660394,0.01333332817943398,0.08000006184679212,0.01333334364113203
9.779999999999999,0.07999996954045488,0.01333332825674247,0.08000006091909023,0.01333334348651505
9.790000000000001,0.07999996999734806,0.01333332833289133,0.08000006000530388,0.01333334333421732
9.800000000000001,0.07999997044738784,0.01333332840789796,0.08000005910522431,0.01333334318420407
9.81,0.07999997089067702,0.01333332848177949,0.08000005821864595,0.01333334303644101
9.82,0.07999997132731687,0.0133333285545528,0.08000005734536625,0.01333334289089438
9.83,0.07999997175740711,0.01333332862623451,0.08000005648518577,0.01333334274753098
9.84,0.079999972181046,0.01333332869684099,0.08000005563790799,0.01333334260631799
9.85,0.0799999725983303,0.01333332876638837,0.08000005480333938,0.01333334246722323
9.859999999999999,0.07999997300935535,0.01333332883489255,0.08000005398128929,0.01333334233021488
9.870000000000001,0.07999997341421503,0.01333332890236916,0.08000005317156994,0.01333334219526167
9.880000000000001,0.07999997381300181,0.01333332896883362,0.08000005237399638,0.01333334206233275
9.890000000000001,0.07999997420580678,0.01333332903430112,0.08000005158838644,0.01333334193139774
9.9,0.07999997459271968,0.0133333290987866,0.08000005081456063,0.01333334180242679
9.91,0.07999997497382888,0.0133333291623048,0.08000005005234223,0.01333334167539038
9.92,0.07999997534922144,0.01333332922487023,0.0800000493015571,0.01333334155025953
9.93,0.07999997571898312,0.01333332928649718,0.08000004856203374,0.01333334142700562
9.94,0.07999997608319838,0.01333332934719972,0.08000004783360323,0.01333334130560054
9.950000000000001,0.07999997644195041,0.01333332940699172,0.08000004711609918,0.01333334118601653
9.960000000000001,0.07999997679532116,0.01333332946588685,0.08000004640935768,0.01333334106822628
9.970000000000001,0.07999997714339134,0.01333332952389855,0.08000004571321731,0.0133333409522029
9.98,0.07999997748624046,0.01333332958104007,0.08000004502751906,0.01333334083791984
9.99,0.07999997782394686,0.01333332963732447,0.08000004435210628,0.01333334072535106
10,0.07999997815658766,0.0133333296927646,0.08000004368682467,0.01333334061447078
10.01,0.07999997848423884,0.01333332974737313,0.08000004303152231,0.01333334050525373
10.02,0.07999997880697526,0.01333332980116254,0.08000004238604946,0.01333334039767492
10.03,0.07999997912487064,0.0133333298541451,0.08000004175025871,0.01333334029170979
10.04,0.07999997943799758,0.01333332990633292,0.08000004112400483,0.01333334018733415
10.05,0.07999997974642761,0.01333332995773793,0.08000004050714477,0.01333334008452414
10.06,0.07999998005023119,0.01333333000837186,0.08000003989953761,0.01333333998325625
10.07,0.07999998034947772,0.01333333005824628,0.08000003930104455,0.01333333988350741
10.08,0.07999998064423555,0.01333333010737259,0.08000003871152889,0.01333333978525481
10.09,0.07999998093457202,0.013333330155762,0.08000003813085596,0.013333339688476
10.1,0.07999998122055343,0.01333333020342557,0.08000003755889312,0.01333333959314884
10.11,0.07999998150224513,0.01333333025037418,0.08000003699550973,0.01333333949925161
10.12,0.07999998177971146,0.01333333029661857,0.08000003644057707,0.01333333940676285
10.13,0.07999998205301578,0.01333333034216929,0.08000003589396842,0.01333333931566139
10.14,0.07999998232222055,0.01333333038703675,0.08000003535555889,0.01333333922592647
10.15,0.07999998258738725,0.0133333304312312,0.0800000348252255,0.01333333913753759
10.16,0.07999998284857644,0.01333333047476273,0.08000003430284711,0.01333333905047451
10.17,0.0799999831058478,0.01333333051764129,0.08000003378830439,0.01333333896471739
10.18,0.07999998335926008,0.01333333055987667,0.08000003328147984,0.01333333888024663
10.19,0.07999998360887117,0.01333333060147852,0.08000003278225765,0.01333333879704293
10.2,0.07999998385473811,0.01333333064245634,0.08000003229052377,0.0133333387150873
10.21,0.07999998409691704,0.0133333306828195,0.08000003180616591,0.01333333863436098
10.22,0.07999998433546328,0.01333333072257721,0.08000003132907343,0.01333333855484556
10.23,0.07999998457043132,0.01333333076173855,0.08000003085913734,0.01333333847652288
10.24,0.07999998480187485,0.01333333080031247,0.08000003039625028,0.01333333839937503
10.25,0.07999998502984673,0.01333333083830779,0.08000002994030653,0.0133333383233844
10.26,0.07999998525439903,0.01333333087573317,0.08000002949120194,0.01333333824853364
10.27,0.07999998547558304,0.01333333091259717,0.08000002904883391,0.01333333817480564
10.28,0.07999998569344929,0.01333333094890821,0.0800000286131014,0.01333333810218357
10.29,0.07999998590804755,0.01333333098467459,0.08000002818390489,0.01333333803065079
10.3,0.07999998611942684,0.01333333101990447,0.08000002776114631,0.01333333796019104
10.31,0.07999998632763544,0.0133333310546059,0.08000002734472911,0.01333333789078817
10.32,0.0799999865327209,0.01333333108878682,0.08000002693455818,0.01333333782242635
10.33,0.07999998673473009,0.01333333112245501,0.08000002653053981,0.01333333775508996
10.34,0.07999998693370915,0.01333333115561819,0.0800000261325817,0.0133333376887636
10.35,0.07999998712970351,0.01333333118828392,0.08000002574059298,0.01333333762343214
10.36,0.07999998732275795,0.01333333122045966,0.08000002535448408,0.01333333755908067
10.37,0.07999998751291658,0.01333333125215276,0.08000002497416683,0.01333333749569446
10.38,0.07999998770022283,0.01333333128337047,0.08000002459955433,0.01333333743325904
10.39,0.07999998788471949,0.01333333131411991,0.08000002423056102,0.01333333737176015
10.4,0.07999998806644869,0.01333333134440812,0.08000002386710262,0.01333333731118375
10.41,0.07999998824545196,0.01333333137424199,0.08000002350909607,0.013333337251516
10.42,0.07999998842177018,0.01333333140362836,0.08000002315645963,0.01333333719274327
10.43,0.07999998859544363,0.01333333143257394,0.08000002280911273,0.0133333371348521
10.44,0.07999998876651197,0.01333333146108533,0.08000002246697605,0.01333333707782933
10.45,0.0799999889350143,0.01333333148916905,0.0800000221299714,0.0133333370216619
10.46,0.07999998910098909,0.01333333151683151,0.08000002179802182,0.01333333696633696
10.47,0.07999998926447426,0.01333333154407904,0.08000002147105148,0.01333333691184191
10.48,0.07999998942550714,0.01333333157091786,0.08000002114898572,0.01333333685816426
10.49,0.07999998958412453,0.01333333159735409,0.08000002083175092,0.01333333680529181
10.5,0.07999998974036267,0.01333333162339377,0.08000002051927466,0.01333333675321244
10.51,0.07999998989425723,0.01333333164904287,0.08000002021148553,0.01333333670191425
10.52,0.07999999004584338,0.01333333167430722,0.08000001990831324,0.01333333665138553
10.53,0.07999999019515573,0.01333333169919262,0.08000001960968853,0.01333333660161473
10.54,0.07999999034222839,0.01333333172370473,0.08000001931554321,0.01333333655259053
10.55,0.07999999048709497,0.01333333174784916,0.08000001902581005,0.01333333650430166
10.56,0.07999999062978855,0.01333333177163142,0.0800000187404229,0.01333333645673715
10.57,0.07999999077034171,0.01333333179505695,0.08000001845931656,0.01333333640988607
10.58,0.07999999090878659,0.01333333181813109,0.0800000181824268,0.01333333636373779
10.59,0.07999999104515479,0.01333333184085913,0.08000001790969041,0.01333333631828174
10.6,0.07999999117947747,0.01333333186324624,0.08000001764104506,0.0133333362735075
10.61,0.0799999913117853,0.01333333188529755,0.08000001737642939,0.01333333622940489
10.62,0.07999999144210852,0.01333333190701808,0.08000001711578295,0.0133333361859638
10.63,0.07999999157047689,0.01333333192841281,0.0800000168590462,0.01333333614317436
10.64,0.07999999169691974,0.01333333194948662,0.08000001660616052,0.01333333610102674
10.65,0.07999999182146594,0.01333333197024432,0.0800000163570681,0.01333333605951134
10.66,0.07999999194414395,0.01333333199069066,0.08000001611171209,0.01333333601861866
10.67,0.07999999206498179,0.0133333320108303,0.08000001587003641,0.01333333597833938
10.68,0.07999999218400707,0.01333333203066784,0.08000001563198586,0.01333333593866429
10.69,0.07999999230124696,0.01333333205020782,0.08000001539750606,0.01333333589958433
10.7,0.07999999241672826,0.01333333206945471,0.08000001516654348,0.01333333586109056
10.71,0.07999999253047733,0.01333333208841288,0.08000001493904532,0.0133333358231742
10.72,0.07999999264252017,0.01333333210708669,0.08000001471495966,0.0133333357858266
10.73,0.07999999275288236,0.01333333212548039,0.08000001449423527,0.01333333574903919
10.74,0.07999999286158913,0.01333333214359819,0.08000001427682174,0.0133333357128036
10.75,0.07999999296866529,0.01333333216144421,0.08000001406266941,0.01333333567711156
10.76,0.07999999307413531,0.01333333217902255,0.08000001385172936,0.01333333564195488
10.77,0.07999999317802328,0.01333333219633721,0.08000001364395343,0.01333333560732555
10.78,0.07999999328035293,0.01333333221339215,0.08000001343929414,0.01333333557321567
10.79,0.07999999338114763,0.01333333223019127,0.08000001323770473,0.01333333553961744
10.8,0.07999999348043042,0.0133333322467384,0.08000001303913915,0.01333333550652319
10.81,0.07999999357822396,0.01333333226303732,0.08000001284355207,0.01333333547392535
10.82,0.0799999936745506,0.01333333227909177,0.08000001265089879,0.01333333544181645
10.83,0.07999999376943234,0.01333333229490539,0.08000001246113531,0.01333333541018922
10.84,0.07999999386289086,0.01333333231048181,0.08000001227421827,0.01333333537903636
10.85,0.0799999939549475,0.01333333232582458,0.08000001209010499,0.01333333534835082
10.86,0.07999999404562329,0.01333333234093721,0.08000001190875342,0.01333333531812556
10.87,0.07999999413493894,0.01333333235582315,0.08000001173012211,0.01333333528835368
10.88,0.07999999422291486,0.01333333237048581,0.08000001155417027,0.01333333525902836
10.89,0.07999999430957114,0.01333333238492852,0.08000001138085772,0.01333333523014293
10.9,0.07999999439492757,0.01333333239915459,0.08000001121014486,0.0133333352016908
10.91,0.07999999447900366,0.01333333241316727,0.08000001104199267,0.01333333517366544
10.92,0.07999999456181861,0.01333333242696976,0.08000001087636277,0.01333333514606044
10.93,0.07999999464339133,0.01333333244056521,0.08000001071321733,0.01333333511886955
10.94,0.07999999472374046,0.01333333245395674,0.08000001055251907,0.01333333509208651
10.95,0.07999999480288436,0.01333333246714738,0.08000001039423127,0.01333333506570522
10.96,0.0799999948808411,0.01333333248014017,0.08000001023831779,0.01333333503971962
10.97,0.07999999495762848,0.01333333249293807,0.08000001008474303,0.01333333501412384
10.98,0.07999999503326405,0.013333332505544,0.08000000993347189,0.01333333498891198
10.99,0.07999999510776509,0.01333333251796084,0.08000000978446981,0.01333333496407829
11,0.07999999518114861,0.01333333253019143,0.08000000963770276,0.01333333493961714
11.01,0.07999999525343139,0.01333333254223856,0.08000000949313721,0.01333333491552285
11.02,0.07999999532462992,0.01333333255410498,0.08000000935074014,0.01333333489179003
11.03,0.07999999539476048,0.0133333325657934,0.08000000921047903,0.01333333486841318
11.04,0.07999999546383907,0.0133333325773065,0.08000000907232185,0.01333333484538698
11.05,0.07999999553188149,0.0133333325886469,0.08000000893623702,0.01333333482270618
11.06,0.07999999559890326,0.0133333325998172,0.08000000880219346,0.01333333480036558
11.07,0.07999999566491972,0.01333333261081994,0.08000000867016055,0.0133333347783601
11.08,0.07999999572994593,0.01333333262165764,0.08000000854010814,0.01333333475668469
11.09,0.07999999579399673,0.01333333263233278,0.08000000841200652,0.01333333473533443
11.1,0.07999999585708678,0.01333333264284779,0.08000000828582643,0.01333333471430442
11.11,0.07999999591923047,0.01333333265320507,0.08000000816153904,0.01333333469358985
11.12,0.07999999598044202,0.01333333266340699,0.08000000803911594,0.01333333467318598
11.13,0.07999999604073539,0.01333333267345589,0.08000000791852921,0.0133333346530882
11.14,0.07999999610012436,0.01333333268335405,0.08000000779975128,0.01333333463329189
11.15,0.07999999615862249,0.01333333269310374,0.080000007682755,0.01333333461379249
11.16,0.07999999621624315,0.01333333270270718,0.08000000756751369,0.01333333459458561
11.17,0.0799999962729995,0.01333333271216657,0.08000000745400099,0.01333333457566682
11.18,0.0799999963289045,0.01333333272148408,0.08000000734219098,0.01333333455703184
11.19,0.07999999638397094,0.01333333273066181,0.08000000723205811,0.01333333453867636
11.2,0.07999999643821137,0.01333333273970189,0.08000000712357724,0.01333333452059621
11.21,0.07999999649163821,0.01333333274860636,0.08000000701672358,0.01333333450278726
11.22,0.07999999654426364,0.01333333275737726,0.08000000691147272,0.01333333448524546
11.23,0.07999999659609969,0.0133333327660166,0.08000000680780062,0.01333333446796678
11.24,0.07999999664715819,0.01333333277452635,0.08000000670568361,0.01333333445094728
11.25,0.07999999669745082,0.01333333278290846,0.08000000660509834,0.01333333443418305
11.26,0.07999999674698906,0.01333333279116483,0.08000000650602188,0.01333333441767032
11.27,0.07999999679578422,0.01333333279929736,0.08000000640843155,0.01333333440140527
11.28,0.07999999684384745,0.0133333328073079,0.08000000631230508,0.0133333343853842
11.29,0.07999999689118974,0.01333333281519828,0.08000000621762052,0.01333333436960343
11.3,0.07999999693782189,0.0133333328229703,0.0800000061243562,0.01333333435405937
11.31,0.07999999698375457,0.01333333283062575,0.08000000603249086,0.01333333433874848
11.32,0.07999999702899825,0.01333333283816636,0.08000000594200349,0.01333333432366726
11.33,0.07999999707356328,0.01333333284559387,0.08000000585287342,0.01333333430881223
11.34,0.07999999711745984,0.01333333285290996,0.08000000576508032,0.01333333429418004
11.35,0.07999999716069794,0.01333333286011631,0.0800000056786041,0.01333333427976735
11.36,0.07999999720328747,0.01333333286721457,0.08000000559342504,0.01333333426557085
11.37,0.07999999724523817,0.01333333287420635,0.08000000550952366,0.01333333425158728
11.38,0.0799999972865596,0.01333333288109325,0.08000000542688079,0.01333333423781347
11.39,0.07999999732726121,0.01333333288787686,0.08000000534547758,0.01333333422424626
11.4,0.07999999736735229,0.0133333328945587,0.08000000526529541,0.01333333421088256
11.41,0.07999999740684201,0.01333333290114032,0.08000000518631598,0.01333333419771934
11.42,0.07999999744573938,0.01333333290762322,0.08000000510852123,0.01333333418475355
11.43,0.07999999748405329,0.01333333291400887,0.08000000503189342,0.01333333417198224
11.44,0.07999999752179249,0.01333333292029874,0.08000000495641502,0.01333333415940252
11.45,0.0799999975589656,0.01333333292649426,0.08000000488206879,0.01333333414701146
11.46,0.07999999759558112,0.01333333293259684,0.08000000480883776,0.01333333413480631
11.47,0.0799999976316474,0.01333333293860789,0.08000000473670518,0.0133333341227842
11.48,0.0799999976671727,0.01333333294452877,0.0800000046656546,0.01333333411094245
11.49,0.07999999770216511,0.01333333295036084,0.08000000459566978,0.01333333409927831
11.5,0.07999999773663263,0.01333333295610543,0.08000000452673472,0.01333333408778914
11.51,0.07999999777058314,0.01333333296176385,0.08000000445883371,0.0133333340764723
11.52,0.07999999780402439,0.01333333296733739,0.08000000439195121,0.01333333406532522
11.53,0.07999999783696403,0.01333333297282733,0.08000000432607193,0.01333333405434534
11.54,0.07999999786940958,0.01333333297823491,0.08000000426118084,0.01333333404353015
11.55,0.07999999790136843,0.01333333298356139,0.08000000419726314,0.0133333340328772
11.56,0.0799999979328479,0.01333333298880797,0.08000000413430419,0.01333333402238404
11.57,0.07999999796385518,0.01333333299397585,0.08000000407228963,0.01333333401204828
11.58,0.07999999799439735,0.01333333299906621,0.0800000040112053,0.01333333400186756
11.59,0.07999999802448139,0.01333333300408022,0.08000000395103721,0.01333333399183956
11.6,0.07999999805411417,0.01333333300901901,0.08000000389177164,0.01333333398196196
11.61,0.07999999808330246,0.01333333301388373,0.08000000383339506,0.01333333397223252
11.62,0.07999999811205293,0.01333333301867547,0.08000000377589414,0.01333333396264905
11.63,0.07999999814037213,0.01333333302339534,0.08000000371925572,0.01333333395320929
11.64,0.07999999816826656,0.01333333302804441,0.08000000366346688,0.01333333394391117
11.65,0.07999999819574256,0.01333333303262374,0.08000000360851486,0.0133333339347525
11.66,0.07999999822280643,0.01333333303713439,0.08000000355438713,0.01333333392573122
11.67,0.07999999824946433,0.01333333304157737,0.08000000350107134,0.01333333391684524
11.68,0.07999999827572236,0.01333333304595371,0.08000000344855526,0.01333333390809255
11.69,0.07999999830158652,0.0133333330502644,0.08000000339682695,0.01333333389947117
11.7,0.07999999832706273,0.01333333305451044,0.08000000334587454,0.0133333338909791
11.71,0.07999999835215679,0.01333333305869278,0.08000000329568641,0.01333333388261443
11.72,0.07999999837687444,0.01333333306281239,0.08000000324625112,0.01333333387437519
11.73,0.07999999840122132,0.0133333330668702,0.08000000319755735,0.01333333386625957
11.74,0.079999998425203,0.01333333307086715,0.08000000314959399,0.01333333385826568
11.75,0.07999999844882495,0.01333333307480414,0.08000000310235009,0.0133333338503917
11.76,0.07999999847209258,0.01333333307868208,0.08000000305581484,0.01333333384263582
11.77,0.07999999849501119,0.01333333308250185,0.08000000300997762,0.01333333383499627
11.78,0.07999999851758602,0.01333333308626432,0.08000000296482795,0.01333333382747134
11.79,0.07999999853982223,0.01333333308997036,0.08000000292035553,0.01333333382005927
11.8,0.07999999856172489,0.0133333330936208,0.08000000287655021,0.01333333381275836
11.81,0.07999999858329902,0.01333333309721649,0.08000000283340195,0.013333333805567
11.82,0.07999999860454954,0.01333333310075824,0.08000000279090091,0.0133333337984835
11.83,0.07999999862548129,0.01333333310424687,0.0800000027490374,0.01333333379150625
11.84,0.07999999864609908,0.01333333310768316,0.08000000270780183,0.01333333378463364
11.85,0.0799999986664076,0.01333333311106792,0.08000000266718479,0.01333333377786414
11.86,0.07999999868641149,0.0133333331144019,0.08000000262717702,0.01333333377119619
11.87,0.07999999870611531,0.01333333311768587,0.08000000258776938,0.01333333376462825
11.88,0.07999999872552357,0.01333333312092058,0.08000000254895284,0.01333333375815882
11.89,0.07999999874464073,0.01333333312410677,0.08000000251071854,0.01333333375178644
11.9,0.07999999876347112,0.01333333312724517,0.08000000247305775,0.01333333374550966
11.91,0.07999999878201905,0.01333333313033649,0.08000000243596189,0.01333333373932699
11.92,0.07999999880028877,0.01333333313338144,0.08000000239942245,0.01333333373323708
11.93,0.07999999881828444,0.01333333313638072,0.08000000236343111,0.01333333372723855
11.94,0.07999999883601018,0.01333333313933501,0.08000000232797963,0.01333333372132994
11.95,0.07999999885347003,0.01333333314224499,0.08000000229305992,0.01333333371551002
11.96,0.07999999887066798,0.01333333314511131,0.08000000225866402,0.01333333370977735
11.97,0.07999999888760796,0.01333333314793464,0.08000000222478407,0.0133333337041307
11.98,0.07999999890429384,0.01333333315071562,0.08000000219141232,0.01333333369856873
11.99,0.07999999892072943,0.01333333315345489,0.08000000215854114,0.0133333336930902
12,0.07999999893691849,0.01333333315615306,0.08000000212616301,0.01333333368769385
12.01,0.07999999895286471,0.01333333315881077,0.08000000209427058,0.01333333368237843
12.02,0.07999999896857174,0.01333333316142861,0.08000000206285651,0.01333333367714276
12.03,0.07999999898404317,0.01333333316400718,0.08000000203191365,0.01333333367198564
12.04,0.07999999899928252,0.01333333316654707,0.08000000200143495,0.01333333366690584
12.05,0.07999999901429328,0.01333333316904886,0.08000000197141344,0.01333333366190226
12.06,0.07999999902907888,0.01333333317151313,0.08000000194184223,0.01333333365697373
12.07,0.0799999990436427,0.01333333317394043,0.08000000191271459,0.01333333365211911
12.08,0.07999999905798806,0.01333333317633133,0.08000000188402387,0.01333333364733733
12.09,0.07999999907211824,0.01333333317868635,0.0800000018557635,0.01333333364262726
12.1,0.07999999908603647,0.01333333318100606,0.08000000182792705,0.01333333363798786
12.11,0.07999999909974592,0.01333333318329097,0.08000000180050815,0.01333333363341804
12.12,0.07999999911324973,0.0133333331855416,0.08000000177350053,0.01333333362891678
12.13,0.07999999912655098,0.01333333318775848,0.08000000174689803,0.01333333362448302
12.14,0.07999999913965272,0.0133333331899421,0.08000000172069455,0.01333333362011577
12.15,0.07999999915255793,0.01333333319209297,0.08000000169488414,0.01333333361581404
12.16,0.07999999916526956,0.01333333319421158,0.08000000166946086,0.01333333361157682
12.17,0.07999999917779052,0.0133333331962984,0.08000000164441895,0.01333333360740319
12.18,0.07999999919012367,0.01333333319835393,0.08000000161975265,0.01333333360329214
12.19,0.07999999920227181,0.01333333320037862,0.08000000159545637,0.01333333359924274
12.2,0.07999999921423774,0.01333333320237294,0.08000000157152451,0.0133333335952541
12.21,0.07999999922602417,0.01333333320433734,0.08000000154795164,0.0133333335913253
12.22,0.07999999923763382,0.01333333320627229,0.08000000152473236,0.01333333358745542
12.23,0.07999999924906931,0.0133333332081782,0.08000000150186137,0.01333333358364358
12.24,0.07999999926033327,0.01333333321005553,0.08000000147933345,0.01333333357988892
12.25,0.07999999927142827,0.01333333321190469,0.08000000145714345,0.0133333335761906
12.26,0.07999999928235685,0.01333333321372612,0.08000000143528629,0.01333333357254773
12.27,0.0799999992931215,0.01333333321552023,0.08000000141375699,0.01333333356895952
12.28,0.07999999930372467,0.01333333321728743,0.08000000139255065,0.01333333356542513
12.29,0.0799999993141688,0.01333333321902812,0.08000000137166238,0.01333333356194374
12.3,0.07999999932445627,0.0133333332207427,0.08000000135108745,0.0133333335585146
12.31,0.07999999933458943,0.01333333322243156,0.08000000133082114,0.01333333355513688
12.32,0.07999999934457058,0.01333333322409508,0.08000000131085883,0.01333333355180982
12.33,0.07999999935440202,0.01333333322573366,0.08000000129119594,0.01333333354853267
12.34,0.079999999364086,0.01333333322734765,0.08000000127182799,0.01333333354530469
12.35,0.0799999993736247,0.01333333322893744,0.08000000125275059,0.0133333335421251
12.36,0.07999999938302033,0.01333333323050337,0.08000000123395934,0.01333333353899324
12.37,0.07999999939227502,0.01333333323204582,0.08000000121544995,0.01333333353590832
12.38,0.07999999940139089,0.01333333323356514,0.0800000011972182,0.0133333335328697
12.39,0.07999999941037003,0.01333333323506166,0.08000000117925993,0.01333333352987665
12.4,0.07999999941921448,0.01333333323653573,0.08000000116157102,0.0133333335269285
12.41,0.07999999942792627,0.0133333332379877,0.08000000114414746,0.01333333352402458
12.42,0.07999999943650737,0.01333333323941788,0.08000000112698524,0.01333333352116423
12.43,0.07999999944495977,0.01333333324082661,0.08000000111008046,0.01333333351834676
12.44,0.07999999945328537,0.01333333324221421,0.08000000109342925,0.01333333351557156
12.45,0.07999999946148609,0.013333333243581,0.08000000107702782,0.01333333351283797
12.46,0.07999999946956379,0.01333333324492729,0.08000000106087241,0.0133333335101454
12.47,0.07999999947752033,0.01333333324625338,0.08000000104495933,0.01333333350749322
12.48,0.07999999948535752,0.01333333324755958,0.08000000102928495,0.01333333350488083
12.49,0.07999999949307715,0.01333333324884618,0.08000000101384569,0.01333333350230761
12.5,0.079999999500681,0.01333333325011349,0.08000000099863799,0.013333333499773
12.51,0.07999999950817079,0.01333333325136179,0.08000000098365842,0.01333333349727639
12.52,0.07999999951554822,0.01333333325259136,0.08000000096890356,0.01333333349481725
12.53,0.07999999952281499,0.01333333325380249,0.08000000095437002,0.01333333349239499
12.54,0.07999999952997276,0.01333333325499545,0.08000000094005447,0.01333333349000906
12.55,0.07999999953702316,0.01333333325617052,0.08000000092595366,0.01333333348765894
12.56,0.07999999954396782,0.01333333325732797,0.08000000091206436,0.01333333348534405
12.57,0.0799999995508083,0.01333333325846805,0.08000000089838338,0.0133333334830639
12.58,0.07999999955754618,0.01333333325959103,0.08000000088490763,0.01333333348081794
12.59,0.07999999956418298,0.01333333326069716,0.08000000087163403,0.01333333347860566
12.6,0.07999999957072024,0.0133333332617867,0.08000000085855952,0.01333333347642657
12.61,0.07999999957715943,0.0133333332628599,0.08000000084568112,0.01333333347428017
12.62,0.07999999958350204,0.013333333263917,0.08000000083299591,0.01333333347216598
12.63,0.07999999958974952,0.01333333326495825,0.08000000082050096,0.01333333347008347
12.64,0.07999999959590327,0.01333333326598387,0.08000000080819344,0.01333333346803223
12.65,0.07999999960196473,0.01333333326699411,0.08000000079607053,0.01333333346601176
12.66,0.07999999960793526,0.0133333332679892,0.08000000078412947,0.01333333346402157
12.67,0.07999999961381624,0.01333333326896936,0.08000000077236752,0.01333333346206125
12.68,0.07999999961960899,0.01333333326993482,0.08000000076078201,0.01333333346013033
12.69,0.07999999962531486,0.0133333332708858,0.08000000074937028,0.01333333345822837
12.7,0.07999999963093514,0.01333333327182251,0.08000000073812971,0.01333333345635496
12.71,0.07999999963647111,0.01333333327274517,0.08000000072705776,0.01333333345450963
12.72,0.07999999964192404,0.013333333273654,0.0800000007161519,0.013333333452692
12.73,0.07999999964729518,0.01333333327454919,0.08000000070540964,0.0133333334509016
12.74,0.07999999965258575,0.01333333327543095,0.08000000069482849,0.01333333344913809
12.75,0.07999999965779697,0.01333333327629948,0.08000000068440605,0.01333333344740101
12.76,0.07999999966293002,0.01333333327715499,0.08000000067413995,0.01333333344568999
12.77,0.07999999966798607,0.01333333327799767,0.08000000066402785,0.01333333344400464
12.78,0.07999999967296628,0.0133333332788277,0.08000000065406743,0.01333333344234458
12.79,0.07999999967787179,0.01333333327964529,0.08000000064425641,0.01333333344070942
12.8,0.07999999968270372,0.01333333328045061,0.08000000063459256,0.01333333343909876
12.81,0.07999999968746316,0.01333333328124385,0.08000000062507368,0.01333333343751228
12.82,0.07999999969215121,0.01333333328202519,0.08000000061569756,0.01333333343594961
12.83,0.07999999969676895,0.01333333328279481,0.08000000060646209,0.01333333343441034
12.84,0.07999999970131741,0.01333333328355289,0.08000000059736517,0.0133333334328942
12.85,0.07999999970579764,0.0133333332842996,0.0800000005884047,0.01333333343140078
12.86,0.07999999971021068,0.0133333332850351,0.08000000057957862,0.01333333342992976
12.87,0.07999999971455753,0.01333333328575958,0.08000000057088494,0.01333333342848084
12.88,0.07999999971883916,0.01333333328647318,0.08000000056232168,0.01333333342705362
12.89,0.07999999972305658,0.01333333328717608,0.08000000055388684,0.0133333334256478
12.9,0.07999999972721072,0.01333333328786844,0.08000000054557854,0.0133333334242631
12.91,0.07999999973130256,0.01333333328855042,0.08000000053739487,0.01333333342289914
12.92,0.07999999973533302,0.01333333328922216,0.08000000052933395,0.01333333342155565
12.93,0.07999999973930302,0.01333333328988383,0.08000000052139394,0.01333333342023232
12.94,0.07999999974321348,0.01333333329053557,0.08000000051357303,0.01333333341892884
12.95,0.07999999974706527,0.01333333329117754,0.08000000050586945,0.01333333341764492
12.96,0.07999999975085929,0.01333333329180987,0.0800000004982814,0.01333333341638024
12.97,0.0799999997545964,0.01333333329243272,0.08000000049080719,0.01333333341513454
12.98,0.07999999975827746,0.01333333329304623,0.08000000048344508,0.01333333341390752
12.99,0.07999999976190329,0.01333333329365054,0.08000000047619341,0.01333333341269891
13,0.07999999976547474,0.01333333329424578,0.08000000046905051,0.01333333341150841
13.01,0.07999999976899262,0.0133333332948321,0.08000000046201475,0.0133333334103358
13.02,0.07999999977245774,0.01333333329540962,0.08000000045508451,0.01333333340918075
13.03,0.07999999977587087,0.01333333329597847,0.08000000044825825,0.01333333340804305
13.04,0.07999999977923281,0.01333333329653879,0.08000000044153438,0.01333333340692239
13.05,0.07999999978254431,0.01333333329709071,0.08000000043491137,0.01333333340581855
13.06,0.07999999978580614,0.01333333329763435,0.0800000004283877,0.01333333340473128
13.07,0.07999999978901905,0.01333333329816984,0.0800000004219619,0.0133333334036603
13.08,0.07999999979218377,0.01333333329869729,0.08000000041563246,0.0133333334026054
13.09,0.07999999979530101,0.01333333329921683,0.08000000040939798,0.01333333340156631
13.1,0.0799999997983715,0.01333333329972858,0.080000000403257,0.01333333340054282
13.11,0.07999999980139592,0.01333333330023265,0.08000000039720814,0.01333333339953469
13.12,0.07999999980437499,0.01333333330072916,0.08000000039125002,0.01333333339854165
13.13,0.07999999980730936,0.01333333330121822,0.08000000038538127,0.01333333339756354
13.14,0.07999999981019972,0.01333333330169995,0.08000000037960056,0.01333333339660009
13.15,0.07999999981304672,0.01333333330217445,0.08000000037390656,0.01333333339565107
13.16,0.07999999981585101,0.01333333330264183,0.08000000036829796,0.01333333339471632
13.17,0.07999999981861325,0.0133333333031022,0.08000000036277349,0.01333333339379558
13.18,0.07999999982133404,0.01333333330355567,0.0800000003573319,0.01333333339288864
13.19,0.07999999982401404,0.01333333330400234,0.08000000035197191,0.0133333333919953
13.2,0.07999999982665383,0.0133333333044423,0.08000000034669233,0.01333333339111537
13.21,0.07999999982925403,0.01333333330487567,0.08000000034149193,0.01333333339024864
13.22,0.07999999983181522,0.01333333330530253,0.08000000033636956,0.01333333338939491
13.23,0.07999999983433799,0.01333333330572299,0.08000000033132401,0.013333333388554
13.24,0.07999999983682292,0.01333333330613715,0.08000000032635415,0.01333333338772569
13.25,0.07999999983927057,0.01333333330654509,0.08000000032145885,0.01333333338690978
13.26,0.07999999984168152,0.01333333330694691,0.08000000031663695,0.01333333338610615
13.27,0.0799999998440563,0.01333333330734271,0.08000000031188739,0.01333333338531456
13.28,0.07999999984639546,0.01333333330773257,0.08000000030720908,0.01333333338453485
13.29,0.07999999984869953,0.01333333330811658,0.08000000030260093,0.01333333338376683
13.3,0.07999999985096903,0.01333333330849483,0.08000000029806192,0.01333333338301032
13.31,0.0799999998532045,0.01333333330886741,0.080000000293591,0.01333333338226517
13.32,0.07999999985540643,0.0133333333092344,0.08000000028918713,0.01333333338153117
13.33,0.07999999985757533,0.01333333330959588,0.08000000028484933,0.01333333338080822
13.34,0.07999999985971171,0.01333333330995195,0.08000000028057658,0.0133333333800961
13.35,0.07999999986181604,0.01333333331030267,0.08000000027636792,0.01333333337939466
13.36,0.0799999998638888,0.01333333331064813,0.0800000002722224,0.01333333337870374
13.37,0.07999999986593047,0.0133333333109884,0.08000000026813905,0.01333333337802317
13.38,0.07999999986794151,0.01333333331132358,0.08000000026411697,0.01333333337735282
13.39,0.07999999986992239,0.01333333331165372,0.08000000026015522,0.01333333337669254
13.4,0.07999999987187355,0.01333333331197892,0.0800000002562529,0.01333333337604214
13.41,0.07999999987379544,0.01333333331229924,0.08000000025240911,0.01333333337540152
13.42,0.07999999987568851,0.01333333331261475,0.08000000024862297,0.0133333333747705
13.43,0.07999999987755319,0.01333333331292553,0.08000000024489362,0.01333333337414894
13.44,0.07999999987938988,0.01333333331323164,0.08000000024122023,0.0133333333735367
13.45,0.07999999988119903,0.01333333331353317,0.08000000023760193,0.01333333337293363
13.46,0.07999999988298105,0.01333333331383017,0.08000000023403789,0.01333333337233963
13.47,0.07999999988473634,0.01333333331412272,0.08000000023052731,0.01333333337175455
13.48,0.07999999988646529,0.01333333331441088,0.08000000022706941,0.01333333337117823
13.49,0.07999999988816832,0.01333333331469471,0.08000000022366335,0.01333333337061055
13.5,0.0799999998898458,0.01333333331497429,0.0800000002203084,0.01333333337005138
13.51,0.07999999989149811,0.01333333331524968,0.08000000021700376,0.01333333336950063
13.52,0.07999999989312565,0.01333333331552093,0.0800000002137487,0.01333333336895812
13.53,0.07999999989472877,0.01333333331578812,0.08000000021054246,0.01333333336842374
13.54,0.07999999989630784,0.0133333333160513,0.08000000020738432,0.01333333336789738
13.55,0.07999999989786322,0.01333333331631053,0.08000000020427356,0.01333333336737894
13.56,0.07999999989939527,0.01333333331656587,0.08000000020120945,0.01333333336686823
13.57,0.07999999990090434,0.01333333331681738,0.08000000019819131,0.01333333336636522
13.58,0.07999999990239078,0.01333333331706512,0.08000000019521844,0.01333333336586973
13.59,0.07999999990385491,0.01333333331730915,0.08000000019229017,0.0133333333653817
13.6,0.07999999990529709,0.01333333331754951,0.08000000018940581,0.01333333336490097
13.61,0.07999999990671763,0.01333333331778627,0.08000000018656472,0.01333333336442744
13.62,0.07999999990811688,0.01333333331801947,0.08000000018376624,0.01333333336396103
13.63,0.07999999990949512,0.01333333331824918,0.08000000018100975,0.01333333336350162
13.64,0.07999999991085269,0.01333333331847544,0.08000000017829462,0.01333333336304909
13.65,0.0799999999121899,0.01333333331869831,0.0800000001756202,0.01333333336260337
13.66,0.07999999991350705,0.01333333331891784,0.08000000017298589,0.0133333333621643
13.67,0.07999999991480444,0.01333333331913407,0.08000000017039111,0.01333333336173184
13.68,0.07999999991608238,0.01333333331934706,0.08000000016783523,0.01333333336130588
13.69,0.07999999991734115,0.01333333331955685,0.08000000016531769,0.01333333336088627
13.7,0.07999999991858103,0.0133333333197635,0.08000000016283793,0.01333333336047299
13.71,0.07999999991980232,0.01333333331996705,0.08000000016039535,0.0133333333600659
13.72,0.07999999992100529,0.01333333332016754,0.08000000015798941,0.01333333335966491
13.73,0.07999999992219022,0.01333333332036503,0.08000000015561956,0.01333333335926992
13.74,0.07999999992335736,0.01333333332055955,0.08000000015328526,0.01333333335888087
13.75,0.079999999924507,0.01333333332075116,0.08000000015098599,0.01333333335849768
13.76,0.0799999999256394,0.01333333332093989,0.08000000014872119,0.0133333333581202
13.77,0.07999999992675481,0.01333333332112579,0.08000000014649036,0.01333333335774839
13.78,0.07999999992785349,0.0133333333213089,0.08000000014429301,0.01333333335738218
13.79,0.07999999992893569,0.01333333332148927,0.0800000001421286,0.01333333335702144
13.8,0.07999999993000166,0.01333333332166693,0.08000000013999667,0.01333333335666612
13.81,0.07999999993105164,0.01333333332184193,0.08000000013789671,0.01333333335631612
13.82,0.07999999993208587,0.0133333333220143,0.08000000013582825,0.01333333335597139
13.83,0.07999999993310458,0.01333333332218408,0.08000000013379083,0.0133333333556318
13.84,0.07999999993410802,0.01333333332235132,0.08000000013178396,0.01333333335529735
13.85,0.07999999993509639,0.01333333332251605,0.08000000012980721,0.01333333335496789
13.86,0.07999999993606995,0.01333333332267831,0.0800000001278601,0.01333333335464337
13.87,0.0799999999370289,0.01333333332283814,0.08000000012594219,0.01333333335432371
13.88,0.07999999993797346,0.01333333332299556,0.08000000012405306,0.01333333335400885
13.89,0.07999999993890386,0.01333333332315063,0.08000000012219227,0.01333333335369871
13.9,0.07999999993982031,0.01333333332330337,0.08000000012035938,0.01333333335339323
13.91,0.079999999940723,0.01333333332345382,0.08000000011855399,0.01333333335309234
13.92,0.07999999994161215,0.01333333332360201,0.08000000011677569,0.01333333335279596
13.93,0.07999999994248796,0.01333333332374798,0.08000000011502406,0.01333333335250403
13.94,0.07999999994335065,0.01333333332389176,0.08000000011329869,0.01333333335221645
13.95,0.07999999994420039,0.01333333332403339,0.08000000011159922,0.01333333335193321
13.96,0.07999999994503738,0.01333333332417289,0.08000000010992522,0.01333333335165421
13.97,0.07999999994586182,0.01333333332431029,0.08000000010827635,0.0133333333513794
13.98,0.07999999994667389,0.01333333332444564,0.0800000001066522,0.0133333333511087
13.99,0.07999999994747378,0.01333333332457895,0.08000000010505243,0.01333333335084208
14,0.07999999994826168,0.01333333332471027,0.08000000010347663,0.01333333335057946
14.01,0.07999999994903775,0.01333333332483961,0.08000000010192448,0.01333333335032075
14.02,0.07999999994980218,0.01333333332496702,0.08000000010039562,0.01333333335006595
14.03,0.07999999995055515,0.01333333332509251,0.08000000009888969,0.01333333334981496
14.04,0.07999999995129682,0.01333333332521613,0.08000000009740635,0.01333333334956771
14.05,0.07999999995202738,0.01333333332533789,0.08000000009594524,0.01333333334932421
14.06,0.07999999995274697,0.01333333332545782,0.08000000009450606,0.01333333334908435
14.07,0.07999999995345576,0.01333333332557595,0.08000000009308847,0.01333333334884806
14.08,0.07999999995415392,0.01333333332569231,0.08000000009169214,0.01333333334861536
14.09,0.07999999995484161,0.01333333332580693,0.08000000009031677,0.01333333334838613
14.1,0.07999999995551899,0.01333333332591982,0.08000000008896202,0.01333333334816034
14.11,0.0799999999561862,0.01333333332603102,0.08000000008762759,0.01333333334793793
14.12,0.07999999995684341,0.01333333332614056,0.08000000008631317,0.01333333334771886
14.13,0.07999999995749076,0.01333333332624845,0.08000000008501848,0.01333333334750308
14.14,0.0799999999581284,0.01333333332635472,0.08000000008374319,0.01333333334729053
14.15,0.07999999995875648,0.0133333333264594,0.08000000008248703,0.01333333334708117
14.16,0.07999999995937514,0.01333333332656251,0.08000000008124972,0.01333333334687498
14.17,0.07999999995998451,0.01333333332666407,0.08000000008003097,0.01333333334667183
14.18,0.07999999996058474,0.01333333332676411,0.08000000007883051,0.01333333334647177
14.19,0.07999999996117597,0.01333333332686265,0.08000000007764804,0.01333333334627468
14.2,0.07999999996175833,0.01333333332695971,0.08000000007648334,0.01333333334608056
14.21,0.07999999996233195,0.01333333332705531,0.08000000007533609,0.01333333334588935
14.22,0.07999999996289697,0.01333333332714948,0.08000000007420605,0.01333333334570103
14.23,0.07999999996345351,0.01333333332724224,0.08000000007309296,0.01333333334551551
14.24,0.07999999996400171,0.0133333333273336,0.08000000007199656,0.01333333334533277
14.25,0.07999999996454168,0.0133333333274236,0.08000000007091662,0.01333333334515277
14.26,0.07999999996507356,0.01333333332751225,0.08000000006985286,0.0133333333449755
14.27,0.07999999996559747,0.01333333332759956,0.08000000006880506,0.01333333334480086
14.28,0.0799999999661135,0.01333333332768557,0.080000000067773,0.01333333334462886
14.29,0.0799999999666218,0.01333333332777028,0.08000000006675639,0.01333333334445941
14.3,0.07999999996712247,0.01333333332785373,0.08000000006575506,0.01333333334429251
14.31,0.07999999996761563,0.01333333332793592,0.08000000006476873,0.01333333334412812
14.32,0.07999999996810139,0.01333333332801689,0.08000000006379721,0.01333333334396622
14.33,0.07999999996857987,0.01333333332809663,0.08000000006284025,0.01333333334380671
14.34,0.07999999996905117,0.01333333332817518,0.08000000006189764,0.01333333334364961
14.35,0.0799999999695154,0.01333333332825255,0.08000000006096919,0.01333333334349487
14.36,0.07999999996997267,0.01333333332832877,0.08000000006005464,0.01333333334334244
14.37,0.07999999997042308,0.01333333332840383,0.08000000005915384,0.01333333334319231
14.38,0.07999999997086674,0.01333333332847778,0.08000000005826652,0.01333333334304443
14.39,0.07999999997130373,0.01333333332855061,0.08000000005739252,0.01333333334289877
14.4,0.07999999997173418,0.01333333332862235,0.08000000005653163,0.01333333334275527
14.41,0.07999999997215818,0.01333333332869302,0.08000000005568364,0.01333333334261394
14.42,0.0799999999725758,0.01333333332876262,0.08000000005484839,0.01333333334247475
14.43,0.07999999997298717,0.01333333332883118,0.08000000005402566,0.01333333334233761
14.44,0.07999999997339236,0.01333333332889871,0.08000000005321528,0.01333333334220255
14.45,0.07999999997379147,0.01333333332896523,0.08000000005241706,0.01333333334206951
14.46,0.0799999999741846,0.01333333332903076,0.0800000000516308,0.01333333334193848
14.47,0.07999999997457183,0.0133333333290953,0.08000000005085633,0.01333333334180939
14.48,0.07999999997495325,0.01333333332915887,0.0800000000500935,0.01333333334168224
14.49,0.07999999997532894,0.01333333332922148,0.0800000000493421,0.01333333334155701
14.5,0.07999999997569901,0.01333333332928316,0.08000000004860197,0.01333333334143366
14.51,0.07999999997606352,0.01333333332934391,0.08000000004787294,0.01333333334131215
14.52,0.07999999997642257,0.01333333332940375,0.08000000004715485,0.01333333334119247
14.53,0.07999999997677623,0.0133333333294627,0.08000000004644753,0.01333333334107459
14.54,0.07999999997712459,0.01333333332952076,0.08000000004575081,0.01333333334095846
14.55,0.07999999997746772,0.01333333332957795,0.08000000004506455,0.01333333334084408
14.56,0.0799999999778057,0.01333333332963428,0.08000000004438859,0.01333333334073142
14.57,0.07999999997813861,0.01333333332968976,0.08000000004372276,0.01333333334062045
14.58,0.07999999997846653,0.01333333332974442,0.08000000004306693,0.01333333334051115
14.59,0.07999999997878954,0.01333333332979825,0.08000000004242092,0.01333333334040349
14.6,0.0799999999791077,0.01333333332985128,0.08000000004178459,0.01333333334029743
14.61,0.07999999997942109,0.01333333332990351,0.08000000004115781,0.01333333334019296
14.62,0.07999999997972977,0.01333333332995495,0.08000000004054045,0.01333333334009007
14.63,0.07999999998003382,0.01333333333000563,0.08000000003993235,0.01333333333998873
14.64,0.07999999998033332,0.01333333333005554,0.08000000003933336,0.0133333333398889
14.65,0.07999999998062832,0.01333333333010471,0.08000000003874336,0.01333333333979056
14.66,0.07999999998091889,0.01333333333015314,0.08000000003816221,0.01333333333969369
14.67,0.07999999998120511,0.01333333333020084,0.08000000003758978,0.0133333333395983
14.68,0.07999999998148703,0.01333333333024783,0.08000000003702593,0.01333333333950432
14.69,0.07999999998176473,0.01333333333029411,0.08000000003647054,0.01333333333941175
14.7,0.07999999998203826,0.0133333333303397,0.08000000003592347,0.01333333333932057
14.71,0.07999999998230768,0.01333333333038461,0.08000000003538463,0.01333333333923076
14.72,0.07999999998257307,0.01333333333042884,0.08000000003485386,0.0133333333391423
14.73,0.07999999998283447,0.0133333333304724,0.08000000003433105,0.01333333333905518
14.74,0.07999999998309196,0.01333333333051532,0.08000000003381608,0.01333333333896936
14.75,0.07999999998334557,0.01333333333055759,0.08000000003330884,0.01333333333888481
14.76,0.07999999998359539,0.01333333333059922,0.08000000003280922,0.01333333333880155
14.77,0.07999999998384145,0.01333333333064024,0.08000000003231708,0.0133333333387195
14.78,0.07999999998408383,0.01333333333068063,0.08000000003183233,0.0133333333386387
14.79,0.07999999998432257,0.01333333333072042,0.08000000003135485,0.01333333333855913
14.8,0.07999999998455773,0.01333333333075962,0.08000000003088453,0.01333333333848075
14.81,0.07999999998478936,0.01333333333079822,0.08000000003042126,0.01333333333840353
14.82,0.07999999998501753,0.01333333333083625,0.08000000002996493,0.01333333333832748
14.83,0.07999999998524226,0.01333333333087371,0.08000000002951546,0.01333333333825257
14.84,0.07999999998546363,0.0133333333309106,0.08000000002907273,0.01333333333817877
14.85,0.07999999998568168,0.01333333333094694,0.08000000002863664,0.0133333333381061
14.86,0.07999999998589645,0.01333333333098274,0.08000000002820709,0.01333333333803449
14.87,0.079999999986108,0.013333333331018,0.08000000002778399,0.01333333333796399
14.88,0.07999999998631638,0.01333333333105273,0.08000000002736724,0.01333333333789452
14.89,0.07999999998652163,0.01333333333108693,0.08000000002695673,0.0133333333378261
14.9,0.0799999999867238,0.01333333333112063,0.08000000002655239,0.01333333333775871
14.91,0.07999999998692295,0.01333333333115382,0.08000000002615409,0.01333333333769235
14.92,0.07999999998711911,0.01333333333118651,0.08000000002576177,0.01333333333762696
14.93,0.07999999998731232,0.01333333333121871,0.08000000002537536,0.01333333333756254
14.94,0.07999999998750264,0.01333333333125043,0.08000000002499472,0.01333333333749911
14.95,0.0799999999876901,0.01333333333128168,0.08000000002461979,0.01333333333743664
14.96,0.07999999998787474,0.01333333333131245,0.08000000002425051,0.01333333333737508
14.97,0.07999999998805662,0.01333333333134277,0.08000000002388674,0.01333333333731446
14.98,0.07999999998823577,0.01333333333137262,0.08000000002352844,0.01333333333725473
14.99,0.07999999998841224,0.01333333333140203,0.0800000000231755,0.01333333333719591
15,0.07999999998858606,0.013333333331431,0.08000000002282787,0.01333333333713799
15.01,0.07999999998875727,0.01333333333145954,0.08000000002248545,0.01333333333708089
15.02,0.07999999998892592,0.01333333333148764,0.08000000002214816,0.01333333333702469
15.03,0.07999999998909203,0.01333333333151533,0.08000000002181593,0.01333333333696932
15.04,0.07999999998925565,0.0133333333315426,0.08000000002148869,0.01333333333691478
15.05,0.07999999998941681,0.01333333333156946,0.08000000002116636,0.01333333333686107
15.06,0.07999999998957556,0.01333333333159592,0.08000000002084887,0.01333333333680814
15.07,0.07999999998973192,0.01333333333162198,0.08000000002053614,0.01333333333675601
15.08,0.07999999998988594,0.01333333333164765,0.08000000002022811,0.01333333333670469
15.09,0.07999999999003765,0.01333333333167293,0.08000000001992469,0.01333333333665412
15.1,0.07999999999018709,0.01333333333169784,0.08000000001962582,0.0133333333366043
15.11,0.07999999999033428,0.01333333333172237,0.08000000001933144,0.01333333333655523
15.12,0.07999999999047926,0.01333333333174654,0.08000000001904148,0.01333333333650691
15.13,0.07999999999062207,0.01333333333177034,0.08000000001875585,0.01333333333645931
15.14,0.07999999999076274,0.01333333333179378,0.08000000001847452,0.0133333333364124
15.15,0.07999999999090129,0.01333333333181688,0.0800000000181974,0.01333333333636622
15.16,0.07999999999103777,0.01333333333183962,0.08000000001792446,0.01333333333632072
15.17,0.0799999999911722,0.01333333333186203,0.08000000001765559,0.01333333333627593
15.18,0.07999999999130462,0.0133333333318841,0.08000000001739074,0.0133333333362318
15.19,0.07999999999143506,0.01333333333190584,0.08000000001712987,0.0133333333361883
15.2,0.07999999999156354,0.01333333333192725,0.08000000001687291,0.01333333333614548
15.21,0.07999999999169009,0.01333333333194834,0.0800000000166198,0.01333333333610331
15.22,0.07999999999181474,0.01333333333196911,0.0800000000163705,0.01333333333606176
15.23,0.07999999999193752,0.01333333333198958,0.08000000001612495,0.01333333333602083
15.24,0.07999999999205845,0.01333333333200973,0.08000000001588309,0.01333333333598052
15.25,0.07999999999217758,0.01333333333202959,0.08000000001564483,0.01333333333594081
15.26,0.07999999999229492,0.01333333333204914,0.08000000001541016,0.0133333333359017
15.27,0.07999999999241049,0.0133333333320684,0.08000000001517901,0.01333333333586317
15.28,0.07999999999252433,0.01333333333208738,0.08000000001495133,0.01333333333582523
15.29,0.07999999999263646,0.01333333333210607,0.08000000001472707,0.01333333333578784
15.3,0.07999999999274691,0.01333333333212448,0.08000000001450616,0.01333333333575104
15.31,0.07999999999285572,0.01333333333214261,0.08000000001428856,0.01333333333571476
15.32,0.07999999999296288,0.01333333333216047,0.08000000001407423,0.01333333333567904
15.33,0.07999999999306844,0.01333333333217806,0.08000000001386312,0.01333333333564385
15.34,0.07999999999317241,0.01333333333219539,0.08000000001365518,0.01333333333560921
15.35,0.07999999999327483,0.01333333333221246,0.08000000001345034,0.01333333333557507
15.36,0.0799999999933757,0.01333333333222927,0.08000000001324858,0.01333333333554143
15.37,0.07999999999347507,0.01333333333224584,0.08000000001304985,0.01333333333550832
15.38,0.07999999999357295,0.01333333333226215,0.08000000001285409,0.01333333333547568
15.39,0.07999999999366936,0.01333333333227821,0.08000000001266128,0.01333333333544356
15.4,0.07999999999376432,0.01333333333229404,0.08000000001247135,0.0133333333354119
15.41,0.07999999999385786,0.01333333333230963,0.08000000001228427,0.01333333333538073
15.42,0.07999999999394999,0.01333333333232499,0.0800000000121,0.01333333333535
15.43,0.07999999999404074,0.01333333333234011,0.08000000001191851,0.01333333333531975
15.44,0.07999999999413013,0.01333333333235501,0.08000000001173974,0.01333333333528997
15.45,0.07999999999421818,0.01333333333236968,0.08000000001156363,0.0133333333352606
15.46,0.0799999999943049,0.01333333333238414,0.08000000001139018,0.01333333333523171
15.47,0.07999999999439034,0.01333333333239838,0.08000000001121932,0.01333333333520323
15.48,0.07999999999447448,0.0133333333324124,0.08000000001105104,0.01333333333517517
15.49,0.07999999999455736,0.01333333333242621,0.08000000001088528,0.01333333333514755
15.5,0.079999999994639,0.01333333333243982,0.08000000001072199,0.01333333333512032
15.51,0.07999999999471942,0.01333333333245322,0.08000000001056115,0.01333333333509354
15.52,0.07999999999479863,0.01333333333246643,0.08000000001040272,0.01333333333506714
15.53,0.07999999999487666,0.01333333333247943,0.08000000001024668,0.01333333333504111
15.54,0.07999999999495351,0.01333333333249224,0.08000000001009297,0.01333333333501552
15.55,0.07999999999502921,0.01333333333250485,0.08000000000994156,0.01333333333499026
15.56,0.07999999999510378,0.01333333333251728,0.08000000000979243,0.01333333333496542
15.57,0.07999999999517722,0.01333333333252952,0.08000000000964555,0.01333333333494094
15.58,0.07999999999524957,0.01333333333254158,0.08000000000950086,0.01333333333491682
15.59,0.07999999999532083,0.01333333333255345,0.08000000000935834,0.01333333333489306
15.6,0.07999999999539102,0.01333333333256515,0.08000000000921795,0.01333333333486969
15.61,0.07999999999546016,0.01333333333257667,0.08000000000907967,0.01333333333484663
15.62,0.07999999999552826,0.01333333333258802,0.08000000000894347,0.01333333333482392
15.63,0.07999999999559533,0.0133333333325992,0.08000000000880933,0.01333333333480158
15.64,0.0799999999956614,0.01333333333261022,0.08000000000867719,0.01333333333477954
15.65,0.07999999999572648,0.01333333333262106,0.08000000000854704,0.01333333333475786
15.66,0.07999999999579058,0.01333333333263175,0.08000000000841884,0.01333333333473649
15.67,0.07999999999585372,0.01333333333264227,0.08000000000829255,0.01333333333471542
15.68,0.07999999999591592,0.01333333333265264,0.08000000000816815,0.01333333333469472
15.69,0.07999999999597718,0.01333333333266285,0.08000000000804564,0.01333333333467429
15.7,0.07999999999603752,0.01333333333267291,0.08000000000792495,0.01333333333465417
15.71,0.07999999999609696,0.01333333333268281,0.08000000000780608,0.01333333333463435
15.72,0.07999999999615551,0.01333333333269257,0.08000000000768898,0.01333333333461484
15.73,0.07999999999621317,0.01333333333270218,0.08000000000757365,0.0133333333345956
15.74,0.07999999999626997,0.01333333333271165,0.08000000000746005,0.01333333333457667
15.75,0.07999999999632593,0.01333333333272098,0.08000000000734814,0.01333333333455802
15.76,0.07999999999638104,0.01333333333273016,0.08000000000723792,0.01333333333453965
15.77,0.07999999999643533,0.01333333333273921,0.08000000000712934,0.01333333333452158
15.78,0.0799999999964888,0.01333333333274812,0.0800000000070224,0.01333333333450373
15.79,0.07999999999654146,0.0133333333327569,0.08000000000691707,0.01333333333448619
15.8,0.07999999999659334,0.01333333333276554,0.08000000000681332,0.0133333333344689
15.81,0.07999999999664444,0.01333333333277406,0.08000000000671112,0.01333333333445186
15.82,0.07999999999669477,0.01333333333278245,0.08000000000661045,0.01333333333443509
15.83,0.07999999999674434,0.01333333333279071,0.08000000000651131,0.01333333333441855
15.84,0.07999999999679318,0.01333333333279885,0.08000000000641364,0.01333333333440229
15.85,0.07999999999684128,0.01333333333280687,0.08000000000631743,0.01333333333438624
15.86,0.07999999999688866,0.01333333333281476,0.08000000000622268,0.01333333333437045
15.87,0.07999999999693533,0.01333333333282254,0.08000000000612933,0.01333333333435488
15.88,0.07999999999698129,0.01333333333283021,0.08000000000603741,0.01333333333433956
15.89,0.07999999999702657,0.01333333333283775,0.08000000000594684,0.01333333333432449
15.9,0.07999999999707118,0.01333333333284518,0.08000000000585764,0.01333333333430961
15.91,0.07999999999711511,0.01333333333285251,0.08000000000576976,0.01333333333429496
15.92,0.07999999999715839,0.01333333333285972,0.08000000000568322,0.01333333333428055
15.93,0.079999999997201,0.01333333333286682,0.08000000000559798,0.01333333333426634
15.94,0.07999999999724298,0.01333333333287382,0.08000000000551402,0.01333333333425235
15.95,0.07999999999728434,0.01333333333288071,0.08000000000543131,0.01333333333423856
15.96,0.07999999999732507,0.0133333333328875,0.08000000000534985,0.01333333333422498
15.97,0.07999999999736519,0.01333333333289419,0.08000000000526961,0.01333333333421161
15.98,0.07999999999740472,0.01333333333290078,0.08000000000519056,0.01333333333419842
15.99,0.07999999999744364,0.01333333333290727,0.0800000000051127,0.01333333333418546
16,0.07999999999748199,0.01333333333291366,0.08000000000503601,0.01333333333417266
16.01,0.07999999999751976,0.01333333333291995,0.08000000000496046,0.01333333333416009
16.02,0.07999999999755697,0.01333333333292615,0.08000000000488605,0.01333333333414768
16.03,0.07999999999759362,0.01333333333293226,0.08000000000481275,0.01333333333413547
16.04,0.07999999999762972,0.01333333333293828,0.08000000000474056,0.01333333333412343
16.05,0.07999999999766527,0.0133333333329442,0.08000000000466945,0.01333333333411157
16.06,0.0799999999977003,0.01333333333295004,0.08000000000459939,0.01333333333409992
16.07,0.0799999999977348,0.01333333333295579,0.08000000000453039,0.0133333333340884
16.08,0.07999999999776877,0.01333333333296145,0.08000000000446245,0.01333333333407707
16.09,0.07999999999780225,0.01333333333296703,0.0800000000043955,0.01333333333406592
16.1,0.07999999999783521,0.01333333333297252,0.08000000000432958,0.01333333333405493
16.11,0.07999999999786768,0.01333333333297794,0.08000000000426463,0.0133333333340441
16.12,0.07999999999789967,0.01333333333298327,0.08000000000420066,0.01333333333403344
16.13,0.07999999999793117,0.01333333333298852,0.08000000000413765,0.01333333333402295
16.14,0.0799999999979622,0.01333333333299369,0.08000000000407559,0.0133333333340126
16.15,0.07999999999799277,0.01333333333299879,0.08000000000401444,0.01333333333400241
16.16,0.07999999999802289,0.0133333333330038,0.08000000000395421,0.01333333333399236
16.17,0.07999999999805255,0.01333333333300875,0.0800000000038949,0.01333333333398248
16.18,0.07999999999808176,0.01333333333301362,0.08000000000383647,0.01333333333397274
16.19,0.07999999999811053,0.01333333333301841,0.08000000000377894,0.01333333333396317
16.2,0.07999999999813887,0.01333333333302313,0.08000000000372226,0.0133333333339537
16.21,0.07999999999816679,0.01333333333302779,0.08000000000366642,0.0133333333339444
16.22,0.07999999999819428,0.01333333333303237,0.08000000000361143,0.01333333333393524
16.23,0.07999999999822137,0.01333333333303688,0.08000000000355725,0.01333333333392622
16.24,0.07999999999824804,0.01333333333304133,0.08000000000350391,0.01333333333391731
16.25,0.07999999999827433,0.01333333333304571,0.08000000000345134,0.01333333333390857
16.26,0.07999999999830021,0.01333333333305002,0.08000000000339957,0.01333333333389994
16.27,0.0799999999983257,0.01333333333305427,0.08000000000334859,0.01333333333389142
16.28,0.07999999999835082,0.01333333333305846,0.08000000000329835,0.01333333333388306
16.29,0.07999999999837556,0.01333333333306258,0.08000000000324886,0.01333333333387482
16.3,0.07999999999839993,0.01333333333306664,0.08000000000320012,0.01333333333386669
16.31,0.07999999999842393,0.01333333333307065,0.08000000000315213,0.01333333333385869
16.32,0.07999999999844758,0.01333333333307458,0.08000000000310484,0.01333333333385081
16.33,0.07999999999847086,0.01333333333307847,0.08000000000305826,0.01333333333384304
16.34,0.0799999999984938,0.01333333333308229,0.08000000000301238,0.01333333333383541
16.35,0.0799999999985164,0.01333333333308605,0.0800000000029672,0.01333333333382786
16.36,0.07999999999853866,0.01333333333308976,0.08000000000292268,0.01333333333382045
16.37,0.07999999999856058,0.01333333333309342,0.08000000000287882,0.01333333333381315
16.38,0.07999999999858218,0.01333333333309701,0.08000000000283564,0.01333333333380596
16.39,0.07999999999860344,0.01333333333310056,0.08000000000279311,0.01333333333379885
16.4,0.07999999999862438,0.01333333333310405,0.08000000000275123,0.01333333333379189
16.41,0.07999999999864502,0.01333333333310749,0.08000000000270996,0.013333333333785
16.42,0.07999999999866535,0.01333333333311088,0.0800000000026693,0.01333333333377823
16.43,0.07999999999868537,0.01333333333311422,0.08000000000262925,0.01333333333377154
16.44,0.07999999999870509,0.0133333333331175,0.08000000000258981,0.01333333333376496
16.45,0.07999999999872452,0.01333333333312074,0.08000000000255095,0.0133333333337585
16.46,0.07999999999874366,0.01333333333312393,0.08000000000251267,0.01333333333375211
16.47,0.07999999999876251,0.01333333333312707,0.08000000000247498,0.01333333333374584
16.48,0.07999999999878107,0.01333333333313016,0.08000000000243784,0.01333333333373965
16.49,0.07999999999879935,0.01333333333313321,0.08000000000240129,0.01333333333373354
16.5,0.07999999999881736,0.01333333333313621,0.08000000000236526,0.01333333333372755
16.51,0.0799999999988351,0.01333333333313917,0.08000000000232979,0.01333333333372164
16.52,0.07999999999885257,0.01333333333314208,0.08000000000229485,0.01333333333371581
16.53,0.07999999999886978,0.01333333333314495,0.08000000000226043,0.01333333333371009
16.54,0.07999999999888674,0.01333333333314778,0.08000000000222651,0.01333333333370443
16.55,0.07999999999890343,0.01333333333315056,0.08000000000219312,0.01333333333369885
16.56,0.07999999999891988,0.0133333333331533,0.08000000000216023,0.01333333333369338
16.57,0.07999999999893607,0.013333333333156,0.08000000000212784,0.01333333333368797
16.58,0.07999999999895203,0.01333333333315866,0.08000000000209592,0.01333333333368267
16.59,0.07999999999896776,0.01333333333316128,0.08000000000206448,0.01333333333367742
16.6,0.07999999999898325,0.01333333333316386,0.0800000000020335,0.01333333333367226
16.61,0.0799999999989985,0.0133333333331664,0.080000000002003,0.01333333333366718
16.62,0.07999999999901351,0.0133333333331689,0.08000000000197297,0.01333333333366216
16.63,0.07999999999902831,0.01333333333317137,0.08000000000194338,0.01333333333365724
16.64,0.07999999999904288,0.0133333333331738,0.08000000000191423,0.01333333333365239
16.65,0.07999999999905724,0.01333333333317619,0.08000000000188551,0.01333333333364758
16.66,0.07999999999907138,0.01333333333317855,0.08000000000185722,0.01333333333364289
16.67,0.07999999999908532,0.01333333333318087,0.08000000000182936,0.01333333333363823
16.68,0.07999999999909904,0.01333333333318316,0.08000000000180191,0.01333333333363368
16.69,0.07999999999911256,0.01333333333318541,0.08000000000177487,0.01333333333362915
16.7,0.07999999999912587,0.01333333333318763,0.08000000000174826,0.01333333333362471
16.71,0.07999999999913898,0.01333333333318982,0.08000000000172203,0.01333333333362036
16.72,0.0799999999991519,0.01333333333319197,0.08000000000169619,0.01333333333361605
16.73,0.07999999999916463,0.01333333333319409,0.08000000000167073,0.01333333333361181
16.74,0.07999999999917716,0.01333333333319618,0.08000000000164567,0.01333333333360762
16.75,0.0799999999991895,0.01333333333319823,0.080000000001621,0.01333333333360351
16.76,0.07999999999920165,0.01333333333320026,0.08000000000159668,0.01333333333359946
16.77,0.07999999999921363,0.01333333333320226,0.08000000000157273,0.01333333333359546
16.78,0.07999999999922543,0.01333333333320422,0.08000000000154914,0.01333333333359155
16.79,0.07999999999923704,0.01333333333320616,0.08000000000152591,0.01333333333358766
16.8,0.07999999999924849,0.01333333333320807,0.08000000000150301,0.01333333333358386
16.81,0.07999999999925976,0.01333333333320995,0.08000000000148047,0.01333333333358008
16.82,0.07999999999927086,0.0133333333332118,0.08000000000145827,0.01333333333357639
16.83,0.0799999999992818,0.01333333333321362,0.08000000000143639,0.01333333333357273
16.84,0.07999999999929257,0.01333333333321541,0.08000000000141486,0.01333333333356915
16.85,0.07999999999930318,0.01333333333321718,0.08000000000139362,0.01333333333356562
16.86,0.07999999999931363,0.01333333333321893,0.08000000000137272,0.01333333333356213
16.87,0.07999999999932393,0.01333333333322064,0.08000000000135213,0.01333333333355868
16.88,0.07999999999933408,0.01333333333322233,0.08000000000133184,0.01333333333355533
16.89,0.07999999999934407,0.013333333333224,0.08000000000131186,0.01333333333355199
16.9,0.07999999999935391,0.01333333333322564,0.08000000000129218,0.01333333333354872
16.91,0.07999999999936359,0.01333333333322725,0.0800000000012728,0.01333333333354547
16.92,0.07999999999937314,0.01333333333322884,0.08000000000125371,0.01333333333354231
16.93,0.07999999999938255,0.01333333333323041,0.08000000000123489,0.01333333333353917
16.94,0.07999999999939181,0.01333333333323195,0.08000000000121638,0.01333333333353606
16.95,0.07999999999940093,0.01333333333323347,0.08000000000119814,0.01333333333353304
16.96,0.07999999999940992,0.01333333333323497,0.08000000000118015,0.01333333333353004
16.97,0.07999999999941877,0.01333333333323645,0.08000000000116245,0.0133333333335271
16.98,0.07999999999942749,0.0133333333332379,0.08000000000114502,0.01333333333352418
16.99,0.07999999999943608,0.01333333333323933,0.08000000000112784,0.01333333333352132
17,0.07999999999944454,0.01333333333324074,0.0800000000011109,0.01333333333351849
17.01,0.07999999999945287,0.01333333333324213,0.08000000000109425,0.01333333333351572
17.02,0.07999999999946107,0.0133333333332435,0.08000000000107785,0.01333333333351297
17.03,0.07999999999946916,0.01333333333324485,0.08000000000106167,0.01333333333351028
17.04,0.07999999999947713,0.01333333333324617,0.08000000000104573,0.01333333333350764
17.05,0.07999999999948497,0.01333333333324748,0.08000000000103005,0.013333333333505
17.06,0.0799999999994927,0.01333333333324877,0.08000000000101459,0.01333333333350245
17.07,0.0799999999995003,0.01333333333325004,0.08000000000099938,0.0133333333334999
17.08,0.0799999999995078,0.01333333333325129,0.08000000000098439,0.0133333333334974
17.09,0.07999999999951518,0.01333333333325252,0.08000000000096963,0.01333333333349496
17.1,0.07999999999952245,0.01333333333325373,0.08000000000095508,0.01333333333349251
17.11,0.07999999999952961,0.01333333333325492,0.08000000000094076,0.01333333333349013
17.12,0.07999999999953666,0.0133333333332561,0.08000000000092666,0.0133333333334878
17.13,0.07999999999954362,0.01333333333325726,0.08000000000091276,0.01333333333348546
17.14,0.07999999999955046,0.0133333333332584,0.08000000000089907,0.01333333333348319
17.15,0.0799999999995572,0.01333333333325952,0.08000000000088558,0.01333333333348094
17.16,0.07999999999956385,0.01333333333326063,0.08000000000087229,0.01333333333347872
17.17,0.07999999999957039,0.01333333333326172,0.08000000000085922,0.01333333333347653
17.18,0.07999999999957683,0.0133333333332628,0.08000000000084634,0.01333333333347439
17.19,0.07999999999958317,0.01333333333326385,0.08000000000083365,0.01333333333347228
17.2,0.07999999999958943,0.0133333333332649,0.08000000000082114,0.0133333333334702
17.21,0.07999999999959559,0.01333333333326592,0.08000000000080881,0.01333333333346814
17.22,0.07999999999960165,0.01333333333326693,0.08000000000079668,0.01333333333346612
17.23,0.07999999999960763,0.01333333333326793,0.08000000000078472,0.01333333333346412
17.24,0.07999999999961352,0.01333333333326891,0.08000000000077295,0.01333333333346215
17.25,0.07999999999961932,0.01333333333326988,0.08000000000076135,0.01333333333346023
17.26,0.07999999999962502,0.01333333333327083,0.08000000000074994,0.01333333333345832
17.27,0.07999999999963064,0.01333333333327177,0.0800000000007387,0.01333333333345646
17.28,0.07999999999963618,0.01333333333327269,0.08000000000072763,0.0133333333334546
17.29,0.07999999999964164,0.0133333333332736,0.08000000000071672,0.0133333333334528
17.3,0.07999999999964701,0.01333333333327449,0.08000000000070598,0.01333333333345099
17.31,0.07999999999965231,0.01333333333327538,0.08000000000069538,0.01333333333344922
17.32,0.07999999999965753,0.01333333333327625,0.08000000000068494,0.01333333333344749
17.33,0.07999999999966266,0.0133333333332771,0.08000000000067467,0.01333333333344577
17.34,0.07999999999966773,0.01333333333327795,0.08000000000066454,0.01333333333344408
17.35,0.07999999999967271,0.01333333333327878,0.08000000000065458,0.01333333333344242
17.36,0.07999999999967762,0.0133333333332796,0.08000000000064475,0.01333333333344078
17.37,0.07999999999968245,0.0133333333332804,0.08000000000063509,0.01333333333343917
17.38,0.07999999999968721,0.0133333333332812,0.08000000000062557,0.01333333333343759
17.39,0.0799999999996919,0.01333333333328198,0.08000000000061619,0.01333333333343603
17.4,0.07999999999969652,0.01333333333328275,0.08000000000060695,0.01333333333343448
17.41,0.07999999999970107,0.01333333333328351,0.08000000000059784,0.01333333333343295
17.42,0.07999999999970556,0.01333333333328426,0.08000000000058888,0.01333333333343148
17.43,0.07999999999970997,0.01333333333328499,0.08000000000058005,0.01333333333343001
17.44,0.07999999999971431,0.01333333333328572,0.08000000000057136,0.01333333333342854
17.45,0.0799999999997186,0.01333333333328643,0.08000000000056279,0.01333333333342712
17.46,0.07999999999972282,0.01333333333328714,0.08000000000055435,0.01333333333342571
17.47,0.07999999999972698,0.01333333333328783,0.08000000000054602,0.01333333333342432
17.48,0.07999999999973108,0.01333333333328851,0.08000000000053784,0.01333333333342296
17.49,0.07999999999973512,0.01333333333328918,0.08000000000052976,0.01333333333342163
17.5,0.07999999999973909,0.01333333333328984,0.08000000000052182,0.01333333333342029
17.51,0.079999999999743,0.0133333333332905,0.08000000000051399,0.01333333333341899
17.52,0.07999999999974686,0.01333333333329114,0.08000000000050628,0.01333333333341771
17.53,0.07999999999975066,0.01333333333329177,0.08000000000049867,0.01333333333341644
17.54,0.07999999999975441,0.01333333333329239,0.08000000000049118,0.01333333333341519
17.55,0.07999999999975808,0.01333333333329301,0.08000000000048382,0.01333333333341397
17.56,0.07999999999976171,0.01333333333329361,0.08000000000047658,0.01333333333341274
17.57,0.07999999999976529,0.01333333333329421,0.08000000000046942,0.01333333333341155
17.58,0.07999999999976881,0.0133333333332948,0.08000000000046237,0.01333333333341039
17.59,0.07999999999977228,0.01333333333329537,0.08000000000045543,0.01333333333340925
17.6,0.07999999999977569,0.01333333333329594,0.0800000000004486,0.01333333333340808
17.61,0.07999999999977905,0.0133333333332965,0.08000000000044188,0.01333333333340697
17.62,0.07999999999978237,0.01333333333329705,0.08000000000043525,0.01333333333340586
17.63,0.07999999999978563,0.0133333333332976,0.08000000000042873,0.01333333333340478
17.64,0.07999999999978885,0.01333333333329813,0.08000000000042229,0.0133333333334037
17.65,0.07999999999979202,0.01333333333329866,0.08000000000041596,0.01333333333340264
17.66,0.07999999999979514,0.01333333333329918,0.08000000000040972,0.01333333333340161
17.67,0.0799999999997982,0.01333333333329969,0.08000000000040358,0.01333333333340059
17.68,0.07999999999980123,0.0133333333333002,0.08000000000039753,0.01333333333339959
17.69,0.07999999999980421,0.0133333333333007,0.08000000000039156,0.01333333333339859
17.7,0.07999999999980716,0.01333333333330118,0.08000000000038568,0.01333333333339762
17.71,0.07999999999981004,0.01333333333330167,0.08000000000037991,0.01333333333339665
17.72,0.07999999999981289,0.01333333333330214,0.08000000000037422,0.0133333333333957
17.73,0.07999999999981569,0.01333333333330261,0.08000000000036861,0.01333333333339476
17.74,0.07999999999981845,0.01333333333330307,0.08000000000036309,0.01333333333339384
17.75,0.07999999999982117,0.01333333333330353,0.08000000000035765,0.01333333333339293
17.76,0.07999999999982385,0.01333333333330397,0.08000000000035229,0.01333333333339204
17.77,0.07999999999982649,0.01333333333330441,0.08000000000034702,0.01333333333339115
17.78,0.0799999999998291,0.01333333333330485,0.0800000000003418,0.01333333333339029
17.79,0.07999999999983166,0.01333333333330528,0.08000000000033666,0.01333333333338943
17.8,0.07999999999983419,0.0133333333333057,0.08000000000033161,0.0133333333333886
17.81,0.07999999999983667,0.01333333333330611,0.08000000000032664,0.01333333333338776
17.82,0.07999999999983913,0.01333333333330652,0.08000000000032173,0.01333333333338693
17.83,0.07999999999984155,0.01333333333330692,0.0800000000003169,0.01333333333338613
17.84,0.07999999999984392,0.01333333333330732,0.08000000000031215,0.01333333333338535
17.85,0.07999999999984626,0.01333333333330771,0.08000000000030746,0.01333333333338457
17.86,0.07999999999984857,0.01333333333330809,0.08000000000030286,0.0133333333333838
17.87,0.07999999999985084,0.01333333333330847,0.0800000000002983,0.01333333333338305
17.88,0.07999999999985308,0.01333333333330884,0.08000000000029384,0.0133333333333823
17.89,0.07999999999985528,0.01333333333330921,0.08000000000028942,0.01333333333338155
17.9,0.07999999999985745,0.01333333333330957,0.08000000000028509,0.01333333333338083
17.91,0.07999999999985959,0.01333333333330993,0.08000000000028082,0.01333333333338013
17.92,0.0799999999998617,0.01333333333331028,0.0800000000002766,0.01333333333337944
17.93,0.07999999999986376,0.01333333333331062,0.08000000000027246,0.01333333333337874
17.94,0.0799999999998658,0.01333333333331096,0.08000000000026838,0.01333333333337805
17.95,0.07999999999986782,0.0133333333333113,0.08000000000026436,0.01333333333337738
17.96,0.0799999999998698,0.01333333333331163,0.08000000000026039,0.01333333333337672
17.97,0.07999999999987176,0.01333333333331195,0.08000000000025648,0.01333333333337608
17.98,0.07999999999987369,0.01333333333331227,0.08000000000025262,0.01333333333337544
17.99,0.07999999999987559,0.01333333333331259,0.08000000000024882,0.0133333333333748
18,0.07999999999987745,0.0133333333333129,0.0800000000002451,0.01333333333337416
18.01,0.07999999999987928,0.01333333333331321,0.08000000000024143,0.01333333333337355
18.02,0.07999999999988108,0.01333333333331351,0.08000000000023783,0.01333333333337297
18.03,0.07999999999988287,0.01333333333331381,0.08000000000023424,0.01333333333337236
18.04,0.07999999999988464,0.0133333333333141,0.08000000000023072,0.01333333333337178
18.05,0.07999999999988637,0.01333333333331439,0.08000000000022725,0.01333333333337119
18.06,0.07999999999988808,0.01333333333331467,0.08000000000022384,0.01333333333337064
18.07,0.07999999999988976,0.01333333333331495,0.08000000000022048,0.01333333333337008
18.08,0.07999999999989141,0.01333333333331523,0.08000000000021718,0.01333333333336953
18.09,0.07999999999989303,0.0133333333333155,0.08000000000021393,0.01333333333336897
18.1,0.07999999999989464,0.01333333333331577,0.08000000000021071,0.01333333333336845
18.11,0.07999999999989622,0.01333333333331603,0.08000000000020754,0.01333333333336792
18.12,0.07999999999989778,0.01333333333331629,0.08000000000020444,0.01333333333336739
18.13,0.0799999999998993,0.01333333333331655,0.08000000000020138,0.01333333333336689
18.14,0.07999999999990082,0.0133333333333168,0.08000000000019836,0.01333333333336639
18.15,0.0799999999999023,0.01333333333331705,0.08000000000019539,0.01333333333336589
18.16,0.07999999999990377,0.01333333333331729,0.08000000000019244,0.01333333333336539
18.17,0.07999999999990522,0.01333333333331753,0.08000000000018956,0.01333333333336492
18.18,0.07999999999990663,0.01333333333331777,0.08000000000018673,0.01333333333336445
18.19,0.07999999999990803,0.013333333333318,0.08000000000018392,0.01333333333336398
18.2,0.07999999999990941,0.01333333333331823,0.08000000000018118,0.01333333333336351
18.21,0.07999999999991077,0.01333333333331846,0.08000000000017846,0.01333333333336306
18.22,0.0799999999999121,0.01333333333331868,0.08000000000017579,0.01333333333336262
18.23,0.07999999999991342,0.0133333333333189,0.08000000000017315,0.01333333333336217
18.24,0.07999999999991472,0.01333333333331912,0.08000000000017055,0.01333333333336173
18.25,0.079999999999916,0.01333333333331933,0.08000000000016799,0.01333333333336131
18.26,0.07999999999991726,0.01333333333331954,0.08000000000016547,0.0133333333333609
18.27,0.0799999999999185,0.01333333333331975,0.080000000000163,0.01333333333336048
18.28,0.07999999999991972,0.01333333333331995,0.08000000000016055,0.01333333333336006
18.29,0.07999999999992093,0.01333333333332015,0.08000000000015814,0.01333333333335968
18.3,0.07999999999992211,0.01333333333332035,0.08000000000015578,0.01333333333335929
18.31,0.07999999999992327,0.01333333333332055,0.08000000000015345,0.0133333333333589
18.32,0.07999999999992442,0.01333333333332074,0.08000000000015114,0.01333333333335851
18.33,0.07999999999992556,0.01333333333332093,0.08000000000014887,0.01333333333335812
18.34,0.07999999999992667,0.01333333333332111,0.08000000000014665,0.01333333333335776
18.35,0.07999999999992777,0.0133333333333213,0.08000000000014446,0.0133333333333574
18.36,0.07999999999992885,0.01333333333332148,0.08000000000014229,0.01333333333335701
18.37,0.07999999999992992,0.01333333333332165,0.08000000000014015,0.01333333333335668
18.38,0.07999999999993097,0.01333333333332183,0.08000000000013804,0.01333333333335632
18.39,0.07999999999993201,0.013333333333322,0.08000000000013596,0.01333333333335598
18.4,0.07999999999993303,0.01333333333332217,0.08000000000013394,0.01333333333335562
18.41,0.07999999999993403,0.01333333333332234,0.08000000000013194,0.01333333333335529
18.42,0.07999999999993501,0.0133333333333225,0.08000000000012997,0.01333333333335499
18.43,0.07999999999993598,0.01333333333332267,0.08000000000012802,0.01333333333335465
18.44,0.07999999999993694,0.01333333333332283,0.08000000000012611,0.01333333333335432
18.45,0.07999999999993788,0.01333333333332298,0.08000000000012422,0.01333333333335401
18.46,0.07999999999993881,0.01333333333332314,0.08000000000012236,0.01333333333335371
18.47,0.07999999999993973,0.01333333333332329,0.08000000000012053,0.0133333333333534
18.48,0.07999999999994063,0.01333333333332344,0.08000000000011873,0.0133333333333531
18.49,0.07999999999994152,0.01333333333332359,0.08000000000011695,0.01333333333335279
18.5,0.07999999999994239,0.01333333333332373,0.0800000000001152,0.01333333333335252
18.51,0.07999999999994326,0.01333333333332388,0.08000000000011348,0.01333333333335224
18.52,0.0799999999999441,0.01333333333332402,0.08000000000011179,0.01333333333335193
18.53,0.07999999999994493,0.01333333333332416,0.08000000000011012,0.01333333333335165
18.54,0.07999999999994577,0.0133333333333243,0.08000000000010846,0.01333333333335138
18.55,0.07999999999994659,0.01333333333332443,0.08000000000010682,0.01333333333335113
18.56,0.07999999999994739,0.01333333333332457,0.08000000000010521,0.01333333333335085
18.57,0.07999999999994818,0.0133333333333247,0.08000000000010363,0.01333333333335057
18.58,0.07999999999994896,0.01333333333332483,0.08000000000010207,0.01333333333335032
18.59,0.07999999999994972,0.01333333333332495,0.08000000000010055,0.01333333333335007
18.6,0.07999999999995047,0.01333333333332508,0.08000000000009905,0.01333333333334982
18.61,0.07999999999995122,0.0133333333333252,0.08000000000009755,0.01333333333334957
18.62,0.07999999999995196,0.01333333333332532,0.08000000000009608,0.01333333333334932
18.63,0.07999999999995268,0.01333333333332544,0.08000000000009463,0.0133333333333491
18.64,0.07999999999995339,0.01333333333332556,0.08000000000009322,0.01333333333334885
18.65,0.07999999999995408,0.01333333333332568,0.08000000000009183,0.01333333333334863
18.66,0.07999999999995477,0.01333333333332579,0.08000000000009044,0.01333333333334841
18.67,0.07999999999995545,0.0133333333333259,0.08000000000008908,0.01333333333334819
18.68,0.07999999999995612,0.01333333333332602,0.08000000000008775,0.01333333333334796
18.69,0.07999999999995677,0.01333333333332612,0.08000000000008645,0.01333333333334774
18.7,0.07999999999995742,0.01333333333332623,0.08000000000008514,0.01333333333334752
18.71,0.07999999999995806,0.01333333333332634,0.08000000000008387,0.0133333333333473
18.72,0.07999999999995869,0.01333333333332644,0.08000000000008262,0.0133333333333471
18.73,0.07999999999995931,0.01333333333332655,0.08000000000008137,0.01333333333334688
18.74,0.07999999999995992,0.01333333333332665,0.08000000000008015,0.01333333333334669
18.75,0.07999999999996052,0.01333333333332675,0.08000000000007895,0.01333333333334649
18.76,0.07999999999996112,0.01333333333332685,0.08000000000007776,0.0133333333333463
18.77,0.0799999999999617,0.01333333333332695,0.08000000000007659,0.01333333333334608
18.78,0.07999999999996227,0.01333333333332704,0.08000000000007546,0.01333333333334591
18.79,0.07999999999996284,0.01333333333332713,0.08000000000007432,0.01333333333334571
18.8,0.07999999999996339,0.01333333333332723,0.08000000000007321,0.01333333333334552
18.81,0.07999999999996395,0.01333333333332732,0.0800000000000721,0.01333333333334535
18.82,0.07999999999996449,0.01333333333332741,0.08000000000007101,0.01333333333334516
18.83,0.07999999999996502,0.0133333333333275,0.08000000000006996,0.01333333333334499
18.84,0.07999999999996554,0.01333333333332759,0.0800000000000689,0.0133333333333448
18.85,0.07999999999996606,0.01333333333332767,0.08000000000006788,0.01333333333334463
18.86,0.07999999999996657,0.01333333333332776,0.08000000000006685,0.01333333333334447
18.87,0.07999999999996707,0.01333333333332784,0.08000000000006585,0.0133333333333443
18.88,0.07999999999996757,0.01333333333332792,0.08000000000006485,0.01333333333334413
18.89,0.07999999999996805,0.013333333333328,0.08000000000006388,0.01333333333334397
18.9,0.07999999999996854,0.01333333333332808,0.08000000000006291,0.0133333333333438
18.91,0.07999999999996901,0.01333333333332816,0.08000000000006197,0.01333333333334366
18.92,0.07999999999996947,0.01333333333332824,0.08000000000006105,0.01333333333334349
18.93,0.07999999999996993,0.01333333333332832,0.08000000000006013,0.01333333333334336
18.94,0.07999999999997037,0.01333333333332839,0.08000000000005925,0.01333333333334319
18.95,0.07999999999997082,0.01333333333332846,0.08000000000005836,0.01333333333334305
18.96,0.07999999999997126,0.01333333333332854,0.08000000000005747,0.01333333333334291
18.97,0.07999999999997169,0.01333333333332861,0.08000000000005661,0.01333333333334277
18.98,0.07999999999997212,0.01333333333332868,0.08000000000005575,0.01333333333334263
18.99,0.07999999999997254,0.01333333333332875,0.08000000000005492,0.01333333333334247
19,0.07999999999997295,0.01333333333332882,0.08000000000005408,0.01333333333334236
19.01,0.07999999999997336,0.01333333333332889,0.08000000000005328,0.01333333333334222
19.02,0.07999999999997376,0.01333333333332895,0.08000000000005247,0.01333333333334208
19.03,0.07999999999997415,0.01333333333332902,0.0800000000000517,0.01333333333334194
19.04,0.07999999999997454,0.01333333333332908,0.08000000000005092,0.0133333333333418
19.05,0.07999999999997492,0.01333333333332915,0.08000000000005014,0.01333333333334169
19.06,0.0799999999999753,0.01333333333332921,0.08000000000004939,0.01333333333334155
19.07,0.07999999999997567,0.01333333333332927,0.08000000000004864,0.01333333333334144
19.08,0.07999999999997603,0.01333333333332933,0.08000000000004792,0.0133333333333413
19.09,0.0799999999999764,0.01333333333332939,0.0800000000000472,0.01333333333334119
19.1,0.07999999999997676,0.01333333333332945,0.08000000000004648,0.01333333333334108
19.11,0.0799999999999771,0.01333333333332951,0.08000000000004578,0.01333333333334097
19.12,0.07999999999997745,0.01333333333332957,0.08000000000004509,0.01333333333334086
19.13,0.07999999999997778,0.01333333333332962,0.08000000000004442,0.01333333333334075
19.14,0.07999999999997812,0.01333333333332968,0.08000000000004376,0.01333333333334064
19.15,0.07999999999997845,0.01333333333332973,0.08000000000004309,0.01333333333334052
19.16,0.07999999999997877,0.01333333333332979,0.08000000000004245,0.01333333333334041
19.17,0.07999999999997909,0.01333333333332984,0.08000000000004182,0.0133333333333403
19.18,0.07999999999997941,0.01333333333332989,0.08000000000004118,0.01333333333334019
19.19,0.07999999999997971,0.01333333333332995,0.08000000000004057,0.01333333333334008
19.2,0.07999999999998002,0.01333333333333,0.08000000000003996,0.01333333333334
19.21,0.07999999999998032,0.01333333333333005,0.08000000000003935,0.01333333333333989
19.22,0.07999999999998061,0.0133333333333301,0.08000000000003876,0.0133333333333398
19.23,0.07999999999998091,0.01333333333333014,0.08000000000003818,0.01333333333333969
19.24,0.0799999999999812,0.01333333333333019,0.0800000000000376,0.01333333333333958
19.25,0.07999999999998147,0.01333333333333024,0.08000000000003704,0.0133333333333395
19.26,0.07999999999998175,0.01333333333333029,0.08000000000003649,0.01333333333333941
19.27,0.07999999999998203,0.01333333333333033,0.08000000000003593,0.0133333333333393
19.28,0.07999999999998229,0.01333333333333038,0.0800000000000354,0.01333333333333922
19.29,0.07999999999998256,0.01333333333333042,0.08000000000003488,0.01333333333333914
19.3,0.07999999999998282,0.01333333333333046,0.08000000000003435,0.01333333333333905
19.31,0.07999999999998308,0.01333333333333051,0.08000000000003382,0.01333333333333897
19.32,0.07999999999998333,0.01333333333333055,0.08000000000003332,0.01333333333333889
19.33,0.07999999999998358,0.01333333333333059,0.08000000000003282,0.0133333333333388
19.34,0.07999999999998383,0.01333333333333063,0.08000000000003232,0.01333333333333872
19.35,0.07999999999998407,0.01333333333333067,0.08000000000003185,0.01333333333333864
19.36,0.07999999999998431,0.01333333333333071,0.08000000000003138,0.01333333333333855
19.37,0.07999999999998454,0.01333333333333075,0.08000000000003091,0.01333333333333847
19.38,0.07999999999998478,0.01333333333333079,0.08000000000003044,0.01333333333333842
19.39,0.079999999999985,0.01333333333333083,0.08000000000002999,0.01333333333333833
19.4,0.07999999999998522,0.01333333333333087,0.08000000000002955,0.01333333333333825
19.41,0.07999999999998544,0.0133333333333309,0.0800000000000291,0.01333333333333817
19.42,0.07999999999998567,0.01333333333333094,0.08000000000002866,0.01333333333333811
19.43,0.07999999999998587,0.01333333333333097,0.08000000000002824,0.01333333333333803
19.44,0.07999999999998608,0.01333333333333101,0.08000000000002783,0.01333333333333797
19.45,0.07999999999998629,0.01333333333333104,0.08000000000002741,0.01333333333333789
19.46,0.0799999999999865,0.01333333333333108,0.08000000000002699,0.01333333333333783
19.47,0.07999999999998671,0.01333333333333111,0.08000000000002658,0.01333333333333775
19.48,0.0799999999999869,0.01333333333333114,0.08000000000002619,0.01333333333333769
19.49,0.0799999999999871,0.01333333333333118,0.0800000000000258,0.01333333333333764
19.5,0.07999999999998729,0.01333333333333121,0.08000000000002541,0.01333333333333755
19.51,0.07999999999998748,0.01333333333333124,0.08000000000002502,0.0133333333333375
19.52,0.07999999999998768,0.01333333333333127,0.08000000000002463,0.01333333333333744
19.53,0.07999999999998786,0.0133333333333313,0.08000000000002427,0.01333333333333736
19.54,0.07999999999998804,0.01333333333333133,0.08000000000002391,0.0133333333333373
19.55,0.07999999999998822,0.01333333333333136,0.08000000000002355,0.01333333333333725
19.56,0.0799999999999884,0.01333333333333139,0.08000000000002319,0.01333333333333719
19.57,0.07999999999998858,0.01333333333333142,0.08000000000002283,0.01333333333333714
19.58,0.07999999999998875,0.01333333333333145,0.0800000000000225,0.01333333333333708
19.59,0.07999999999998891,0.01333333333333148,0.08000000000002216,0.01333333333333703
19.6,0.07999999999998908,0.01333333333333151,0.08000000000002183,0.01333333333333697
19.61,0.07999999999998925,0.01333333333333153,0.0800000000000215,0.01333333333333692
19.62,0.07999999999998941,0.01333333333333156,0.08000000000002117,0.01333333333333686
19.63,0.07999999999998957,0.01333333333333159,0.08000000000002086,0.01333333333333681
19.64,0.07999999999998972,0.01333333333333161,0.08000000000002055,0.01333333333333675
19.65,0.07999999999998987,0.01333333333333164,0.08000000000002025,0.01333333333333669
19.66,0.07999999999999002,0.01333333333333167,0.08000000000001994,0.01333333333333664
19.67,0.07999999999999018,0.01333333333333169,0.08000000000001964,0.01333333333333661
19.68,0.07999999999999033,0.01333333333333171,0.08000000000001933,0.01333333333333656
19.69,0.07999999999999047,0.01333333333333174,0.08000000000001906,0.0133333333333365
19.7,0.07999999999999061,0.01333333333333176,0.08000000000001878,0.01333333333333644
19.71,0.07999999999999075,0.01333333333333179,0.0800000000000185,0.01333333333333642
19.72,0.07999999999999088,0.01333333333333181,0.08000000000001822,0.01333333333333636
19.73,0.07999999999999102,0.01333333333333183,0.08000000000001795,0.01333333333333631
19.74,0.07999999999999116,0.01333333333333185,0.08000000000001767,0.01333333333333628
19.75,0.0799999999999913,0.01333333333333188,0.08000000000001739,0.01333333333333622
19.76,0.07999999999999143,0.0133333333333319,0.08000000000001714,0.01333333333333619
19.77,0.07999999999999155,0.01333333333333192,0.08000000000001689,0.01333333333333614
19.78,0.07999999999999167,0.01333333333333194,0.08000000000001664,0.01333333333333611
19.79,0.0799999999999918,0.01333333333333196,0.08000000000001639,0.01333333333333606
19.8,0.07999999999999192,0.01333333333333198,0.08000000000001614,0.01333333333333603
19.81,0.07999999999999205,0.013333333333332,0.08000000000001589,0.01333333333333597
19.82,0.07999999999999217,0.01333333333333202,0.08000000000001564,0.01333333333333594
19.83,0.07999999999999229,0.01333333333333204,0.08000000000001542,0.01333333333333589
19.84,0.0799999999999924,0.01333333333333206,0.0800000000000152,0.01333333333333586
19.85,0.07999999999999251,0.01333333333333208,0.08000000000001498,0.01333333333333583
19.86,0.07999999999999262,0.0133333333333321,0.08000000000001475,0.01333333333333578
19.87,0.07999999999999273,0.01333333333333212,0.08000000000001453,0.01333333333333575
19.88,0.07999999999999284,0.01333333333333213,0.08000000000001431,0.01333333333333572
19.89,0.07999999999999295,0.01333333333333215,0.08000000000001409,0.01333333333333567
19.9,0.07999999999999306,0.01333333333333217,0.08000000000001387,0.01333333333333564
19.91,0.07999999999999316,0.01333333333333219,0.08000000000001367,0.01333333333333561
19.92,0.07999999999999326,0.0133333333333322,0.08000000000001348,0.01333333333333558
19.93,0.07999999999999335,0.01333333333333222,0.08000000000001328,0.01333333333333553
19.94,0.07999999999999345,0.01333333333333224,0.08000000000001309,0.0133333333333355
19.95,0.07999999999999355,0.01333333333333225,0.08000000000001289,0.01333333333333547
19.96,0.07999999999999365,0.01333333333333227,0.0800000000000127,0.01333333333333545
19.97,0.07999999999999374,0.01333333333333228,0.08000000000001251,0.01333333333333542
19.98,0.07999999999999384,0.0133333333333323,0.08000000000001231,0.01333333333333539
19.99,0.07999999999999394,0.01333333333333232,0.08000000000001212,0.01333333333333536
20,0.07999999999999403,0.01333333333333233,0.08000000000001192,0.01333333333333531
