0,0,0,0,0,0,0
0.01,0.005,0.001,0.005,0.006750000000000001,0,0
0.02,0.009975000000000001,0.001995,0.009975000000000001,0.01346625,0.005,5.099877600881277e-05
0.03,0.014925125,0.002985025000000001,0.014925125,0.02014891875,0.009975000000000001,0.0001527339904107744
0.04,0.019850499375,0.003970099875000001,0.019850499375,0.02679817415625,0.014925125,0.0003049372746001648
0.05,0.024751246878125,0.004950249375625001,0.024751246878125,0.03341418328546875,0.019850499375,0.0005073342612509762
0.06,0.02962749064373438,0.005925498128746876,0.02962749064373438,0.03999711236904141,0.024751246878125,0.0007596446174823608
0.07000000000000001,0.0344793531905157,0.006895870638103142,0.0344793531905157,0.04654712680719621,0.02962749064373438,0.001061582078914824
0.08,0.03930695642456312,0.007861391284912625,0.03930695642456312,0.05306439117316022,0.0344793531905157,0.001412854484612098
0.09,0.04411042164244031,0.008822084328488062,0.04411042164244031,0.05954906921729442,0.03930695642456312,0.00181316381290351
0.1,0.04888986953422811,0.009777973906845622,0.04888986953422811,0.06600132387120795,0.04411042164244031,0.002262206218081524
0.11,0.05364542018655697,0.01072908403731139,0.05364542018655697,0.07242131725185191,0.04888986953422811,0.002759672067969024
0.12,0.05837719308562418,0.01167543861712484,0.05837719308562418,0.07880921066559265,0.05364542018655697,0.003305245982350763
0.13,0.06308530712019605,0.01261706142403921,0.06308530712019605,0.0851651646122647,0.05837719308562418,0.003898606872263301
0.14,0.06776988058459507,0.01355397611691902,0.06776988058459507,0.09148933878920337,0.06308530712019605,0.004539427980137609
0.15,0.0724310311816721,0.01448620623633442,0.0724310311816721,0.09778189209525735,0.06776988058459507,0.005227376920788415
0.16,0.07706887602576375,0.01541377520515275,0.07706887602576375,0.1040429826347811,0.0724310311816721,0.005962115723244225
0.17,0.08168353164563492,0.01633670632912699,0.08168353164563492,0.1102727677216072,0.07706887602576375,0.006743300873411867
0.18,0.08627511398740675,0.01725502279748135,0.08627511398740675,0.1164714038829991,0.08168353164563492,0.007570583357569229
0.19,0.09084373841746972,0.01816874768349394,0.09084373841746972,0.1226390468635841,0.08627511398740675,0.008443608706679815
0.2,0.09538951972538237,0.01907790394507648,0.09538951972538237,0.1287758516292662,0.09084373841746972,0.009362017041522558
0.21,0.09991257212675546,0.01998251442535109,0.09991257212675546,0.1348819723711199,0.09538951972538237,0.01032544311863027
0.22,0.1044130092661217,0.02088260185322434,0.1044130092661217,0.1409575625092643,0.09991257212675546,0.01133351637702992
0.23,0.1088909442197911,0.02177818884395822,0.1088909442197911,0.147002774696718,0.1044130092661217,0.01238586098577796
0.24,0.1133464894986921,0.02266929789973842,0.1133464894986921,0.1530177608232344,0.1088909442197911,0.01348209589228356
0.25,0.1177797570511987,0.02355595141023973,0.1177797570511987,0.1590026720191182,0.1133464894986921,0.01462183487141278
0.26,0.1221908582659427,0.02443817165318854,0.1221908582659427,0.1649576586590226,0.1177797570511987,0.01580468657536641
0.27,0.126579903974613,0.02531598079492259,0.126579903974613,0.1708828703657275,0.1221908582659427,0.01703025458432414
0.28,0.1309470044547399,0.02618940089094798,0.1309470044547399,0.1767784560138988,0.126579903974613,0.01829813745784765
0.29,0.1352922694324662,0.02705845388649324,0.1352922694324662,0.1826445637338293,0.1309470044547399,0.01960792878703506
0.3,0.1396158080853039,0.02792316161706078,0.1396158080853039,0.1884813409151602,0.1352922694324662,0.02095921724741907
0.31,0.1439177290448773,0.02878354580897547,0.1439177290448773,0.1942889342105844,0.1396158080853039,0.0223515866526011
0.32,0.148198140399653,0.02963962807993059,0.148198140399653,0.2000674895395315,0.1439177290448773,0.0237846160086135
0.33,0.1524571496976547,0.03049142993953094,0.1524571496976547,0.2058171520918338,0.148198140399653,0.02525787956900184
0.34,0.1566948639491664,0.03133897278983329,0.1566948639491664,0.2115380663313746,0.1524571496976547,0.02677094689061929
0.35,0.1609113896294206,0.03218227792588412,0.1609113896294206,0.2172303759997178,0.1566948639491664,0.02832338289012491
0.36,0.1651068326812735,0.0330213665362547,0.1651068326812735,0.2228942241197192,0.1609113896294206,0.02991474790117746
0.37,0.1692812985178671,0.03385625970357343,0.1692812985178671,0.2285297529991206,0.1651068326812735,0.03154459773231651
0.38,0.1734348920252778,0.03468697840505556,0.1734348920252778,0.234137104234125,0.1692812985178671,0.03321248372552228
0.39,0.1775677175651514,0.03551354351303028,0.1775677175651514,0.2397164187129544,0.1734348920252778,0.0349179528154457
0.4,0.1816798789773257,0.03633597579546513,0.1816798789773257,0.2452678366193896,0.1775677175651514,0.03666054758929993
0.41,0.185771479582439,0.03715429591648781,0.185771479582439,0.2507914974362926,0.1816798789773257,0.03843980634740473
0.42,0.1898426221845268,0.03796852443690537,0.1898426221845268,0.2562875399491112,0.185771479582439,0.04025526316437471
0.43,0.1938934090736042,0.03877868181472084,0.1938934090736042,0.2617561022493656,0.1898426221845268,0.04210644795094255
0.44,0.1979239420282362,0.03958478840564724,0.1979239420282362,0.2671973217381188,0.1938934090736042,0.04399288651640815
0.45,0.201934322318095,0.04038686446361901,0.201934322318095,0.2726113351294282,0.1979239420282362,0.0459141006317046
0.46,0.2059246507065045,0.04118493014130091,0.2059246507065045,0.2779982784537811,0.201934322318095,0.04786960809307182
0.47,0.209895027452972,0.04197900549059441,0.209895027452972,0.2833582870615122,0.2059246507065045,0.04985892278632833
0.48,0.2138455523157071,0.04276911046314143,0.2138455523157071,0.2886914956262046,0.209895027452972,0.05188155475173215
0.49,0.2177763245541286,0.04355526491082572,0.2177763245541286,0.2939980381480736,0.2138455523157071,0.053937010249421
0.5,0.2216874429313579,0.0443374885862716,0.2216874429313579,0.2992780479573332,0.2177763245541286,0.05602479182542242
0.51,0.2255790057167012,0.04511580114334024,0.2255790057167012,0.3045316577175465,0.2216874429313579,0.0581443983782242
0.52,0.2294511106881177,0.04589022213762354,0.2294511106881177,0.3097589994289588,0.2255790057167012,0.06029532522589535
0.53,0.2333038551346771,0.04666077102693542,0.2333038551346771,0.314960204431814,0.2294511106881177,0.06247706417374778
0.54,0.2371373358590037,0.04742746717180075,0.2371373358590037,0.3201354034096549,0.2333038551346771,0.06468910358252888
0.55,0.2409516491797087,0.04819032983594174,0.2409516491797087,0.3252847263926066,0.2371373358590037,0.06693092843713515
0.5600000000000001,0.2447468909338101,0.04894937818676204,0.2447468909338101,0.3304083027606436,0.2409516491797087,0.06920202041583656
0.5700000000000001,0.2485231564791411,0.04970463129582823,0.2485231564791411,0.3355062612468404,0.2447468909338101,0.07150185796000195
0.58,0.2522805406967454,0.05045610813934909,0.2522805406967454,0.3405787299406062,0.2485231564791411,0.07382991634431496
0.59,0.2560191379932616,0.05120382759865234,0.2560191379932616,0.3456258362909032,0.2522805406967454,0.07618566774747039
0.6,0.2597390423032954,0.05194780846065908,0.2597390423032954,0.3506477071094486,0.2560191379932616,0.07856858132334082
0.61,0.2634403470917789,0.05268806941835578,0.2634403470917789,0.3556444685739014,0.2597390423032954,0.08097812327260288
0.62,0.26712314535632,0.053424629071264,0.26712314535632,0.3606162462310319,0.2634403470917789,0.08341375691481286
0.63,0.2707875296295384,0.05415750592590769,0.2707875296295384,0.3655631649998767,0.26712314535632,0.08587494276092117
0.64,0.2744335919813907,0.05488671839627815,0.2744335919813907,0.3704853491748774,0.2707875296295384,0.08836113858621511
0.65,0.2780614240214838,0.05561228480429676,0.2780614240214838,0.375382922429003,0.2744335919813907,0.09087179950367921
0.66,0.2816711169013764,0.05633422338027527,0.2816711169013764,0.3802560078168579,0.2780614240214838,0.09340637803776256
0.67,0.2852627613168695,0.0570525522633739,0.2852627613168695,0.3851047277777737,0.2816711169013764,0.09596432419854237
0.68,0.2888364475102851,0.05776728950205703,0.2888364475102851,0.3899292041388848,0.2852627613168695,0.09854508555627295
0.6900000000000001,0.2923922652727337,0.05847845305454674,0.2923922652727337,0.3947295581181903,0.2888364475102851,0.1011481073163093
0.7000000000000001,0.29593030394637,0.05918606078927401,0.29593030394637,0.3995059103275994,0.2923922652727337,0.1037728323943942
0.71,0.2994506524266382,0.05989013048532764,0.2994506524266382,0.4042583807759614,0.29593030394637,0.1064187014922984
0.72,0.302953399164505,0.060590679832901,0.302953399164505,0.4089870888720816,0.2994506524266382,0.1090851531738019
0.73,0.3064386321686825,0.06128772643373649,0.3064386321686825,0.4136921534277211,0.302953399164505,0.1117716239410067
0.74,0.3099064390078391,0.06198128780156781,0.3099064390078391,0.4183736926605826,0.3064386321686825,0.1144775483109682
0.75,0.3133569068127999,0.06267138136255997,0.3133569068127999,0.4230318241972796,0.3099064390078391,0.1172023588926355
0.76,0.3167901222787359,0.06335802445574716,0.3167901222787359,0.4276666650762933,0.3133569068127999,0.1199454864640891
0.77,0.3202061716673422,0.06404123433346842,0.3202061716673422,0.4322783317509118,0.3167901222787359,0.1227063600500641
0.78,0.3236051408090055,0.06472102816180109,0.3236051408090055,0.4368669400921572,0.3202061716673422,0.1254844069997485
0.79,0.3269871151049605,0.06539742302099208,0.3269871151049605,0.4414326053916964,0.3236051408090055,0.1282790530648442
0.8,0.3303521795294357,0.06607043590588711,0.3303521795294357,0.445975442364738,0.3269871151049605,0.1310897224778811
0.8100000000000001,0.3337004186317885,0.06674008372635767,0.3337004186317885,0.4504955651529143,0.3303521795294357,0.1339158380307709
0.8200000000000001,0.3370319165386296,0.06740638330772589,0.3370319165386296,0.4549930873271497,0.3337004186317885,0.1367568211535907
0.8300000000000001,0.3403467569559364,0.06806935139118726,0.3403467569559364,0.4594681218905139,0.3370319165386296,0.139612091993584
0.84,0.3436450231711567,0.06872900463423133,0.3436450231711567,0.4639207812810614,0.3403467569559364,0.1424810694943683
0.85,0.346926798055301,0.06938535961106017,0.346926798055301,0.4683511773746561,0.3436450231711567,0.1453631714753369
0.86,0.3501921640650245,0.07003843281300487,0.3501921640650245,0.4727594214877828,0.346926798055301,0.148257814711245
0.87,0.3534412032446994,0.07068824064893985,0.3534412032446994,0.4771456243803439,0.3501921640650245,0.1511644150119663
0.88,0.3566739972284759,0.07133479944569515,0.3566739972284759,0.4815098962584422,0.3534412032446994,0.1540823873024104
0.89,0.3598906272423335,0.07197812544846667,0.3598906272423335,0.48585234677715,0.3566739972284759,0.1570111457025882
0.9,0.3630911741061219,0.07261823482122434,0.3630911741061219,0.4901730850432642,0.3598906272423335,0.1599501036078148
0.91,0.3662757182355912,0.07325514364711821,0.3662757182355912,0.4944722196180479,0.3630911741061219,0.1628986737690368
0.92,0.3694443396444133,0.07388886792888262,0.3694443396444133,0.4987498585199577,0.3662757182355912,0.1658562683732733
0.93,0.3725971179461913,0.0745194235892382,0.3725971179461913,0.5030061092273579,0.3694443396444133,0.1688222991241594
0.9400000000000001,0.3757341323564603,0.07514682647129201,0.3757341323564603,0.5072410786812211,0.3725971179461913,0.1717961773225788
0.9500000000000001,0.378855461694678,0.07577109233893554,0.378855461694678,0.511454873287815,0.3757341323564603,0.1747773139473752
0.96,0.3819611843862046,0.07639223687724087,0.3819611843862046,0.5156475989213759,0.378855461694678,0.1777651197361308
0.97,0.3850513784642736,0.07701027569285467,0.3850513784642736,0.5198193609267691,0.3819611843862046,0.1807590052659992
0.98,0.3881261215719522,0.0776252243143904,0.3881261215719522,0.5239702641221352,0.3850513784642736,0.1837583810345816
0.99,0.3911854909640924,0.07823709819281845,0.3911854909640924,0.5281004128015245,0.3881261215719522,0.1867626575408347
1,0.394229563509272,0.07884591270185436,0.394229563509272,0.5322099107375169,0.3911854909640924,0.1897712453659977
1.01,0.3972584156917256,0.07945168313834508,0.3972584156917256,0.5362988611838293,0.394229563509272,0.1927835552545284
1.02,0.400272123613267,0.08005442472265335,0.400272123613267,0.5403673668779102,0.3972584156917256,0.1957989981950342
1.03,0.4032707629952006,0.08065415259904009,0.4032707629952006,0.5444155300435206,0.400272123613267,0.1988169855011883
1.04,0.4062544091802247,0.08125088183604488,0.4062544091802247,0.5484434523933031,0.4032707629952006,0.2018369288926185
1.05,0.4092231371343235,0.08184462742686466,0.4092231371343235,0.5524512351313365,0.4062544091802247,0.2048582405757565
1.06,0.4121770214486519,0.08243540428973034,0.4121770214486519,0.5564389789556798,0.4092231371343235,0.2078803333246374
1.07,0.4151161363414086,0.08302322726828169,0.4151161363414086,0.5604067840609015,0.4121770214486519,0.2109026205616355
1.08,0.4180405556597016,0.08360811113194029,0.4180405556597016,0.564354750140597,0.4151161363414086,0.2139245164381267
1.09,0.420950352881403,0.08419007057628058,0.420950352881403,0.568282976389894,0.4180405556597016,0.2169454359150645
1.1,0.423845601116996,0.08476912022339918,0.423845601116996,0.5721915615079445,0.420950352881403,0.2199647948434586
1.11,0.426726373111411,0.08534527462228218,0.426726373111411,0.5760806037004047,0.423845601116996,0.2229820100447439
1.12,0.429592741245854,0.08591854824917078,0.429592741245854,0.5799502006819027,0.426726373111411,0.225996499391029
1.13,0.4324447775396247,0.08648895550792493,0.4324447775396247,0.5838004496784932,0.429592741245854,0.2290076818852113
1.14,0.4352825536519266,0.08705651073038531,0.4352825536519266,0.5876314474301008,0.4324447775396247,0.2320149777409485
1.15,0.438106140883667,0.08762122817673339,0.438106140883667,0.5914432901929503,0.4352825536519266,0.2350178084624739
1.16,0.4409156101792486,0.08818312203584971,0.4409156101792486,0.5952360737419855,0.438106140883667,0.238015596924244
1.17,0.4437110321283524,0.08874220642567046,0.4437110321283524,0.5990098933732756,0.4409156101792486,0.2410077674504079
1.18,0.4464924769677106,0.08929849539354211,0.4464924769677106,0.6027648439064092,0.4437110321283524,0.2439937458940848
1.19,0.4492600145828721,0.0898520029165744,0.4492600145828721,0.6065010196868771,0.4464924769677106,0.2469729597164408
1.2,0.4520137145099577,0.09040274290199153,0.4520137145099577,0.6102185145884427,0.4492600145828721,0.2499448380655512
1.21,0.4547536459374079,0.09095072918748158,0.4547536459374079,0.6139174220155005,0.4520137145099577,0.2529088118550381
1.22,0.4574798777077209,0.09149597554154418,0.4574798777077209,0.617597834905423,0.4547536459374079,0.2558643138424718
1.23,0.4601924783191823,0.09203849566383646,0.4601924783191823,0.6212598457308959,0.4574798777077209,0.2588107787075241
1.24,0.4628915159275863,0.09257830318551727,0.4628915159275863,0.6249035465022414,0.4601924783191823,0.2617476431298624
1.25,0.4655770583479484,0.09311541166958968,0.4655770583479484,0.6285290287697303,0.4628915159275863,0.2646743458667739
1.26,0.4682491730562086,0.09364983461124174,0.4682491730562086,0.6321363836258816,0.4655770583479484,0.2675903278305072
1.27,0.4709079271909276,0.09418158543818553,0.4709079271909276,0.6357257017077522,0.4682491730562086,0.2704950321653222
1.28,0.4735533875549729,0.0947106775109946,0.4735533875549729,0.6392970731992135,0.4709079271909276,0.2733879043242343
1.29,0.476185620617198,0.09523712412343963,0.476185620617198,0.6428505878332174,0.4735533875549729,0.2762683921454449
1.3,0.4788046925141121,0.09576093850282243,0.4788046925141121,0.6463863348940513,0.476185620617198,0.2791359459284448
1.31,0.4814106690515415,0.09628213381030831,0.4814106690515415,0.649904403219581,0.4788046925141121,0.2819900185097799
1.32,0.4840036157062838,0.09680072314125678,0.4840036157062838,0.6534048812034831,0.4814106690515415,0.2848300653384694
1.33,0.4865835976277524,0.09731671952555049,0.4865835976277524,0.6568878567974656,0.4840036157062838,0.2876555445510637
1.34,0.4891506796396136,0.09783013592792274,0.4891506796396136,0.6603534175134783,0.4865835976277524,0.290465917046333
1.35,0.4917049262414155,0.09834098524828312,0.4917049262414155,0.6638016504259109,0.4891506796396136,0.2932606465595741
1.36,0.4942464016102084,0.09884928032204171,0.4942464016102084,0.6672326421737813,0.4917049262414155,0.296039199736526
1.37,0.4967751696021574,0.0993550339204315,0.4967751696021574,0.6706464789629124,0.4942464016102084,0.2988010462068821
1.38,0.4992912937541466,0.09985825875082935,0.4992912937541466,0.6740432465680979,0.4967751696021574,0.30154565865739
1.39,0.5017948372853759,0.1003589674570752,0.5017948372853759,0.6774230303352574,0.4992912937541466,0.3042725129045272
1.4,0.504285863098949,0.1008571726197898,0.504285863098949,0.6807859151835811,0.5017948372853759,0.3069810879667421
1.41,0.5067644337834543,0.1013528867566909,0.5067644337834543,0.6841319856076632,0.504285863098949,0.3096708661362502
1.42,0.509230611614537,0.1018461223229074,0.509230611614537,0.6874613256796249,0.5067644337834543,0.3123413330503756
1.43,0.5116844585564643,0.1023368917112929,0.5116844585564643,0.6907740190512268,0.509230611614537,0.314991977762426
1.44,0.5141260362636819,0.1028252072527364,0.5141260362636819,0.6940701489559706,0.5116844585564643,0.3176222928120925
1.45,0.5165554060823635,0.1033110812164727,0.5165554060823635,0.6973497982111908,0.5141260362636819,0.3202317742953624
1.46,0.5189726290519516,0.1037945258103904,0.5189726290519516,0.7006130492201349,0.5165554060823635,0.3228199219339367
1.47,0.5213777659066918,0.1042755531813384,0.5213777659066918,0.7038599839740343,0.5189726290519516,0.3253862391441405
1.48,0.5237708770771584,0.1047541754154317,0.5237708770771584,0.7070906840541641,0.5213777659066918,0.3279302331053174
1.49,0.5261520226917726,0.1052304045383546,0.5261520226917726,0.7103052306338933,0.5237708770771584,0.3304514148276972
1.5,0.5285212625783138,0.1057042525156628,0.5285212625783138,0.7135037044807239,0.5261520226917726,0.3329492992197279
1.51,0.5308786562654222,0.1061757312530845,0.5308786562654222,0.7166861859583202,0.5285212625783138,0.3354234051548616
1.52,0.5332242629840951,0.1066448525968191,0.5332242629840951,0.7198527550285286,0.5308786562654222,0.3378732555377846
1.53,0.5355581416691746,0.107111628333835,0.5355581416691746,0.723003491253386,0.5332242629840951,0.3402983773700823
1.54,0.5378803509608288,0.1075760701921658,0.5378803509608288,0.7261384737971192,0.5355581416691746,0.34269830181533
1.55,0.5401909492060246,0.108038189841205,0.5401909492060246,0.7292577814281336,0.5378803509608288,0.3450725642635982
1.56,0.5424899944599945,0.1084979988919989,0.5424899944599945,0.7323614925209929,0.5401909492060246,0.3474207043953656
1.57,0.5447775444876944,0.108955508897539,0.5447775444876944,0.7354496850583879,0.5424899944599945,0.3497422662448284
1.58,0.547053656765256,0.1094107313530513,0.547053656765256,0.738522436633096,0.5447775444876944,0.352036798262598
1.59,0.5493183884814297,0.109863677696286,0.5493183884814297,0.7415798244499305,0.547053656765256,0.3543038533777774
1.6,0.5515717965390226,0.1103143593078046,0.5515717965390226,0.7446219253276809,0.5493183884814297,0.3565429890594071
1.61,0.5538139375563275,0.1107627875112655,0.5538139375563275,0.7476488157010425,0.5515717965390226,0.3587537673772727
1.62,0.5560448678685458,0.1112089735737092,0.5560448678685458,0.7506605716225373,0.5538139375563275,0.3609357550620638
1.63,0.558264643529203,0.1116529287058407,0.558264643529203,0.7536572687644246,0.5560448678685458,0.3630885235648769
1.64,0.5604733203115571,0.1120946640623115,0.5604733203115571,0.7566389824206025,0.558264643529203,0.365211649116052
1.65,0.5626709537099993,0.1125341907419999,0.5626709537099993,0.7596057875084995,0.5604733203115571,0.367304712783337
1.66,0.5648575989414493,0.1129715197882899,0.5648575989414493,0.762557758570957,0.5626709537099993,0.369367300529368
1.67,0.567033310946742,0.1134066621893484,0.567033310946742,0.7654949697781022,0.5648575989414493,0.3713990032684603
1.68,0.5691981443920083,0.1138396288784017,0.5691981443920083,0.7684174949292116,0.567033310946742,0.3733994169226999
1.69,0.5713521536700483,0.1142704307340097,0.5713521536700483,0.7713254074545656,0.5691981443920083,0.375368142477328
1.7,0.573495392901698,0.1146990785803396,0.573495392901698,0.7742187804172928,0.5713521536700483,0.3773047860354107
1.71,0.5756279159371895,0.1151255831874379,0.5756279159371895,0.7770976865152063,0.573495392901698,0.3792089588717855
1.72,0.5777497763575036,0.1155499552715007,0.5777497763575036,0.7799621980826302,0.5756279159371895,0.3810802774862768
1.73,0.5798610274757161,0.1159722054951432,0.5798610274757161,0.7828123870922171,0.5777497763575036,0.3829183636561732
1.74,0.5819617223383375,0.1163923444676675,0.5819617223383375,0.7856483251567561,0.5798610274757161,0.3847228444879581
1.75,0.5840519137266459,0.1168103827453292,0.5840519137266459,0.7884700835309723,0.5819617223383375,0.3864933524682869
1.76,0.5861316541580126,0.1172263308316025,0.5861316541580126,0.7912777331133174,0.5840519137266459,0.3882295255142032
1.77,0.5882009958872225,0.1176401991774445,0.5882009958872225,0.7940713444477508,0.5861316541580126,0.389931007022586
1.78,0.5902599909077864,0.1180519981815573,0.5902599909077864,0.7968509877255121,0.5882009958872225,0.3915974459188218
1.79,0.5923086909532475,0.1184617381906495,0.5923086909532475,0.7996167327868845,0.5902599909077864,0.3932284967046938
1.8,0.5943471474984812,0.1188694294996963,0.5943471474984812,0.80236864912295,0.5923086909532475,0.3948238195054815
1.81,0.5963754117609887,0.1192750823521978,0.5963754117609887,0.8051068058773353,0.5943471474984812,0.3963830801162635
1.82,0.5983935347021838,0.1196787069404368,0.5983935347021838,0.8078312718479487,0.5963754117609887,0.3979059500474175
1.83,0.6004015670286729,0.1200803134057346,0.6004015670286729,0.8105421154887089,0.5983935347021838,0.3993921065693101
1.84,0.6023995591935295,0.1204799118387059,0.6023995591935295,0.8132394049112653,0.6004015670286729,0.4008412327561703
1.85,0.6043875613975619,0.1208775122795124,0.6043875613975619,0.815923207886709,0.6023995591935295,0.4022530175291406
1.86,0.6063656235905741,0.1212731247181149,0.6063656235905741,0.8185935918472754,0.6043875613975619,0.4036271556984983
1.87,0.6083337954726212,0.1216667590945243,0.6083337954726212,0.821250623888039,0.6063656235905741,0.4049633480050423
1.88,0.6102921264952581,0.1220584252990517,0.6102921264952581,0.8238943707685988,0.6083337954726212,0.4062613011606388
1.89,0.6122406658627818,0.1224481331725564,0.6122406658627818,0.8265248989147559,0.6102921264952581,0.4075207278879192
1.9,0.6141794625334679,0.1228358925066936,0.6141794625334679,0.8291422744201821,0.6122406658627818,0.408741346959126
1.91,0.6161085652208006,0.1232217130441602,0.6161085652208006,0.8317465630480811,0.6141794625334679,0.4099228832340993
1.92,0.6180280223946966,0.1236056044789394,0.6180280223946966,0.8343378302328407,0.6161085652208006,0.4110650676974
1.93,0.6199378822827231,0.1239875764565447,0.6199378822827231,0.8369161410816764,0.6180280223946966,0.4121676374945634
1.94,0.6218381928713095,0.1243676385742619,0.6218381928713095,0.8394815603762681,0.6199378822827231,0.4132303359674774
1.95,0.6237290019069529,0.1247458003813906,0.6237290019069529,0.8420341525743867,0.6218381928713095,0.4142529126888815
1.96,0.6256103568974182,0.1251220713794837,0.6256103568974182,0.8445739818115148,0.6237290019069529,0.4152351234959809
1.97,0.6274823051129311,0.1254964610225862,0.6274823051129311,0.8471011119024572,0.6256103568974182,0.4161767305231701
1.98,0.6293448935873664,0.1258689787174733,0.6293448935873664,0.8496156063429449,0.6274823051129311,0.4170775022338624
1.99,0.6311981691194296,0.1262396338238859,0.6311981691194296,0.8521175283112301,0.6293448935873664,0.4179372134514204
2,0.6330421782738325,0.1266084356547665,0.6330421782738325,0.8546069406696739,0.6311981691194296,0.418755645389182
2.01,0.6348769673824634,0.1269753934764927,0.6348769673824634,0.8570839059663256,0.6330421782738325,0.4195325856795785
2.02,0.636702582545551,0.1273405165091102,0.636702582545551,0.859548486436494,0.6348769673824634,0.4202678284023408
2.03,0.6385190696328232,0.1277038139265647,0.6385190696328232,0.8620007440043115,0.636702582545551,0.4209611741117886
2.04,0.6403264742846592,0.1280652948569318,0.6403264742846592,0.86444074028429,0.6385190696328232,0.4216124298631991
2.05,0.6421248419132358,0.1284249683826472,0.6421248419132358,0.8668685365828686,0.6403264742846592,0.4222214092382514
2.06,0.6439142177036696,0.1287828435407339,0.6439142177036696,0.8692841938999543,0.6421248419132358,0.4227879323695427
2.07,0.6456946466151513,0.1291389293230303,0.6456946466151513,0.8716877729304545,0.6439142177036696,0.4233118259641732
2.08,0.6474661733820756,0.1294932346764151,0.6474661733820756,0.8740793340658023,0.6456946466151513,0.4237929233263954
2.09,0.6492288425151652,0.129845768503033,0.6492288425151652,0.8764589373954733,0.6474661733820756,0.4242310643793253
2.1,0.6509826983025894,0.1301965396605179,0.6509826983025894,0.878826642708496,0.6492288425151652,0.4246260956857115
2.11,0.6527277848110764,0.1305455569622153,0.6527277848110764,0.8811825094949535,0.6509826983025894,0.4249778704677603
2.12,0.6544641458870211,0.1308928291774042,0.6544641458870211,0.8835265969474787,0.6527277848110764,0.4252862486260124
2.13,0.656191825157586,0.1312383650315172,0.656191825157586,0.8858589639627413,0.6544641458870211,0.42555109675727
2.14,0.657910866031798,0.1315821732063596,0.657910866031798,0.8881796691429277,0.656191825157586,0.4257722881715703
2.15,0.6596213117016391,0.1319242623403278,0.6596213117016391,0.890488770797213,0.657910866031798,0.4259497029082036
2.16,0.6613232051431309,0.1322646410286262,0.6613232051431309,0.8927863269432269,0.6596213117016391,0.426083227750774
2.17,0.6630165891174152,0.1326033178234831,0.6630165891174152,0.8950723953085108,0.6613232051431309,0.4261727562412992
2.18,0.6647015061718281,0.1329403012343656,0.6647015061718281,0.8973470333319682,0.6630165891174152,0.426218188693349
2.19,0.6663779986409689,0.1332755997281938,0.6663779986409689,0.8996102981653084,0.6647015061718281,0.4262194322042188
2.2,0.668046108647764,0.1336092217295529,0.668046108647764,0.9018622466744818,0.6663779986409689,0.4261764006661375
2.21,0.6697058781045252,0.1339411756209051,0.6697058781045252,0.9041029354411094,0.668046108647764,0.4260890147765086
2.22,0.6713573487140025,0.1342714697428006,0.6713573487140025,0.9063324207639039,0.6697058781045252,0.4259572020471805
2.23,0.6730005619704326,0.1346001123940866,0.6730005619704326,0.9085507586600844,0.6713573487140025,0.4257808968127476
2.24,0.6746355591605804,0.1349271118321161,0.6746355591605804,0.9107580048667839,0.6730005619704326,0.4255600402378795
2.25,0.6762623813647775,0.1352524762729556,0.6762623813647775,0.91295421484245,0.6746355591605804,0.4252945803236763
2.26,0.6778810694579536,0.1355762138915908,0.6778810694579536,0.9151394437682377,0.6762623813647775,0.4249844719130517
2.27,0.6794916641106638,0.1358983328221328,0.6794916641106638,0.9173137465493966,0.6778810694579536,0.4246296766951397
2.28,0.6810942057901105,0.1362188411580222,0.6810942057901105,0.9194771778166496,0.6794916641106638,0.424230163208727
2.29,0.68268873476116,0.1365377469522321,0.68268873476116,0.9216297919275663,0.6810942057901105,0.4237859068447095
2.3,0.6842752910873542,0.1368550582174709,0.6842752910873542,0.9237716429679285,0.68268873476116,0.4232968898475716
2.31,0.6858539146319174,0.1371707829263835,0.6858539146319174,0.9259027847530888,0.6842752910873542,0.4227631013158902
2.32,0.6874246450587578,0.1374849290117516,0.6874246450587578,0.9280232708293235,0.6858539146319174,0.4221845372018608
2.33,0.688987521833464,0.1377975043666929,0.688987521833464,0.9301331544751769,0.6874246450587578,0.4215612003098474
2.34,0.6905425842242967,0.1381085168448594,0.6905425842242967,0.932232488702801,0.688987521833464,0.4208931002939562
2.35,0.6920898713031752,0.1384179742606351,0.6920898713031752,0.934321326259287,0.6905425842242967,0.4201802536546324
2.36,0.6936294219466593,0.1387258843893319,0.6936294219466593,0.9363997196279905,0.6920898713031752,0.4194226837342817
2.37,0.695161274836926,0.1390322549673853,0.695161274836926,0.9384677210298505,0.6936294219466593,0.4186204207119164
2.38,0.6966854684627414,0.1393370936925483,0.6966854684627414,0.9405253824247013,0.695161274836926,0.4177735015968271
2.39,0.6982020411204277,0.1396404082240856,0.6982020411204277,0.9425727555125778,0.6966854684627414,0.4168819702212804
2.4,0.6997110309148256,0.1399422061829652,0.6997110309148256,0.9446098917350149,0.6982020411204277,0.4159458772322445
2.41,0.7012124757602515,0.1402424951520504,0.7012124757602515,0.9466368422763398,0.6997110309148256,0.414965280082143
2.42,0.7027064133814502,0.1405412826762901,0.7027064133814502,0.9486536580649582,0.7012124757602515,0.4139402430186385
2.43,0.7041928813145429,0.1408385762629087,0.7041928813145429,0.9506603897746334,0.7027064133814502,0.4128708370734475
2.44,0.7056719169079703,0.1411343833815941,0.7056719169079703,0.9526570878257602,0.7041928813145429,0.4117571400501882
2.45,0.7071435573234304,0.1414287114646862,0.7071435573234304,0.9546438023866314,0.7056719169079703,0.4105992365112622
2.46,0.7086078395368132,0.1417215679073627,0.7086078395368132,0.9566205833746982,0.7071435573234304,0.4093972177637735
2.47,0.7100648003391291,0.1420129600678259,0.7100648003391291,0.9585874804578247,0.7086078395368132,0.4081511818444845
2.48,0.7115144763374335,0.1423028952674868,0.7115144763374335,0.9605445430555356,0.7100648003391291,0.406861233503814
2.49,0.7129569039557463,0.1425913807911494,0.7129569039557463,0.9624918203402579,0.7115144763374335,0.4055274841888763
2.5,0.7143921194359676,0.1428784238871936,0.7143921194359676,0.9644293612385566,0.7129569039557463,0.4041500520255666
2.51,0.7158201588387878,0.1431640317677576,0.7158201588387878,0.9663572144323638,0.7143921194359676,0.4027290617996932
2.52,0.7172410580445938,0.1434482116089189,0.7172410580445938,0.968275428360202,0.7158201588387878,0.4012646449371604
2.53,0.7186548527543708,0.1437309705508742,0.7186548527543708,0.970184051218401,0.7172410580445938,0.3997569394832041
2.54,0.7200615784905989,0.1440123156981199,0.7200615784905989,0.972083130962309,0.7186548527543708,0.3982060900806843
2.55,0.7214612705981459,0.1442922541196293,0.7214612705981459,0.9739727153074975,0.7200615784905989,0.3966122479474352
2.56,0.7228539642451551,0.1445707928490311,0.7228539642451551,0.97585285173096,0.7214612705981459,0.3949755708526792
2.57,0.7242396944239293,0.144847938884786,0.7242396944239293,0.9777235874723053,0.7228539642451551,0.3932962230925054
2.58,0.7256184959518097,0.1451236991903621,0.7256184959518097,0.9795849695349438,0.7242396944239293,0.3915743754644181
2.59,0.7269904034720507,0.1453980806944102,0.7269904034720507,0.9814370446872691,0.7256184959518097,0.3898102052409574
2.6,0.7283554514546904,0.1456710902909382,0.7283554514546904,0.9832798594638328,0.7269904034720507,0.3880038961423968
2.61,0.729713674197417,0.1459427348394835,0.729713674197417,0.9851134601665136,0.7283554514546904,0.3861556383085207
2.62,0.7310651058264299,0.1462130211652861,0.7310651058264299,0.986937892865681,0.729713674197417,0.3842656282694872
2.63,0.7324097802972978,0.1464819560594597,0.7324097802972978,0.9887532034013526,0.7210651058264299,0.3823340689157785
2.64,0.7337477313958113,0.1467495462791624,0.7337477313958113,0.9905594373843459,0.7124597802972977,0.3803611694672451
2.65,0.7350789927388323,0.1470157985477666,0.7350789927388323,0.9923566401974242,0.7038974813958112,0.378347145441246
2.66,0.7364035977751381,0.1472807195550277,0.7364035977751381,0.9941448569964371,0.6953779939888322,0.3762922186198925
2.67,0.7377215797862624,0.1475443159572526,0.7377215797862624,0.9959241327114549,0.686901104018888,0.3741966170163969
2.68,0.7390329718873311,0.1478065943774663,0.7390329718873311,0.9976945120478976,0.6784665984987936,0.3720605748405335
2.69,0.7403378070278944,0.148067561405579,0.7403378070278944,0.9994560394876582,0.6700742655062997,0.3698843324632149
2.7,0.741636117992755,0.1483272235985511,0.741636117992755,1.00120875929022,0.6617238941787682,0.3676681363801912
2.71,0.7429279374027912,0.1485855874805584,0.7429279374027912,1.002952715493769,0.6534152747078743,0.3654122391748735
2.72,0.7442132977157773,0.1488426595431556,0.7442132977157773,1.0046879519163,0.6451481983343349,0.3631168994802912
2.73,0.7454922312271984,0.1490984462454398,0.7454922312271984,1.006414512156718,0.6369224573426632,0.3607823819401853
2.74,0.7467647700710625,0.1493529540142126,0.7467647700710625,1.008132439595935,0.6287378450559499,0.3584089571692448
2.75,0.7480309462207071,0.1496061892441415,0.7480309462207071,1.009841777397955,0.6205941558306701,0.3559969017124917
2.76,0.7492907914896035,0.1498581582979208,0.7492907914896035,1.011542568510965,0.6124911850515168,0.3535464980038204
2.77,0.7505443375321555,0.1501088675064312,0.7505443375321555,1.013234855668411,0.6044287291262592,0.3510580343236969
2.78,0.7517916158444947,0.150358323168899,0.7517916158444947,1.014918681390069,0.596406585480628,0.3485318047560242
2.79,0.7530326577652723,0.1506065315530546,0.7530326577652723,1.016594087983118,0.5884245525532248,0.3459681091441811
2.8,0.7542674944764459,0.1508534988952893,0.7542674944764459,1.018261117543203,0.5804824297904587,0.3433672530462383
2.81,0.7554961570040637,0.1510992314008129,0.7554961570040637,1.019919811955487,0.5725800176415065,0.3407295476893608
2.82,0.7567186762190434,0.1513437352438088,0.7567186762190434,1.021570212895709,0.5647171175532989,0.338055309923401
2.83,0.7579350828379482,0.1515870165675897,0.7579350828379482,1.023212361831231,0.5568935319655324,0.3353448621736914
2.84,0.7591454074237585,0.1518290814847518,0.7591454074237585,1.024846300022075,0.5491090643057047,0.3325985323930404
2.85,0.7603496803866396,0.152069936077328,0.7603496803866396,1.026472068521964,0.5413635189841762,0.3298166540129424
2.86,0.7615479319847065,0.1523095863969414,0.7615479319847065,1.028089708179355,0.5336567013892554,0.3269995658940044
2.87,0.762740192324783,0.1525480384649567,0.762740192324783,1.029699259638458,0.5259884178823091,0.3241476122756006
2.88,0.763926491363159,0.1527852982726319,0.763926491363159,1.031300763340266,0.5183584757928975,0.321261142724759
2.89,0.7651068589063432,0.1530213717812688,0.7651068589063432,1.032894259523564,0.5107666834139331,0.3183405120842893
2.9,0.7662813246118115,0.1532562649223624,0.7662813246118115,1.034479788225946,0.5032128499968634,0.3153860804201577
2.91,0.7674499179887525,0.1534899835977506,0.7674499179887525,1.036057389284817,0.4956967857468791,0.3123982129681188
2.92,0.7686126683988087,0.1537225336797619,0.7686126683988087,1.037627102338393,0.4882183018181447,0.3093772800796092
2.93,0.7697696050568147,0.153953921011363,0.7697696050568147,1.0391889668267,0.480777210309054,0.3063236571669129
2.94,0.7709207570315306,0.1541841514063062,0.7709207570315306,1.040743021992567,0.4733733242575087,0.3032377246476048
2.95,0.772066153246373,0.1544132306492747,0.772066153246373,1.042289306882604,0.4660064576362212,0.3001198678882819
2.96,0.7732058224801411,0.1546411644960283,0.7732058224801411,1.043827860348191,0.45867642534804,0.2969704771475882
2.97,0.7743397933677404,0.1548679586735482,0.7743397933677404,1.04535872104645,0.4513830432212999,0.2937899475185431
2.98,0.7754680944009017,0.1550936188801804,0.7754680944009017,1.046881927441218,0.4441261280051934,0.2905786788701814
2.99,0.7765907539288972,0.1553181507857795,0.7765907539288972,1.048397517804012,0.4369054973651674,0.287337075788512
3,0.7777078001592527,0.1555415600318507,0.7777078001592527,1.049905530214992,0.4297209698783415,0.2840655475168057
3.01,0.7788192611584565,0.1557638522316914,0.7788192611584565,1.051406002563917,0.4225723650289498,0.2807645078952186
3.02,0.7799251648526642,0.1559850329705329,0.7799251648526642,1.052898972551097,0.415459503203805,0.2774343752997614
3.03,0.7810255390284009,0.1562051078056803,0.7810255390284009,1.054384477688342,0.408382205687786,0.2740755725806231
3.04,0.7821204113332588,0.1564240822666519,0.7821204113332588,1.0558625552999,0.4013402946593471,0.2706885269998563
3.05,0.7832098092765926,0.1566419618553186,0.7832098092765926,1.057333242523401,0.3943335931860503,0.2672736701684358
3.06,0.7842937602302096,0.156858752046042,0.7842937602302096,1.058796576310784,0.3873619252201201,0.263831437982697
3.07,0.7853722914290585,0.1570744582858118,0.7853722914290585,1.06025259342923,0.3804251155940195,0.2603622705601649
3.08,0.7864454299719132,0.1572890859943827,0.7864454299719132,1.061701330462083,0.3735229900160494,0.2568666121747817
3.09,0.7875132028220537,0.1575026405644108,0.7875132028220537,1.063142823809773,0.3666553750659691,0.2533449111915433
3.1,0.7885756368079434,0.1577151273615888,0.7885756368079434,1.064577109690724,0.3598220981906393,0.2497976200005539
3.11,0.7896327586239037,0.1579265517247808,0.7896327586239037,1.06600422414227,0.353022987699686,0.2462251949505066
3.12,0.7906845948307841,0.1581369189661569,0.7906845948307841,1.067424203021559,0.3462578727611876,0.2426280962816028
3.13,0.7917311718566302,0.1583462343713261,0.7917311718566302,1.068837082006451,0.3395265833973817,0.2390067880579164
3.14,0.7927725159973471,0.1585545031994695,0.7927725159973471,1.070242896596419,0.3328289504803948,0.2353617380992148
3.15,0.7938086534173604,0.1587617306834722,0.7938086534173604,1.071641682113437,0.3261648057279928,0.2316934179122461
3.16,0.7948396101502736,0.1589679220300548,0.7948396101502736,1.07303347370287,0.3195339816993529,0.2280023026215018
3.17,0.7958654120995222,0.1591730824199045,0.7958654120995222,1.074418306334355,0.3129363117908561,0.2242888708994655
3.18,0.7968860850390246,0.159377217007805,0.7968860850390246,1.075796214802684,0.3063716302319018,0.2205536048963568
3.19,0.7979016546138294,0.159580330922766,0.7979016546138294,1.07716723372867,0.2998397720807423,0.2167969901693818
3.2,0.7989121463407604,0.1597824292681521,0.7989121463407604,1.078531397560027,0.2933405732203386,0.2130195156114992
3.21,0.7999175856090566,0.1599835171218114,0.7999175856090566,1.079888740572227,0.2868738703542369,0.2092216733797126
3.22,0.8009179976810112,0.1601835995362023,0.8009179976810112,1.081239296869365,0.2804395010024657,0.2054039588228995
3.23,0.8019134076926062,0.1603826815385213,0.8019134076926062,1.082583100385019,0.2740373034974534,0.2015668704091871
3.24,0.8029038406541432,0.1605807681308287,0.8029038406541432,1.083920184883093,0.2676671169799661,0.1977109096528852
3.25,0.8038893214508726,0.1607778642901746,0.8038893214508726,1.085250583958678,0.2613287813950663,0.1938365810409876
3.26,0.8048698748436182,0.1609739749687237,0.8048698748436182,1.086574331038885,0.255022137488091,0.1899443919592508
3.27,0.8058455254694,0.1611691050938801,0.8058455254694,1.08789145938369,0.2487470268006505,0.1860348526178624
3.28,0.806816297842053,0.1613632595684107,0.806816297842053,1.089202002086772,0.2425032916666473,0.1821084759767092
3.29,0.8077822163528428,0.1615564432705686,0.8077822163528428,1.090505992076338,0.236290775208314,0.178165777670255
3.3,0.8087433052710785,0.1617486610542158,0.8087433052710785,1.091803462115956,0.2301093213322725,0.1742072759320401
3.31,0.8096995887447231,0.1619399177489447,0.8096995887447231,1.093094444805377,0.2239587747256111,0.1702334915188129
3.32,0.8106510908009995,0.1621302181602,0.8106510908009995,1.09437897258135,0.2178389808519831,0.1662449476343037
3.33,0.8115978353469945,0.162319567069399,0.8115978353469945,1.095657077718443,0.2117497859477231,0.162242169852653
3.34,0.8125398461702595,0.162507969234052,0.8125398461702595,1.096928792329851,0.2056910370179845,0.1582256860415044
3.35,0.8134771469394082,0.1626954293878818,0.8134771469394082,1.098194148368201,0.1996625818328946,0.1541960262847732
3.36,0.8144097612047112,0.1628819522409423,0.8144097612047112,1.09945317762636,0.1936642689237301,0.1501537228051023
3.37,0.8153377123986877,0.1630675424797376,0.8153377123986877,1.100705911738229,0.1876959475791115,0.1460993098860155
3.38,0.8162610238366943,0.1632522047673389,0.8162610238366943,1.101952382179537,0.1817574678412159,0.1420333237937813
3.39,0.8171797187175108,0.1634359437435022,0.8171797187175108,1.10319262026864,0.1758486805020099,0.1379563026989959
3.4,0.8180938201239233,0.1636187640247847,0.8180938201239233,1.104426657167296,0.1699694370994998,0.1338687865978986
3.41,0.8190033510233037,0.1638006702046608,0.8190033510233037,1.10565452388146,0.1641195899140023,0.1297713172334303
3.42,0.8199083342681872,0.1639816668536375,0.8199083342681872,1.106876251262053,0.1582989919644323,0.1256644380160463
3.43,0.8208087925968462,0.1641617585193693,0.8208087925968462,1.108091870005742,0.1525074970046101,0.1215486939442946
3.44,0.821704748633862,0.1643409497267725,0.821704748633862,1.109301410655714,0.146744959519587,0.1174246315251718
3.45,0.8225962248906927,0.1645192449781386,0.8225962248906927,1.110504903602435,0.1410112347219891,0.1132927986942672
3.46,0.8234832437662393,0.1646966487532479,0.8234832437662393,1.111702379084423,0.1353061785483792,0.1091537447357075
3.47,0.8243658275474081,0.1648731655094817,0.8243658275474081,1.112893867189001,0.1296296476556373,0.1050080202019126
3.48,0.825243998409671,0.1650487996819343,0.825243998409671,1.114079397853056,0.1239814994173591,0.1008561768331746
3.49,0.8261177784176227,0.1652235556835246,0.8261177784176227,1.115259000863791,0.1183615919202723,0.09669876747707158
3.5,0.8269871895255345,0.165397437905107,0.8269871895255345,1.116432705859472,0.1127697839606709,0.09253634600772788
3.51,0.8278522535779068,0.1655704507155814,0.8278522535779068,1.117600542330174,0.1072059350408676,0.08836946724493148
3.52,0.8287129923100173,0.1657425984620035,0.8287129923100173,1.118762539618523,0.1016699053656633,0.08419868687312157
3.53,0.8295694273484672,0.1659138854696935,0.8295694273484672,1.119918726920431,0.09616155583883494,0.08002456136025676
3.54,0.8304215802117249,0.1660843160423451,0.8304215802117249,1.121069133285829,0.09068074805964077,0.07584764787657626
3.55,0.8312694723106663,0.1662538944621333,0.8312694723106663,1.1222137876194,0.08522734431934256,0.07166850421326534
3.56,0.8321131249491129,0.1664226249898227,0.8321131249491129,1.123352718681303,0.07980120759774585,0.06748768870103701
3.57,0.8329525593243674,0.1665905118648736,0.8329525593243674,1.124485955087896,0.07440220155975712,0.06330576012864138
3.58,0.8337877965277456,0.1667575593055492,0.8337877965277456,1.125613525312457,0.06903019055195833,0.05912327766131458
3.59,0.8346188575451069,0.1669237715090215,0.8346188575451069,1.126735457685894,0.06368503959919854,0.05494080075917895
3.6,0.8354457632573814,0.1670891526514764,0.8354457632573814,1.127851780397465,0.05836661440120254,0.05075888909560607
3.61,0.8362685344410945,0.167253706888219,0.8362685344410945,1.128962521495477,0.05307478132919653,0.04657810247555449
3.62,0.837087191768889,0.1674174383537779,0.837087191768889,1.130067708888,0.04780940742255054,0.04239900075389394
3.63,0.8379017558100446,0.167580351162009,0.8379017558100446,1.13116737034356,0.04257036038543779,0.03822214375372759
3.64,0.8387122470309943,0.1677424494061989,0.8387122470309943,1.132261533491842,0.0373575085835106,0.03404809118472419
3.65,0.8395186857958393,0.1679037371591679,0.8395186857958393,1.133350225824383,0.03217072104059304,0.02987740256147188
3.66,0.8403210923668601,0.1680642184733721,0.8403210923668601,1.134433474695261,0.02700986743539008,0.02571063712186525
3.67,0.8411194869050258,0.1682238973810052,0.8411194869050258,1.135511307321785,0.02187481809821313,0.02154835374553754
3.68,0.8419138894705007,0.1683827778941002,0.8419138894705007,1.136583750785176,0.01676544400772206,0.01739111087234956
3.69,0.8427043200231482,0.1685408640046297,0.8427043200231482,1.13765083203125,0.01168161678768345,0.01323946642094715
3.7,0.8434907984230324,0.1686981596846066,0.8434907984230324,1.138712577871094,0.006623208703745035,0.009093977707398816
3.71,0.8442733444309173,0.1688546688861835,0.8442733444309173,1.139769014981738,0.00159009266022631,0.004955201363925226
3.72,0.8450519777087627,0.1690103955417526,0.8450519777087627,1.140820169906829,-0.003417857803074822,0.0008236932577323202
3.73,0.8458267178202189,0.1691653435640439,0.8458267178202189,1.141866069057295,-0.008400768514059447,-0.003299991590040395
3.74,0.8465975842311178,0.1693195168462236,0.8465975842311178,1.142906738712009,-0.01335876467148915,-0.007415299085244664
3.75,0.8473645963099622,0.1694729192619925,0.8473645963099622,1.143942205018449,-0.0182919708481317,-0.0115216761415098
3.76,0.8481277733284124,0.1696255546656826,0.8481277733284124,1.144972493993357,-0.02320051099389105,-0.01561857076087892
3.77,0.8488871344617703,0.1697774268923542,0.8488871344617703,1.14599763152339,-0.02808450843892159,-0.01970543211428342
3.78,0.8496426987894615,0.1699285397578924,0.8496426987894615,1.147017643365773,-0.03294408589672698,-0.02378171062184431
3.79,0.8503944852955142,0.170078897059103,0.8503944852955142,1.148032555148944,-0.03777936546724335,-0.02784685803298862
3.8,0.8511425128690366,0.1702285025738074,0.8511425128690366,1.149042392373199,-0.04259046863990713,-0.03190032750636959
3.81,0.8518868003046914,0.1703773600609384,0.8518868003046914,1.150047180411333,-0.0473775162967076,-0.03594157368957905
3.82,0.8526273663031679,0.1705254732606337,0.8526273663031679,1.151046944509277,-0.05214062871522406,-0.03997005279864052
3.83,0.8533642294716521,0.1706728458943305,0.8533642294716521,1.15204170978673,-0.05687992557164794,-0.0439852226972717
3.84,0.8540974083242939,0.1708194816648589,0.8540974083242939,1.153031501237797,-0.0615955259437897,-0.04798654297590484
3.85,0.8548269212826725,0.1709653842565346,0.8548269212826725,1.154016343731608,-0.06628754831407076,-0.05197347503045373
3.86,0.8555527866762591,0.1711105573352519,0.8555527866762591,1.154996262012949,-0.0709561105725004,-0.05594548214081601
3.87,0.8562750227428778,0.1712550045485757,0.8562750227428778,1.155971280702885,-0.0756013300196379,-0.05990202954909932
3.88,0.8569936476291634,0.1713987295258328,0.8569936476291634,1.15694142429937,-0.0802233233695397,-0.06384258453756038
3.89,0.8577086793910176,0.1715417358782036,0.8577086793910176,1.157906717177873,-0.084822206752692,-0.06776661650624548
3.9,0.8584201359940625,0.1716840271988126,0.8584201359940625,1.158867183591984,-0.08939809571892854,-0.07167359705032143
3.91,0.8591280353140922,0.1718256070628185,0.8591280353140922,1.159822847674024,-0.0939511052403339,-0.07556300003708578
3.92,0.8598323951375217,0.1719664790275044,0.8598323951375217,1.160773733435654,-0.09848134971413224,-0.07943430168264523
3.93,0.8605332331618342,0.1721066466323669,0.8605332331618342,1.161719864768476,-0.1029889429655616,-0.08328698062825125
3.94,0.861230566996025,0.1722461133992051,0.861230566996025,1.162661265444633,-0.1074739982507338,-0.08712051801628196
3.95,0.8619244141610448,0.172384882832209,0.8619244141610448,1.16359795911741,-0.1119366282594801,-0.09093439756585919
3.96,0.8626147920902396,0.172522958418048,0.8626147920902396,1.164529969321823,-0.1163769451181827,-0.09472810564809019
3.97,0.8633017181297884,0.1726603436259578,0.8633017181297884,1.165457319475214,-0.1207950603925918,-0.09850113136092274
3.98,0.8639852095391395,0.172797041907828,0.8639852095391395,1.166380032877838,-0.1251910850906288,-0.1022529666036033
3.99,0.8646652834914438,0.1729330566982888,0.8646652834914438,1.167298132713449,-0.1295651296651757,-0.1059831061507274
4,0.8653419570739865,0.1730683914147974,0.8653419570739865,1.168211642049882,-0.1339173040168498,-0.1096910477258711
4.01,0.8660152472886166,0.1732030494577234,0.8660152472886166,1.169120583839632,-0.1382477174967655,-0.1133762920747941
4.02,0.8666851710521735,0.1733370342104348,0.8666851710521735,1.170024980920434,-0.1425564789092817,-0.1170383430382026
4.03,0.8673517451969126,0.1734703490393826,0.8673517451969126,1.170924856015832,-0.1468436965147353,-0.1206767076240628
4.04,0.868014986470928,0.1736029972941857,0.868014986470928,1.171820231735753,-0.1511094780321616,-0.1242908960794533
4.05,0.8686749115385733,0.1737349823077148,0.8686749115385733,1.172711130577074,-0.1553539306420008,-0.1278804219619473
4.06,0.8693315369808805,0.1738663073961762,0.8693315369808805,1.173597574924188,-0.1595771609887908,-0.1314448022105137
4.07,0.8699848792959761,0.1739969758591953,0.8699848792959761,1.174479587049567,-0.1637792751838469,-0.1349835572159264
4.08,0.8706349548994963,0.1741269909798993,0.8706349548994963,1.17535718911432,-0.1679603788079276,-0.1384962108906737
4.09,0.8712817801249988,0.1742563560249998,0.8712817801249988,1.176230403168748,-0.172120576913888,-0.1419822907383544
4.1,0.8719253712243737,0.1743850742448748,0.8719253712243737,1.177099251152904,-0.1762599740293186,-0.1454413279225545
4.11,0.8725657443682518,0.1745131488736504,0.8725657443682518,1.17796375489714,-0.180378674159172,-0.1488728573351916
4.12,0.8732029156464106,0.1746405831292822,0.8732029156464106,1.178823936122654,-0.1844767807883761,-0.1522764176643181
4.13,0.8738369010681786,0.1747673802136358,0.8738369010681786,1.179679816442041,-0.1885543968844342,-0.1556515514613745
4.14,0.8744677165628377,0.1748935433125676,0.8744677165628377,1.18053141735983,-0.1926116249000121,-0.1589978052078816
4.15,0.8750953779800236,0.1750190755960048,0.8750953779800236,1.181378760273031,-0.196648566775512,-0.1623147293815626
4.16,0.8757199010901234,0.1751439802180247,0.8757199010901234,1.182221866471666,-0.2006653239416344,-0.1656018785218863
4.17,0.8763413015846728,0.1752682603169346,0.8763413015846728,1.183060757139308,-0.2046619973219263,-0.1688588112950207
4.18,0.8769595950767495,0.17539191901535,0.8769595950767495,1.183895453353611,-0.2086386873353167,-0.1720850905581885
4.19,0.8775747971013658,0.1755149594202732,0.8775747971013658,1.184725976086843,-0.2125954938986401,-0.1752802834234156
4.2,0.8781869231158589,0.1756373846231718,0.8781869231158589,1.185552346206409,-0.2165325164291469,-0.1784439613206618
4.21,0.8787959885002796,0.175759197700056,0.8787959885002796,1.186374584475377,-0.2204498538470011,-0.1815757000603271
4.22,0.8794020085577783,0.1758804017115557,0.8794020085577783,1.187192711553,-0.2243476045777661,-0.184675079895122
4.23,0.8800049985149894,0.1760009997029979,0.8800049985149894,1.188006747995235,-0.2282258665548773,-0.1877416855812952
4.24,0.8806049735224144,0.1761209947044829,0.8806049735224144,1.188816714255259,-0.2320847372221029,-0.1907751064392081
4.25,0.8812019486548023,0.1762403897309605,0.8812019486548023,1.189622630683983,-0.2359243135359924,-0.1937749364132486
4.26,0.8817959389115283,0.1763591877823057,0.8817959389115283,1.190424517530563,-0.2397446919683124,-0.1967407741310753
4.27,0.8823869592169706,0.1764773918433942,0.8823869592169706,1.19122239494291,-0.2435459685084709,-0.1996722229621826
4.28,0.8829750244208858,0.1765950048841773,0.8829750244208858,1.192016282968196,-0.2473282386659285,-0.2025688910757805
4.29,0.8835601492987813,0.1767120298597564,0.8835601492987813,1.192806201553354,-0.2510915974725988,-0.2054303914979783
4.3,0.8841423485522875,0.1768284697104576,0.8841423485522875,1.193592170545588,-0.2548361394852359,-0.2082563421682654
4.31,0.884721636809526,0.1769443273619053,0.884721636809526,1.19437420969286,-0.2585619587878097,-0.2110463659952811
4.32,0.8852980286254784,0.1770596057250958,0.8852980286254784,1.195152338644395,-0.2622691489938707,-0.2138000909118647
4.33,0.885871538482351,0.1771743076964703,0.885871538482351,1.195926576951173,-0.2659578032489013,-0.2165171499293788
4.34,0.8864421807899393,0.1772884361579879,0.8864421807899393,1.196696944066417,-0.2696280142326568,-0.219197181191297
4.350000000000001,0.8870099698859896,0.177401993977198,0.8870099698859896,1.197463459346085,-0.2732798741614935,-0.2218398280260494
4.36,0.8875749200365596,0.177514984007312,0.8875749200365596,1.198226142049355,-0.276913474790686,-0.2244447389991175
4.37,0.8881370454363767,0.1776274090872755,0.8881370454363767,1.198985011339108,-0.2805289074167326,-0.2270115679643714
4.38,0.8886963602091948,0.1777392720418391,0.8886963602091948,1.199740086282413,-0.2841262628796489,-0.2295399741146417
4.39,0.8892528784081488,0.1778505756816299,0.8892528784081488,1.200491385851001,-0.2877056315652507,-0.2320296220315191
4.4,0.8898066140161081,0.1779613228032217,0.8898066140161081,1.201238928921746,-0.2912671034074245,-0.2344801817343746
4.41,0.8903575809460275,0.1780715161892056,0.8903575809460275,1.201982734277137,-0.2948107678903873,-0.2368913287285925
4.42,0.8909057930412974,0.1781811586082596,0.8909057930412974,1.202722820605751,-0.2983367140509354,-0.2392627440530103
4.43,0.8914512640760909,0.1782902528152183,0.8914512640760909,1.203459206502723,-0.3018450304806807,-0.2415941143265581
4.44,0.8919940077557105,0.1783988015511422,0.8919940077557105,1.204191910470209,-0.3053358053282773,-0.243885131794091
4.45,0.892534037716932,0.1785068075433865,0.892534037716932,1.204920950917858,-0.3088091263016359,-0.2461354943714075
4.46,0.8930713675283473,0.1786142735056696,0.8930713675283473,1.205646346163269,-0.3122650806701278,-0.2483449056894486
4.47,0.8936060106907056,0.1787212021381412,0.8936060106907056,1.206368114432452,-0.3157037552667771,-0.2505130751376693
4.48,0.894137980637252,0.1788275961274505,0.894137980637252,1.20708627386029,-0.3191252364904432,-0.2526397179065784
4.49,0.8946672907340658,0.1789334581468132,0.8946672907340658,1.207800842490989,-0.322529610307991,-0.2547245550294387
4.5,0.8951939542803955,0.1790387908560792,0.8951939542803955,1.208511838278534,-0.3259169622564511,-0.2567673134231235
4.51,0.8957179845089935,0.1791435969017988,0.8957179845089935,1.209219279087141,-0.3292873774451688,-0.2587677259281208
4.52,0.8962393945864485,0.1792478789172898,0.8962393945864485,1.209923182691706,-0.332640940557943,-0.2607255313476829
4.53,0.8967581976135163,0.1793516395227034,0.8967581976135163,1.210623566778247,-0.3359777358551532,-0.2626404744861128
4.54,0.8972744066254487,0.1794548813250899,0.8972744066254487,1.211320448944356,-0.3392978471758775,-0.2645123061861832
4.55,0.8977880345923214,0.1795576069184644,0.8977880345923214,1.212013846699634,-0.3426013579399981,-0.2663407833656832
4.56,0.8982990944193597,0.1796598188838721,0.8982990944193597,1.212703777466136,-0.3458883511502981,-0.2681256690530864
4.57,0.8988075989472629,0.1797615197894527,0.8988075989472629,1.213390258578805,-0.3491589093945466,-0.2698667324223356
4.58,0.8993135609525266,0.1798627121905055,0.8993135609525266,1.214073307285911,-0.3524131148475739,-0.2715637488267398
4.59,0.899816993147764,0.179963398629553,0.899816993147764,1.214752940749481,-0.355651049273336,-0.2732164998319778
4.600000000000001,0.9003179081820252,0.1800635816364052,0.9003179081820252,1.215429176045734,-0.3588727940269693,-0.2748247732482037
4.61,0.900816318641115,0.1801632637282232,0.900816318641115,1.216102030165505,-0.3620784300568345,-0.2763883631612505
4.62,0.9013122370479094,0.1802624474095821,0.9013122370479094,1.216771520014678,-0.3652680379065503,-0.2779070699629261
4.63,0.9018056758626699,0.1803611351725342,0.9018056758626699,1.217437662414604,-0.3684416977170176,-0.2793807003803989
4.64,0.9022966474833566,0.1804593294966715,0.9022966474833566,1.218100474102531,-0.3715994892284325,-0.2808090675046667
4.65,0.9027851642459398,0.1805570328491881,0.9027851642459398,1.218759971732019,-0.3747414917822903,-0.2821919908181076
4.66,0.9032712384247101,0.1806542476849422,0.9032712384247101,1.219416171873359,-0.3778677843233789,-0.2835292962211059
4.67,0.9037548822325866,0.1807509764465175,0.9037548822325866,1.220069091013992,-0.380978445401762,-0.2848208160577512
4.68,0.9042361078214237,0.1808472215642849,0.9042361078214237,1.220718745558922,-0.3840735531747532,-0.2860663891406071
4.69,0.9047149272823166,0.1809429854564635,0.9047149272823166,1.221365151831127,-0.3871531854088794,-0.287265860774544
4.7,0.905191352645905,0.1810382705291811,0.905191352645905,1.222008326071972,-0.390217419481835,-0.2884190827796355
4.71,0.9056653958826755,0.1811330791765352,0.9056653958826755,1.222648284441612,-0.3932663323844258,-0.289525913513112
4.72,0.9061370689032621,0.1812274137806525,0.9061370689032621,1.223285043019404,-0.3963000007225037,-0.2905862178903709
4.73,0.9066063835587458,0.1813212767117493,0.9066063835587458,1.223918617804307,-0.3993185007188912,-0.2915998674050389
4.74,0.907073351640952,0.1814146703281905,0.907073351640952,1.224549024715285,-0.4023219082152967,-0.2925667401480842
4.75,0.9075379848827473,0.1815075969765496,0.9075379848827473,1.225176279591709,-0.4053102986742202,-0.2934867208259755
4.76,0.9080002949583336,0.1816000589916668,0.9080002949583336,1.22580039819375,-0.4082837471808491,-0.2943597007778856
4.77,0.9084602934835418,0.1816920586967085,0.9084602934835418,1.226421396202781,-0.4112423284449449,-0.2951855779919366
4.78,0.9089179920161241,0.181783598403225,0.9089179920161241,1.227039289221768,-0.4141861168027202,-0.2959642571204846
4.79,0.9093734020560434,0.1818746804112089,0.9093734020560434,1.227654092775659,-0.4171151862187066,-0.2966956494944424
4.8,0.9098265350457633,0.1819653070091528,0.9098265350457633,1.22826582231178,-0.420029610287613,-0.2973796731366372
4.81,0.9102774023705344,0.1820554804741071,0.9102774023705344,1.228874493200222,-0.422929462236175,-0.2980162527742008
4.82,0.9107260153586818,0.1821452030717365,0.9107260153586818,1.229480120734221,-0.4258148149249941,-0.2986053198499934
4.83,0.9111723852818884,0.1822344770563778,0.9111723852818884,1.23008272013055,-0.4286857408503691,-0.2991468125330558
4.84,0.9116165233554789,0.1823233046710959,0.9116165233554789,1.230682306529897,-0.4315423121461173,-0.2996406757280904
4.850000000000001,0.9120584407387016,0.1824116881477405,0.9120584407387016,1.231278894997247,-0.4343846005853867,-0.3000868610839704
4.86,0.9124981485350081,0.1824996297070018,0.9124981485350081,1.231872500522261,-0.4372126775824598,-0.3004853270012736
4.87,0.9129356577923331,0.1825871315584668,0.9129356577923331,1.23246313801965,-0.4400266141945475,-0.3008360386388422
4.88,0.9133709795033714,0.1826741959006744,0.9133709795033714,1.233050822329552,-0.4428264811235748,-0.3011389679193657
4.89,0.9138041246058546,0.1827608249211711,0.9138041246058546,1.233635568217904,-0.4456123487179569,-0.3013940935339879
4.9,0.9142351039828253,0.1828470207965652,0.9142351039828253,1.234217390376814,-0.4483842869743671,-0.3016014009459355
4.91,0.9146639284629111,0.1829327856925824,0.9146639284629111,1.23479630342493,-0.4511423655394953,-0.3017608823931695
4.92,0.9150906088205966,0.1830181217641195,0.9150906088205966,1.235372321907806,-0.4538866537117978,-0.3018725368900578
4.93,0.9155151557764936,0.1831030311552989,0.9155151557764936,1.235945460298267,-0.4566172204432388,-0.3019363702280694
4.94,0.9159375799976111,0.1831875159995224,0.9159375799976111,1.236515732996775,-0.4593341343410226,-0.3019523949754898
4.95,0.916357892097623,0.1832715784195248,0.916357892097623,1.237083154331792,-0.4620374636693175,-0.3019206304761584
4.96,0.9167761026371348,0.1833552205274272,0.9167761026371348,1.237647738560133,-0.4647272763509709,-0.3018411028472262
4.97,0.9171922221239491,0.18343844442479,0.9171922221239491,1.238209499867332,-0.467403639969216,-0.3017138449759372
4.98,0.9176062610133294,0.1835212522026661,0.9176062610133294,1.238768452367995,-0.4700666217693699,-0.3015388965154304
4.99,0.9180182297082627,0.1836036459416528,0.9180182297082627,1.239324610106155,-0.4727162886605231,-0.3013163038795665
5,0.9184281385597214,0.1836856277119445,0.9184281385597214,1.239877987055624,-0.4753527072172204,-0.3010461202367768
5.01,0.9188359978669228,0.1837671995733848,0.9188359978669228,1.240428597120346,-0.4779759436811343,-0.3007284055029384
5.02,0.9192418178775882,0.1838483635755178,0.9192418178775882,1.240976454134745,-0.4805860639627287,-0.3003632263332735
5.03,0.9196456087882002,0.1839291217576403,0.9196456087882002,1.241521571864071,-0.483183133642915,-0.299950656113277
5.04,0.9200473807442592,0.184009476148852,0.9200473807442592,1.242063964004751,-0.4857672179747005,-0.2994907749486715
5.05,0.9204471438405378,0.1840894287681078,0.9204471438405378,1.242603644184727,-0.488338381884827,-0.2989836696543923
5.06,0.9208449081213351,0.1841689816242673,0.9208449081213351,1.243140625963803,-0.4908966899754029,-0.2984294337426033
5.07,0.9212406835807284,0.1842481367161459,0.9212406835807284,1.243674922833984,-0.4934422065255258,-0.2978281674097469
5.08,0.9216344801628248,0.1843268960325652,0.9216344801628248,1.244206548219814,-0.4959749954928982,-0.2971799775226274
5.09,0.9220263077620107,0.1844052615524024,0.9220263077620107,1.244735515478715,-0.4984951205154337,-0.2964849776035325
5.100000000000001,0.9224161762232006,0.1844832352446404,0.9224161762232006,1.245261837901321,-0.5010026449128565,-0.2957432878143934
5.11,0.9228040953420846,0.1845608190684171,0.9228040953420846,1.245785528711815,-0.5034976316882922,-0.2949550349399858
5.12,0.9231900748653742,0.1846380149730751,0.9231900748653742,1.246306601068256,-0.5059801435298508,-0.294120352370176
5.13,0.9235741244910474,0.1847148248982097,0.9235741244910474,1.246825068062914,-0.5084502428122015,-0.293239380081212
5.14,0.9239562538685921,0.1847912507737186,0.9239562538685921,1.2473409427226,-0.5109079915981405,-0.2923122646160644
5.15,0.9243364725992492,0.18486729451985,0.9243364725992492,1.247854238008987,-0.5133534516401498,-0.2913391590638188
5.16,0.924714790236253,0.1849429580472508,0.924714790236253,1.248364966818942,-0.5157866843819491,-0.2903202230381239
5.17,0.9250912162850717,0.1850182432570145,0.9250912162850717,1.248873141984847,-0.5182077509600393,-0.2892556226546965
5.18,0.9254657602036463,0.1850931520407295,0.9254657602036463,1.249378776274923,-0.5206167122052392,-0.2881455305078885
5.19,0.9258384314026281,0.1851676862805258,0.9258384314026281,1.249881882393548,-0.523013628644213,-0.2869901256463188
5.2,0.9262092392456149,0.1852418478491232,0.9262092392456149,1.25038247298158,-0.5253985605009919,-0.2857895935475722
5.21,0.9265781930493868,0.1853156386098776,0.9265781930493868,1.250880560616673,-0.5277715676984869,-0.2845441260919714
5.22,0.9269453020841398,0.1853890604168282,0.9269453020841398,1.251376157813589,-0.5301327098599944,-0.2832539215354241
5.23,0.9273105755737191,0.1854621151147441,0.9273105755737191,1.251869277024521,-0.5324820463106944,-0.2819191844813493
5.24,0.9276740226958505,0.1855348045391703,0.9276740226958505,1.252359930639399,-0.534819636079141,-0.2805401258516877
5.25,0.9280356525823713,0.1856071305164745,0.9280356525823713,1.252848130986202,-0.5271455378987453,-0.279116962857
5.26,0.9283954743194595,0.1856790948638921,0.9283954743194595,1.253333890331271,-0.5195098102092516,-0.2776499189656565
5.27,0.9287534969478621,0.1857506993895726,0.9287534969478621,1.253817220879614,-0.5119122611582053,-0.2761392238721241
5.28,0.9291097294631229,0.1858219458926248,0.9291097294631229,1.254298134775216,-0.5043526998524143,-0.2745851134643541
5.29,0.9294641808158073,0.1858928361631617,0.9294641808158073,1.25477664410134,-0.4968309363531522,-0.2729878297902754
5.3,0.9298168599117282,0.1859633719823459,0.9298168599117282,1.255252760880833,-0.4893467816713864,-0.2713476210233993
5.31,0.9301677756121696,0.1860335551224341,0.9301677756121696,1.255726497076429,-0.4819000477630295,-0.2696647414275391
5.32,0.9305169367341087,0.186103387346822,0.9305169367341087,1.256197864591047,-0.4744905475242143,-0.2679394513206508
5.33,0.9308643520504382,0.1861728704100879,0.9308643520504382,1.256666875268092,-0.4671180947865933,-0.2661720170377997
5.34,0.931210030290186,0.1862420060580374,0.931210030290186,1.257133540891752,-0.4597825043126603,-0.2643627108932584
5.350000000000001,0.931553980138735,0.1863107960277472,0.931553980138735,1.257597873187293,-0.452483591791097,-0.2625118111417409
5.36,0.9318962102380414,0.1863792420476085,0.9318962102380414,1.258059883821357,-0.4452211738321415,-0.2606196019387804
5.37,0.9322367291868512,0.1864473458373705,0.9322367291868512,1.25851958440225,-0.4379950679629808,-0.2586863733002536
5.38,0.9325755455409169,0.1865151091081836,0.9325755455409169,1.258976986480239,-0.4308050926231659,-0.2567124210610601
5.39,0.9329126678132124,0.1865825335626427,0.9329126678132124,1.259432101547838,-0.4236510671600501,-0.2546980468329609
5.4,0.9332481044741463,0.1866496208948295,0.9332481044741463,1.259884941040098,-0.4165328118242498,-0.2526435579615834
5.41,0.9335818639517756,0.1867163727903554,0.9335818639517756,1.260335516334898,-0.4094501477651286,-0.2505492674825982
5.42,0.9339139546320167,0.1867827909264036,0.9339139546320167,1.260783838753223,-0.402402897026303,-0.2484154940770744
5.43,0.9342443848588565,0.1868488769717715,0.9342443848588565,1.261229919559457,-0.3953908825411715,-0.2462425620260203
5.44,0.9345731629345623,0.1869146325869127,0.9345731629345623,1.26167376996166,-0.3884139281284656,-0.2440308011641144
5.45,0.9349002971198894,0.1869800594239781,0.9349002971198894,1.262115401111852,-0.3814718584878233,-0.2417805468326362
5.46,0.93522579563429,0.1870451591268582,0.93522579563429,1.262554824106292,-0.3745644991953842,-0.2394921398316004
5.47,0.9355496666561185,0.1871099333312239,0.9355496666561185,1.262992049985761,-0.3676916766994073,-0.2371659263711039
5.48,0.9358719183228379,0.1871743836645678,0.9358719183228379,1.263427089735832,-0.3608532183159102,-0.2348022580218911
5.49,0.9361925587312238,0.187238511746245,0.9361925587312238,1.263859954287153,-0.3540489522243307,-0.2324014916651456
5.5,0.9365115959375676,0.1873023191875137,0.9365115959375676,1.264290654515717,-0.347278707463209,-0.2299639894415149
5.51,0.9368290379578798,0.1873658075915761,0.9368290379578798,1.264719201243138,-0.340542313925893,-0.2274901186993754
5.52,0.9371448927680903,0.1874289785536183,0.9371448927680903,1.265145605236923,-0.3338396023562635,-0.2249802519423464
5.53,0.9374591683042499,0.1874918336608502,0.9374591683042499,1.265569877210738,-0.3271704043444822,-0.2224347667760582
5.54,0.9377718724627286,0.1875543744925459,0.9377718724627286,1.265992027824684,-0.3205345523227598,-0.219854045854185
5.55,0.938083013100415,0.1876166026200832,0.938083013100415,1.266412067685561,-0.313931879561146,-0.2172384768237477
5.56,0.9383925980349129,0.1876785196069828,0.9383925980349129,1.266830007347133,-0.3073622201633402,-0.2145884522696963
5.57,0.9387006350447383,0.1877401270089479,0.9387006350447383,1.267245857310398,-0.3008254090625235,-0.2119043696587791
5.58,0.9390071318695147,0.1878014263739031,0.9390071318695147,1.267659628023845,-0.2943212820172109,-0.2091866312827068
5.59,0.9393120962101671,0.1878624192420336,0.9393120962101671,1.268071329883726,-0.2878496756071249,-0.2064356442006197
5.600000000000001,0.9396155357291163,0.1879231071458234,0.9396155357291163,1.268480973234308,-0.2814104272290893,-0.2036518201808668
5.61,0.9399174580504707,0.1879834916100943,0.9399174580504707,1.268888568368136,-0.2750033750929438,-0.2008355756421047
5.62,0.9402178707602183,0.1880435741520439,0.9402178707602183,1.269294125526296,-0.2686283582174791,-0.1979873315937246
5.63,0.9405167814064173,0.1881033562812837,0.9405167814064173,1.269697654898664,-0.2622852164263917,-0.1951075135756166
5.64,0.9408141974993852,0.1881628394998772,0.9408141974993852,1.270099166624171,-0.2559737903442597,-0.1921965515972794
5.65,0.9411101265118883,0.1882220253023779,0.9411101265118883,1.27049867079105,-0.2496939213925384,-0.1892548800762849
5.66,0.9414045758793289,0.188280915175866,0.9414045758793289,1.270896177437095,-0.2434454517855757,-0.1862829377761056
5.67,0.9416975529999323,0.1883395105999867,0.9416975529999323,1.271291696549909,-0.2372282245266479,-0.1832811677433148
5.68,0.9419890652349326,0.1883978130469867,0.9419890652349326,1.271685238067159,-0.2310420834040146,-0.1802500172441674
5.69,0.942279119908758,0.1884558239817518,0.942279119908758,1.272076811876824,-0.2248868729869945,-0.177189937700572
5.7,0.9425677243092142,0.188513544861843,0.9425677243092142,1.27246642781744,-0.2187624386220595,-0.1741013846254624
5.71,0.9428548856876682,0.1885709771375338,0.9428548856876682,1.272854095678352,-0.2126686264289492,-0.1709848175575776
5.72,0.9431406112592299,0.1886281222518461,0.9431406112592299,1.273239825199961,-0.2066052832968045,-0.1678406999956613
5.73,0.9434249082029337,0.1886849816405869,0.9434249082029337,1.273623626073961,-0.2005722568803205,-0.1646694993320881
5.74,0.943707783661919,0.188741556732384,0.943707783661919,1.274005507943591,-0.1945693955959189,-0.1614716867859282
5.75,0.9439892447436093,0.188797848948722,0.9439892447436093,1.274385480403873,-0.1885965486179393,-0.1582477373354587
5.76,0.9442692985198913,0.1888538597039784,0.9442692985198913,1.274763553001854,-0.1826535658748496,-0.1549981296501315
5.77,0.9445479520272918,0.1889095904054585,0.9445479520272918,1.275139735236845,-0.1767402980454754,-0.1517233460220088
5.78,0.9448252122671553,0.1889650424534312,0.9448252122671553,1.27551403656066,-0.170856596555248,-0.1484238722966741
5.79,0.9451010862058196,0.1890202172411641,0.9451010862058196,1.275886466377857,-0.1650023135724717,-0.14510019780363
5.8,0.9453755807747904,0.1890751161549583,0.9453755807747904,1.276257034045968,-0.1591773020046094,-0.1417528152861932
5.81,0.9456487028709165,0.1891297405741835,0.9456487028709165,1.276625748875738,-0.1533814154945863,-0.1383822208308952
5.82,0.9459204593565619,0.1891840918713125,0.9459204593565619,1.276992620131359,-0.1476145084171134,-0.1349889137964002
5.83,0.9461908570597791,0.189238171411956,0.9461908570597791,1.277357657030703,-0.1418764358750279,-0.1315733967419502
5.84,0.9464599027744802,0.1892919805548962,0.9464599027744802,1.277720868745549,-0.1361670536956527,-0.1281361753553471
5.850000000000001,0.9467276032606078,0.1893455206521217,0.9467276032606078,1.278082264401821,-0.1304862184271744,-0.1246777583804831
5.86,0.9469939652443048,0.1893987930488611,0.9469939652443048,1.278441853079812,-0.1248337873350386,-0.1211986575444285
5.87,0.9472589954180832,0.1894517990836168,0.9472589954180832,1.278799643814413,-0.1192096183983634,-0.117699387484089
5.88,0.9475227004409928,0.1895045400881987,0.9475227004409928,1.279155645595341,-0.1136135703063716,-0.1141804656724418
5.89,0.9477850869387879,0.1895570173877577,0.9477850869387879,1.279509867367364,-0.1080455024548397,-0.1106424123443615
5.9,0.948046161504094,0.1896092323008189,0.948046161504094,1.279862318030527,-0.1025052749425655,-0.107085750422047
5.91,0.9483059306965735,0.1896611861393148,0.9483059306965735,1.280213006440375,-0.09699274856785267,-0.1035110054400595
5.92,0.9485644010430907,0.1897128802086183,0.9485644010430907,1.280561941408173,-0.09150778482501341,-0.09991870546998254
5.93,0.9488215790378752,0.1897643158075752,0.9488215790378752,1.280909131701132,-0.08605024590088835,-0.0963093810447152
5.94,0.9490774711426858,0.1898154942285373,0.9490774711426858,1.281254586042626,-0.08061999467138391,-0.09268356508240916
5.95,0.9493320837869724,0.1898664167573946,0.9493320837869724,1.281598313112413,-0.07521689469802699,-0.08904179281006054
5.96,0.9495854233680375,0.1899170846736076,0.9495854233680375,1.281940321546851,-0.06984081022453685,-0.08538460168676776
5.97,0.9498374962511973,0.1899674992502396,0.9498374962511973,1.282280619939117,-0.06449160617341416,-0.08171253132666619
5.98,0.9500883087699413,0.1900176617539884,0.9500883087699413,1.282619216839421,-0.05916914814254709,-0.07802612342155091
5.99,0.9503378672260916,0.1900675734452184,0.9503378672260916,1.282956120755224,-0.05387330240183436,-0.07432592166319871
6,0.9505861778899611,0.1901172355779923,0.9505861778899611,1.283291340151448,-0.04860393588982519,-0.07061247166540031
6.01,0.9508332470005113,0.1901666494001024,0.9508332470005113,1.283624883450691,-0.04336091621037606,-0.06688632088571442
6.02,0.9510790807655087,0.1902158161531019,0.9510790807655087,1.283956759033437,-0.03814411162932418,-0.06314801854695445
6.03,0.9513236853616812,0.1902647370723364,0.9513236853616812,1.28428697523827,-0.03295339107117756,-0.05939811555841967
6.04,0.9515670669348728,0.1903134133869747,0.9515670669348728,1.284615540362079,-0.02778862411582167,-0.05563716443688175
6.05,0.9518092316001985,0.1903618463200398,0.9518092316001985,1.284942462660269,-0.02264968099524256,-0.0518657192273383
6.06,0.9520501854421974,0.1904100370884396,0.9520501854421974,1.285267750346967,-0.01753643259026635,-0.04808433542354481
6.07,0.9522899345149864,0.1904579869029974,0.9522899345149864,1.285591411595232,-0.01244875042731502,-0.04429356988833635
6.08,0.9525284848424115,0.1905056969684824,0.9525284848424115,1.285913454537256,-0.007386506675178443,-0.04049398077375059
6.09,0.9527658424181994,0.19055316848364,0.9527658424181994,1.28623388726457,-0.002349574141802551,-0.03668612744096364
6.100000000000001,0.9530020132061084,0.1906004026412218,0.9530020132061084,1.286552717828247,0.002662173728906462,-0.03287057038005019
6.11,0.9532370031400779,0.1906474006280157,0.9532370031400779,1.286869954239106,0.00764886286026193,-0.0290478711295796
6.12,0.9534708181243775,0.1906941636248756,0.9534708181243775,1.28718560446791,0.01261061854596062,-0.02521859219605948
6.13,0.9537034640337556,0.1907406928067512,0.9537034640337556,1.287499676445571,0.01754756545323082,-0.02138329697323827
6.140000000000001,0.9539349467135868,0.1907869893427175,0.9539349467135868,1.287812178063343,0.02245982762596466,-0.01754254966127874
6.15,0.9541652719800189,0.1908330543960039,0.9541652719800189,1.288123117173026,0.02734752848783484,-0.01369691518581363
6.16,0.9543944456201188,0.1908788891240239,0.9543944456201188,1.288432501587161,0.03221079084539567,-0.009846959116895532
6.17,0.9546224733920182,0.1909244946784037,0.9546224733920182,1.288740339079225,0.03704973689116869,-0.005993247587852352
6.18,0.9548493610250581,0.1909698722050117,0.9548493610250581,1.289046637383829,0.04186448820671285,-0.002136347214060224
6.19,0.9550751142199329,0.1910150228439867,0.9550751142199329,1.28935140419691,0.04665516576567928,0.001723174988354451
6.2,0.9552997386488332,0.1910599477297668,0.9552997386488332,1.289654647175925,0.05142188993685089,0.005584751683872174
6.21,0.9555232399555891,0.1911046479911179,0.9555232399555891,1.289956373940046,0.05616478048716663,0.009447815298984943
6.22,0.9557456237558112,0.1911491247511623,0.9557456237558112,1.290256592070345,0.06088395658473079,0.01331179810363659
6.23,0.9559668956370321,0.1911933791274065,0.9559668956370321,1.290555309109994,0.06557953680180714,0.01717613229268709
6.24,0.9561870611588469,0.1912374122317695,0.9561870611588469,1.290852532564444,0.07025163911779811,0.02104025006738915
6.25,0.9564061258530526,0.1912812251706106,0.9564061258530526,1.291148269901621,0.07490038092220912,0.02490358371686525
6.26,0.9566240952237873,0.1913248190447576,0.9566240952237873,1.291442528552113,0.07952587901759807,0.02876556569957357
6.27,0.9568409747476684,0.1913681949495338,0.9568409747476684,1.291735315909353,0.08412824962251007,0.03262562872475078
6.28,0.9570567698739301,0.1914113539747861,0.9570567698739301,1.292026639329806,0.08870760837439752,0.0364832058338203
6.29,0.9572714860245605,0.1914542972049122,0.9572714860245605,1.292316506133157,0.09326407033252554,0.04033773048175403
6.3,0.9574851285944377,0.1914970257188877,0.9574851285944377,1.292604923602491,0.09779774998086291,0.04418863661837595
6.31,0.9576977029514655,0.1915395405902932,0.9576977029514655,1.292891898984479,0.1023087612309586,0.04803535876959585
6.32,0.9579092144367082,0.1915818428873418,0.9579092144367082,1.293177439489557,0.1067972174248038,0.05187733211856147
6.33,0.9581196683645247,0.1916239336729051,0.9581196683645247,1.293461552292109,0.1112632313376798,0.05571399258671746
6.34,0.9583290700227021,0.1916658140045405,0.9583290700227021,1.293744244530648,0.1157069151809914,0.05954477691475926
6.350000000000001,0.9585374246725885,0.1917074849345178,0.9585374246725885,1.294025523307995,0.1201283806050864,0.06336912274347047
6.36,0.9587447375492256,0.1917489475098453,0.9587447375492256,1.294305395691455,0.124527738702061,0.06718646869443193
6.37,0.9589510138614795,0.191790202772296,0.9589510138614795,1.294583868712998,0.1289051000085507,0.07099625445059092
6.38,0.9591562587921721,0.1918312517584345,0.9591562587921721,1.294860949369433,0.133260574508508,0.07479792083667888
6.390000000000001,0.9593604774982113,0.1918720954996424,0.9593604774982113,1.295136644622586,0.1375942716359654,0.07859090989946602
6.4,0.9595636751107203,0.1919127350221442,0.9595636751107203,1.295410961399473,0.1419063002777856,0.08237466498784128
6.41,0.9597658567351667,0.1919531713470335,0.9597658567351667,1.295683906592475,0.1461967687763966,0.08614863083270621
6.42,0.9599670274514909,0.1919934054902983,0.9599670274514909,1.295955487059513,0.1504657849325147,0.089912253626671
6.43,0.9601671923142334,0.1920334384628468,0.9601671923142334,1.296225709624215,0.1547134560078521,0.09366498110354145
6.44,0.9603663563526622,0.1920732712705326,0.9603663563526622,1.296494581076094,0.1589398887278128,0.09740626261758525
6.45,0.9605645245708989,0.1921129049141799,0.9605645245708989,1.296762108170714,0.1631451892841738,0.1011355492225663
6.46,0.9607617019480444,0.192152340389609,0.9607617019480444,1.29702829762986,0.1673294633377529,0.1048522937505355
6.47,0.9609578934383042,0.192191578687661,0.9609578934383042,1.297293156141711,0.1714928160210641,0.1085559508903667
6.48,0.9611531039711126,0.1922306207942227,0.9611531039711126,1.297556690361002,0.1756353519409588,0.1122459772660268
6.49,0.9613473384512571,0.1922694676902515,0.9613473384512571,1.297818906909197,0.179757175181254,0.1159218315145682
6.5,0.9615406017590008,0.1923081203518003,0.9615406017590008,1.298079812374651,0.1838583893053477,0.1195829743638326
6.51,0.9617328987502058,0.1923465797500413,0.9617328987502058,1.298339413312778,0.187939097358821,0.1232288687098555
6.52,0.9619242342564548,0.1923848468512911,0.9619242342564548,1.298597716246214,0.1919994018720269,0.126858979693959
6.53,0.9621146130851725,0.1924229226170346,0.9621146130851725,1.298854727664983,0.1960394048626668,0.130472774779523
6.54,0.9623040400197467,0.1924608080039494,0.9623040400197467,1.299110454026658,0.2000592078383534,0.1340697238284231
6.55,0.9624925198196479,0.1924985039639297,0.9624925198196479,1.299364901756525,0.2040589117991617,0.1376492991771245
6.56,0.9626800572205496,0.1925360114441101,0.9626800572205496,1.299618077247743,0.2080386172401659,0.1412109757124208
6.57,0.9628666569344468,0.1925733313868895,0.9628666569344468,1.299869986861504,0.211998424153965,0.1447542309468062
6.58,0.9630523236497746,0.192610464729955,0.9630523236497746,1.300120636927196,0.2159384320331952,0.1482785450934719
6.59,0.9632370620315257,0.1926474124063053,0.9632370620315257,1.30037003374256,0.2198587398730292,0.1517834011409137
6.600000000000001,0.9634208767213681,0.1926841753442738,0.9634208767213681,1.300618183573848,0.2237594461736641,0.1552682849271419
6.61,0.9636037723377613,0.1927207544675524,0.9636037723377613,1.300865092655978,0.2276406489427958,0.1587326852134817
6.62,0.9637857534760725,0.1927571506952146,0.9637857534760725,1.301110767192698,0.2315024456980818,0.1621760937579543
6.63,0.9639668247086922,0.1927933649417385,0.9639668247086922,1.301355213356735,0.2353449334695914,0.1655980053882267
6.640000000000001,0.9641469905851487,0.1928293981170298,0.9641469905851487,1.301598437289951,0.2391682088022434,0.1689979180741221
6.65,0.964326255632223,0.1928652511264447,0.964326255632223,1.301840445103501,0.2429723677582322,0.1723753329996773
6.66,0.9645046243540618,0.1929009248708125,0.9645046243540618,1.302081242877984,0.246757505919441,0.1757297546347402
6.67,0.9646821012322915,0.1929364202464584,0.9646821012322915,1.302320836663594,0.2505237183898438,0.1790606908060935
6.68,0.9648586907261301,0.1929717381452261,0.9648586907261301,1.302559232480276,0.2542710997978946,0.1823676527680982
6.69,0.9650343972724994,0.1930068794545,0.9650343972724994,1.302796436317875,0.2579997442989051,0.1856501552728423
6.7,0.965209225286137,0.1930418450572275,0.965209225286137,1.303032454136285,0.2617097455774106,0.1889077166397894
6.71,0.9653831791597063,0.1930766358319413,0.9653831791597063,1.303267291865604,0.2654011968495235,0.1921398588249129
6.72,0.9655562632639078,0.1931112526527816,0.9655562632639078,1.303500955406276,0.2690741908652759,0.1953461074893084
6.73,0.9657284819475882,0.1931456963895177,0.9657284819475882,1.303733450629245,0.2727288199109495,0.1985259920672742
6.74,0.9658998395378503,0.1931799679075701,0.9658998395378503,1.303964783376098,0.2763651758113947,0.2016790458338482
6.75,0.966070340340161,0.1932140680680323,0.966070340340161,1.304194959459218,0.2799833499323378,0.2048048059717945
6.76,0.9662399886384603,0.1932479977276921,0.9662399886384603,1.304423984661922,0.2835834331826761,0.2079028136380271
6.77,0.966408788695268,0.1932817577390537,0.966408788695268,1.304651864738612,0.2871655160167627,0.2109726140294633
6.78,0.9665767447517917,0.1933153489503584,0.9665767447517917,1.304878605414919,0.2907296884366789,0.2140137564482956
6.79,0.9667438610280327,0.1933487722056066,0.9667438610280327,1.305104212387845,0.2942760399944955,0.2170257943666745
6.8,0.9669101417228925,0.1933820283445786,0.9669101417228925,1.305328691325905,0.297804659794523,0.2200082854907913
6.81,0.967075591014278,0.1934151182028557,0.967075591014278,1.305552047869276,0.3013156364955504,0.2229607918243523
6.82,0.9672402130592066,0.1934480426118414,0.9672402130592066,1.30577428762993,0.3048090583130727,0.2258828797314354
6.83,0.9674040119939106,0.1934808023987822,0.9674040119939106,1.30599541619178,0.3082850130215073,0.2287741199987201
6.84,0.967566991933941,0.1935133983867883,0.967566991933941,1.306215439110821,0.3117435879563998,0.231634087897081
6.850000000000001,0.9677291569742713,0.1935458313948543,0.9677291569742713,1.306434361915267,0.3151848700166178,0.2344623632425375
6.86,0.9678905111893999,0.1935781022378801,0.9678905111893999,1.30665219010569,0.3186089456665347,0.2372585304565498
6.87,0.968051058633453,0.1936102117266907,0.968051058633453,1.306868929155162,0.3220159009382021,0.2400221786256523
6.88,0.9682108033402858,0.1936421606680572,0.9682108033402858,1.307084584509386,0.3254058214335111,0.2427529015604166
6.890000000000001,0.9683697493235843,0.1936739498647169,0.9683697493235843,1.307299161586839,0.3287787923263435,0.2454502978537356
6.9,0.9685279005769664,0.1937055801153933,0.9685279005769664,1.307512665778905,0.3321348983647118,0.2481139709384198
6.91,0.9686852610740815,0.1937370522148164,0.9686852610740815,1.307725102450011,0.3354742238728883,0.250743529144097
6.92,0.9688418347687111,0.1937683669537423,0.9688418347687111,1.307936476937761,0.3387968527535238,0.2533385857534093
6.93,0.9689976255948676,0.1937995251189736,0.9689976255948676,1.308146794553072,0.3421028684897562,0.2558987590574963
6.94,0.9691526374668933,0.1938305274933787,0.9691526374668933,1.308356060580306,0.3453923541473075,0.2584236724107594
6.95,0.9693068742795589,0.1938613748559118,0.9693068742795589,1.308564280277405,0.3486653923765709,0.2609129542848973
6.96,0.9694603399081611,0.1938920679816322,0.9694603399081611,1.308771458876018,0.3519220654146881,0.263366238322206
6.97,0.9696130382086202,0.1939226076417241,0.9696130382086202,1.308977601581638,0.3551624550876146,0.2657831633881345
6.98,0.9697649730175771,0.1939529946035155,0.9697649730175771,1.30918271357373,0.3583866428121765,0.2681633736230907
6.99,0.9699161481524893,0.1939832296304979,0.9699161481524893,1.309386800005861,0.3615947095981156,0.2705065184934872
7,0.9700665674117268,0.1940133134823454,0.9700665674117268,1.309589866005832,0.3647867360501251,0.2728122528420223
7.01,0.9702162345746682,0.1940432469149337,0.9702162345746682,1.309791916675803,0.3679628023698744,0.2750802369371874
7.02,0.9703651534017949,0.1940730306803591,0.9703651534017949,1.309992957092424,0.3711229883580251,0.2773101365219937
7.03,0.9705133276347859,0.1941026655269573,0.9705133276347859,1.310192992306962,0.3742673734162349,0.279501622861912
7.04,0.970660760996612,0.1941321521993225,0.970660760996612,1.310392027345427,0.3773960365491538,0.2816543727920184
7.05,0.970807457191629,0.1941614914383259,0.970807457191629,1.3105900672087,0.380509056366408,0.2837680687633383
7.06,0.9709534199056709,0.1941906839811342,0.9709534199056709,1.310787116872656,0.3836065110845759,0.2858423988883834
7.07,0.9710986528061425,0.1942197305612286,0.9710986528061425,1.310983181288293,0.3866884785291531,0.2878770569858737
7.08,0.9712431595421118,0.1942486319084224,0.9712431595421118,1.311178265381852,0.3897550361365073,0.2898717426246393
7.09,0.9713869437444013,0.1942773887488803,0.9713869437444013,1.311372374054942,0.3928062609558248,0.2918261611666947
7.100000000000001,0.9715300090256792,0.1943060018051359,0.9715300090256792,1.311565512184668,0.3958422296510457,0.2937400238094806
7.11,0.9716723589805508,0.1943344717961102,0.9716723589805508,1.311757684623744,0.3988630185027904,0.2956130476272651
7.12,0.9718139971856481,0.1943627994371297,0.9718139971856481,1.311948896200626,0.4018687034102765,0.2974449556117009
7.13,0.9719549271997199,0.194390985439944,0.9719549271997199,1.312139151719622,0.4048593598932251,0.2992354767115302
7.140000000000001,0.9720951525637213,0.1944190305127443,0.9720951525637213,1.312328455961024,0.4078350630937589,0.3009843458714336
7.15,0.9722346768009027,0.1944469353601806,0.9722346768009027,1.312516813681219,0.4107958877782901,0.3026913040700159
7.16,0.9723735034168982,0.1944747006833797,0.9723735034168982,1.312704229612813,0.4137419083393987,0.3043560983569241
7.17,0.9725116358998137,0.1945023271799628,0.9725116358998137,1.312890708464749,0.4166731987977016,0.3059784818890923
7.18,0.9726490777203146,0.194529815544063,0.9726490777203146,1.313076254922425,0.4195898328037131,0.307558213966108
7.19,0.972785832331713,0.1945571664663427,0.972785832331713,1.313260873647813,0.4224918836396946,0.3090950600646942
7.2,0.9729219031700544,0.194584380634011,0.9729219031700544,1.313444569279574,0.4253794242214961,0.3105887918723037
7.21,0.9730572936542041,0.1946114587308409,0.9730572936542041,1.313627346433176,0.4282525271003886,0.3120391873198197
7.22,0.9731920071859331,0.1946384014371867,0.9731920071859331,1.31380920970101,0.4311112644648867,0.3134460306133577
7.23,0.9733260471500035,0.1946652094300008,0.9733260471500035,1.313990163652505,0.4339557081425622,0.3148091122651655
7.24,0.9734594169142534,0.1946918833828508,0.9734594169142534,1.314170212834243,0.4367859296018494,0.3161282291236154
7.25,0.9735921198296822,0.1947184239659365,0.9735921198296822,1.314349361770071,0.4396019999538402,0.3174031844022852
7.26,0.9737241592305338,0.1947448318461068,0.9737241592305338,1.314527614961221,0.442403989954071,0.3186337877081231
7.27,0.9738555384343811,0.1947711076868763,0.9738555384343811,1.314704976886415,0.4451919700043006,0.3198198550686931
7.28,0.9739862607422092,0.1947972521484419,0.9739862607422092,1.314881452001983,0.4479660101542791,0.3209612089584973
7.29,0.9741163294384981,0.1948232658876997,0.9741163294384981,1.315057044741973,0.4507261801035077,0.3220576783243689
7.3,0.9742457477913057,0.1948491495582612,0.9742457477913057,1.315231759518263,0.4534725492029902,0.3231090986099364
7.31,0.9743745190523492,0.1948749038104699,0.9743745190523492,1.315405600720671,0.4562051864569752,0.3241153117791511
7.32,0.9745026464570874,0.1949005292914175,0.9745026464570874,1.315578572717068,0.4589241605246903,0.3250761663388779
7.33,0.974630133224802,0.1949260266449604,0.974630133224802,1.315750679853483,0.4616295397220669,0.3259915173605438
7.34,0.9747569825586779,0.1949513965117356,0.9747569825586779,1.315921926454215,0.4643213920234566,0.3268612265008426
7.350000000000001,0.9748831976458845,0.194976639529177,0.9748831976458845,1.316092316821944,0.4669997850633393,0.3276851620214918
7.36,0.975008781657655,0.1950017563315311,0.975008781657655,1.316261855237834,0.4696647861380226,0.3284631988080394
7.37,0.9751337377493667,0.1950267475498734,0.9751337377493667,1.316430545961645,0.4723164622073325,0.3291952183877176
7.38,0.9752580690606198,0.195051613812124,0.9752580690606198,1.316598393231837,0.4749548798962958,0.329881108946341
7.390000000000001,0.9753817787153167,0.1950763557430634,0.9753817787153167,1.316765401265678,0.4775801054968143,0.3305207653442467
7.4,0.9755048698217401,0.1951009739643481,0.9755048698217401,1.316931574259349,0.4801922049693303,0.331114089131274
7.41,0.9756273454726314,0.1951254690945264,0.9756273454726314,1.317096916388053,0.4827912439444836,0.3316609885607817
7.42,0.9757492087452683,0.1951498417490538,0.9757492087452683,1.317261431806113,0.4853772877247612,0.3321613786027015
7.43,0.9758704627015419,0.1951740925403085,0.9758704627015419,1.317425124647082,0.4879504012861374,0.3326151809556235
7.44,0.9759911103880342,0.195198222077607,0.9759911103880342,1.317587999023847,0.4905106492797067,0.3330223240579154
7.45,0.976111154836094,0.1952222309672189,0.976111154836094,1.317750059028727,0.4930580960333082,0.3333827430978707
7.46,0.9762305990619136,0.1952461198123828,0.9762305990619136,1.317911308733584,0.4955928055531417,0.333696380022886
7.47,0.976349446066604,0.1952698892133209,0.976349446066604,1.318071752189916,0.4981148415253759,0.3339631835476663
7.48,0.9764676988362709,0.1952935397672543,0.9764676988362709,1.318231393428966,0.500624267317749,0.3341831091614556
7.49,0.9765853603420895,0.195317072068418,0.9765853603420895,1.318390236461821,0.5031211459811603,0.3343561191342938
7.5,0.9767024335403791,0.1953404867080759,0.9767024335403791,1.318548285279512,0.5056055402512545,0.3344821825222973
7.51,0.9768189213726772,0.1953637842745355,0.9768189213726772,1.318705543853115,0.5080775125499982,0.3345612751719633
7.52,0.9769348267658139,0.1953869653531629,0.9769348267658139,1.318862016133849,0.5105371249872482,0.3345933797234971
7.53,0.9770501526319848,0.195410030526397,0.9770501526319848,1.31901770605318,0.512984439362312,0.3345784856131618
7.54,0.9771649018688249,0.1954329803737651,0.9771649018688249,1.319172617522914,0.5154195171655004,0.3345165890746504
7.55,0.9772790773594807,0.1954558154718962,0.9772790773594807,1.319326754435299,0.5178424195796729,0.3344076931394795
7.56,0.9773926819726834,0.1954785363945367,0.9773926819726834,1.319480120663123,0.5202532074817745,0.3342518076364051
7.57,0.97750571856282,0.1955011437125641,0.97750571856282,1.319632720059807,0.5226519414443657,0.3340489491898597
7.58,0.9776181899700059,0.1955236379940012,0.9776181899700059,1.319784556459508,0.5250386817371439,0.3337991412174131
7.59,0.977730099020156,0.1955460198040312,0.977730099020156,1.319935633677211,0.5274134883284581,0.3335024139262538
7.600000000000001,0.9778414485250552,0.1955682897050111,0.9778414485250552,1.320085955508825,0.5297764208868159,0.3331588043086949
7.61,0.9779522412824299,0.195590448256486,0.9779522412824299,1.320235525731281,0.5321275387823818,0.3327683561367031
7.62,0.9780624800760177,0.1956124960152036,0.9780624800760177,1.320384348102624,0.5344669010884699,0.3323311199554518
7.63,0.9781721676756376,0.1956344335351276,0.9781721676756376,1.320532426362111,0.5367945665830276,0.3318471530759007
7.640000000000001,0.9782813068372594,0.1956562613674519,0.9782813068372594,1.320679764230301,0.5391105937501125,0.3313165195664007
7.65,0.9783899003030732,0.1956779800606147,0.9783899003030732,1.320826365409149,0.5414150407813619,0.3307392902433267
7.66,0.9784979508015578,0.1956995901603116,0.9784979508015578,1.320972233582103,0.5437079655774552,0.3301155426607403
7.67,0.97860546104755,0.19572109220951,0.97860546104755,1.321117372414193,0.5459894257495679,0.3294453610990816
7.68,0.9787124337423122,0.1957424867484625,0.9787124337423122,1.321261785552122,0.54825947862082,0.3287288365528943
7.69,0.9788188715736006,0.1957637743147202,0.9788188715736006,1.321405476624361,0.5505181812277159,0.3279660667175839
7.7,0.9789247772157326,0.1957849554431466,0.9789247772157326,1.321548449241239,0.5527655903215773,0.3271571559752122
7.71,0.9790301533296539,0.1958060306659308,0.9790301533296539,1.321690706995033,0.5550017623699695,0.3263022153793291
7.72,0.9791350025630057,0.1958270005126012,0.9791350025630057,1.321832253460058,0.5572267535581196,0.325401362638845
7.73,0.9792393275501906,0.1958478655100382,0.9792393275501906,1.321973092192758,0.559440619790329,0.3244547221009451
7.74,0.9793431309124396,0.195868626182488,0.9793431309124396,1.322113226731794,0.5616434166913774,0.3234624247330484
7.75,0.9794464152578775,0.1958892830515755,0.9794464152578775,1.322252660598135,0.5638351996079205,0.3224246081038146
7.76,0.9795491831815881,0.1959098366363177,0.9795491831815881,1.322391397295144,0.5660160236098809,0.3213414163632005
7.77,0.9796514372656802,0.1959302874531361,0.9796514372656802,1.322529440308668,0.5681859434918315,0.3202130002215699
7.78,0.9797531800793517,0.1959506360158704,0.9797531800793517,1.322666793107125,0.5703450137743723,0.3190395169278589
7.79,0.979854414178955,0.1959708828357911,0.979854414178955,1.32280345914159,0.5724932887055004,0.3178211302468009
7.8,0.9799551421080602,0.1959910284216121,0.9799551421080602,1.322939441845882,0.5746308222619729,0.3165580104352137
7.81,0.9800553663975199,0.1960110732795041,0.9800553663975199,1.323074744636652,0.5767576681506631,0.3152503342173523
7.82,0.9801550895655323,0.1960310179131065,0.9801550895655323,1.323209370913469,0.5788738798099098,0.3138982847593313
7.83,0.9802543141177047,0.196050862823541,0.9802543141177047,1.323343324058902,0.5809795104108603,0.3125020516426202
7.84,0.9803530425471162,0.1960706085094233,0.9803530425471162,1.323476607438607,0.583074612858806,0.3110618308366158
7.850000000000001,0.9804512773343806,0.1960902554668762,0.9804512773343806,1.323609224401414,0.585159239794512,0.3095778246702945
7.86,0.9805490209477088,0.1961098041895418,0.9805490209477088,1.323741178279407,0.5872334435955394,0.3080502418029511
7.87,0.9806462758429703,0.1961292551685941,0.9806462758429703,1.32387247238801,0.5792972763775617,0.3064792971940248
7.88,0.9807430444637554,0.1961486088927511,0.9807430444637554,1.32400311002607,0.5714007899956739,0.3048652120720201
7.890000000000001,0.9808393292414366,0.1961678658482874,0.9808393292414366,1.32413309447594,0.5635437860456955,0.3032082139025247
7.9,0.9809351325952294,0.1961870265190459,0.9809351325952294,1.32426242900356,0.5557260671154671,0.3015085363553307
7.91,0.9810304569322532,0.1962060913864507,0.9810304569322532,1.324391116858542,0.5479474367798898,0.299766419270662
7.92,0.981125304647592,0.1962250609295184,0.981125304647592,1.324519161274249,0.5402076995959904,0.2979821086245146
7.930000000000001,0.981219678124354,0.1962439356248709,0.981219678124354,1.324646565467878,0.5325066610980104,0.2961558564931138
7.94,0.9813135797337322,0.1962627159467465,0.9813135797337322,1.324773332640539,0.5248441277925203,0.2942879210164934
7.95,0.9814070118350636,0.1962814023670127,0.9814070118350636,1.324899465977336,0.5172199071535577,0.2923785663612024
7.96,0.9814999767758883,0.1962999953551777,0.9814999767758883,1.325024968647449,0.5096338076177899,0.2904280626821446
7.97,0.9815924768920089,0.1963184953784018,0.9815924768920089,1.325149843804212,0.5020856385797009,0.2884366860835567
7.98,0.9816845145075489,0.1963369029015098,0.9816845145075489,1.325274094585191,0.4945752103868024,0.2864047185791295
7.99,0.9817760919350111,0.1963552183870022,0.9817760919350111,1.325397724112265,0.4871023343348684,0.2843324480512798
8,0.9818672114753361,0.1963734422950672,0.9818672114753361,1.325520735491704,0.479666822663194,0.2822201682095769
8.01,0.9819578754179594,0.1963915750835919,0.9819578754179594,1.325643131814245,0.4722684885498781,0.2800681785483314
8.02,0.9820480860408696,0.1964096172081739,0.9820480860408696,1.325764916155174,0.4649071461071287,0.2778767843033507
8.029999999999999,0.9821378456106652,0.196427569122133,0.9821378456106652,1.325886091574398,0.457582610376593,0.2756462964078695
8.040000000000001,0.9822271563826118,0.1964454312765224,0.9822271563826118,1.326006661116526,0.4502946973247101,0.273377031447659
8.050000000000001,0.9823160206006988,0.1964632041201398,0.9823160206006988,1.326126627810943,0.4430432238380865,0.2710693116153239
8.06,0.9824044404976953,0.1964808880995391,0.9824044404976953,1.326245994671889,0.4358280077188961,0.2687234646637925
8.07,0.9824924182952068,0.1964984836590414,0.9824924182952068,1.326364764698529,0.4286488676803016,0.2663398238590057
8.08,0.9825799562037308,0.1965159912407462,0.9825799562037308,1.326482940875036,0.4215056233419001,0.2639187279318141
8.09,0.9826670564227122,0.1965334112845425,0.9826670564227122,1.326600526170661,0.4143980952251906,0.2614605210290875
8.1,0.9827537211405987,0.1965507442281197,0.9827537211405987,1.326717523539808,0.4073261047490646,0.2589655526640459
8.109999999999999,0.9828399525348956,0.1965679905069792,0.9828399525348956,1.326833935922109,0.4002894742253193,0.2564341776658181
8.120000000000001,0.9829257527722212,0.1965851505544443,0.9829257527722212,1.326949766242498,0.3932880268541927,0.2538667561282351
8.130000000000001,0.9830111240083601,0.196602224801672,0.9830111240083601,1.327065017411286,0.3863215867199217,0.2512636533578662
8.140000000000001,0.9830960683883183,0.1966192136776637,0.9830960683883183,1.327179692324229,0.3793899787863221,0.2486252398213052
8.15,0.9831805880463768,0.1966361176092754,0.9831805880463768,1.327293793862608,0.3724930288923905,0.2459518910917136
8.16,0.9832646851061448,0.196652937021229,0.9832646851061448,1.327407324893295,0.3656305637479286,0.2432439877946296
8.17,0.9833483616806141,0.1966696723361228,0.9833483616806141,1.327520288268828,0.3588024109291889,0.2405019155530496
8.18,0.9834316198722111,0.1966863239744422,0.9834316198722111,1.327632686827484,0.3520083988745429,0.2377260649317909
8.19,0.98351446177285,0.19670289235457,0.98351446177285,1.327744523393347,0.3452483568801702,0.2349168313811436
8.199999999999999,0.9835968894639857,0.1967193778927971,0.9835968894639857,1.32785580077638,0.3385221150957694,0.2320746151798187
8.210000000000001,0.9836789050166658,0.1967357810033331,0.9836789050166658,1.327966521772498,0.3318295045202906,0.2291998213772023
8.220000000000001,0.9837605104915824,0.1967521020983165,0.9837605104915824,1.328076689163636,0.3251703569976891,0.2262928597349231
8.23,0.9838417079391245,0.1967683415878249,0.9838417079391245,1.328186305717818,0.3185445052127007,0.2233541446677415
8.24,0.9839224993994289,0.1967844998798857,0.9839224993994289,1.328295374189228,0.3119517826866372,0.2203840951837698
8.25,0.9840028869024318,0.1968005773804863,0.9840028869024318,1.328403897318282,0.305392023773204,0.217383134824031
8.26,0.9840828724679196,0.1968165744935839,0.9840828724679196,1.328511877831691,0.298865063654338,0.2143516916013658
8.27,0.98416245810558,0.196832491621116,0.98416245810558,1.328619318442532,0.2923707383360663,0.2112901979386955
8.279999999999999,0.9842416458150521,0.1968483291630104,0.9842416458150521,1.32872622185032,0.285908884644386,0.2081990906066515
8.290000000000001,0.9843204375859769,0.1968640875171953,0.9843204375859769,1.328832590741068,0.2794793402211641,0.205078810660578
8.300000000000001,0.984398835398047,0.1968797670796093,0.984398835398047,1.328938427787363,0.2730819435200582,0.2019298033769192
8.31,0.9844768412210567,0.1968953682442113,0.9844768412210567,1.329043735648426,0.2667165338024579,0.1987525181889987
8.32,0.9845544570149515,0.1969108914029902,0.9845544570149515,1.329148516970184,0.2603829511334456,0.1955474086222007
8.33,0.9846316847298767,0.1969263369459753,0.9846316847298767,1.329252774385333,0.2540810363777784,0.1923149322285628
8.34,0.9847085263062273,0.1969417052612454,0.9847085263062273,1.329356510513406,0.2478106311958895,0.1890555505207897
8.35,0.9847849836746961,0.1969569967349392,0.9847849836746961,1.329459727960839,0.2415715780399101,0.1857697289056962
8.359999999999999,0.9848610587563227,0.1969722117512645,0.9848610587563227,1.329562429321035,0.2353637201497105,0.1824579366170904
8.370000000000001,0.9849367534625411,0.1969873506925082,0.9849367534625411,1.32966461717443,0.2291869015489619,0.1791206466481072
8.380000000000001,0.9850120696952284,0.1970024139390456,0.9850120696952284,1.329766294088558,0.2230409670412171,0.1757583356829992
8.390000000000001,0.9850870093467522,0.1970174018693504,0.9850870093467522,1.329867462618115,0.216925762206011,0.1723714840283978
8.4,0.9851615743000184,0.1970323148600037,0.9851615743000184,1.329968125305024,0.210841133394981,0.1689605755440534
8.41,0.9852357664285183,0.1970471532857037,0.9852357664285183,1.330068284678499,0.2047869277280061,0.165526097573063
8.42,0.9853095875963757,0.1970619175192751,0.9853095875963757,1.330167943255106,0.198762993089366,0.1620685408715984
8.43,0.9853830396583938,0.1970766079316787,0.9853830396583938,1.330267103538831,0.1927691781239192,0.1585883995381422
8.44,0.9854561244601018,0.1970912248920204,0.9854561244601018,1.330365768021136,0.1868053322332996,0.1550861709422436
8.449999999999999,0.9855288438378013,0.1971057687675603,0.9855288438378013,1.330463939181031,0.1808713055721331,0.1515623556528034
8.460000000000001,0.9856011996186123,0.1971202399237225,0.9856011996186123,1.330561619485126,0.1749669490442725,0.1480174573658986
8.470000000000001,0.9856731936205192,0.1971346387241039,0.9856731936205192,1.3306588113877,0.1690921142990511,0.1444519828321577
8.48,0.9857448276524166,0.1971489655304833,0.9857448276524166,1.330755517330761,0.1632466537275558,0.1408664417836963
8.49,0.9858161035141545,0.1971632207028309,0.9858161035141545,1.330851739744108,0.1574304204589181,0.1372613468606236
8.5,0.9858870229965837,0.1971774045993168,0.9858870229965837,1.330947481045387,0.1516432683566235,0.1336372135371309
8.51,0.9859575878816008,0.1971915175763202,0.9859575878816008,1.33104274364016,0.1458850520148404,0.1299945600471727
8.52,0.9860277999421928,0.1972055599884386,0.9860277999421928,1.331137529921959,0.1401556267547662,0.1263339073097502
8.529999999999999,0.9860976609424819,0.1972195321884964,0.9860976609424819,1.33123184227235,0.1344548486209923,0.1226557788538094
8.540000000000001,0.9861671726377694,0.1972334345275539,0.9861671726377694,1.331325683060988,0.1287825743778874,0.1189607007427628
8.550000000000001,0.9862363367745806,0.1972472673549161,0.9862363367745806,1.331419054645683,0.1231386615059979,0.115249201498648
8.56,0.9863051550907077,0.1972610310181415,0.9863051550907077,1.331511959372454,0.1175229681984679,0.1115218120259313
8.57,0.9863736293152542,0.1972747258630508,0.9863736293152542,1.331604399575592,0.1119353533574756,0.1077790655349694
8.58,0.9864417611686779,0.1972883522337356,0.9864417611686779,1.331696377577714,0.1063756765906882,0.1040214974651399
8.59,0.9865095523628344,0.1973019104725669,0.9865095523628344,1.331787895689826,0.1008437982077348,0.1002496454076501
8.6,0.9865770046010203,0.197315400920204,0.9865770046010203,1.331878956211377,0.09533957921669611,0.0964640490280373
8.609999999999999,0.9866441195780151,0.197328823915603,0.9866441195780151,1.33196956143032,0.08986288132061264,0.09266524998837089
8.620000000000001,0.9867108989801251,0.197342179796025,0.9867108989801251,1.332059713623168,0.08441356691400957,0.08885379186916666
8.630000000000001,0.9867773444852245,0.1973554688970449,0.9867773444852245,1.332149415055052,0.07899149907943953,0.08503022009102591
8.640000000000001,0.9868434577627984,0.1973686915525596,0.9868434577627984,1.332238667979777,0.07359654158404233,0.08119508183600985
8.65,0.9869092404739843,0.1973818480947969,0.9869092404739843,1.332327474639878,0.06822855887612211,0.07734892596876067
8.66,0.9869746942716144,0.1973949388543229,0.9869746942716144,1.332415837266679,0.0628874160817415,0.07349230295738089
8.67,0.9870398208002563,0.1974079641600513,0.9870398208002563,1.332503758080345,0.0575729790013328,0.0696257647940822
8.68,0.987104621696255,0.197420924339251,0.987104621696255,1.332591239289944,0.05228511410632614,0.06574986491561519
8.69,0.9871690985877737,0.1974338197175547,0.9871690985877737,1.332678283093494,0.04702368853579451,0.06186515812349159
8.700000000000001,0.9872332530948348,0.197446650618967,0.9872332530948348,1.332764891678027,0.04178857009311553,0.05797220050401035
8.710000000000001,0.9872970868293606,0.1974594173658721,0.9872970868293606,1.332851067219637,0.03657962724264996,0.05407154934809912
8.720000000000001,0.9873606013952138,0.1974721202790428,0.9873606013952138,1.332936811883538,0.03139672910643671,0.05016376307098274
8.73,0.9874237983882377,0.1974847596776476,0.9874237983882377,1.333022127824121,0.02623974546090453,0.04624940113169015
8.74,0.9874866793962965,0.1974973358792593,0.9874866793962965,1.333107017185,0.02110854673360001,0.04232902395241151
8.75,0.987549245999315,0.197509849199863,0.987549245999315,1.333191482099075,0.01600300399993201,0.03840319283771697
8.76,0.9876114997693185,0.1975222999538637,0.9876114997693185,1.333275524688579,0.01092298897993235,0.03447246989364879
8.77,0.9876734422704719,0.1975346884540944,0.9876734422704719,1.333359147065136,0.005868374035032685,0.03053741794669848
8.779999999999999,0.9877350750591196,0.197547015011824,0.9877350750591196,1.333442351329811,0.0008390321648575217,0.02659860046268061
8.790000000000001,0.987796399683824,0.1975592799367648,0.987796399683824,1.333525139573162,-0.004165162995966766,0.02265658146551488
8.800000000000001,0.9878574176854049,0.197571483537081,0.9878574176854049,1.333607513875296,-0.009144337180986933,0.01871192545592832
8.81,0.9879181305969779,0.1975836261193956,0.9879181305969779,1.333689476305919,-0.014098615495082,0.01476519733008919
8.82,0.987978539943993,0.1975957079887986,0.987978539943993,1.33377102892439,-0.01902812241760659,0.01081696229818429
8.83,0.988038647244273,0.1976077294488546,0.988038647244273,1.333852173779768,-0.02393298180551856,0.00686778580295153
8.84,0.9880984540080516,0.1976196908016103,0.9880984540080516,1.333932912910869,-0.02881331689649096,0.002918233438179317
8.85,0.9881579617380114,0.1976315923476023,0.9881579617380114,1.334013248346315,-0.03366925031200851,-0.001031129132815358
8.859999999999999,0.9882171719293213,0.1976434343858643,0.9882171719293213,1.334093182104583,-0.03850090406044847,-0.004979736258718489
8.870000000000001,0.9882760860696748,0.197655217213935,0.9882760860696748,1.33417271619406,-0.04330839954014622,-0.008927022381748497
8.880000000000001,0.9883347056393263,0.1976669411278653,0.9883347056393263,1.33425185261309,-0.04809185754244549,-0.01287242211917183
8.890000000000001,0.9883930321111297,0.197678606422226,0.9883930321111297,1.334330593350024,-0.05285139825473326,-0.01681537034479295
8.9,0.9884510669505741,0.1976902133901148,0.9884510669505741,1.334408940383274,-0.0575871412634596,-0.02075530227040708
8.91,0.9885088116158212,0.1977017623231642,0.9885088116158212,1.334486895681358,-0.0622992055571423,-0.02469165352720375
8.92,0.988566267557742,0.1977132535115484,0.988566267557742,1.334564461202951,-0.06698770952935659,-0.02862386024710974
8.93,0.9886234362199533,0.1977246872439907,0.9886234362199533,1.334641638896936,-0.07165277098170982,-0.03255135914405947
8.94,0.9886803190388536,0.1977360638077707,0.9886803190388536,1.334718430702452,-0.07629450712680126,-0.03647358759518116
8.950000000000001,0.9887369174436593,0.1977473834887319,0.9887369174436593,1.334794838548939,-0.08091303459116725,-0.04038998372188723
8.960000000000001,0.9887932328564411,0.1977586465712882,0.9887932328564411,1.334870864356195,-0.08550846941821141,-0.04429998647085708
8.970000000000001,0.9888492666921589,0.1977698533384318,0.9888492666921589,1.334946510034414,-0.09008092707112035,-0.04820303569490067
8.98,0.9889050203586981,0.1977810040717396,0.9889050203586981,1.335021777484241,-0.09463052243576475,-0.05209857223369131
8.99,0.9889604952569047,0.1977920990513809,0.9889604952569047,1.33509666859682,-0.09915736982358593,-0.0559860379943559
9,0.9890156927806202,0.197803138556124,0.9890156927806202,1.335171185253836,-0.103661582974468,-0.05986487603191116
9.01,0.9890706143167171,0.1978141228633434,0.9890706143167171,1.335245329327567,-0.1081432750595957,-0.06373453062953419
9.02,0.9891252612451334,0.1978250522490267,0.9891252612451334,1.335319102680929,-0.1126025586842977,-0.06759444737865582
9.029999999999999,0.9891796349389078,0.1978359269877815,0.9891796349389078,1.335392507167525,-0.1170395458908762,-0.07144407325886519
9.040000000000001,0.9892337367642132,0.1978467473528426,0.9892337367642132,1.335465544631687,-0.1214543481614218,-0.07528285671761413
9.050000000000001,0.9892875680803922,0.1978575136160784,0.9892875680803922,1.335538216908529,-0.1258470764206147,-0.0791102477497098
9.06,0.9893411302399903,0.197868226047998,0.9893411302399903,1.335610525823986,-0.1302178410385116,-0.08292569797658415
9.07,0.9893944245887903,0.197878884917758,0.9893944245887903,1.335682473194866,-0.1345667518333191,-0.08672866072532882
9.08,0.9894474524658464,0.1978894904931693,0.9894474524658464,1.335754060828892,-0.1388939180741525,-0.09051859110748406
9.09,0.9895002152035172,0.1979000430407034,0.9895002152035172,1.335825290524747,-0.1431994484837817,-0.09429494609757035
9.1,0.9895527141274996,0.1979105428254999,0.9895527141274996,1.335896164072123,-0.1474834512413628,-0.09805718461135145
9.109999999999999,0.989604950556862,0.1979209901113724,0.989604950556862,1.335966683251763,-0.151746033985156,-0.1018047675838175
9.120000000000001,0.9896569258040777,0.1979313851608155,0.9896569258040777,1.336036849835504,-0.1559873038152302,-0.1055371580468772
9.130000000000001,0.9897086411750573,0.1979417282350114,0.9897086411750573,1.336106665586327,-0.1602073672961541,-0.1092538212067474
9.140000000000001,0.989760097969182,0.1979520195938364,0.989760097969182,1.336176132258395,-0.1644063304596733,-0.1129542245210293
9.15,0.989811297479336,0.1979622594958672,0.989811297479336,1.336245251597103,-0.1685842988073749,-0.1166378377754606
9.16,0.9898622409919394,0.1979724481983879,0.9898622409919394,1.336314025339117,-0.1727413773133381,-0.1203041331603314
9.17,0.9899129297869798,0.1979825859573959,0.9899129297869798,1.336382455212422,-0.1768776704267714,-0.123952585346554
9.18,0.9899633651380448,0.197992673027609,0.9899633651380448,1.33645054293636,-0.1809932820746375,-0.1275826715613749
9.19,0.9900135483123547,0.1980027096624709,0.9900135483123547,1.336518290221678,-0.1850883156642643,-0.1311938716637183
9.200000000000001,0.9900634805707929,0.1980126961141586,0.9900634805707929,1.33658569877057,-0.189162874085943,-0.1347856682191509
9.210000000000001,0.9901131631679388,0.1980226326335878,0.9901131631679388,1.336652770276717,-0.1932170597155133,-0.1383575465744558
9.220000000000001,0.9901625973520991,0.1980325194704198,0.9901625973520991,1.336719506425333,-0.1972509744169357,-0.1419089949318059
9.23,0.9902117843653386,0.1980423568730677,0.9902117843653386,1.336785908893206,-0.201264719544851,-0.1454395044225263
9.24,0.990260725443512,0.1980521450887024,0.990260725443512,1.33685197934874,-0.2052583959471267,-0.148948569180434
9.25,0.9903094218162944,0.1980618843632589,0.9903094218162944,1.336917719451997,-0.2092321039673911,-0.152435686414745
9.26,0.9903578747072129,0.1980715749414426,0.9903578747072129,1.336983130854737,-0.2131859434475541,-0.1559003564825382
9.27,0.9904060853336769,0.1980812170667354,0.9904060853336769,1.337048215200463,-0.2171200137303164,-0.1593420829607663
9.279999999999999,0.9904540549070086,0.1980908109814017,0.9904540549070086,1.337112974124461,-0.2210344136616648,-0.1627603727178017
9.290000000000001,0.9905017846324735,0.1981003569264947,0.9905017846324735,1.337177409253838,-0.2249292415933565,-0.1661547359845093
9.300000000000001,0.9905492757093112,0.1981098551418622,0.9905492757093112,1.337241522207569,-0.2288045953853897,-0.1695246864248335
9.31,0.9905965293307646,0.1981193058661529,0.9905965293307646,1.337305314596531,-0.2326605724084628,-0.1728697412058918
9.32,0.9906435466841108,0.1981287093368221,0.9906435466841108,1.337368788023549,-0.2364972695464204,-0.1761894210675627
9.33,0.9906903289506902,0.198138065790138,0.9906903289506902,1.337431944083431,-0.2403147831986883,-0.1794832503915594
9.34,0.9907368773059367,0.1981473754611874,0.9907368773059367,1.337494784363014,-0.2441132092826949,-0.1827507572699783
9.35,0.9907831929194071,0.1981566385838814,0.9907831929194071,1.337557310441199,-0.2478926432362814,-0.1859914735733136
9.359999999999999,0.99082927695481,0.198165855390962,0.99082927695481,1.337619523888993,-0.2516531800201,-0.1892049350179267
9.370000000000001,0.990875130570036,0.1981750261140072,0.990875130570036,1.337681426269548,-0.2553949141199995,-0.1923906812329619
9.380000000000001,0.9909207549171858,0.1981841509834372,0.9909207549171858,1.3377430191382,-0.2591179395493995,-0.1955482558266986
9.390000000000001,0.9909661511425999,0.19819323022852,0.9909661511425999,1.337804304042509,-0.2628223498516525,-0.1986772064523299
9.4,0.9910113203868869,0.1982022640773774,0.9910113203868869,1.337865282522297,-0.2665082381023942,-0.2017770848731583
9.41,0.9910562637849525,0.1982112527569905,0.9910562637849525,1.337925956109685,-0.2701756969118823,-0.2048474470271997
9.42,0.9911009824660277,0.1982201964932055,0.9911009824660277,1.337986326329136,-0.2738248184273229,-0.2078878530911857
9.43,0.9911454775536976,0.1982290955107395,0.9911454775536976,1.338046394697491,-0.2774556943351862,-0.2108978675439551
9.44,0.9911897501659291,0.1982379500331858,0.9911897501659291,1.338106162724003,-0.2810684158635103,-0.2138770592292261
9.450000000000001,0.9912338014150995,0.1982467602830199,0.9912338014150995,1.338165631910383,-0.2846630737841928,-0.2168250014177389
9.460000000000001,0.991277632408024,0.1982555264816048,0.991277632408024,1.338224803750832,-0.2882397584152718,-0.2197412718687616
9.470000000000001,0.9913212442459839,0.1982642488491967,0.9913212442459839,1.338283679732077,-0.2917985596231954,-0.2226254528909481
9.48,0.9913646380247539,0.1982729276049508,0.9913646380247539,1.338342261333417,-0.2953395668250794,-0.2254771314025421
9.49,0.9914078148346301,0.198281562966926,0.9914078148346301,1.33840055002675,-0.298862868990954,-0.2282958989909161
9.5,0.991450775760457,0.1982901551520914,0.991450775760457,1.338458547276616,-0.3023685546459993,-0.2310813519714377
9.51,0.9914935218816547,0.1982987043763309,0.9914935218816547,1.338516254540233,-0.3058567118727692,-0.2338330914456554
9.52,0.9915360542722464,0.1983072108544492,0.9915360542722464,1.338573673267532,-0.3093274283134054,-0.2365507233587945
9.529999999999999,0.9915783740008852,0.198315674800177,0.9915783740008852,1.338630804901194,-0.3127807911718384,-0.2392338585565555
9.540000000000001,0.9916204821308808,0.1983240964261761,0.9916204821308808,1.338687650876688,-0.3162168872159792,-0.2418821128412061
9.550000000000001,0.9916623797202264,0.1983324759440452,0.9916623797202264,1.338744212622305,-0.3196358027798993,-0.2444951070269599
9.56,0.9917040678216252,0.198340813564325,0.9917040678216252,1.338800491559193,-0.3230376237659998,-0.2470724669946325
9.57,0.9917455474825171,0.1983491094965034,0.9917455474825171,1.338856489101397,-0.3264224356471698,-0.2496138237455679
9.58,0.9917868197451045,0.1983573639490209,0.9917868197451045,1.338912206655891,-0.3297903234689339,-0.2521188134548276
9.59,0.991827885646379,0.1983655771292758,0.991827885646379,1.338967645622611,-0.3331413718515893,-0.2545870775236341
9.6,0.9918687462181471,0.1983737492436294,0.9918687462181471,1.339022807394498,-0.3364756649923313,-0.2570182626310613
9.609999999999999,0.9919094024870564,0.1983818804974112,0.9919094024870564,1.339077693357525,-0.3397932866673697,-0.2594120207849657
9.620000000000001,0.9919498554746211,0.1983899710949242,0.9919498554746211,1.339132304890738,-0.3430943202340329,-0.2617680093721485
9.630000000000001,0.991990106197248,0.1983980212394496,0.991990106197248,1.339186643366284,-0.3463788486328627,-0.2640858912077444
9.640000000000001,0.9920301556662618,0.1984060311332523,0.9920301556662618,1.339240710149453,-0.3496469543896983,-0.2663653345838271
9.65,0.9920700048879305,0.198414000977586,0.9920700048879305,1.339294506598705,-0.3528987196177498,-0.2686060133172269
9.66,0.9921096548634909,0.1984219309726981,0.9921096548634909,1.339348034065712,-0.356134226019661,-0.270807606796552
9.67,0.9921491065891734,0.1984298213178346,0.9921491065891734,1.339401293895383,-0.3593535548895627,-0.2729698000284073
9.68,0.9921883610562275,0.1984376722112454,0.9921883610562275,1.339454287425906,-0.3625567871151149,-0.2750922836828037
9.69,0.9922274192509464,0.1984454838501892,0.9922274192509464,1.339507015988777,-0.3657440031795393,-0.2771747541377524
9.700000000000001,0.9922662821546916,0.1984532564309383,0.9922662821546916,1.339559480908833,-0.3689152831636416,-0.2792169135230363
9.710000000000001,0.9923049507439181,0.1984609901487836,0.9923049507439181,1.339611683504289,-0.3720707067478234,-0.2812184697631527
9.720000000000001,0.9923434259901985,0.1984686851980397,0.9923434259901985,1.339663625086767,-0.3752103532140843,-0.2831791366194223
9.73,0.9923817088602476,0.1984763417720495,0.9923817088602476,1.339715306961333,-0.3783343014480139,-0.2850986337312565
9.74,0.9924198003159463,0.1984839600631892,0.9924198003159463,1.339766730426527,-0.3814426299407738,-0.2869766866565786
9.75,0.9924577013143666,0.1984915402628733,0.9924577013143666,1.339817896774394,-0.38453541679107,-0.288813026911392
9.76,0.9924954128077947,0.1984990825615589,0.9924954128077947,1.339868807290522,-0.3876127397071146,-0.2906073920084909
9.77,0.9925329357437558,0.1985065871487511,0.9925329357437558,1.339919463254069,-0.3906746760085791,-0.2923595254953065
9.779999999999999,0.992570271065037,0.1985140542130074,0.992570271065037,1.339969865937799,-0.3937213026285362,-0.2940691769908844
9.790000000000001,0.9926074197097119,0.1985214839419424,0.9926074197097119,1.34002001660811,-0.3967526961153935,-0.2957361022219873
9.800000000000001,0.9926443826111633,0.1985288765222326,0.9926443826111633,1.340069916525069,-0.3997689326348165,-0.2973600630583179
9.81,0.9926811606981074,0.1985362321396215,0.9926811606981074,1.340119566942444,-0.4027700879716424,-0.2989408275468575
9.82,0.9927177548946169,0.1985435509789234,0.9927177548946169,1.340168969107731,-0.4057562375317842,-0.300478169945314
9.83,0.9927541661201438,0.1985508332240287,0.9927541661201438,1.340218124262193,-0.4087274563441253,-0.301971870754676
9.84,0.992790395289543,0.1985580790579086,0.992790395289543,1.340267033640882,-0.4116838190624047,-0.3034217167508672
9.85,0.9928264433130953,0.198565288662619,0.9928264433130953,1.340315698472677,-0.4146253999670927,-0.3048275010154974
9.859999999999999,0.9928623110965299,0.198572462219306,0.9928623110965299,1.340364119980314,-0.4175522729672572,-0.3061890229657051
9.870000000000001,0.9928979995410473,0.1985795999082094,0.9928979995410473,1.340412299380412,-0.4204645116024209,-0.3075060883830872
9.880000000000001,0.992933509543342,0.1985867019086684,0.992933509543342,1.34046023788351,-0.4233621890444088,-0.3087785094417124
9.890000000000001,0.9929688419956253,0.198593768399125,0.9929688419956253,1.340507936694093,-0.4262453780991868,-0.3100061047352142
9.9,0.9930039977856472,0.1986007995571294,0.9930039977856472,1.340555397010622,-0.4291141512086908,-0.3111886993029581
9.91,0.9930389777967189,0.1986077955593438,0.9930389777967189,1.340602620025569,-0.4319685804526474,-0.3123261246552816
9.92,0.9930737829077353,0.1986147565815471,0.9930737829077353,1.340649606925441,-0.4348087375503842,-0.313418218797802
9.93,0.9931084139931966,0.1986216827986393,0.9931084139931966,1.340696358890814,-0.4376346938626323,-0.3144648262547873
9.94,0.9931428719232306,0.1986285743846461,0.9931428719232306,1.34074287709636,-0.4404465203933191,-0.3154657980915905
9.950000000000001,0.9931771575636145,0.1986354315127229,0.9931771575636145,1.340789162710879,-0.4432442877913525,-0.3164209919361397
9.960000000000001,0.9932112717757964,0.1986422543551593,0.9932112717757964,1.340835216897324,-0.4460280663523957,-0.3173302719994841
9.970000000000001,0.9932452154169173,0.1986490430833835,0.9932452154169173,1.340881040812838,-0.4487979260206337,-0.3181935090953915
9.98,0.9932789893398327,0.1986557978679666,0.9932789893398327,1.340926635608773,-0.4515539363905305,-0.3190105806589947
9.99,0.9933125943931336,0.1986625188786267,0.9933125943931336,1.34097200243073,-0.4542961667085779,-0.3197813707644848
10,0.993346031421168,0.1986692062842336,0.993346031421168,1.341017142418576,-0.457024685875035,-0.3205057701418472
10.01,0.9933793012640622,0.1986758602528124,0.9933793012640622,1.341062056706483,-0.4597395624456598,-0.3211836761926398
10.02,0.9934124047577418,0.1986824809515484,0.9934124047577418,1.341106746422951,-0.4624408646334315,-0.3218149930048103
10.03,0.9934453427339531,0.1986890685467906,0.9934453427339531,1.341151212690836,-0.4651286603102643,-0.3223996313665498
10.04,0.9934781160202834,0.1986956232040566,0.9934781160202834,1.341195456627382,-0.467803017008713,-0.3229375087791823
10.05,0.9935107254401819,0.1987021450880364,0.9935107254401819,1.341239479344245,-0.4704640019236694,-0.3234285494690862
10.06,0.993543171812981,0.1987086343625962,0.993543171812981,1.341283281947524,-0.4731116819140511,-0.3238726843986482
10.07,0.9935754559539162,0.1987150911907832,0.9935754559539162,1.341326865537786,-0.4757461235044809,-0.3242698512762463
10.08,0.9936075786741466,0.1987215157348293,0.9936075786741466,1.341370231210097,-0.4783673928869585,-0.3246199945652618
10.09,0.9936395407807759,0.1987279081561551,0.9936395407807759,1.341413380054047,-0.4809755559225237,-0.3249230654921178
10.1,0.993671343076872,0.1987342686153744,0.993671343076872,1.341456313153776,-0.483570678142911,-0.325179022053344
10.11,0.9937029863614877,0.1987405972722975,0.9937029863614877,1.341499031588008,-0.4861528247521965,-0.3253878290216661
10.12,0.9937344714296803,0.198746894285936,0.9937344714296803,1.341541536430068,-0.4887220606284355,-0.3255494579511197
10.13,0.9937657990725319,0.1987531598145063,0.9937657990725319,1.341583828747917,-0.4912784503252934,-0.325663887181187
10.14,0.9937969700771693,0.1987593940154338,0.9937969700771693,1.341625909604178,-0.4938220580736669,-0.3257311018399566
10.15,0.9938279852267834,0.1987655970453566,0.9938279852267834,1.341667780056157,-0.4963529477832986,-0.3257510938463051
10.16,0.9938588453006495,0.1987717690601298,0.9938588453006495,1.341709441155876,-0.4988711830443821,-0.3257238619111014
10.17,0.9938895510741462,0.1987779102148292,0.9938895510741462,1.341750893950096,-0.5013768271291602,-0.3256494115374317
10.18,0.9939201033187754,0.198784020663755,0.9939201033187754,1.341792139480346,-0.5038699429935144,-0.3255277550198472
10.19,0.9939505028021816,0.1987901005604363,0.9939505028021816,1.341833178782944,-0.5063505932785468,-0.3253589114426329
10.2,0.9939807502881707,0.1987961500576341,0.9939807502881707,1.341874012889029,-0.5088188403121541,-0.3251429066770994
10.21,0.9940108465367298,0.1988021693073459,0.9940108465367298,1.341914642824584,-0.5112747461105933,-0.3248797733778961
10.22,0.9940407923040461,0.1988081584608092,0.9940407923040461,1.341955069610461,-0.5137183723800404,-0.3245695509783481
10.23,0.9940705883425258,0.1988141176685051,0.9940705883425258,1.341995294262409,-0.5161497805181402,-0.3242122856848168
10.24,0.9941002354008132,0.1988200470801626,0.9941002354008132,1.342035317791097,-0.5185690316155495,-0.3238080304700846
10.25,0.9941297342238091,0.1988259468447618,0.9941297342238091,1.342075141202142,-0.5209761864574717,-0.3233568450657652
10.26,0.9941590855526901,0.198831817110538,0.9941590855526901,1.342114765496131,-0.5233713055251843,-0.3228587959537411
10.27,0.9941882901249266,0.1988376580249853,0.9941882901249266,1.34215419166865,-0.5257544489975584,-0.3223139563566275
10.28,0.994217348674302,0.1988434697348604,0.994217348674302,1.342193420710307,-0.5281256767525706,-0.3217224062272667
10.29,0.9942462619309305,0.1988492523861861,0.9942462619309305,1.342232453606755,-0.5304850483688077,-0.3210842322372528
10.3,0.9942750306212758,0.1988550061242551,0.9942750306212758,1.342271291338722,-0.5328326231269637,-0.3203995277644879
10.31,0.9943036554681693,0.1988607310936339,0.9943036554681693,1.342309934882028,-0.5351684600113289,-0.3196683928797736
10.32,0.9943321371908285,0.1988664274381657,0.9943321371908285,1.342348385207618,-0.5374926177112722,-0.318890934332438
10.33,0.9943604765048744,0.1988720953009749,0.9943604765048744,1.34238664328158,-0.5398051546227158,-0.3180672655350005
10.34,0.99438867412235,0.19887773482447,0.99438867412235,1.342424710065172,-0.5421061288496023,-0.3171975065468778
10.35,0.9944167307517382,0.1988833461503476,0.9944167307517382,1.342462586514846,-0.5443955982053543,-0.3162817840571314
10.36,0.9944446470979795,0.1988889294195959,0.9944446470979795,1.342500273582272,-0.5466736202143275,-0.3153202313662616
10.37,0.9944724238624897,0.1988944847724979,0.9944724238624897,1.342537772214361,-0.5489402521132559,-0.314312988367048
10.38,0.9945000617431773,0.1989000123486354,0.9945000617431773,1.342575083353289,-0.5511955508526897,-0.3132602015244414
10.39,0.9945275614344614,0.1989055122868923,0.9945275614344614,1.342612207936522,-0.5534395730984262,-0.312162023854509
10.4,0.9945549236272891,0.1989109847254578,0.9945549236272891,1.34264914689684,-0.555672375232934,-0.3110186149024358
10.41,0.9945821490091526,0.1989164298018305,0.9945821490091526,1.342685901162356,-0.5578940133567694,-0.3098301407195856
10.42,0.9946092382641069,0.1989218476528214,0.9946092382641069,1.342722471656544,-0.5601045432899855,-0.3085967738396254
10.43,0.9946361920727863,0.1989272384145573,0.9946361920727863,1.342758859298261,-0.5623040205735356,-0.3073186932537158
10.44,0.9946630111124224,0.1989326022224845,0.9946630111124224,1.34279506500177,-0.5644925004706679,-0.3059960843847715
10.45,0.9946896960568603,0.198937939211372,0.9946896960568603,1.342831089676761,-0.5666700379683146,-0.3046291390607956
10.46,0.994716247576576,0.1989432495153152,0.994716247576576,1.342866934228377,-0.5688366877784731,-0.3032180554872906
10.47,0.9947426663386931,0.1989485332677386,0.9947426663386931,1.342902599557235,-0.5709925043395807,-0.3017630382187524
10.48,0.9947689530069996,0.1989537906013999,0.9947689530069996,1.342938086559449,-0.5731375418178828,-0.3002642981292485
10.49,0.9947951082419646,0.1989590216483929,0.9947951082419646,1.342973396126652,-0.5652718541087933,-0.2987220523820863
10.5,0.9948211327007548,0.1989642265401509,0.9948211327007548,1.343008529146018,-0.5574454948382493,-0.2971365243985765
10.51,0.994847027037251,0.1989694054074502,0.994847027037251,1.343043486500288,-0.5496582673640581,-0.2955079438258937
10.52,0.9948727919020648,0.1989745583804129,0.9948727919020648,1.343078269067787,-0.5419099760272378,-0.293836546504042
10.53,0.9948984279425545,0.1989796855885109,0.9948984279425545,1.343112877722448,-0.5342004261471016,-0.2921225744319269
10.54,0.9949239358028417,0.1989847871605683,0.9949239358028417,1.343147313333836,-0.5265294240163662,-0.2903662757325416
10.55,0.9949493161238274,0.1989898632247655,0.9949493161238274,1.343181576767166,-0.5188967768962843,-0.2885679046172708
10.56,0.9949745695432083,0.1989949139086417,0.9949745695432083,1.343215668883331,-0.5113022930118029,-0.286727721349317
10.57,0.9949996966954923,0.1989999393390985,0.9949996966954923,1.343249590538914,-0.5037457815467439,-0.2848459922062563
10.58,0.9950246982120148,0.199004939642403,0.9950246982120148,1.343283342586219,-0.4962270526390102,-0.2829229894417272
10.59,0.9950495747209547,0.1990099149441909,0.9950495747209547,1.343316925873288,-0.4887459173758151,-0.2809589912462588
10.6,0.9950743268473499,0.19901486536947,0.9950743268473499,1.343350341243922,-0.4813021877889361,-0.2789542817072444
10.61,0.9950989552131131,0.1990197910426226,0.9950989552131131,1.343383589537702,-0.4738956768499914,-0.2769091507680648
10.62,0.9951234604370476,0.1990246920874095,0.9951234604370476,1.343416671590014,-0.4665261984657414,-0.2748238941863696
10.63,0.9951478431348624,0.1990295686269725,0.9951478431348624,1.343449588232064,-0.4591935674734127,-0.2726988134915196
10.64,0.9951721039191881,0.1990344207838376,0.9951721039191881,1.343482340290903,-0.4518975996360456,-0.2705342159411993
10.65,0.9951962433995921,0.1990392486799184,0.9951962433995921,1.343514928589449,-0.4446381116378654,-0.2683304144772032
10.66,0.9952202621825942,0.1990440524365188,0.9952202621825942,1.343547353946501,-0.4374149210796761,-0.2660877276804043
10.67,0.9952441608716812,0.1990488321743362,0.9952441608716812,1.343579617176769,-0.4302278464742778,-0.2638064797249099
10.68,0.9952679400673228,0.1990535880134646,0.9952679400673228,1.343611719090885,-0.4230767072419064,-0.2614870003314122
10.69,0.9952916003669862,0.1990583200733972,0.9952916003669862,1.34364366049543,-0.4159613237056968,-0.2591296247197397
10.7,0.9953151423651513,0.1990630284730303,0.9953151423651513,1.343675442192953,-0.4088815170871684,-0.2567346935606169
10.71,0.9953385666533255,0.1990677133306651,0.9953385666533255,1.343707064981988,-0.4018371095017325,-0.2543025529266385
10.72,0.9953618738200589,0.1990723747640118,0.9953618738200589,1.343738529657079,-0.3948279239542238,-0.2518335542424662
10.73,0.9953850644509586,0.1990770128901917,0.9953850644509586,1.343769837008793,-0.3878537843344527,-0.2493280542342542
10.74,0.9954081391287039,0.1990816278257408,0.9954081391287039,1.343800987823749,-0.3809145154127805,-0.2467864148783111
10.75,0.9954310984330603,0.1990862196866121,0.9954310984330603,1.34383198288463,-0.3740099428357166,-0.244209003349006
10.76,0.9954539429408951,0.199090788588179,0.9954539429408951,1.343862822970207,-0.367139893121538,-0.2415961919659258
10.77,0.9954766732261906,0.1990953346452381,0.9954766732261906,1.343893508855356,-0.3603041936559303,-0.2389483581402911
10.78,0.9954992898600596,0.1990998579720119,0.9954992898600596,1.343924041311079,-0.3535026726876507,-0.2362658843206393
10.79,0.9955217934107593,0.1991043586821518,0.9955217934107593,1.343954421104524,-0.3467351593242124,-0.2335491579377818
10.8,0.9955441844437055,0.1991088368887411,0.9955441844437055,1.343984648999001,-0.3400014835275914,-0.230798571349044
10.81,0.995566463521487,0.1991132927042974,0.995566463521487,1.344014725754006,-0.3333014761099535,-0.2280145217817952
10.82,0.9955886312038796,0.1991177262407759,0.9955886312038796,1.344044652125236,-0.3266349687294037,-0.2251974112762775
10.83,0.9956106880478602,0.199122137609572,0.9956106880478602,1.34407442886461,-0.3200017938857567,-0.2223476466277415
10.84,0.995632634607621,0.1991265269215242,0.995632634607621,1.344104056720287,-0.3134017849163279,-0.2194656393278969
10.85,0.9956544714345829,0.1991308942869166,0.9956544714345829,1.344133536436686,-0.3068347759917463,-0.2165518055056868
10.86,0.9956761990774099,0.199135239815482,0.9956761990774099,1.344162868754502,-0.3003006021117876,-0.2136065658673942
10.87,0.9956978180820228,0.1991395636164046,0.9956978180820228,1.34419205441073,-0.2937990991012286,-0.2106303456360891
10.88,0.9957193289916128,0.1991438657983226,0.9957193289916128,1.344221094138676,-0.2873301036057224,-0.2076235744904252
10.89,0.9957407323466547,0.1991481464693309,0.9957407323466547,1.344249988667983,-0.2808934530876938,-0.2045866865027944
10.9,0.9957620286849215,0.1991524057369843,0.9957620286849215,1.344278738724643,-0.2744889858222553,-0.2015201200768494
10.91,0.9957832185414969,0.1991566437082994,0.9957832185414969,1.34430734503102,-0.2681165408931441,-0.1984243178844015
10.92,0.9958043024487894,0.1991608604897579,0.9958043024487894,1.344335808305865,-0.2617759581886783,-0.1952997268017039
10.93,0.9958252809365454,0.1991650561873091,0.9958252809365454,1.344364129264335,-0.2554670783977349,-0.1921467978451301
10.94,0.9958461545318628,0.1991692309063725,0.9958461545318628,1.344392308618013,-0.2491897430057462,-0.1889659861062551
10.95,0.9958669237592035,0.1991733847518407,0.9958669237592035,1.344420347074923,-0.2429437942907175,-0.18575775068635
10.96,0.9958875891404074,0.1991775178280815,0.9958875891404074,1.344448245339549,-0.2367290753192639,-0.1825225546302993
10.97,0.9959081511947054,0.1991816302389411,0.9959081511947054,1.344476004112851,-0.2305454299426676,-0.1792608648599499
10.98,0.9959286104387319,0.1991857220877464,0.9959286104387319,1.344503624092287,-0.2243927027929542,-0.1759731521069017
10.99,0.9959489673865383,0.1991897934773076,0.9959489673865383,1.344531105971825,-0.2182707392789895,-0.1726598908447495
11,0.9959692225496056,0.1991938445099211,0.9959692225496056,1.344558450441966,-0.2121793855825945,-0.1693215592207863
11.01,0.9959893764368576,0.1991978752873715,0.9959893764368576,1.344585658189756,-0.2061184886546815,-0.1659586389871766
11.02,0.9960094295546733,0.1992018859109347,0.9960094295546733,1.344612729898807,-0.2000878962114081,-0.1625716154316117
11.03,0.9960293824069,0.19920587648138,0.9960293824069,1.344639666249313,-0.1940874567303511,-0.1591609773074542
11.04,0.9960492354948655,0.1992098470989731,0.9960492354948655,1.344666467918067,-0.1881170194466993,-0.155727216763385
11.05,0.9960689893173912,0.1992137978634782,0.9960689893173912,1.344693135578476,-0.1821764343494658,-0.15227082927256
11.06,0.9960886443708042,0.1992177288741608,0.9960886443708042,1.344719669900584,-0.1762655521777185,-0.1487923135612884
11.07,0.9961082011489503,0.19922164022979,0.9961082011489503,1.344746071551081,-0.1703842244168299,-0.1452921715372426
11.08,0.9961276601432055,0.1992255320286411,0.9961276601432055,1.344772341193326,-0.1645323032947457,-0.1417709082172094
11.09,0.9961470218424895,0.1992294043684979,0.9961470218424895,1.344798479487359,-0.158709641778272,-0.1382290316543941
11.1,0.996166286733277,0.1992332573466554,0.996166286733277,1.344824487089922,-0.1529160935693807,-0.1346670528652861
11.11,0.9961854552996107,0.1992370910599221,0.9961854552996107,1.344850364654472,-0.1471515131015338,-0.1310854857560991
11.12,0.9962045280231127,0.1992409056046225,0.9962045280231127,1.3448761128312,-0.1414157555360261,-0.1274848470487937
11.13,0.9962235053829971,0.1992447010765994,0.9962235053829971,1.344901732267044,-0.135708676758346,-0.1238656562066952
11.14,0.9962423878560821,0.1992484775712164,0.9962423878560821,1.344927223605709,-0.1300301333745542,-0.1202284353597166
11.15,0.9962611759168017,0.1992522351833603,0.9962611759168017,1.34495258748768,-0.1243799827076815,-0.1165737092291969
11.16,0.9962798700372177,0.1992559740074435,0.9962798700372177,1.344977824550242,-0.1187580827941431,-0.1129020050523665
11.17,0.9962984706870317,0.1992596941374062,0.9962984706870317,1.345002935427491,-0.1131642923801723,-0.1092138525064504
11.18,0.9963169783335966,0.1992633956667192,0.9963169783335966,1.345027920750353,-0.1075984709182715,-0.1055097836324192
11.19,0.9963353934419286,0.1992670786883856,0.9963353934419286,1.345052781146602,-0.1020604785636801,-0.1017903327584007
11.2,0.9963537164747189,0.1992707432949437,0.9963537164747189,1.345077517240868,-0.09655017617086172,-0.09805603642276085
11.21,0.9963719478923453,0.199274389578469,0.9963719478923453,1.345102129654664,-0.0910674252900074,-0.09430743329686711
11.22,0.9963900881528835,0.1992780176305766,0.9963900881528835,1.345126619006391,-0.08561208816355736,-0.09054506410754432
11.23,0.9964081377121191,0.1992816275424237,0.9964081377121191,1.345150985911359,-0.08018402772273958,-0.08676947155923437
11.24,0.9964260970235586,0.1992852194047116,0.9964260970235586,1.345175230981802,-0.07478310758412589,-0.08298120025587111
11.25,0.9964439665384408,0.1992887933076881,0.9964439665384408,1.345199354826893,-0.06940919204620526,-0.07918079662248156
11.26,0.9964617467057486,0.1992923493411496,0.9964617467057486,1.345223358052759,-0.06406214608597423,-0.07536880882652476
11.27,0.9964794379722198,0.1992958875944439,0.9964794379722198,1.345247241262495,-0.05874183535554436,-0.07154578669897964
11.28,0.9964970407823587,0.1992994081564717,0.9964970407823587,1.345271005056182,-0.05344812617876663,-0.06771228165519318
11.29,0.9965145555784469,0.1993029111156893,0.9965145555784469,1.345294650030902,-0.0481808855478728,-0.06386884661550034
11.3,0.9965319828005547,0.1993063965601108,0.9965319828005547,1.345318176780747,-0.04293998112013343,-0.0600160359256272
11.31,0.9965493228865518,0.1993098645773103,0.9965493228865518,1.345341585896843,-0.03772528121453277,-0.05615440527688864
11.32,0.9965665762721191,0.1993133152544237,0.9965665762721191,1.345364877967359,-0.0325366548084601,-0.0522845116261922
11.33,0.9965837433907585,0.1993167486781516,0.9965837433907585,1.345388053577522,-0.0273739715344178,-0.04840691311585961
11.34,0.9966008246738047,0.1993201649347608,0.9966008246738047,1.345411113309635,-0.02223710167674571,-0.04452216899327743
11.35,0.9966178205504357,0.199323564110087,0.9966178205504357,1.345434057743087,-0.01712591616836199,-0.04063083953038856
11.36,0.9966347314476836,0.1993269462895366,0.9966347314476836,1.345456887454371,-0.01204028658752018,-0.03673348594303599
11.37,0.9966515577904451,0.1993303115580889,0.9966515577904451,1.345479603017099,-0.006980085154582575,-0.03283067031017062
11.38,0.9966683000014929,0.1993336600002985,0.9966683000014929,1.345502205002014,-0.001945184728809662,-0.02892295549293459
11.39,0.9966849585014854,0.199336991700297,0.9966849585014854,1.345524693977004,0.003064541194834387,-0.02501090505363199
11.4,0.996701533708978,0.1993403067417955,0.996701533708978,1.345547070507119,0.008049218488860217,-0.02109508317459834
11.41,0.996718026040433,0.1993436052080865,0.996718026040433,1.345569335154583,0.01300897239641591,-0.01717605457698084
11.42,0.9967344359102308,0.1993468871820461,0.9967344359102308,1.34559148847881,0.01794392753443384,-0.01325438443944079
11.43,0.9967507637306796,0.1993501527461359,0.9967507637306796,1.345613531036416,0.02285420789676167,-0.009330638316790096
11.44,0.9967670099120263,0.1993534019824052,0.9967670099120263,1.345635463381234,0.02773993685727786,-0.005405382058573493
11.45,0.9967831748624661,0.1993566349724931,0.9967831748624661,1.345657286064328,0.03260123717299147,-0.00147918172760821
11.46,0.9967992589881538,0.1993598517976307,0.9967992589881538,1.345678999634006,0.03743823098712652,0.002447396481507171
11.47,0.9968152626932131,0.1993630525386425,0.9968152626932131,1.345700604635836,0.04225103983219088,0.006373786323902945
11.48,0.996831186379747,0.1993662372759493,0.996831186379747,1.345722101612657,0.04703978463302993,0.01029942158595585
11.49,0.9968470304478483,0.1993694060895696,0.9968470304478483,1.345743491104594,0.05180458570986478,0.01422373616680225
11.5,0.9968627952956091,0.1993725590591217,0.9968627952956091,1.345764773649071,0.05654556278131546,0.01814616415983517
11.51,0.996878481319131,0.1993756962638261,0.996878481319131,1.345785949780825,0.06126283496740888,0.02206613993417343
11.52,0.9968940889125354,0.199378817782507,0.9968940889125354,1.345807020031921,0.06595652079257183,0.0259830982160913
11.53,0.9969096184679728,0.1993819236935944,0.9969096184679728,1.345827984931762,0.07062673818860897,0.02989647417039664
11.54,0.9969250703756329,0.1993850140751265,0.9969250703756329,1.345848845007103,0.07527360449766593,0.03380570348174616
11.55,0.9969404450237548,0.1993880890047508,0.9969404450237548,1.345869600782067,0.0798972364751776,0.03771022243588582
11.56,0.996955742798636,0.1993911485597271,0.996955742798636,1.345890252778157,0.08449775029280171,0.04160946800080481
11.57,0.9969709640846428,0.1993941928169284,0.9969709640846428,1.345910801514266,0.0890752615413377,0.04550287790779142
11.58,0.9969861092642196,0.1993972218528438,0.9969861092642196,1.345931247506695,0.09362988523363101,0.04938989073237904
11.59,0.9970011787178985,0.1994002357435796,0.9970011787178985,1.345951591269162,0.09816173580746286,0.05326994597517068
11.6,0.997016172824309,0.1994032345648617,0.997016172824309,1.345971833312816,0.1026709271284255,0.05714248414253047
11.61,0.9970310919601875,0.1994062183920374,0.9970310919601875,1.345991974146252,0.1071575724927834,0.06100694682713033
11.62,0.9970459365003865,0.1994091873000772,0.9970459365003865,1.34601201427552,0.1116217846303195,0.06486277678834036
11.63,0.9970607068178846,0.1994121413635768,0.9970607068178846,1.346031954204143,0.1160636757071679,0.06870941803245133
11.64,0.9970754032837952,0.1994150806567589,0.9970754032837952,1.346051794433122,0.1204833573286321,0.07254631589271766
11.65,0.9970900262673762,0.1994180052534751,0.9970900262673762,1.346071535460956,0.1248809405419889,0.0763729171092095
11.66,0.9971045761360393,0.1994209152272078,0.9971045761360393,1.346091177783652,0.129256535839279,0.08018866990846223
11.67,0.9971190532553591,0.1994238106510717,0.9971190532553591,1.346110721894733,0.1336102531600826,0.08399302408291207
11.68,0.9971334579890823,0.1994266915978164,0.9971334579890823,1.34613016828526,0.1379422018942822,0.08778543107010631
11.69,0.9971477906991368,0.1994295581398273,0.9971477906991368,1.346149517443833,0.1422524908848108,0.09156534403167667
11.7,0.9971620517456412,0.1994324103491281,0.9971620517456412,1.346168769856614,0.1465412284303867,0.09533221793206456
11.71,0.997176241486913,0.1994352482973825,0.997176241486913,1.346187926007331,0.1508085222882348,0.09908550961698678
11.72,0.9971903602794784,0.1994380720558956,0.9971903602794784,1.346206986377295,0.1550544796767936,0.1028246778916304
11.73,0.997204408478081,0.1994408816956161,0.997204408478081,1.346225951445408,0.1592792072784096,0.1065491835985658
11.74,0.9972183864356906,0.199443677287138,0.9972183864356906,1.346244821688181,0.1634828112420176,0.1102584896953659
11.75,0.9972322945035121,0.1994464589007024,0.9972322945035121,1.34626359757974,0.1676653971858075,0.1139520613319214
11.76,0.9972461330309946,0.1994492266061988,0.9972461330309946,1.346282279591841,0.1718270701998785,0.1176293659274404
11.77,0.9972599023658396,0.1994519804731679,0.9972599023658396,1.346300868193882,0.1759679348488791,0.1212898732471211
11.78,0.9972736028540105,0.199454720570802,0.9972736028540105,1.346319363852913,0.1800880951746347,0.1249330554784869
11.79,0.9972872348397404,0.199457446967948,0.9972872348397404,1.346337767033648,0.1841876546987615,0.1285583873073725
11.8,0.9973007986655417,0.1994601597331083,0.9973007986655417,1.34635607819848,0.1882667164252677,0.1321653459935511
11.81,0.997314294672214,0.1994628589344427,0.997314294672214,1.346374297807488,0.1923253828431414,0.13575341144599
11.82,0.9973277231988529,0.1994655446397705,0.9973277231988529,1.34639242631845,0.1963637559289256,0.1393220662977256
11.83,0.9973410845828586,0.1994682169165717,0.9973410845828586,1.346410464186858,0.200381937149281,0.1428707959803463
11.84,0.9973543791599443,0.1994708758319888,0.9973543791599443,1.346428411865924,0.2043800274635346,0.1463990887980713
11.85,0.9973676072641445,0.1994735214528289,0.9973676072641445,1.346446269806594,0.2083581273262169,0.1499064360014176
11.86,0.9973807692278238,0.1994761538455647,0.9973807692278238,1.346464038457561,0.2123163366895859,0.1533923318604413
11.87,0.9973938653816847,0.1994787730763369,0.9973938653816847,1.346481718265273,0.2162547550061379,0.1568562737375454
11.88,0.9974068960547763,0.1994813792109552,0.9974068960547763,1.346499309673947,0.2201734812311072,0.1602977621598411
11.89,0.9974198615745024,0.1994839723149005,0.9974198615745024,1.346516813125577,0.2240726138249517,0.1637163008910546
11.9,0.9974327622666298,0.199486552453326,0.9974327622666298,1.34653422905995,0.2279522507558269,0.1671113970029674
11.91,0.9974455984552967,0.1994891196910593,0.9974455984552967,1.34655155791465,0.2318124895020478,0.1704825609463806
11.92,0.9974583704630202,0.199491674092604,0.9974583704630202,1.346568800125077,0.2356534270545376,0.1738293066215921
11.93,0.9974710786107052,0.199494215722141,0.9974710786107052,1.346585956124451,0.2394751599192649,0.1771511514483779
11.94,0.9974837232176517,0.1994967446435303,0.9974837232176517,1.346603026343829,0.2432777841196685,0.1804476164354663
11.95,0.9974963046015634,0.1994992609203127,0.9974963046015634,1.34662001121211,0.2470613951990702,0.1837182262494954
11.96,0.9975088230785555,0.1995017646157111,0.9975088230785555,1.346636911156049,0.2508260882230748,0.1869625092834442
11.97,0.9975212789631627,0.1995042557926326,0.9975212789631627,1.346653726600269,0.2545719577819595,0.1901799977245267
11.98,0.9975336725683469,0.1995067345136694,0.9975336725683469,1.346670457967268,0.2582990979930497,0.19337022762154
11.99,0.9975460042055052,0.199509200841101,0.9975460042055052,1.346687105677432,0.2620076025030844,0.196532738951657
12,0.9975582741844777,0.1995116548368955,0.9975582741844777,1.346703670149044,0.265697564490569,0.1996670756866522
12.01,0.9975704828135553,0.199514096562711,0.9975704828135553,1.346720151798299,0.2693690766681161,0.2027727858585534
12.02,0.9975826303994876,0.1995165260798975,0.9975826303994876,1.346736551039308,0.2730222312847755,0.2058494216247085
12.03,0.9975947172474902,0.199518943449498,0.9975947172474902,1.346752868284111,0.2766571201283516,0.2088965393322586
12.04,0.9976067436612527,0.1995213487322505,0.9976067436612527,1.346769103942691,0.2802738345277099,0.2119136995820072
12.05,0.9976187099429464,0.1995237419885893,0.9976187099429464,1.346785258422977,0.2838724653550713,0.2149004672916774
12.06,0.9976306163932317,0.1995261232786463,0.9976306163932317,1.346801332130862,0.287453103028296,0.2178564117585477
12.07,0.9976424633112655,0.1995284926622531,0.9976424633112655,1.346817325470208,0.2910158375131545,0.2207811067214571
12.08,0.9976542509947092,0.1995308501989418,0.9976542509947092,1.346833238842857,0.2945607583255887,0.2236741304221704
12.09,0.9976659797397356,0.1995331959479471,0.9976659797397356,1.346849072648643,0.2980879545339608,0.2265350656660955
12.1,0.9976776498410369,0.1995355299682074,0.9976776498410369,1.346864827285399,0.3015975147612909,0.2293634998823434
12.11,0.9976892615918317,0.1995378523183663,0.9976892615918317,1.346880503148972,0.3050895271874845,0.232159025183123
12.12,0.9977008152838726,0.1995401630567745,0.9977008152838726,1.346896100633227,0.3085640795515471,0.2349212384224607
12.13,0.9977123112074532,0.1995424622414906,0.9977123112074532,1.346911620130061,0.3120212591537894,0.2376497412542379
12.14,0.997723749651416,0.1995447499302831,0.997723749651416,1.346927062029411,0.3154611528580204,0.2403441401895377
12.15,0.9977351309031589,0.1995470261806317,0.9977351309031589,1.346942426719264,0.3188838470937303,0.2430040466532911
12.16,0.9977464552486431,0.1995492910497286,0.9977464552486431,1.346957714585667,0.3222894278582616,0.2456290770402172
12.17,0.9977577229724,0.1995515445944799,0.9977577229724,1.346972926012739,0.3256779807189704,0.2482188527700462
12.18,0.997768934357538,0.1995537868715075,0.997768934357538,1.346988061382675,0.3290495908153755,0.2507730003420204
12.19,0.9977800896857503,0.19955601793715,0.9977800896857503,1.347003121075762,0.3324043428612986,0.253291151388663
12.2,0.9977911892373216,0.1995582378474642,0.9977911892373216,1.347018105470383,0.3357423211469921,0.2557729427288075
12.21,0.9978022332911349,0.1995604466582269,0.9978022332911349,1.347033014943031,0.3390636095412571,0.2582180164198815
12.22,0.9978132221246793,0.1995626444249358,0.9978132221246793,1.347047849868316,0.3423682914935509,0.260626019809435
12.23,0.9978241560140558,0.1995648312028111,0.9978241560140558,1.347062610618974,0.3456564500360831,0.2629966055859075
12.24,0.9978350352339855,0.1995670070467971,0.9978350352339855,1.34707729756588,0.3489281677859027,0.2653294318286268
12.25,0.9978458600578156,0.1995691720115631,0.9978458600578156,1.34709191107805,0.3521835269469732,0.2676241620570298
12.26,0.9978566307575265,0.1995713261515053,0.9978566307575265,1.34710645152266,0.3554226093122383,0.2698804652791021
12.27,0.9978673476037389,0.1995734695207478,0.9978673476037389,1.347120919265047,0.3586454962656772,0.2720980160390259
12.28,0.9978780108657201,0.199575602173144,0.9978780108657201,1.347135314668721,0.3618522687843488,0.274276494464031
12.29,0.9978886208113915,0.1995777241622783,0.9978886208113915,1.347149638095378,0.3650430074404271,0.2764155863104427
12.3,0.9978991777073346,0.1995798355414669,0.9978991777073346,1.347163889904901,0.3682177924032249,0.2785149830089181
12.31,0.9979096818187979,0.1995819363637595,0.9979096818187979,1.347178070455376,0.3713767034412088,0.2805743817088661
12.32,0.9979201334097039,0.1995840266819408,0.9979201334097039,1.347192180103099,0.3745198199240028,0.2825934853220437
12.33,0.9979305327426553,0.199586106548531,0.9979305327426553,1.347206219202584,0.3776472208243828,0.2845720025653229
12.34,0.997940880078942,0.1995881760157884,0.997940880078942,1.347220188106571,0.3807589847202609,0.2865096480026211
12.35,0.9979511756785473,0.1995902351357094,0.9979511756785473,1.347234087166038,0.3838551897966596,0.2884061420859903
12.36,0.9979614198001545,0.1995922839600309,0.9979614198001545,1.347247916730208,0.3869359138476763,0.2902612111958582
12.37,0.9979716127011538,0.1995943225402307,0.9979716127011538,1.347261677146557,0.3900012342784379,0.2920745876804155
12.38,0.9979817546376479,0.1995963509275296,0.9979817546376479,1.347275368760824,0.3930512281070457,0.2938460098941443
12.39,0.9979918458644597,0.1995983691728919,0.9979918458644597,1.34728899191702,0.3960859719665105,0.2955752222354813
12.4,0.9980018866351373,0.1996003773270275,0.9980018866351373,1.347302546957435,0.399105542106678,0.2972619751836111
12.41,0.9980118772019616,0.1996023754403924,0.9980118772019616,1.347316034222648,0.4021100143961446,0.2989060253343836
12.42,0.9980218178159518,0.1996043635631904,0.9980218178159518,1.347329454051535,0.4050994643241638,0.3005071354353511
12.43,0.9980317087268721,0.1996063417453744,0.9980317087268721,1.347342806781277,0.408073967002543,0.3020650744199189
12.44,0.9980415501832377,0.1996083100366476,0.9980415501832377,1.347356092747371,0.4110335971675303,0.3035796174406064
12.45,0.9980513424323215,0.1996102684864643,0.9980513424323215,1.347369312283634,0.4139784291816926,0.3050505459014112
12.46,0.9980610857201599,0.199612217144032,0.9980610857201599,1.347382465722216,0.4169085370357842,0.3064776474892745
12.47,0.9980707802915592,0.1996141560583119,0.9980707802915592,1.347395553393605,0.4198239943506052,0.3078607162046411
12.48,0.9980804263901013,0.1996160852780203,0.9980804263901013,1.347408575626637,0.4227248743788522,0.30919955239111
12.49,0.9980900242581507,0.1996180048516302,0.9980900242581507,1.347421532748503,0.4256112500069579,0.3104939627641726
12.5,0.99809957413686,0.199619914827372,0.99809957413686,1.347434425084761,0.4284831937569231,0.3117437604390327
12.51,0.9981090762661757,0.1996218152532352,0.9981090762661757,1.347447252959337,0.4313407777881385,0.3129487649575053
12.52,0.9981185308848448,0.199623706176969,0.9981185308848448,1.34746001669454,0.4341840738991978,0.3141088023139898
12.53,0.9981279382304206,0.1996255876460842,0.9981279382304206,1.347472716611068,0.4370131535297018,0.3152237049805144
12.54,0.9981372985392685,0.1996274597078537,0.9981372985392685,1.347485353028012,0.4398280877620533,0.3162933119308478
12.55,0.9981466120465722,0.1996293224093145,0.9981466120465722,1.347497926262872,0.4426289473232431,0.3173174686636742
12.56,0.9981558789863393,0.1996311757972679,0.9981558789863393,1.347510436631558,0.4454158025866269,0.3182960272248296
12.57,0.9981650995914075,0.1996330199182816,0.9981650995914075,1.3475228844484,0.4481887235736938,0.3192288462285945
12.58,0.9981742740934505,0.1996348548186901,0.9981742740934505,1.347535270026158,0.4509477799558253,0.3201157908780419
12.59,0.9981834027229832,0.1996366805445967,0.9981834027229832,1.347547593676027,0.4536930410560462,0.3209567329844352
12.6,0.9981924857093684,0.1996384971418737,0.9981924857093684,1.347559855707647,0.456424575850766,0.3217515509856758
12.61,0.9982015232808216,0.1996403046561643,0.9982015232808216,1.347572056429109,0.4591424529715121,0.3225001299637962
12.62,0.9982105156644174,0.1996421031328835,0.9982105156644174,1.347584196146963,0.4618467407066545,0.3232023616614957
12.63,0.9982194630860953,0.1996438926172191,0.9982194630860953,1.347596275166229,0.4645375070031213,0.3238581444977184
12.64,0.9982283657706649,0.199645673154133,0.9982283657706649,1.347608293790397,0.4672148194681057,0.3244673835822683
12.65,0.9982372239418116,0.1996474447883624,0.9982372239418116,1.347620252321446,0.4698787453707651,0.3250299907294626
12.66,0.9982460378221025,0.1996492075644205,0.9982460378221025,1.347632151059838,0.4725293516439113,0.3255458844708183
12.67,0.998254807632992,0.1996509615265984,0.998254807632992,1.347643990304539,0.4751667048856917,0.326014990066772
12.68,0.998263533594827,0.1996527067189654,0.998263533594827,1.347655770353017,0.4777908713612633,0.3264372395174316
12.69,0.9982722159268529,0.1996544431853706,0.9982722159268529,1.347667491501251,0.480401917004457,0.3268125715723562
12.7,0.9982808548472186,0.1996561709694437,0.9982808548472186,1.347679154043745,0.4829999074194347,0.327140931739365
12.71,0.9982894505729826,0.1996578901145965,0.9982894505729826,1.347690758273526,0.4855849078823375,0.3274222722923731
12.72,0.9982980033201176,0.1996596006640236,0.9982980033201176,1.347702304482159,0.4881569833429258,0.3276565522782526
12.73,0.9983065133035171,0.1996613026607034,0.9983065133035171,1.347713792959748,0.4907161984262112,0.3278437375227189
12.74,0.9983149807369994,0.1996629961473999,0.9983149807369994,1.347725223994949,0.4932626174340802,0.3279838006352407
12.75,0.9983234058333145,0.1996646811666629,0.9983234058333145,1.347736597874974,0.4957963043469098,0.328076721012973
12.76,0.9983317888041479,0.1996663577608296,0.9983317888041479,1.3477479148856,0.4983173228251753,0.3281224848437133
12.77,0.9983401298601271,0.1996680259720255,0.9983401298601271,1.347759175311172,0.5008257362110494,0.3281210851078793
12.78,0.9983484292108264,0.1996696858421653,0.9983484292108264,1.347770379434616,0.5033216075299942,0.3280725215795094
12.79,0.9983566870647723,0.1996713374129545,0.9983566870647723,1.347781527537443,0.5058049994923443,0.3279768008262842
12.8,0.9983649036294484,0.1996729807258897,0.9983649036294484,1.347792619899755,0.5082759744948825,0.3278339362085699
12.81,0.9983730791113011,0.1996746158222603,0.9983730791113011,1.347803656800257,0.5107345946224081,0.3276439478774841
12.82,0.9983812137157446,0.199676242743149,0.9983812137157446,1.347814638516255,0.5131809216492961,0.3274068627719836
12.83,0.9983893076471659,0.1996778615294333,0.9983893076471659,1.347825565323674,0.5156150170410496,0.3271227146149743
12.84,0.9983973611089301,0.1996794722217861,0.9983973611089301,1.347836437497056,0.5180369419558444,0.3267915439084448
12.85,0.9984053743033854,0.1996810748606772,0.9984053743033854,1.34784725530957,0.5204467572460652,0.3264133979276242
12.86,0.9984133474318685,0.1996826694863738,0.9984133474318685,1.347858019033022,0.5228445234598348,0.3259883307141634
12.87,0.9984212806947091,0.1996842561389419,0.9984212806947091,1.347868728937857,0.5252303008425356,0.3255164030683437
12.88,0.9984291742912356,0.1996858348582472,0.9984291742912356,1.347879385293168,0.527604149338323,0.3249976825403106
12.89,0.9984370284197794,0.199687405683956,0.9984370284197794,1.347889988366702,0.5299661285916314,0.3244322434203373
12.9,0.9984448432776806,0.1996889686555362,0.9984448432776806,1.347900538424869,0.5323162979486732,0.3238201667281162
12.91,0.9984526190612921,0.1996905238122585,0.9984526190612921,1.347911035732744,0.5346547164589298,0.3231615402010823
12.92,0.9984603559659857,0.1996920711931972,0.9984603559659857,1.34792148055408,0.5369814428766352,0.3224564582817693
12.93,0.9984680541861558,0.1996936108372312,0.9984680541861558,1.34793187315131,0.539296535662252,0.3217050221041997
12.94,0.998475713915225,0.1996951427830451,0.998475713915225,1.347942213785554,0.5416000529839408,0.3209073394793119
12.95,0.9984833353456489,0.1996966670691298,0.9984833353456489,1.347952502716626,0.5438920527190211,0.3200635248794257
12.96,0.9984909186689207,0.1996981837337842,0.9984909186689207,1.347962740203043,0.5461725924554259,0.3191736994217486
12.97,0.9984984640755761,0.1996996928151153,0.9984984640755761,1.347972926502027,0.5484417294931488,0.3182379908509252
12.98,0.9985059717551982,0.1997011943510397,0.9985059717551982,1.347983061869517,0.5506995208456831,0.3172565335206328
12.99,0.9985134418964222,0.1997026883792845,0.9985134418964222,1.34799314656017,0.5529460232414547,0.3162294683742243
13,0.9985208746869401,0.1997041749373881,0.9985208746869401,1.348003180827369,0.5551812931252474,0.3151569429244236
13.01,0.9985282703135053,0.1997056540627012,0.9985282703135053,1.348013164923232,0.5574053866596212,0.3140391112320741
13.02,0.9985356289619378,0.1997071257923876,0.9985356289619378,1.348023099098616,0.5596183597263231,0.3128761338839448
13.03,0.9985429508171281,0.1997085901634257,0.9985429508171281,1.348032983603123,0.5618202679276915,0.3116681779695961
13.04,0.9985502360630424,0.1997100472126086,0.9985502360630424,1.348042818685107,0.5640111665880531,0.3104154170573103
13.05,0.9985574848827272,0.1997114969765455,0.9985574848827272,1.348052604591682,0.5661911107551127,0.3091180311690885
13.06,0.9985646974583136,0.1997129394916628,0.9985646974583136,1.348062341568723,0.5683601552013372,0.3077762067547181
13.07,0.998571873971022,0.1997143747942045,0.998571873971022,1.348072029860879,0.5705183544253305,0.306390136664915
13.08,0.9985790146011668,0.1997158029202335,0.9985790146011668,1.348081669711575,0.5726657626532038,0.3049600201235446
13.09,0.998586119528161,0.1997172239056323,0.998586119528161,1.348091261363017,0.5748024338399378,0.3034860626989243
13.1,0.9985931889305202,0.1997186377861041,0.9985931889305202,1.348100805056202,0.5669284216707381,0.3019684762742129
13.11,0.9986002229858676,0.1997200445971736,0.9986002229858676,1.348110301030921,0.5590937795623844,0.3004074790168904
13.12,0.9986072218709382,0.1997214443741877,0.9986072218709382,1.348119749525767,0.5512983106645725,0.2988032953473338
13.13,0.9986141857615836,0.1997228371523168,0.9986141857615836,1.348129150778138,0.5435418191112497,0.2971561559064911
13.14,0.9986211148327756,0.1997242229665552,0.9986211148327756,1.348138505024247,0.5358241100156934,0.2954662975226612
13.15,0.9986280092586117,0.1997256018517224,0.9986280092586117,1.348147812499126,0.5281449894656149,0.2937339631773812
13.16,0.9986348692123187,0.1997269738424638,0.9986348692123187,1.34815707343663,0.5205042645182869,0.2919594019704293
13.17,0.9986416948662571,0.1997283389732515,0.9986416948662571,1.348166288069447,0.5129017431956955,0.2901428690839456
13.18,0.9986484863919258,0.1997296972783852,0.9986484863919258,1.3481754566291,0.505337234479717,0.2882846257456775
13.19,0.9986552439599662,0.1997310487919933,0.9986552439599662,1.348184579345955,0.4978105483073184,0.2863849391913548
13.2,0.9986619677401664,0.1997323935480333,0.9986619677401664,1.348193656449225,0.4903214955657818,0.2844440826261991
13.21,0.9986686579014655,0.1997337315802931,0.9986686579014655,1.348202688166979,0.4828698880879529,0.2824623351855743
13.22,0.9986753146119582,0.1997350629223917,0.9986753146119582,1.348211674726144,0.4754555386475131,0.2804399818947829
13.23,0.9986819380388985,0.1997363876077797,0.9986819380388985,1.348220616352513,0.4680782609542756,0.2783773136280141
13.24,0.998688528348704,0.1997377056697408,0.998688528348704,1.34822951327075,0.4607378696495042,0.2762746270664499
13.25,0.9986950857069605,0.1997390171413921,0.9986950857069605,1.348238365704397,0.4534341803012567,0.2741322246555351
13.26,0.9987016102784257,0.1997403220556852,0.9987016102784257,1.348247173875875,0.4461670093997503,0.2719504145614171
13.27,0.9987081022270337,0.1997416204454067,0.9987081022270337,1.348255938006495,0.4389361743527516,0.2697295106265621
13.28,0.9987145617158985,0.1997429123431797,0.9987145617158985,1.348264658316463,0.4317414934809878,0.2674698323245538
13.29,0.998720988907319,0.1997441977814638,0.998720988907319,1.348273335024881,0.4245827860135829,0.2651717047140815
13.3,0.9987273839627824,0.1997454767925565,0.9987273839627824,1.348281968349756,0.417459872083515,0.2628354583921241
13.31,0.9987337470429685,0.1997467494085937,0.9987337470429685,1.348290558508007,0.4103725727230974,0.2604614294463359
13.32,0.9987400783077536,0.1997480156615507,0.9987400783077536,1.348299105715467,0.4033207098594819,0.2580499594066428
13.33,0.9987463779162148,0.199749275583243,0.9987463779162148,1.34830761018689,0.3963041063101845,0.2556013951960543
13.34,0.9987526460266337,0.1997505292053268,0.9987526460266337,1.348316072135956,0.3893225857786336,0.2531160890806989
13.35,0.9987588827965006,0.1997517765593001,0.9987588827965006,1.348324491775276,0.3823759728497405,0.2505943986190902
13.36,0.9987650883825181,0.1997530176765036,0.9987650883825181,1.348332869316399,0.3754640929854918,0.2480366866106312
13.37,0.9987712629406055,0.1997542525881211,0.9987712629406055,1.348341204969817,0.3685867725205643,0.245443321043364
13.38,0.9987774066259024,0.1997554813251805,0.9987774066259024,1.348349498944968,0.3617438386579615,0.2428146750409715
13.39,0.9987835195927729,0.1997567039185546,0.9987835195927729,1.348357751450243,0.3549351194646717,0.2401511268090409
13.4,0.998789601994809,0.1997579203989619,0.998789601994809,1.348365962692992,0.3481604438673483,0.2374530595805945
13.41,0.9987956539848349,0.1997591307969671,0.9987956539848349,1.348374132879527,0.3414196416480116,0.2347208615608974
13.42,0.9988016757149107,0.1997603351429822,0.9988016757149107,1.34838226221513,0.3347125434397715,0.2319549258715478
13.43,0.9988076673363362,0.1997615334672673,0.9988076673363362,1.348390350904054,0.3280389807225726,0.2291556504938617
13.44,0.9988136289996545,0.199762725799931,0.9988136289996545,1.348398399149534,0.3213987858189598,0.2263234382115553
13.45,0.9988195608546563,0.1997639121709313,0.9988195608546563,1.348406407153786,0.314791791889865,0.2234586965527378
13.46,0.998825463050383,0.1997650926100767,0.998825463050383,1.348414375118017,0.3082178329304157,0.2205618377312205
13.47,0.9988313357351311,0.1997662671470263,0.9988313357351311,1.348422303242427,0.3016767437657636,0.2176332785871505
13.48,0.9988371790564554,0.1997674358112911,0.9988371790564554,1.348430191726215,0.2951683600469348,0.2146734405269792
13.49,0.9988429931611731,0.1997685986322347,0.9988429931611731,1.348438040767584,0.2886925182467001,0.211682749462773
13.5,0.9988487781953672,0.1997697556390735,0.9988487781953672,1.348445850563746,0.2822490556554665,0.2086616357508751
13.51,0.9988545343043904,0.1997709068608781,0.9988545343043904,1.348453621310927,0.2758378103771892,0.2056105341299273
13.52,0.9988602616328685,0.1997720523265737,0.9988602616328685,1.348461353204373,0.2694586213253032,0.202529883658261
13.53,0.9988659603247041,0.1997731920649409,0.9988659603247041,1.348469046438351,0.2631113282186767,0.1994201276506662
13.54,0.9988716305230806,0.1997743261046162,0.9988716305230806,1.348476701206159,0.2567957715775833,0.1962817136145479
13.55,0.9988772723704652,0.1997754544740931,0.9988772723704652,1.348484317700128,0.2505117927196954,0.1931150931854775
13.56,0.9988828860086129,0.1997765772017226,0.9988828860086129,1.348491896111628,0.244259233756097,0.189920722062152
13.57,0.9988884715785697,0.199777694315714,0.9988884715785697,1.34849943663107,0.2380379375873165,0.1866990599407658
13.58,0.9988940292206769,0.1997788058441355,0.9988940292206769,1.348506939447914,0.2318477478993799,0.1834505704488088
13.59,0.9988995590745735,0.1997799118149148,0.9988995590745735,1.348514404750675,0.225688509159883,0.1801757210782972
13.6,0.9989050612792006,0.1997810122558402,0.9989050612792006,1.348521832726921,0.2195600666140836,0.1768749831184486
13.61,0.9989105359728047,0.199782107194561,0.9989105359728047,1.348529223563287,0.2134622662810132,0.1735488315878097
13.62,0.9989159832929406,0.1997831966585882,0.9989159832929406,1.34853657744547,0.2073949549496081,0.1701977451658476
13.63,0.9989214033764759,0.1997842806752953,0.9989214033764759,1.348543894558243,0.2013579801748601,0.1668222061240139
13.64,0.9989267963595936,0.1997853592719188,0.9989267963595936,1.348551175085452,0.1953511902739858,0.1634227002562909
13.65,0.9989321623777956,0.1997864324755592,0.9989321623777956,1.348558419210024,0.1893744343226158,0.1599997168092316
13.66,0.9989375015659067,0.1997875003131814,0.9989375015659067,1.348565627113974,0.1834275621510028,0.1565537484115022
13.67,0.9989428140580772,0.1997885628116155,0.9989428140580772,1.348572798978404,0.1775104243402477,0.1530852910029367
13.68,0.9989480999877868,0.1997896199975574,0.9989480999877868,1.348579934983512,0.1716228722185465,0.1495948437631166
13.69,0.9989533594878478,0.1997906718975696,0.9989533594878478,1.348587035308595,0.1657647578574538,0.1460829090394823
13.7,0.9989585926904085,0.1997917185380818,0.9989585926904085,1.348594100132052,0.1599359340681665,0.1425499922749894
13.71,0.9989637997269565,0.1997927599453914,0.9989637997269565,1.348601129631392,0.1541362543978257,0.1389966019353192
13.72,0.9989689807283217,0.1997937961456644,0.9989689807283217,1.348608123983235,0.1483655731258365,0.1354232494356535
13.73,0.9989741358246801,0.1997948271649361,0.9989741358246801,1.348615083363318,0.1426237452602074,0.1318304490670248
13.74,0.9989792651455567,0.1997958530291114,0.9989792651455567,1.348622007946502,0.1369106265339063,0.1282187179222533
13.75,0.9989843688198289,0.1997968737639658,0.9989843688198289,1.348628897906769,0.1312260734012368,0.1245885758214792
13.76,0.9989894469757298,0.199797889395146,0.9989894469757298,1.348635753417235,0.1255699430342306,0.1209405452373031
13.77,0.9989944997408511,0.1997988999481703,0.9989944997408511,1.348642574650149,0.1199420933190595,0.1172751512195441
13.78,0.9989995272421468,0.1997999054484294,0.9989995272421468,1.348649361776898,0.1143423828524642,0.1135929213196273
13.79,0.9990045296059361,0.1998009059211873,0.9990045296059361,1.348656114968014,0.1087706709382018,0.1098943855146105
13.8,0.9990095069579065,0.1998019013915814,0.9990095069579065,1.348662834393174,0.1032268175835108,0.1061800761308624
13.81,0.999014459423117,0.1998028918846234,0.999014459423117,1.348669520221208,0.09771068349559327,0.1024505277674013
13.82,0.9990193871260014,0.1998038774252003,0.9990193871260014,1.348676172620102,0.09222213007811531,0.09870627721890822
13.83,0.9990242901903713,0.1998048580380743,0.9990242901903713,1.348682791757001,0.08676101942772473,0.09494786339842234
13.84,0.9990291687394195,0.1998058337478839,0.9990291687394195,1.348689377798216,0.0813272143305861,0.09117582725973253
13.85,0.9990340228957224,0.1998068045791445,0.9990340228957224,1.348695930909225,0.07592057825893317,0.08739071171947441
13.86,0.9990388527812438,0.1998077705562488,0.9990388527812438,1.348702451254679,0.07054097536763851,0.08359306157894512
13.87,0.9990436585173376,0.1998087317034676,0.9990436585173376,1.348708938998406,0.06518827049080031,0.07978342344564655
13.88,0.9990484402247509,0.1998096880449502,0.9990484402247509,1.348715394303414,0.05986232913834631,0.07596234565456862
13.89,0.9990531980236271,0.1998106396047255,0.9990531980236271,1.348721817331896,0.05456301749265458,0.0721303781892238
13.9,0.999057932033509,0.1998115864067019,0.999057932033509,1.348728208245237,0.0492902024051913,0.06828807260244427
13.91,0.9990626423733414,0.1998125284746683,0.9990626423733414,1.348734567204011,0.04404375139316535,0.06443598193695312
13.92,0.9990673291614747,0.199813465832295,0.9990673291614747,1.348740894367991,0.03882353263619952,0.06057466064572109
13.93,0.9990719925156673,0.1998143985031335,0.9990719925156673,1.348747189896151,0.03362941497301852,0.05670466451212024
13.94,0.9990766325530889,0.1998153265106179,0.9990766325530889,1.34875345394667,0.02846126789815343,0.05282655056988602
13.95,0.9990812493903234,0.1998162498780648,0.9990812493903234,1.348759686676936,0.02331896155866266,0.04894087702289941
13.96,0.9990858431433718,0.1998171686286745,0.9990858431433718,1.348765888243552,0.01820236675086935,0.04504820316480052
13.97,0.999090413927655,0.1998180827855311,0.999090413927655,1.348772058802334,0.013111354917115,0.04114908929844537
13.98,0.9990949618580167,0.1998189923716034,0.9990949618580167,1.348778198508322,0.008045798142529429,0.0372440966552173
13.99,0.9990994870487266,0.1998198974097454,0.9990994870487266,1.348784307515781,0.003005569151816782,0.03333378731420474
14,0.999103989613483,0.1998207979226967,0.999103989613483,1.348790385978202,-0.002009458693942302,0.02941872412125691
14.01,0.9991084696654156,0.1998216939330832,0.9991084696654156,1.348796434048311,-0.006999411400472591,0.02549947060792923
14.02,0.9991129273170885,0.1998225854634178,0.9991129273170885,1.348802451878069,-0.01196441434347023,0.02157659091032989
14.03,0.999117362680503,0.1998234725361007,0.999117362680503,1.348808439618679,-0.01690459227175288,0.01765064968787948
14.04,0.9991217758671005,0.1998243551734202,0.9991217758671005,1.348814397420586,-0.02182006931039411,0.01372221204199523
14.05,0.999126166987765,0.1998252333975531,0.999126166987765,1.348820325433483,-0.02671096896384214,0.009791843434711772
14.06,0.9991305361528262,0.1998261072305653,0.9991305361528262,1.348826223806315,-0.03157741411902293,0.005860109607249773
14.07,0.999134883472062,0.1998269766944125,0.999134883472062,1.348832092687283,-0.03641952704842781,0.00192757649854461
14.08,0.9991392090547018,0.1998278418109405,0.9991392090547018,1.348837932223847,-0.04123742941318567,-0.002005189836253519
14.09,0.9991435130094283,0.1998287026018858,0.9991435130094283,1.348843742562728,-0.04603124226611974,-0.005937623307296148
14.1,0.9991477954443811,0.1998295590888763,0.9991477954443811,1.348849523849914,-0.05080108605478915,-0.009869157871558076
14.11,0.9991520564671592,0.199830411293432,0.9991520564671592,1.348855276230664,-0.0555470806245152,-0.01379922761435214
14.12,0.9991562961848234,0.1998312592369648,0.9991562961848234,1.348860999849511,-0.06026934522139263,-0.01772726683082543
14.13,0.9991605147038992,0.19983210294078,0.9991605147038992,1.348866694850264,-0.06496799849528567,-0.02165271010742537
14.14,0.9991647121303797,0.1998329424260761,0.9991647121303797,1.348872361376012,-0.06964315850280925,-0.02557499240332365
14.15,0.9991688885697279,0.1998337777139457,0.9991688885697279,1.348877999569132,-0.0742949427102952,-0.02949354913178664
14.16,0.9991730441268792,0.199834608825376,0.9991730441268792,1.348883609571287,-0.07892346799674373,-0.03340781624148031
14.17,0.9991771789062448,0.1998354357812491,0.9991771789062448,1.34888919152343,-0.08352885065676001,-0.03731723029769796
14.18,0.9991812930117135,0.1998362586023428,0.9991812930117135,1.348894745565813,-0.08811120640347621,-0.04122122856349925
14.19,0.999185386546655,0.1998370773093311,0.999185386546655,1.348900271837984,-0.09267065037145883,-0.04511924908074869
14.2,0.9991894596139217,0.1998378919227844,0.9991894596139217,1.348905770478794,-0.09720729711960154,-0.04901073075104188
14.21,0.9991935123158521,0.1998387024631705,0.9991935123158521,1.3489112416264,-0.1017212606340035,-0.05289511341650802
14.22,0.9991975447542728,0.1998395089508547,0.9991975447542728,1.348916685418268,-0.1062126543308335,-0.0567718379404769
14.23,0.9992015570305014,0.1998403114061004,0.9992015570305014,1.348922101991177,-0.1106815910591793,-0.06064034628799886
14.24,0.9992055492453489,0.1998411098490699,0.9992055492453489,1.348927491481221,-0.1151281831038834,-0.06450008160620603
14.25,0.9992095214991221,0.1998419042998245,0.9992095214991221,1.348932854023815,-0.119552542188364,-0.06835048830450335
14.26,0.9992134738916265,0.1998426947783254,0.9992134738916265,1.348938189753696,-0.1239547794774222,-0.07219101213457782
14.27,0.9992174065221684,0.1998434813044338,0.9992174065221684,1.348943498804927,-0.1283350055800351,-0.07602110027021437
14.28,0.9992213194895575,0.1998442638979116,0.9992213194895575,1.348948781310902,-0.1326933305521349,-0.07984020138690702
14.29,0.9992252128921097,0.1998450425784221,0.9992252128921097,1.348954037404348,-0.1370298638993742,-0.08364776574125367
14.3,0.9992290868276492,0.1998458173655299,0.9992290868276492,1.348959267217326,-0.1413447145798774,-0.0874432452501233
14.31,0.9992329413935109,0.1998465882787023,0.9992329413935109,1.34896447088124,-0.145637991006978,-0.09122609356958394
14.32,0.9992367766865434,0.1998473553373088,0.9992367766865434,1.348969648526833,-0.1499098010519431,-0.0949957661735803
14.33,0.9992405928031107,0.1998481185606223,0.9992405928031107,1.348974800284199,-0.1541602520466833,-0.09875172043234949
14.34,0.9992443898390951,0.1998488779678191,0.9992443898390951,1.348979926282778,-0.1583894507864499,-0.1024934156905638
14.35,0.9992481678898997,0.1998496335779801,0.9992481678898997,1.348985026651364,-0.1625975035325177,-0.1062203133451889
14.36,0.9992519270504502,0.1998503854100901,0.9992519270504502,1.348990101518108,-0.1667845160148551,-0.1099318769230467
14.37,0.9992556674151979,0.1998511334830397,0.9992556674151979,1.348995151010517,-0.1709505934347808,-0.1136275721580716
14.38,0.999259389078122,0.1998518778156245,0.999259389078122,1.349000175255465,-0.1750958404676069,-0.1173068670682485
14.39,0.9992630921327313,0.1998526184265464,0.9992630921327313,1.349005174379187,-0.1792203612652689,-0.1209692320322221
14.4,0.9992667766720676,0.1998533553344136,0.9992667766720676,1.349010148507291,-0.1833242594589425,-0.1246141398655663
14.41,0.9992704427887074,0.1998540885577416,0.9992704427887074,1.349015097764755,-0.1874076381616478,-0.1282410658967028
14.42,0.9992740905747638,0.1998548181149528,0.9992740905747638,1.349020022275931,-0.1914705999708396,-0.1318494880424575
14.43,0.99927772012189,0.1998555440243781,0.99927772012189,1.349024922164552,-0.1955132469709854,-0.135438886883244
14.44,0.9992813315212805,0.1998562663042562,0.9992813315212805,1.349029797553729,-0.1995356807361305,-0.1390087457378645
14.45,0.9992849248636742,0.1998569849727349,0.9992849248636742,1.34903464856596,-0.2035380023324498,-0.142558550737915
14.46,0.9992885002393558,0.1998577000478712,0.9992885002393558,1.349039475323131,-0.2075203123207876,-0.1460877909017864
14.47,0.999292057738159,0.1998584115476319,0.999292057738159,1.349044277946515,-0.2114827107591837,-0.1495959582082497
14.48,0.9992955974494682,0.1998591194898937,0.9992955974494682,1.349049056556782,-0.2154252972053877,-0.1530825476696147
14.49,0.9992991194622208,0.1998598238924442,0.9992991194622208,1.349053811273998,-0.2193481707193608,-0.1565470574044518
14.5,0.9993026238649098,0.199860524772982,0.9993026238649098,1.349058542217628,-0.223251429865764,-0.1599889887098668
14.51,0.9993061107455852,0.1998612221491171,0.9993061107455852,1.34906324950654,-0.2271351727164351,-0.1634078461333176
14.52,0.9993095801918572,0.1998619160383715,0.9993095801918572,1.349067933259007,-0.230999496852853,-0.1668031375439634
14.53,0.999313032290898,0.1998626064581797,0.999313032290898,1.349072593592712,-0.2348444993685887,-0.1701743742035346
14.54,0.9993164671294434,0.1998632934258888,0.9993164671294434,1.349077230624749,-0.2386702768717457,-0.1735210708367153
14.55,0.9993198847937962,0.1998639769587593,0.9993198847937962,1.349081844471625,-0.242476925487387,-0.1768427457010261
14.56,0.9993232853698272,0.1998646570739655,0.9993232853698272,1.349086435249267,-0.2462645408599501,-0.180138920656199
14.57,0.9993266689429781,0.1998653337885957,0.9993266689429781,1.349091003073021,-0.2500332181556503,-0.1834091212330329
14.58,0.9993300355982632,0.1998660071196527,0.9993300355982632,1.349095548057655,-0.2537830520648721,-0.1866528767017208
14.59,0.9993333854202718,0.1998666770840545,0.9993333854202718,1.349100070317367,-0.2575141368045477,-0.1898697201396386
14.6,0.9993367184931705,0.1998673436986342,0.9993367184931705,1.34910456996578,-0.261226566120525,-0.1930591884985851
14.61,0.9993400349007047,0.199868006980141,0.9993400349007047,1.349109047115951,-0.2649204332899224,-0.1962208226714648
14.62,0.9993433347262012,0.1998686669452403,0.9993433347262012,1.349113501880372,-0.2685958311234727,-0.1993541675584028
14.63,0.9993466180525702,0.1998693236105141,0.9993466180525702,1.34911793437097,-0.2722528519678554,-0.2024587721322825
14.64,0.9993498849623074,0.1998699769924615,0.9993498849623074,1.349122344699115,-0.2758915877080161,-0.205534189503697
14.65,0.9993531355374958,0.1998706271074992,0.9993531355374958,1.349126732975619,-0.279512129769476,-0.2085799769853048
14.66,0.9993563698598084,0.1998712739719617,0.9993563698598084,1.349131099310741,-0.2831145691206286,-0.2115956961555799
14.67,0.9993595880105093,0.1998719176021019,0.9993595880105093,1.349135443814188,-0.2866989962750254,-0.2145809129219484
14.68,0.9993627900704567,0.1998725580140914,0.9993627900704567,1.349139766595117,-0.2902655012936503,-0.2175351975833009
14.69,0.9993659761201044,0.1998731952240209,0.9993659761201044,1.349144067762141,-0.2938141737871821,-0.2204581248918727
14.7,0.9993691462395038,0.1998738292479008,0.9993691462395038,1.34914834742333,-0.2973451029182461,-0.2233492741144835
14.71,0.9993723005083063,0.1998744601016613,0.9993723005083063,1.349152605686214,-0.3008583774036549,-0.2262082290931257
14.72,0.9993754390057648,0.199875087801153,0.9993754390057648,1.349156842657782,-0.3043540855166366,-0.2290345783048947
14.73,0.9993785618107359,0.1998757123621473,0.9993785618107359,1.349161058444494,-0.3078323150890535,-0.231827914921252
14.74,0.9993816690016822,0.1998763338003365,0.9993816690016822,1.349165253152271,-0.3112931535136082,-0.234587836866611
14.75,0.9993847606566738,0.1998769521313349,0.9993847606566738,1.34916942688651,-0.3147366877460401,-0.2373139468762401
14.76,0.9993878368533904,0.1998775673706782,0.9993878368533904,1.349173579752077,-0.3181630043073099,-0.2400058525534714
14.77,0.9993908976691235,0.1998781795338248,0.9993908976691235,1.349177711853317,-0.3215721892857734,-0.2426631664262097
14.78,0.9993939431807779,0.1998787886361557,0.9993939431807779,1.34918182329405,-0.3249643283393445,-0.2452855060027313
14.79,0.999396973464874,0.1998793946929749,0.999396973464874,1.34918591417758,-0.3283395066976477,-0.2478724938267666
14.8,0.9993999885975496,0.19987999771951,0.9993999885975496,1.349189984606692,-0.3316978091641595,-0.2504237575318564
14.81,0.9994029886545619,0.1998805977309125,0.9994029886545619,1.349194034683658,-0.3350393201183387,-0.2529389298949766
14.82,0.9994059737112891,0.1998811947422579,0.9994059737112891,1.34919806451024,-0.338364123517747,-0.2554176488894213
14.83,0.9994089438427327,0.1998817887685466,0.9994089438427327,1.349202074187689,-0.3416723029001583,-0.2578595577369375
14.84,0.999411899123519,0.1998823798247039,0.999411899123519,1.34920606381675,-0.3449639413856575,-0.2602643049591051
14.85,0.9994148396279015,0.1998829679255804,0.9994148396279015,1.349210033497667,-0.3482391216787292,-0.2626315444279527
14.86,0.9994177654297619,0.1998835530859525,0.9994177654297619,1.349213983330178,-0.3514979260703356,-0.2649609354158028
14.87,0.9994206766026131,0.1998841353205227,0.9994206766026131,1.349217913413528,-0.3547404364399839,-0.2672521426443407
14.88,0.9994235732196001,0.1998847146439201,0.9994235732196001,1.34922182384646,-0.357966734257784,-0.2695048363328968
14.89,0.9994264553535021,0.1998852910707005,0.9994264553535021,1.349225714727228,-0.3611769005864951,-0.271718692245939
14.9,0.9994293230767345,0.199885864615347,0.9994293230767345,1.349229586153592,-0.3643710160835626,-0.2738933917397651
14.91,0.9994321764613509,0.1998864352922703,0.9994321764613509,1.349233438222824,-0.3675491610031448,-0.2760286218083912
14.92,0.9994350155790441,0.199887003115809,0.9994350155790441,1.34923727103171,-0.3707114151981291,-0.2781240751286275
14.93,0.9994378405011489,0.1998875681002299,0.9994378405011489,1.349241084676551,-0.3738578581221385,-0.2801794501043359
14.94,0.9994406512986431,0.1998881302597287,0.9994406512986431,1.349244879253168,-0.3769885688315278,-0.2821944509098631
14.95,0.9994434480421499,0.1998886896084301,0.9994434480421499,1.349248654856902,-0.3801036259873701,-0.2841687875326426
14.96,0.9994462308019392,0.1998892461603879,0.9994462308019392,1.349252411582618,-0.3832031078574333,-0.2861021758149596
14.97,0.9994489996479294,0.199889799929586,0.9994489996479294,1.349256149524705,-0.3862870923181461,-0.2879943374948727
14.98,0.9994517546496898,0.1998903509299381,0.9994517546496898,1.349259868777081,-0.3893556568565554,-0.2898450002462872
14.99,0.9994544958764414,0.1998908991752884,0.9994544958764414,1.349263569433196,-0.3924088785722726,-0.2916538977181724
15,0.9994572233970592,0.1998914446794119,0.9994572233970592,1.34926725158603,-0.3954468341794112,-0.2934207695729198
15.01,0.9994599372800739,0.1998919874560149,0.9994599372800739,1.3492709153281,-0.3984696000085142,-0.2951453615238349
15.02,0.9994626375936735,0.1998925275187348,0.9994626375936735,1.349274560751459,-0.4014772520084716,-0.2968274253717568
15.03,0.9994653244057051,0.1998930648811411,0.9994653244057051,1.349278187947702,-0.4044698657484292,-0.2984667190408028
15.04,0.9994679977836766,0.1998935995567354,0.9994679977836766,1.349281797007963,-0.4074475164196871,-0.30006300661323
15.05,0.9994706577947582,0.1998941315589518,0.9994706577947582,1.349285388022924,-0.4104102788375887,-0.3016160583634104
15.06,0.9994733045057844,0.199894660901157,0.9994733045057844,1.349288961082809,-0.4133582274434007,-0.3031256507909146
15.07,0.9994759379832555,0.1998951875966512,0.9994759379832555,1.349292516277395,-0.4162914363061837,-0.304591566652699
15.08,0.9994785582933392,0.199895711658668,0.9994785582933392,1.349296053696008,-0.4192099791246528,-0.3060135949943916
15.09,0.9994811655018725,0.1998962331003746,0.9994811655018725,1.349299573427528,-0.4221139292290295,-0.3073915311806726
15.1,0.9994837596743631,0.1998967519348727,0.9994837596743631,1.34930307556039,-0.4250033595828844,-0.3087251769247447
15.11,0.9994863408759913,0.1998972681751984,0.9994863408759913,1.349306560182588,-0.4278783427849699,-0.3100143403168899
15.12,0.9994889091716114,0.1998977818343224,0.9994889091716114,1.349310027381675,-0.4307389510710451,-0.3112588358521069
15.13,0.9994914646257533,0.1998982929251508,0.9994914646257533,1.349313477244767,-0.4335852563156899,-0.3124584844568273
15.14,0.9994940073026246,0.199898801460525,0.9994940073026246,1.349316909858543,-0.4364173300341114,-0.3136131135147049
15.15,0.9994965372661115,0.1998993074532224,0.9994965372661115,1.349320325309251,-0.4392352433839409,-0.3147225568914756
15.16,0.9994990545797809,0.1998998109159563,0.9994990545797809,1.349323723682704,-0.4420390671670212,-0.3157866549588836
15.17,0.999501559306882,0.1999003118613765,0.999501559306882,1.349327105064291,-0.4448288718311861,-0.3168052546176711
15.18,0.9995040515103476,0.1999008103020696,0.9995040515103476,1.349330469538969,-0.4476047274720302,-0.3177782093196272
15.19,0.9995065312527959,0.1999013062505593,0.9995065312527959,1.349333817191275,-0.45036670383467,-0.3187053790886942
15.2,0.9995089985965319,0.1999017997193065,0.9995089985965319,1.349337148105318,-0.4531148703154967,-0.3195866305411267
15.21,0.9995114536035492,0.19990229072071,0.9995114536035492,1.349340462364792,-0.4558492959639192,-0.3204218369047022
15.22,0.9995138963355314,0.1999027792671064,0.9995138963355314,1.349343760052968,-0.4585700494840996,-0.3212108780369791
15.23,0.9995163268538538,0.1999032653707709,0.9995163268538538,1.349347041252703,-0.4612771992366791,-0.3219536404426002
15.24,0.9995187452195846,0.199903749043917,0.9995187452195846,1.349350306046439,-0.4639708132404958,-0.3226500172896389
15.25,0.9995211514934866,0.1999042302986974,0.9995211514934866,1.349353554516207,-0.4666509591742933,-0.323299908424986
15.26,0.9995235457360192,0.199904709147204,0.9995235457360192,1.349356786743626,-0.4693177043784218,-0.3239032203887746
15.27,0.9995259280073391,0.1999051856014679,0.9995259280073391,1.349360002809908,-0.4719711158565297,-0.3244598664278417
15.28,0.9995282983673024,0.1999056596734606,0.9995282983673024,1.349363202795859,-0.474611260277247,-0.3249697665082228
15.29,0.9995306568754658,0.1999061313750933,0.9995306568754658,1.349366386781879,-0.4772382039758608,-0.3254328473266804
15.3,0.9995330035910885,0.1999066007182178,0.9995330035910885,1.34936955484797,-0.4798520129559815,-0.3258490423212624
15.31,0.9995353385731331,0.1999070677146267,0.9995353385731331,1.34937270707373,-0.4824527528912016,-0.3262182916808896
15.32,0.9995376618802675,0.1999075323760536,0.9995376618802675,1.349375843538361,-0.4850404891267456,-0.3265405423539721
15.33,0.9995399735708661,0.1999079947141733,0.9995399735708661,1.34937896432067,-0.4876152866811119,-0.3268157480560508
15.34,0.9995422737030117,0.1999084547406025,0.9995422737030117,1.349382069499066,-0.4901772102477063,-0.3270438692764662
15.35,0.9995445623344967,0.1999089124668995,0.9995445623344967,1.349385159151571,-0.4927263241964678,-0.3272248732840501
15.36,0.9995468395228243,0.199909367904565,0.9995468395228243,1.349388233355813,-0.4952626925754854,-0.327358734131842
15.37,0.9995491053252101,0.1999098210650421,0.9995491053252101,1.349391292189034,-0.497786379112608,-0.3274454326608287
15.38,0.9995513597985841,0.1999102719597169,0.9995513597985841,1.349394335728089,-0.5002974472170449,-0.3274849565027055
15.39,0.9995536029995912,0.1999107205999183,0.9995536029995912,1.349397364049448,-0.5027959599809597,-0.3274773000816606
15.4,0.9995558349845932,0.1999111669969187,0.9995558349845932,1.349400377229201,-0.505281980181055,-0.327422464615181
15.41,0.9995580558096703,0.1999116111619341,0.9995580558096703,1.349403375343055,-0.5077555702801497,-0.3273204581138794
15.42,0.9995602655306219,0.1999120531061245,0.9995602655306219,1.34940635846634,-0.510216792428749,-0.3271712953803443
15.43,0.9995624642029688,0.1999124928405938,0.9995624642029688,1.349409326674008,-0.5126657084666052,-0.326974998007011
15.44,0.999564651881954,0.1999129303763909,0.999564651881954,1.349412280040638,-0.5151023799242722,-0.326731594373055
15.45,0.9995668286225442,0.1999133657245089,0.9995668286225442,1.349415218640435,-0.5175268680246509,-0.3264411196403087
15.46,0.9995689944794315,0.1999137988958864,0.9995689944794315,1.349418142547232,-0.5199392336845277,-0.3261036157482006
15.47,0.9995711495070343,0.199914229901407,0.9995711495070343,1.349421051834496,-0.5223395375161051,-0.325719131407719
15.48,0.9995732937594991,0.1999146587519,0.9995732937594991,1.349423946575324,-0.5247278398285246,-0.3252877220944007
15.49,0.9995754272907016,0.1999150854581405,0.9995754272907016,1.349426826842447,-0.5271042006293819,-0.3248094500403451
15.5,0.9995775501542481,0.1999155100308498,0.9995775501542481,1.349429692708235,-0.529468679626235,-0.3242843842252556
15.51,0.9995796624034768,0.1999159324806955,0.9995796624034768,1.349432544244694,-0.5318213362281038,-0.32371260036651
15.52,0.9995817640914595,0.199916352818292,0.9995817640914595,1.34943538152347,-0.5341622295469632,-0.3230941809082593
15.53,0.9995838552710022,0.1999167710542006,0.9995838552710022,1.349438204615853,-0.5364914183992284,-0.3224292150095588
15.54,0.9995859359946472,0.1999171871989296,0.9995859359946472,1.349441013592774,-0.5388089613072323,-0.3217177985315327
15.55,0.9995880063146739,0.199917601262935,0.9995880063146739,1.34944380852481,-0.5411149165006962,-0.3209600340235718
15.56,0.9995900662831005,0.1999180132566203,0.9995900662831005,1.349446589482186,-0.5434093419181927,-0.3201560307085703
15.57,0.9995921159516851,0.1999184231903372,0.9995921159516851,1.349449356534775,-0.5456922952086017,-0.3193059044672001
15.58,0.9995941553719266,0.1999188310743855,0.9995941553719266,1.349452109752101,-0.5479638337325587,-0.3184097778212267
15.59,0.999596184595067,0.1999192369190136,0.999596184595067,1.34945484920334,-0.5502240145638959,-0.3174677799158693
15.6,0.9995982036720917,0.1999196407344185,0.9995982036720917,1.349457574957324,-0.5524728944910764,-0.3164800465012065
15.61,0.9996002126537312,0.1999200425307464,0.9996002126537312,1.349460287082537,-0.554710530018621,-0.315446719912631
15.62,0.9996022115904626,0.1999204423180926,0.9996022115904626,1.349462985647124,-0.5569369773685279,-0.3143679490503564
15.63,0.9996042005325103,0.1999208401065022,0.9996042005325103,1.349465670718889,-0.5591522924816852,-0.3132438893579785
15.64,0.9996061795298478,0.1999212359059697,0.9996061795298478,1.349468342365294,-0.5613565310192767,-0.3120747028000939
15.65,0.9996081486321985,0.1999216297264398,0.9996081486321985,1.349471000653468,-0.5635497483641804,-0.3108605578389802
15.66,0.9996101078890375,0.1999220215778076,0.9996101078890375,1.349473645650201,-0.5657319996223594,-0.3096016294103402
15.67,0.9996120573495922,0.1999224114699186,0.9996120573495922,1.34947627742195,-0.5679033396242477,-0.308298098898114
15.68,0.9996139970628443,0.199922799412569,0.9996139970628443,1.34947889603484,-0.5700638229261265,-0.3069501541083627
15.69,0.99961592707753,0.1999231854155061,0.99961592707753,1.349481501554666,-0.5722135038114958,-0.3055579892422267
15.7,0.9996178474421423,0.1999235694884286,0.9996178474421423,1.349484094046893,-0.5743524362924384,-0.3041218048679641
15.71,0.9996197582049317,0.1999239516409864,0.9996197582049317,1.349486673576658,-0.5764806741109761,-0.3026418078920716
15.72,0.999621659413907,0.1999243318827815,0.999621659413907,1.349489240208775,-0.5685982707404212,-0.3011182115294925
15.73,0.9996235511168374,0.1999247102233676,0.9996235511168374,1.349491794007731,-0.5607552793867191,-0.2995512352729167
15.74,0.9996254333612532,0.1999250866722508,0.9996254333612532,1.349494335037692,-0.5529515029897855,-0.2979411048611769
15.75,0.999627306194447,0.1999254612388895,0.999627306194447,1.349496863362504,-0.5451867454748365,-0.2962880522467446
15.76,0.9996291696634747,0.199925833932695,0.9996291696634747,1.349499379045691,-0.5374608117474623,-0.2945923155623319
15.77,0.9996310238151573,0.1999262047630316,0.9996310238151573,1.349501882150463,-0.529773507688725,-0.2928541390866034
15.78,0.9996328686960816,0.1999265737392164,0.9996328686960816,1.34950437273971,-0.5221246401502814,-0.2910737732090027
15.79,0.9996347043526012,0.1999269408705203,0.9996347043526012,1.349506850876012,-0.5145140169495299,-0.2892514743936991
15.8,0.9996365308308381,0.1999273061661677,0.9996365308308381,1.349509316621632,-0.5069414468647823,-0.2873875051426599
15.81,0.999638348176684,0.1999276696353369,0.999638348176684,1.349511770038524,-0.4994067396304583,-0.2854821339578525
15.82,0.9996401564358005,0.1999280312871602,0.9996401564358005,1.349514211188331,-0.491909705932306,-0.2835356353025831
15.83,0.9996419556536215,0.1999283911307244,0.9996419556536215,1.349516640132389,-0.4844501574026445,-0.2815482895619771
15.84,0.9996437458753533,0.1999287491750708,0.9996437458753533,1.349519056931727,-0.4770279066156313,-0.279520383002606
15.85,0.9996455271459765,0.1999291054291954,0.9996455271459765,1.349521461647069,-0.4696427670825531,-0.2774522077312679
15.86,0.9996472995102467,0.1999294599020494,0.9996472995102467,1.349523854338833,-0.4622945532471404,-0.2753440616529274
15.87,0.9996490630126954,0.1999298126025392,0.9996490630126954,1.349526235067139,-0.4549830804809046,-0.2731962484278194
15.88,0.999650817697632,0.1999301635395265,0.999650817697632,1.349528603891804,-0.4477081650785001,-0.2710090774277253
15.89,0.9996525636091438,0.1999305127218289,0.9996525636091438,1.349530960872344,-0.4404696242531076,-0.2687828636914263
15.9,0.9996543007910981,0.1999308601582197,0.9996543007910981,1.349533306067983,-0.4332672761318421,-0.2665179278793403
15.91,0.9996560292871426,0.1999312058574286,0.9996560292871426,1.349535639537643,-0.4261009397511829,-0.2642145962273498
15.92,0.9996577491407069,0.1999315498281415,0.9996577491407069,1.349537961339955,-0.4189704350524269,-0.2618732004998266
15.93,0.9996594603950034,0.1999318920790008,0.9996594603950034,1.349540271533255,-0.4118755828771648,-0.2594940779418608
15.94,0.9996611630930284,0.1999322326186057,0.9996611630930284,1.349542570175589,-0.404816204962779,-0.2570775712307001
15.95,0.9996628572775633,0.1999325714555127,0.9996628572775633,1.349544857324711,-0.3977921239379651,-0.254624028426407
15.96,0.9996645429911755,0.1999329085982351,0.9996645429911755,1.349547133038087,-0.3908031633182752,-0.2521338029217413
15.97,0.9996662202762195,0.199933244055244,0.9996662202762195,1.349549397372897,-0.3838491475016839,-0.2496072533912737
15.98,0.9996678891748384,0.1999335778349678,0.9996678891748384,1.349551650386033,-0.3769299017641755,-0.2470447437397402
15.99,0.9996695497289642,0.1999339099457929,0.9996695497289642,1.349553892134102,-0.3700452522553546,-0.2444466430496421
16,0.9996712019803193,0.199934240396064,0.9996712019803193,1.349556122673432,-0.3631950259940778,-0.241813325528101
16.01,0.9996728459704177,0.1999345691940836,0.9996728459704177,1.349558342060065,-0.3563790508641074,-0.2391451704529759
16.02,0.9996744817405656,0.1999348963481132,0.9996744817405656,1.349560550349765,-0.3495971556097868,-0.23644256211825
16.03,0.9996761093318628,0.1999352218663727,0.9996761093318628,1.349562747598016,-0.3428491698317379,-0.2337058897786947
16.04,0.9996777287852034,0.1999355457570408,0.9996777287852034,1.349564933860026,-0.3361349239825792,-0.2309355475938203
16.05,0.9996793401412775,0.1999358680282556,0.9996793401412775,1.349567109190725,-0.3294542493626663,-0.2281319345711194
16.06,0.9996809434405711,0.1999361886881143,0.9996809434405711,1.349569273644772,-0.322806978115853,-0.225295454508613
16.07,0.9996825387233683,0.1999365077446738,0.9996825387233683,1.349571427276548,-0.3161929432252737,-0.2224265159367056
16.08,0.9996841260297514,0.1999368252059504,0.9996841260297514,1.349573570140165,-0.3096119785091473,-0.2195255320593606
16.09,0.9996857053996027,0.1999371410799206,0.9996857053996027,1.349575702289464,-0.3030639186166016,-0.2165929206946007
16.1,0.9996872768726046,0.199937455374521,0.9996872768726046,1.349577823778017,-0.2965485990235186,-0.2136291042143457
16.11,0.9996888404882416,0.1999377680976484,0.9996888404882416,1.349579934659127,-0.290065856028401,-0.2106345094835933
16.12,0.9996903962858004,0.1999380792571602,0.9996903962858004,1.349582034985831,-0.283615526748259,-0.2076095677989532
16.13,0.9996919443043714,0.1999383888608744,0.9996919443043714,1.349584124810902,-0.2771974491145177,-0.2045547148265434
16.14,0.9996934845828495,0.19993869691657,0.9996934845828495,1.349586204186847,-0.2708114618689451,-0.201470390539257
16.15,0.9996950171599353,0.1999390034319872,0.9996950171599353,1.349588273165913,-0.2644574045596004,-0.1983570391534087
16.16,0.9996965420741356,0.1999393084148272,0.9996965420741356,1.349590331800084,-0.2581351175368023,-0.1952151090647705
16.17,0.9996980593637649,0.1999396118727531,0.9996980593637649,1.349592380141083,-0.2518444419491183,-0.1920450527840055
16.18,0.999699569066946,0.1999399138133894,0.999699569066946,1.349594418240378,-0.2455852197393727,-0.188847326871509
16.19,0.9997010712216113,0.1999402142443224,0.9997010712216113,1.349596446149176,-0.2393572936406759,-0.1856223918716668
16.2,0.9997025658655033,0.1999405131731008,0.9997025658655033,1.34959846391843,-0.2331605071724725,-0.1823707122465392
16.21,0.9997040530361758,0.1999408106072353,0.9997040530361758,1.349600471598838,-0.2269947046366101,-0.1790927563089814
16.22,0.9997055327709949,0.1999411065541991,0.9997055327709949,1.349602469240844,-0.2208597311134271,-0.175788996155209
16.23,0.9997070051071399,0.1999414010214281,0.9997070051071399,1.34960445689464,-0.21475543245786,-0.1724599075968194
16.24,0.9997084700816042,0.199941694016321,0.9997084700816042,1.349606434610167,-0.2086816552955707,-0.1691059700922768
16.25,0.9997099277311963,0.1999419855462394,0.9997099277311963,1.349608402437116,-0.2026382470190928,-0.1657276666778737
16.26,0.9997113780925403,0.1999422756185082,0.9997113780925403,1.34961036042493,-0.1966250557839974,-0.162325483898176
16.27,0.9997128212020776,0.1999425642404156,0.9997128212020776,1.349612308622805,-0.1906419305050774,-0.1588999117359634
16.28,0.9997142570960672,0.1999428514192136,0.9997142570960672,1.349614247079691,-0.184688720852552,-0.1554514435416746
16.29,0.9997156858105869,0.1999431371621175,0.9997156858105869,1.349616175844293,-0.1787652772482893,-0.1519805759623673
16.3,0.999717107381534,0.1999434214763069,0.999717107381534,1.349618094965071,-0.1728714508620478,-0.1484878088702044
16.31,0.9997185218446263,0.1999437043689254,0.9997185218446263,1.349620004490246,-0.1670070936077376,-0.1449736452904741
16.32,0.9997199292354032,0.1999439858470807,0.9997199292354032,1.349621904467795,-0.1611720581396989,-0.141438591329158
16.33,0.9997213295892262,0.1999442659178453,0.9997213295892262,1.349623794945456,-0.1553661978490004,-0.1378831561000538
16.34,0.9997227229412801,0.1999445445882561,0.9997227229412801,1.349625675970729,-0.1495893668597554,-0.1343078516514659
16.35,0.9997241093265736,0.1999448218653148,0.9997241093265736,1.349627547590875,-0.1438414200254566,-0.1307131928924733
16.36,0.9997254887799407,0.1999450977559883,0.9997254887799407,1.349629409852921,-0.1381222129253294,-0.1270996975187848
16.37,0.9997268613360411,0.1999453722672083,0.9997268613360411,1.349631262803656,-0.1324316018607027,-0.1234678859381942
16.38,0.9997282270293608,0.1999456454058723,0.9997282270293608,1.349633106489638,-0.1267694438513992,-0.1198182811956437
16.39,0.999729585894214,0.1999459171788429,0.999729585894214,1.349634940957189,-0.1211355966321422,-0.1161514088979086
16.4,0.999730937964743,0.1999461875929487,0.999730937964743,1.349636766252404,-0.1155299186489815,-0.1124677971379119
16.41,0.9997322832749193,0.199946456654984,0.9997322832749193,1.349638582421142,-0.1099522690557366,-0.1087679764186824
16.42,0.9997336218585446,0.199946724371709,0.9997336218585446,1.349640389509036,-0.1044025077104579,-0.1050524795769643
16.43,0.9997349537492519,0.1999469907498505,0.9997349537492519,1.349642187561491,-0.09888049517190563,-0.1013218417064917
16.44,0.9997362789805057,0.1999472557961012,0.9997362789805057,1.349643976623683,-0.0933860926960461,-0.09757660008093741
16.45,0.9997375975856031,0.1999475195171207,0.9997375975856031,1.349645756740565,-0.08791916223256586,-0.09381729407654867
16.46,0.9997389095976751,0.1999477819195351,0.9997389095976751,1.349647527956862,-0.08247956642140303,-0.09004446509447921
16.47,0.9997402150496867,0.1999480430099375,0.9997402150496867,1.349649290317078,-0.07706716858929601,-0.08625865648283028
16.48,0.9997415139744382,0.1999483027948878,0.9997415139744382,1.349651043865493,-0.07168183274634952,-0.08246041345841111
16.49,0.999742806404566,0.1999485612809133,0.999742806404566,1.349652788646165,-0.06632342358261778,-0.07865028302823035
16.5,0.9997440923725432,0.1999488184745087,0.9997440923725432,1.349654524702935,-0.06099180646470469,-0.07482881391072964
16.51,0.9997453719106806,0.1999490743821362,0.9997453719106806,1.34965625207942,-0.05568684743238116,-0.07099655645677079
16.52,0.9997466450511272,0.1999493290102255,0.9997466450511272,1.349657970819023,-0.05040841319521926,-0.06715406257038786
16.53,0.9997479118258715,0.1999495823651744,0.9997479118258715,1.349659680964928,-0.04515637112924316,-0.06330188562931557
16.54,0.9997491722667422,0.1999498344533485,0.9997491722667422,1.349661382560103,-0.03993058927359694,-0.0594405804053055
16.55,0.9997504264054085,0.1999500852810818,0.9997504264054085,1.349663075647303,-0.03473093632722896,-0.05557070298424157
16.56,0.9997516742733814,0.1999503348546764,0.9997516742733814,1.349664760269066,-0.02955728164559281,-0.05169281068606624
16.57,0.9997529159020145,0.199950583180403,0.9997529159020145,1.349666436467721,-0.02440949523736485,-0.04780746198452902
16.58,0.9997541513225044,0.199950830264501,0.9997541513225044,1.349668104285382,-0.01928744776117802,-0.0439152164267688
16.59,0.999755380565892,0.1999510761131785,0.999755380565892,1.349669763763955,-0.01419101052237213,-0.0400166345527417
16.6,0.9997566036630625,0.1999513207326126,0.9997566036630625,1.349671414945135,-0.009120055469760271,-0.03611227781450577
16.61,0.9997578206447472,0.1999515641289495,0.9997578206447472,1.34967305787041,-0.004074455192411469,-0.03220270849537454
16.62,0.9997590315415235,0.1999518063083048,0.9997590315415235,1.349674692581058,0.0009459170835505884,-0.02828848962895074
16.63,0.9997602363838158,0.1999520472767632,0.9997602363838158,1.349676319118152,0.005941187498132835,-0.02437018491805194
16.64,0.9997614352018968,0.1999522870403794,0.9997614352018968,1.349677937522562,0.01091148156064217,-0.02044835865353998
16.65,0.9997626280258872,0.1999525256051775,0.9997626280258872,1.349679547834949,0.01585692415283896,-0.01652357563306555
16.66,0.9997638148857578,0.1999527629771516,0.9997638148857578,1.349681150095774,0.02077763953207476,-0.01259640107973986
16.67,0.999764995811329,0.1999529991622659,0.999764995811329,1.349682744345295,0.02567375133441439,-0.008667400560745022
16.68,0.9997661708322724,0.1999532341664546,0.9997661708322724,1.349684330623569,0.03054538257774232,-0.004737139905894893
16.69,0.999767339978111,0.1999534679956223,0.999767339978111,1.349685908970451,0.0353926556648536,-0.0008061851261580797
16.7,0.9997685032782204,0.1999537006556442,0.9997685032782204,1.349687479425599,0.04021569238652933,0.003124897667845176
16.71,0.9997696607618293,0.199953932152366,0.9997696607618293,1.349689042028471,0.04501461392459669,0.007055542347360395
16.72,0.9997708124580201,0.1999541624916041,0.9997708124580201,1.349690596818328,0.0497895408549737,0.01098518284701898
16.73,0.9997719583957301,0.1999543916791461,0.9997719583957301,1.349692143834237,0.05454059315069883,0.0149132532463491
16.74,0.9997730986037514,0.1999546197207504,0.9997730986037514,1.349693683115065,0.05926789018494534,0.01883918785126585
16.75,0.9997742331107327,0.1999548466221466,0.9997742331107327,1.34969521469949,0.06397155073402061,0.02276242127552867
16.76,0.999775361945179,0.1999550723890359,0.999775361945179,1.349696738625993,0.06865169298035051,0.02668238852215458
16.77,0.9997764851354531,0.1999552970270907,0.9997764851354531,1.349698254932863,0.07330843451544876,0.03059852506477526
16.78,0.9997776027097759,0.1999555205419553,0.9997776027097759,1.349699763658198,0.07794189234287152,0.03451026692892645
16.79,0.999778714696227,0.1999557429392455,0.999778714696227,1.349701264839907,0.08255218288115716,0.03841705077325783
16.8,0.9997798211227459,0.1999559642245493,0.9997798211227459,1.349702758515708,0.08713942196675138,0.04231831397065181
16.81,0.9997809220171322,0.1999561844034265,0.9997809220171322,1.349704244723129,0.09170372485691762,0.04621349468923935
16.82,0.9997820174070465,0.1999564034814094,0.9997820174070465,1.349705723499514,0.09624520623263304,0.05010203197330142
16.83,0.9997831073200113,0.1999566214640023,0.9997831073200113,1.349707194882016,0.1007639802014699,0.0539833658240442
16.84,0.9997841917834113,0.1999568383566823,0.9997841917834113,1.349708658907606,0.1052601603004625,0.05785693728023656
16.85,0.9997852708244942,0.1999570541648989,0.9997852708244942,1.349710115613068,0.1097338594989602,0.06172218849869808
16.86,0.9997863444703717,0.1999572688940744,0.9997863444703717,1.349711565035003,0.1141851902014654,0.06557856283462611
16.87,0.9997874127480199,0.199957482549604,0.9997874127480199,1.349713007209828,0.1186142642504581,0.0694255049217503
16.88,0.9997884756842798,0.199957695136856,0.9997884756842798,1.349714442173778,0.1230211929292058,0.07326246075230294
16.89,0.9997895333058584,0.1999579066611717,0.9997895333058584,1.349715869962909,0.1274060869645598,0.07708887775679384
16.9,0.9997905856393291,0.1999581171278658,0.9997905856393291,1.349717290613095,0.131769056529737,0.08090420488357788
16.91,0.9997916327111325,0.1999583265422265,0.9997916327111325,1.34971870416003,0.1361102112470883,0.08470789267820428
16.92,0.9997926745475768,0.1999585349095153,0.9997926745475768,1.349720110639229,0.1404296601908528,0.08849939336253562
16.93,0.999793711174839,0.1999587422349678,0.999793711174839,1.349721510086033,0.1447275118898986,0.09227816091362567
16.94,0.9997947426189647,0.1999589485237929,0.9997947426189647,1.349722902535603,0.1490038743304491,0.09604365114234437
16.95,0.9997957689058699,0.199959153781174,0.9997957689058699,1.349724288022925,0.1532588549587968,0.09979532177173879
16.96,0.9997967900613405,0.1999593580122681,0.9997967900613405,1.34972566658281,0.1574925606840029,0.1035326325151188
16.97,0.9997978061110337,0.1999595612222067,0.9997978061110337,1.349727038249896,0.1617050978805828,0.1072550451538559
16.98,0.9997988170804786,0.1999597634160957,0.9997988170804786,1.349728403058647,0.1658965723911799,0.1109620236148849
16.99,0.9997998229950762,0.1999599645990152,0.9997998229950762,1.349729761043353,0.170067089529224,0.1146530340478956
17,0.9998008238801008,0.1999601647760201,0.9998008238801008,1.349731112238137,0.1742167540815779,0.1183275449022056
17.01,0.9998018197607004,0.19996036395214,0.9998018197607004,1.349732456676946,0.17834567031117,0.1219850270033009
17.02,0.9998028106618969,0.1999605621323793,0.9998028106618969,1.349733794393561,0.1824539419596142,0.1256249536290352
17.03,0.9998037966085874,0.1999607593217174,0.9998037966085874,1.349735125421593,0.1865416722498161,0.1292468005854754
17.04,0.9998047776255445,0.1999609555251089,0.9998047776255445,1.349736449794485,0.190608963888567,0.1328500462823836
17.05,0.9998057537374169,0.1999611507474833,0.9998057537374169,1.349737767545513,0.1946559190691242,0.1364341718083237
17.06,0.9998067249687298,0.1999613449937459,0.9998067249687298,1.349739078707786,0.1986826394737786,0.1399986610053827
17.07,0.9998076913438861,0.1999615382687772,0.9998076913438861,1.349740383314247,0.2026892262764097,0.1435430005434951
17.08,0.9998086528871667,0.1999617305774333,0.9998086528871667,1.349741681397675,0.2066757801450276,0.1470666799943603
17.09,0.9998096096227309,0.1999619219245461,0.9998096096227309,1.349742972990687,0.2106424012443025,0.1505691919049424
17.1,0.9998105615746172,0.1999621123149234,0.9998105615746172,1.349744258125734,0.214589189238081,0.1540500318705411
17.11,0.9998115087667442,0.1999623017533488,0.9998115087667442,1.349745536835105,0.2185162432918906,0.1575086986074238
17.12,0.9998124512229105,0.199962490244582,0.9998124512229105,1.349746809150929,0.2224236620754311,0.1609446940250086
17.13,0.9998133889667959,0.1999626777933591,0.9998133889667959,1.349748075105175,0.2263115437650539,0.1643575232975871
17.14,0.999814322021962,0.1999628644043923,0.999814322021962,1.349749334729649,0.2301799860462287,0.1677466949355772
17.15,0.9998152504118522,0.1999630500823704,0.9998152504118522,1.349750588056001,0.2340290861159975,0.1711117208562958
17.16,0.9998161741597928,0.1999632348319585,0.9998161741597928,1.349751835115721,0.2378589406854175,0.1744521164542403
17.17,0.9998170932889939,0.1999634186577987,0.9998170932889939,1.349753075940142,0.2416696459819904,0.1777674006708701
17.18,0.9998180078225489,0.1999636015645097,0.9998180078225489,1.349754310560441,0.2454612977520805,0.1810570960638768
17.19,0.9998189177834362,0.1999637835566872,0.9998189177834362,1.349755539007639,0.2492339912633201,0.1843207288759337
17.2,0.999819823194519,0.1999639646389037,0.999819823194519,1.349756761312601,0.2529878213070035,0.1875578291029155
17.21,0.9998207240785464,0.1999641448157092,0.9998207240785464,1.349757977506038,0.2567228822004685,0.1907679305615763
17.22,0.9998216204581537,0.1999643240916306,0.9998216204581537,1.349759187618508,0.2604392677894661,0.1939505709566782
17.23,0.9998225123558629,0.1999645024711725,0.9998225123558629,1.349760391680416,0.2641370714505188,0.1971052919475598
17.24,0.9998233997940836,0.1999646799588166,0.9998233997940836,1.349761589722013,0.2678163860932662,0.2002316392141356
17.25,0.9998242827951133,0.1999648565590225,0.9998242827951133,1.349762781773403,0.2714773041627999,0.2033291625223158
17.26,0.9998251613811378,0.1999650322762274,0.9998251613811378,1.349763967864537,0.2751199176419858,0.2063974157888382
17.27,0.9998260355742321,0.1999652071148463,0.9998260355742321,1.349765148025214,0.2787443180537759,0.2094359571455024
17.28,0.999826905396361,0.1999653810792721,0.999826905396361,1.349766322285088,0.282350596463507,0.2124443490027968
17.29,0.9998277708693791,0.1999655541738757,0.9998277708693791,1.349767490673663,0.2859388434811895,0.2154221581129097
17.3,0.9998286320150322,0.1999657264030064,0.9998286320150322,1.349768653220294,0.2895091492637835,0.2183689556321149
17.31,0.999829488854957,0.1999658977709913,0.999829488854957,1.349769809954193,0.2930616035174646,0.2212843171825238
17.32,0.9998303414106823,0.1999660682821364,0.9998303414106823,1.349770960904422,0.2965962954998773,0.2241678229131932
17.33,0.9998311897036288,0.1999662379407257,0.9998311897036288,1.3497721060999,0.3001133140223779,0.227019057560583
17.34,0.9998320337551106,0.1999664067510221,0.9998320337551106,1.3497732455694,0.303612747452266,0.2298376105083516
17.35,0.9998328735863351,0.1999665747172669,0.9998328735863351,1.349774379341553,0.3070946837150047,0.2326230758464829
17.36,0.9998337092184034,0.1999667418436806,0.9998337092184034,1.349775507444846,0.3105592102964297,0.2353750524297359
17.37,0.9998345406723114,0.1999669081344622,0.9998345406723114,1.349776629907621,0.3140064142449475,0.2380931439354078
17.38,0.9998353679689498,0.1999670735937899,0.9998353679689498,1.349777746758083,0.3174363821737228,0.2407769589204022
17.39,0.999836191129105,0.1999672382258209,0.999836191129105,1.349778858024293,0.3208492002628542,0.2434261108775959
17.4,0.9998370101734595,0.1999674020346918,0.9998370101734595,1.349779963734171,0.3242449542615399,0.2460402182914936
17.41,0.9998378251225922,0.1999675650245184,0.9998378251225922,1.349781063915501,0.3276237294902322,0.2486189046931647
17.42,0.9998386359969793,0.1999677271993958,0.9998386359969793,1.349782158595923,0.3309856108427811,0.251161798714453
17.43,0.9998394428169944,0.1999678885633988,0.9998394428169944,1.349783247802943,0.3343306827885671,0.2536685341414522
17.44,0.9998402456029095,0.1999680491205818,0.9998402456029095,1.349784331563929,0.3376590293746243,0.2561387499672388
17.45,0.999841044374895,0.1999682088749789,0.999841044374895,1.349785409906109,0.3409707342277512,0.2585720904438556
17.46,0.9998418391530205,0.199968367830604,0.9998418391530205,1.349786482856578,0.3442658805566124,0.2609682051335376
17.47,0.9998426299572554,0.199968525991451,0.9998426299572554,1.349787550442296,0.3475445511538294,0.2633267489591736
17.48,0.9998434168074691,0.1999686833614937,0.9998434168074691,1.349788612690084,0.3508068283980602,0.2656473822539955
17.49,0.9998441997234317,0.1999688399446863,0.9998441997234317,1.349789669626634,0.3540527942560699,0.2679297708104889
17.5,0.9998449787248146,0.1999689957449628,0.9998449787248146,1.349790721278501,0.3572825302847896,0.2701735859285171
17.51,0.9998457538311906,0.199969150766238,0.9998457538311906,1.349791767672108,0.3604961176333656,0.2723785044626527
17.52,0.9998465250620346,0.1999693050124068,0.9998465250620346,1.349792808833748,0.3636936370451988,0.2745442088687088
17.53,0.9998472924367244,0.1999694584873448,0.9998472924367244,1.349793844789579,0.3668751688599728,0.2766703872494638
17.54,0.9998480559745409,0.1999696111949081,0.9998480559745409,1.349794875565631,0.3700407930156729,0.278756733399573
17.55,0.9998488156946681,0.1999697631389335,0.9998488156946681,1.349795901187803,0.3731905890505946,0.2808029468496607
17.56,0.9998495716161948,0.1999699143232389,0.9998495716161948,1.349796921681864,0.3763246361053416,0.2828087329095866
17.57,0.9998503237581139,0.1999700647516227,0.9998503237581139,1.349797937073455,0.3794430129248149,0.2847738027108792
17.58,0.9998510721393233,0.1999702144278646,0.9998510721393233,1.349798947388087,0.3825457978601908,0.2866978732483316
17.59,0.9998518167786267,0.1999703633557252,0.9998518167786267,1.349799952651147,0.3856330688708899,0.2885806674207529
17.6,0.9998525576947336,0.1999705115389466,0.9998525576947336,1.349800952887891,0.3887049035265354,0.2904219140708693
17.61,0.99985329490626,0.1999706589812519,0.99985329490626,1.349801948123452,0.3917613790089027,0.2922213480243691
17.62,0.9998540284317287,0.1999708056863456,0.9998540284317287,1.349802938382834,0.3948025721138582,0.2939787101280865
17.63,0.99985475828957,0.1999709516579139,0.99985475828957,1.34980392369092,0.3978285592532889,0.2956937472873184
17.64,0.9998554844981222,0.1999710968996243,0.9998554844981222,1.349804904072466,0.4008394164570225,0.2973662125022686
17.65,0.9998562070756316,0.1999712414151262,0.9998562070756316,1.349805879552104,0.4038352193747374,0.2989958649036144
17.66,0.9998569260402534,0.1999713852080506,0.9998569260402534,1.349806850154343,0.4068160432778637,0.30058246978719
17.67,0.9998576414100522,0.1999715282820103,0.9998576414100522,1.349807815903571,0.4097819630614744,0.3021257986477834
17.68,0.9998583532030019,0.1999716706406002,0.9998583532030019,1.349808776824053,0.412733053246167,0.3036256292120393
17.69,0.9998590614369869,0.1999718122873972,0.9998590614369869,1.349809732939933,0.4156693879799361,0.3050817454704651
17.7,0.999859766129802,0.1999719532259602,0.999859766129802,1.349810684275234,0.4185910410400365,0.3064939377085351
17.71,0.999860467299153,0.1999720934598304,0.999860467299153,1.349811630853857,0.4214980858348363,0.3078620025368882
17.72,0.9998611649626572,0.1999722329925313,0.9998611649626572,1.349812572699588,0.4243905954056621,0.3091857429206148
17.73,0.9998618591378439,0.1999723718275686,0.9998618591378439,1.34981350983609,0.4272686424286338,0.3104649682076281
17.74,0.9998625498421546,0.1999725099684308,0.9998625498421546,1.34981444228691,0.4301322992164906,0.3116994941561175
17.75,0.9998632370929439,0.1999726474185886,0.9998632370929439,1.349815370075475,0.4329816377204082,0.3128891429610773
17.76,0.9998639209074792,0.1999727841814957,0.9998639209074792,1.349816293225098,0.4358167295318061,0.3140337432799105
17.77,0.9998646013029419,0.1999729202605882,0.9998646013029419,1.349817211758972,0.4386376458841471,0.3151331302570998
17.78,0.9998652782964271,0.1999730556592853,0.9998652782964271,1.349818125700177,0.4414444576547264,0.3161871455479468
17.79,0.999865951904945,0.1999731903809888,0.999865951904945,1.349819035071677,0.4442372353664528,0.3171956373413715
17.8,0.9998666221454202,0.1999733244290839,0.9998666221454202,1.349819939896318,0.4470160491896205,0.3181584603817724
17.81,0.9998672890346931,0.1999734578069385,0.9998672890346931,1.349820840196837,0.4497809689436724,0.3190754759899422
17.82,0.9998679525895197,0.1999735905179038,0.9998679525895197,1.349821735995852,0.4525320640989541,0.3199465520830367
17.83,0.999868612826572,0.1999737225653143,0.999868612826572,1.349822627315873,0.4552694037784593,0.320771563193593
17.84,0.9998692697624392,0.1999738539524877,0.9998692697624392,1.349823514179294,0.457993056759567,0.3215503904875963
17.85,0.999869923413627,0.1999739846827253,0.999869923413627,1.349824396608397,0.4607030914757692,0.3222829217815908
17.86,0.9998705737965589,0.1999741147593116,0.9998705737965589,1.349825274625355,0.4633995760183904,0.3229690515588331
17.87,0.9998712209275761,0.1999742441855151,0.9998712209275761,1.349826148252229,0.4660825781382985,0.3236086809844855
17.88,0.9998718648229382,0.1999743729645875,0.9998718648229382,1.349827017510967,0.468752165247607,0.3242017179198471
17.89,0.9998725054988236,0.1999745010997646,0.9998725054988236,1.349827882423413,0.4714084044213689,0.3247480769356213
17.9,0.9998731429713295,0.1999746285942657,0.9998731429713295,1.349828743011296,0.4740513623992621,0.3252476793242159
17.91,0.9998737772564728,0.1999747554512944,0.9998737772564728,1.349829599296239,0.4766811055872658,0.3257004531110766
17.92,0.9998744083701904,0.1999748816740379,0.9998744083701904,1.349830451299758,0.4792977000593295,0.3261063330650502
17.93,0.9998750363283394,0.1999750072656677,0.9998750363283394,1.349831299043259,0.4819012115590328,0.3264652607077768
17.94,0.9998756611466977,0.1999751322293394,0.9998756611466977,1.349832142548043,0.4844917055012377,0.3267771843221102
17.95,0.9998762828409642,0.1999752565681927,0.9998762828409642,1.349832981835303,0.4870692469737315,0.3270420589595638
17.96,0.9998769014267593,0.1999753802853518,0.9998769014267593,1.349833816926126,0.4896339007388628,0.3272598464467826
17.97,0.9998775169196256,0.199975503383925,0.9998775169196256,1.349834647841496,0.4921857312351685,0.327430515391039
17.98,0.9998781293350274,0.1999756258670054,0.9998781293350274,1.349835474602288,0.4947248025789927,0.3275540411847528
17.99,0.9998787386883523,0.1999757477376704,0.9998787386883523,1.349836297229277,0.4972511785660977,0.3276304060090339
18,0.9998793449949106,0.199975868998982,0.9998793449949106,1.34983711574313,0.4997649226732672,0.327659598836247
