0,0,0,1,1
0.01,0.005,0.005,0.99,1
0.02,0.009925,0.009975000000000001,0.98015,1
0.03,0.014776125,0.014925125,0.9704477499999999,1
0.04,0.019554483125,0.019850499375,0.96089103375,1
0.05,0.024261165878125,0.024751246878125,0.95147766824375,1
0.06,0.02889724838995313,0.02962749064373438,0.9422055032200938,1
0.07000000000000001,0.03346378966410383,0.0344793531905157,0.9330724206717923,1
0.08,0.03796183281914227,0.03930695642456312,0.9240763343617154,1
0.09,0.04239240532685513,0.04411042164244031,0.9152151893462898,1
0.1,0.04675651924695231,0.04888986953422811,0.9064869615060954,1
0.11,0.05105517145824803,0.05364542018655697,0.897889657083504,1
0.12,0.05528934388637431,0.05837719308562418,0.8894213122272514,1
0.13,0.05946000372807869,0.06308530712019605,0.8810799925438426,1
0.14,0.06356810367215751,0.06776988058459507,0.872863792655685,1
0.15,0.06761458211707515,0.0724310311816721,0.8647708357658497,1
0.16,0.07160036338531903,0.07706887602576375,0.8567992732293619,1
0.17,0.07552635793453924,0.08168353164563492,0.8489472841309216,1
0.18,0.07939346256552116,0.08627511398740675,0.8412130748689577,1
0.19,0.08320256062703833,0.09084373841746972,0.8335948787459233,1
0.2,0.08695452221763275,0.09538951972538237,0.8260909555647344,1
0.21,0.09065020438436826,0.09991257212675546,0.8186995912312635,1
0.22,0.09429045131860274,0.1044130092661217,0.8114190973627945,1
0.23,0.09787609454882369,0.1088909442197911,0.8042478109023526,1
0.24,0.1014079531305913,0.1133464894986921,0.7971840937388173,1
0.25,0.1048868338336325,0.1177797570511987,0.7902263323327351,1
0.26,0.108313531326128,0.1221908582659427,0.783372937347744,1
0.27,0.1116888283562361,0.126579903974613,0.7766223432875279,1
0.28,0.1150134959308925,0.1309470044547399,0.769973008138215,1
0.29,0.1182882934919291,0.1352922694324662,0.7634234130161417,1
0.3,0.1215139690895502,0.1396158080853039,0.7569720618208996,1
0.31,0.124691259553207,0.1439177290448773,0.7506174808935862,1
0.32,0.1278208906599088,0.148198140399653,0.7443582186801823,1
0.33,0.1309035773000102,0.1524571496976547,0.7381928453999795,1
0.34,0.1339400236405101,0.1566948639491664,0.7321199527189799,1
0.35,0.1369309232859024,0.1609113896294206,0.7261381534281952,1
0.36,0.1398769594366139,0.1651068326812735,0.7202460811267724,1
0.37,0.1427788050450647,0.1692812985178671,0.7144423899098706,1
0.38,0.1456371229693887,0.1734348920252778,0.7087257540612226,1
0.39,0.1484525661248479,0.1775677175651514,0.7030948677503043,1
0.4,0.1512257776329752,0.1816798789773257,0.6975484447340496,1
0.41,0.1539573909684805,0.185771479582439,0.692085218063039,1
0.42,0.1566480301039533,0.1898426221845268,0.6867039397920933,1
0.43,0.159298309652394,0.1938934090736042,0.681403380695212,1
0.44,0.1619088350076081,0.1979239420282362,0.6761823299847838,1
0.45,0.164480202482494,0.201934322318095,0.6710395950350121,1
0.46,0.1670129994452565,0.2059246507065045,0.6659740011094869,1
0.47,0.1695078044535777,0.209895027452972,0.6609843910928446,1
0.48,0.171965187386774,0.2138455523157071,0.656069625226452,1
0.49,0.1743857095759724,0.2177763245541286,0.6512285808480551,1
0.5,0.1767699239323328,0.2216874429313579,0.6464601521353344,1
0.51,0.1791183750733478,0.2255790057167012,0.6417632498533044,1
0.52,0.1814315994472476,0.2294511106881177,0.6371368011055047,1
0.53,0.1837101254555389,0.2333038551346771,0.6325797490889222,1
0.54,0.1859544735737058,0.2371373358590037,0.6280910528525884,1
0.55,0.1881651564701002,0.2409516491797087,0.6236696870597995,1
0.5600000000000001,0.1903426791230487,0.2447468909338101,0.6193146417539026,1
0.5700000000000001,0.192487538936203,0.2485231564791411,0.6150249221275941,1
0.58,0.1946002258521599,0.2522805406967454,0.6107995482956801,1
0.59,0.1966812224643776,0.2560191379932616,0.6066375550712448,1
0.6,0.1987310041274119,0.2597390423032954,0.6025379917451762,1
0.61,0.2007500390655007,0.2634403470917789,0.5984999218689986,1
0.62,0.2027387884795182,0.26712314535632,0.5945224230409636,1
0.63,0.2046977066523255,0.2707875296295384,0.5906045866953491,1
0.64,0.2066272410525406,0.2744335919813907,0.5867455178949188,1
0.65,0.2085278324367525,0.2780614240214838,0.5829443351264951,1
0.66,0.2103999149502012,0.2816711169013764,0.5792001700995977,1
0.67,0.2122439162259482,0.2852627613168695,0.5755121675481036,1
0.68,0.214060257482559,0.2888364475102851,0.5718794850348821,1
0.6900000000000001,0.2158493536203206,0.2923922652727337,0.5683012927593588,1
0.7000000000000001,0.2176116133160158,0.29593030394637,0.5647767733679685,1
0.71,0.2193474391162755,0.2994506524266382,0.561305121767449,1
0.72,0.2210572275295314,0.302953399164505,0.5578855449409372,1
0.73,0.2227413691165885,0.3064386321686825,0.554517261766823,1
0.74,0.2244002485798396,0.3099064390078391,0.5511995028403207,1
0.75,0.226034244851142,0.3133569068127999,0.547931510297716,1
0.76,0.2276437311783749,0.3167901222787359,0.5447125376432502,1
0.77,0.2292290752106993,0.3202061716673422,0.5415418495786015,1
0.78,0.2307906390825388,0.3236051408090055,0.5384187218349225,1
0.79,0.2323287794963007,0.3269871151049605,0.5353424410073986,1
0.8,0.2338438478038562,0.3303521795294357,0.5323123043922877,1
0.8100000000000001,0.2353361900867983,0.3337004186317885,0.5293276198264034,1
0.8200000000000001,0.2368061472354963,0.3370319165386296,0.5263877055290074,1
0.8300000000000001,0.2382540550269639,0.3403467569559364,0.5234918899460722,1
0.84,0.2396802442015595,0.3436450231711567,0.5206395115968812,1
0.85,0.241085040538536,0.346926798055301,0.5178299189229278,1
0.86,0.242468764930458,0.3501921640650245,0.515062470139084,1
0.87,0.2438317334565011,0.3534412032446994,0.5123365330869978,1
0.88,0.2451742574546536,0.3566739972284759,0.5096514850906928,1
0.89,0.2464966435928338,0.3598906272423335,0.5070067128143323,1
0.9,0.2477991939389413,0.3630911741061219,0.5044016121221173,1
0.91,0.2490822060298572,0.3662757182355912,0.5018355879402856,1
0.92,0.2503459729394094,0.3694443396444133,0.4993080541211813,1
0.93,0.2515907833453182,0.3725971179461913,0.4968184333093636,1
0.9400000000000001,0.2528169215951384,0.3757341323564603,0.4943661568097232,1
0.9500000000000001,0.2540246677712114,0.378855461694678,0.4919506644575773,1
0.96,0.2552142977546432,0.3819611843862046,0.4895714044907137,1
0.97,0.2563860832883235,0.3850513784642736,0.487227833423353,1
0.98,0.2575402920389986,0.3881261215719522,0.4849194159220027,1
0.99,0.2586771876584137,0.3911854909640924,0.4826456246831726,1
1,0.2597970298435375,0.394229563509272,0.4804059403129251,1
1.01,0.2609000743958844,0.3972584156917256,0.4781998512082312,1
1.02,0.2619865732799462,0.400272123613267,0.4760268534401076,1
1.03,0.263056774680747,0.4032707629952006,0.473886450638506,1
1.04,0.2641109230605358,0.4062544091802247,0.4717781538789284,1
1.05,0.2651492592146278,0.4092231371343235,0.4697014815707444,1
1.06,0.2661720203264084,0.4121770214486519,0.4676559593471833,1
1.07,0.2671794400215122,0.4151161363414086,0.4656411199569755,1
1.08,0.2681717484211896,0.4180405556597016,0.4636565031576209,1
1.09,0.2691491721948717,0.420950352881403,0.4617016556102566,1
1.1,0.2701119346119487,0.423845601116996,0.4597761307761027,1
1.11,0.2710602555927694,0.426726373111411,0.4578794888144612,1
1.12,0.2719943517588779,0.429592741245854,0.4560112964822443,1
1.13,0.2729144364824947,0.4324447775396247,0.4541711270350106,1
1.14,0.2738207199352573,0.4352825536519266,0.4523585601294855,1
1.15,0.2747134091362284,0.438106140883667,0.4505731817275432,1
1.16,0.2755927079991849,0.4409156101792486,0.4488145840016301,1
1.17,0.2764588173791972,0.4437110321283524,0.4470823652416056,1
1.18,0.2773119351185092,0.4464924769677106,0.4453761297629816,1
1.19,0.2781522560917316,0.4492600145828721,0.4436954878165369,1
1.2,0.2789799722503556,0.4520137145099577,0.4420400554992888,1
1.21,0.2797952726666003,0.4547536459374079,0.4404094546667995,1
1.22,0.2805983435766012,0.4574798777077209,0.4388033128467975,1
1.23,0.2813893684229522,0.4601924783191823,0.4372212631540956,1
1.24,0.2821685278966079,0.4628915159275863,0.4356629442067842,1
1.25,0.2829359999781588,0.4655770583479484,0.4341280000436825,1
1.26,0.2836919599784864,0.4682491730562086,0.4326160800430272,1
1.27,0.2844365805788091,0.4709079271909276,0.4311268388423818,1
1.28,0.285170031870127,0.4735533875549729,0.4296599362597461,1
1.29,0.2858924813920751,0.476185620617198,0.4282150372158499,1
1.3,0.2866040941711939,0.4788046925141121,0.4267918116576122,1
1.31,0.287305032758626,0.4814106690515415,0.425389934482748,1
1.32,0.2879954572672466,0.4840036157062838,0.4240090854655068,1
1.33,0.2886755254082379,0.4865835976277524,0.4226489491835241,1
1.34,0.2893453925271144,0.4891506796396136,0.4213092149457712,1
1.35,0.2900052116392077,0.4917049262414155,0.4199895767215847,1
1.36,0.2906551334646196,0.4942464016102084,0.4186897330707608,1
1.37,0.2912953064626503,0.4967751696021574,0.4174093870746994,1
1.38,0.2919258768657105,0.4992912937541466,0.4161482462685789,1
1.39,0.2925469887127249,0.5017948372853759,0.4149060225745502,1
1.4,0.293158783882034,0.504285863098949,0.4136824322359319,1
1.41,0.2937614021238035,0.5067644337834543,0.4124771957523929,1
1.42,0.2943549810919465,0.509230611614537,0.4112900378161071,1
1.43,0.2949396563755673,0.5116844585564643,0.4101206872488654,1
1.44,0.2955155615299338,0.5141260362636819,0.4089688769401324,1
1.45,0.2960828281069848,0.5165554060823635,0.4078343437860305,1
1.46,0.29664158568538,0.5189726290519516,0.40671682862924,1
1.47,0.2971919619000993,0.5213777659066918,0.4056160761998013,1
1.48,0.2977340824715978,0.5237708770771584,0.4045318350568043,1
1.49,0.2982680712345239,0.5261520226917726,0.4034638575309523,1
1.5,0.298794050166006,0.5285212625783138,0.402411899667988,1
1.51,0.2993121394135159,0.5308786562654222,0.4013757211729682,1
1.52,0.2998224573223132,0.5332242629840951,0.4003550853553737,1
1.53,0.3003251204624784,0.5355581416691746,0.3993497590750431,1
1.54,0.3008202436555413,0.5378803509608288,0.3983595126889174,1
1.55,0.3013079400007082,0.5401909492060246,0.3973841199985837,1
1.56,0.3017883209006975,0.5424899944599945,0.396423358198605,1
1.57,0.3022614960871871,0.5447775444876944,0.3954770078256259,1
1.58,0.3027275736458793,0.547053656765256,0.3945448527082415,1
1.59,0.3031866600411911,0.5493183884814297,0.3936266799176178,1
1.6,0.3036388601405732,0.5515717965390226,0.3927222797188535,-1
1.61,0.3040842772384647,0.5438139375563275,0.3918314455230707,-1
1.62,0.3045230130798877,0.5360948678685458,0.3909539738402247,-1
1.63,0.3049551678836894,0.5284143935292031,0.3900896642326213,-1
1.64,0.305380840365434,0.5207723215615571,0.389238319269132,-1
1.65,0.3058001277599525,0.5131684599537493,0.3883997444800951,-1
1.66,0.3062131258435532,0.5056026176539805,0.3875737483128936,-1
1.67,0.3066199289558999,0.4980746045657106,0.3867601420882002,-1
1.68,0.3070206300215614,0.4905842315428821,0.3859587399568772,-1
1.69,0.3074153205712379,0.4831313103851677,0.3851693588575241,-1
1.7,0.3078040907626693,0.4757156538332418,0.3843918184746613,-1
1.71,0.3081870294012293,0.4683370755640756,0.3836259411975413,-1
1.72,0.3085642239602109,0.4609953901862552,0.3828715520795782,-1
1.73,0.3089357606008077,0.4536904132353239,0.3821284787983845,-1
1.74,0.3093017241917956,0.4464219611691473,0.3813965516164087,1
1.75,0.3096621983289187,0.4491898513633016,0.3806756033421625,1
1.76,0.3100172653539849,0.4519439021064851,0.3799654692920301,1
1.77,0.3103670063736751,0.4546841825959526,0.3792659872526497,1
1.78,0.31071150127807,0.4574107616829728,0.37857699744386,1
1.79,0.3110508287588989,0.460123707874558,0.3778983424822021,1
1.8,0.3113850663275154,0.4628230893351852,0.3772298673449691,1
1.81,0.3117142903326027,0.4655089738885093,0.3765714193347945,1
1.82,0.3120385759776137,0.4681814290190667,0.3759228480447726,1
1.83,0.3123579973379495,0.4708405218739714,0.375284005324101,1
1.84,0.3126726273778803,0.4734863192646016,0.3746547452442395,1
1.85,0.312982537967212,0.4761188876682785,0.3740349240655759,1
1.86,0.3132877998977038,0.4787382932299372,0.3734244002045923,1
1.87,0.3135884828992383,0.4813446017637875,0.3728230342015234,1
1.88,0.3138846556557497,0.4839378787549685,0.3722306886885005,1
1.89,0.3141763858209135,0.4865181893611937,0.371647228358173,1
1.9,0.3144637400335998,0.4890855984143877,0.3710725199328004,1
1.91,0.3147467839330958,0.4916401704223158,0.3705064321338084,1
1.92,0.3150255821740994,0.4941819695702042,0.3699488356518013,1
1.93,0.3153001984414879,0.4967110597223532,0.3693996031170242,1
1.94,0.3155706954648655,0.4992275044237414,0.3688586090702689,1
1.95,0.3158371350328926,0.5017313669016227,0.3683257299342149,1
1.96,0.3160995780073992,0.5042227100671146,0.3678008439852016,1
1.97,0.3163580843372882,0.506701596516779,0.3672838313254236,1
1.98,0.3166127130722289,0.5091680885341952,0.3667745738555422,1
1.99,0.3168635223761455,0.5116222480915241,0.3662729552477091,1
2,0.3171105695405033,0.5140641368510666,0.3657788609189935,1
2.01,0.3173539109973957,0.5164938161668112,0.3652921780052085,1
2.02,0.3175936023324348,0.5189113470859772,0.3648127953351304,1
2.03,0.3178296982974483,0.5213167903505473,0.3643406034051034,1
2.04,0.3180622528229866,0.5237102063987946,0.3638754943540269,1
2.05,0.3182913190306418,0.5260916553668007,0.3634173619387164,1
2.06,0.3185169492451821,0.5284611970899666,0.3629661015096357,1
2.07,0.3187391950065044,0.5308188911045169,0.3625216099869911,1
2.08,0.3189581070814069,0.5331647966489943,0.3620837858371863,1
2.09,0.3191737354751858,0.5354989726657493,0.3616525290496284,1
2.1,0.319386129443058,0.5378214778024205,0.361227741113884,1
2.11,0.3195953375014121,0.5401323704134084,0.3608093249971758,1
2.12,0.3198014074388909,0.5424317085613414,0.3603971851222182,1
2.13,0.3200043863273075,0.5447195500185347,0.3599912273453849,1
2.14,0.3202043205323979,0.546995952268442,0.3595913589352041,1
2.15,0.320401255724412,0.5492609725070998,0.3591974885511761,1
2.16,0.3205952368885458,0.5515146676445644,0.3588095262229084,-1
2.17,0.3207863083352176,0.5437570943063416,0.3584273833295648,-1
2.18,0.3209745137101893,0.5360383088348099,0.3580509725796214,-1
2.19,0.3211598960045365,0.5283581172906358,0.357680207990927,-1
2.2,0.3213424975644684,0.5207163267041826,0.3573150048710632,-1
2.21,0.3215223601010014,0.5131127450706616,0.3569552797979972,-1
2.22,0.3216995246994864,0.5055471813453083,0.3566009506010273,-1
2.23,0.3218740318289941,0.4980194454385817,0.3562519363420118,-1
2.24,0.3220459213515592,0.4905293482113888,0.3559081572968816,-1
2.25,0.3222152325312858,0.4830767014703319,0.3555695349374284,-1
2.26,0.3223820040433165,0.4756613179629802,0.355235991913367,-1
2.27,0.3225462739826668,0.4682830113731653,0.3549074520346664,-1
2.28,0.3227080798729268,0.4609415963162995,0.3545838402541465,-1
2.29,0.3228674586748329,0.453636888334718,0.3542650826503343,-1
2.3,0.3230244467947104,0.4463687038930444,0.3539511064105793,1
2.31,0.3231790800927897,0.4491368603735792,0.3536418398144205,1
2.32,0.3233313938913979,0.4518911760717113,0.3533372122172043,1
2.33,0.3234814229830269,0.4546317201913527,0.3530371540339462,1
2.34,0.3236292016382815,0.457358561590396,0.352741596723437,1
2.35,0.3237747636137073,0.460071768782444,0.3524504727725855,1
2.36,0.3239181421595017,0.4627714099385318,0.3521637156809967,1
2.37,0.3240593700271091,0.4654575528888391,0.3518812599457818,1
2.38,0.3241984794767025,0.4681302651243949,0.351603041046595,1
2.39,0.3243355022845519,0.4707896137987729,0.3513289954308961,1
2.4,0.3244704697502837,0.4734356657297791,0.3510590604994327,1
2.41,0.3246034127040294,0.4760684874011302,0.3507931745919413,1
2.42,0.3247343615134689,0.4786881449641245,0.3505312769730622,1
2.43,0.3248633460907669,0.4812947042393039,0.3502733078184662,1
2.44,0.3249903958994054,0.4838882307181074,0.3500192082011893,1
2.45,0.3251155399609143,0.4864687895645168,0.3497689200781714,1
2.46,0.3252388068615006,0.4890364456166942,0.3495223862769988,1
2.47,0.3253602247585781,0.4915912633886108,0.3492795504828439,1
2.48,0.3254798213871994,0.4941333070716677,0.3490403572256012,1
2.49,0.3255976240663914,0.4966626405363094,0.3488047518672172,1
2.5,0.3257136597053956,0.4991793273336279,0.3485726805892089,1
2.51,0.3258279548098146,0.5016834306969598,0.3483440903803707,1
2.52,0.3259405354876674,0.5041750135434749,0.3481189290246651,1
2.53,0.3260514274553524,0.5066541384757576,0.3478971450892951,1
2.54,0.3261606560435221,0.5091208677833788,0.3476786879129558,1
2.55,0.3262682462028693,0.5115752634444619,0.3474635075942614,1
2.56,0.3263742225098263,0.5140173871272397,0.3472515549803474,1
2.57,0.3264786091721789,0.5164473001916035,0.3470427816556422,1
2.58,0.3265814300345962,0.5188650636906454,0.3468371399308076,1
2.59,0.3266827085840773,0.5212707383721922,0.3466345828318455,1
2.6,0.3267824679553161,0.5236643846803312,0.3464350640893678,1
2.61,0.3268807309359864,0.5260460627569296,0.3462385381280272,1
2.62,0.3269775199719466,0.5284158324431449,0.3460449600561067,1
2.63,0.3270728571723674,0.5307737532809292,0.3458542856552651,1
2.64,0.3271667643147819,0.5331198845145246,0.3456664713704362,1
2.65,0.3272592628500602,0.535454285091952,0.3454814742998796,1
2.66,0.3273503739073093,0.5377770136664922,0.3452992521853815,1
2.67,0.3274401182986996,0.5400881285981598,0.3451197634026008,1
2.68,0.3275285165242191,0.542387687955169,0.3449429669515618,1
2.69,0.3276155887763558,0.5446757495153932,0.3447688224472883,1
2.7,0.3277013549447105,0.5469523707678162,0.344597290110579,1
2.71,0.3277858346205398,0.5492176089139771,0.3444283307589203,1
2.72,0.3278690471012318,0.5514715208694072,0.3442619057975365,-1
2.73,0.3279510113947133,0.5437141632650602,0.3440979772105734,-1
2.74,0.3280317462237926,0.5359955924487348,0.3439365075524149,-1
2.75,0.3281112700304357,0.5283156144864912,0.3437774599391287,-1
2.76,0.3281896009799791,0.5206740364140587,0.3436207980400418,-1
2.77,0.3282667569652795,0.5130706662319885,0.3434664860694411,-1
2.78,0.3283427556108003,0.5055053129008286,0.3433144887783994,-1
2.79,0.3284176142766383,0.4979777863363244,0.3431647714467234,-1
2.8,0.3284913500624887,0.4904878974046428,0.3430172998750226,-1
2.81,0.3285639798115514,0.4830354579176196,0.3428720403768972,-1
2.82,0.3286355201143781,0.4756202806280315,0.3427289597712437,-1
2.83,0.3287059873126625,0.4682421792248914,0.342588025374675,-1
2.84,0.3287753975029725,0.4609009683287669,0.342449204994055,-1
2.85,0.3288437665404279,0.4535964634871231,0.3423124669191442,-1
2.86,0.3289111100423215,0.4463284811696874,0.342177779915357,1
2.87,0.3289774433916867,0.449096838763839,0.3420451132166267,1
2.88,0.3290427817408114,0.4518513545700198,0.3419144365183773,1
2.89,0.3291071400146992,0.4545920977971697,0.3417857199706016,1
2.9,0.3291705329144787,0.4573191373081839,0.3416589341710425,1
2.91,0.3292329749207615,0.4600325416216429,0.3415340501584769,1
2.92,0.3292944802969501,0.4627323789135347,0.3414110394060997,1
2.93,0.3293550630924959,0.465418717018967,0.3412898738150082,1
2.94,0.3294147371461085,0.4680916234338722,0.3411705257077831,1
2.95,0.3294735160889168,0.4707511653167028,0.3410529678221663,1
2.96,0.3295314133475831,0.4733974094901193,0.3409371733048339,1
2.97,0.3295884421473693,0.4760304224426687,0.3408231157052614,1
2.98,0.3296446155151588,0.4786502703304553,0.3407107689696824,1
2.99,0.3296999462824314,0.481257018978803,0.3406001074351372,1
3,0.3297544470881949,0.483850733883909,0.3404911058236102,1
3.01,0.329808130381872,0.4864314802144895,0.3403837392362561,1
3.02,0.3298610084261439,0.488999322813417,0.3402779831477123,1
3.03,0.3299130932997517,0.4915543261993499,0.3401738134004966,1
3.04,0.3299643969002554,0.4940965545683532,0.3400712061994892,1
3.05,0.3300149309467516,0.4966260717955114,0.3399701381064968,1
3.06,0.3300647069825503,0.4991429414365338,0.3398705860348994,1
3.07,0.3301137363778121,0.5016472267293511,0.3397725272443759,1
3.08,0.3301620303321449,0.5041389905957043,0.3396759393357103,1
3.09,0.3302095998771627,0.5066182956427258,0.3395808002456746,1
3.1,0.3302564558790053,0.5090852041645121,0.3394870882419895,1
3.11,0.3303026090408202,0.5115397781436896,0.3393947819183596,1
3.12,0.3303480699052079,0.5139820792529711,0.3393038601895842,1
3.13,0.3303928488566298,0.5164121688567063,0.3392143022867404,1
3.14,0.3304369561237803,0.5188301080124227,0.3391260877524394,1
3.15,0.3304804017819236,0.5212359574723606,0.3390391964361528,1
3.16,0.3305231957551948,0.5236297776849989,0.3389536084896104,1
3.17,0.3305653478188669,0.5260116287965738,0.3388693043622663,1
3.18,0.3306068676015839,0.5283815706525909,0.3387862647968323,1
3.19,0.3306477645875601,0.5307396627993279,0.3387044708248798,1
3.2,0.3306880481187467,0.5330859644853313,0.3386239037625065,1
3.21,0.3307277273969655,0.5354205346629046,0.3385445452060689,1
3.22,0.3307668114860111,0.5377434319895901,0.3384663770279779,1
3.23,0.3308053093137209,0.5400547148296421,0.3383893813725583,1
3.24,0.3308432296740151,0.5423544412554938,0.3383135406519698,1
3.25,0.3308805812289048,0.5446426690492163,0.3382388375421903,1
3.26,0.3309173725104713,0.5469194557039703,0.3381652549790575,1
3.27,0.3309536119228142,0.5491848584254504,0.3380927761543716,1
3.28,0.330989307743972,0.5514389341333231,0.338021384512056,-1
3.29,0.3310244681278124,0.5436817394626565,0.3379510637443751,-1
3.3,0.3310591011058953,0.5359633307653432,0.3378817977882095,-1
3.31,0.3310932145893069,0.5282835141115165,0.3378135708213863,-1
3.32,0.3311268163704673,0.5206420965409589,0.3377463672590655,-1
3.33,0.3311599141249102,0.5130388860582541,0.3376801717501795,-1
3.34,0.3311925154130366,0.5054736916279629,0.3376149691739269,-1
3.35,0.331224627681841,0.497946323169823,0.337550744636318,-1
3.36,0.3312562582666134,0.4904565915539739,0.3374874834667732,-1
3.37,0.3312874143926142,0.483004308596204,0.3374251712147716,-1
3.38,0.331318103176725,0.475589287053223,0.33736379364655,-1
3.39,0.3313483316290741,0.4682113406179569,0.3373033367418518,-1
3.4,0.331378106654638,0.4608702839148671,0.337243786690724,-1
3.41,0.3314074350548185,0.4535659324952928,0.3371851298903631,-1
3.42,0.3314363235289962,0.4462981028328163,0.3371273529420077,1
3.43,0.3314647786760612,0.4490666123186522,0.3370704426478776,1
3.44,0.3314928069959203,0.4518212792570589,0.3370143860081594,1
3.45,0.3315204148909815,0.4545621728607737,0.336959170218037,1
3.46,0.3315476086676168,0.4572893619964698,0.3369047826647664,1
3.47,0.3315743945376025,0.4600029151864874,0.336851210924795,1
3.48,0.3316007786195385,0.462702900610555,0.3367984427609231,1
3.49,0.3316267669402454,0.4653893861075022,0.3367464661195092,1
3.5,0.3316523654361417,0.4680624391769647,0.3366952691277165,1
3.51,0.3316775799545996,0.4707221269810799,0.3366448400908008,1
3.52,0.3317024162552806,0.4733685163461745,0.3365951674894387,1
3.53,0.3317268800114514,0.4760016737644436,0.3365462399770972,1
3.54,0.3317509768112796,0.4786216653956214,0.3364980463774407,1
3.55,0.3317747121591104,0.4812285570686433,0.3364505756817792,1
3.56,0.3317980914767238,0.4838224142833001,0.3364038170465524,1
3.57,0.3318211201045729,0.4864033022118836,0.3363577597908541,1
3.58,0.3318438033030043,0.4889712857008242,0.3363123933939913,1
3.59,0.3318661462534593,0.4915264292723201,0.3362677074930814,1
3.6,0.3318881540596574,0.4940687971259585,0.3362236918806852,1
3.61,0.3319098317487625,0.4965984531403287,0.3361803365024749,1
3.62,0.3319311842725311,0.4991154608746271,0.3361376314549378,1
3.63,0.3319522165084431,0.501619883570254,0.3360955669831137,1
3.64,0.3319729332608165,0.5041117841524028,0.336054133478367,1
3.65,0.3319933392619043,0.5065912252316408,0.3360133214761915,1
3.66,0.3320134391729757,0.5090582691054826,0.3359731216540486,1
3.67,0.3320332375853811,0.5115129777599552,0.3359335248292379,1
3.68,0.3320527390216003,0.5139554128711554,0.3358945219567994,1
3.69,0.3320719479362763,0.5163856358067996,0.3358561041274474,1
3.7,0.3320908687172321,0.5188037076277656,0.3358182625655357,1
3.71,0.3321095056864737,0.5212096890896268,0.3357809886270526,1
3.72,0.3321278631011766,0.5236036406441787,0.3357442737976468,1
3.73,0.332145945154659,0.5259856224409578,0.3357081096906821,1
3.74,0.332163755977339,0.5283556943287531,0.3356724880453219,1
3.75,0.332181299637679,0.5307139158571093,0.3356374007246421,1
3.76,0.3321985801431138,0.5330603462778237,0.3356028397137725,1
3.77,0.3322156014409671,0.5353950445464346,0.3355687971180659,1
3.78,0.3322323674193526,0.5377180693237025,0.3355352651612948,1
3.79,0.3322488819080623,0.540029478977084,0.3355022361838754,1
3.8,0.3322651486794413,0.5423293315821985,0.3354697026411173,1
3.81,0.3322811714492497,0.5446176849242875,0.3354376571015005,1
3.82,0.332296953877511,0.5468945964996661,0.335406092244978,1
3.83,0.3323124995693483,0.5491601235171678,0.3353750008613033,1
3.84,0.3323278120758081,0.5514143228995819,0.3353443758483838,-1
3.85,0.3323428948946709,0.543657251285084,0.3353142102106581,-1
3.86,0.3323577514712509,0.5359389650286586,0.3352844970574982,-1
3.87,0.3323723851991822,0.5282592702035153,0.3352552296016357,-1
3.88,0.3323867994211944,0.5206179738524976,0.3352264011576112,-1
3.89,0.3324009974298765,0.5130148839832351,0.335198005140247,-1
3.9,0.3324149824684284,0.505449809563319,0.3351700350631432,-1
3.91,0.332428757731402,0.4979225605155024,0.3351424845371961,-1
3.92,0.3324423263654309,0.4904329477129248,0.3351153472691382,-1
3.93,0.3324556914699495,0.4829807829743602,0.3350886170601011,-1
3.94,0.3324688560979002,0.4755658790594884,0.3350622878041996,-1
3.95,0.3324818232564317,0.4681880496641909,0.3350363534871366,-1
3.96,0.3324945959075852,0.46084710941587,0.3350108081848295,-1
3.97,0.3325071769689715,0.4535428738687906,0.3349856460620571,-1
3.98,0.3325195693144369,0.4462751594994466,0.3349608613711262,1
3.99,0.3325317757747203,0.4490437837019494,0.3349364484505594,1
4,0.3325437991380995,0.4517985647834397,0.334912401723801,1
4.01,0.332555642151028,0.4545395719595224,0.334888715697944,1
4.02,0.3325673075187626,0.4572668740997248,0.3348653849624749,1
4.03,0.3325787979059811,0.4599805397292262,0.3348424041880378,1
4.04,0.3325901159373914,0.46268063703058,0.3348197681252172,1
4.05,0.3326012641983305,0.4653672338454272,0.3347974716033389,1
4.06,0.3326122452353555,0.4680403976762,0.3347755095292889,1
4.07,0.3326230615568252,0.470700195687819,0.3347538768863496,1
4.08,0.3326337156334728,0.4733466947093799,0.3347325687330543,1
4.09,0.3326442098989708,0.475979961235833,0.3347115802020585,1
4.1,0.3326545467504862,0.4786000614296538,0.3346909064990277,1
4.11,0.3326647285492288,0.4812070611225056,0.3346705429015423,1
4.12,0.3326747576209904,0.483801025816893,0.3346504847580192,1
4.13,0.3326846362566755,0.4863820206878086,0.3346307274866489,1
4.14,0.3326943667128254,0.4889501105843695,0.3346112665743491,1
4.15,0.332703951212133,0.4915053600314476,0.3345920975757339,1
4.16,0.3327133919439511,0.4940478332312904,0.3345732161120979,1
4.17,0.3327226910647918,0.4965775940651339,0.3345546178704164,1
4.18,0.3327318506988199,0.4990947060948082,0.3345362986023601,1
4.19,0.3327408729383377,0.5015992325643341,0.3345182541233247,1
4.2,0.3327497598442626,0.5040912364015124,0.3345004803114748,1
4.21,0.3327585134465986,0.5065707802195049,0.3344829731068028,1
4.22,0.3327671357448996,0.5090379263184074,0.3344657285102007,1
4.23,0.3327756287087261,0.5114927366868154,0.3344487425825478,1
4.24,0.3327839942780952,0.5139352730033813,0.3344320114438095,1
4.25,0.3327922343639238,0.5163655966383643,0.3344155312721524,1
4.26,0.3328003508484649,0.5187837686551725,0.3343992983030701,1
4.27,0.332808345585738,0.5211898498118966,0.3343833088285241,1
4.28,0.3328162204019519,0.5235839005628372,0.3343675591960962,1
4.29,0.3328239770959227,0.525965981060023,0.3343520458081547,1
4.3,0.3328316174394838,0.5283361511547229,0.3343367651210324,1
4.31,0.3328391431778915,0.5306944703989492,0.3343217136442169,1
4.32,0.3328465560302232,0.5330409980469545,0.3343068879395537,1
4.33,0.3328538576897698,0.5353757930567197,0.3342922846204603,1
4.34,0.3328610498244233,0.5376989140914361,0.3342779003511535,1
4.350000000000001,0.3328681340770569,0.5400104195209789,0.3342637318458862,1
4.36,0.332875112065901,0.542310367423374,0.3342497758681979,1
4.37,0.3328819853849125,0.5445988155862571,0.3342360292301749,1
4.38,0.3328887556041388,0.5468758215083258,0.3342224887917223,1
4.39,0.3328954242700767,0.5491414424007842,0.3342091514598465,1
4.4,0.3329019929060256,0.5513957351887803,0.3341960141879489,-1
4.41,0.3329084630124352,0.5436387565128363,0.3341830739751296,-1
4.42,0.3329148360672487,0.5359205627302721,0.3341703278655026,-1
4.43,0.33292111352624,0.5282409599166208,0.33415777294752,-1
4.44,0.3329272968233464,0.5205997551170377,0.3341454063533073,-1
4.45,0.3329333873709962,0.5129967563414525,0.3341332252580076,-1
4.46,0.3329393865604313,0.5054317725597453,0.3341212268791375,-1
4.47,0.3329452957620248,0.4979046136969466,0.3341094084759504,-1
4.48,0.3329511163255944,0.4904150906284618,0.3340977673488111,-1
4.49,0.3329568495807105,0.4829630151753195,0.3340863008385789,-1
4.5,0.3329624968369999,0.4755482000994429,0.3340750063260003,-1
4.51,0.3329680593844448,0.4681704590989457,0.3340638812311103,-1
4.52,0.3329735384936782,0.460829606803451,0.3340529230126437,-1
4.53,0.332978935416273,0.4535254587694337,0.334042129167454,-1
4.54,0.3329842513850289,0.4462578314755866,0.3340314972299422,1
4.55,0.3329894876142535,0.4490265423182087,0.3340210247714931,1
4.56,0.3329946453000396,0.4517814096066176,0.3340107093999207,1
4.57,0.332999725620539,0.4545225025585845,0.3340005487589219,1
4.58,0.333004729736231,0.4572498900457916,0.3339905405275381,1
4.59,0.3330096587901875,0.4599636405955626,0.333980682419625,1
4.600000000000001,0.3330145139083347,0.4626638223925848,0.3339709721833306,1
4.61,0.3330192961997097,0.4653505032806219,0.3339614076005807,1
4.62,0.333024006756714,0.4680237507642188,0.333951986486572,1
4.63,0.3330286466553633,0.4706836320103976,0.3339427066892734,1
4.64,0.3330332169555328,0.4733302138503457,0.3339335660889343,1
4.65,0.3330377187011999,0.475963562781094,0.3339245625976003,1
4.66,0.3330421529206818,0.4785837449671885,0.3339156941586363,1
4.67,0.3330465206268716,0.4811908262423526,0.3339069587462568,1
4.68,0.3330508228174686,0.4837848721111409,0.3338983543650629,1
4.69,0.3330550604752066,0.4863659477505852,0.3338898790495869,1
4.7,0.3330592345680785,0.4889341180118322,0.3338815308638431,1
4.71,0.3330633460495573,0.4914894474217731,0.3338733079008854,1
4.72,0.333067395858814,0.4940320001846642,0.3338652082823721,1
4.73,0.3330713849209317,0.4965618401837409,0.3338572301581365,1
4.74,0.3330753141471178,0.4990790309828222,0.3338493717057645,1
4.75,0.333079184434911,0.5015836358279081,0.333841631130178,1
4.76,0.3330829966683874,0.5040757176487686,0.3338340066632253,1
4.77,0.3330867517183616,0.5065553390605247,0.3338264965632769,1
4.78,0.3330904504425861,0.5090225623652221,0.3338190991148278,1
4.79,0.3330940936859473,0.511477449553396,0.3338118126281053,1
4.8,0.3330976822806581,0.513920062305629,0.3338046354386838,1
4.81,0.3331012170464482,0.5163504619941008,0.3337975659071035,1
4.82,0.3331046987907515,0.5187687096841304,0.333790602418497,1
4.83,0.3331081283088903,0.5211748661357097,0.3337837433822195,1
4.84,0.3331115063842569,0.5235689918050311,0.3337769872314862,1
4.850000000000001,0.333114833788493,0.525951146846006,0.3337703324230139,1
4.86,0.3331181112816656,0.5283213911117759,0.3337637774366687,1
4.87,0.3331213396124407,0.530679784156217,0.3337573207751187,1
4.88,0.3331245195182541,0.5330263852354359,0.3337509609634919,1
4.89,0.3331276517254803,0.5353612533092587,0.3337446965490395,1
4.9,0.333130736949598,0.5376844470427123,0.3337385261008039,1
4.91,0.3331337758953541,0.5399960248074988,0.3337324482092918,1
4.92,0.3331367692569238,0.5422960446834613,0.3337264614861525,1
4.93,0.3331397177180699,0.544584564460044,0.3337205645638602,1
4.94,0.3331426219522988,0.5468616416377438,0.3337147560954024,1
4.95,0.3331454826230144,0.549127333429555,0.3337090347539713,1
4.96,0.3331483003836692,0.5513816967624072,0.3337033992326617,-1
4.97,0.3331510758779141,0.5436247882785952,0.3336978482441717,-1
4.98,0.3331538097397455,0.5359066643372022,0.3336923805205091,-1
4.99,0.3331565025936493,0.5282271310155162,0.3336869948127015,-1
5,0.3331591550547445,0.5205859953604386,0.3336816898905109,-1
5.01,0.3331617677289234,0.5129830653836364,0.3336764645421533,-1
5.02,0.3331643412129895,0.5054181500567182,0.333671317574021,-1
5.03,0.3331668760947947,0.4978910593064346,0.3336662478104107,-1
5.04,0.3331693729533727,0.4904016040099025,0.3336612540932545,-1
5.05,0.3331718323590722,0.4829495959898529,0.3336563352818557,-1
5.06,0.3331742548736861,0.4755348480099036,0.3336514902526279,-1
5.07,0.3331766410505808,0.4681571737698541,0.3336467178988385,-1
5.08,0.333178991434822,0.4608163879010048,0.3336420171303559,-1
5.09,0.3331813065632997,0.4535123059614998,0.3336373868734006,-1
5.100000000000001,0.3331835869648502,0.4462447444316923,0.3336328260702996,1
5.11,0.3331858331603774,0.4490135207095338,0.3336283336792452,1
5.12,0.3331880456629718,0.4517684531059861,0.3336239086740564,1
5.13,0.3331902249780272,0.4545096108404562,0.3336195500439456,1
5.14,0.3331923716033568,0.4572370627862539,0.3336152567932864,1
5.15,0.3331944860293065,0.4599508774723227,0.3336110279413871,1
5.16,0.3331965687388669,0.462651123084961,0.3336068625222662,1
5.17,0.3331986202077839,0.4653378674695362,0.3336027595844322,1
5.18,0.3332006409046672,0.4680111781321885,0.3335987181906657,1
5.19,0.3332026312910972,0.4706711222415276,0.3335947374178057,1
5.2,0.3332045918217307,0.4733177666303199,0.3335908163565385,1
5.21,0.3332065229444048,0.4759511777971683,0.3335869541111904,1
5.22,0.3332084251002387,0.4785714219081825,0.3335831497995225,1
5.23,0.3332102987237351,0.4811785647986416,0.3335794025525297,1
5.24,0.3332121442428791,0.4837726719746483,0.3335757115142418,1
5.25,0.3332139620792359,0.4863538086147751,0.3335720758415281,1
5.26,0.3332157526480474,0.4889220395717012,0.3335684947039053,1
5.27,0.3332175163583266,0.4914774293738427,0.3335649672833467,1
5.28,0.3332192536129517,0.4940200422269735,0.3335614927740965,1
5.29,0.3332209648087575,0.4965499420158386,0.3335580703824851,1
5.3,0.3332226503366261,0.4990671923057594,0.3335546993267479,1
5.31,0.3332243105815767,0.5015718563442306,0.3335513788368466,1
5.32,0.333225945922853,0.5040639970625095,0.3335481081542939,1
5.33,0.3332275567340102,0.5065436770771969,0.3335448865319796,1
5.34,0.3332291433830001,0.509010958691811,0.3335417132339998,1
5.350000000000001,0.3332307062322551,0.511465903898352,0.3335385875354898,1
5.36,0.3332322456387712,0.5139085743788603,0.3335355087224575,1
5.37,0.3332337619541897,0.516339031506966,0.3335324760916206,1
5.38,0.3332352555248768,0.5187573363494312,0.3335294889502464,1
5.39,0.3332367266920037,0.5211635496676841,0.3335265466159927,1
5.4,0.3332381757916236,0.5235577319193456,0.3335236484167527,1
5.41,0.3332396031547493,0.5259399432597489,0.3335207936905015,1
5.42,0.333241009107428,0.5283102435434501,0.3335179817851439,1
5.43,0.3332423939708166,0.5306686923257329,0.3335152120583668,1
5.44,0.3332437580612544,0.5330153488641042,0.3335124838774912,1
5.45,0.3332451016903356,0.5353502721197837,0.3335097966193289,1
5.46,0.3332464251649805,0.5376735207591847,0.3335071496700389,1
5.47,0.3332477287875059,0.5399851531553888,0.3335045424249883,1
5.48,0.3332490128556932,0.5422852273896118,0.3335019742886135,1
5.49,0.3332502776628579,0.5445738012526637,0.3334994446742843,1
5.5,0.333251523497915,0.5468509322464005,0.33349695300417,1
5.51,0.3332527506454462,0.5491166775851685,0.3334944987091075,1
5.52,0.3332539593857645,0.5513710941972426,0.333492081228471,-1
5.53,0.3332551499949781,0.5436142387262564,0.3334897000100439,-1
5.54,0.3332563227450534,0.535896167532625,0.3334873545098932,-1
5.55,0.3332574779038776,0.5282166866949619,0.3334850441922448,-1
5.56,0.3332586157353195,0.5205756032614871,0.3334827685293611,-1
5.57,0.3332597364992896,0.5129727252451797,0.3334805270014207,-1
5.58,0.3332608404518003,0.5054078616189538,0.3334783190963995,-1
5.59,0.3332619278450233,0.497880822310859,0.3334761443099534,-1
5.600000000000001,0.333262998927348,0.4903914181993047,0.3334740021453041,-1
5.61,0.3332640539434377,0.4829394611083082,0.3334718921131246,-1
5.62,0.3332650931342862,0.4755247638027666,0.3334698137314277,-1
5.63,0.3332661167372719,0.4681471399837528,0.3334677665254563,-1
5.64,0.3332671249862128,0.460806404283834,0.3334657500275744,-1
5.65,0.3332681181114196,0.4535023722624149,0.3334637637771608,-1
5.66,0.3332690963397483,0.4462348604011028,0.3334618073205033,1
5.67,0.3332700598946521,0.4490036860990972,0.3334598802106958,1
5.68,0.3332710089962323,0.4517586676686017,0.3334579820075354,1
5.69,0.3332719438612888,0.4544998743302587,0.3334561122774223,1
5.7,0.3332728647033695,0.4572273749586074,0.333454270593261,1
5.71,0.3332737717328189,0.4599412380838144,0.3334524565343622,1
5.72,0.3332746651568266,0.4626415318933953,0.3334506696863467,1
5.73,0.3332755451794742,0.4653283242339283,0.3334489096410516,1
5.74,0.3332764120017821,0.4680016826127587,0.3334471759964358,1
5.75,0.3332772658217554,0.4706616741996949,0.3334454683564892,1
5.76,0.333278106834429,0.4733083658286965,0.3334437863311419,1
5.77,0.3332789352319126,0.475941823999553,0.3334421295361748,1
5.78,0.3332797512034339,0.4785621148795552,0.3334404975931322,1
5.79,0.3332805549353824,0.4811693043051575,0.3334388901292352,1
5.8,0.3332813466113517,0.4837634577836317,0.3334373067772967,1
5.81,0.3332821264121814,0.4863446404947135,0.3334357471756372,1
5.82,0.3332828945159987,0.4889129172922399,0.3334342109680026,1
5.83,0.3332836510982587,0.4914683527057787,0.3334326978034826,1
5.84,0.3332843963317848,0.4940110109422498,0.3334312073364304,1
5.850000000000001,0.333285130386808,0.4965409558875385,0.333429739226384,1
5.86,0.3332858534310059,0.4990582511081009,0.3334282931379882,1
5.87,0.3332865656295408,0.5015629598525604,0.3334268687409183,1
5.88,0.3332872671450977,0.5040551450532976,0.3334254657098046,1
5.89,0.3332879581379212,0.5065348693280312,0.3334240837241575,1
5.9,0.3332886387658524,0.509002194981391,0.3334227224682952,1
5.91,0.3332893091843646,0.511457184006484,0.3334213816312708,1
5.92,0.3332899695465991,0.5138998980864515,0.3334200609068018,1
5.93,0.3332906200034002,0.5163303985960193,0.3334187599931997,1
5.94,0.3332912607033491,0.5187487466030392,0.3334174785933017,1
5.95,0.3332918917927989,0.5211550028700239,0.3334162164144022,1
5.96,0.3332925134159069,0.5235492278556738,0.3334149731681861,1
5.97,0.3332931257146683,0.5259314817163955,0.3334137485706633,1
5.98,0.3332937288289483,0.5283018243078135,0.3334125423421034,1
5.99,0.3332943228965141,0.5306603151862744,0.3334113542069719,1
6,0.3332949080530663,0.5330070136103431,0.3334101838938673,1
6.01,0.3332954844322704,0.5353419785422914,0.3334090311354593,1
6.02,0.3332960521657863,0.5376652686495799,0.3334078956684274,1
6.03,0.3332966113832995,0.539976942306332,0.3334067772334011,1
6.04,0.33329716221255,0.5422770575948003,0.3334056755749001,1
6.05,0.3332977047793617,0.5445656723068263,0.3334045904412766,1
6.06,0.3332982392076713,0.5468428439452921,0.3334035215846575,1
6.07,0.3332987656195562,0.5491086297255657,0.3334024687608876,1
6.08,0.3332992841352628,0.5513630865769379,0.3334014317294743,-1
6.09,0.3332997948732339,0.5436062711440532,0.3334004102535322,-1
6.100000000000001,0.3333002979501354,0.535888239788333,0.3333994040997292,-1
6.11,0.3333007934808834,0.5282087985893913,0.3333984130382333,-1
6.12,0.3333012815786701,0.5205677545964443,0.3333974368426598,-1
6.13,0.33330176235499,0.5129649158234622,0.3333964752900199,-1
6.140000000000001,0.3333022359196652,0.5054000912443448,0.3333955281606696,-1
6.15,0.3333027023808702,0.4978730907881231,0.3333945952382597,-1
6.16,0.3333031618451571,0.4903837253341825,0.3333936763096857,-1
6.17,0.3333036144174797,0.4829318067075115,0.3333927711650405,-1
6.18,0.3333040602012176,0.475517147673974,0.3333918795975649,-1
6.19,0.3333044992981993,0.4681395619356041,0.3333910014036015,-1
6.2,0.3333049318087263,0.4607988641259261,0.3333901363825474,-1
6.21,0.3333053578315954,0.4534948698052965,0.3333892843368093,-1
6.22,0.3333057774641214,0.44622739545627,0.3333884450717571,1
6.23,0.3333061908021596,0.4489962584789887,0.3333876183956808,1
6.24,0.3333065979401272,0.4517512771865937,0.3333868041197455,1
6.25,0.3333069989710253,0.4544925208006608,0.3333860020579493,1
6.26,0.33330739398646,0.4572200581966575,0.33338521202708,1
6.27,0.3333077830766631,0.4599339579056742,0.3333844338466738,1
6.28,0.3333081663305131,0.4626342881161458,0.3333836673389737,1
6.29,0.3333085438355554,0.465321116675565,0.3333829123288892,1
6.3,0.3333089156780221,0.4679945110921872,0.3333821686439559,1
6.31,0.3333092819428518,0.4706545385367263,0.3333814361142965,1
6.32,0.333309642713709,0.4733012658440426,0.333380714572582,1
6.33,0.3333099980730034,0.4759347595148224,0.3333800038539932,1
6.34,0.3333103481019083,0.4785550857172484,0.3333793037961833,1
6.350000000000001,0.3333106928803797,0.4811623102886621,0.3333786142392405,1
6.36,0.333311032487174,0.4837564987372188,0.3333779350256519,1
6.37,0.3333113669998664,0.4863377162435327,0.3333772660002672,1
6.38,0.3333116964948684,0.4889060276623151,0.3333766070102632,1
6.390000000000001,0.3333120210474454,0.4914614975240035,0.3333759579051092,1
6.4,0.3333123407317337,0.4940041900363835,0.3333753185365326,1
6.41,0.3333126556207577,0.4965341690862016,0.3333746887584846,1
6.42,0.3333129657864463,0.4990514982407706,0.3333740684271074,1
6.43,0.3333132712996496,0.5015562407495667,0.3333734574007008,1
6.44,0.3333135722301548,0.5040484595458189,0.3333728555396903,1
6.45,0.3333138686467025,0.5065282172480898,0.3333722627065949,1
6.46,0.333314160617002,0.5089955761618494,0.333371678765996,1
6.47,0.333314448207747,0.5114505982810402,0.3333711035845061,1
6.48,0.3333147314846308,0.513893345289635,0.3333705370307385,1
6.49,0.3333150105123613,0.5163238785631868,0.3333699789752774,1
6.5,0.3333152853546759,0.5187422591703709,0.3333694292906483,1
6.51,0.3333155560743557,0.521148547874519,0.3333688878512886,1
6.52,0.3333158227332403,0.5235428051351464,0.3333683545335193,1
6.53,0.3333160853922417,0.5259250911094706,0.3333678292155166,1
6.54,0.3333163441113581,0.5282954656539233,0.3333673117772838,1
6.55,0.3333165989496877,0.5306539883256537,0.3333668021006246,1
6.56,0.3333168499654424,0.5330007183840254,0.3333663000691153,1
6.57,0.3333170972159607,0.5353357147921053,0.3333658055680786,1
6.58,0.3333173407577213,0.5376590362181448,0.3333653184845574,1
6.59,0.3333175806463555,0.5399707410370541,0.3333648387072891,1
6.600000000000001,0.3333178169366601,0.5422708873318688,0.3333643661266797,1
6.61,0.3333180496826103,0.5445595328952094,0.3333639006347795,1
6.62,0.3333182789373711,0.5468367352307334,0.3333634421252578,1
6.63,0.3333185047533105,0.5491025515545798,0.3333629904933789,1
6.640000000000001,0.3333187271820109,0.5513570387968069,0.3333625456359782,-1
6.65,0.3333189462742807,0.5436002536028228,0.3333621074514386,-1
6.66,0.3333191620801665,0.5358822523348087,0.333361675839667,-1
6.67,0.333319374648964,0.5282028410731346,0.333361250702072,-1
6.68,0.3333195840292295,0.520561826867769,0.333360831941541,-1
6.69,0.333319790268791,0.5129590177334301,0.3333604194624179,-1
6.7,0.3333199934147592,0.505394222644763,0.3333600131704816,-1
6.71,0.3333201935135378,0.4978672515315392,0.3333596129729244,-1
6.72,0.3333203906108347,0.4903779152738815,0.3333592187783305,-1
6.73,0.3333205847516722,0.4829260256975121,0.3333588304966556,-1
6.74,0.3333207759803971,0.4755113955690245,0.3333584480392058,-1
6.75,0.3333209643406911,0.4681338385911794,0.3333580713186177,-1
6.76,0.3333211498755808,0.4607931693982235,0.3333577002488385,-1
6.77,0.3333213326274471,0.4534892035512323,0.3333573347451059,-1
6.78,0.3333215126380353,0.4462217575334762,0.3333569747239293,1
6.79,0.3333216899484648,0.4489906487458089,0.3333566201030704,1
6.8,0.3333218645992378,0.4517456955020798,0.3333562708015244,1
6.81,0.3333220366302492,0.4544869670245694,0.3333559267395015,1
6.82,0.3333222060807955,0.4572145321894466,0.333355587838409,1
6.83,0.3333223729895836,0.4599284595284994,0.3333552540208329,1
6.84,0.3333225373947398,0.4626288172308569,0.3333549252105203,1
6.850000000000001,0.3333226993338188,0.4653156731447026,0.3333546013323625,1
6.86,0.3333228588438115,0.467989094778979,0.3333542823123771,1
6.87,0.3333230159611543,0.4706491493050842,0.3333539680776915,1
6.88,0.3333231707217369,0.4732959035585588,0.3333536585565261,1
6.890000000000001,0.3333233231609109,0.475929424040766,0.3333533536781782,1
6.9,0.3333234733134972,0.4785497769205622,0.3333530533730056,1
6.91,0.3333236212137948,0.4811570280359593,0.3333527575724105,1
6.92,0.3333237668955878,0.4837512428957795,0.3333524662088243,1
6.93,0.333323910392154,0.4863324866813006,0.3333521792156919,1
6.94,0.3333240517362717,0.4889008242478941,0.3333518965274566,1
6.95,0.3333241909602276,0.4914563201266546,0.3333516180795447,1
6.96,0.3333243280958242,0.4939990385260213,0.3333513438083515,1
6.97,0.3333244631743869,0.4965290433333912,0.3333510736512263,1
6.98,0.3333245962267711,0.4990463981167242,0.3333508075464579,1
6.99,0.3333247272833695,0.5015511661261406,0.333350545433261,1
7,0.333324856374119,0.5040434102955099,0.3333502872517621,1
7.01,0.3333249835285072,0.5065231932440324,0.3333500329429856,1
7.02,0.3333251087755796,0.5089905772778123,0.3333497824488408,1
7.03,0.3333252321439459,0.5114456243914232,0.3333495357121082,1
7.04,0.3333253536617867,0.513888396269466,0.3333492926764267,1
7.05,0.3333254733568599,0.5163189542881187,0.3333490532862803,1
7.06,0.333325591256507,0.5187373595166781,0.3333488174869861,1
7.07,0.3333257073876594,0.5211436727190947,0.3333485852246812,1
7.08,0.3333258217768445,0.5235379543554992,0.333348356446311,1
7.09,0.3333259344501918,0.5259202645837218,0.3333481310996164,1
7.100000000000001,0.333326045433439,0.5282906632608032,0.3333479091331221,1
7.11,0.3333261547519374,0.5306492099444992,0.3333476904961252,1
7.12,0.3333262624306583,0.5329959638947767,0.3333474751386833,1
7.13,0.3333263684941984,0.5353309840753028,0.3333472630116031,1
7.140000000000001,0.3333264729667855,0.5376543291549263,0.3333470540664291,1
7.15,0.3333265758722837,0.5399660575091516,0.3333468482554326,1
7.16,0.3333266772341995,0.5422662272216059,0.3333466455316011,1
7.17,0.3333267770756865,0.5445548960854979,0.333346445848627,1
7.18,0.3333268754195512,0.5468321216050704,0.3333462491608976,1
7.19,0.3333269722882579,0.5490979609970451,0.3333460554234842,1
7.2,0.3333270677039341,0.5513524711920599,0.3333458645921319,-1
7.21,0.3333271616883751,0.5435957088360995,0.3333456766232499,-1
7.22,0.3333272542630494,0.535877730291919,0.3333454914739011,-1
7.23,0.3333273454491037,0.5281983416404594,0.3333453091017926,-1
7.24,0.3333274352673671,0.5205573499322571,0.3333451294652657,-1
7.25,0.3333275237383566,0.5129545631825958,0.3333449525232868,-1
7.26,0.3333276108822812,0.5053897903666829,0.3333447782354375,-1
7.27,0.3333276967190471,0.4978628414148494,0.3333446065619059,-1
7.28,0.3333277812682613,0.4903735272077752,0.3333444374634773,-1
7.29,0.3333278645492374,0.4829216595717363,0.3333442709015252,-1
7.3,0.3333279465809988,0.4755070512738776,0.3333441068380023,-1
7.31,0.3333280273822838,0.4681295160175082,0.3333439452354323,-1
7.32,0.3333281069715496,0.4607888684374207,0.3333437860569008,-1
7.33,0.3333281853669763,0.4534849240952336,0.3333436292660473,-1
7.34,0.3333282625864717,0.4462174994747574,0.3333434748270566,1
7.350000000000001,0.3333283386476746,0.4489864119773836,0.3333433227046507,1
7.36,0.3333284135679595,0.4517414799174967,0.333343172864081,1
7.37,0.3333284873644401,0.4544827725179092,0.3333430252711198,1
7.38,0.3333285600539735,0.4572103586553197,0.333342879892053,1
7.390000000000001,0.3333286316531639,0.4599243068620431,0.3333427366936722,1
7.4,0.3333287021783665,0.4626246853277328,0.3333425956432671,1
7.41,0.333328771645691,0.4653115619010942,0.3333424567086181,1
7.42,0.3333288400710056,0.4679850040915887,0.3333423198579888,1
7.43,0.3333289074699405,0.4706450790711308,0.3333421850601189,1
7.44,0.3333289738578915,0.4732918536757751,0.3333420522842171,1
7.45,0.3333290392500231,0.4759253944073963,0.3333419214999538,1
7.46,0.3333291036612728,0.4785457674353593,0.3333417926774545,1
7.47,0.3333291671063537,0.4811530385981825,0.3333416657872926,1
7.48,0.3333292295997584,0.4837472734051916,0.3333415408004833,1
7.49,0.333329291155762,0.4863285370381657,0.333341417688476,1
7.5,0.3333293517884255,0.4888968943529748,0.3333412964231489,1
7.51,0.3333294115115992,0.49145240988121,0.3333411769768017,1
7.52,0.3333294703389252,0.4939951478318039,0.3333410593221496,1
7.53,0.3333295282838413,0.4965251720926449,0.3333409434323173,1
7.54,0.3333295853595837,0.4990425462321817,0.3333408292808326,1
7.55,0.3333296415791899,0.5015473335010208,0.3333407168416201,1
7.56,0.3333296969555021,0.5040395968335156,0.3333406060889958,1
7.57,0.3333297515011696,0.506519398849348,0.3333404969976609,1
7.58,0.333329805228652,0.5089868018551013,0.333340389542696,1
7.59,0.3333298581502223,0.5114418678458258,0.3333402836995555,1
7.600000000000001,0.3333299102779689,0.5138846585065967,0.3333401794440621,1
7.61,0.3333299616237994,0.5163152352140638,0.3333400767524012,1
7.62,0.3333300121994424,0.5187336590379934,0.3333399756011152,1
7.63,0.3333300620164508,0.5211399907428035,0.3333398759670985,1
7.640000000000001,0.333330111086204,0.5235342907890894,0.3333397778275919,1
7.65,0.333330159419911,0.525916619335144,0.3333396811601781,1
7.66,0.3333302070286123,0.5282870362384683,0.3333395859427755,1
7.67,0.3333302539231831,0.530645601057276,0.3333394921536338,1
7.68,0.3333303001143353,0.5329923730519897,0.3333393997713293,1
7.69,0.3333303456126203,0.5353274111867297,0.3333393087747594,1
7.7,0.333330390428431,0.537650774130796,0.333339219143138,1
7.71,0.3333304345720045,0.539962520260142,0.333339130855991,1
7.72,0.3333304780534244,0.5422627076588413,0.3333390438931512,1
7.73,0.333330520882623,0.5445513941205471,0.3333389582347539,1
7.74,0.3333305630693837,0.5468286371499443,0.3333388738612326,1
7.75,0.3333306046233429,0.5490944939641946,0.3333387907533142,1
7.76,0.3333306455539928,0.5513490214943737,0.3333387088920144,-1
7.77,0.3333306858706829,0.5435922763869019,0.3333386282586343,-1
7.78,0.3333307255826226,0.5358743150049674,0.3333385488347548,-1
7.79,0.3333307646988833,0.5281949434299426,0.3333384706022334,-1
7.8,0.3333308032284,0.5205539687127928,0.3333383935431999,-1
7.81,0.333330841179974,0.5129511988692288,0.333338317640052,-1
7.82,0.3333308785622744,0.5053864428748827,0.3333382428754512,-1
7.83,0.3333309153838403,0.4978595106605083,0.3333381692323194,-1
7.84,0.3333309516530827,0.4903702131072057,0.3333380966938346,-1
7.850000000000001,0.3333309873782864,0.4829183620416697,0.3333380252434271,-1
7.86,0.3333310225676122,0.4755037702314613,0.3333379548647757,-1
7.87,0.3333310572290979,0.4681262513803041,0.3333378855418041,-1
7.88,0.3333310913706615,0.4607856201234025,0.3333378172586771,-1
7.890000000000001,0.3333311250001015,0.4534816920227855,0.3333377499997969,-1
7.9,0.3333311581251,0.4462142835626716,0.3333376837498,1
7.91,0.3333311907532235,0.4489832121448582,0.333337618493553,1
7.92,0.3333312228919251,0.4517382960841339,0.3333375542161497,1
7.930000000000001,0.3333312545485462,0.4544796046037132,0.3333374909029075,1
7.94,0.3333312857303181,0.4572072065806946,0.3333374285393639,1
7.95,0.3333313164443633,0.4599211705477911,0.3333373671112734,1
7.96,0.3333313466976979,0.4626215646950522,0.3333373066046043,1
7.97,0.3333313764972324,0.4653084568715769,0.3333372470055352,1
7.98,0.3333314058497739,0.467981914587219,0.3333371883004522,1
7.99,0.3333314347620273,0.4706420050142829,0.3333371304759455,1
8,0.3333314632405969,0.4732887949892114,0.3333370735188063,1
8.01,0.3333314912919879,0.4759223510142654,0.3333370174160242,1
8.02,0.3333315189226081,0.478542739259194,0.3333369621547838,1
8.029999999999999,0.333331546138769,0.4811500255628981,0.3333369077224621,1
8.040000000000001,0.3333315729466874,0.4837442754350836,0.3333368541066252,1
8.050000000000001,0.3333315993524871,0.4863255540579082,0.3333368012950257,1
8.06,0.3333316253621998,0.4888939262876186,0.3333367492756003,1
8.07,0.3333316509817669,0.4914494566561806,0.3333366980364663,1
8.08,0.3333316762170404,0.4939922093728997,0.3333366475659193,1
8.09,0.3333317010737847,0.4965222483260352,0.3333365978524305,1
8.1,0.333331725557678,0.499039637084405,0.333336548884644,1
8.109999999999999,0.3333317496743128,0.501544438898983,0.3333365006513743,1
8.120000000000001,0.3333317734291981,0.5040367167044881,0.3333364531416038,1
8.130000000000001,0.3333317968277602,0.5065165331209657,0.3333364063444797,1
8.140000000000001,0.3333318198753438,0.5089839504553608,0.3333363602493125,1
8.15,0.3333318425772136,0.5114390307030841,0.3333363148455728,1
8.16,0.3333318649385554,0.5138818355495687,0.3333362701228892,1
8.17,0.333331886964477,0.5163124263718208,0.333336226071046,1
8.18,0.3333319086600099,0.5187308642399617,0.3333361826799802,1
8.19,0.3333319300301097,0.5211372099187619,0.3333361399397805,1
8.199999999999999,0.3333319510796581,0.5235315238691681,0.3333360978406839,1
8.210000000000001,0.3333319718134632,0.5259138662498223,0.3333360563730736,1
8.220000000000001,0.3333319922362613,0.5282842969185731,0.3333360155274775,1
8.23,0.3333320123527173,0.5306428754339803,0.3333359752945654,1
8.24,0.3333320321674266,0.5329896610568103,0.3333359356651469,1
8.25,0.3333320516849152,0.5353247127515263,0.3333358966301696,1
8.26,0.3333320709096415,0.5376480891877686,0.3333358581807171,1
8.27,0.3333320898459968,0.5399598487418298,0.3333358203080063,1
8.279999999999999,0.3333321084983069,0.5422600494981207,0.3333357830033863,1
8.290000000000001,0.3333321268708322,0.5445487492506301,0.3333357462583355,1
8.300000000000001,0.3333321449677698,0.546826005504377,0.3333357100644605,1
8.31,0.3333321627932532,0.5490918754768551,0.3333356744134935,1
8.32,0.3333321803513544,0.5513464160994709,0.3333356392972912,-1
8.33,0.3333321976460841,0.5435896840189736,0.3333356047078317,-1
8.34,0.3333322146813928,0.5358717355988787,0.3333355706372143,-1
8.35,0.333332231461172,0.5281923769208843,0.3333355370776561,-1
8.359999999999999,0.3333322479892544,0.5205514150362799,0.3333355040214913,-1
8.370000000000001,0.3333322642694155,0.5129486579610985,0.3333354714611689,-1
8.380000000000001,0.3333322803053743,0.505383914671293,0.3333354393892514,-1
8.390000000000001,0.3333322961007937,0.4978569950979365,0.3333354077984126,-1
8.4,0.3333323116592818,0.4903677101224468,0.3333353766814364,-1
8.41,0.3333323269843926,0.4829158715718346,0.3333353460312148,-1
8.42,0.3333323420796267,0.4755012922139755,0.3333353158407466,-1
8.43,0.3333323569484323,0.4681237857529056,0.3333352861031355,-1
8.44,0.3333323715942058,0.4607831668241411,0.3333352568115884,-1
8.449999999999999,0.3333323860202927,0.4534792509900203,0.3333352279594145,-1
8.460000000000001,0.3333324002299883,0.4462118547350702,0.3333351995400233,1
8.470000000000001,0.3333324142265385,0.4489807954613949,0.3333351715469229,1
8.48,0.3333324280131404,0.4517358914840879,0.3333351439737191,1
8.49,0.3333324415929433,0.4544772120266675,0.3333351168141133,1
8.5,0.3333324549690492,0.4572048259665342,0.3333350900619017,1
8.51,0.3333324681445134,0.4599188018367015,0.3333350637109731,1
8.52,0.3333324811223458,0.462619207827518,0.3333350377553085,1
8.529999999999999,0.3333324939055106,0.4653061117883804,0.3333350121889789,1
8.540000000000001,0.3333325064969279,0.4679795812294385,0.3333349870061442,1
8.550000000000001,0.333332518899474,0.4706396833232913,0.333334962201052,1
8.56,0.3333325311159819,0.4732864849066749,0.3333349377680361,1
8.57,0.3333325431492422,0.4759200524821415,0.3333349137015156,1
8.58,0.3333325550020036,0.4785404522197308,0.3333348899959928,1
8.59,0.3333325666769735,0.4811477499586321,0.3333348666460529,1
8.6,0.3333325781768189,0.483742011208839,0.3333348436463621,1
8.609999999999999,0.3333325895041667,0.4863233011527948,0.3333348209916667,1
8.620000000000001,0.3333326006616041,0.4888916846470308,0.3333347986767917,1
8.630000000000001,0.3333326116516801,0.4914472262237957,0.3333347766966398,1
8.640000000000001,0.3333326224769049,0.4939899900926767,0.3333347550461903,1
8.65,0.3333326331397513,0.4965200401422133,0.3333347337204974,1
8.66,0.333332643642655,0.4990374399415022,0.33333471271469,1
8.67,0.3333326539880152,0.5015422527417948,0.3333346920239696,1
8.68,0.333332664178195,0.5040345414780858,0.3333346716436101,1
8.69,0.333332674215522,0.5065143687706953,0.3333346515689559,1
8.700000000000001,0.3333326841022892,0.5089817969268419,0.3333346317954216,1
8.710000000000001,0.3333326938407549,0.5114368879422077,0.3333346123184903,1
8.720000000000001,0.3333327034331435,0.5138797035024966,0.3333345931337129,1
8.73,0.3333327128816464,0.5163103049849841,0.3333345742367072,1
8.74,0.3333327221884217,0.5187287534600592,0.3333345556231566,1
8.75,0.3333327313555954,0.5211351096927589,0.3333345372888092,1
8.76,0.3333327403852615,0.5235294341442951,0.3333345192294771,1
8.77,0.3333327492794825,0.5259117869735737,0.3333345014410349,1
8.779999999999999,0.3333327580402903,0.5282822280387058,0.3333344839194194,1
8.790000000000001,0.3333327666696859,0.5306408168985123,0.3333344666606282,1
8.800000000000001,0.3333327751696406,0.5329876128140197,0.3333344496607188,1
8.81,0.333332783542096,0.5353226747499497,0.333334432915808,1
8.82,0.3333327917889646,0.5376460613761999,0.3333344164220708,1
8.83,0.3333327999121301,0.5399578310693188,0.3333344001757398,1
8.84,0.3333328079134482,0.5422580419139722,0.3333343841731037,1
8.85,0.3333328157947464,0.5445467517044024,0.3333343684105071,1
8.859999999999999,0.3333328235578252,0.5468240179458803,0.3333343528843495,1
8.870000000000001,0.3333328312044578,0.5490898978561509,0.3333343375910843,1
8.880000000000001,0.333332838736391,0.5513444483668701,0.3333343225272181,-1
8.890000000000001,0.3333328461553451,0.5435877261250358,0.3333343076893098,-1
8.9,0.3333328534630149,0.5358697874944106,0.3333342930739702,-1
8.91,0.3333328606610697,0.5281904385569386,0.3333342786778607,-1
8.92,0.3333328677511536,0.5205494863641539,0.3333342644976928,-1
8.93,0.3333328747348863,0.5129467389323331,0.3333342505302274,-1
8.94,0.333332881613863,0.5053820052376714,0.3333342367722739,-1
8.950000000000001,0.3333328883896551,0.497855095211483,0.3333342232206898,-1
8.960000000000001,0.3333328950638103,0.4903658197354256,0.3333342098723795,-1
8.970000000000001,0.3333329016378531,0.4829139906367484,0.3333341967242938,-1
8.98,0.3333329081132853,0.4754994206835647,0.3333341837734294,-1
8.99,0.333332914491586,0.4681219235801469,0.3333341710168279,-1
9,0.3333329207742122,0.4607813139622461,0.3333341584515755,-1
9.01,0.333332926962599,0.4534774073924349,0.3333341460748019,-1
9.02,0.33333293305816,0.4462100203554727,0.3333341338836799,1
9.029999999999999,0.3333329390622876,0.4489789702536954,0.3333341218754248,1
9.040000000000001,0.3333329449763533,0.4517340754024269,0.3333341100472934,1
9.050000000000001,0.333332950801708,0.4544754050254147,0.333334098396584,1
9.06,0.3333329565396824,0.4572030280002877,0.3333340869206353,1
9.07,0.3333329621915871,0.4599170128602862,0.3333340756168257,1
9.08,0.3333329677587133,0.4626174277959848,0.3333340644825733,1
9.09,0.3333329732423326,0.4653043406570049,0.3333340535153347,1
9.1,0.3333329786436977,0.4679778189537199,0.3333340427126047,1
9.109999999999999,0.3333329839640422,0.4706379298589513,0.3333340320719156,1
9.120000000000001,0.3333329892045816,0.4732847402096565,0.3333340215908368,1
9.130000000000001,0.3333329943665129,0.4759183165086082,0.3333340112669743,1
9.140000000000001,0.3333329994510152,0.4785387249260652,0.3333340010979696,1
9.15,0.33333300445925,0.4811460313014349,0.3333339910815001,1
9.16,0.3333330093923612,0.4837403011449277,0.3333339812152776,1
9.17,0.3333330142514758,0.486321599639203,0.3333339714970485,1
9.18,0.3333330190377036,0.488889991641007,0.3333339619245927,1
9.19,0.3333330237521381,0.491445541682802,0.3333339524957238,1
9.200000000000001,0.333333028395856,0.493988313974388,0.333333943208288,1
9.210000000000001,0.3333330329699182,0.496518372404516,0.3333339340601637,1
9.220000000000001,0.3333330374753694,0.4990357805424934,0.3333339250492612,1
9.23,0.3333330419132389,0.501540601639781,0.3333339161735223,1
9.24,0.3333330462845403,0.5040328986315821,0.3333339074309194,1
9.25,0.3333330505902722,0.5065127341384241,0.3333338988194556,1
9.26,0.3333330548314181,0.508980170467732,0.3333338903371638,1
9.27,0.3333330590089468,0.5114352696153933,0.3333338819821063,1
9.279999999999999,0.3333330631238126,0.5138780932673164,0.3333338737523748,1
9.290000000000001,0.3333330671769554,0.5163087028009797,0.3333338656460891,1
9.300000000000001,0.3333330711693011,0.5187271592869749,0.3333338576613978,1
9.31,0.3333330751017616,0.52113352349054,0.3333338497964768,1
9.32,0.3333330789752352,0.5235278558730873,0.3333338420495296,1
9.33,0.3333330827906066,0.5259102165937218,0.3333338344187867,1
9.34,0.3333330865487475,0.5282806655107533,0.3333338269025049,1
9.35,0.3333330902505163,0.5306392621831995,0.3333338194989673,1
9.359999999999999,0.3333330938967586,0.5329860658722835,0.3333338122064828,1
9.370000000000001,0.3333330974883072,0.535321135542922,0.3333338050233856,1
9.380000000000001,0.3333331010259826,0.5376445298652074,0.3333337979480349,1
9.390000000000001,0.3333331045105928,0.5399563072158814,0.3333337909788143,1
9.4,0.333333107942934,0.542256525679802,0.3333337841141321,1
9.41,0.33333311132379,0.5445452430514029,0.3333337773524201,1
9.42,0.3333331146539331,0.5468225168361459,0.3333337706921338,1
9.43,0.3333331179341241,0.5490884042519651,0.3333337641317518,1
9.44,0.3333331211651123,0.5513429622307053,0.3333337576697755,-1
9.450000000000001,0.3333331243476356,0.5435862474195519,0.3333337513047289,-1
9.460000000000001,0.3333331274824211,0.5358683161824541,0.3333337450351579,-1
9.470000000000001,0.3333331305701848,0.5281889746015418,0.3333337388596305,-1
9.48,0.333333133611632,0.5205480297285341,0.3333337327767361,-1
9.49,0.3333331366074575,0.5129452895798914,0.333333726785085,-1
9.5,0.3333331395583456,0.505380563131992,0.3333337208833087,-1
9.51,0.3333331424649705,0.497853660316332,0.333333715070059,-1
9.52,0.3333331453279959,0.4903643920147503,0.3333337093440082,-1
9.529999999999999,0.333333148148076,0.4829125700546766,0.3333337037038481,-1
9.540000000000001,0.3333331509258548,0.4754980072044032,0.3333336981482904,-1
9.550000000000001,0.333333153661967,0.4681205171683812,0.3333336926760661,-1
9.56,0.3333331563570375,0.4607799145825393,0.3333336872859251,-1
9.57,0.3333331590116819,0.4534760150096266,0.3333336819766362,-1
9.58,0.3333331616265067,0.4462086349345785,0.3333336767469867,1
9.59,0.3333331642021091,0.4489775917599056,0.3333336715957819,1
9.6,0.3333331667390774,0.4517327038011061,0.3333336665218452,1
9.609999999999999,0.3333331692379913,0.4544740402821005,0.3333336615240174,1
9.620000000000001,0.3333331716994214,0.45720167008069,0.3333336566011572,1
9.630000000000001,0.3333331741239301,0.4599156617302866,0.3333336517521398,1
9.640000000000001,0.3333331765120712,0.4626160834216351,0.3333336469758577,1
9.65,0.3333331788643901,0.4653030030045269,0.3333336422712198,1
9.66,0.3333331811814243,0.4679764879895043,0.3333336376371514,1
9.67,0.3333331834637029,0.4706366055495568,0.3333336330725941,1
9.68,0.3333331857117474,0.473283422521809,0.3333336285765052,1
9.69,0.3333331879260712,0.4759170054092,0.3333336241478576,1
9.700000000000001,0.3333331901071801,0.478537420382154,0.3333336197856398,1
9.710000000000001,0.3333331922555724,0.4811447332802432,0.3333336154888552,1
9.720000000000001,0.3333331943717388,0.483739009613842,0.3333336112565224,1
9.73,0.3333331964561627,0.4863203145657727,0.3333336070876746,1
9.74,0.3333331985093202,0.4888887129929439,0.3333336029813595,1
9.75,0.3333332005316805,0.4914442694279792,0.3333335989366391,1
9.76,0.3333332025237052,0.4939870480808393,0.3333335949525895,1
9.77,0.3333332044858497,0.4965171128404351,0.3333335910283006,1
9.779999999999999,0.333333206418562,0.499034527276233,0.3333335871628761,1
9.790000000000001,0.3333332083222835,0.5015393546398518,0.3333335833554329,1
9.800000000000001,0.3333332101974493,0.5040316578666525,0.3333335796051015,1
9.81,0.3333332120444875,0.5065114995773192,0.333333575911025,1
9.82,0.3333332138638202,0.5089789420794326,0.3333335722723596,1
9.83,0.3333332156558629,0.5114340473690354,0.3333335686882742,1
9.84,0.333333217421025,0.5138768771321902,0.3333335651579501,1
9.85,0.3333332191597096,0.5163074927465292,0.3333335616805808,1
9.859999999999999,0.3333332208723139,0.5187259552827965,0.3333335582553721,1
9.870000000000001,0.3333332225592292,0.5211323255063826,0.3333335548815416,1
9.880000000000001,0.3333332242208408,0.5235266638788506,0.3333335515583185,1
9.890000000000001,0.3333332258575282,0.5259090305594564,0.3333335482849437,1
9.9,0.3333332274696653,0.528279485406659,0.3333335450606695,1
9.91,0.3333332290576203,0.5306380879796257,0.3333335418847594,1
9.92,0.333333230621756,0.5329848975397277,0.333333538756488,1
9.93,0.3333332321624297,0.5353199730520291,0.3333335356751407,1
9.94,0.3333332336799932,0.5376433731867689,0.3333335326400135,1
9.950000000000001,0.3333332351747934,0.539955156320835,0.3333335296504133,1
9.960000000000001,0.3333332366471715,0.5422553805392308,0.3333335267056571,1
9.970000000000001,0.3333332380974639,0.5445441036365347,0.3333335238050722,1
9.98,0.333333239526002,0.546821383118352,0.3333335209479961,1
9.99,0.333333240933112,0.5490872762027603,0.3333335181337761,1
10,0.3333332423191153,0.5513418398217466,0.3333335153617695,-1
10.01,0.3333332436843285,0.5435851306226378,0.3333335126313429,-1
10.02,0.3333332450290636,0.5358672049695246,0.3333335099418728,-1
10.03,0.3333332463536277,0.528187868944677,0.3333335072927447,-1
10.04,0.3333332476583232,0.5205469295999535,0.3333335046833535,-1
10.05,0.3333332489434484,0.5129441949519538,0.3333335021131032,-1
10.06,0.3333332502092967,0.505379473977194,0.3333334995814067,-1
10.07,0.3333332514561572,0.497852576607308,0.3333334970876856,-1
10.08,0.3333332526843149,0.4903633137242714,0.3333334946313703,-1
10.09,0.3333332538940501,0.4829114971556501,0.3333334922118998,-1
10.1,0.3333332550856394,0.4754969396698718,0.3333334898287212,-1
10.11,0.3333332562593548,0.4681194549715225,0.3333334874812904,-1
10.12,0.3333332574154644,0.4607788576966649,0.3333334851690711,-1
10.13,0.3333332585542325,0.4534749634081816,0.3333334828915351,-1
10.14,0.333333259675919,0.4462075885911406,0.333333480648162,1
10.15,0.3333332607807802,0.4489765506481849,0.3333334784384396,1
10.16,0.3333332618690685,0.451731667894944,0.333333476261863,1
10.17,0.3333332629410324,0.4544730095554693,0.3333334741179351,1
10.18,0.3333332639969169,0.4572006445076919,0.3333334720061661,1
10.19,0.3333332650369632,0.4599146412851535,0.3333334699260736,1
10.2,0.3333332660614087,0.4626150680787277,0.3333334678771825,1
10.21,0.3333332670704876,0.4653019927383341,0.3333334658590248,1
10.22,0.3333332680644303,0.4679754827746424,0.3333334638711394,1
10.23,0.3333332690434638,0.4706356053607692,0.3333334619130723,1
10.24,0.3333332700078119,0.4732824273339654,0.3333334599843762,1
10.25,0.3333332709576947,0.4759160151972955,0.3333334580846106,1
10.26,0.3333332718933293,0.4785364351213091,0.3333334562133414,1
10.27,0.3333332728149294,0.4811437529457025,0.3333334543701413,1
10.28,0.3333332737227054,0.483738034180974,0.3333334525545891,1
10.29,0.3333332746168648,0.4863193440100692,0.3333334507662703,1
10.3,0.3333332754976119,0.4888877472900188,0.3333334490047762,1
10.31,0.3333332763651477,0.4914433085535687,0.3333334472697046,1
10.32,0.3333332772196705,0.4939860920108008,0.333333445560659,1
10.33,0.3333332780613754,0.4965161615507468,0.3333334438772492,1
10.34,0.3333332788904548,0.4990335807429931,0.3333334422190904,1
10.35,0.333333279707098,0.5015384128392781,0.3333334405858041,1
10.36,0.3333332805114915,0.5040307207750817,0.3333334389770169,1
10.37,0.3333332813038192,0.5065105671712063,0.3333334373923617,1
10.38,0.3333332820842619,0.5089780143353503,0.3333334358314762,1
10.39,0.333333282852998,0.5114331242636735,0.3333334342940041,1
10.4,0.333333283610203,0.5138759586423551,0.333333432779594,1
10.41,0.3333332843560499,0.5163065788491433,0.3333334312879002,1
10.42,0.3333332850907092,0.5187250459548977,0.3333334298185816,1
10.43,0.3333332858143486,0.5211314207251232,0.3333334283713029,1
10.44,0.3333332865271333,0.5235257636214976,0.3333334269457333,1
10.45,0.3333332872292263,0.5259081348033902,0.3333334255415473,1
10.46,0.3333332879207879,0.5282785941293732,0.3333334241584242,1
10.47,0.3333332886019761,0.5306372011587263,0.3333334227960478,1
10.48,0.3333332892729464,0.5329840151529326,0.3333334214541072,1
10.49,0.3333332899338523,0.5353190950771679,0.3333334201322955,1
10.5,0.3333332905848445,0.5376424996017821,0.3333334188303111,1
10.51,0.3333332912260718,0.5399542871037732,0.3333334175478564,1
10.52,0.3333332918576807,0.5422545156682543,0.3333334162846385,1
10.53,0.3333332924798155,0.5445432430899131,0.333333415040369,1
10.54,0.3333332930926183,0.5468205268744635,0.3333334138147634,1
10.55,0.333333293696229,0.5490864242400911,0.333333412607542,1
10.56,0.3333332942907856,0.5513409921188906,0.3333334114184289,-1
10.57,0.3333332948764238,0.5435842871582962,0.3333334102471525,-1
10.58,0.3333332954532774,0.5358663657225047,0.3333334090934452,-1
10.59,0.3333332960214782,0.5281870338938921,0.3333334079570436,-1
10.6,0.333333296581156,0.5205460987244226,0.333333406837688,-1
10.61,0.3333332971324387,0.5129433682308004,0.3333334057351226,-1
10.62,0.3333332976754521,0.5053786513896464,0.3333334046490958,-1
10.63,0.3333332982103203,0.4978517581326982,0.3333334035793594,-1
10.64,0.3333332987371655,0.4903624993420347,0.333333402525669,-1
10.65,0.333333299256108,0.4829106868453246,0.333333401487784,-1
10.66,0.3333332997672664,0.4754961334110979,0.3333334004654672,-1
10.67,0.3333333002707574,0.4681186527440424,0.3333333994584852,-1
10.68,0.333333300766696,0.4607780594803222,0.3333333984666079,-1
10.69,0.3333333012551956,0.4534741691829206,0.3333333974896088,-1
10.7,0.3333333017363677,0.446206798337006,0.3333333965272647,1
10.71,0.3333333022103221,0.4489757643453209,0.3333333955793557,1
10.72,0.3333333026771673,0.4517308855235943,0.3333333946456654,1
10.73,0.3333333031370098,0.4544722310959763,0.3333333937259804,1
10.74,0.3333333035899547,0.4571998699404964,0.3333333928200907,1
10.75,0.3333333040361053,0.459913870590794,0.3333333919277893,1
10.76,0.3333333044755638,0.46261430123784,0.3333333910488725,1
10.77,0.3333333049084303,0.4653012297316508,0.3333333901831395,1
10.78,0.3333333053348038,0.4679747235829925,0.3333333893303924,1
10.79,0.3333333057547818,0.4706348499650775,0.3333333884904365,1
10.8,0.33333330616846,0.4732816757152521,0.33333338766308,1
10.81,0.3333333065759331,0.4759152673366759,0.3333333868481337,1
10.82,0.3333333069772941,0.4785356909999925,0.3333333860454117,1
10.83,0.3333333073726347,0.4811430125449925,0.3333333852547306,1
10.84,0.3333333077620452,0.4837372974822676,0.3333333844759095,1
10.85,0.3333333081456146,0.4863186109948562,0.3333333837087709,1
10.86,0.3333333085234303,0.4888870179398819,0.3333333829531393,1
10.87,0.3333333088955789,0.4914425828501825,0.3333333822088422,1
10.88,0.3333333092621452,0.4939853699359316,0.3333333814757096,1
10.89,0.3333333096232131,0.4965154430862519,0.3333333807535739,1
10.9,0.3333333099788648,0.4990328658708206,0.3333333800422703,1
10.91,0.3333333103291819,0.5015377015414665,0.3333333793416362,1
10.92,0.3333333106742442,0.5040300130337592,0.3333333786515117,1
10.93,0.3333333110141305,0.5065098629685904,0.333333377971739,1
10.94,0.3333333113489185,0.5089773136537474,0.3333333773021629,1
10.95,0.3333333116786847,0.5114324270854786,0.3333333766426305,1
10.96,0.3333333120035045,0.5138752649500512,0.3333333759929911,1
10.97,0.3333333123234519,0.5163058886253009,0.3333333753530962,1
10.98,0.3333333126386002,0.5187243591821744,0.3333333747227997,1
10.99,0.3333333129490212,0.5211307373862636,0.3333333741019576,1
11,0.3333333132547859,0.5235250836993323,0.3333333734904282,1
11.01,0.3333333135559641,0.5259074582808356,0.3333333728880719,1
11.02,0.3333333138526246,0.5282779209894315,0.3333333722947508,1
11.03,0.3333333141448352,0.5306365313844843,0.3333333717103295,1
11.04,0.3333333144326627,0.5329833487275619,0.3333333711346745,1
11.05,0.3333333147161728,0.5353184319839241,0.3333333705676544,1
11.06,0.3333333149954302,0.5376418398240045,0.3333333700091397,1
11.07,0.3333333152704987,0.5399536306248844,0.3333333694590026,1
11.08,0.3333333155414412,0.54225386247176,0.3333333689171175,1
11.09,0.3333333158083197,0.5445425931594012,0.3333333683833607,1
11.1,0.3333333160711949,0.5468198801936043,0.3333333678576103,1
11.11,0.333333316330127,0.5490857807926363,0.3333333673397461,1
11.12,0.3333333165851751,0.551340351888673,0.3333333668296499,-1
11.13,0.3333333168363974,0.5435836501292297,0.3333333663272051,-1
11.14,0.3333333170838515,0.5358657318785836,0.333333365832297,-1
11.15,0.3333333173275937,0.5281864032191906,0.3333333653448125,-1
11.16,0.3333333175676799,0.5205454712030947,0.3333333648646403,-1
11.17,0.3333333178041646,0.5129427438470792,0.3333333643916707,-1
11.18,0.3333333180371022,0.5053780301278438,0.3333333639257956,-1
11.19,0.3333333182665457,0.4978511399772045,0.3333333634669087,-1
11.2,0.3333333184925475,0.4903618842773185,0.333333363014905,-1
11.21,0.3333333187151593,0.482910074855932,0.3333333625696815,-1
11.22,0.3333333189344319,0.4754955244816523,0.3333333621311363,-1
11.23,0.3333333191504154,0.468118046859244,0.3333333616991693,-1
11.24,0.3333333193631591,0.4607774566249478,0.3333333612736817,-1
11.25,0.3333333195727117,0.453473569341823,0.3333333608545765,-1
11.26,0.3333333197791211,0.4462062014951139,0.3333333604417579,1
11.27,0.3333333199824343,0.4489751704876384,0.3333333600351315,1
11.28,0.3333333201826977,0.4517302946352001,0.3333333596346045,1
11.29,0.3333333203799573,0.4544716431620242,0.3333333592400854,1
11.3,0.3333333205742579,0.457199284946214,0.3333333588514842,1
11.31,0.333333320765644,0.4599132885214829,0.3333333584687119,1
11.32,0.3333333209541594,0.4626137220788755,0.3333333580916813,1
11.33,0.333333321139847,0.4653006534684812,0.333333357720306,1
11.34,0.3333333213227493,0.4679741502011387,0.3333333573545014,1
11.35,0.3333333215029081,0.470634279450133,0.3333333569941839,1
11.36,0.3333333216803644,0.4732811080528824,0.3333333566392711,1
11.37,0.333333321855159,0.475914702512618,0.3333333562896821,1
11.38,0.3333333220273316,0.4785351290000549,0.3333333559453369,1
11.39,0.3333333221969216,0.4811424533550546,0.3333333556061568,1
11.4,0.3333333223639677,0.4837367410882794,0.3333333552720645,1
11.41,0.3333333225285082,0.486318057382838,0.3333333549429836,1
11.42,0.3333333226905806,0.4888864670959238,0.3333333546188388,1
11.43,0.3333333228502219,0.4914420347604441,0.3333333542995562,1
11.44,0.3333333230074685,0.4939848245866419,0.3333333539850629,1
11.45,0.3333333231623565,0.4965149004637087,0.3333333536752869,1
11.46,0.3333333233149212,0.4990323259613901,0.3333333533701577,1
11.47,0.3333333234651973,0.5015371643315831,0.3333333530696053,1
11.48,0.3333333236132194,0.5040294785099252,0.3333333527735612,1
11.49,0.3333333237590211,0.5065093311173756,0.3333333524819578,1
11.5,0.3333333239026358,0.5089767844617887,0.3333333521947285,1
11.51,0.3333333240440962,0.5114319005394798,0.3333333519118076,1
11.52,0.3333333241834348,0.5138747410367824,0.3333333516331305,1
11.53,0.3333333243206832,0.5163053673315985,0.3333333513586335,1
11.54,0.333333324455873,0.5187238404949405,0.333333351088254,1
11.55,0.3333333245890349,0.5211302212924658,0.3333333508219302,1
11.56,0.3333333247201994,0.5235245701860034,0.3333333505596012,1
11.57,0.3333333248493964,0.5259069473350734,0.3333333503012073,1
11.58,0.3333333249766554,0.528277412598398,0.3333333500466892,1
11.59,0.3333333251020056,0.530636025535406,0.3333333497959888,1
11.6,0.3333333252254755,0.532982845407729,0.333333349549049,1
11.61,0.3333333253470934,0.5353179311806904,0.3333333493058133,1
11.62,0.333333325466887,0.5376413415247869,0.333333349066226,1
11.63,0.3333333255848837,0.539953134817163,0.3333333488302327,1
11.64,0.3333333257011104,0.5422533691430772,0.3333333485977792,1
11.65,0.3333333258155938,0.5445421022973618,0.3333333483688125,1
11.66,0.3333333259283598,0.546819391785875,0.3333333481432803,1
11.67,0.3333333260394344,0.5490852948269457,0.3333333479211311,1
11.68,0.3333333261488429,0.5513398683528109,0.3333333477023142,-1
11.69,0.3333333262566103,0.5435831690110469,0.3333333474867795,-1
11.7,0.3333333263627611,0.5358652531659917,0.3333333472744777,-1
11.71,0.3333333264673197,0.5281859269001616,0.3333333470653606,-1
11.72,0.33333332657031,0.5205449972656608,0.3333333468593801,-1
11.73,0.3333333266717553,0.5129422722793325,0.3333333466564894,-1
11.74,0.333333326771679,0.5053775609179358,0.333333346456642,-1
11.75,0.3333333268701038,0.4978506731133462,0.3333333462597924,-1
11.76,0.3333333269670523,0.4903614197477795,0.3333333460658955,-1
11.77,0.3333333270625465,0.4829096126490406,0.333333345874907,-1
11.78,0.3333333271566083,0.4754950645857954,0.3333333456867834,-1
11.79,0.3333333272492592,0.4681175892628664,0.3333333455014816,-1
11.8,0.3333333273405203,0.4607770013165521,0.3333333453189594,-1
11.81,0.3333333274304125,0.4534731163099693,0.333333345139175,-1
11.82,0.3333333275189563,0.4462057507284195,0.3333333449620873,1
11.83,0.333333327606172,0.4489747219747774,0.333333344787656,1
11.84,0.3333333276920794,0.4517298483649035,0.3333333446158412,1
11.85,0.3333333277766982,0.454471199123079,0.3333333444466036,1
11.86,0.3333333278600478,0.4571988431274636,0.3333333442799045,1
11.87,0.333333327942147,0.4599128489118263,0.3333333441157059,1
11.88,0.3333333280230149,0.4626132846672672,0.3333333439539703,1
11.89,0.3333333281026696,0.4653002182439309,0.3333333437946607,1
11.9,0.3333333281811296,0.4679737171527112,0.3333333436377408,1
11.91,0.3333333282584127,0.4706338485669476,0.3333333434831747,1
11.92,0.3333333283345365,0.4732806793241129,0.333333343330927,1
11.93,0.3333333284095185,0.4759142759274923,0.3333333431809631,1
11.94,0.3333333284833757,0.4785347045478548,0.3333333430332487,1
11.95,0.333333328556125,0.4811420310251156,0.33333334288775,1
11.96,0.3333333286277831,0.48373632086999,0.3333333427444337,1
11.97,0.3333333286983664,0.4863176392656401,0.3333333426032672,1
11.98,0.3333333287678909,0.4888860510693119,0.3333333424642182,1
11.99,0.3333333288363725,0.4914416208139653,0.333333342327255,1
12,0.3333333289038269,0.4939844127098955,0.3333333421923461,1
12.01,0.3333333289702695,0.496514490646346,0.333333342059461,1
12.02,0.3333333290357155,0.4990319181931143,0.333333341928569,1
12.03,0.3333333291001798,0.5015367586021487,0.3333333417996405,1
12.04,0.3333333291636771,0.5040290748091381,0.3333333416726458,1
12.05,0.3333333292262219,0.5065089294350924,0.3333333415475561,1
12.06,0.3333333292878286,0.508976384787917,0.3333333414243428,1
12.07,0.3333333293485112,0.5114315028639774,0.3333333413029776,1
12.08,0.3333333294082835,0.5138743453496576,0.3333333411834329,1
12.09,0.3333333294671593,0.5163049736229093,0.3333333410656815,1
12.1,0.3333333295251519,0.5187234487547947,0.3333333409496962,1
12.11,0.3333333295822746,0.5211298315110208,0.3333333408354509,1
12.12,0.3333333296385405,0.5235241823534657,0.3333333407229191,1
12.13,0.3333333296939623,0.5259065614416983,0.3333333406120753,1
12.14,0.3333333297485529,0.5282770286344899,0.3333333405028942,1
12.15,0.3333333298023246,0.5306356434913174,0.3333333403953508,1
12.16,0.3333333298552897,0.5329824652738608,0.3333333402894205,1
12.17,0.3333333299074604,0.5353175529474915,0.3333333401850792,1
12.18,0.3333333299588485,0.5376409651827541,0.333333340082303,1
12.19,0.3333333300094658,0.5399527603568403,0.3333333399810684,1
12.2,0.3333333300593238,0.5422529965550561,0.3333333398813524,1
12.21,0.333333330108434,0.5445417315722808,0.3333333397831321,1
12.22,0.3333333301568074,0.5468190229144194,0.3333333396863851,1
12.23,0.3333333302044553,0.5490849277998473,0.3333333395910894,1
12.24,0.3333333302513885,0.551339503160848,0.333333339497223,-1
12.25,0.3333333302976177,0.5435828056450438,0.3333333394047646,-1
12.26,0.3333333303431534,0.5358648916168186,0.3333333393136931,-1
12.27,0.3333333303880061,0.5281855671587345,0.3333333392239878,-1
12.28,0.333333330432186,0.5205446393229409,0.333333339135628,-1
12.29,0.3333333304757032,0.5129419161263262,0.3333333390485936,-1
12.3,0.3333333305185676,0.5053772065456946,0.3333333389628648,-1
12.31,0.3333333305607891,0.4978503205129661,0.3333333388784218,-1
12.32,0.3333333306023773,0.4903610689104013,0.3333333387952454,-1
12.33,0.3333333306433416,0.4829092635658493,0.3333333387133167,-1
12.34,0.3333333306836915,0.4754947172480201,0.3333333386326169,-1
12.35,0.3333333307234362,0.46811724366178,0.3333333385531276,-1
12.36,0.3333333307625846,0.4607766574434711,0.3333333384748307,-1
12.37,0.3333333308011459,0.4534727741562537,0.3333333383977083,-1
12.38,0.3333333308391287,0.4462054102854724,0.3333333383217426,1
12.39,0.3333333308765418,0.4489743832340451,0.3333333382469165,1
12.4,0.3333333309133936,0.4517295113178749,0.3333333381732128,1
12.41,0.3333333309496927,0.4544708637612855,0.3333333381006146,1
12.42,0.3333333309854473,0.457198509442479,0.3333333380291054,1
12.43,0.3333333310206656,0.4599125168952666,0.3333333379586688,1
12.44,0.3333333310553556,0.4626129543107903,0.3333333378892888,1
12.45,0.3333333310895253,0.4652998895392363,0.3333333378209494,1
12.46,0.3333333311231824,0.4679733900915402,0.3333333377536352,1
12.47,0.3333333311563347,0.4706335231410825,0.3333333376873306,1
12.48,0.3333333311889897,0.4732803555253771,0.3333333376220207,1
12.49,0.3333333312211548,0.4759139537477502,0.3333333375576903,1
12.5,0.3333333312528375,0.4785343839790114,0.333333337494325,1
12.51,0.3333333312840449,0.4811417120591164,0.3333333374319102,1
12.52,0.3333333313147842,0.4837360034988208,0.3333333373704316,1
12.53,0.3333333313450624,0.4863173234813267,0.3333333373098751,1
12.54,0.3333333313748865,0.4888857368639201,0.333333337250227,1
12.55,0.3333333314042632,0.4914413081796005,0.3333333371914735,1
12.56,0.3333333314331993,0.4939841016387025,0.3333333371336014,1
12.57,0.3333333314617014,0.496514181130509,0.3333333370765973,1
12.58,0.3333333314897758,0.4990316102248564,0.3333333370204483,1
12.59,0.3333333315174292,0.5015364521737321,0.3333333369651416,1
12.6,0.3333333315446678,0.5040287699128635,0.3333333369106645,1
12.61,0.3333333315714977,0.5065086260632992,0.3333333368570045,1
12.62,0.3333333315979253,0.5089760829329827,0.3333333368041494,1
12.63,0.3333333316239564,0.5114312025183178,0.3333333367520872,1
12.64,0.3333333316495971,0.5138740465057262,0.3333333367008059,1
12.65,0.3333333316748531,0.5163046762731975,0.3333333366502939,1
12.66,0.3333333316997303,0.5187231528918316,0.3333333366005394,1
12.67,0.3333333317242343,0.5211295371273724,0.3333333365515313,1
12.68,0.3333333317483708,0.5235238894417356,0.3333333365032584,1
12.69,0.3333333317721452,0.5259062699945268,0.3333333364557095,1
12.7,0.3333333317955631,0.5282767386445542,0.3333333364088739,1
12.71,0.3333333318186296,0.5306353549513314,0.3333333363627408,1
12.72,0.3333333318413502,0.5329821781765748,0.3333333363172997,1
12.73,0.3333333318637299,0.535317267285692,0.3333333362725401,1
12.74,0.333333331885774,0.5376406809492635,0.3333333362284521,1
12.75,0.3333333319074874,0.5399524775445173,0.3333333361850253,1
12.76,0.333333331928875,0.5422527151567946,0.3333333361422499,1
12.77,0.3333333319499419,0.5445414515810106,0.3333333361001162,1
12.78,0.3333333319706928,0.5468187443231056,0.3333333360586145,1
12.79,0.3333333319911324,0.5490846506014901,0.3333333360177353,1
12.8,0.3333333320112654,0.5513392273484827,0.3333333359774693,-1
12.81,0.3333333320310964,0.5435825312117403,0.3333333359378072,-1
12.82,0.3333333320506299,0.5358646185556816,0.3333333358987401,-1
12.83,0.3333333320698705,0.5281852954629032,0.333333335860259,-1
12.84,0.3333333320888224,0.5205443689855886,0.3333333358223551,-1
12.85,0.3333333321074901,0.5129416471406607,0.3333333357850198,-1
12.86,0.3333333321258777,0.5053769389049574,0.3333333357482445,-1
12.87,0.3333333321439896,0.4978500542104326,0.3333333357120208,-1
12.88,0.3333333321618298,0.4903608039393804,0.3333333356763405,-1
12.89,0.3333333321794023,0.4829089999196835,0.3333333356411954,-1
12.9,0.3333333321967113,0.4754944549200851,0.3333333356065774,-1
12.91,0.3333333322137606,0.4681169826454846,0.3333333355724788,-1
12.92,0.3333333322305542,0.4607763977322572,0.3333333355388917,-1
12.93,0.3333333322470959,0.4534725157435959,0.3333333355058082,-1
12.94,0.3333333322633895,0.446205153164878,0.3333333354732211,1
12.95,0.3333333322794386,0.4489741273990536,0.3333333354411228,1
12.96,0.333333332295247,0.4517292567620583,0.3333333354095059,1
12.97,0.3333333323108184,0.454470610478248,0.3333333353783633,1
12.98,0.3333333323261561,0.4571982574258568,0.3333333353476878,1
12.99,0.3333333323412637,0.4599122661387275,0.3333333353174726,1
13,0.3333333323561448,0.4626127048080338,0.3333333352877105,1
13.01,0.3333333323708026,0.4652996412839937,0.3333333352583948,1
13.02,0.3333333323852405,0.4679731430775738,0.3333333352295189,1
13.03,0.3333333323994619,0.4706332773621859,0.3333333352010761,1
13.04,0.33333333241347,0.473280110975375,0.33333333517306,1
13.05,0.333333332427268,0.4759137104204981,0.333333335145464,1
13.06,0.3333333324408589,0.4785341418683957,0.3333333351182821,1
13.07,0.3333333324542461,0.4811414711590537,0.3333333350915079,1
13.08,0.3333333324674324,0.4837357638032584,0.3333333350651353,1
13.09,0.3333333324804209,0.4863170849842421,0.3333333350391583,1
13.1,0.3333333324932146,0.4888854995593209,0.3333333350135709,1
13.11,0.3333333325058164,0.4914410720615243,0.3333333349883673,1
13.12,0.3333333325182291,0.4939838667012167,0.3333333349635418,1
13.13,0.3333333325304557,0.4965139473677106,0.3333333349390887,1
13.14,0.3333333325424988,0.499031377630872,0.3333333349150024,1
13.15,0.3333333325543613,0.5015362207427176,0.3333333348912774,1
13.16,0.3333333325660459,0.5040285396390041,0.3333333348679082,1
13.17,0.3333333325775552,0.5065083969408091,0.3333333348448896,1
13.18,0.3333333325888919,0.508975854956105,0.3333333348222163,1
13.19,0.3333333326000585,0.5114309756813245,0.333333334799883,1
13.2,0.3333333326110576,0.5138738208029179,0.3333333347778847,1
13.21,0.3333333326218917,0.5163044516989033,0.3333333347562165,1
13.22,0.3333333326325634,0.5187229294404088,0.3333333347348733,1
13.23,0.3333333326430749,0.5211293147932067,0.3333333347138502,1
13.24,0.3333333326534288,0.5235236682192407,0.3333333346931424,1
13.25,0.3333333326636274,0.5259060498781445,0.3333333346727453,1
13.26,0.3333333326736729,0.5282765196287538,0.3333333346526541,1
13.27,0.3333333326835679,0.53063513703061,0.3333333346328643,1
13.28,0.3333333326933143,0.5329819613454569,0.3333333346133713,1
13.29,0.3333333327029146,0.5353170515387297,0.3333333345941708,1
13.3,0.3333333327123709,0.537640466281036,0.3333333345752583,1
13.31,0.3333333327216853,0.5399522639496308,0.3333333345566294,1
13.32,0.33333333273086,0.5422525026298827,0.33333333453828,1
13.33,0.3333333327398971,0.5445412401167332,0.3333333345202057,1
13.34,0.3333333327487987,0.5468185339161495,0.3333333345024027,1
13.35,0.3333333327575667,0.5490844412465687,0.3333333344848666,1
13.36,0.3333333327662032,0.5513390190403359,0.3333333344675936,-1
13.37,0.3333333327747102,0.5435823239451342,0.3333333344505797,-1
13.38,0.3333333327830895,0.5358644123254085,0.333333334433821,-1
13.39,0.3333333327913432,0.5281850902637815,0.3333333344173136,-1
13.4,0.333333332799473,0.5205441648124626,0.3333333344010539,-1
13.41,0.333333332807481,0.5129414439884002,0.3333333343850381,-1
13.42,0.3333333328153688,0.5053767367684583,0.3333333343692625,-1
13.43,0.3333333328231382,0.497849853084616,0.3333333343537236,-1
13.44,0.3333333328307911,0.4903606038191929,0.3333333343384177,-1
13.45,0.3333333328383293,0.4829088008000969,0.3333333343233414,-1
13.46,0.3333333328457543,0.4754942567960964,0.3333333343084913,-1
13.47,0.333333332853068,0.4681167855121159,0.3333333342938639,-1
13.48,0.333333332860272,0.4607762015845553,0.333333334279456,-1
13.49,0.3333333328673679,0.4534723205766326,0.3333333342652641,-1
13.5,0.3333333328743574,0.4462049589737494,0.3333333342512852,1
13.51,0.3333333328812421,0.4489739341788807,0.3333333342375159,1
13.52,0.3333333328880234,0.4517290645079862,0.3333333342239532,1
13.53,0.3333333328947031,0.4544704191854463,0.3333333342105939,1
13.54,0.3333333329012825,0.457198067089519,0.3333333341974349,1
13.55,0.3333333329077633,0.4599120767540715,0.3333333341844734,1
13.56,0.3333333329141469,0.4626125163703011,0.3333333341717063,1
13.57,0.3333333329204347,0.4652994537884496,0.3333333341591307,1
13.58,0.3333333329266281,0.4679729565195074,0.3333333341467437,1
13.59,0.3333333329327287,0.4706330917369098,0.3333333341345426,1
13.6,0.3333333329387378,0.4732799262782252,0.3333333341225244,1
13.61,0.3333333329446567,0.4759135266468341,0.3333333341106866,1
13.62,0.3333333329504869,0.4785339590136,0.3333333340990262,1
13.63,0.3333333329562296,0.4811412892185319,0.3333333340875408,1
13.64,0.3333333329618861,0.4837355827724393,0.3333333340762278,1
13.65,0.3333333329674578,0.4863169048585771,0.3333333340650844,1
13.66,0.3333333329729459,0.4888853203342842,0.3333333340541081,1
13.67,0.3333333329783517,0.4914408937326128,0.3333333340432966,1
13.68,0.3333333329836765,0.4939836892639498,0.3333333340326471,1
13.69,0.3333333329889213,0.49651377081763,0.3333333340221574,1
13.7,0.3333333329940875,0.4990312019635418,0.333333334011825,1
13.71,0.3333333329991762,0.5015360459537241,0.3333333340016476,1
13.72,0.3333333330041886,0.5040283657239555,0.3333333339916228,1
13.73,0.3333333330091258,0.5065082238953357,0.3333333339817485,1
13.74,0.3333333330139889,0.508975682775859,0.3333333339720222,1
13.75,0.333333333018779,0.5114308043619797,0.3333333339624419,1
13.76,0.3333333330234974,0.5138736503401699,0.3333333339530052,1
13.77,0.3333333330281449,0.516304282088469,0.3333333339437101,1
13.78,0.3333333330327228,0.5187227606780267,0.3333333339345544,1
13.79,0.3333333330372319,0.5211291468746365,0.3333333339255361,1
13.8,0.3333333330416735,0.5235235011402634,0.3333333339166531,1
13.81,0.3333333330460483,0.525905883634562,0.3333333339079033,1
13.82,0.3333333330503576,0.5282763542163892,0.3333333338992848,1
13.83,0.3333333330546023,0.5306349724453072,0.3333333338907954,1
13.84,0.3333333330587833,0.5329817975830807,0.3333333338824335,1
13.85,0.3333333330629015,0.5353168885951654,0.3333333338741969,1
13.86,0.333333333066958,0.5376403041521896,0.333333333866084,1
13.87,0.3333333330709536,0.5399521026314286,0.3333333338580927,1
13.88,0.3333333330748893,0.5422523421182714,0.3333333338502213,1
13.89,0.333333333078766,0.5445410804076801,0.333333333842468,1
13.9,0.3333333330825845,0.5468183750056417,0.333333333834831,1
13.91,0.3333333330863457,0.5490842831306134,0.3333333338273086,1
13.92,0.3333333330900505,0.5513388617149604,0.3333333338198989,-1
13.93,0.3333333330936998,0.5435821674063855,0.3333333338126004,-1
13.94,0.3333333330972943,0.5358642565693537,0.3333333338054114,-1
13.95,0.3333333331008349,0.5281849352865069,0.3333333337983302,-1
13.96,0.3333333331043224,0.5205440106100744,0.3333333337913552,-1
13.97,0.3333333331077575,0.512941290557024,0.3333333337844849,-1
13.98,0.3333333331111412,0.5053765841042388,0.3333333337777177,-1
13.99,0.3333333331144741,0.4978497011837176,0.3333333337710519,-1
14,0.3333333331177569,0.490360452677799,0.3333333337644862,-1
14.01,0.3333333331209906,0.4829086504144101,0.3333333337580189,-1
14.02,0.3333333331241757,0.475494107162338,0.3333333337516486,-1
14.03,0.3333333331273131,0.4681166366265264,0.3333333337453739,-1
14.04,0.3333333331304034,0.4607760534433937,0.3333333337391933,-1
14.05,0.3333333331334473,0.4534721731761768,0.3333333337331054,-1
14.06,0.3333333331364456,0.4462048123102959,0.3333333337271088,1
14.07,0.3333333331393989,0.4489737882487445,0.3333333337212022,1
14.08,0.3333333331423079,0.4517289193075008,0.3333333337153842,1
14.09,0.3333333331451733,0.4544702747109632,0.3333333337096535,1
14.1,0.3333333331479957,0.4571979233374084,0.3333333337040086,1
14.11,0.3333333331507757,0.4599119337207214,0.3333333336984485,1
14.12,0.3333333331535141,0.4626123740521178,0.3333333336929718,1
14.13,0.3333333331562114,0.4652993121818572,0.3333333336875772,1
14.14,0.3333333331588682,0.4679728156209479,0.3333333336822636,1
14.15,0.3333333331614852,0.4706329515428432,0.3333333336770297,1
14.16,0.3333333331640629,0.4732797867851289,0.3333333336718742,1
14.17,0.333333333166602,0.4759133878512033,0.3333333336667961,1
14.18,0.3333333331691029,0.4785338209119473,0.3333333336617942,1
14.19,0.3333333331715664,0.4811411518073875,0.3333333336568672,1
14.2,0.3333333331739929,0.4837354460483506,0.3333333336520142,1
14.21,0.333333333176383,0.4863167688181089,0.3333333336472341,1
14.22,0.3333333331787372,0.4888851849740183,0.3333333336425256,1
14.23,0.3333333331810561,0.4914407590491482,0.3333333336378878,1
14.24,0.3333333331833403,0.4939835552539025,0.3333333336333194,1
14.25,0.3333333331855902,0.496513637477633,0.3333333336288196,1
14.26,0.3333333331878064,0.4990310692902448,0.3333333336243872,1
14.27,0.3333333331899893,0.5015359139437936,0.3333333336200214,1
14.28,0.3333333331921395,0.5040282343740746,0.333333333615721,1
14.29,0.3333333331942574,0.5065080932022042,0.3333333336114852,1
14.3,0.3333333331963436,0.5089755527361932,0.3333333336073129,1
14.31,0.3333333331983984,0.5114306749725123,0.3333333336032032,1
14.32,0.3333333332004225,0.5138735215976497,0.3333333335991551,1
14.33,0.3333333332024161,0.5163041539896615,0.3333333335951677,1
14.34,0.3333333332043799,0.5187226332197131,0.3333333335912402,1
14.35,0.3333333332063142,0.5211290200536146,0.3333333335873716,1
14.36,0.3333333332082195,0.5235233749533466,0.333333333583561,1
14.37,0.3333333332100962,0.5259057580785799,0.3333333335798075,1
14.38,0.3333333332119448,0.528276229288187,0.3333333335761104,1
14.39,0.3333333332137656,0.530634848141746,0.3333333335724687,1
14.4,0.3333333332155591,0.5329816739010372,0.3333333335688817,1
14.41,0.3333333332173257,0.5353167655315321,0.3333333335653486,1
14.42,0.3333333332190658,0.5376401817038744,0.3333333335618683,1
14.43,0.3333333332207798,0.539951980795355,0.3333333335584403,1
14.44,0.3333333332224682,0.5422522208913783,0.3333333335550637,1
14.45,0.3333333332241312,0.5445409597869214,0.3333333335517377,1
14.46,0.3333333332257692,0.5468182549879868,0.3333333335484616,1
14.47,0.3333333332273827,0.5490841637130468,0.3333333335452346,1
14.48,0.333333333228972,0.5513387428944816,0.3333333335420561,-1
14.49,0.3333333332305374,0.5435820491800092,0.3333333335389252,-1
14.5,0.3333333332320793,0.5358641389341091,0.3333333335358414,-1
14.51,0.3333333332335981,0.5281848182394385,0.3333333335328038,-1
14.52,0.3333333332350941,0.5205438941482413,0.3333333335298118,-1
14.53,0.3333333332365677,0.5129411746775001,0.3333333335268646,-1
14.54,0.3333333332380192,0.5053764688041126,0.3333333335239616,-1
14.55,0.3333333332394489,0.497849586460092,0.3333333335211022,-1
14.56,0.3333333332408572,0.4903603385277916,0.3333333335182856,-1
14.57,0.3333333332422443,0.4829085368351526,0.3333333335155113,-1
14.58,0.3333333332436107,0.4754939941509769,0.3333333335127786,-1
14.59,0.3333333332449565,0.468116524180222,0.333333333510087,-1
14.6,0.3333333332462822,0.4607759415593209,0.3333333335074357,-1
14.61,0.333333333247588,0.4534720618515243,0.3333333335048241,-1
14.62,0.3333333332488742,0.4462047015422667,0.3333333335022517,1
14.63,0.333333333250141,0.4489736780345553,0.3333333334997179,1
14.64,0.3333333332513889,0.4517288096443826,0.3333333334972222,1
14.65,0.3333333332526181,0.4544701655961607,0.3333333334947638,1
14.66,0.3333333332538289,0.4571978147681798,0.3333333334923423,1
14.67,0.3333333332550214,0.4599118256943389,0.3333333334899572,1
14.68,0.3333333332561961,0.4626122665658672,0.3333333334876079,1
14.69,0.3333333332573531,0.4652992052330379,0.3333333334852937,1
14.7,0.3333333332584928,0.4679727092068727,0.3333333334830143,1
14.71,0.3333333332596154,0.4706328456608384,0.3333333334807691,1
14.72,0.3333333332607212,0.4732796814325342,0.3333333334785575,1
14.73,0.3333333332618104,0.4759132830253715,0.3333333334763792,1
14.74,0.3333333332628833,0.4785337166102446,0.3333333334742334,1
14.75,0.33333333326394,0.4811410480271934,0.3333333334721199,1
14.76,0.3333333332649809,0.4837353427870575,0.3333333334700381,1
14.77,0.3333333332660062,0.4863166660731222,0.3333333334679875,1
14.78,0.3333333332670161,0.4888850827427565,0.3333333334659677,1
14.79,0.3333333332680109,0.4914406573290427,0.3333333334639782,1
14.8,0.3333333332689907,0.4939834540423975,0.3333333334620185,1
14.81,0.3333333332699558,0.4965135367721855,0.3333333334600883,1
14.82,0.3333333332709065,0.4990309690883246,0.3333333334581869,1
14.83,0.3333333332718429,0.501535814242883,0.3333333334563141,1
14.84,0.3333333332727653,0.5040281351716686,0.3333333334544694,1
14.85,0.3333333332736738,0.5065079944958102,0.3333333334526524,1
14.86,0.3333333332745687,0.5089754545233312,0.3333333334508626,1
14.87,0.3333333332754502,0.5114305772507145,0.3333333334490997,1
14.88,0.3333333332763184,0.5138734243644609,0.3333333334473632,1
14.89,0.3333333332771736,0.5163040572426386,0.3333333334456527,1
14.9,0.333333333278016,0.5187225369564255,0.333333333443968,1
14.91,0.3333333332788458,0.5211289242716434,0.3333333334423084,1
14.92,0.3333333332796631,0.5235232796502851,0.3333333334406738,1
14.93,0.3333333332804682,0.5259056632520337,0.3333333334390637,1
14.94,0.3333333332812611,0.5282761349357735,0.3333333334374777,1
14.95,0.3333333332820422,0.5306347542610946,0.3333333334359155,1
14.96,0.3333333332828116,0.5329815804897892,0.3333333334343768,1
14.97,0.3333333332835695,0.5353166725873402,0.3333333334328611,1
14.98,0.3333333332843159,0.5376400892244034,0.3333333334313682,1
14.99,0.3333333332850512,0.5399518887782814,0.3333333334298977,1
15,0.3333333332857754,0.5422521293343899,0.3333333334284492,1
15.01,0.3333333332864888,0.544540868687718,0.3333333334270224,1
15.02,0.3333333332871914,0.5468181643442794,0.3333333334256171,1
15.03,0.3333333332878836,0.5490840735225581,0.3333333334242329,1
15.04,0.3333333332885653,0.5513386531549452,0.3333333334228694,-1
15.05,0.3333333332892368,0.5435819598891705,0.3333333334215264,-1
15.06,0.3333333332898983,0.5358640500897246,0.3333333334202034,-1
15.07,0.3333333332905498,0.528184729839276,0.3333333334189004,-1
15.08,0.3333333332911916,0.5205438061900797,0.3333333334176168,-1
15.09,0.3333333332918237,0.5129410871591292,0.3333333334163526,-1
15.1,0.3333333332924464,0.5053763817233335,0.3333333334151073,-1
15.11,0.3333333332930596,0.4978494998147169,0.3333333334138807,-1
15.12,0.3333333332936638,0.4903602523156433,0.3333333334126725,-1
15.13,0.3333333332942588,0.482908451054065,0.3333333334114824,-1
15.14,0.3333333332948449,0.4754939087987947,0.3333333334103101,-1
15.15,0.3333333332954223,0.4681164392548007,0.3333333334091555,-1
15.16,0.3333333332959909,0.4607758570585267,0.3333333334080182,-1
15.17,0.3333333332965511,0.4534719777732341,0.3333333334068979,-1
15.18,0.3333333332971028,0.4462046178843679,0.3333333334057944,1
15.19,0.3333333332976463,0.4489735947949461,0.3333333334047075,1
15.2,0.3333333332981815,0.4517287268209714,0.3333333334036369,1
15.21,0.3333333332987088,0.4544700831868665,0.3333333334025823,1
15.22,0.3333333332992282,0.4571977327709322,0.3333333334015436,1
15.23,0.3333333332997398,0.4599117441070775,0.3333333334005204,1
15.24,0.3333333333002437,0.4626121853865421,0.3333333333995125,1
15.25,0.3333333333007401,0.4652991244596094,0.3333333333985199,1
15.26,0.3333333333012289,0.4679726288373114,0.3333333333975421,1
15.27,0.3333333333017105,0.4706327656931248,0.333333333396579,1
15.28,0.3333333333021848,0.4732796018646592,0.3333333333956303,1
15.29,0.3333333333026521,0.4759132038553359,0.3333333333946958,1
15.3,0.3333333333031123,0.4785336378360592,0.3333333333937754,1
15.31,0.3333333333035656,0.4811409696468789,0.3333333333928687,1
15.32,0.3333333333040122,0.4837352647986445,0.3333333333919757,1
15.33,0.333333333304452,0.4863165884746513,0.3333333333910961,1
15.34,0.3333333333048852,0.488885005532278,0.3333333333902296,1
15.35,0.3333333333053119,0.4914405805046166,0.3333333333893762,1
15.36,0.3333333333057322,0.4939833776020935,0.3333333333885355,1
15.37,0.3333333333061462,0.4965134607140831,0.3333333333877075,1
15.38,0.333333333306554,0.4990308934105127,0.333333333386892,1
15.39,0.3333333333069557,0.50153573894346,0.3333333333860886,1
15.4,0.3333333333073514,0.5040280602487427,0.3333333333852972,1
15.41,0.3333333333077411,0.506507919947499,0.3333333333845178,1
15.42,0.333333333308125,0.5089753803477615,0.33333333338375,1
15.43,0.3333333333085031,0.5114305034460227,0.3333333333829938,1
15.44,0.3333333333088756,0.5138733509287926,0.3333333333822488,1
15.45,0.3333333333092425,0.5163039841741487,0.3333333333815151,1
15.46,0.3333333333096039,0.5187224642532779,0.3333333333807923,1
15.47,0.3333333333099598,0.5211288519320115,0.3333333333800804,1
15.48,0.3333333333103104,0.5235232076723515,0.3333333333793792,1
15.49,0.3333333333106557,0.5259055916339898,0.3333333333786885,1
15.5,0.3333333333109959,0.5282760636758198,0.3333333333780082,1
15.51,0.333333333311331,0.5306346833574407,0.3333333333773381,1
15.52,0.333333333311661,0.5329815099406535,0.333333333376678,1
15.53,0.3333333333119861,0.5353166023909502,0.3333333333760279,1
15.54,0.3333333333123062,0.5376400193789955,0.3333333333753875,1
15.55,0.3333333333126217,0.5399518192821006,0.3333333333747567,1
15.56,0.3333333333129324,0.5422520601856901,0.3333333333741353,1
15.57,0.3333333333132384,0.5445407998847616,0.3333333333735232,1
15.58,0.3333333333135398,0.5468180958853378,0.3333333333729204,1
15.59,0.3333333333138367,0.5490840054059111,0.3333333333723265,1
15.6,0.3333333333141292,0.5513385853788815,0.3333333333717416,-1
15.61,0.3333333333144172,0.5435818924519871,0.3333333333711656,-1
15.62,0.3333333333147009,0.5358639829897272,0.3333333333705981,-1
15.63,0.3333333333149804,0.5281846630747785,0.3333333333700391,-1
15.64,0.3333333333152557,0.5205437397594046,0.3333333333694886,-1
15.65,0.3333333333155269,0.5129410210606076,0.3333333333689462,-1
15.66,0.333333333315794,0.5053763159553045,0.333333333368412,-1
15.67,0.3333333333160571,0.497849434375528,0.3333333333678858,-1
15.68,0.3333333333163162,0.4903601872036503,0.3333333333673676,-1
15.69,0.3333333333165714,0.4829083862676321,0.3333333333668571,-1
15.7,0.3333333333168229,0.4754938443362939,0.3333333333663543,-1
15.71,0.3333333333170705,0.4681163751146124,0.333333333365859,-1
15.72,0.3333333333173144,0.4607757932390393,0.3333333333653712,-1
15.73,0.3333333333175547,0.4534719142728441,0.3333333333648906,-1
15.74,0.3333333333177914,0.4462045547014799,0.3333333333644172,1
15.75,0.3333333333180246,0.4489735319279725,0.3333333333639509,1
15.76,0.3333333333182542,0.4517286642683326,0.3333333333634916,1
15.77,0.3333333333184804,0.454470020946991,0.3333333333630392,1
15.78,0.3333333333187032,0.457197670842256,0.3333333333625936,1
15.79,0.3333333333189226,0.4599116824880447,0.3333333333621548,1
15.8,0.3333333333191388,0.4626121240756045,0.3333333333617224,1
15.81,0.3333333333193517,0.4652990634552265,0.3333333333612966,1
15.82,0.3333333333195614,0.4679725681379504,0.3333333333608771,1
15.83,0.333333333319768,0.4706327052972606,0.333333333360464,1
15.84,0.3333333333199715,0.4732795417707743,0.333333333360057,1
15.85,0.333333333320172,0.4759131440619204,0.3333333333596561,1
15.86,0.3333333333203694,0.4785335783416108,0.3333333333592613,1
15.87,0.3333333333205638,0.4811409104499028,0.3333333333588724,1
15.88,0.3333333333207554,0.4837352058976532,0.3333333333584892,1
15.89,0.3333333333209441,0.486316529868165,0.3333333333581119,1
15.9,0.3333333333211299,0.4888849472188241,0.3333333333577402,1
15.91,0.333333333321313,0.49144052248273,0.333333333357374,1
15.92,0.3333333333214933,0.4939833198703164,0.3333333333570134,1
15.93,0.3333333333216709,0.4965134032709648,0.3333333333566583,1
15.94,0.3333333333218458,0.4990308362546099,0.3333333333563084,1
15.95,0.3333333333220181,0.5015356820733369,0.3333333333559638,1
15.96,0.3333333333221878,0.5040280036629702,0.3333333333556243,1
15.97,0.333333333322355,0.5065078636446553,0.3333333333552899,1
15.98,0.3333333333225197,0.508975324326432,0.3333333333549605,1
15.99,0.3333333333226819,0.5114304477047998,0.3333333333546361,1
16,0.3333333333228417,0.5138732954662758,0.3333333333543166,1
16.01,0.3333333333229991,0.5163039289889444,0.3333333333540018,1
16.02,0.3333333333231541,0.5187224093439997,0.3333333333536919,1
16.03,0.3333333333233068,0.5211287972972797,0.3333333333533864,1
16.04,0.3333333333234572,0.5235231533107932,0.3333333333530857,1
16.05,0.3333333333236053,0.5259055375442393,0.3333333333527894,1
16.06,0.3333333333237513,0.5282760098565181,0.3333333333524975,1
16.07,0.333333333323895,0.5306346298072355,0.33333333335221,1
16.08,0.3333333333240365,0.5329814566581993,0.3333333333519269,1
16.09,0.333333333324176,0.5353165493749082,0.3333333333516481,1
16.1,0.3333333333243133,0.5376399666280337,0.3333333333513734,1
16.11,0.3333333333244486,0.5399517667948935,0.3333333333511028,1
16.12,0.3333333333245819,0.5422520079609191,0.3333333333508363,1
16.13,0.3333333333247132,0.5445407479211145,0.3333333333505737,1
16.14,0.3333333333248424,0.5468180441815089,0.3333333333503151,1
16.15,0.3333333333249698,0.5490839539606014,0.3333333333500604,1
16.16,0.3333333333250952,0.5513385341907984,0.3333333333498095,-1
16.17,0.3333333333252188,0.5435818415198443,0.3333333333495624,-1
16.18,0.3333333333253405,0.5358639323122452,0.3333333333493189,-1
16.19,0.3333333333254604,0.5281846126506839,0.3333333333490791,-1
16.2,0.3333333333255785,0.5205436895874306,0.333333333348843,-1
16.21,0.3333333333256948,0.5129409711394934,0.3333333333486104,-1
16.22,0.3333333333258094,0.5053762662837959,0.3333333333483812,-1
16.23,0.3333333333259222,0.497849384952377,0.3333333333481555,-1
16.24,0.3333333333260334,0.4903601380276151,0.3333333333479331,-1
16.25,0.333333333326143,0.482908337337477,0.3333333333477141,-1
16.26,0.3333333333262508,0.4754937956507896,0.3333333333474984,-1
16.27,0.3333333333263571,0.4681163266725357,0.3333333333472859,-1
16.28,0.3333333333264617,0.460775745039173,0.3333333333470766,-1
16.29,0.3333333333265648,0.4534718663139771,0.3333333333468704,-1
16.3,0.3333333333266663,0.4462045069824072,0.3333333333466674,1
16.31,0.3333333333267663,0.4489734844474952,0.3333333333464673,1
16.32,0.3333333333268649,0.4517286170252577,0.3333333333462702,1
16.33,0.3333333333269619,0.4544699739401314,0.3333333333460762,1
16.34,0.3333333333270575,0.4571976240704307,0.333333333345885,1
16.35,0.3333333333271516,0.4599116359500786,0.3333333333456967,1
16.36,0.3333333333272444,0.4626120777703282,0.3333333333455113,1
16.37,0.3333333333273357,0.4652990173814766,0.3333333333453287,1
16.38,0.3333333333274257,0.4679725222945691,0.3333333333451487,1
16.39,0.3333333333275142,0.4706326596830963,0.3333333333449715,1
16.4,0.3333333333276015,0.4732794963846808,0.333333333344797,1
16.41,0.3333333333276875,0.4759130989027574,0.333333333344625,1
16.42,0.3333333333277722,0.4785335334082436,0.3333333333444556,1
16.43,0.3333333333278556,0.4811408657412024,0.3333333333442887,1
16.44,0.3333333333279378,0.4837351614124964,0.3333333333441244,1
16.45,0.3333333333280187,0.4863164856054339,0.3333333333439625,1
16.46,0.3333333333280984,0.4888849031774067,0.3333333333438031,1
16.47,0.333333333328177,0.4914404786615197,0.333333333343646,1
16.48,0.3333333333282543,0.4939832762682121,0.3333333333434914,1
16.49,0.3333333333283305,0.496513359886871,0.333333333343339,1
16.5,0.3333333333284055,0.4990307930874366,0.3333333333431889,1
16.51,0.3333333333284795,0.5015356391219995,0.333333333343041,1
16.52,0.3333333333285523,0.5040279609263895,0.3333333333428954,1
16.53,0.333333333328624,0.5065078211217575,0.3333333333427519,1
16.54,0.3333333333286947,0.5089752820161487,0.3333333333426106,1
16.55,0.3333333333287642,0.511430405606068,0.3333333333424715,1
16.56,0.3333333333288328,0.5138732535780377,0.3333333333423344,1
16.57,0.3333333333289003,0.5163038873101475,0.3333333333421994,1
16.58,0.3333333333289668,0.5187223678735968,0.3333333333420664,1
16.59,0.3333333333290323,0.5211287560342288,0.3333333333419354,1
16.6,0.3333333333290968,0.5235231122540577,0.3333333333418064,1
16.61,0.3333333333291604,0.5259054966927874,0.3333333333416792,1
16.62,0.333333333329223,0.5282759692093235,0.333333333341554,1
16.63,0.3333333333292847,0.5306345893632769,0.3333333333414307,1
16.64,0.3333333333293454,0.5329814164164605,0.3333333333413092,1
16.65,0.3333333333294052,0.5353165093343781,0.3333333333411895,1
16.66,0.3333333333294641,0.5376399267877062,0.3333333333410717,1
16.67,0.3333333333295222,0.5399517271537677,0.3333333333409556,1
16.68,0.3333333333295794,0.5422519685179988,0.3333333333408413,1
16.69,0.3333333333296357,0.5445407086754088,0.3333333333407287,1
16.7,0.3333333333296911,0.5468180051320318,0.3333333333406178,1
16.71,0.3333333333297457,0.5490839151063717,0.3333333333405085,1
16.72,0.3333333333297995,0.5513384955308398,0.3333333333404009,-1
16.73,0.3333333333298525,0.5435818030531856,0.3333333333402949,-1
16.74,0.3333333333299048,0.5358638940379197,0.3333333333401904,-1
16.75,0.3333333333299562,0.52818457456773,0.3333333333400876,-1
16.76,0.3333333333300069,0.5205436516948914,0.3333333333399863,-1
16.77,0.3333333333300568,0.5129409334364169,0.3333333333398865,-1
16.78,0.3333333333301059,0.5053762287692348,0.3333333333397882,-1
16.79,0.3333333333301543,0.4978493476253886,0.3333333333396914,-1
16.8,0.333333333330202,0.4903601008872617,0.333333333339596,-1
16.81,0.3333333333302489,0.4829083003828253,0.3333333333395021,-1
16.82,0.3333333333302952,0.4754937588809112,0.3333333333394096,-1
16.83,0.3333333333303408,0.4681162900865067,0.3333333333393185,-1
16.84,0.3333333333303857,0.4607757086360741,0.3333333333392287,-1
16.85,0.3333333333304299,0.4534718300928938,0.3333333333391402,-1
16.86,0.3333333333304735,0.4462044709424293,0.333333333339053,1
16.87,0.3333333333305164,0.4489734485877171,0.3333333333389672,1
16.88,0.3333333333305586,0.4517285813447786,0.3333333333388827,1
16.89,0.3333333333306003,0.4544699384380547,0.3333333333387994,1
16.9,0.3333333333306413,0.4571975887458644,0.3333333333387174,1
16.91,0.3333333333306817,0.4599116008021351,0.3333333333386367,1
16.92,0.3333333333307215,0.4626120427981245,0.3333333333385571,1
16.93,0.3333333333307607,0.4652989825841338,0.3333333333384787,1
16.94,0.3333333333307992,0.4679724876712131,0.3333333333384015,1
16.95,0.3333333333308373,0.4706326252328571,0.3333333333383255,1
16.96,0.3333333333308747,0.4732794621066928,0.3333333333382507,1
16.97,0.3333333333309115,0.4759130647961594,0.3333333333381769,1
16.98,0.3333333333309478,0.4785334994721785,0.3333333333381043,1
16.99,0.3333333333309836,0.4811408319748177,0.3333333333380327,1
17,0.3333333333310189,0.4837351278149436,0.3333333333379622,1
17.01,0.3333333333310536,0.4863164521758689,0.3333333333378928,1
17.02,0.3333333333310878,0.4888848699149895,0.3333333333378244,1
17.03,0.3333333333311215,0.4914404455654146,0.3333333333377571,1
17.04,0.3333333333311547,0.4939832433375875,0.3333333333376907,1
17.05,0.3333333333311874,0.4965133271208996,0.3333333333376253,1
17.06,0.3333333333312196,0.4990307604852951,0.3333333333375609,1
17.07,0.3333333333312513,0.5015356066828687,0.3333333333374975,1
17.08,0.3333333333312825,0.5040279286494543,0.333333333337435,1
17.09,0.3333333333313133,0.5065077890062071,0.3333333333373735,1
17.1,0.3333333333313436,0.5089752500611761,0.3333333333373129,1
17.11,0.3333333333313734,0.5114303738108702,0.3333333333372531,1
17.12,0.3333333333314029,0.5138732219418158,0.3333333333371943,1
17.13,0.3333333333314318,0.5163038558321068,0.3333333333371363,1
17.14,0.3333333333314604,0.5187223365529463,0.3333333333370793,1
17.15,0.3333333333314885,0.5211287248701816,0.3333333333370231,1
17.16,0.3333333333315162,0.5235230812458307,0.3333333333369677,1
17.17,0.3333333333315434,0.5259054658396015,0.3333333333369132,1
17.18,0.3333333333315703,0.5282759385104036,0.3333333333368594,1
17.19,0.3333333333315967,0.5306345588178515,0.3333333333368066,1
17.2,0.3333333333316227,0.5329813860237622,0.3333333333367545,1
17.21,0.3333333333316484,0.5353164790936434,0.3333333333367032,1
17.22,0.3333333333316736,0.5376398966981752,0.3333333333366527,1
17.23,0.3333333333316985,0.5399516972146844,0.333333333336603,1
17.24,0.333333333331723,0.542251938728611,0.3333333333365539,1
17.25,0.3333333333317472,0.5445406790349679,0.3333333333365056,1
17.26,0.333333333331771,0.5468179756397931,0.333333333336458,1
17.27,0.3333333333317944,0.5490838857615941,0.3333333333364111,1
17.28,0.3333333333318175,0.551338466332786,0.3333333333363649,-1
17.29,0.3333333333318403,0.5435817740011221,0.3333333333363194,-1
17.3,0.3333333333318627,0.5358638651311165,0.3333333333362747,-1
17.31,0.3333333333318847,0.5281845458054609,0.3333333333362306,-1
17.32,0.3333333333319064,0.5205436230764336,0.3333333333361872,-1
17.33,0.3333333333319278,0.5129409049610515,0.3333333333361443,-1
17.34,0.3333333333319489,0.5053762004362462,0.3333333333361022,-1
17.35,0.3333333333319697,0.497849319434065,0.3333333333360606,-1
17.36,0.3333333333319901,0.4903600728368946,0.3333333333360198,-1
17.37,0.3333333333320103,0.4829082724727102,0.3333333333359795,-1
17.38,0.3333333333320301,0.4754937311103467,0.3333333333359397,-1
17.39,0.3333333333320497,0.4681162624547949,0.3333333333359007,-1
17.4,0.3333333333320689,0.4607756811425209,0.3333333333358621,-1
17.41,0.3333333333320879,0.4534718027368083,0.3333333333358242,-1
17.42,0.3333333333321066,0.4462044437231243,0.3333333333357867,1
17.43,0.333333333332125,0.4489734215045086,0.33333333333575,1
17.44,0.3333333333321432,0.4517285543969861,0.3333333333357137,1
17.45,0.333333333332161,0.4544699116250012,0.3333333333356779,1
17.46,0.3333333333321786,0.4571975620668762,0.3333333333356427,1
17.47,0.3333333333321959,0.4599115742565418,0.3333333333356081,1
17.48,0.333333333332213,0.4626120163852591,0.333333333335574,1
17.49,0.3333333333322298,0.4652989563033328,0.3333333333355404,1
17.5,0.3333333333322464,0.4679724615218162,0.3333333333355073,1
17.51,0.3333333333322627,0.4706325992142071,0.3333333333354747,1
17.52,0.3333333333322787,0.4732794362181361,0.3333333333354426,1
17.53,0.3333333333322945,0.4759130390370454,0.3333333333354109,1
17.54,0.3333333333323101,0.4785334738418602,0.3333333333353797,1
17.55,0.3333333333323255,0.4811408064726509,0.3333333333353491,1
17.56,0.3333333333323406,0.4837351024402877,0.3333333333353189,1
17.57,0.3333333333323554,0.4863164269280862,0.3333333333352891,1
17.58,0.3333333333323701,0.4888848447934458,0.3333333333352598,1
17.59,0.3333333333323845,0.4914404205694786,0.333333333335231,1
17.6,0.3333333333323987,0.4939832184666312,0.3333333333352025,1
17.61,0.3333333333324128,0.496513302374298,0.3333333333351745,1
17.62,0.3333333333324266,0.4990307358624265,0.3333333333351468,1
17.63,0.3333333333324402,0.5015355821831143,0.3333333333351196,1
17.64,0.3333333333324536,0.5040279042721988,0.3333333333350929,1
17.65,0.3333333333324668,0.5065077647508378,0.3333333333350664,1
17.66,0.3333333333324798,0.5089752259270837,0.3333333333350404,1
17.67,0.3333333333324926,0.5114303497974483,0.3333333333350148,1
17.68,0.3333333333325052,0.513873198048461,0.3333333333349896,1
17.69,0.3333333333325176,0.5163038320582187,0.3333333333349647,1
17.7,0.3333333333325298,0.5187223128979276,0.3333333333349403,1
17.71,0.3333333333325419,0.5211287013334379,0.3333333333349162,1
17.72,0.3333333333325538,0.5235230578267708,0.3333333333348925,1
17.73,0.3333333333325655,0.5259054425376369,0.333333333334869,1
17.74,0.333333333332577,0.5282759153249488,0.333333333334846,1
17.75,0.3333333333325883,0.530634535748324,0.3333333333348234,1
17.76,0.3333333333325995,0.5329813630695823,0.3333333333348011,1
17.77,0.3333333333326104,0.5353164562542344,0.3333333333347791,1
17.78,0.3333333333326213,0.5376398739729632,0.3333333333347575,1
17.79,0.3333333333326319,0.5399516746030983,0.3333333333347361,1
17.8,0.3333333333326425,0.5422519162300828,0.333333333334715,1
17.81,0.3333333333326529,0.5445406566489325,0.3333333333346943,1
17.82,0.3333333333326631,0.5468179533656878,0.3333333333346739,1
17.83,0.3333333333326731,0.5490838635988594,0.3333333333346538,1
17.84,0.333333333332683,0.5513384442808651,0.333333333334634,-1
17.85,0.3333333333326928,0.5435817520594608,0.3333333333346145,-1
17.86,0.3333333333327024,0.5358638432991635,0.3333333333345952,-1
17.87,0.3333333333327118,0.5281845240826677,0.3333333333345764,-1
17.88,0.3333333333327211,0.5205436014622543,0.3333333333345577,-1
17.89,0.3333333333327303,0.512940883454943,0.3333333333345394,-1
17.9,0.3333333333327393,0.5053761790376683,0.3333333333345213,-1
17.91,0.3333333333327483,0.49784929814248,0.3333333333345034,-1
17.92,0.3333333333327571,0.4903600516517675,0.3333333333344859,-1
17.93,0.3333333333327657,0.4829082513935087,0.3333333333344686,-1
17.94,0.3333333333327742,0.4754937101365412,0.3333333333344516,-1
17.95,0.3333333333327826,0.4681162415858585,0.3333333333344348,-1
17.96,0.3333333333327909,0.4607756603779292,0.3333333333344183,-1
17.97,0.333333333332799,0.4534717820760395,0.333333333334402,-1
17.98,0.333333333332807,0.4462044231656593,0.333333333334386,1
17.99,0.3333333333328149,0.448973401049831,0.3333333333343702,1
18,0.3333333333328227,0.4517285340445818,0.3333333333343547,1
18.01,0.3333333333328303,0.4544698913743589,0.3333333333343393,1
18.02,0.3333333333328379,0.4571975419174871,0.3333333333343242,1
18.03,0.3333333333328453,0.4599115542078996,0.3333333333343094,1
18.04,0.3333333333328526,0.4626119964368601,0.3333333333342947,1
18.05,0.3333333333328599,0.4652989364546758,0.3333333333342803,1
18.06,0.333333333332867,0.4679724417724025,0.3333333333342661,1
18.07,0.333333333332874,0.4706325795635405,0.3333333333342521,1
18.08,0.3333333333328808,0.4732794166657228,0.3333333333342383,1
18.09,0.3333333333328876,0.4759130195823941,0.3333333333342248,1
18.1,0.3333333333328943,0.4785334544844821,0.3333333333342114,1
18.11,0.3333333333329009,0.4811407872120597,0.3333333333341982,1
18.12,0.3333333333329074,0.4837350832759994,0.3333333333341852,1
18.13,0.3333333333329138,0.4863164078596194,0.3333333333341725,1
18.14,0.33333333333292,0.4888848258203213,0.3333333333341599,1
18.15,0.3333333333329263,0.4914404016912197,0.3333333333341475,1
18.16,0.3333333333329324,0.4939831996827636,0.3333333333341353,1
18.17,0.3333333333329384,0.4965132836843497,0.3333333333341233,1
18.18,0.3333333333329443,0.499030717265928,0.3333333333341114,1
18.19,0.3333333333329501,0.5015355636795983,0.3333333333340998,1
18.2,0.3333333333329559,0.5040278858612003,0.3333333333340882,1
18.21,0.3333333333329616,0.5065077464318943,0.3333333333340769,1
18.22,0.3333333333329671,0.5089752076997348,0.3333333333340658,1
18.23,0.3333333333329726,0.5114303316612361,0.3333333333340548,1
18.24,0.333333333332978,0.5138731800029299,0.333333333334044,1
18.25,0.3333333333329833,0.5163038141029153,0.3333333333340334,1
18.26,0.3333333333329886,0.5187222950324006,0.3333333333340228,1
18.27,0.3333333333329938,0.5211286835572386,0.3333333333340125,1
18.28,0.3333333333329989,0.5235230401394524,0.3333333333340023,1
18.29,0.3333333333330039,0.5259054249387551,0.3333333333339923,1
18.3,0.3333333333330088,0.5282758978140614,0.3333333333339824,1
18.31,0.3333333333330137,0.5306345183249911,0.3333333333339726,1
18.32,0.3333333333330185,0.5329813457333661,0.3333333333339631,1
18.33,0.3333333333330232,0.5353164390046993,0.3333333333339537,1
18.34,0.3333333333330278,0.5376398568096757,0.3333333333339443,1
18.35,0.3333333333330324,0.5399516575256273,0.3333333333339351,1
18.36,0.3333333333330369,0.5422518992379992,0.3333333333339261,1
18.37,0.3333333333330414,0.5445406397418092,0.3333333333339172,1
18.38,0.3333333333330458,0.5468179365431002,0.3333333333339085,1
18.39,0.3333333333330501,0.5490838468603847,0.3333333333338998,1
18.4,0.3333333333330544,0.5513384276260828,0.3333333333338913,-1
18.41,0.3333333333330585,0.5435817354879523,0.3333333333338829,-1
18.42,0.3333333333330626,0.5358638268105126,0.3333333333338747,-1
18.43,0.3333333333330667,0.5281845076764601,0.3333333333338666,-1
18.44,0.3333333333330707,0.5205435851380777,0.3333333333338586,-1
18.45,0.3333333333330746,0.5129408672123874,0.3333333333338507,-1
18.46,0.3333333333330785,0.5053761628763255,0.333333333333843,-1
18.47,0.3333333333330823,0.4978492820619438,0.3333333333338353,-1
18.48,0.3333333333330861,0.4903600356516341,0.3333333333338278,-1
18.49,0.3333333333330898,0.4829082354733759,0.3333333333338203,-1
18.5,0.3333333333330935,0.475493694296009,0.333333333333813,-1
18.51,0.3333333333330971,0.468116225824529,0.3333333333338058,-1
18.52,0.3333333333331007,0.4607756446954063,0.3333333333337987,-1
18.53,0.3333333333331042,0.4534717664719293,0.3333333333337917,-1
18.54,0.3333333333331076,0.4462044076395696,0.3333333333337848,1
18.55,0.333333333333111,0.4489733856013718,0.333333333333778,1
18.56,0.3333333333331143,0.4517285186733649,0.3333333333337714,1
18.57,0.3333333333331176,0.4544698760799981,0.3333333333337648,1
18.58,0.3333333333331208,0.4571975266995981,0.3333333333337584,1
18.59,0.333333333333124,0.4599115390661001,0.333333333333752,1
18.6,0.3333333333331271,0.4626119813707696,0.3333333333337457,1
18.61,0.3333333333331303,0.4652989214639157,0.3333333333337395,1
18.62,0.3333333333331333,0.4679724268565961,0.3333333333337334,1
18.63,0.3333333333331363,0.4706325647223131,0.3333333333337274,1
18.64,0.3333333333331392,0.4732794018987015,0.3333333333337215,1
18.65,0.3333333333331421,0.475913004889208,0.3333333333337157,1
18.66,0.333333333333145,0.478533439864762,0.33333333333371,1
18.67,0.3333333333331479,0.4811407726654382,0.3333333333337043,1
18.68,0.3333333333331506,0.483735068802111,0.3333333333336987,1
18.69,0.3333333333331533,0.4863163934581005,0.3333333333336933,1
18.7,0.3333333333331561,0.48888481149081,0.3333333333336879,1
18.71,0.3333333333331587,0.4914403874333559,0.3333333333336825,1
18.72,0.3333333333331613,0.4939831854961891,0.3333333333336773,1
18.73,0.3333333333331639,0.4965132695687082,0.3333333333336722,1
18.74,0.3333333333331664,0.4990307032208646,0.3333333333336671,1
18.75,0.3333333333331689,0.5015355497047603,0.3333333333336621,1
18.76,0.3333333333331714,0.5040278719562366,0.3333333333336572,1
18.77,0.3333333333331738,0.5065077325964553,0.3333333333336523,1
18.78,0.3333333333331762,0.508975193933473,0.3333333333336476,1
18.79,0.3333333333331785,0.5114303179638057,0.3333333333336429,1
18.8,0.3333333333331809,0.5138731663739866,0.3333333333336382,1
18.81,0.3333333333331832,0.5163038005421167,0.3333333333336337,1
18.82,0.3333333333331854,0.518722281539406,0.3333333333336291,1
18.83,0.3333333333331877,0.521128670131709,0.3333333333336247,1
18.84,0.3333333333331898,0.5235230267810504,0.3333333333336204,1
18.85,0.333333333333192,0.5259054116471452,0.333333333333616,1
18.86,0.3333333333331941,0.5282758845889095,0.3333333333336118,1
18.87,0.3333333333331962,0.530634505165965,0.3333333333336076,1
18.88,0.3333333333331983,0.5329813326401351,0.3333333333336035,1
18.89,0.3333333333332003,0.5353164259769345,0.3333333333335995,1
18.9,0.3333333333332023,0.5376398438470499,0.3333333333335955,1
18.91,0.3333333333332042,0.5399516446278146,0.3333333333335916,1
18.92,0.3333333333332061,0.5422518864046756,0.3333333333335877,1
18.93,0.333333333333208,0.5445406269726523,0.3333333333335839,1
18.94,0.3333333333332099,0.546817923837789,0.3333333333335802,1
18.95,0.3333333333332117,0.5490838342186001,0.3333333333335765,1
18.96,0.3333333333332136,0.551338415047507,0.3333333333335728,-1
18.97,0.3333333333332154,0.5435817229722695,0.3333333333335693,-1
18.98,0.3333333333332171,0.5358638143574082,0.3333333333335657,-1
18.99,0.3333333333332189,0.5281844952856211,0.3333333333335623,-1
19,0.3333333333332206,0.5205435728091929,0.3333333333335589,-1
19.01,0.3333333333332222,0.512940854945147,0.3333333333335555,-1
19.02,0.3333333333332239,0.5053761506704212,0.3333333333335522,-1
19.03,0.3333333333332256,0.4978492699170691,0.3333333333335489,-1
19.04,0.3333333333332272,0.4903600235674837,0.3333333333335456,-1
19.05,0.3333333333332288,0.4829082234496463,0.3333333333335424,-1
19.06,0.3333333333332303,0.4754936823323981,0.3333333333335393,-1
19.07,0.3333333333332319,0.4681162139207361,0.3333333333335362,-1
19.08,0.3333333333332334,0.4607756328511324,0.3333333333335332,-1
19.09,0.3333333333332349,0.4534717546868768,0.3333333333335302,-1
19.1,0.3333333333332364,0.4462043959134424,0.3333333333335272,1
19.11,0.3333333333332378,0.4489733739338752,0.3333333333335243,1
19.12,0.3333333333332393,0.4517285070642058,0.3333333333335214,1
19.13,0.3333333333332407,0.4544698645288848,0.3333333333335187,1
19.14,0.3333333333332421,0.4571975152062404,0.3333333333335159,1
19.15,0.3333333333332434,0.4599115276302091,0.3333333333335131,1
19.16,0.3333333333332448,0.4626119699920581,0.3333333333335105,1
19.17,0.3333333333332461,0.4652989101420978,0.3333333333335078,1
19.18,0.3333333333332474,0.4679724155913874,0.3333333333335051,1
19.19,0.3333333333332487,0.4706325535134304,0.3333333333335026,1
19.2,0.33333333333325,0.4732793907458633,0.3333333333335,1
19.21,0.3333333333332513,0.475912993792134,0.3333333333334975,1
19.22,0.3333333333332525,0.4785334288231733,0.333333333333495,1
19.23,0.3333333333332537,0.4811407616790574,0.3333333333334926,1
19.24,0.3333333333332549,0.4837350578706622,0.3333333333334901,1
19.25,0.3333333333332561,0.4863163825813089,0.3333333333334878,1
19.26,0.3333333333332573,0.4888848006684023,0.3333333333334855,1
19.27,0.3333333333332584,0.4914403766650604,0.3333333333334831,1
19.28,0.3333333333332595,0.493983174781735,0.3333333333334809,1
19.29,0.3333333333332607,0.4965132589078264,0.3333333333334787,1
19.3,0.3333333333332618,0.4990306926132873,0.3333333333334765,1
19.31,0.3333333333332628,0.5015355391502209,0.3333333333334744,1
19.32,0.3333333333332639,0.5040278614544698,0.3333333333334723,1
19.33,0.3333333333332649,0.5065077221471974,0.3333333333334701,1
19.34,0.3333333333332659,0.5089751835364614,0.3333333333334682,1
19.35,0.3333333333332669,0.5114303076187792,0.3333333333334662,1
19.36,0.3333333333332679,0.5138731560806853,0.3333333333334642,1
19.37,0.3333333333332689,0.5163037903002818,0.3333333333334622,1
19.38,0.3333333333332699,0.5187222713487805,0.3333333333334603,1
19.39,0.3333333333332708,0.5211286599920366,0.3333333333334584,1
19.4,0.3333333333332718,0.5235230166920765,0.3333333333334565,1
19.41,0.3333333333332727,0.5259054016086161,0.3333333333334546,1
19.42,0.3333333333332736,0.528275874600573,0.3333333333334528,1
19.43,0.3333333333332745,0.5306344952275701,0.3333333333334511,1
19.44,0.3333333333332754,0.5329813227514323,0.3333333333334493,1
19.45,0.3333333333332762,0.5353164161376751,0.3333333333334475,1
19.46,0.3333333333332771,0.5376398340569868,0.3333333333334458,1
19.47,0.3333333333332779,0.5399516348867018,0.3333333333334442,1
19.48,0.3333333333332787,0.5422518767122684,0.3333333333334425,1
19.49,0.3333333333332796,0.5445406173287071,0.3333333333334408,1
19.5,0.3333333333332804,0.5468179142420635,0.3333333333334392,1
19.51,0.3333333333332812,0.5490838246708531,0.3333333333334376,1
19.52,0.333333333333282,0.5513384055474989,0.3333333333334361,-1
19.53,0.3333333333332827,0.5435817135197614,0.3333333333334345,-1
19.54,0.3333333333332835,0.5358638049521626,0.333333333333433,-1
19.55,0.3333333333332842,0.5281844859274017,0.3333333333334315,-1
19.56,0.333333333333285,0.5205435634977648,0.3333333333334301,-1
19.57,0.3333333333332857,0.512940845680276,0.3333333333334286,-1
19.58,0.3333333333332864,0.5053761414518746,0.3333333333334272,-1
19.59,0.3333333333332871,0.4978492607446152,0.3333333333334257,-1
19.6,0.3333333333332878,0.4903600144408922,0.3333333333334244,-1
19.61,0.3333333333332885,0.4829082143686877,0.3333333333334231,-1
19.62,0.3333333333332891,0.4754936732968443,0.3333333333334217,-1
19.63,0.3333333333332898,0.46811620493036,0.3333333333334204,-1
19.64,0.3333333333332905,0.4607756239057083,0.3333333333334191,-1
19.65,0.3333333333332911,0.4534717457861797,0.3333333333334177,-1
19.66,0.3333333333332917,0.4462043870572488,0.3333333333334165,1
19.67,0.3333333333332923,0.4489733651219626,0.3333333333334153,1
19.68,0.333333333333293,0.4517284982963528,0.3333333333334141,1
19.69,0.3333333333332936,0.454469855804871,0.3333333333334129,1
19.7,0.3333333333332942,0.4571975065258466,0.3333333333334116,1
19.71,0.3333333333332948,0.4599115189932174,0.3333333333334104,1
19.72,0.3333333333332953,0.4626119613982513,0.3333333333334093,1
19.73,0.3333333333332959,0.46529890159126,0.3333333333334082,1
19.74,0.3333333333332965,0.4679724070833037,0.3333333333334071,1
19.75,0.333333333333297,0.4706325450478872,0.333333333333406,1
19.76,0.3333333333332976,0.4732793823226478,0.3333333333334049,1
19.77,0.3333333333332981,0.4759129854110346,0.3333333333334038,1
19.78,0.3333333333332987,0.4785334204839794,0.3333333333334026,1
19.79,0.3333333333332992,0.4811407533815595,0.3333333333334016,1
19.8,0.3333333333332997,0.4837350496146517,0.3333333333334006,1
19.81,0.3333333333333002,0.4863163743665784,0.3333333333333997,1
19.82,0.3333333333333007,0.4888847924947455,0.3333333333333987,1
19.83,0.3333333333333012,0.4914403685322718,0.3333333333333977,1
19.84,0.3333333333333017,0.4939831666896105,0.3333333333333967,1
19.85,0.3333333333333022,0.4965132508561624,0.3333333333333957,1
19.86,0.3333333333333026,0.4990306846018815,0.3333333333333948,1
19.87,0.3333333333333031,0.5015355311788722,0.3333333333333939,1
19.88,0.3333333333333035,0.5040278535229779,0.333333333333393,1
19.89,0.3333333333333039,0.506507714255363,0.3333333333333921,1
19.9,0.3333333333333044,0.5089751756840862,0.3333333333333912,1
19.91,0.3333333333333048,0.5114302998056658,0.3333333333333903,1
19.92,0.3333333333333053,0.5138731483066374,0.3333333333333894,1
19.93,0.3333333333333057,0.5163037825651042,0.3333333333333885,1
19.94,0.3333333333333061,0.5187222636522787,0.3333333333333878,1
19.95,0.3333333333333065,0.5211286523340173,0.333333333333387,1
19.96,0.3333333333333069,0.5235230090723472,0.3333333333333862,1
19.97,0.3333333333333073,0.5259053940269854,0.3333333333333854,1
19.98,0.3333333333333077,0.5282758670568505,0.3333333333333847,1
19.99,0.3333333333333081,0.5306344877215662,0.3333333333333839,1
20,0.3333333333333084,0.5329813152829583,0.3333333333333831,1
